{
  "type": "Feature",
  "properties": {},
  "geometry": {
    "coordinates": [
      [
        -97.876652,
        30.653725
      ],
      [
        -97.877518,
        30.654053
      ],
      [
        -97.87838,
        30.654371
      ],
      [
        -97.878941,
        30.654578
      ],
      [
        -97.879757,
        30.654888
      ],
      [
        -97.881379,
        30.655451
      ],
      [
        -97.882196,
        30.655734
      ],
      [
        -97.882707,
        30.655913
      ],
      [
        -97.88417,
        30.656426
      ],
      [
        -97.884947,
        30.656709
      ],
      [
        -97.886513,
        30.657242
      ],
      [
        -97.886897,
        30.657376
      ],
      [
        -97.887273,
        30.657506
      ],
      [
        -97.888065,
        30.657781
      ],
      [
        -97.888655,
        30.657986
      ],
      [
        -97.888734,
        30.658013
      ],
      [
        -97.889362,
        30.658252
      ],
      [
        -97.889497,
        30.658303
      ],
      [
        -97.889555,
        30.658326
      ],
      [
        -97.890042,
        30.658511
      ],
      [
        -97.890381,
        30.65864
      ],
      [
        -97.890859,
        30.658827
      ],
      [
        -97.890893,
        30.65884
      ],
      [
        -97.890943,
        30.65886
      ],
      [
        -97.891423,
        30.659053
      ],
      [
        -97.892972,
        30.659675
      ],
      [
        -97.893877,
        30.660039
      ],
      [
        -97.894327,
        30.660194
      ],
      [
        -97.894732,
        30.660343
      ],
      [
        -97.895221,
        30.66054
      ],
      [
        -97.895239,
        30.660547
      ],
      [
        -97.895332,
        30.660585
      ],
      [
        -97.895584,
        30.660692
      ],
      [
        -97.896179,
        30.660928
      ],
      [
        -97.896287,
        30.660969
      ],
      [
        -97.896803,
        30.661182
      ],
      [
        -97.896889,
        30.661217
      ],
      [
        -97.897143,
        30.661321
      ],
      [
        -97.897485,
        30.66146
      ],
      [
        -97.897801,
        30.661587
      ],
      [
        -97.898001,
        30.661674
      ],
      [
        -97.898526,
        30.661901
      ],
      [
        -97.898854,
        30.662038
      ],
      [
        -97.900047,
        30.662537
      ],
      [
        -97.900565,
        30.662759
      ],
      [
        -97.900887,
        30.662898
      ],
      [
        -97.901112,
        30.662994
      ],
      [
        -97.901462,
        30.663144
      ],
      [
        -97.902171,
        30.663477
      ],
      [
        -97.90272,
        30.663721
      ],
      [
        -97.904461,
        30.664523
      ],
      [
        -97.905123,
        30.664826
      ],
      [
        -97.905256,
        30.664894
      ],
      [
        -97.905668,
        30.665102
      ],
      [
        -97.906135,
        30.665337
      ],
      [
        -97.906341,
        30.665441
      ],
      [
        -97.906403,
        30.665473
      ],
      [
        -97.906598,
        30.665572
      ],
      [
        -97.906903,
        30.665727
      ],
      [
        -97.907651,
        30.666108
      ],
      [
        -97.907799,
        30.666184
      ],
      [
        -97.908608,
        30.666596
      ],
      [
        -97.908964,
        30.666777
      ],
      [
        -97.909155,
        30.666874
      ],
      [
        -97.909495,
        30.667047
      ],
      [
        -97.909928,
        30.667268
      ],
      [
        -97.910376,
        30.667496
      ],
      [
        -97.910778,
        30.667693
      ],
      [
        -97.911067,
        30.667835
      ],
      [
        -97.911108,
        30.667855
      ],
      [
        -97.911569,
        30.668097
      ],
      [
        -97.912013,
        30.668322
      ],
      [
        -97.912297,
        30.668466
      ],
      [
        -97.912373,
        30.668505
      ],
      [
        -97.912455,
        30.668547
      ],
      [
        -97.912647,
        30.668644
      ],
      [
        -97.912799,
        30.668721
      ],
      [
        -97.912921,
        30.668783
      ],
      [
        -97.913017,
        30.668832
      ],
      [
        -97.913162,
        30.668906
      ],
      [
        -97.913753,
        30.669206
      ],
      [
        -97.914332,
        30.6695
      ],
      [
        -97.914646,
        30.669658
      ],
      [
        -97.91481,
        30.669742
      ],
      [
        -97.914924,
        30.6698
      ],
      [
        -97.915094,
        30.669886
      ],
      [
        -97.91527,
        30.669975
      ],
      [
        -97.915592,
        30.670138
      ],
      [
        -97.915965,
        30.670328
      ],
      [
        -97.916044,
        30.670368
      ],
      [
        -97.916259,
        30.670477
      ],
      [
        -97.916891,
        30.670797
      ],
      [
        -97.917281,
        30.670995
      ],
      [
        -97.917387,
        30.671049
      ],
      [
        -97.91759,
        30.671152
      ],
      [
        -97.917923,
        30.671329
      ],
      [
        -97.918524,
        30.671648
      ],
      [
        -97.918581,
        30.671678
      ],
      [
        -97.919149,
        30.671953
      ],
      [
        -97.919735,
        30.672237
      ],
      [
        -97.920333,
        30.672527
      ],
      [
        -97.920385,
        30.672554
      ],
      [
        -97.920571,
        30.672651
      ],
      [
        -97.921031,
        30.672891
      ],
      [
        -97.921199,
        30.672979
      ],
      [
        -97.921628,
        30.673202
      ],
      [
        -97.922256,
        30.67352
      ],
      [
        -97.922856,
        30.673824
      ],
      [
        -97.923004,
        30.673898
      ],
      [
        -97.923324,
        30.674057
      ],
      [
        -97.923382,
        30.674086
      ],
      [
        -97.923706,
        30.674264
      ],
      [
        -97.923744,
        30.674283
      ],
      [
        -97.924258,
        30.674531
      ],
      [
        -97.924596,
        30.674666
      ],
      [
        -97.92488,
        30.674779
      ],
      [
        -97.925111,
        30.674841
      ],
      [
        -97.925188,
        30.674862
      ],
      [
        -97.925541,
        30.674958
      ],
      [
        -97.925645,
        30.674984
      ],
      [
        -97.925843,
        30.675033
      ],
      [
        -97.925919,
        30.675049
      ],
      [
        -97.925969,
        30.675059
      ],
      [
        -97.926234,
        30.675114
      ],
      [
        -97.926292,
        30.675126
      ],
      [
        -97.926443,
        30.675146
      ],
      [
        -97.926867,
        30.675201
      ],
      [
        -97.927469,
        30.675217
      ],
      [
        -97.927614,
        30.675219
      ],
      [
        -97.92777,
        30.67522
      ],
      [
        -97.927788,
        30.67522
      ],
      [
        -97.927851,
        30.675221
      ],
      [
        -97.927962,
        30.675214
      ],
      [
        -97.928409,
        30.675183
      ],
      [
        -97.928742,
        30.675146
      ],
      [
        -97.92894,
        30.675123
      ],
      [
        -97.928969,
        30.67512
      ],
      [
        -97.929038,
        30.67511
      ],
      [
        -97.93014,
        30.674948
      ],
      [
        -97.931076,
        30.674811
      ],
      [
        -97.931116,
        30.674806
      ],
      [
        -97.931948,
        30.674691
      ],
      [
        -97.932138,
        30.674676
      ],
      [
        -97.93244,
        30.674653
      ],
      [
        -97.932586,
        30.674642
      ],
      [
        -97.932912,
        30.674637
      ],
      [
        -97.933269,
        30.674627
      ],
      [
        -97.933535,
        30.674628
      ],
      [
        -97.933914,
        30.674654
      ],
      [
        -97.934109,
        30.674676
      ],
      [
        -97.934148,
        30.674681
      ],
      [
        -97.934507,
        30.674725
      ],
      [
        -97.934551,
        30.67473
      ],
      [
        -97.934966,
        30.674796
      ],
      [
        -97.935598,
        30.674896
      ],
      [
        -97.936171,
        30.675015
      ],
      [
        -97.937068,
        30.675202
      ],
      [
        -97.937381,
        30.675268
      ],
      [
        -97.937963,
        30.675389
      ],
      [
        -97.938188,
        30.675447
      ],
      [
        -97.93826,
        30.675466
      ],
      [
        -97.938739,
        30.675596
      ],
      [
        -97.938984,
        30.675667
      ],
      [
        -97.939138,
        30.675711
      ],
      [
        -97.939714,
        30.675889
      ],
      [
        -97.939911,
        30.675961
      ],
      [
        -97.940342,
        30.67612
      ],
      [
        -97.940416,
        30.67615
      ],
      [
        -97.940568,
        30.676212
      ],
      [
        -97.941148,
        30.676448
      ],
      [
        -97.941364,
        30.676537
      ],
      [
        -97.94166,
        30.676664
      ],
      [
        -97.941852,
        30.676746
      ],
      [
        -97.942229,
        30.676908
      ],
      [
        -97.942452,
        30.677003
      ],
      [
        -97.94285,
        30.677174
      ],
      [
        -97.943781,
        30.677573
      ],
      [
        -97.944766,
        30.677995
      ],
      [
        -97.945485,
        30.678303
      ],
      [
        -97.946134,
        30.678572
      ],
      [
        -97.946444,
        30.678691
      ],
      [
        -97.946745,
        30.678802
      ],
      [
        -97.947012,
        30.678891
      ],
      [
        -97.947353,
        30.679006
      ],
      [
        -97.947736,
        30.679105
      ],
      [
        -97.948181,
        30.679225
      ],
      [
        -97.948469,
        30.679291
      ],
      [
        -97.948937,
        30.679386
      ],
      [
        -97.94967,
        30.679533
      ],
      [
        -97.949921,
        30.679582
      ],
      [
        -97.949968,
        30.679591
      ],
      [
        -97.950622,
        30.679703
      ],
      [
        -97.951001,
        30.679772
      ],
      [
        -97.951292,
        30.679826
      ],
      [
        -97.9522,
        30.679996
      ],
      [
        -97.95246,
        30.680045
      ],
      [
        -97.953284,
        30.680205
      ],
      [
        -97.953685,
        30.680291
      ],
      [
        -97.954079,
        30.680388
      ],
      [
        -97.954151,
        30.680407
      ],
      [
        -97.95442,
        30.68048
      ],
      [
        -97.955225,
        30.680739
      ],
      [
        -97.955749,
        30.680933
      ],
      [
        -97.956238,
        30.681129
      ],
      [
        -97.95652,
        30.681248
      ],
      [
        -97.957015,
        30.681486
      ],
      [
        -97.95758,
        30.681777
      ],
      [
        -97.957841,
        30.681916
      ],
      [
        -97.95794,
        30.681969
      ],
      [
        -97.958472,
        30.682296
      ],
      [
        -97.958646,
        30.682408
      ],
      [
        -97.959467,
        30.682932
      ],
      [
        -97.960246,
        30.683431
      ],
      [
        -97.960529,
        30.683633
      ],
      [
        -97.961261,
        30.684097
      ],
      [
        -97.962141,
        30.684653
      ],
      [
        -97.962169,
        30.684671
      ],
      [
        -97.96291,
        30.685151
      ],
      [
        -97.963177,
        30.685324
      ],
      [
        -97.96322,
        30.685351
      ],
      [
        -97.964087,
        30.685916
      ],
      [
        -97.964575,
        30.686224
      ],
      [
        -97.965375,
        30.686744
      ],
      [
        -97.967361,
        30.688017
      ],
      [
        -97.9685,
        30.688763
      ],
      [
        -97.969009,
        30.689073
      ],
      [
        -97.969277,
        30.689236
      ],
      [
        -97.969587,
        30.689417
      ],
      [
        -97.969738,
        30.689507
      ],
      [
        -97.970221,
        30.689767
      ],
      [
        -97.970811,
        30.690059
      ],
      [
        -97.971413,
        30.690332
      ],
      [
        -97.971817,
        30.690514
      ],
      [
        -97.975817,
        30.692237
      ],
      [
        -97.976405,
        30.692495
      ],
      [
        -97.976427,
        30.692504
      ],
      [
        -97.977081,
        30.692814
      ],
      [
        -97.979127,
        30.693822
      ],
      [
        -97.979182,
        30.693848
      ],
      [
        -97.979261,
        30.693887
      ],
      [
        -97.980749,
        30.694611
      ],
      [
        -97.981581,
        30.694992
      ],
      [
        -97.98214,
        30.695233
      ],
      [
        -97.982391,
        30.695335
      ],
      [
        -97.98246,
        30.695363
      ],
      [
        -97.983264,
        30.69569
      ],
      [
        -97.983694,
        30.695865
      ],
      [
        -97.985321,
        30.696521
      ],
      [
        -97.987016,
        30.697204
      ],
      [
        -97.987146,
        30.697256
      ],
      [
        -97.987246,
        30.6973
      ],
      [
        -97.987802,
        30.697548
      ],
      [
        -97.988175,
        30.697737
      ],
      [
        -97.988436,
        30.697885
      ],
      [
        -97.988537,
        30.697942
      ],
      [
        -97.988885,
        30.698163
      ],
      [
        -97.98903,
        30.698262
      ],
      [
        -97.990072,
        30.699055
      ],
      [
        -97.990193,
        30.699151
      ],
      [
        -97.991058,
        30.699838
      ],
      [
        -97.991922,
        30.700526
      ],
      [
        -97.99333,
        30.701646
      ],
      [
        -97.994419,
        30.702457
      ],
      [
        -97.994538,
        30.702542
      ],
      [
        -97.995787,
        30.703455
      ],
      [
        -97.997238,
        30.704497
      ],
      [
        -97.998443,
        30.705345
      ],
      [
        -97.999399,
        30.706006
      ],
      [
        -98.000151,
        30.706544
      ],
      [
        -98.000769,
        30.707055
      ],
      [
        -98.001158,
        30.707392
      ],
      [
        -98.001527,
        30.707744
      ],
      [
        -98.002065,
        30.708294
      ],
      [
        -98.002212,
        30.708444
      ],
      [
        -98.003741,
        30.7103
      ],
      [
        -98.004273,
        30.710883
      ],
      [
        -98.004714,
        30.711367
      ],
      [
        -98.005032,
        30.711746
      ],
      [
        -98.005119,
        30.71185
      ],
      [
        -98.005705,
        30.712548
      ],
      [
        -98.006068,
        30.712981
      ],
      [
        -98.006483,
        30.713475
      ],
      [
        -98.006981,
        30.71407
      ],
      [
        -98.007375,
        30.714539
      ],
      [
        -98.007566,
        30.714767
      ],
      [
        -98.007615,
        30.714825
      ],
      [
        -98.007698,
        30.714924
      ],
      [
        -98.007723,
        30.714954
      ],
      [
        -98.008041,
        30.71533
      ],
      [
        -98.008606,
        30.715999
      ],
      [
        -98.008638,
        30.716036
      ],
      [
        -98.008685,
        30.716093
      ],
      [
        -98.009093,
        30.716582
      ],
      [
        -98.00936,
        30.716902
      ],
      [
        -98.00989,
        30.717536
      ],
      [
        -98.010718,
        30.718521
      ],
      [
        -98.011512,
        30.719453
      ],
      [
        -98.011587,
        30.719541
      ],
      [
        -98.011926,
        30.71991
      ],
      [
        -98.012026,
        30.720019
      ],
      [
        -98.012448,
        30.720422
      ],
      [
        -98.012672,
        30.720635
      ],
      [
        -98.012725,
        30.720686
      ],
      [
        -98.012936,
        30.720882
      ],
      [
        -98.013475,
        30.721362
      ],
      [
        -98.013567,
        30.72143
      ],
      [
        -98.015037,
        30.722519
      ],
      [
        -98.015658,
        30.722978
      ],
      [
        -98.016195,
        30.723367
      ],
      [
        -98.016865,
        30.723852
      ],
      [
        -98.017161,
        30.724068
      ],
      [
        -98.019047,
        30.725448
      ],
      [
        -98.019157,
        30.725524
      ],
      [
        -98.019302,
        30.725631
      ],
      [
        -98.019458,
        30.725753
      ],
      [
        -98.019566,
        30.725837
      ],
      [
        -98.02112,
        30.726949
      ],
      [
        -98.021981,
        30.727565
      ],
      [
        -98.024237,
        30.729179
      ],
      [
        -98.024384,
        30.729288
      ],
      [
        -98.02482,
        30.729612
      ],
      [
        -98.025259,
        30.729938
      ],
      [
        -98.025862,
        30.730382
      ],
      [
        -98.026478,
        30.730836
      ],
      [
        -98.027455,
        30.731555
      ],
      [
        -98.028304,
        30.73218
      ],
      [
        -98.028452,
        30.73229
      ],
      [
        -98.028743,
        30.7325
      ],
      [
        -98.028969,
        30.732669
      ],
      [
        -98.029635,
        30.733154
      ],
      [
        -98.030533,
        30.733794
      ],
      [
        -98.030829,
        30.733997
      ],
      [
        -98.031031,
        30.734119
      ],
      [
        -98.031365,
        30.734296
      ],
      [
        -98.031606,
        30.734402
      ],
      [
        -98.031892,
        30.734512
      ],
      [
        -98.032224,
        30.734616
      ],
      [
        -98.032523,
        30.734699
      ],
      [
        -98.032842,
        30.734771
      ],
      [
        -98.033098,
        30.734811
      ],
      [
        -98.033329,
        30.73484
      ],
      [
        -98.033604,
        30.734861
      ],
      [
        -98.033863,
        30.734866
      ],
      [
        -98.033909,
        30.734865
      ],
      [
        -98.034195,
        30.734858
      ],
      [
        -98.034286,
        30.734849
      ],
      [
        -98.035258,
        30.734789
      ],
      [
        -98.035838,
        30.734772
      ],
      [
        -98.036141,
        30.734781
      ],
      [
        -98.036283,
        30.734785
      ],
      [
        -98.036783,
        30.734822
      ],
      [
        -98.037075,
        30.734857
      ],
      [
        -98.03743,
        30.734924
      ],
      [
        -98.037826,
        30.735027
      ],
      [
        -98.038008,
        30.735083
      ],
      [
        -98.038128,
        30.735126
      ],
      [
        -98.038461,
        30.735245
      ],
      [
        -98.038985,
        30.735471
      ],
      [
        -98.039692,
        30.735792
      ],
      [
        -98.04007,
        30.735961
      ],
      [
        -98.040242,
        30.736044
      ],
      [
        -98.041196,
        30.736473
      ],
      [
        -98.041683,
        30.736695
      ],
      [
        -98.042279,
        30.736968
      ],
      [
        -98.042459,
        30.73705
      ],
      [
        -98.042951,
        30.737275
      ],
      [
        -98.043005,
        30.737301
      ],
      [
        -98.043343,
        30.737463
      ],
      [
        -98.043637,
        30.737594
      ],
      [
        -98.044222,
        30.737859
      ],
      [
        -98.044981,
        30.738185
      ],
      [
        -98.045505,
        30.738427
      ],
      [
        -98.047008,
        30.739122
      ],
      [
        -98.047467,
        30.73933
      ],
      [
        -98.048016,
        30.73958
      ],
      [
        -98.04819,
        30.739659
      ],
      [
        -98.048301,
        30.739709
      ],
      [
        -98.048899,
        30.739975
      ],
      [
        -98.049043,
        30.740047
      ],
      [
        -98.049235,
        30.740134
      ],
      [
        -98.049461,
        30.740237
      ],
      [
        -98.049714,
        30.740352
      ],
      [
        -98.05002,
        30.740491
      ],
      [
        -98.050193,
        30.74057
      ],
      [
        -98.050333,
        30.740636
      ],
      [
        -98.050516,
        30.740717
      ],
      [
        -98.050649,
        30.740785
      ],
      [
        -98.050754,
        30.740837
      ],
      [
        -98.050829,
        30.740879
      ],
      [
        -98.05118,
        30.741078
      ],
      [
        -98.051321,
        30.741168
      ],
      [
        -98.051616,
        30.741338
      ],
      [
        -98.051972,
        30.741587
      ],
      [
        -98.052241,
        30.741796
      ],
      [
        -98.052667,
        30.742134
      ],
      [
        -98.052883,
        30.742306
      ],
      [
        -98.053132,
        30.742512
      ],
      [
        -98.053192,
        30.742562
      ],
      [
        -98.053291,
        30.742643
      ],
      [
        -98.053838,
        30.743097
      ],
      [
        -98.054231,
        30.743421
      ],
      [
        -98.054567,
        30.743628
      ],
      [
        -98.054702,
        30.743707
      ],
      [
        -98.055282,
        30.74398
      ],
      [
        -98.05536,
        30.744014
      ],
      [
        -98.05559,
        30.74412
      ],
      [
        -98.056195,
        30.744404
      ],
      [
        -98.056504,
        30.744533
      ],
      [
        -98.056929,
        30.744729
      ],
      [
        -98.057028,
        30.744774
      ],
      [
        -98.058055,
        30.745246
      ],
      [
        -98.060267,
        30.746261
      ],
      [
        -98.060811,
        30.746477
      ],
      [
        -98.061082,
        30.74657
      ],
      [
        -98.061968,
        30.746836
      ],
      [
        -98.062352,
        30.746922
      ],
      [
        -98.062688,
        30.74698
      ],
      [
        -98.063057,
        30.747034
      ],
      [
        -98.064178,
        30.747128
      ],
      [
        -98.064372,
        30.747139
      ],
      [
        -98.065851,
        30.747226
      ],
      [
        -98.066267,
        30.747249
      ],
      [
        -98.066442,
        30.74726
      ],
      [
        -98.066749,
        30.747278
      ],
      [
        -98.067128,
        30.7473
      ],
      [
        -98.067595,
        30.747328
      ],
      [
        -98.0679,
        30.747346
      ],
      [
        -98.068605,
        30.747388
      ],
      [
        -98.068781,
        30.747399
      ],
      [
        -98.069205,
        30.747424
      ],
      [
        -98.070073,
        30.747476
      ],
      [
        -98.070227,
        30.747485
      ],
      [
        -98.070539,
        30.747504
      ],
      [
        -98.072199,
        30.747603
      ],
      [
        -98.073344,
        30.747671
      ],
      [
        -98.075723,
        30.747813
      ],
      [
        -98.077907,
        30.747943
      ],
      [
        -98.079569,
        30.748049
      ],
      [
        -98.079886,
        30.748069
      ],
      [
        -98.080594,
        30.748113
      ],
      [
        -98.081127,
        30.748143
      ],
      [
        -98.081223,
        30.748149
      ],
      [
        -98.081366,
        30.748158
      ],
      [
        -98.082248,
        30.748212
      ],
      [
        -98.083338,
        30.74828
      ],
      [
        -98.085179,
        30.748395
      ],
      [
        -98.085769,
        30.748434
      ],
      [
        -98.087365,
        30.748543
      ],
      [
        -98.087817,
        30.748551
      ],
      [
        -98.088466,
        30.74851
      ],
      [
        -98.088928,
        30.748419
      ],
      [
        -98.089499,
        30.748295
      ],
      [
        -98.092444,
        30.7476
      ],
      [
        -98.097224,
        30.746452
      ],
      [
        -98.097741,
        30.746334
      ],
      [
        -98.098035,
        30.746281
      ],
      [
        -98.098505,
        30.746215
      ],
      [
        -98.098985,
        30.74618
      ],
      [
        -98.0994,
        30.746181
      ],
      [
        -98.099746,
        30.746198
      ],
      [
        -98.100152,
        30.746247
      ],
      [
        -98.100533,
        30.7463
      ],
      [
        -98.102589,
        30.746661
      ],
      [
        -98.103563,
        30.746832
      ],
      [
        -98.104423,
        30.746983
      ],
      [
        -98.10497,
        30.747079
      ],
      [
        -98.107572,
        30.747536
      ],
      [
        -98.110589,
        30.748033
      ],
      [
        -98.113249,
        30.748493
      ],
      [
        -98.114141,
        30.748649
      ],
      [
        -98.11537,
        30.748865
      ],
      [
        -98.115831,
        30.748946
      ],
      [
        -98.116145,
        30.749002
      ],
      [
        -98.118551,
        30.749412
      ],
      [
        -98.12045,
        30.749748
      ],
      [
        -98.120741,
        30.749796
      ],
      [
        -98.120864,
        30.749817
      ],
      [
        -98.123117,
        30.750234
      ],
      [
        -98.124619,
        30.750496
      ],
      [
        -98.124817,
        30.750531
      ],
      [
        -98.125045,
        30.750571
      ],
      [
        -98.126158,
        30.750765
      ],
      [
        -98.126184,
        30.750769
      ],
      [
        -98.12653,
        30.750828
      ],
      [
        -98.126854,
        30.750882
      ],
      [
        -98.126966,
        30.750901
      ],
      [
        -98.127599,
        30.751011
      ],
      [
        -98.128073,
        30.751093
      ],
      [
        -98.129345,
        30.751312
      ],
      [
        -98.129527,
        30.751345
      ],
      [
        -98.129773,
        30.751387
      ],
      [
        -98.129977,
        30.751422
      ],
      [
        -98.130693,
        30.751545
      ],
      [
        -98.130741,
        30.751556
      ],
      [
        -98.131476,
        30.751683
      ],
      [
        -98.132202,
        30.751809
      ],
      [
        -98.132864,
        30.75193
      ],
      [
        -98.13396,
        30.752121
      ],
      [
        -98.134594,
        30.752232
      ],
      [
        -98.135014,
        30.752286
      ],
      [
        -98.13538,
        30.752312
      ],
      [
        -98.135687,
        30.752322
      ],
      [
        -98.135798,
        30.752324
      ],
      [
        -98.135846,
        30.752325
      ],
      [
        -98.136259,
        30.752307
      ],
      [
        -98.136588,
        30.752283
      ],
      [
        -98.13697,
        30.752232
      ],
      [
        -98.137156,
        30.752193
      ],
      [
        -98.137484,
        30.752117
      ],
      [
        -98.137563,
        30.752099
      ],
      [
        -98.137611,
        30.752086
      ],
      [
        -98.137965,
        30.75199
      ],
      [
        -98.138416,
        30.751846
      ],
      [
        -98.13882,
        30.751697
      ],
      [
        -98.139313,
        30.751532
      ],
      [
        -98.141052,
        30.75093
      ],
      [
        -98.14222,
        30.750525
      ],
      [
        -98.142983,
        30.750304
      ],
      [
        -98.143019,
        30.750291
      ],
      [
        -98.143391,
        30.750156
      ],
      [
        -98.144041,
        30.74992
      ],
      [
        -98.144524,
        30.749745
      ],
      [
        -98.144756,
        30.749674
      ],
      [
        -98.145123,
        30.749584
      ],
      [
        -98.145364,
        30.749539
      ],
      [
        -98.145728,
        30.749485
      ],
      [
        -98.146096,
        30.74945
      ],
      [
        -98.146465,
        30.749431
      ],
      [
        -98.146606,
        30.749431
      ],
      [
        -98.146768,
        30.749431
      ],
      [
        -98.147172,
        30.749432
      ],
      [
        -98.147797,
        30.74943
      ],
      [
        -98.14842,
        30.749429
      ],
      [
        -98.151883,
        30.749414
      ],
      [
        -98.155328,
        30.749419
      ],
      [
        -98.15764,
        30.749417
      ],
      [
        -98.158666,
        30.749412
      ],
      [
        -98.159142,
        30.749414
      ],
      [
        -98.159617,
        30.749415
      ],
      [
        -98.160871,
        30.749411
      ],
      [
        -98.162499,
        30.749411
      ],
      [
        -98.163505,
        30.749411
      ],
      [
        -98.164455,
        30.749429
      ],
      [
        -98.164675,
        30.749433
      ],
      [
        -98.165005,
        30.749454
      ],
      [
        -98.165029,
        30.749456
      ],
      [
        -98.165748,
        30.749499
      ],
      [
        -98.166169,
        30.749538
      ],
      [
        -98.167703,
        30.749679
      ],
      [
        -98.167816,
        30.74969
      ],
      [
        -98.168071,
        30.749713
      ],
      [
        -98.168557,
        30.749758
      ],
      [
        -98.169922,
        30.749884
      ],
      [
        -98.170274,
        30.749921
      ],
      [
        -98.170587,
        30.749945
      ],
      [
        -98.170966,
        30.74998
      ],
      [
        -98.171951,
        30.750071
      ],
      [
        -98.172676,
        30.750139
      ],
      [
        -98.173577,
        30.750223
      ],
      [
        -98.173878,
        30.750251
      ],
      [
        -98.174061,
        30.750265
      ],
      [
        -98.177108,
        30.75055
      ],
      [
        -98.179983,
        30.750818
      ],
      [
        -98.180624,
        30.750873
      ],
      [
        -98.180954,
        30.750901
      ],
      [
        -98.181248,
        30.750938
      ],
      [
        -98.181564,
        30.750965
      ],
      [
        -98.181618,
        30.750969
      ],
      [
        -98.181938,
        30.750995
      ],
      [
        -98.182016,
        30.751004
      ],
      [
        -98.182257,
        30.751032
      ],
      [
        -98.18266,
        30.751071
      ],
      [
        -98.183088,
        30.751112
      ],
      [
        -98.183725,
        30.75117
      ],
      [
        -98.184059,
        30.7512
      ],
      [
        -98.184091,
        30.751203
      ],
      [
        -98.184352,
        30.751226
      ],
      [
        -98.184614,
        30.75125
      ],
      [
        -98.184926,
        30.751279
      ],
      [
        -98.185016,
        30.751287
      ],
      [
        -98.185083,
        30.751293
      ],
      [
        -98.185297,
        30.751314
      ],
      [
        -98.185448,
        30.751329
      ],
      [
        -98.185531,
        30.751337
      ],
      [
        -98.185784,
        30.751361
      ],
      [
        -98.186493,
        30.751422
      ],
      [
        -98.18695,
        30.751466
      ],
      [
        -98.18764,
        30.751532
      ],
      [
        -98.187806,
        30.751546
      ],
      [
        -98.18808,
        30.751571
      ],
      [
        -98.190255,
        30.751765
      ],
      [
        -98.191587,
        30.751895
      ],
      [
        -98.19231,
        30.751959
      ],
      [
        -98.193708,
        30.752095
      ],
      [
        -98.194529,
        30.752175
      ],
      [
        -98.194961,
        30.752217
      ],
      [
        -98.195538,
        30.752263
      ],
      [
        -98.195576,
        30.752266
      ],
      [
        -98.196517,
        30.752356
      ],
      [
        -98.197025,
        30.7524
      ],
      [
        -98.197349,
        30.752428
      ],
      [
        -98.197867,
        30.752469
      ],
      [
        -98.198433,
        30.752522
      ],
      [
        -98.198839,
        30.752593
      ],
      [
        -98.198963,
        30.752608
      ],
      [
        -98.199377,
        30.752685
      ],
      [
        -98.1995,
        30.752708
      ],
      [
        -98.199932,
        30.752806
      ],
      [
        -98.200559,
        30.752973
      ],
      [
        -98.200699,
        30.753018
      ],
      [
        -98.200731,
        30.753028
      ],
      [
        -98.20093,
        30.753086
      ],
      [
        -98.201463,
        30.753273
      ],
      [
        -98.201671,
        30.753346
      ],
      [
        -98.202845,
        30.753861
      ],
      [
        -98.20391,
        30.754336
      ],
      [
        -98.204125,
        30.754435
      ],
      [
        -98.205404,
        30.755026
      ],
      [
        -98.206423,
        30.75549
      ],
      [
        -98.206513,
        30.755532
      ],
      [
        -98.206783,
        30.755662
      ],
      [
        -98.206876,
        30.755705
      ],
      [
        -98.207846,
        30.756154
      ],
      [
        -98.208505,
        30.756459
      ],
      [
        -98.20861,
        30.756508
      ],
      [
        -98.208737,
        30.75657
      ],
      [
        -98.2088,
        30.7566
      ],
      [
        -98.208963,
        30.756672
      ],
      [
        -98.20934,
        30.756846
      ],
      [
        -98.209829,
        30.757073
      ],
      [
        -98.210029,
        30.757165
      ],
      [
        -98.210117,
        30.757207
      ],
      [
        -98.210414,
        30.75734
      ],
      [
        -98.210608,
        30.757432
      ],
      [
        -98.211168,
        30.757692
      ],
      [
        -98.211652,
        30.757917
      ],
      [
        -98.211895,
        30.758029
      ],
      [
        -98.212158,
        30.75815
      ],
      [
        -98.212536,
        30.758322
      ],
      [
        -98.212822,
        30.75846
      ],
      [
        -98.212997,
        30.758544
      ],
      [
        -98.213286,
        30.758683
      ],
      [
        -98.213437,
        30.758741
      ],
      [
        -98.213641,
        30.758832
      ],
      [
        -98.214072,
        30.759024
      ],
      [
        -98.214248,
        30.759106
      ],
      [
        -98.214471,
        30.759195
      ],
      [
        -98.214579,
        30.759242
      ],
      [
        -98.214636,
        30.759267
      ],
      [
        -98.21512,
        30.75944
      ],
      [
        -98.215517,
        30.759556
      ],
      [
        -98.215589,
        30.759576
      ],
      [
        -98.215819,
        30.759638
      ],
      [
        -98.216195,
        30.759721
      ],
      [
        -98.216553,
        30.759793
      ],
      [
        -98.216651,
        30.759807
      ],
      [
        -98.217052,
        30.759866
      ],
      [
        -98.217167,
        30.759883
      ],
      [
        -98.217483,
        30.759911
      ],
      [
        -98.217576,
        30.75992
      ],
      [
        -98.217719,
        30.759928
      ],
      [
        -98.218108,
        30.759948
      ],
      [
        -98.218382,
        30.759952
      ],
      [
        -98.218635,
        30.759946
      ],
      [
        -98.218723,
        30.759942
      ],
      [
        -98.218938,
        30.759931
      ],
      [
        -98.219219,
        30.759911
      ],
      [
        -98.219895,
        30.759825
      ],
      [
        -98.220522,
        30.759695
      ],
      [
        -98.220861,
        30.75963
      ],
      [
        -98.221243,
        30.759551
      ],
      [
        -98.221594,
        30.759489
      ],
      [
        -98.221963,
        30.759426
      ],
      [
        -98.22239,
        30.759344
      ],
      [
        -98.223149,
        30.759208
      ],
      [
        -98.223439,
        30.759158
      ],
      [
        -98.224,
        30.759081
      ],
      [
        -98.2241,
        30.759063
      ],
      [
        -98.224368,
        30.759015
      ],
      [
        -98.224514,
        30.758989
      ],
      [
        -98.225169,
        30.758873
      ],
      [
        -98.225609,
        30.758795
      ],
      [
        -98.225894,
        30.758734
      ],
      [
        -98.226238,
        30.758656
      ],
      [
        -98.226684,
        30.758554
      ],
      [
        -98.227176,
        30.758444
      ],
      [
        -98.227595,
        30.75835
      ],
      [
        -98.227746,
        30.758316
      ],
      [
        -98.227978,
        30.758263
      ],
      [
        -98.228311,
        30.758195
      ],
      [
        -98.228741,
        30.758109
      ],
      [
        -98.229208,
        30.758021
      ],
      [
        -98.229596,
        30.757953
      ],
      [
        -98.229891,
        30.7579
      ],
      [
        -98.230884,
        30.757708
      ],
      [
        -98.231601,
        30.75757
      ],
      [
        -98.231784,
        30.757538
      ],
      [
        -98.231863,
        30.757524
      ],
      [
        -98.232168,
        30.757478
      ],
      [
        -98.232532,
        30.757435
      ],
      [
        -98.232774,
        30.757427
      ],
      [
        -98.232977,
        30.757427
      ],
      [
        -98.233172,
        30.757428
      ],
      [
        -98.233415,
        30.757438
      ],
      [
        -98.233545,
        30.757448
      ],
      [
        -98.233652,
        30.757456
      ],
      [
        -98.233916,
        30.757484
      ],
      [
        -98.233983,
        30.757491
      ],
      [
        -98.234195,
        30.757523
      ],
      [
        -98.234246,
        30.75753
      ],
      [
        -98.234823,
        30.757656
      ],
      [
        -98.234949,
        30.757686
      ],
      [
        -98.235293,
        30.757768
      ],
      [
        -98.235625,
        30.757844
      ],
      [
        -98.236949,
        30.758146
      ],
      [
        -98.237268,
        30.758221
      ],
      [
        -98.238645,
        30.758535
      ],
      [
        -98.238844,
        30.758587
      ],
      [
        -98.239443,
        30.758727
      ],
      [
        -98.240169,
        30.758898
      ],
      [
        -98.24042,
        30.758955
      ],
      [
        -98.240661,
        30.75901
      ],
      [
        -98.240885,
        30.759058
      ],
      [
        -98.241018,
        30.759087
      ],
      [
        -98.24148,
        30.759182
      ],
      [
        -98.241646,
        30.759216
      ],
      [
        -98.241941,
        30.759271
      ],
      [
        -98.242028,
        30.759284
      ],
      [
        -98.242202,
        30.759312
      ],
      [
        -98.242536,
        30.759365
      ],
      [
        -98.242869,
        30.759404
      ],
      [
        -98.2432,
        30.759448
      ],
      [
        -98.244254,
        30.759539
      ],
      [
        -98.244685,
        30.759571
      ],
      [
        -98.245113,
        30.759605
      ],
      [
        -98.245394,
        30.759633
      ],
      [
        -98.245907,
        30.759675
      ],
      [
        -98.246125,
        30.759693
      ],
      [
        -98.246354,
        30.759714
      ],
      [
        -98.246434,
        30.759722
      ],
      [
        -98.247037,
        30.759771
      ],
      [
        -98.247933,
        30.759848
      ],
      [
        -98.248085,
        30.759858
      ],
      [
        -98.248782,
        30.75992
      ],
      [
        -98.249668,
        30.76
      ],
      [
        -98.249893,
        30.760016
      ],
      [
        -98.250167,
        30.760035
      ],
      [
        -98.250852,
        30.760096
      ],
      [
        -98.251133,
        30.760119
      ],
      [
        -98.252737,
        30.760253
      ],
      [
        -98.253875,
        30.76035
      ],
      [
        -98.253999,
        30.760361
      ],
      [
        -98.254537,
        30.760407
      ],
      [
        -98.25548,
        30.760446
      ],
      [
        -98.25658,
        30.760469
      ],
      [
        -98.257344,
        30.76049
      ],
      [
        -98.257519,
        30.760496
      ],
      [
        -98.257975,
        30.760507
      ],
      [
        -98.258687,
        30.760518
      ],
      [
        -98.261802,
        30.760585
      ],
      [
        -98.262089,
        30.760592
      ],
      [
        -98.262597,
        30.760603
      ],
      [
        -98.263963,
        30.760641
      ],
      [
        -98.265313,
        30.760677
      ],
      [
        -98.267183,
        30.760715
      ],
      [
        -98.269534,
        30.760773
      ],
      [
        -98.270545,
        30.760796
      ],
      [
        -98.271689,
        30.760822
      ],
      [
        -98.272995,
        30.760871
      ],
      [
        -98.273262,
        30.760876
      ],
      [
        -98.27367,
        30.760886
      ],
      [
        -98.273762,
        30.760888
      ],
      [
        -98.274427,
        30.760932
      ],
      [
        -98.275489,
        30.761072
      ],
      [
        -98.27651,
        30.761206
      ],
      [
        -98.278102,
        30.761417
      ],
      [
        -98.279007,
        30.761531
      ],
      [
        -98.279381,
        30.761577
      ],
      [
        -98.279969,
        30.761651
      ],
      [
        -98.280304,
        30.761693
      ],
      [
        -98.280508,
        30.761719
      ],
      [
        -98.284254,
        30.762197
      ],
      [
        -98.284681,
        30.762251
      ],
      [
        -98.284996,
        30.762274
      ],
      [
        -98.285113,
        30.762282
      ],
      [
        -98.285484,
        30.762291
      ],
      [
        -98.285857,
        30.76228
      ],
      [
        -98.286171,
        30.762252
      ],
      [
        -98.286484,
        30.76221
      ],
      [
        -98.286791,
        30.762152
      ],
      [
        -98.288617,
        30.761694
      ],
      [
        -98.289059,
        30.761605
      ],
      [
        -98.289472,
        30.761532
      ],
      [
        -98.292316,
        30.76095
      ],
      [
        -98.293667,
        30.760696
      ],
      [
        -98.294104,
        30.760635
      ],
      [
        -98.294601,
        30.760582
      ],
      [
        -98.295253,
        30.760532
      ],
      [
        -98.295956,
        30.760504
      ],
      [
        -98.296475,
        30.760504
      ],
      [
        -98.297162,
        30.760534
      ],
      [
        -98.297724,
        30.760582
      ],
      [
        -98.298078,
        30.760629
      ],
      [
        -98.298863,
        30.760743
      ],
      [
        -98.300398,
        30.761034
      ],
      [
        -98.300515,
        30.761063
      ],
      [
        -98.300913,
        30.761163
      ],
      [
        -98.301498,
        30.761274
      ],
      [
        -98.302115,
        30.76138
      ],
      [
        -98.303738,
        30.76143
      ],
      [
        -98.304193,
        30.761443
      ],
      [
        -98.305625,
        30.761482
      ],
      [
        -98.306041,
        30.761486
      ],
      [
        -98.30649,
        30.761523
      ],
      [
        -98.306907,
        30.761579
      ],
      [
        -98.307348,
        30.761658
      ],
      [
        -98.307635,
        30.761753
      ],
      [
        -98.307916,
        30.761851
      ],
      [
        -98.308178,
        30.761968
      ],
      [
        -98.308459,
        30.762112
      ],
      [
        -98.308725,
        30.762262
      ],
      [
        -98.309074,
        30.762485
      ],
      [
        -98.310026,
        30.763267
      ],
      [
        -98.310427,
        30.763583
      ],
      [
        -98.310715,
        30.76381
      ],
      [
        -98.310982,
        30.764019
      ],
      [
        -98.31106,
        30.764081
      ],
      [
        -98.311492,
        30.764435
      ],
      [
        -98.311711,
        30.764614
      ],
      [
        -98.311729,
        30.764628
      ],
      [
        -98.312248,
        30.765059
      ],
      [
        -98.313068,
        30.765725
      ],
      [
        -98.313202,
        30.765836
      ],
      [
        -98.313439,
        30.76599
      ],
      [
        -98.313597,
        30.766093
      ],
      [
        -98.313835,
        30.766215
      ],
      [
        -98.314379,
        30.766422
      ],
      [
        -98.314539,
        30.766473
      ],
      [
        -98.314791,
        30.766529
      ],
      [
        -98.31482,
        30.766534
      ],
      [
        -98.315064,
        30.766572
      ],
      [
        -98.315405,
        30.766605
      ],
      [
        -98.315654,
        30.76662
      ],
      [
        -98.315895,
        30.76661
      ],
      [
        -98.316151,
        30.766589
      ],
      [
        -98.316218,
        30.766577
      ],
      [
        -98.316737,
        30.766483
      ],
      [
        -98.316963,
        30.766435
      ],
      [
        -98.318066,
        30.766199
      ],
      [
        -98.318287,
        30.766152
      ],
      [
        -98.318787,
        30.766067
      ],
      [
        -98.319174,
        30.766059
      ],
      [
        -98.31939,
        30.766065
      ],
      [
        -98.319479,
        30.766068
      ],
      [
        -98.319552,
        30.76607
      ],
      [
        -98.319632,
        30.766077
      ],
      [
        -98.319846,
        30.766097
      ],
      [
        -98.320108,
        30.766142
      ],
      [
        -98.320351,
        30.766198
      ],
      [
        -98.320556,
        30.766262
      ],
      [
        -98.320797,
        30.766345
      ],
      [
        -98.321029,
        30.766445
      ],
      [
        -98.322119,
        30.766867
      ],
      [
        -98.32242,
        30.766949
      ],
      [
        -98.32259,
        30.766995
      ],
      [
        -98.322685,
        30.767016
      ],
      [
        -98.322945,
        30.767075
      ],
      [
        -98.323013,
        30.767081
      ],
      [
        -98.323331,
        30.767111
      ],
      [
        -98.323674,
        30.767126
      ],
      [
        -98.323751,
        30.767129
      ],
      [
        -98.323999,
        30.767124
      ],
      [
        -98.324399,
        30.767083
      ],
      [
        -98.324833,
        30.767023
      ],
      [
        -98.325388,
        30.766931
      ],
      [
        -98.326283,
        30.766804
      ],
      [
        -98.326667,
        30.766784
      ],
      [
        -98.327065,
        30.766776
      ],
      [
        -98.327337,
        30.766783
      ],
      [
        -98.327577,
        30.766806
      ],
      [
        -98.328286,
        30.766905
      ],
      [
        -98.329053,
        30.767005
      ],
      [
        -98.32922,
        30.767019
      ],
      [
        -98.329507,
        30.767023
      ],
      [
        -98.329708,
        30.767015
      ],
      [
        -98.32996,
        30.766992
      ],
      [
        -98.330207,
        30.766957
      ],
      [
        -98.330624,
        30.76684
      ],
      [
        -98.331243,
        30.76661
      ],
      [
        -98.331542,
        30.766498
      ],
      [
        -98.332427,
        30.76621
      ],
      [
        -98.332852,
        30.766116
      ],
      [
        -98.333317,
        30.766075
      ],
      [
        -98.334067,
        30.766078
      ],
      [
        -98.339038,
        30.766276
      ],
      [
        -98.340019,
        30.766311
      ],
      [
        -98.341343,
        30.766368
      ],
      [
        -98.341752,
        30.766424
      ],
      [
        -98.342264,
        30.766558
      ],
      [
        -98.342615,
        30.766684
      ],
      [
        -98.342967,
        30.766853
      ],
      [
        -98.343674,
        30.76729
      ],
      [
        -98.344017,
        30.767486
      ],
      [
        -98.344435,
        30.767665
      ],
      [
        -98.344753,
        30.767756
      ],
      [
        -98.345005,
        30.767816
      ],
      [
        -98.345256,
        30.767866
      ],
      [
        -98.345791,
        30.767897
      ],
      [
        -98.346264,
        30.767866
      ],
      [
        -98.346663,
        30.767802
      ],
      [
        -98.347081,
        30.7677
      ],
      [
        -98.347465,
        30.767549
      ],
      [
        -98.347829,
        30.767371
      ],
      [
        -98.348156,
        30.76719
      ],
      [
        -98.348596,
        30.766853
      ],
      [
        -98.348888,
        30.766533
      ],
      [
        -98.349196,
        30.766172
      ],
      [
        -98.350334,
        30.764336
      ],
      [
        -98.350724,
        30.763815
      ],
      [
        -98.350842,
        30.763682
      ],
      [
        -98.350879,
        30.763641
      ],
      [
        -98.351179,
        30.763368
      ],
      [
        -98.351412,
        30.763204
      ],
      [
        -98.35149,
        30.763157
      ],
      [
        -98.352213,
        30.762724
      ],
      [
        -98.353473,
        30.761895
      ],
      [
        -98.35496,
        30.760809
      ],
      [
        -98.355377,
        30.760552
      ],
      [
        -98.355785,
        30.760337
      ],
      [
        -98.356281,
        30.760103
      ],
      [
        -98.356821,
        30.759878
      ],
      [
        -98.357123,
        30.759784
      ],
      [
        -98.35737,
        30.759724
      ],
      [
        -98.357626,
        30.759681
      ],
      [
        -98.357929,
        30.759643
      ],
      [
        -98.358229,
        30.759643
      ],
      [
        -98.358471,
        30.759644
      ],
      [
        -98.358723,
        30.759664
      ],
      [
        -98.358954,
        30.759695
      ],
      [
        -98.359192,
        30.759727
      ],
      [
        -98.360638,
        30.759955
      ],
      [
        -98.361211,
        30.760012
      ],
      [
        -98.361903,
        30.76004
      ],
      [
        -98.362554,
        30.760009
      ],
      [
        -98.36314,
        30.759954
      ],
      [
        -98.363979,
        30.759827
      ],
      [
        -98.364849,
        30.759695
      ],
      [
        -98.365195,
        30.759623
      ],
      [
        -98.365568,
        30.75953
      ],
      [
        -98.365895,
        30.759436
      ],
      [
        -98.366253,
        30.759312
      ],
      [
        -98.366587,
        30.759179
      ],
      [
        -98.367027,
        30.758972
      ],
      [
        -98.368209,
        30.758316
      ],
      [
        -98.368776,
        30.758003
      ],
      [
        -98.369051,
        30.757897
      ],
      [
        -98.369442,
        30.757763
      ],
      [
        -98.369566,
        30.757728
      ],
      [
        -98.36985,
        30.757648
      ],
      [
        -98.371115,
        30.757402
      ],
      [
        -98.372762,
        30.757092
      ],
      [
        -98.373044,
        30.757035
      ],
      [
        -98.37379,
        30.756897
      ],
      [
        -98.374455,
        30.756823
      ],
      [
        -98.376711,
        30.756742
      ],
      [
        -98.376989,
        30.756753
      ],
      [
        -98.377232,
        30.75677
      ],
      [
        -98.37738,
        30.756791
      ],
      [
        -98.377472,
        30.756804
      ],
      [
        -98.377574,
        30.756826
      ],
      [
        -98.377708,
        30.756855
      ],
      [
        -98.37841,
        30.757074
      ],
      [
        -98.378586,
        30.757137
      ],
      [
        -98.378849,
        30.757243
      ],
      [
        -98.379132,
        30.757338
      ],
      [
        -98.379421,
        30.757417
      ],
      [
        -98.379716,
        30.757482
      ],
      [
        -98.380015,
        30.757528
      ],
      [
        -98.380346,
        30.757544
      ],
      [
        -98.380735,
        30.757547
      ],
      [
        -98.380904,
        30.757543
      ],
      [
        -98.384209,
        30.757287
      ],
      [
        -98.384922,
        30.757203
      ],
      [
        -98.385822,
        30.757022
      ],
      [
        -98.386503,
        30.756841
      ],
      [
        -98.38712,
        30.756623
      ],
      [
        -98.387361,
        30.756533
      ],
      [
        -98.387887,
        30.756322
      ],
      [
        -98.387965,
        30.756289
      ],
      [
        -98.388078,
        30.756235
      ],
      [
        -98.388547,
        30.755979
      ],
      [
        -98.388927,
        30.755766
      ],
      [
        -98.389477,
        30.755419
      ],
      [
        -98.390146,
        30.754913
      ],
      [
        -98.390519,
        30.754595
      ],
      [
        -98.390937,
        30.754192
      ],
      [
        -98.391315,
        30.753765
      ],
      [
        -98.391584,
        30.753422
      ],
      [
        -98.391859,
        30.753039
      ],
      [
        -98.392184,
        30.752512
      ],
      [
        -98.392486,
        30.752042
      ],
      [
        -98.392947,
        30.751282
      ],
      [
        -98.3932,
        30.750865
      ],
      [
        -98.393579,
        30.750405
      ],
      [
        -98.393847,
        30.750146
      ],
      [
        -98.394223,
        30.749862
      ],
      [
        -98.39452,
        30.749664
      ],
      [
        -98.395008,
        30.74941
      ],
      [
        -98.395318,
        30.749286
      ],
      [
        -98.395685,
        30.749163
      ],
      [
        -98.39631,
        30.749016
      ],
      [
        -98.396637,
        30.748939
      ],
      [
        -98.397444,
        30.748762
      ],
      [
        -98.398173,
        30.748607
      ],
      [
        -98.398551,
        30.748511
      ],
      [
        -98.398757,
        30.748467
      ],
      [
        -98.39916,
        30.748386
      ],
      [
        -98.400405,
        30.748128
      ],
      [
        -98.401211,
        30.747973
      ],
      [
        -98.401469,
        30.747929
      ],
      [
        -98.402259,
        30.747855
      ],
      [
        -98.403031,
        30.747781
      ],
      [
        -98.403855,
        30.74767
      ],
      [
        -98.404233,
        30.747639
      ],
      [
        -98.4051,
        30.747567
      ],
      [
        -98.40611,
        30.747408
      ],
      [
        -98.406418,
        30.7474
      ],
      [
        -98.406603,
        30.747388
      ],
      [
        -98.406972,
        30.747345
      ],
      [
        -98.407847,
        30.747267
      ],
      [
        -98.408574,
        30.747184
      ],
      [
        -98.40907,
        30.74712
      ],
      [
        -98.409413,
        30.747075
      ],
      [
        -98.409589,
        30.747048
      ],
      [
        -98.409978,
        30.746966
      ],
      [
        -98.410433,
        30.746844
      ],
      [
        -98.411016,
        30.746654
      ],
      [
        -98.411166,
        30.746605
      ],
      [
        -98.411557,
        30.746456
      ],
      [
        -98.411938,
        30.746288
      ],
      [
        -98.412166,
        30.746181
      ],
      [
        -98.412303,
        30.746117
      ],
      [
        -98.412619,
        30.745953
      ],
      [
        -98.412923,
        30.745772
      ],
      [
        -98.413213,
        30.745575
      ],
      [
        -98.413488,
        30.745363
      ],
      [
        -98.413738,
        30.745205
      ],
      [
        -98.414322,
        30.744836
      ],
      [
        -98.415503,
        30.744035
      ],
      [
        -98.415633,
        30.743949
      ],
      [
        -98.417165,
        30.742895
      ],
      [
        -98.417382,
        30.742748
      ],
      [
        -98.417438,
        30.74271
      ],
      [
        -98.417493,
        30.742672
      ],
      [
        -98.417553,
        30.74263
      ],
      [
        -98.418223,
        30.742157
      ],
      [
        -98.419154,
        30.741404
      ],
      [
        -98.419262,
        30.741317
      ],
      [
        -98.419372,
        30.74123
      ],
      [
        -98.419539,
        30.741099
      ],
      [
        -98.419786,
        30.740932
      ],
      [
        -98.420047,
        30.740781
      ],
      [
        -98.420391,
        30.740618
      ],
      [
        -98.420884,
        30.740417
      ],
      [
        -98.421187,
        30.740302
      ],
      [
        -98.421826,
        30.74006
      ],
      [
        -98.422056,
        30.73999
      ],
      [
        -98.422291,
        30.739933
      ],
      [
        -98.42253,
        30.739891
      ],
      [
        -98.422772,
        30.739864
      ],
      [
        -98.423016,
        30.739851
      ],
      [
        -98.42326,
        30.739853
      ],
      [
        -98.423844,
        30.7399
      ],
      [
        -98.424477,
        30.739956
      ],
      [
        -98.424657,
        30.739974
      ],
      [
        -98.425084,
        30.740005
      ],
      [
        -98.425765,
        30.740022
      ],
      [
        -98.426145,
        30.740018
      ],
      [
        -98.426525,
        30.739997
      ],
      [
        -98.426951,
        30.739951
      ],
      [
        -98.428318,
        30.739809
      ],
      [
        -98.428486,
        30.739791
      ],
      [
        -98.430442,
        30.739587
      ],
      [
        -98.430852,
        30.739544
      ],
      [
        -98.431274,
        30.7395
      ],
      [
        -98.431869,
        30.739439
      ],
      [
        -98.433728,
        30.739248
      ],
      [
        -98.434587,
        30.739155
      ],
      [
        -98.435129,
        30.739081
      ],
      [
        -98.435749,
        30.738971
      ],
      [
        -98.436843,
        30.738747
      ],
      [
        -98.437402,
        30.738628
      ],
      [
        -98.438201,
        30.738472
      ],
      [
        -98.439411,
        30.738219
      ],
      [
        -98.440589,
        30.737973
      ],
      [
        -98.440591,
        30.738203
      ],
      [
        -98.440602,
        30.738336
      ],
      [
        -98.440634,
        30.738435
      ],
      [
        -98.440696,
        30.738507
      ],
      [
        -98.440759,
        30.738575
      ],
      [
        -98.440825,
        30.738629
      ],
      [
        -98.440946,
        30.738661
      ],
      [
        -98.44204,
        30.738919
      ],
      [
        -98.442309,
        30.738962
      ],
      [
        -98.442586,
        30.739036
      ],
      [
        -98.442862,
        30.739135
      ],
      [
        -98.443447,
        30.73938
      ],
      [
        -98.444332,
        30.739751
      ],
      [
        -98.445831,
        30.740388
      ],
      [
        -98.446488,
        30.740681
      ],
      [
        -98.447121,
        30.740986
      ],
      [
        -98.447714,
        30.741305
      ],
      [
        -98.447887,
        30.741398
      ],
      [
        -98.448175,
        30.741561
      ],
      [
        -98.44909,
        30.74215
      ],
      [
        -98.449113,
        30.742165
      ],
      [
        -98.449304,
        30.742288
      ],
      [
        -98.449644,
        30.742527
      ],
      [
        -98.44975,
        30.742601
      ],
      [
        -98.449927,
        30.742733
      ],
      [
        -98.45042,
        30.743117
      ],
      [
        -98.450871,
        30.743514
      ],
      [
        -98.451256,
        30.743862
      ],
      [
        -98.45142,
        30.744011
      ],
      [
        -98.451443,
        30.744031
      ],
      [
        -98.451729,
        30.744291
      ],
      [
        -98.452139,
        30.744679
      ],
      [
        -98.452542,
        30.745049
      ],
      [
        -98.4534,
        30.745858
      ],
      [
        -98.453832,
        30.746252
      ],
      [
        -98.454203,
        30.7466
      ],
      [
        -98.455333,
        30.747681
      ],
      [
        -98.455541,
        30.747908
      ],
      [
        -98.455701,
        30.748079
      ],
      [
        -98.455934,
        30.748326
      ],
      [
        -98.456284,
        30.748726
      ],
      [
        -98.456449,
        30.748926
      ],
      [
        -98.456745,
        30.749312
      ],
      [
        -98.456964,
        30.749619
      ],
      [
        -98.457335,
        30.750166
      ],
      [
        -98.457461,
        30.750367
      ],
      [
        -98.457631,
        30.75064
      ],
      [
        -98.457948,
        30.751198
      ],
      [
        -98.458044,
        30.751365
      ],
      [
        -98.458176,
        30.751619
      ],
      [
        -98.458324,
        30.751903
      ],
      [
        -98.458358,
        30.751971
      ],
      [
        -98.458412,
        30.752096
      ],
      [
        -98.45867,
        30.752692
      ],
      [
        -98.458688,
        30.752739
      ],
      [
        -98.458706,
        30.752787
      ],
      [
        -98.459036,
        30.753645
      ],
      [
        -98.45938,
        30.754561
      ],
      [
        -98.459591,
        30.755118
      ],
      [
        -98.459926,
        30.756018
      ],
      [
        -98.460424,
        30.757314
      ],
      [
        -98.460783,
        30.75826
      ],
      [
        -98.460978,
        30.758773
      ],
      [
        -98.461118,
        30.759223
      ],
      [
        -98.461154,
        30.759434
      ],
      [
        -98.461165,
        30.759541
      ],
      [
        -98.461173,
        30.75976
      ],
      [
        -98.46116,
        30.759979
      ],
      [
        -98.461134,
        30.760143
      ],
      [
        -98.461117,
        30.76025
      ],
      [
        -98.461088,
        30.760332
      ],
      [
        -98.461048,
        30.760432
      ],
      [
        -98.461034,
        30.760462
      ],
      [
        -98.460985,
        30.760565
      ],
      [
        -98.460903,
        30.760709
      ],
      [
        -98.460809,
        30.760848
      ],
      [
        -98.460755,
        30.760929
      ],
      [
        -98.46059,
        30.761107
      ],
      [
        -98.46051,
        30.761185
      ],
      [
        -98.460368,
        30.761309
      ],
      [
        -98.460225,
        30.761415
      ],
      [
        -98.460073,
        30.761512
      ],
      [
        -98.459914,
        30.761599
      ],
      [
        -98.459746,
        30.761675
      ],
      [
        -98.4596,
        30.761729
      ],
      [
        -98.459454,
        30.761775
      ],
      [
        -98.459273,
        30.761819
      ],
      [
        -98.458967,
        30.761873
      ],
      [
        -98.458539,
        30.761944
      ],
      [
        -98.458268,
        30.761989
      ],
      [
        -98.457573,
        30.762105
      ],
      [
        -98.457394,
        30.76215
      ],
      [
        -98.45721,
        30.76221
      ],
      [
        -98.457051,
        30.762273
      ],
      [
        -98.456887,
        30.762349
      ],
      [
        -98.456731,
        30.762436
      ],
      [
        -98.456613,
        30.762513
      ],
      [
        -98.456533,
        30.762565
      ],
      [
        -98.456426,
        30.762691
      ],
      [
        -98.456397,
        30.762733
      ],
      [
        -98.456333,
        30.762824
      ],
      [
        -98.456253,
        30.762964
      ],
      [
        -98.456187,
        30.763109
      ],
      [
        -98.456137,
        30.763259
      ],
      [
        -98.456092,
        30.763495
      ],
      [
        -98.456076,
        30.763738
      ],
      [
        -98.456072,
        30.764007
      ],
      [
        -98.456069,
        30.764067
      ],
      [
        -98.456057,
        30.764409
      ],
      [
        -98.456059,
        30.764604
      ],
      [
        -98.456047,
        30.7648
      ],
      [
        -98.456017,
        30.765013
      ],
      [
        -98.455927,
        30.765413
      ],
      [
        -98.455923,
        30.765431
      ],
      [
        -98.455859,
        30.765635
      ],
      [
        -98.455846,
        30.765666
      ],
      [
        -98.455776,
        30.765833
      ],
      [
        -98.455677,
        30.766026
      ],
      [
        -98.455592,
        30.766169
      ],
      [
        -98.455574,
        30.766201
      ],
      [
        -98.455468,
        30.766387
      ],
      [
        -98.455332,
        30.766623
      ],
      [
        -98.455195,
        30.76689
      ],
      [
        -98.455119,
        30.767033
      ],
      [
        -98.455032,
        30.767197
      ],
      [
        -98.454763,
        30.76765
      ],
      [
        -98.454471,
        30.768199
      ],
      [
        -98.454334,
        30.768503
      ],
      [
        -98.454293,
        30.768612
      ],
      [
        -98.454236,
        30.768763
      ],
      [
        -98.45421,
        30.768841
      ],
      [
        -98.454184,
        30.769058
      ],
      [
        -98.454187,
        30.769168
      ],
      [
        -98.454188,
        30.769221
      ],
      [
        -98.454212,
        30.769384
      ],
      [
        -98.454225,
        30.769443
      ],
      [
        -98.454248,
        30.769542
      ],
      [
        -98.45429,
        30.769671
      ],
      [
        -98.454307,
        30.769712
      ],
      [
        -98.45432,
        30.769744
      ],
      [
        -98.454369,
        30.769842
      ],
      [
        -98.454425,
        30.769936
      ],
      [
        -98.454452,
        30.769975
      ],
      [
        -98.454489,
        30.770027
      ],
      [
        -98.454592,
        30.770148
      ],
      [
        -98.454724,
        30.770272
      ],
      [
        -98.454814,
        30.770344
      ],
      [
        -98.454966,
        30.77044
      ],
      [
        -98.455125,
        30.770526
      ],
      [
        -98.455259,
        30.770587
      ],
      [
        -98.455293,
        30.770602
      ],
      [
        -98.455465,
        30.770667
      ],
      [
        -98.455643,
        30.770721
      ],
      [
        -98.455762,
        30.770751
      ],
      [
        -98.456427,
        30.770908
      ],
      [
        -98.457596,
        30.771169
      ],
      [
        -98.459398,
        30.771562
      ],
      [
        -98.459687,
        30.771625
      ],
      [
        -98.460231,
        30.771743
      ],
      [
        -98.460772,
        30.77187
      ],
      [
        -98.460851,
        30.771887
      ],
      [
        -98.461472,
        30.772018
      ],
      [
        -98.461505,
        30.772026
      ],
      [
        -98.462168,
        30.772189
      ],
      [
        -98.462741,
        30.772328
      ],
      [
        -98.462969,
        30.772398
      ],
      [
        -98.46319,
        30.772484
      ],
      [
        -98.463402,
        30.772584
      ],
      [
        -98.463619,
        30.772693
      ],
      [
        -98.463777,
        30.772786
      ],
      [
        -98.463925,
        30.77289
      ],
      [
        -98.464063,
        30.773003
      ],
      [
        -98.464191,
        30.773125
      ],
      [
        -98.464418,
        30.773377
      ],
      [
        -98.464552,
        30.773552
      ],
      [
        -98.464672,
        30.773737
      ],
      [
        -98.464776,
        30.77393
      ],
      [
        -98.464818,
        30.774028
      ],
      [
        -98.464898,
        30.774278
      ],
      [
        -98.464953,
        30.774532
      ],
      [
        -98.464969,
        30.774635
      ],
      [
        -98.46499,
        30.774886
      ],
      [
        -98.464991,
        30.775037
      ],
      [
        -98.464979,
        30.775591
      ],
      [
        -98.464929,
        30.776242
      ],
      [
        -98.464914,
        30.776537
      ],
      [
        -98.46489,
        30.777048
      ],
      [
        -98.464757,
        30.77875
      ],
      [
        -98.46471,
        30.779445
      ],
      [
        -98.464705,
        30.779606
      ],
      [
        -98.464704,
        30.779875
      ],
      [
        -98.464721,
        30.780311
      ],
      [
        -98.46476,
        30.780746
      ],
      [
        -98.464804,
        30.781036
      ],
      [
        -98.46489,
        30.781552
      ],
      [
        -98.464923,
        30.781697
      ],
      [
        -98.464987,
        30.781982
      ],
      [
        -98.465106,
        30.782407
      ],
      [
        -98.465196,
        30.782684
      ],
      [
        -98.465216,
        30.782738
      ],
      [
        -98.465351,
        30.7831
      ],
      [
        -98.46551,
        30.783475
      ],
      [
        -98.465736,
        30.783944
      ],
      [
        -98.465933,
        30.784309
      ],
      [
        -98.466068,
        30.784533
      ],
      [
        -98.466223,
        30.784792
      ],
      [
        -98.466472,
        30.785167
      ],
      [
        -98.466539,
        30.785257
      ],
      [
        -98.46674,
        30.785531
      ],
      [
        -98.467027,
        30.785885
      ],
      [
        -98.467369,
        30.786268
      ],
      [
        -98.467728,
        30.786639
      ],
      [
        -98.468146,
        30.787037
      ],
      [
        -98.468537,
        30.787381
      ],
      [
        -98.468896,
        30.787663
      ],
      [
        -98.469272,
        30.787928
      ],
      [
        -98.469417,
        30.788024
      ],
      [
        -98.469835,
        30.788284
      ],
      [
        -98.470569,
        30.788761
      ],
      [
        -98.471329,
        30.789307
      ],
      [
        -98.471601,
        30.789527
      ],
      [
        -98.471856,
        30.789762
      ],
      [
        -98.472093,
        30.790009
      ],
      [
        -98.472222,
        30.790158
      ],
      [
        -98.472398,
        30.790383
      ],
      [
        -98.472558,
        30.790615
      ],
      [
        -98.472702,
        30.790856
      ],
      [
        -98.472797,
        30.791041
      ],
      [
        -98.472829,
        30.791103
      ],
      [
        -98.472962,
        30.791409
      ],
      [
        -98.473076,
        30.791724
      ],
      [
        -98.473169,
        30.792043
      ],
      [
        -98.473242,
        30.792366
      ],
      [
        -98.473284,
        30.792637
      ],
      [
        -98.473314,
        30.792964
      ],
      [
        -98.473324,
        30.793291
      ],
      [
        -98.473321,
        30.793455
      ],
      [
        -98.473334,
        30.793788
      ],
      [
        -98.47333,
        30.795068
      ],
      [
        -98.473328,
        30.7963
      ],
      [
        -98.473329,
        30.796406
      ],
      [
        -98.47333,
        30.796579
      ],
      [
        -98.473332,
        30.796855
      ],
      [
        -98.473344,
        30.799083
      ],
      [
        -98.473354,
        30.799999
      ],
      [
        -98.473356,
        30.800669
      ],
      [
        -98.473348,
        30.801837
      ],
      [
        -98.47335,
        30.802198
      ],
      [
        -98.473349,
        30.802336
      ],
      [
        -98.473345,
        30.803098
      ],
      [
        -98.473366,
        30.804153
      ],
      [
        -98.473373,
        30.806561
      ],
      [
        -98.473372,
        30.808441
      ],
      [
        -98.473374,
        30.80966
      ],
      [
        -98.473395,
        30.811163
      ],
      [
        -98.473399,
        30.811649
      ],
      [
        -98.473399,
        30.812674
      ],
      [
        -98.473411,
        30.814634
      ],
      [
        -98.473407,
        30.814963
      ],
      [
        -98.473411,
        30.816104
      ],
      [
        -98.473397,
        30.816571
      ],
      [
        -98.473419,
        30.818918
      ],
      [
        -98.473414,
        30.820002
      ],
      [
        -98.473381,
        30.820642
      ],
      [
        -98.473326,
        30.82128
      ],
      [
        -98.473191,
        30.822632
      ],
      [
        -98.473116,
        30.823326
      ],
      [
        -98.473109,
        30.823483
      ],
      [
        -98.473114,
        30.823745
      ],
      [
        -98.47314,
        30.824007
      ],
      [
        -98.473185,
        30.824267
      ],
      [
        -98.473212,
        30.824371
      ],
      [
        -98.473304,
        30.824631
      ],
      [
        -98.473419,
        30.824884
      ],
      [
        -98.473496,
        30.825023
      ],
      [
        -98.473554,
        30.82513
      ],
      [
        -98.47371,
        30.825366
      ],
      [
        -98.473901,
        30.825582
      ],
      [
        -98.474111,
        30.825785
      ],
      [
        -98.474339,
        30.825973
      ],
      [
        -98.474463,
        30.826061
      ],
      [
        -98.474571,
        30.826138
      ],
      [
        -98.474806,
        30.82628
      ],
      [
        -98.475001,
        30.826382
      ],
      [
        -98.475214,
        30.826476
      ],
      [
        -98.47549,
        30.826576
      ],
      [
        -98.475775,
        30.826658
      ],
      [
        -98.476068,
        30.826721
      ],
      [
        -98.476365,
        30.826764
      ],
      [
        -98.476665,
        30.826787
      ],
      [
        -98.477531,
        30.826905
      ],
      [
        -98.477841,
        30.826919
      ],
      [
        -98.478151,
        30.826914
      ],
      [
        -98.47846,
        30.826891
      ],
      [
        -98.478767,
        30.82685
      ],
      [
        -98.47907,
        30.826792
      ],
      [
        -98.479368,
        30.826715
      ],
      [
        -98.479659,
        30.82662
      ],
      [
        -98.479941,
        30.826509
      ],
      [
        -98.480214,
        30.82638
      ],
      [
        -98.480568,
        30.826176
      ],
      [
        -98.481012,
        30.825902
      ],
      [
        -98.48149,
        30.825535
      ],
      [
        -98.481688,
        30.825447
      ],
      [
        -98.48249,
        30.824878
      ],
      [
        -98.484303,
        30.823675
      ],
      [
        -98.485414,
        30.822919
      ],
      [
        -98.486804,
        30.82199
      ],
      [
        -98.487109,
        30.82181
      ],
      [
        -98.487425,
        30.821646
      ],
      [
        -98.487751,
        30.821497
      ],
      [
        -98.487953,
        30.821417
      ],
      [
        -98.488087,
        30.821364
      ],
      [
        -98.488495,
        30.821227
      ],
      [
        -98.488921,
        30.821122
      ],
      [
        -98.489355,
        30.821032
      ],
      [
        -98.489758,
        30.820933
      ],
      [
        -98.490047,
        30.820889
      ],
      [
        -98.490436,
        30.820797
      ],
      [
        -98.490777,
        30.820732
      ],
      [
        -98.491147,
        30.820693
      ],
      [
        -98.491509,
        30.820656
      ],
      [
        -98.491819,
        30.820642
      ],
      [
        -98.492104,
        30.820629
      ],
      [
        -98.492912,
        30.820629
      ],
      [
        -98.49918,
        30.820622
      ],
      [
        -98.512741,
        30.820831
      ],
      [
        -98.5263,
        30.820785
      ],
      [
        -98.533918,
        30.820758
      ],
      [
        -98.534698,
        30.820795
      ],
      [
        -98.538837,
        30.820954
      ],
      [
        -98.542568,
        30.820974
      ],
      [
        -98.547613,
        30.820997
      ],
      [
        -98.550751,
        30.821011
      ],
      [
        -98.552041,
        30.821016
      ],
      [
        -98.56133,
        30.821053
      ],
      [
        -98.56171,
        30.821023
      ],
      [
        -98.562094,
        30.820972
      ],
      [
        -98.562411,
        30.820896
      ],
      [
        -98.562802,
        30.820783
      ],
      [
        -98.56303,
        30.820693
      ],
      [
        -98.563277,
        30.820596
      ],
      [
        -98.563615,
        30.820417
      ],
      [
        -98.565422,
        30.819404
      ],
      [
        -98.569435,
        30.817155
      ],
      [
        -98.570076,
        30.8168
      ],
      [
        -98.571047,
        30.816241
      ],
      [
        -98.571702,
        30.815828
      ],
      [
        -98.572329,
        30.815409
      ],
      [
        -98.572911,
        30.814983
      ],
      [
        -98.573984,
        30.814154
      ],
      [
        -98.575376,
        30.81308
      ],
      [
        -98.576117,
        30.812502
      ],
      [
        -98.57657,
        30.812168
      ],
      [
        -98.57697,
        30.811924
      ],
      [
        -98.577232,
        30.811791
      ],
      [
        -98.57762,
        30.811628
      ],
      [
        -98.577813,
        30.811538
      ],
      [
        -98.579039,
        30.811034
      ],
      [
        -98.579146,
        30.810987
      ],
      [
        -98.581527,
        30.81
      ],
      [
        -98.581908,
        30.809834
      ],
      [
        -98.582299,
        30.809625
      ],
      [
        -98.58257,
        30.809436
      ],
      [
        -98.582921,
        30.809148
      ],
      [
        -98.58316,
        30.808937
      ],
      [
        -98.584802,
        30.807432
      ],
      [
        -98.585268,
        30.807104
      ],
      [
        -98.585625,
        30.806872
      ],
      [
        -98.585856,
        30.806743
      ],
      [
        -98.586137,
        30.806628
      ],
      [
        -98.587114,
        30.806321
      ],
      [
        -98.588345,
        30.805939
      ],
      [
        -98.588683,
        30.805833
      ],
      [
        -98.588967,
        30.805722
      ],
      [
        -98.589281,
        30.805579
      ],
      [
        -98.589554,
        30.805423
      ],
      [
        -98.589933,
        30.805155
      ],
      [
        -98.592049,
        30.80318
      ],
      [
        -98.592642,
        30.802686
      ],
      [
        -98.594826,
        30.800868
      ],
      [
        -98.595702,
        30.800158
      ],
      [
        -98.59998,
        30.796859
      ],
      [
        -98.600657,
        30.796302
      ],
      [
        -98.602077,
        30.795048
      ],
      [
        -98.60658,
        30.791013
      ],
      [
        -98.607292,
        30.790508
      ],
      [
        -98.6077,
        30.79026
      ],
      [
        -98.612809,
        30.78712
      ],
      [
        -98.614397,
        30.786129
      ],
      [
        -98.614987,
        30.785729
      ],
      [
        -98.615532,
        30.785265
      ],
      [
        -98.617018,
        30.783917
      ],
      [
        -98.621636,
        30.779709
      ],
      [
        -98.622361,
        30.779075
      ],
      [
        -98.624924,
        30.777005
      ],
      [
        -98.626159,
        30.776008
      ],
      [
        -98.626899,
        30.775407
      ],
      [
        -98.627309,
        30.775073
      ],
      [
        -98.627695,
        30.7748
      ],
      [
        -98.628192,
        30.774551
      ],
      [
        -98.628507,
        30.774443
      ],
      [
        -98.628781,
        30.77437
      ],
      [
        -98.62946,
        30.774277
      ],
      [
        -98.630719,
        30.774137
      ],
      [
        -98.632205,
        30.773957
      ],
      [
        -98.63582,
        30.773346
      ],
      [
        -98.636373,
        30.773228
      ],
      [
        -98.637054,
        30.773045
      ],
      [
        -98.637409,
        30.772902
      ],
      [
        -98.637743,
        30.772754
      ],
      [
        -98.638114,
        30.772554
      ],
      [
        -98.638523,
        30.772293
      ],
      [
        -98.647103,
        30.76588
      ],
      [
        -98.647723,
        30.765276
      ],
      [
        -98.648211,
        30.764637
      ],
      [
        -98.649748,
        30.762005
      ],
      [
        -98.649867,
        30.761801
      ],
      [
        -98.648582,
        30.761798
      ],
      [
        -98.64694,
        30.761789
      ],
      [
        -98.645755,
        30.761783
      ],
      [
        -98.645202,
        30.761774
      ],
      [
        -98.640108,
        30.761745
      ],
      [
        -98.639696,
        30.761746
      ],
      [
        -98.639077,
        30.761734
      ],
      [
        -98.636583,
        30.761721
      ],
      [
        -98.636008,
        30.761718
      ],
      [
        -98.633589,
        30.7617
      ],
      [
        -98.632211,
        30.761692
      ],
      [
        -98.631628,
        30.761676
      ],
      [
        -98.630982,
        30.761659
      ],
      [
        -98.63038,
        30.761609
      ],
      [
        -98.629829,
        30.761541
      ],
      [
        -98.629336,
        30.761464
      ],
      [
        -98.627955,
        30.761206
      ],
      [
        -98.623789,
        30.760446
      ],
      [
        -98.623485,
        30.760398
      ],
      [
        -98.623008,
        30.760339
      ],
      [
        -98.622619,
        30.760304
      ],
      [
        -98.62233,
        30.760284
      ],
      [
        -98.622016,
        30.760278
      ],
      [
        -98.621611,
        30.760287
      ],
      [
        -98.621457,
        30.760291
      ],
      [
        -98.621035,
        30.760315
      ],
      [
        -98.620429,
        30.760375
      ],
      [
        -98.619686,
        30.760513
      ],
      [
        -98.619272,
        30.760611
      ],
      [
        -98.618844,
        30.760729
      ],
      [
        -98.61863,
        30.760796
      ],
      [
        -98.618309,
        30.760908
      ],
      [
        -98.617843,
        30.761085
      ],
      [
        -98.616421,
        30.761664
      ],
      [
        -98.615537,
        30.762035
      ],
      [
        -98.613835,
        30.762728
      ],
      [
        -98.613642,
        30.762798
      ],
      [
        -98.613268,
        30.762928
      ],
      [
        -98.612802,
        30.76306
      ],
      [
        -98.612563,
        30.763118
      ],
      [
        -98.611939,
        30.763217
      ],
      [
        -98.611255,
        30.763263
      ],
      [
        -98.610247,
        30.763285
      ],
      [
        -98.609975,
        30.763304
      ],
      [
        -98.609638,
        30.763344
      ],
      [
        -98.609341,
        30.763396
      ],
      [
        -98.60888,
        30.763496
      ],
      [
        -98.608669,
        30.763551
      ],
      [
        -98.608332,
        30.76366
      ],
      [
        -98.608133,
        30.763732
      ],
      [
        -98.607995,
        30.763789
      ],
      [
        -98.607698,
        30.763931
      ],
      [
        -98.607541,
        30.764
      ],
      [
        -98.606057,
        30.764805
      ],
      [
        -98.605741,
        30.764982
      ],
      [
        -98.604557,
        30.765619
      ],
      [
        -98.602647,
        30.766687
      ],
      [
        -98.602014,
        30.767033
      ],
      [
        -98.600873,
        30.767642
      ],
      [
        -98.600141,
        30.768041
      ],
      [
        -98.5975,
        30.769481
      ],
      [
        -98.594126,
        30.771326
      ],
      [
        -98.591404,
        30.772811
      ],
      [
        -98.589547,
        30.773824
      ],
      [
        -98.588122,
        30.774598
      ],
      [
        -98.585379,
        30.776095
      ],
      [
        -98.581166,
        30.778394
      ],
      [
        -98.581102,
        30.778426
      ],
      [
        -98.58079,
        30.778584
      ],
      [
        -98.580405,
        30.778759
      ],
      [
        -98.580011,
        30.778918
      ],
      [
        -98.579609,
        30.779061
      ],
      [
        -98.579073,
        30.779221
      ],
      [
        -98.57837,
        30.779405
      ],
      [
        -98.574076,
        30.780438
      ],
      [
        -98.572967,
        30.780682
      ],
      [
        -98.571535,
        30.780941
      ],
      [
        -98.570136,
        30.781158
      ],
      [
        -98.568954,
        30.781314
      ],
      [
        -98.568026,
        30.781444
      ],
      [
        -98.567412,
        30.781522
      ],
      [
        -98.566671,
        30.781624
      ],
      [
        -98.566435,
        30.781652
      ],
      [
        -98.565997,
        30.781687
      ],
      [
        -98.565619,
        30.781699
      ],
      [
        -98.565179,
        30.781692
      ],
      [
        -98.564802,
        30.781668
      ],
      [
        -98.564428,
        30.781627
      ],
      [
        -98.564056,
        30.78157
      ],
      [
        -98.563688,
        30.781497
      ],
      [
        -98.563325,
        30.781408
      ],
      [
        -98.562909,
        30.781283
      ],
      [
        -98.562559,
        30.78116
      ],
      [
        -98.562101,
        30.780974
      ],
      [
        -98.561766,
        30.780817
      ],
      [
        -98.561442,
        30.780643
      ],
      [
        -98.56113,
        30.780454
      ],
      [
        -98.560831,
        30.78025
      ],
      [
        -98.560384,
        30.779906
      ],
      [
        -98.559361,
        30.779074
      ],
      [
        -98.556865,
        30.777079
      ],
      [
        -98.556837,
        30.77706
      ],
      [
        -98.55612,
        30.776479
      ],
      [
        -98.555636,
        30.776094
      ],
      [
        -98.554559,
        30.775218
      ],
      [
        -98.554145,
        30.774896
      ],
      [
        -98.553523,
        30.77439
      ],
      [
        -98.550285,
        30.771794
      ],
      [
        -98.549391,
        30.771109
      ],
      [
        -98.548669,
        30.770581
      ],
      [
        -98.548021,
        30.770138
      ],
      [
        -98.547208,
        30.769608
      ],
      [
        -98.54638,
        30.769096
      ],
      [
        -98.545625,
        30.768659
      ],
      [
        -98.544853,
        30.768232
      ],
      [
        -98.540743,
        30.766087
      ],
      [
        -98.54064,
        30.766039
      ],
      [
        -98.540322,
        30.765868
      ],
      [
        -98.540076,
        30.765735
      ],
      [
        -98.536761,
        30.764011
      ],
      [
        -98.53629,
        30.76374
      ],
      [
        -98.535833,
        30.763451
      ],
      [
        -98.535391,
        30.763146
      ],
      [
        -98.534965,
        30.762824
      ],
      [
        -98.534472,
        30.762413
      ],
      [
        -98.534125,
        30.762093
      ],
      [
        -98.533793,
        30.761761
      ],
      [
        -98.533478,
        30.761418
      ],
      [
        -98.533382,
        30.761305
      ],
      [
        -98.533166,
        30.761047
      ],
      [
        -98.532659,
        30.760385
      ],
      [
        -98.532388,
        30.759958
      ],
      [
        -98.532108,
        30.759474
      ],
      [
        -98.531876,
        30.75903
      ],
      [
        -98.531665,
        30.758575
      ],
      [
        -98.531478,
        30.758112
      ],
      [
        -98.531333,
        30.757694
      ],
      [
        -98.531207,
        30.757272
      ],
      [
        -98.530671,
        30.755116
      ],
      [
        -98.530034,
        30.752553
      ],
      [
        -98.529931,
        30.752182
      ],
      [
        -98.529808,
        30.751815
      ],
      [
        -98.529665,
        30.751454
      ],
      [
        -98.529502,
        30.7511
      ],
      [
        -98.529319,
        30.750752
      ],
      [
        -98.529118,
        30.750412
      ],
      [
        -98.528898,
        30.750081
      ],
      [
        -98.52866,
        30.74976
      ],
      [
        -98.528405,
        30.749449
      ],
      [
        -98.528133,
        30.749148
      ],
      [
        -98.527844,
        30.748859
      ],
      [
        -98.52754,
        30.748582
      ],
      [
        -98.527221,
        30.748318
      ],
      [
        -98.52681,
        30.748009
      ],
      [
        -98.5253,
        30.746919
      ],
      [
        -98.522966,
        30.745255
      ],
      [
        -98.5221,
        30.744622
      ],
      [
        -98.520116,
        30.743197
      ],
      [
        -98.517812,
        30.741557
      ],
      [
        -98.516244,
        30.740432
      ],
      [
        -98.514884,
        30.739447
      ],
      [
        -98.514611,
        30.739226
      ],
      [
        -98.514356,
        30.738991
      ],
      [
        -98.514118,
        30.738741
      ],
      [
        -98.513901,
        30.738479
      ],
      [
        -98.513703,
        30.738204
      ],
      [
        -98.51346,
        30.737814
      ],
      [
        -98.513225,
        30.737363
      ],
      [
        -98.513057,
        30.737024
      ],
      [
        -98.512871,
        30.736623
      ],
      [
        -98.512735,
        30.736376
      ],
      [
        -98.512583,
        30.736136
      ],
      [
        -98.512414,
        30.735904
      ],
      [
        -98.51223,
        30.735681
      ],
      [
        -98.512031,
        30.735469
      ],
      [
        -98.511817,
        30.735267
      ],
      [
        -98.511733,
        30.735196
      ],
      [
        -98.511589,
        30.735076
      ],
      [
        -98.511349,
        30.734898
      ],
      [
        -98.511008,
        30.734673
      ],
      [
        -98.510909,
        30.734613
      ],
      [
        -98.510415,
        30.73431
      ],
      [
        -98.51004,
        30.734096
      ],
      [
        -98.509444,
        30.733755
      ],
      [
        -98.509071,
        30.733556
      ],
      [
        -98.508687,
        30.733373
      ],
      [
        -98.508295,
        30.733204
      ],
      [
        -98.507843,
        30.733033
      ],
      [
        -98.507497,
        30.732929
      ],
      [
        -98.507257,
        30.732862
      ],
      [
        -98.507084,
        30.732813
      ],
      [
        -98.506724,
        30.73273
      ],
      [
        -98.506359,
        30.732662
      ],
      [
        -98.505991,
        30.732612
      ],
      [
        -98.50562,
        30.732577
      ],
      [
        -98.504976,
        30.732548
      ],
      [
        -98.504115,
        30.73256
      ],
      [
        -98.501751,
        30.732601
      ],
      [
        -98.500768,
        30.732625
      ],
      [
        -98.498902,
        30.732669
      ],
      [
        -98.497133,
        30.732689
      ],
      [
        -98.496013,
        30.73269
      ],
      [
        -98.493959,
        30.732768
      ],
      [
        -98.492548,
        30.732777
      ],
      [
        -98.489507,
        30.732821
      ],
      [
        -98.487027,
        30.732861
      ],
      [
        -98.48684,
        30.732868
      ],
      [
        -98.486714,
        30.732867
      ],
      [
        -98.486197,
        30.732881
      ],
      [
        -98.48595,
        30.732888
      ],
      [
        -98.484279,
        30.732921
      ],
      [
        -98.48065,
        30.732971
      ],
      [
        -98.478783,
        30.733016
      ],
      [
        -98.477709,
        30.733033
      ],
      [
        -98.476329,
        30.733072
      ],
      [
        -98.47431,
        30.733086
      ],
      [
        -98.472997,
        30.733117
      ],
      [
        -98.472157,
        30.733125
      ],
      [
        -98.471067,
        30.733159
      ],
      [
        -98.469423,
        30.73318
      ],
      [
        -98.468441,
        30.733204
      ],
      [
        -98.467447,
        30.733216
      ],
      [
        -98.467065,
        30.733223
      ],
      [
        -98.465887,
        30.733246
      ],
      [
        -98.464783,
        30.733264
      ],
      [
        -98.464023,
        30.733299
      ],
      [
        -98.463264,
        30.733354
      ],
      [
        -98.462511,
        30.733431
      ],
      [
        -98.461997,
        30.733501
      ],
      [
        -98.46189,
        30.733516
      ],
      [
        -98.461749,
        30.73354
      ],
      [
        -98.461272,
        30.733621
      ],
      [
        -98.460773,
        30.733721
      ],
      [
        -98.456541,
        30.734595
      ],
      [
        -98.455657,
        30.734786
      ],
      [
        -98.453057,
        30.735344
      ],
      [
        -98.452453,
        30.735471
      ],
      [
        -98.45145,
        30.735685
      ],
      [
        -98.450989,
        30.735783
      ],
      [
        -98.449923,
        30.736016
      ],
      [
        -98.449135,
        30.736186
      ],
      [
        -98.448099,
        30.736386
      ],
      [
        -98.447284,
        30.736556
      ],
      [
        -98.4466,
        30.736699
      ],
      [
        -98.443476,
        30.73735
      ],
      [
        -98.442796,
        30.737492
      ],
      [
        -98.442151,
        30.737622
      ],
      [
        -98.440675,
        30.737954
      ],
      [
        -98.440589,
        30.737973
      ],
      [
        -98.439411,
        30.738219
      ],
      [
        -98.438201,
        30.738472
      ],
      [
        -98.437402,
        30.738628
      ],
      [
        -98.436843,
        30.738747
      ],
      [
        -98.435749,
        30.738971
      ],
      [
        -98.435129,
        30.739081
      ],
      [
        -98.434587,
        30.739155
      ],
      [
        -98.433728,
        30.739248
      ],
      [
        -98.431869,
        30.739439
      ],
      [
        -98.431274,
        30.7395
      ],
      [
        -98.430852,
        30.739544
      ],
      [
        -98.430442,
        30.739587
      ],
      [
        -98.428486,
        30.739791
      ],
      [
        -98.428318,
        30.739809
      ],
      [
        -98.426951,
        30.739951
      ],
      [
        -98.426525,
        30.739997
      ],
      [
        -98.426145,
        30.740018
      ],
      [
        -98.425765,
        30.740022
      ],
      [
        -98.425084,
        30.740005
      ],
      [
        -98.424657,
        30.739974
      ],
      [
        -98.424477,
        30.739956
      ],
      [
        -98.423844,
        30.7399
      ],
      [
        -98.42326,
        30.739853
      ],
      [
        -98.423016,
        30.739851
      ],
      [
        -98.422772,
        30.739864
      ],
      [
        -98.42253,
        30.739891
      ],
      [
        -98.422291,
        30.739933
      ],
      [
        -98.422056,
        30.73999
      ],
      [
        -98.421826,
        30.74006
      ],
      [
        -98.421187,
        30.740302
      ],
      [
        -98.420884,
        30.740417
      ],
      [
        -98.420391,
        30.740618
      ],
      [
        -98.420047,
        30.740781
      ],
      [
        -98.419786,
        30.740932
      ],
      [
        -98.419539,
        30.741099
      ],
      [
        -98.419372,
        30.74123
      ],
      [
        -98.419262,
        30.741317
      ],
      [
        -98.419154,
        30.741404
      ],
      [
        -98.418223,
        30.742157
      ],
      [
        -98.417553,
        30.74263
      ],
      [
        -98.417493,
        30.742672
      ],
      [
        -98.417438,
        30.74271
      ],
      [
        -98.417382,
        30.742748
      ],
      [
        -98.417165,
        30.742895
      ],
      [
        -98.415633,
        30.743949
      ],
      [
        -98.415503,
        30.744035
      ],
      [
        -98.414322,
        30.744836
      ],
      [
        -98.413738,
        30.745205
      ],
      [
        -98.413488,
        30.745363
      ],
      [
        -98.413213,
        30.745575
      ],
      [
        -98.412923,
        30.745772
      ],
      [
        -98.412619,
        30.745953
      ],
      [
        -98.412303,
        30.746117
      ],
      [
        -98.412166,
        30.746181
      ],
      [
        -98.411938,
        30.746288
      ],
      [
        -98.411557,
        30.746456
      ],
      [
        -98.411166,
        30.746605
      ],
      [
        -98.411016,
        30.746654
      ],
      [
        -98.410433,
        30.746844
      ],
      [
        -98.409978,
        30.746966
      ],
      [
        -98.409589,
        30.747048
      ],
      [
        -98.409413,
        30.747075
      ],
      [
        -98.40907,
        30.74712
      ],
      [
        -98.408574,
        30.747184
      ],
      [
        -98.407847,
        30.747267
      ],
      [
        -98.406972,
        30.747345
      ],
      [
        -98.406603,
        30.747388
      ],
      [
        -98.406418,
        30.7474
      ],
      [
        -98.40611,
        30.747408
      ],
      [
        -98.4051,
        30.747567
      ],
      [
        -98.404233,
        30.747639
      ],
      [
        -98.403855,
        30.74767
      ],
      [
        -98.403031,
        30.747781
      ],
      [
        -98.402259,
        30.747855
      ],
      [
        -98.401469,
        30.747929
      ],
      [
        -98.401211,
        30.747973
      ],
      [
        -98.400405,
        30.748128
      ],
      [
        -98.39916,
        30.748386
      ],
      [
        -98.398757,
        30.748467
      ],
      [
        -98.398551,
        30.748511
      ],
      [
        -98.398173,
        30.748607
      ],
      [
        -98.397444,
        30.748762
      ],
      [
        -98.396637,
        30.748939
      ],
      [
        -98.39631,
        30.749016
      ],
      [
        -98.395685,
        30.749163
      ],
      [
        -98.395318,
        30.749286
      ],
      [
        -98.395008,
        30.74941
      ],
      [
        -98.39452,
        30.749664
      ],
      [
        -98.394223,
        30.749862
      ],
      [
        -98.393847,
        30.750146
      ],
      [
        -98.393579,
        30.750405
      ],
      [
        -98.3932,
        30.750865
      ],
      [
        -98.392947,
        30.751282
      ],
      [
        -98.392486,
        30.752042
      ],
      [
        -98.392184,
        30.752512
      ],
      [
        -98.391859,
        30.753039
      ],
      [
        -98.391584,
        30.753422
      ],
      [
        -98.391315,
        30.753765
      ],
      [
        -98.390937,
        30.754192
      ],
      [
        -98.390519,
        30.754595
      ],
      [
        -98.390146,
        30.754913
      ],
      [
        -98.389477,
        30.755419
      ],
      [
        -98.388927,
        30.755766
      ],
      [
        -98.388547,
        30.755979
      ],
      [
        -98.388078,
        30.756235
      ],
      [
        -98.387965,
        30.756289
      ],
      [
        -98.387887,
        30.756322
      ],
      [
        -98.387361,
        30.756533
      ],
      [
        -98.38712,
        30.756623
      ],
      [
        -98.386503,
        30.756841
      ],
      [
        -98.385822,
        30.757022
      ],
      [
        -98.384922,
        30.757203
      ],
      [
        -98.384209,
        30.757287
      ],
      [
        -98.380904,
        30.757543
      ],
      [
        -98.380735,
        30.757547
      ],
      [
        -98.380346,
        30.757544
      ],
      [
        -98.380015,
        30.757528
      ],
      [
        -98.379716,
        30.757482
      ],
      [
        -98.379421,
        30.757417
      ],
      [
        -98.379132,
        30.757338
      ],
      [
        -98.378849,
        30.757243
      ],
      [
        -98.378586,
        30.757137
      ],
      [
        -98.37841,
        30.757074
      ],
      [
        -98.377708,
        30.756855
      ],
      [
        -98.377574,
        30.756826
      ],
      [
        -98.377472,
        30.756804
      ],
      [
        -98.37738,
        30.756791
      ],
      [
        -98.377232,
        30.75677
      ],
      [
        -98.376989,
        30.756753
      ],
      [
        -98.376711,
        30.756742
      ],
      [
        -98.374455,
        30.756823
      ],
      [
        -98.37379,
        30.756897
      ],
      [
        -98.373044,
        30.757035
      ],
      [
        -98.372762,
        30.757092
      ],
      [
        -98.371115,
        30.757402
      ],
      [
        -98.36985,
        30.757648
      ],
      [
        -98.369566,
        30.757728
      ],
      [
        -98.369442,
        30.757763
      ],
      [
        -98.369051,
        30.757897
      ],
      [
        -98.368776,
        30.758003
      ],
      [
        -98.368209,
        30.758316
      ],
      [
        -98.367027,
        30.758972
      ],
      [
        -98.366587,
        30.759179
      ],
      [
        -98.366253,
        30.759312
      ],
      [
        -98.365895,
        30.759436
      ],
      [
        -98.365568,
        30.75953
      ],
      [
        -98.365195,
        30.759623
      ],
      [
        -98.364849,
        30.759695
      ],
      [
        -98.363979,
        30.759827
      ],
      [
        -98.36314,
        30.759954
      ],
      [
        -98.362554,
        30.760009
      ],
      [
        -98.361903,
        30.76004
      ],
      [
        -98.361211,
        30.760012
      ],
      [
        -98.360638,
        30.759955
      ],
      [
        -98.359192,
        30.759727
      ],
      [
        -98.358954,
        30.759695
      ],
      [
        -98.358723,
        30.759664
      ],
      [
        -98.358471,
        30.759644
      ],
      [
        -98.358229,
        30.759643
      ],
      [
        -98.357929,
        30.759643
      ],
      [
        -98.357626,
        30.759681
      ],
      [
        -98.35737,
        30.759724
      ],
      [
        -98.357123,
        30.759784
      ],
      [
        -98.356821,
        30.759878
      ],
      [
        -98.356281,
        30.760103
      ],
      [
        -98.355785,
        30.760337
      ],
      [
        -98.355377,
        30.760552
      ],
      [
        -98.35496,
        30.760809
      ],
      [
        -98.353473,
        30.761895
      ],
      [
        -98.352213,
        30.762724
      ],
      [
        -98.35149,
        30.763157
      ],
      [
        -98.351412,
        30.763204
      ],
      [
        -98.351179,
        30.763368
      ],
      [
        -98.350879,
        30.763641
      ],
      [
        -98.350842,
        30.763682
      ],
      [
        -98.350724,
        30.763815
      ],
      [
        -98.350334,
        30.764336
      ],
      [
        -98.349196,
        30.766172
      ],
      [
        -98.348888,
        30.766533
      ],
      [
        -98.348596,
        30.766853
      ],
      [
        -98.348156,
        30.76719
      ],
      [
        -98.347829,
        30.767371
      ],
      [
        -98.347465,
        30.767549
      ],
      [
        -98.347081,
        30.7677
      ],
      [
        -98.346663,
        30.767802
      ],
      [
        -98.346264,
        30.767866
      ],
      [
        -98.345791,
        30.767897
      ],
      [
        -98.345256,
        30.767866
      ],
      [
        -98.345005,
        30.767816
      ],
      [
        -98.344753,
        30.767756
      ],
      [
        -98.344435,
        30.767665
      ],
      [
        -98.344017,
        30.767486
      ],
      [
        -98.343674,
        30.76729
      ],
      [
        -98.342967,
        30.766853
      ],
      [
        -98.342615,
        30.766684
      ],
      [
        -98.342264,
        30.766558
      ],
      [
        -98.341752,
        30.766424
      ],
      [
        -98.341343,
        30.766368
      ],
      [
        -98.340019,
        30.766311
      ],
      [
        -98.339038,
        30.766276
      ],
      [
        -98.334067,
        30.766078
      ],
      [
        -98.333317,
        30.766075
      ],
      [
        -98.332852,
        30.766116
      ],
      [
        -98.332427,
        30.76621
      ],
      [
        -98.331542,
        30.766498
      ],
      [
        -98.331243,
        30.76661
      ],
      [
        -98.330624,
        30.76684
      ],
      [
        -98.330207,
        30.766957
      ],
      [
        -98.32996,
        30.766992
      ],
      [
        -98.329708,
        30.767015
      ],
      [
        -98.329507,
        30.767023
      ],
      [
        -98.32922,
        30.767019
      ],
      [
        -98.329053,
        30.767005
      ],
      [
        -98.328286,
        30.766905
      ],
      [
        -98.327577,
        30.766806
      ],
      [
        -98.327337,
        30.766783
      ],
      [
        -98.327065,
        30.766776
      ],
      [
        -98.326667,
        30.766784
      ],
      [
        -98.326283,
        30.766804
      ],
      [
        -98.325388,
        30.766931
      ],
      [
        -98.324833,
        30.767023
      ],
      [
        -98.324399,
        30.767083
      ],
      [
        -98.323999,
        30.767124
      ],
      [
        -98.323751,
        30.767129
      ],
      [
        -98.323674,
        30.767126
      ],
      [
        -98.323331,
        30.767111
      ],
      [
        -98.323013,
        30.767081
      ],
      [
        -98.322945,
        30.767075
      ],
      [
        -98.322685,
        30.767016
      ],
      [
        -98.32259,
        30.766995
      ],
      [
        -98.32242,
        30.766949
      ],
      [
        -98.322119,
        30.766867
      ],
      [
        -98.321029,
        30.766445
      ],
      [
        -98.320797,
        30.766345
      ],
      [
        -98.320556,
        30.766262
      ],
      [
        -98.320351,
        30.766198
      ],
      [
        -98.320108,
        30.766142
      ],
      [
        -98.319846,
        30.766097
      ],
      [
        -98.319632,
        30.766077
      ],
      [
        -98.319552,
        30.76607
      ],
      [
        -98.319479,
        30.766068
      ],
      [
        -98.31939,
        30.766065
      ],
      [
        -98.319174,
        30.766059
      ],
      [
        -98.318787,
        30.766067
      ],
      [
        -98.318287,
        30.766152
      ],
      [
        -98.318066,
        30.766199
      ],
      [
        -98.316963,
        30.766435
      ],
      [
        -98.316737,
        30.766483
      ],
      [
        -98.316218,
        30.766577
      ],
      [
        -98.316151,
        30.766589
      ],
      [
        -98.315895,
        30.76661
      ],
      [
        -98.315654,
        30.76662
      ],
      [
        -98.315405,
        30.766605
      ],
      [
        -98.315064,
        30.766572
      ],
      [
        -98.31482,
        30.766534
      ],
      [
        -98.314791,
        30.766529
      ],
      [
        -98.314539,
        30.766473
      ],
      [
        -98.314379,
        30.766422
      ],
      [
        -98.313835,
        30.766215
      ],
      [
        -98.313597,
        30.766093
      ],
      [
        -98.313439,
        30.76599
      ],
      [
        -98.313202,
        30.765836
      ],
      [
        -98.313068,
        30.765725
      ],
      [
        -98.312248,
        30.765059
      ],
      [
        -98.311729,
        30.764628
      ],
      [
        -98.311711,
        30.764614
      ],
      [
        -98.311492,
        30.764435
      ],
      [
        -98.31106,
        30.764081
      ],
      [
        -98.310982,
        30.764019
      ],
      [
        -98.310715,
        30.76381
      ],
      [
        -98.310427,
        30.763583
      ],
      [
        -98.310026,
        30.763267
      ],
      [
        -98.309074,
        30.762485
      ],
      [
        -98.308725,
        30.762262
      ],
      [
        -98.308459,
        30.762112
      ],
      [
        -98.308178,
        30.761968
      ],
      [
        -98.307916,
        30.761851
      ],
      [
        -98.307635,
        30.761753
      ],
      [
        -98.307348,
        30.761658
      ],
      [
        -98.306907,
        30.761579
      ],
      [
        -98.30649,
        30.761523
      ],
      [
        -98.306041,
        30.761486
      ],
      [
        -98.305625,
        30.761482
      ],
      [
        -98.304193,
        30.761443
      ],
      [
        -98.303738,
        30.76143
      ],
      [
        -98.302115,
        30.76138
      ],
      [
        -98.301498,
        30.761274
      ],
      [
        -98.300913,
        30.761163
      ],
      [
        -98.300515,
        30.761063
      ],
      [
        -98.300398,
        30.761034
      ],
      [
        -98.298863,
        30.760743
      ],
      [
        -98.298078,
        30.760629
      ],
      [
        -98.297724,
        30.760582
      ],
      [
        -98.297162,
        30.760534
      ],
      [
        -98.296475,
        30.760504
      ],
      [
        -98.295956,
        30.760504
      ],
      [
        -98.295253,
        30.760532
      ],
      [
        -98.294601,
        30.760582
      ],
      [
        -98.294104,
        30.760635
      ],
      [
        -98.293667,
        30.760696
      ],
      [
        -98.292316,
        30.76095
      ],
      [
        -98.289472,
        30.761532
      ],
      [
        -98.289059,
        30.761605
      ],
      [
        -98.288617,
        30.761694
      ],
      [
        -98.286791,
        30.762152
      ],
      [
        -98.286484,
        30.76221
      ],
      [
        -98.286171,
        30.762252
      ],
      [
        -98.285857,
        30.76228
      ],
      [
        -98.285484,
        30.762291
      ],
      [
        -98.285113,
        30.762282
      ],
      [
        -98.284996,
        30.762274
      ],
      [
        -98.284681,
        30.762251
      ],
      [
        -98.284254,
        30.762197
      ],
      [
        -98.280508,
        30.761719
      ],
      [
        -98.280304,
        30.761693
      ],
      [
        -98.279969,
        30.761651
      ],
      [
        -98.279381,
        30.761577
      ],
      [
        -98.279007,
        30.761531
      ],
      [
        -98.278102,
        30.761417
      ],
      [
        -98.27651,
        30.761206
      ],
      [
        -98.275489,
        30.761072
      ],
      [
        -98.274427,
        30.760932
      ],
      [
        -98.273762,
        30.760888
      ],
      [
        -98.27367,
        30.760886
      ],
      [
        -98.273262,
        30.760876
      ],
      [
        -98.272995,
        30.760871
      ],
      [
        -98.271689,
        30.760822
      ],
      [
        -98.270545,
        30.760796
      ],
      [
        -98.269534,
        30.760773
      ],
      [
        -98.267183,
        30.760715
      ],
      [
        -98.265313,
        30.760677
      ],
      [
        -98.263963,
        30.760641
      ],
      [
        -98.262597,
        30.760603
      ],
      [
        -98.262089,
        30.760592
      ],
      [
        -98.261802,
        30.760585
      ],
      [
        -98.258687,
        30.760518
      ],
      [
        -98.257975,
        30.760507
      ],
      [
        -98.257519,
        30.760496
      ],
      [
        -98.257344,
        30.76049
      ],
      [
        -98.25658,
        30.760469
      ],
      [
        -98.25548,
        30.760446
      ],
      [
        -98.254537,
        30.760407
      ],
      [
        -98.253999,
        30.760361
      ],
      [
        -98.253875,
        30.76035
      ],
      [
        -98.252737,
        30.760253
      ],
      [
        -98.251133,
        30.760119
      ],
      [
        -98.250852,
        30.760096
      ],
      [
        -98.250167,
        30.760035
      ],
      [
        -98.249893,
        30.760016
      ],
      [
        -98.249668,
        30.76
      ],
      [
        -98.248782,
        30.75992
      ],
      [
        -98.248085,
        30.759858
      ],
      [
        -98.247933,
        30.759848
      ],
      [
        -98.247037,
        30.759771
      ],
      [
        -98.246434,
        30.759722
      ],
      [
        -98.246354,
        30.759714
      ],
      [
        -98.246125,
        30.759693
      ],
      [
        -98.245907,
        30.759675
      ],
      [
        -98.245394,
        30.759633
      ],
      [
        -98.245113,
        30.759605
      ],
      [
        -98.244685,
        30.759571
      ],
      [
        -98.244254,
        30.759539
      ],
      [
        -98.2432,
        30.759448
      ],
      [
        -98.242869,
        30.759404
      ],
      [
        -98.242536,
        30.759365
      ],
      [
        -98.242202,
        30.759312
      ],
      [
        -98.242028,
        30.759284
      ],
      [
        -98.241941,
        30.759271
      ],
      [
        -98.241646,
        30.759216
      ],
      [
        -98.24148,
        30.759182
      ],
      [
        -98.241018,
        30.759087
      ],
      [
        -98.240885,
        30.759058
      ],
      [
        -98.240661,
        30.75901
      ],
      [
        -98.24042,
        30.758955
      ],
      [
        -98.240169,
        30.758898
      ],
      [
        -98.239443,
        30.758727
      ],
      [
        -98.238844,
        30.758587
      ],
      [
        -98.238645,
        30.758535
      ],
      [
        -98.237268,
        30.758221
      ],
      [
        -98.236949,
        30.758146
      ],
      [
        -98.235625,
        30.757844
      ],
      [
        -98.235293,
        30.757768
      ],
      [
        -98.234949,
        30.757686
      ],
      [
        -98.234823,
        30.757656
      ],
      [
        -98.234246,
        30.75753
      ],
      [
        -98.234195,
        30.757523
      ],
      [
        -98.233983,
        30.757491
      ],
      [
        -98.233916,
        30.757484
      ],
      [
        -98.233652,
        30.757456
      ],
      [
        -98.233545,
        30.757448
      ],
      [
        -98.233415,
        30.757438
      ],
      [
        -98.233172,
        30.757428
      ],
      [
        -98.232977,
        30.757427
      ],
      [
        -98.232774,
        30.757427
      ],
      [
        -98.232532,
        30.757435
      ],
      [
        -98.232168,
        30.757478
      ],
      [
        -98.231863,
        30.757524
      ],
      [
        -98.231784,
        30.757538
      ],
      [
        -98.231601,
        30.75757
      ],
      [
        -98.230884,
        30.757708
      ],
      [
        -98.229891,
        30.7579
      ],
      [
        -98.229596,
        30.757953
      ],
      [
        -98.229208,
        30.758021
      ],
      [
        -98.228741,
        30.758109
      ],
      [
        -98.228311,
        30.758195
      ],
      [
        -98.227978,
        30.758263
      ],
      [
        -98.227746,
        30.758316
      ],
      [
        -98.227595,
        30.75835
      ],
      [
        -98.227176,
        30.758444
      ],
      [
        -98.226684,
        30.758554
      ],
      [
        -98.226238,
        30.758656
      ],
      [
        -98.225894,
        30.758734
      ],
      [
        -98.225609,
        30.758795
      ],
      [
        -98.225169,
        30.758873
      ],
      [
        -98.224514,
        30.758989
      ],
      [
        -98.224368,
        30.759015
      ],
      [
        -98.2241,
        30.759063
      ],
      [
        -98.224,
        30.759081
      ],
      [
        -98.223439,
        30.759158
      ],
      [
        -98.223149,
        30.759208
      ],
      [
        -98.22239,
        30.759344
      ],
      [
        -98.221963,
        30.759426
      ],
      [
        -98.221594,
        30.759489
      ],
      [
        -98.221243,
        30.759551
      ],
      [
        -98.220861,
        30.75963
      ],
      [
        -98.220522,
        30.759695
      ],
      [
        -98.219895,
        30.759825
      ],
      [
        -98.219219,
        30.759911
      ],
      [
        -98.218938,
        30.759931
      ],
      [
        -98.218723,
        30.759942
      ],
      [
        -98.218635,
        30.759946
      ],
      [
        -98.218382,
        30.759952
      ],
      [
        -98.218108,
        30.759948
      ],
      [
        -98.217719,
        30.759928
      ],
      [
        -98.217576,
        30.75992
      ],
      [
        -98.217483,
        30.759911
      ],
      [
        -98.217167,
        30.759883
      ],
      [
        -98.217052,
        30.759866
      ],
      [
        -98.216651,
        30.759807
      ],
      [
        -98.216553,
        30.759793
      ],
      [
        -98.216195,
        30.759721
      ],
      [
        -98.215819,
        30.759638
      ],
      [
        -98.215589,
        30.759576
      ],
      [
        -98.215517,
        30.759556
      ],
      [
        -98.21512,
        30.75944
      ],
      [
        -98.214636,
        30.759267
      ],
      [
        -98.214579,
        30.759242
      ],
      [
        -98.214471,
        30.759195
      ],
      [
        -98.214248,
        30.759106
      ],
      [
        -98.214072,
        30.759024
      ],
      [
        -98.213641,
        30.758832
      ],
      [
        -98.213437,
        30.758741
      ],
      [
        -98.213286,
        30.758683
      ],
      [
        -98.212997,
        30.758544
      ],
      [
        -98.212822,
        30.75846
      ],
      [
        -98.212536,
        30.758322
      ],
      [
        -98.212158,
        30.75815
      ],
      [
        -98.211895,
        30.758029
      ],
      [
        -98.211652,
        30.757917
      ],
      [
        -98.211168,
        30.757692
      ],
      [
        -98.210608,
        30.757432
      ],
      [
        -98.210414,
        30.75734
      ],
      [
        -98.210117,
        30.757207
      ],
      [
        -98.210029,
        30.757165
      ],
      [
        -98.209829,
        30.757073
      ],
      [
        -98.20934,
        30.756846
      ],
      [
        -98.208963,
        30.756672
      ],
      [
        -98.2088,
        30.7566
      ],
      [
        -98.208737,
        30.75657
      ],
      [
        -98.20861,
        30.756508
      ],
      [
        -98.208505,
        30.756459
      ],
      [
        -98.207846,
        30.756154
      ],
      [
        -98.206876,
        30.755705
      ],
      [
        -98.206783,
        30.755662
      ],
      [
        -98.206513,
        30.755532
      ],
      [
        -98.206423,
        30.75549
      ],
      [
        -98.205404,
        30.755026
      ],
      [
        -98.204125,
        30.754435
      ],
      [
        -98.20391,
        30.754336
      ],
      [
        -98.202845,
        30.753861
      ],
      [
        -98.201671,
        30.753346
      ],
      [
        -98.201463,
        30.753273
      ],
      [
        -98.20093,
        30.753086
      ],
      [
        -98.200731,
        30.753028
      ],
      [
        -98.200699,
        30.753018
      ],
      [
        -98.200559,
        30.752973
      ],
      [
        -98.199932,
        30.752806
      ],
      [
        -98.1995,
        30.752708
      ],
      [
        -98.199377,
        30.752685
      ],
      [
        -98.198963,
        30.752608
      ],
      [
        -98.198839,
        30.752593
      ],
      [
        -98.198433,
        30.752522
      ],
      [
        -98.197867,
        30.752469
      ],
      [
        -98.197349,
        30.752428
      ],
      [
        -98.197025,
        30.7524
      ],
      [
        -98.196517,
        30.752356
      ],
      [
        -98.195576,
        30.752266
      ],
      [
        -98.195538,
        30.752263
      ],
      [
        -98.194961,
        30.752217
      ],
      [
        -98.194529,
        30.752175
      ],
      [
        -98.193708,
        30.752095
      ],
      [
        -98.19231,
        30.751959
      ],
      [
        -98.191587,
        30.751895
      ],
      [
        -98.190255,
        30.751765
      ],
      [
        -98.18808,
        30.751571
      ],
      [
        -98.187806,
        30.751546
      ],
      [
        -98.18764,
        30.751532
      ],
      [
        -98.18695,
        30.751466
      ],
      [
        -98.186493,
        30.751422
      ],
      [
        -98.185784,
        30.751361
      ],
      [
        -98.185531,
        30.751337
      ],
      [
        -98.185448,
        30.751329
      ],
      [
        -98.185297,
        30.751314
      ],
      [
        -98.185083,
        30.751293
      ],
      [
        -98.185016,
        30.751287
      ],
      [
        -98.184926,
        30.751279
      ],
      [
        -98.184614,
        30.75125
      ],
      [
        -98.184352,
        30.751226
      ],
      [
        -98.184091,
        30.751203
      ],
      [
        -98.184059,
        30.7512
      ],
      [
        -98.183725,
        30.75117
      ],
      [
        -98.183088,
        30.751112
      ],
      [
        -98.18266,
        30.751071
      ],
      [
        -98.182257,
        30.751032
      ],
      [
        -98.182016,
        30.751004
      ],
      [
        -98.181938,
        30.750995
      ],
      [
        -98.181618,
        30.750969
      ],
      [
        -98.181564,
        30.750965
      ],
      [
        -98.181248,
        30.750938
      ],
      [
        -98.180954,
        30.750901
      ],
      [
        -98.180624,
        30.750873
      ],
      [
        -98.179983,
        30.750818
      ],
      [
        -98.177108,
        30.75055
      ],
      [
        -98.174061,
        30.750265
      ],
      [
        -98.173878,
        30.750251
      ],
      [
        -98.173577,
        30.750223
      ],
      [
        -98.172676,
        30.750139
      ],
      [
        -98.171951,
        30.750071
      ],
      [
        -98.170966,
        30.74998
      ],
      [
        -98.170587,
        30.749945
      ],
      [
        -98.170274,
        30.749921
      ],
      [
        -98.169922,
        30.749884
      ],
      [
        -98.168557,
        30.749758
      ],
      [
        -98.168071,
        30.749713
      ],
      [
        -98.167816,
        30.74969
      ],
      [
        -98.167703,
        30.749679
      ],
      [
        -98.166169,
        30.749538
      ],
      [
        -98.165748,
        30.749499
      ],
      [
        -98.165029,
        30.749456
      ],
      [
        -98.165005,
        30.749454
      ],
      [
        -98.164675,
        30.749433
      ],
      [
        -98.164455,
        30.749429
      ],
      [
        -98.163505,
        30.749411
      ],
      [
        -98.162499,
        30.749411
      ],
      [
        -98.160871,
        30.749411
      ],
      [
        -98.159617,
        30.749415
      ],
      [
        -98.159142,
        30.749414
      ],
      [
        -98.158666,
        30.749412
      ],
      [
        -98.15764,
        30.749417
      ],
      [
        -98.155328,
        30.749419
      ],
      [
        -98.151883,
        30.749414
      ],
      [
        -98.14842,
        30.749429
      ],
      [
        -98.147797,
        30.74943
      ],
      [
        -98.147172,
        30.749432
      ],
      [
        -98.146768,
        30.749431
      ],
      [
        -98.146606,
        30.749431
      ],
      [
        -98.146465,
        30.749431
      ],
      [
        -98.146096,
        30.74945
      ],
      [
        -98.145728,
        30.749485
      ],
      [
        -98.145364,
        30.749539
      ],
      [
        -98.145123,
        30.749584
      ],
      [
        -98.144756,
        30.749674
      ],
      [
        -98.144524,
        30.749745
      ],
      [
        -98.144041,
        30.74992
      ],
      [
        -98.143391,
        30.750156
      ],
      [
        -98.143019,
        30.750291
      ],
      [
        -98.142983,
        30.750304
      ],
      [
        -98.14222,
        30.750525
      ],
      [
        -98.141052,
        30.75093
      ],
      [
        -98.139313,
        30.751532
      ],
      [
        -98.13882,
        30.751697
      ],
      [
        -98.138416,
        30.751846
      ],
      [
        -98.137965,
        30.75199
      ],
      [
        -98.137611,
        30.752086
      ],
      [
        -98.137563,
        30.752099
      ],
      [
        -98.137484,
        30.752117
      ],
      [
        -98.137156,
        30.752193
      ],
      [
        -98.13697,
        30.752232
      ],
      [
        -98.136588,
        30.752283
      ],
      [
        -98.136259,
        30.752307
      ],
      [
        -98.135846,
        30.752325
      ],
      [
        -98.135798,
        30.752324
      ],
      [
        -98.135687,
        30.752322
      ],
      [
        -98.13538,
        30.752312
      ],
      [
        -98.135014,
        30.752286
      ],
      [
        -98.134594,
        30.752232
      ],
      [
        -98.13396,
        30.752121
      ],
      [
        -98.132864,
        30.75193
      ],
      [
        -98.132202,
        30.751809
      ],
      [
        -98.131476,
        30.751683
      ],
      [
        -98.130741,
        30.751556
      ],
      [
        -98.130693,
        30.751545
      ],
      [
        -98.129977,
        30.751422
      ],
      [
        -98.129773,
        30.751387
      ],
      [
        -98.129527,
        30.751345
      ],
      [
        -98.129345,
        30.751312
      ],
      [
        -98.128073,
        30.751093
      ],
      [
        -98.127599,
        30.751011
      ],
      [
        -98.126966,
        30.750901
      ],
      [
        -98.126854,
        30.750882
      ],
      [
        -98.12653,
        30.750828
      ],
      [
        -98.126184,
        30.750769
      ],
      [
        -98.126158,
        30.750765
      ],
      [
        -98.125045,
        30.750571
      ],
      [
        -98.124817,
        30.750531
      ],
      [
        -98.124619,
        30.750496
      ],
      [
        -98.123117,
        30.750234
      ],
      [
        -98.120864,
        30.749817
      ],
      [
        -98.120741,
        30.749796
      ],
      [
        -98.12045,
        30.749748
      ],
      [
        -98.118551,
        30.749412
      ],
      [
        -98.116145,
        30.749002
      ],
      [
        -98.115831,
        30.748946
      ],
      [
        -98.11537,
        30.748865
      ],
      [
        -98.114141,
        30.748649
      ],
      [
        -98.113249,
        30.748493
      ],
      [
        -98.110589,
        30.748033
      ],
      [
        -98.107572,
        30.747536
      ],
      [
        -98.10497,
        30.747079
      ],
      [
        -98.104423,
        30.746983
      ],
      [
        -98.103563,
        30.746832
      ],
      [
        -98.102589,
        30.746661
      ],
      [
        -98.100533,
        30.7463
      ],
      [
        -98.100152,
        30.746247
      ],
      [
        -98.099746,
        30.746198
      ],
      [
        -98.0994,
        30.746181
      ],
      [
        -98.098985,
        30.74618
      ],
      [
        -98.098505,
        30.746215
      ],
      [
        -98.098035,
        30.746281
      ],
      [
        -98.097741,
        30.746334
      ],
      [
        -98.097224,
        30.746452
      ],
      [
        -98.092444,
        30.7476
      ],
      [
        -98.089499,
        30.748295
      ],
      [
        -98.088928,
        30.748419
      ],
      [
        -98.088466,
        30.74851
      ],
      [
        -98.087817,
        30.748551
      ],
      [
        -98.087365,
        30.748543
      ],
      [
        -98.085769,
        30.748434
      ],
      [
        -98.085179,
        30.748395
      ],
      [
        -98.083338,
        30.74828
      ],
      [
        -98.082248,
        30.748212
      ],
      [
        -98.081366,
        30.748158
      ],
      [
        -98.081223,
        30.748149
      ],
      [
        -98.081127,
        30.748143
      ],
      [
        -98.080594,
        30.748113
      ],
      [
        -98.079886,
        30.748069
      ],
      [
        -98.079569,
        30.748049
      ],
      [
        -98.077907,
        30.747943
      ],
      [
        -98.075723,
        30.747813
      ],
      [
        -98.073344,
        30.747671
      ],
      [
        -98.072199,
        30.747603
      ],
      [
        -98.070539,
        30.747504
      ],
      [
        -98.070227,
        30.747485
      ],
      [
        -98.070073,
        30.747476
      ],
      [
        -98.069205,
        30.747424
      ],
      [
        -98.068781,
        30.747399
      ],
      [
        -98.068605,
        30.747388
      ],
      [
        -98.0679,
        30.747346
      ],
      [
        -98.067595,
        30.747328
      ],
      [
        -98.067128,
        30.7473
      ],
      [
        -98.066749,
        30.747278
      ],
      [
        -98.066442,
        30.74726
      ],
      [
        -98.066267,
        30.747249
      ],
      [
        -98.065851,
        30.747226
      ],
      [
        -98.064372,
        30.747139
      ],
      [
        -98.064178,
        30.747128
      ],
      [
        -98.063057,
        30.747034
      ],
      [
        -98.062688,
        30.74698
      ],
      [
        -98.062352,
        30.746922
      ],
      [
        -98.061968,
        30.746836
      ],
      [
        -98.061082,
        30.74657
      ],
      [
        -98.060811,
        30.746477
      ],
      [
        -98.060267,
        30.746261
      ],
      [
        -98.058055,
        30.745246
      ],
      [
        -98.057028,
        30.744774
      ],
      [
        -98.056929,
        30.744729
      ],
      [
        -98.056504,
        30.744533
      ],
      [
        -98.056195,
        30.744404
      ],
      [
        -98.05559,
        30.74412
      ],
      [
        -98.05536,
        30.744014
      ],
      [
        -98.055282,
        30.74398
      ],
      [
        -98.054702,
        30.743707
      ],
      [
        -98.054567,
        30.743628
      ],
      [
        -98.054231,
        30.743421
      ],
      [
        -98.053838,
        30.743097
      ],
      [
        -98.053291,
        30.742643
      ],
      [
        -98.053192,
        30.742562
      ],
      [
        -98.053132,
        30.742512
      ],
      [
        -98.052883,
        30.742306
      ],
      [
        -98.052667,
        30.742134
      ],
      [
        -98.052241,
        30.741796
      ],
      [
        -98.051972,
        30.741587
      ],
      [
        -98.051616,
        30.741338
      ],
      [
        -98.051321,
        30.741168
      ],
      [
        -98.05118,
        30.741078
      ],
      [
        -98.050829,
        30.740879
      ],
      [
        -98.050754,
        30.740837
      ],
      [
        -98.050649,
        30.740785
      ],
      [
        -98.050516,
        30.740717
      ],
      [
        -98.050333,
        30.740636
      ],
      [
        -98.050193,
        30.74057
      ],
      [
        -98.05002,
        30.740491
      ],
      [
        -98.049714,
        30.740352
      ],
      [
        -98.049461,
        30.740237
      ],
      [
        -98.049235,
        30.740134
      ],
      [
        -98.049043,
        30.740047
      ],
      [
        -98.048899,
        30.739975
      ],
      [
        -98.048301,
        30.739709
      ],
      [
        -98.04819,
        30.739659
      ],
      [
        -98.048016,
        30.73958
      ],
      [
        -98.047467,
        30.73933
      ],
      [
        -98.047008,
        30.739122
      ],
      [
        -98.045505,
        30.738427
      ],
      [
        -98.044981,
        30.738185
      ],
      [
        -98.044222,
        30.737859
      ],
      [
        -98.043637,
        30.737594
      ],
      [
        -98.043343,
        30.737463
      ],
      [
        -98.043005,
        30.737301
      ],
      [
        -98.042951,
        30.737275
      ],
      [
        -98.042459,
        30.73705
      ],
      [
        -98.042279,
        30.736968
      ],
      [
        -98.041683,
        30.736695
      ],
      [
        -98.041196,
        30.736473
      ],
      [
        -98.040242,
        30.736044
      ],
      [
        -98.04007,
        30.735961
      ],
      [
        -98.039692,
        30.735792
      ],
      [
        -98.038985,
        30.735471
      ],
      [
        -98.038461,
        30.735245
      ],
      [
        -98.038128,
        30.735126
      ],
      [
        -98.038008,
        30.735083
      ],
      [
        -98.037826,
        30.735027
      ],
      [
        -98.03743,
        30.734924
      ],
      [
        -98.037075,
        30.734857
      ],
      [
        -98.036783,
        30.734822
      ],
      [
        -98.036283,
        30.734785
      ],
      [
        -98.036141,
        30.734781
      ],
      [
        -98.035838,
        30.734772
      ],
      [
        -98.035258,
        30.734789
      ],
      [
        -98.034286,
        30.734849
      ],
      [
        -98.034195,
        30.734858
      ],
      [
        -98.033909,
        30.734865
      ],
      [
        -98.033863,
        30.734866
      ],
      [
        -98.033604,
        30.734861
      ],
      [
        -98.033329,
        30.73484
      ],
      [
        -98.033098,
        30.734811
      ],
      [
        -98.032842,
        30.734771
      ],
      [
        -98.032523,
        30.734699
      ],
      [
        -98.032224,
        30.734616
      ],
      [
        -98.031892,
        30.734512
      ],
      [
        -98.031606,
        30.734402
      ],
      [
        -98.031365,
        30.734296
      ],
      [
        -98.031031,
        30.734119
      ],
      [
        -98.030829,
        30.733997
      ],
      [
        -98.030533,
        30.733794
      ],
      [
        -98.029635,
        30.733154
      ],
      [
        -98.028969,
        30.732669
      ],
      [
        -98.028743,
        30.7325
      ],
      [
        -98.028452,
        30.73229
      ],
      [
        -98.028304,
        30.73218
      ],
      [
        -98.027455,
        30.731555
      ],
      [
        -98.026478,
        30.730836
      ],
      [
        -98.025862,
        30.730382
      ],
      [
        -98.025259,
        30.729938
      ],
      [
        -98.02482,
        30.729612
      ],
      [
        -98.024384,
        30.729288
      ],
      [
        -98.024237,
        30.729179
      ],
      [
        -98.021981,
        30.727565
      ],
      [
        -98.02112,
        30.726949
      ],
      [
        -98.019566,
        30.725837
      ],
      [
        -98.019458,
        30.725753
      ],
      [
        -98.019302,
        30.725631
      ],
      [
        -98.019157,
        30.725524
      ],
      [
        -98.019047,
        30.725448
      ],
      [
        -98.017161,
        30.724068
      ],
      [
        -98.016865,
        30.723852
      ],
      [
        -98.016195,
        30.723367
      ],
      [
        -98.015658,
        30.722978
      ],
      [
        -98.015037,
        30.722519
      ],
      [
        -98.013567,
        30.72143
      ],
      [
        -98.013475,
        30.721362
      ],
      [
        -98.012936,
        30.720882
      ],
      [
        -98.012725,
        30.720686
      ],
      [
        -98.012672,
        30.720635
      ],
      [
        -98.012448,
        30.720422
      ],
      [
        -98.012026,
        30.720019
      ],
      [
        -98.011926,
        30.71991
      ],
      [
        -98.011587,
        30.719541
      ],
      [
        -98.011512,
        30.719453
      ],
      [
        -98.010718,
        30.718521
      ],
      [
        -98.00989,
        30.717536
      ],
      [
        -98.00936,
        30.716902
      ],
      [
        -98.009093,
        30.716582
      ],
      [
        -98.008685,
        30.716093
      ],
      [
        -98.008638,
        30.716036
      ],
      [
        -98.008606,
        30.715999
      ],
      [
        -98.008041,
        30.71533
      ],
      [
        -98.007723,
        30.714954
      ],
      [
        -98.007698,
        30.714924
      ],
      [
        -98.007615,
        30.714825
      ],
      [
        -98.007566,
        30.714767
      ],
      [
        -98.007375,
        30.714539
      ],
      [
        -98.006981,
        30.71407
      ],
      [
        -98.006483,
        30.713475
      ],
      [
        -98.006068,
        30.712981
      ],
      [
        -98.005705,
        30.712548
      ],
      [
        -98.005119,
        30.71185
      ],
      [
        -98.005032,
        30.711746
      ],
      [
        -98.004714,
        30.711367
      ],
      [
        -98.004273,
        30.710883
      ],
      [
        -98.003741,
        30.7103
      ],
      [
        -98.002212,
        30.708444
      ],
      [
        -98.002065,
        30.708294
      ],
      [
        -98.001527,
        30.707744
      ],
      [
        -98.001158,
        30.707392
      ],
      [
        -98.000769,
        30.707055
      ],
      [
        -98.000151,
        30.706544
      ],
      [
        -97.999399,
        30.706006
      ],
      [
        -97.998443,
        30.705345
      ],
      [
        -97.997238,
        30.704497
      ],
      [
        -97.995787,
        30.703455
      ],
      [
        -97.994538,
        30.702542
      ],
      [
        -97.994419,
        30.702457
      ],
      [
        -97.99333,
        30.701646
      ],
      [
        -97.991922,
        30.700526
      ],
      [
        -97.991058,
        30.699838
      ],
      [
        -97.990193,
        30.699151
      ],
      [
        -97.990072,
        30.699055
      ],
      [
        -97.98903,
        30.698262
      ],
      [
        -97.988885,
        30.698163
      ],
      [
        -97.988537,
        30.697942
      ],
      [
        -97.988436,
        30.697885
      ],
      [
        -97.988175,
        30.697737
      ],
      [
        -97.987802,
        30.697548
      ],
      [
        -97.987246,
        30.6973
      ],
      [
        -97.987146,
        30.697256
      ],
      [
        -97.987016,
        30.697204
      ],
      [
        -97.985321,
        30.696521
      ],
      [
        -97.983694,
        30.695865
      ],
      [
        -97.983264,
        30.69569
      ],
      [
        -97.98246,
        30.695363
      ],
      [
        -97.982391,
        30.695335
      ],
      [
        -97.98214,
        30.695233
      ],
      [
        -97.981581,
        30.694992
      ],
      [
        -97.980749,
        30.694611
      ],
      [
        -97.979261,
        30.693887
      ],
      [
        -97.979182,
        30.693848
      ],
      [
        -97.979127,
        30.693822
      ],
      [
        -97.977081,
        30.692814
      ],
      [
        -97.976427,
        30.692504
      ],
      [
        -97.976405,
        30.692495
      ],
      [
        -97.975817,
        30.692237
      ],
      [
        -97.971817,
        30.690514
      ],
      [
        -97.971413,
        30.690332
      ],
      [
        -97.970811,
        30.690059
      ],
      [
        -97.970221,
        30.689767
      ],
      [
        -97.969738,
        30.689507
      ],
      [
        -97.969587,
        30.689417
      ],
      [
        -97.969277,
        30.689236
      ],
      [
        -97.969009,
        30.689073
      ],
      [
        -97.9685,
        30.688763
      ],
      [
        -97.967361,
        30.688017
      ],
      [
        -97.965375,
        30.686744
      ],
      [
        -97.964575,
        30.686224
      ],
      [
        -97.964087,
        30.685916
      ],
      [
        -97.96322,
        30.685351
      ],
      [
        -97.963177,
        30.685324
      ],
      [
        -97.96291,
        30.685151
      ],
      [
        -97.962169,
        30.684671
      ],
      [
        -97.962141,
        30.684653
      ],
      [
        -97.961261,
        30.684097
      ],
      [
        -97.960529,
        30.683633
      ],
      [
        -97.960246,
        30.683431
      ],
      [
        -97.959467,
        30.682932
      ],
      [
        -97.958646,
        30.682408
      ],
      [
        -97.958472,
        30.682296
      ],
      [
        -97.95794,
        30.681969
      ],
      [
        -97.957841,
        30.681916
      ],
      [
        -97.95758,
        30.681777
      ],
      [
        -97.957015,
        30.681486
      ],
      [
        -97.95652,
        30.681248
      ],
      [
        -97.956238,
        30.681129
      ],
      [
        -97.955749,
        30.680933
      ],
      [
        -97.955225,
        30.680739
      ],
      [
        -97.95442,
        30.68048
      ],
      [
        -97.954151,
        30.680407
      ],
      [
        -97.954079,
        30.680388
      ],
      [
        -97.953685,
        30.680291
      ],
      [
        -97.953284,
        30.680205
      ],
      [
        -97.95246,
        30.680045
      ],
      [
        -97.9522,
        30.679996
      ],
      [
        -97.951292,
        30.679826
      ],
      [
        -97.951001,
        30.679772
      ],
      [
        -97.950622,
        30.679703
      ],
      [
        -97.949968,
        30.679591
      ],
      [
        -97.949921,
        30.679582
      ],
      [
        -97.94967,
        30.679533
      ],
      [
        -97.948937,
        30.679386
      ],
      [
        -97.948469,
        30.679291
      ],
      [
        -97.948181,
        30.679225
      ],
      [
        -97.947736,
        30.679105
      ],
      [
        -97.947353,
        30.679006
      ],
      [
        -97.947012,
        30.678891
      ],
      [
        -97.946745,
        30.678802
      ],
      [
        -97.946444,
        30.678691
      ],
      [
        -97.946134,
        30.678572
      ],
      [
        -97.945485,
        30.678303
      ],
      [
        -97.944766,
        30.677995
      ],
      [
        -97.943781,
        30.677573
      ],
      [
        -97.94285,
        30.677174
      ],
      [
        -97.942452,
        30.677003
      ],
      [
        -97.942229,
        30.676908
      ],
      [
        -97.941852,
        30.676746
      ],
      [
        -97.94166,
        30.676664
      ],
      [
        -97.941364,
        30.676537
      ],
      [
        -97.941148,
        30.676448
      ],
      [
        -97.940568,
        30.676212
      ],
      [
        -97.940416,
        30.67615
      ],
      [
        -97.940342,
        30.67612
      ],
      [
        -97.939911,
        30.675961
      ],
      [
        -97.939714,
        30.675889
      ],
      [
        -97.939138,
        30.675711
      ],
      [
        -97.938984,
        30.675667
      ],
      [
        -97.938739,
        30.675596
      ],
      [
        -97.93826,
        30.675466
      ],
      [
        -97.938188,
        30.675447
      ],
      [
        -97.937963,
        30.675389
      ],
      [
        -97.937381,
        30.675268
      ],
      [
        -97.937068,
        30.675202
      ],
      [
        -97.936171,
        30.675015
      ],
      [
        -97.935598,
        30.674896
      ],
      [
        -97.934966,
        30.674796
      ],
      [
        -97.934551,
        30.67473
      ],
      [
        -97.934507,
        30.674725
      ],
      [
        -97.934148,
        30.674681
      ],
      [
        -97.934109,
        30.674676
      ],
      [
        -97.933914,
        30.674654
      ],
      [
        -97.933535,
        30.674628
      ],
      [
        -97.933269,
        30.674627
      ],
      [
        -97.932912,
        30.674637
      ],
      [
        -97.932586,
        30.674642
      ],
      [
        -97.93244,
        30.674653
      ],
      [
        -97.932138,
        30.674676
      ],
      [
        -97.931948,
        30.674691
      ],
      [
        -97.931116,
        30.674806
      ],
      [
        -97.931076,
        30.674811
      ],
      [
        -97.93014,
        30.674948
      ],
      [
        -97.929038,
        30.67511
      ],
      [
        -97.928969,
        30.67512
      ],
      [
        -97.92894,
        30.675123
      ],
      [
        -97.928742,
        30.675146
      ],
      [
        -97.928409,
        30.675183
      ],
      [
        -97.927962,
        30.675214
      ],
      [
        -97.927851,
        30.675221
      ],
      [
        -97.927788,
        30.67522
      ],
      [
        -97.92777,
        30.67522
      ],
      [
        -97.927614,
        30.675219
      ],
      [
        -97.927469,
        30.675217
      ],
      [
        -97.926867,
        30.675201
      ],
      [
        -97.926443,
        30.675146
      ],
      [
        -97.926292,
        30.675126
      ],
      [
        -97.926234,
        30.675114
      ],
      [
        -97.925969,
        30.675059
      ],
      [
        -97.925919,
        30.675049
      ],
      [
        -97.925843,
        30.675033
      ],
      [
        -97.925645,
        30.674984
      ],
      [
        -97.925541,
        30.674958
      ],
      [
        -97.925188,
        30.674862
      ],
      [
        -97.925111,
        30.674841
      ],
      [
        -97.92488,
        30.674779
      ],
      [
        -97.924596,
        30.674666
      ],
      [
        -97.924258,
        30.674531
      ],
      [
        -97.923744,
        30.674283
      ],
      [
        -97.923706,
        30.674264
      ],
      [
        -97.923382,
        30.674086
      ],
      [
        -97.923324,
        30.674057
      ],
      [
        -97.923004,
        30.673898
      ],
      [
        -97.922856,
        30.673824
      ],
      [
        -97.922256,
        30.67352
      ],
      [
        -97.921628,
        30.673202
      ],
      [
        -97.921199,
        30.672979
      ],
      [
        -97.921031,
        30.672891
      ],
      [
        -97.920571,
        30.672651
      ],
      [
        -97.920385,
        30.672554
      ],
      [
        -97.920333,
        30.672527
      ],
      [
        -97.919735,
        30.672237
      ],
      [
        -97.919149,
        30.671953
      ],
      [
        -97.918581,
        30.671678
      ],
      [
        -97.918524,
        30.671648
      ],
      [
        -97.917923,
        30.671329
      ],
      [
        -97.91759,
        30.671152
      ],
      [
        -97.917387,
        30.671049
      ],
      [
        -97.917281,
        30.670995
      ],
      [
        -97.916891,
        30.670797
      ],
      [
        -97.916259,
        30.670477
      ],
      [
        -97.916044,
        30.670368
      ],
      [
        -97.915965,
        30.670328
      ],
      [
        -97.915592,
        30.670138
      ],
      [
        -97.91527,
        30.669975
      ],
      [
        -97.915094,
        30.669886
      ],
      [
        -97.914924,
        30.6698
      ],
      [
        -97.91481,
        30.669742
      ],
      [
        -97.914646,
        30.669658
      ],
      [
        -97.914332,
        30.6695
      ],
      [
        -97.913753,
        30.669206
      ],
      [
        -97.913162,
        30.668906
      ],
      [
        -97.913017,
        30.668832
      ],
      [
        -97.912921,
        30.668783
      ],
      [
        -97.912799,
        30.668721
      ],
      [
        -97.912647,
        30.668644
      ],
      [
        -97.912455,
        30.668547
      ],
      [
        -97.912373,
        30.668505
      ],
      [
        -97.912297,
        30.668466
      ],
      [
        -97.912013,
        30.668322
      ],
      [
        -97.911569,
        30.668097
      ],
      [
        -97.911108,
        30.667855
      ],
      [
        -97.911067,
        30.667835
      ],
      [
        -97.910778,
        30.667693
      ],
      [
        -97.910376,
        30.667496
      ],
      [
        -97.909928,
        30.667268
      ],
      [
        -97.909495,
        30.667047
      ],
      [
        -97.909155,
        30.666874
      ],
      [
        -97.908964,
        30.666777
      ],
      [
        -97.908608,
        30.666596
      ],
      [
        -97.907799,
        30.666184
      ],
      [
        -97.907651,
        30.666108
      ],
      [
        -97.906903,
        30.665727
      ],
      [
        -97.906598,
        30.665572
      ],
      [
        -97.906403,
        30.665473
      ],
      [
        -97.906341,
        30.665441
      ],
      [
        -97.906135,
        30.665337
      ],
      [
        -97.905668,
        30.665102
      ],
      [
        -97.905256,
        30.664894
      ],
      [
        -97.905123,
        30.664826
      ],
      [
        -97.904461,
        30.664523
      ],
      [
        -97.90272,
        30.663721
      ],
      [
        -97.902171,
        30.663477
      ],
      [
        -97.901462,
        30.663144
      ],
      [
        -97.901112,
        30.662994
      ],
      [
        -97.900887,
        30.662898
      ],
      [
        -97.900565,
        30.662759
      ],
      [
        -97.900047,
        30.662537
      ],
      [
        -97.898854,
        30.662038
      ],
      [
        -97.898526,
        30.661901
      ],
      [
        -97.898001,
        30.661674
      ],
      [
        -97.897801,
        30.661587
      ],
      [
        -97.897485,
        30.66146
      ],
      [
        -97.897143,
        30.661321
      ],
      [
        -97.896889,
        30.661217
      ],
      [
        -97.896803,
        30.661182
      ],
      [
        -97.896287,
        30.660969
      ],
      [
        -97.896179,
        30.660928
      ],
      [
        -97.895584,
        30.660692
      ],
      [
        -97.895332,
        30.660585
      ],
      [
        -97.895239,
        30.660547
      ],
      [
        -97.895221,
        30.66054
      ],
      [
        -97.894732,
        30.660343
      ],
      [
        -97.894327,
        30.660194
      ],
      [
        -97.893877,
        30.660039
      ],
      [
        -97.892972,
        30.659675
      ],
      [
        -97.891423,
        30.659053
      ],
      [
        -97.890943,
        30.65886
      ],
      [
        -97.890893,
        30.65884
      ],
      [
        -97.890859,
        30.658827
      ],
      [
        -97.890381,
        30.65864
      ],
      [
        -97.890042,
        30.658511
      ],
      [
        -97.889555,
        30.658326
      ],
      [
        -97.889497,
        30.658303
      ],
      [
        -97.889362,
        30.658252
      ],
      [
        -97.888734,
        30.658013
      ],
      [
        -97.888655,
        30.657986
      ],
      [
        -97.888065,
        30.657781
      ],
      [
        -97.887273,
        30.657506
      ],
      [
        -97.886897,
        30.657376
      ],
      [
        -97.886513,
        30.657242
      ],
      [
        -97.884947,
        30.656709
      ],
      [
        -97.88417,
        30.656426
      ],
      [
        -97.882707,
        30.655913
      ],
      [
        -97.882196,
        30.655734
      ],
      [
        -97.881379,
        30.655451
      ],
      [
        -97.879757,
        30.654888
      ],
      [
        -97.878941,
        30.654578
      ],
      [
        -97.87838,
        30.654371
      ],
      [
        -97.877518,
        30.654053
      ],
      [
        -97.877366,
        30.653993
      ],
      [
        -97.876652,
        30.653725
      ]
    ],
    "type": "LineString"
  }
}
