{
  "type": "Feature",
  "properties": {},
  "geometry": {
    "coordinates": [
      [
        -97.875768,
        30.65343
      ],
      [
        -97.875496,
        30.653339
      ],
      [
        -97.875699,
        30.653869
      ],
      [
        -97.875715,
        30.653916
      ],
      [
        -97.875779,
        30.654058
      ],
      [
        -97.875979,
        30.654542
      ],
      [
        -97.876104,
        30.654849
      ],
      [
        -97.876118,
        30.654885
      ],
      [
        -97.87635,
        30.655468
      ],
      [
        -97.876726,
        30.65638
      ],
      [
        -97.876889,
        30.656785
      ],
      [
        -97.877186,
        30.657542
      ],
      [
        -97.877628,
        30.658668
      ],
      [
        -97.878027,
        30.659662
      ],
      [
        -97.878156,
        30.659982
      ],
      [
        -97.878326,
        30.660718
      ],
      [
        -97.878395,
        30.661018
      ],
      [
        -97.878467,
        30.661377
      ],
      [
        -97.878549,
        30.661806
      ],
      [
        -97.87877,
        30.663064
      ],
      [
        -97.878868,
        30.663808
      ],
      [
        -97.878992,
        30.664418
      ],
      [
        -97.879084,
        30.664932
      ],
      [
        -97.879144,
        30.665176
      ],
      [
        -97.879267,
        30.665483
      ],
      [
        -97.879775,
        30.66658
      ],
      [
        -97.879858,
        30.66676
      ],
      [
        -97.87997,
        30.666999
      ],
      [
        -97.880006,
        30.667091
      ],
      [
        -97.880073,
        30.667258
      ],
      [
        -97.880169,
        30.667568
      ],
      [
        -97.880219,
        30.668364
      ],
      [
        -97.880123,
        30.669164
      ],
      [
        -97.88,
        30.670158
      ],
      [
        -97.879979,
        30.670327
      ],
      [
        -97.879748,
        30.672223
      ],
      [
        -97.879694,
        30.672663
      ],
      [
        -97.87969,
        30.672702
      ],
      [
        -97.87968,
        30.67279
      ],
      [
        -97.879528,
        30.674103
      ],
      [
        -97.879327,
        30.675772
      ],
      [
        -97.879177,
        30.676959
      ],
      [
        -97.879114,
        30.677461
      ],
      [
        -97.879109,
        30.677497
      ],
      [
        -97.879104,
        30.677575
      ],
      [
        -97.879075,
        30.677999
      ],
      [
        -97.879053,
        30.678364
      ],
      [
        -97.879045,
        30.678659
      ],
      [
        -97.879034,
        30.679048
      ],
      [
        -97.879024,
        30.679828
      ],
      [
        -97.879009,
        30.681094
      ],
      [
        -97.879008,
        30.68117
      ],
      [
        -97.879007,
        30.68143
      ],
      [
        -97.879009,
        30.683509
      ],
      [
        -97.879012,
        30.686087
      ],
      [
        -97.878998,
        30.68707
      ],
      [
        -97.878986,
        30.687903
      ],
      [
        -97.878973,
        30.688846
      ],
      [
        -97.87897,
        30.689329
      ],
      [
        -97.878969,
        30.68957
      ],
      [
        -97.878967,
        30.690015
      ],
      [
        -97.878944,
        30.690542
      ],
      [
        -97.878914,
        30.690869
      ],
      [
        -97.878854,
        30.691341
      ],
      [
        -97.878802,
        30.69175
      ],
      [
        -97.87873,
        30.692195
      ],
      [
        -97.878726,
        30.692218
      ],
      [
        -97.878488,
        30.693689
      ],
      [
        -97.878301,
        30.69484
      ],
      [
        -97.878232,
        30.695263
      ],
      [
        -97.878112,
        30.696003
      ],
      [
        -97.878022,
        30.696559
      ],
      [
        -97.877959,
        30.697075
      ],
      [
        -97.877945,
        30.697187
      ],
      [
        -97.877916,
        30.697559
      ],
      [
        -97.87791,
        30.697649
      ],
      [
        -97.877835,
        30.698833
      ],
      [
        -97.877799,
        30.699465
      ],
      [
        -97.877778,
        30.699841
      ],
      [
        -97.877758,
        30.700192
      ],
      [
        -97.877673,
        30.701572
      ],
      [
        -97.877625,
        30.702511
      ],
      [
        -97.877566,
        30.703559
      ],
      [
        -97.877514,
        30.704513
      ],
      [
        -97.877479,
        30.705037
      ],
      [
        -97.877459,
        30.705231
      ],
      [
        -97.877423,
        30.705589
      ],
      [
        -97.877415,
        30.705744
      ],
      [
        -97.877352,
        30.707051
      ],
      [
        -97.877278,
        30.708236
      ],
      [
        -97.877231,
        30.708984
      ],
      [
        -97.877168,
        30.709984
      ],
      [
        -97.877086,
        30.711315
      ],
      [
        -97.877033,
        30.712197
      ],
      [
        -97.876917,
        30.714127
      ],
      [
        -97.876907,
        30.714277
      ],
      [
        -97.876865,
        30.714923
      ],
      [
        -97.876815,
        30.715822
      ],
      [
        -97.876736,
        30.71725
      ],
      [
        -97.876602,
        30.71936
      ],
      [
        -97.876541,
        30.720326
      ],
      [
        -97.876508,
        30.720851
      ],
      [
        -97.876488,
        30.721236
      ],
      [
        -97.87646,
        30.721721
      ],
      [
        -97.876418,
        30.722454
      ],
      [
        -97.876401,
        30.7228
      ],
      [
        -97.876283,
        30.725243
      ],
      [
        -97.876273,
        30.725945
      ],
      [
        -97.876294,
        30.729152
      ],
      [
        -97.876339,
        30.731769
      ],
      [
        -97.876354,
        30.732643
      ],
      [
        -97.876355,
        30.732675
      ],
      [
        -97.876365,
        30.734071
      ],
      [
        -97.876373,
        30.73514
      ],
      [
        -97.876387,
        30.736071
      ],
      [
        -97.876408,
        30.737174
      ],
      [
        -97.876409,
        30.737283
      ],
      [
        -97.876418,
        30.738078
      ],
      [
        -97.876421,
        30.738322
      ],
      [
        -97.876445,
        30.739896
      ],
      [
        -97.876452,
        30.740717
      ],
      [
        -97.876458,
        30.741436
      ],
      [
        -97.87646,
        30.741696
      ],
      [
        -97.876518,
        30.745822
      ],
      [
        -97.876578,
        30.750904
      ],
      [
        -97.876581,
        30.75114
      ],
      [
        -97.87662,
        30.754208
      ],
      [
        -97.876642,
        30.756185
      ],
      [
        -97.876647,
        30.756658
      ],
      [
        -97.876652,
        30.75714
      ],
      [
        -97.876696,
        30.760484
      ],
      [
        -97.876708,
        30.761391
      ],
      [
        -97.876711,
        30.761593
      ],
      [
        -97.876717,
        30.762107
      ],
      [
        -97.876825,
        30.771286
      ],
      [
        -97.876863,
        30.773091
      ],
      [
        -97.876887,
        30.773465
      ],
      [
        -97.87692,
        30.773845
      ],
      [
        -97.877077,
        30.774898
      ],
      [
        -97.877168,
        30.775423
      ],
      [
        -97.877297,
        30.775953
      ],
      [
        -97.877449,
        30.776478
      ],
      [
        -97.877607,
        30.776955
      ],
      [
        -97.87803,
        30.778023
      ],
      [
        -97.878181,
        30.778405
      ],
      [
        -97.878366,
        30.778857
      ],
      [
        -97.878768,
        30.779836
      ],
      [
        -97.880186,
        30.78325
      ],
      [
        -97.880215,
        30.783319
      ],
      [
        -97.882196,
        30.788094
      ],
      [
        -97.882279,
        30.788293
      ],
      [
        -97.882641,
        30.78917
      ],
      [
        -97.883497,
        30.791242
      ],
      [
        -97.885219,
        30.795411
      ],
      [
        -97.885434,
        30.795933
      ],
      [
        -97.885689,
        30.79655
      ],
      [
        -97.886289,
        30.797982
      ],
      [
        -97.887195,
        30.800168
      ],
      [
        -97.889321,
        30.805291
      ],
      [
        -97.891155,
        30.809703
      ],
      [
        -97.891553,
        30.810704
      ],
      [
        -97.891644,
        30.810924
      ],
      [
        -97.891667,
        30.810977
      ],
      [
        -97.894082,
        30.816797
      ],
      [
        -97.894322,
        30.817377
      ],
      [
        -97.894412,
        30.817593
      ],
      [
        -97.89445,
        30.817684
      ],
      [
        -97.894559,
        30.817945
      ],
      [
        -97.89474,
        30.818382
      ],
      [
        -97.894852,
        30.818649
      ],
      [
        -97.895317,
        30.819754
      ],
      [
        -97.895451,
        30.820073
      ],
      [
        -97.895692,
        30.820663
      ],
      [
        -97.895826,
        30.820991
      ],
      [
        -97.89585,
        30.821048
      ],
      [
        -97.896341,
        30.822228
      ],
      [
        -97.896577,
        30.822794
      ],
      [
        -97.896622,
        30.822903
      ],
      [
        -97.897017,
        30.823862
      ],
      [
        -97.897118,
        30.824108
      ],
      [
        -97.897325,
        30.824595
      ],
      [
        -97.897338,
        30.824627
      ],
      [
        -97.897349,
        30.824653
      ],
      [
        -97.897377,
        30.82472
      ],
      [
        -97.897429,
        30.824848
      ],
      [
        -97.897558,
        30.825159
      ],
      [
        -97.897625,
        30.82532
      ],
      [
        -97.897674,
        30.82544
      ],
      [
        -97.898259,
        30.826853
      ],
      [
        -97.898401,
        30.827197
      ],
      [
        -97.898417,
        30.827237
      ],
      [
        -97.898597,
        30.827671
      ],
      [
        -97.898746,
        30.828066
      ],
      [
        -97.899837,
        30.830648
      ],
      [
        -97.900753,
        30.832898
      ],
      [
        -97.901652,
        30.835125
      ],
      [
        -97.901956,
        30.835809
      ],
      [
        -97.901826,
        30.835867
      ],
      [
        -97.900774,
        30.836311
      ],
      [
        -97.897892,
        30.837524
      ],
      [
        -97.897538,
        30.837682
      ],
      [
        -97.897351,
        30.837764
      ],
      [
        -97.896393,
        30.838172
      ],
      [
        -97.896137,
        30.838281
      ],
      [
        -97.895727,
        30.838456
      ],
      [
        -97.894851,
        30.838829
      ],
      [
        -97.894324,
        30.839053
      ],
      [
        -97.8943,
        30.839063
      ],
      [
        -97.89117,
        30.840386
      ],
      [
        -97.890907,
        30.8405
      ],
      [
        -97.889539,
        30.841079
      ],
      [
        -97.888874,
        30.841339
      ],
      [
        -97.88879,
        30.841372
      ],
      [
        -97.88803,
        30.841647
      ],
      [
        -97.887802,
        30.84172
      ],
      [
        -97.887536,
        30.841815
      ],
      [
        -97.887404,
        30.841862
      ],
      [
        -97.885652,
        30.842441
      ],
      [
        -97.884944,
        30.842675
      ],
      [
        -97.883716,
        30.843084
      ],
      [
        -97.882766,
        30.843403
      ],
      [
        -97.882279,
        30.843567
      ],
      [
        -97.880529,
        30.844155
      ],
      [
        -97.8794,
        30.844535
      ],
      [
        -97.878787,
        30.844741
      ],
      [
        -97.878484,
        30.844822
      ],
      [
        -97.878174,
        30.844882
      ],
      [
        -97.877862,
        30.844921
      ],
      [
        -97.877547,
        30.844939
      ],
      [
        -97.877307,
        30.844938
      ],
      [
        -97.877071,
        30.844918
      ],
      [
        -97.876873,
        30.844884
      ],
      [
        -97.876664,
        30.844841
      ],
      [
        -97.872419,
        30.843342
      ],
      [
        -97.870614,
        30.842692
      ],
      [
        -97.867396,
        30.841536
      ],
      [
        -97.867162,
        30.841467
      ],
      [
        -97.866924,
        30.841412
      ],
      [
        -97.866682,
        30.841372
      ],
      [
        -97.866437,
        30.841348
      ],
      [
        -97.86619,
        30.841338
      ],
      [
        -97.865884,
        30.841335
      ],
      [
        -97.865588,
        30.841377
      ],
      [
        -97.86528,
        30.841428
      ],
      [
        -97.864977,
        30.841499
      ],
      [
        -97.863995,
        30.841795
      ],
      [
        -97.863665,
        30.841894
      ],
      [
        -97.863139,
        30.842052
      ],
      [
        -97.862582,
        30.84222
      ],
      [
        -97.862158,
        30.84235
      ],
      [
        -97.862114,
        30.842361
      ],
      [
        -97.861794,
        30.842459
      ],
      [
        -97.861553,
        30.842533
      ],
      [
        -97.861462,
        30.842561
      ],
      [
        -97.860935,
        30.842724
      ],
      [
        -97.860897,
        30.842736
      ],
      [
        -97.860744,
        30.842784
      ],
      [
        -97.859113,
        30.843291
      ],
      [
        -97.858691,
        30.843425
      ],
      [
        -97.857538,
        30.843785
      ],
      [
        -97.856496,
        30.844102
      ],
      [
        -97.855257,
        30.844495
      ],
      [
        -97.854679,
        30.844674
      ],
      [
        -97.852508,
        30.845344
      ],
      [
        -97.851986,
        30.845505
      ],
      [
        -97.851003,
        30.845806
      ],
      [
        -97.849842,
        30.846161
      ],
      [
        -97.848626,
        30.84654
      ],
      [
        -97.846844,
        30.847096
      ],
      [
        -97.846477,
        30.847205
      ],
      [
        -97.845562,
        30.847477
      ],
      [
        -97.844934,
        30.847671
      ],
      [
        -97.843504,
        30.848112
      ],
      [
        -97.843418,
        30.848138
      ],
      [
        -97.842788,
        30.848328
      ],
      [
        -97.842047,
        30.848564
      ],
      [
        -97.841714,
        30.848662
      ],
      [
        -97.84159,
        30.848699
      ],
      [
        -97.84031,
        30.849101
      ],
      [
        -97.8373,
        30.85001
      ],
      [
        -97.836067,
        30.850391
      ],
      [
        -97.835236,
        30.850648
      ],
      [
        -97.834399,
        30.850907
      ],
      [
        -97.833693,
        30.85112
      ],
      [
        -97.8328,
        30.85139
      ],
      [
        -97.832229,
        30.851589
      ],
      [
        -97.83218,
        30.8516
      ],
      [
        -97.831929,
        30.851655
      ],
      [
        -97.831625,
        30.851706
      ],
      [
        -97.831316,
        30.85174
      ],
      [
        -97.831007,
        30.851757
      ],
      [
        -97.830994,
        30.851757
      ],
      [
        -97.830696,
        30.851759
      ],
      [
        -97.830322,
        30.851738
      ],
      [
        -97.829519,
        30.851685
      ],
      [
        -97.82905,
        30.851654
      ],
      [
        -97.829002,
        30.851651
      ],
      [
        -97.828857,
        30.851634
      ],
      [
        -97.828332,
        30.85157
      ],
      [
        -97.827775,
        30.851531
      ],
      [
        -97.827666,
        30.851518
      ],
      [
        -97.827621,
        30.851513
      ],
      [
        -97.827095,
        30.851452
      ],
      [
        -97.826841,
        30.851437
      ],
      [
        -97.826587,
        30.851438
      ],
      [
        -97.826335,
        30.851454
      ],
      [
        -97.826209,
        30.851468
      ],
      [
        -97.825925,
        30.851513
      ],
      [
        -97.824904,
        30.851675
      ],
      [
        -97.824579,
        30.851734
      ],
      [
        -97.824541,
        30.851741
      ],
      [
        -97.824376,
        30.851763
      ],
      [
        -97.824174,
        30.85179
      ],
      [
        -97.823805,
        30.851821
      ],
      [
        -97.823601,
        30.85183
      ],
      [
        -97.823495,
        30.851835
      ],
      [
        -97.821093,
        30.851847
      ],
      [
        -97.821051,
        30.851847
      ],
      [
        -97.820936,
        30.851848
      ],
      [
        -97.815954,
        30.851897
      ],
      [
        -97.814831,
        30.851911
      ],
      [
        -97.81452,
        30.851917
      ],
      [
        -97.814208,
        30.851907
      ],
      [
        -97.813898,
        30.851881
      ],
      [
        -97.813592,
        30.85184
      ],
      [
        -97.813347,
        30.851795
      ],
      [
        -97.812538,
        30.851592
      ],
      [
        -97.810448,
        30.851066
      ],
      [
        -97.810162,
        30.851016
      ],
      [
        -97.809911,
        30.850987
      ],
      [
        -97.809655,
        30.850974
      ],
      [
        -97.809395,
        30.850978
      ],
      [
        -97.809186,
        30.850996
      ],
      [
        -97.808936,
        30.851032
      ],
      [
        -97.808654,
        30.851091
      ],
      [
        -97.801047,
        30.853379
      ],
      [
        -97.800932,
        30.853412
      ],
      [
        -97.800601,
        30.853512
      ],
      [
        -97.800744,
        30.853709
      ],
      [
        -97.800831,
        30.853843
      ],
      [
        -97.800943,
        30.854032
      ],
      [
        -97.801179,
        30.854468
      ],
      [
        -97.802143,
        30.856203
      ],
      [
        -97.802375,
        30.856661
      ],
      [
        -97.802484,
        30.856892
      ],
      [
        -97.802577,
        30.857118
      ],
      [
        -97.802652,
        30.857337
      ],
      [
        -97.802736,
        30.857617
      ],
      [
        -97.802957,
        30.858368
      ],
      [
        -97.803005,
        30.858546
      ],
      [
        -97.803073,
        30.858775
      ],
      [
        -97.803128,
        30.858966
      ],
      [
        -97.803174,
        30.859156
      ],
      [
        -97.803214,
        30.859345
      ],
      [
        -97.803243,
        30.859528
      ],
      [
        -97.803269,
        30.859716
      ],
      [
        -97.80329,
        30.859926
      ],
      [
        -97.803303,
        30.860156
      ],
      [
        -97.803307,
        30.860377
      ],
      [
        -97.803307,
        30.860594
      ],
      [
        -97.803289,
        30.860829
      ],
      [
        -97.803269,
        30.860996
      ],
      [
        -97.803256,
        30.861131
      ],
      [
        -97.803201,
        30.861445
      ],
      [
        -97.803117,
        30.861801
      ],
      [
        -97.803061,
        30.861993
      ],
      [
        -97.802994,
        30.862221
      ],
      [
        -97.802623,
        30.863376
      ],
      [
        -97.802295,
        30.864339
      ],
      [
        -97.801028,
        30.868167
      ],
      [
        -97.800835,
        30.868784
      ],
      [
        -97.800712,
        30.869161
      ],
      [
        -97.800588,
        30.869507
      ],
      [
        -97.800378,
        30.869999
      ],
      [
        -97.800067,
        30.870728
      ],
      [
        -97.799917,
        30.870953
      ],
      [
        -97.799544,
        30.871802
      ],
      [
        -97.799455,
        30.872013
      ],
      [
        -97.799093,
        30.872874
      ],
      [
        -97.797818,
        30.875677
      ],
      [
        -97.797652,
        30.876123
      ],
      [
        -97.797524,
        30.876516
      ],
      [
        -97.797452,
        30.876766
      ],
      [
        -97.797407,
        30.87704
      ],
      [
        -97.797384,
        30.877294
      ],
      [
        -97.797374,
        30.877577
      ],
      [
        -97.797387,
        30.87793
      ],
      [
        -97.797427,
        30.878142
      ],
      [
        -97.797485,
        30.878415
      ],
      [
        -97.797555,
        30.878635
      ],
      [
        -97.797646,
        30.878875
      ],
      [
        -97.797723,
        30.879042
      ],
      [
        -97.797859,
        30.879287
      ],
      [
        -97.798001,
        30.87951
      ],
      [
        -97.798288,
        30.879893
      ],
      [
        -97.799908,
        30.881783
      ],
      [
        -97.800082,
        30.882011
      ],
      [
        -97.800256,
        30.882258
      ],
      [
        -97.800508,
        30.882667
      ],
      [
        -97.800912,
        30.883339
      ],
      [
        -97.80112,
        30.88385
      ],
      [
        -97.801244,
        30.884211
      ],
      [
        -97.801396,
        30.884776
      ],
      [
        -97.801485,
        30.885181
      ],
      [
        -97.801552,
        30.885533
      ],
      [
        -97.801605,
        30.885925
      ],
      [
        -97.801638,
        30.886252
      ],
      [
        -97.801648,
        30.886402
      ],
      [
        -97.801658,
        30.886536
      ],
      [
        -97.801659,
        30.886866
      ],
      [
        -97.80166,
        30.887183
      ],
      [
        -97.801644,
        30.887468
      ],
      [
        -97.801625,
        30.887732
      ],
      [
        -97.801599,
        30.888015
      ],
      [
        -97.801559,
        30.888298
      ],
      [
        -97.801488,
        30.8888
      ],
      [
        -97.800448,
        30.896691
      ],
      [
        -97.800321,
        30.897659
      ],
      [
        -97.80029,
        30.898142
      ],
      [
        -97.800287,
        30.898511
      ],
      [
        -97.800314,
        30.89902
      ],
      [
        -97.800349,
        30.899488
      ],
      [
        -97.80042,
        30.899991
      ],
      [
        -97.800598,
        30.900786
      ],
      [
        -97.800809,
        30.901626
      ],
      [
        -97.801002,
        30.902461
      ],
      [
        -97.801058,
        30.902811
      ],
      [
        -97.801101,
        30.903179
      ],
      [
        -97.801129,
        30.903505
      ],
      [
        -97.801145,
        30.904012
      ],
      [
        -97.80113,
        30.904332
      ],
      [
        -97.801101,
        30.904657
      ],
      [
        -97.801057,
        30.905043
      ],
      [
        -97.800997,
        30.905386
      ],
      [
        -97.800924,
        30.905729
      ],
      [
        -97.800845,
        30.906038
      ],
      [
        -97.80075,
        30.906336
      ],
      [
        -97.800636,
        30.906682
      ],
      [
        -97.800484,
        30.907078
      ],
      [
        -97.800183,
        30.907694
      ],
      [
        -97.799915,
        30.908166
      ],
      [
        -97.799381,
        30.909047
      ],
      [
        -97.799086,
        30.909526
      ],
      [
        -97.799011,
        30.909645
      ],
      [
        -97.798618,
        30.910298
      ],
      [
        -97.798346,
        30.9108
      ],
      [
        -97.798104,
        30.911278
      ],
      [
        -97.797893,
        30.911727
      ],
      [
        -97.797626,
        30.91236
      ],
      [
        -97.796959,
        30.91423
      ],
      [
        -97.796519,
        30.915498
      ],
      [
        -97.796246,
        30.91627
      ],
      [
        -97.795992,
        30.917029
      ],
      [
        -97.795841,
        30.917526
      ],
      [
        -97.795567,
        30.918425
      ],
      [
        -97.795129,
        30.91996
      ],
      [
        -97.794755,
        30.921269
      ],
      [
        -97.794383,
        30.922574
      ],
      [
        -97.794207,
        30.923171
      ],
      [
        -97.794016,
        30.923774
      ],
      [
        -97.79389,
        30.924182
      ],
      [
        -97.793663,
        30.924883
      ],
      [
        -97.793514,
        30.925301
      ],
      [
        -97.793229,
        30.926097
      ],
      [
        -97.792974,
        30.926807
      ],
      [
        -97.79285,
        30.927169
      ],
      [
        -97.792738,
        30.927519
      ],
      [
        -97.792597,
        30.928015
      ],
      [
        -97.792544,
        30.928197
      ],
      [
        -97.792529,
        30.928283
      ],
      [
        -97.792487,
        30.928519
      ],
      [
        -97.792412,
        30.928988
      ],
      [
        -97.79233,
        30.9296
      ],
      [
        -97.792288,
        30.930136
      ],
      [
        -97.792259,
        30.930868
      ],
      [
        -97.792237,
        30.9313
      ],
      [
        -97.792218,
        30.931787
      ],
      [
        -97.792143,
        30.932506
      ],
      [
        -97.792089,
        30.932839
      ],
      [
        -97.792009,
        30.933263
      ],
      [
        -97.791919,
        30.933597
      ],
      [
        -97.791728,
        30.934233
      ],
      [
        -97.791508,
        30.934819
      ],
      [
        -97.791262,
        30.935352
      ],
      [
        -97.790895,
        30.936014
      ],
      [
        -97.790437,
        30.936726
      ],
      [
        -97.789885,
        30.937432
      ],
      [
        -97.789314,
        30.938045
      ],
      [
        -97.789091,
        30.938277
      ],
      [
        -97.788857,
        30.938494
      ],
      [
        -97.788494,
        30.938803
      ],
      [
        -97.787891,
        30.939281
      ],
      [
        -97.787499,
        30.939591
      ],
      [
        -97.787113,
        30.939915
      ],
      [
        -97.786889,
        30.94013
      ],
      [
        -97.786475,
        30.940574
      ],
      [
        -97.786088,
        30.940993
      ],
      [
        -97.786045,
        30.941061
      ],
      [
        -97.785688,
        30.941627
      ],
      [
        -97.785358,
        30.94221
      ],
      [
        -97.785111,
        30.942724
      ],
      [
        -97.784844,
        30.943488
      ],
      [
        -97.784743,
        30.943924
      ],
      [
        -97.784639,
        30.944375
      ],
      [
        -97.784612,
        30.944649
      ],
      [
        -97.784586,
        30.944917
      ],
      [
        -97.784544,
        30.945337
      ],
      [
        -97.784551,
        30.945939
      ],
      [
        -97.784586,
        30.946532
      ],
      [
        -97.784801,
        30.947489
      ],
      [
        -97.785251,
        30.948833
      ],
      [
        -97.785809,
        30.950728
      ],
      [
        -97.786174,
        30.952053
      ],
      [
        -97.786239,
        30.952367
      ],
      [
        -97.786277,
        30.95268
      ],
      [
        -97.786293,
        30.953007
      ],
      [
        -97.78629,
        30.9534
      ],
      [
        -97.786253,
        30.953872
      ],
      [
        -97.786196,
        30.954203
      ],
      [
        -97.786081,
        30.954693
      ],
      [
        -97.785941,
        30.955127
      ],
      [
        -97.78577,
        30.955548
      ],
      [
        -97.785542,
        30.956011
      ],
      [
        -97.785325,
        30.95637
      ],
      [
        -97.785067,
        30.95674
      ],
      [
        -97.784665,
        30.957214
      ],
      [
        -97.78412,
        30.957793
      ],
      [
        -97.783299,
        30.958677
      ],
      [
        -97.781947,
        30.960168
      ],
      [
        -97.781642,
        30.960526
      ],
      [
        -97.78132,
        30.960967
      ],
      [
        -97.781004,
        30.961473
      ],
      [
        -97.780706,
        30.962054
      ],
      [
        -97.780316,
        30.963002
      ],
      [
        -97.780144,
        30.963576
      ],
      [
        -97.779983,
        30.964252
      ],
      [
        -97.779922,
        30.964668
      ],
      [
        -97.779887,
        30.965119
      ],
      [
        -97.779836,
        30.965926
      ],
      [
        -97.77978,
        30.967068
      ],
      [
        -97.779753,
        30.967454
      ],
      [
        -97.779693,
        30.96819
      ],
      [
        -97.779607,
        30.968795
      ],
      [
        -97.779505,
        30.969273
      ],
      [
        -97.779371,
        30.969754
      ],
      [
        -97.779231,
        30.970161
      ],
      [
        -97.778923,
        30.970881
      ],
      [
        -97.778711,
        30.971285
      ],
      [
        -97.778402,
        30.971818
      ],
      [
        -97.777809,
        30.972948
      ],
      [
        -97.777133,
        30.974171
      ],
      [
        -97.776765,
        30.974752
      ],
      [
        -97.77641,
        30.975219
      ],
      [
        -97.776022,
        30.975661
      ],
      [
        -97.775536,
        30.976197
      ],
      [
        -97.775011,
        30.976707
      ],
      [
        -97.77411,
        30.977477
      ],
      [
        -97.773575,
        30.977917
      ],
      [
        -97.773285,
        30.978156
      ],
      [
        -97.7732,
        30.978225
      ],
      [
        -97.772844,
        30.978572
      ],
      [
        -97.7725,
        30.978958
      ],
      [
        -97.772138,
        30.979405
      ],
      [
        -97.771805,
        30.979904
      ],
      [
        -97.771377,
        30.98062
      ],
      [
        -97.771239,
        30.980921
      ],
      [
        -97.771145,
        30.981079
      ],
      [
        -97.770995,
        30.981327
      ],
      [
        -97.770802,
        30.981648
      ],
      [
        -97.770531,
        30.982099
      ],
      [
        -97.769888,
        30.983184
      ],
      [
        -97.768364,
        30.985888
      ],
      [
        -97.767613,
        30.987102
      ],
      [
        -97.766903,
        30.98826
      ],
      [
        -97.765885,
        30.98967
      ],
      [
        -97.765746,
        30.989862
      ],
      [
        -97.764868,
        30.991101
      ],
      [
        -97.764488,
        30.991606
      ],
      [
        -97.76315,
        30.993167
      ],
      [
        -97.762704,
        30.993767
      ],
      [
        -97.762579,
        30.993936
      ],
      [
        -97.762099,
        30.994663
      ],
      [
        -97.761594,
        30.995458
      ],
      [
        -97.76092,
        30.996461
      ],
      [
        -97.760354,
        30.997206
      ],
      [
        -97.759991,
        30.997617
      ],
      [
        -97.759621,
        30.998035
      ],
      [
        -97.759234,
        30.998471
      ],
      [
        -97.758577,
        30.999211
      ],
      [
        -97.758529,
        30.999264
      ],
      [
        -97.756751,
        31.001242
      ],
      [
        -97.756216,
        31.001837
      ],
      [
        -97.753737,
        31.004603
      ],
      [
        -97.753711,
        31.00464
      ],
      [
        -97.753238,
        31.005329
      ],
      [
        -97.753075,
        31.005615
      ],
      [
        -97.752882,
        31.005951
      ],
      [
        -97.752691,
        31.006348
      ],
      [
        -97.752577,
        31.006581
      ],
      [
        -97.752416,
        31.006911
      ],
      [
        -97.752133,
        31.007737
      ],
      [
        -97.752126,
        31.007757
      ],
      [
        -97.751959,
        31.008466
      ],
      [
        -97.751937,
        31.008561
      ],
      [
        -97.751848,
        31.009186
      ],
      [
        -97.751795,
        31.009961
      ],
      [
        -97.751823,
        31.010816
      ],
      [
        -97.751872,
        31.011548
      ],
      [
        -97.751892,
        31.011652
      ],
      [
        -97.751992,
        31.012188
      ],
      [
        -97.752015,
        31.012308
      ],
      [
        -97.752172,
        31.012983
      ],
      [
        -97.75232,
        31.013607
      ],
      [
        -97.752651,
        31.01498
      ],
      [
        -97.752844,
        31.015826
      ],
      [
        -97.753906,
        31.020284
      ],
      [
        -97.7544,
        31.022141
      ],
      [
        -97.754701,
        31.023113
      ],
      [
        -97.753704,
        31.023403
      ],
      [
        -97.753217,
        31.023545
      ],
      [
        -97.753107,
        31.023577
      ],
      [
        -97.752889,
        31.023645
      ],
      [
        -97.751528,
        31.024063
      ],
      [
        -97.750847,
        31.024268
      ],
      [
        -97.750279,
        31.024434
      ],
      [
        -97.749889,
        31.024555
      ],
      [
        -97.748314,
        31.025013
      ],
      [
        -97.748158,
        31.02506
      ],
      [
        -97.747988,
        31.025111
      ],
      [
        -97.747817,
        31.025163
      ],
      [
        -97.746137,
        31.02567
      ],
      [
        -97.745865,
        31.025752
      ],
      [
        -97.744685,
        31.026108
      ],
      [
        -97.743904,
        31.026344
      ],
      [
        -97.743216,
        31.026561
      ],
      [
        -97.743065,
        31.026597
      ],
      [
        -97.74295,
        31.026632
      ],
      [
        -97.742561,
        31.026747
      ],
      [
        -97.741707,
        31.026999
      ],
      [
        -97.741282,
        31.02714
      ],
      [
        -97.7407,
        31.027332
      ],
      [
        -97.740044,
        31.027561
      ],
      [
        -97.739948,
        31.027593
      ],
      [
        -97.739258,
        31.027824
      ],
      [
        -97.739025,
        31.027897
      ],
      [
        -97.738603,
        31.028029
      ],
      [
        -97.738324,
        31.028117
      ],
      [
        -97.737354,
        31.02842
      ],
      [
        -97.737106,
        31.028498
      ],
      [
        -97.73638,
        31.028715
      ],
      [
        -97.736057,
        31.028811
      ],
      [
        -97.735786,
        31.028898
      ],
      [
        -97.734039,
        31.029413
      ],
      [
        -97.732742,
        31.029808
      ],
      [
        -97.731919,
        31.030073
      ],
      [
        -97.731533,
        31.030188
      ],
      [
        -97.731391,
        31.030232
      ],
      [
        -97.730759,
        31.030426
      ],
      [
        -97.730473,
        31.030514
      ],
      [
        -97.729821,
        31.030697
      ],
      [
        -97.72972,
        31.030727
      ],
      [
        -97.728604,
        31.031058
      ],
      [
        -97.728375,
        31.031127
      ],
      [
        -97.727664,
        31.03134
      ],
      [
        -97.727499,
        31.031389
      ],
      [
        -97.72641,
        31.031725
      ],
      [
        -97.725131,
        31.032086
      ],
      [
        -97.724914,
        31.032147
      ],
      [
        -97.724341,
        31.032322
      ],
      [
        -97.723825,
        31.032479
      ],
      [
        -97.723732,
        31.032508
      ],
      [
        -97.723074,
        31.032708
      ],
      [
        -97.722846,
        31.032778
      ],
      [
        -97.722804,
        31.032791
      ],
      [
        -97.722764,
        31.032803
      ],
      [
        -97.722511,
        31.03288
      ],
      [
        -97.720237,
        31.033574
      ],
      [
        -97.719626,
        31.033763
      ],
      [
        -97.719118,
        31.033918
      ],
      [
        -97.718674,
        31.034053
      ],
      [
        -97.718369,
        31.034147
      ],
      [
        -97.718118,
        31.034223
      ],
      [
        -97.717627,
        31.034373
      ],
      [
        -97.716964,
        31.034568
      ],
      [
        -97.715994,
        31.034837
      ],
      [
        -97.715886,
        31.034837
      ],
      [
        -97.715825,
        31.034771
      ],
      [
        -97.715523,
        31.034048
      ],
      [
        -97.715086,
        31.032989
      ],
      [
        -97.714659,
        31.031965
      ],
      [
        -97.71431,
        31.031122
      ],
      [
        -97.713982,
        31.030277
      ],
      [
        -97.713588,
        31.029343
      ],
      [
        -97.713319,
        31.028684
      ],
      [
        -97.713166,
        31.02831
      ],
      [
        -97.713035,
        31.027991
      ],
      [
        -97.712434,
        31.026521
      ],
      [
        -97.712219,
        31.025995
      ],
      [
        -97.711684,
        31.024667
      ],
      [
        -97.711205,
        31.023478
      ],
      [
        -97.711098,
        31.023306
      ],
      [
        -97.711037,
        31.023232
      ],
      [
        -97.710968,
        31.023169
      ],
      [
        -97.710884,
        31.023123
      ],
      [
        -97.710793,
        31.023085
      ],
      [
        -97.710693,
        31.023066
      ],
      [
        -97.710579,
        31.023066
      ],
      [
        -97.71048,
        31.02309
      ],
      [
        -97.709351,
        31.023424
      ],
      [
        -97.707716,
        31.023927
      ],
      [
        -97.704424,
        31.02494
      ],
      [
        -97.703838,
        31.025121
      ],
      [
        -97.702366,
        31.02556
      ],
      [
        -97.701859,
        31.025711
      ],
      [
        -97.701166,
        31.025924
      ],
      [
        -97.699186,
        31.026534
      ],
      [
        -97.698076,
        31.026875
      ],
      [
        -97.697653,
        31.027004
      ],
      [
        -97.695368,
        31.0277
      ],
      [
        -97.69133,
        31.028942
      ],
      [
        -97.690254,
        31.029282
      ],
      [
        -97.688057,
        31.029976
      ],
      [
        -97.686149,
        31.030557
      ],
      [
        -97.685883,
        31.030638
      ],
      [
        -97.683132,
        31.031474
      ],
      [
        -97.683015,
        31.031512
      ],
      [
        -97.682708,
        31.031611
      ],
      [
        -97.681235,
        31.032058
      ],
      [
        -97.68083,
        31.03218
      ],
      [
        -97.678707,
        31.032824
      ],
      [
        -97.677087,
        31.033316
      ],
      [
        -97.676965,
        31.033353
      ],
      [
        -97.675118,
        31.033921
      ],
      [
        -97.672819,
        31.034608
      ],
      [
        -97.672557,
        31.034687
      ],
      [
        -97.672431,
        31.034725
      ],
      [
        -97.669882,
        31.035498
      ],
      [
        -97.6689,
        31.035795
      ],
      [
        -97.668693,
        31.035853
      ],
      [
        -97.668561,
        31.03588
      ],
      [
        -97.668443,
        31.035892
      ],
      [
        -97.668352,
        31.035892
      ],
      [
        -97.668245,
        31.035885
      ],
      [
        -97.668164,
        31.035873
      ],
      [
        -97.668076,
        31.035851
      ],
      [
        -97.667998,
        31.035827
      ],
      [
        -97.667885,
        31.035784
      ],
      [
        -97.66774,
        31.035722
      ],
      [
        -97.667459,
        31.035561
      ],
      [
        -97.667188,
        31.0354
      ],
      [
        -97.666807,
        31.035145
      ],
      [
        -97.666718,
        31.035085
      ],
      [
        -97.66663,
        31.035035
      ],
      [
        -97.66656,
        31.035
      ],
      [
        -97.666488,
        31.03497
      ],
      [
        -97.666399,
        31.034936
      ],
      [
        -97.666289,
        31.034904
      ],
      [
        -97.666168,
        31.034876
      ],
      [
        -97.666056,
        31.034865
      ],
      [
        -97.665959,
        31.034867
      ],
      [
        -97.665817,
        31.034881
      ],
      [
        -97.665683,
        31.034904
      ],
      [
        -97.665219,
        31.035021
      ],
      [
        -97.664796,
        31.035147
      ],
      [
        -97.663872,
        31.035429
      ],
      [
        -97.663345,
        31.035604
      ],
      [
        -97.662849,
        31.035761
      ],
      [
        -97.662041,
        31.036032
      ],
      [
        -97.66153,
        31.036217
      ],
      [
        -97.661369,
        31.036268
      ],
      [
        -97.661079,
        31.036392
      ],
      [
        -97.661038,
        31.036416
      ],
      [
        -97.660881,
        31.036507
      ],
      [
        -97.660786,
        31.036576
      ],
      [
        -97.660721,
        31.036623
      ],
      [
        -97.660672,
        31.036675
      ],
      [
        -97.660627,
        31.036722
      ],
      [
        -97.660576,
        31.036776
      ],
      [
        -97.6605,
        31.036863
      ],
      [
        -97.66024,
        31.03734
      ],
      [
        -97.660218,
        31.037386
      ],
      [
        -97.659672,
        31.038519
      ],
      [
        -97.659607,
        31.038624
      ],
      [
        -97.659554,
        31.038687
      ],
      [
        -97.659492,
        31.038731
      ],
      [
        -97.65945,
        31.038757
      ],
      [
        -97.659409,
        31.038782
      ],
      [
        -97.659162,
        31.038839
      ],
      [
        -97.659127,
        31.038579
      ],
      [
        -97.659077,
        31.038309
      ],
      [
        -97.659074,
        31.038292
      ],
      [
        -97.659023,
        31.038048
      ],
      [
        -97.658942,
        31.037754
      ],
      [
        -97.658875,
        31.037523
      ],
      [
        -97.658826,
        31.037367
      ],
      [
        -97.658757,
        31.037147
      ],
      [
        -97.658637,
        31.036851
      ],
      [
        -97.656836,
        31.032632
      ],
      [
        -97.656577,
        31.032066
      ],
      [
        -97.656364,
        31.031624
      ],
      [
        -97.656264,
        31.031429
      ],
      [
        -97.656166,
        31.03124
      ],
      [
        -97.655727,
        31.030317
      ],
      [
        -97.65571,
        31.030279
      ],
      [
        -97.655631,
        31.03011
      ],
      [
        -97.655553,
        31.029938
      ],
      [
        -97.655467,
        31.029786
      ],
      [
        -97.654979,
        31.028796
      ],
      [
        -97.654924,
        31.028677
      ],
      [
        -97.654385,
        31.027476
      ],
      [
        -97.654311,
        31.027259
      ],
      [
        -97.65424,
        31.027053
      ],
      [
        -97.653974,
        31.026201
      ],
      [
        -97.653846,
        31.02573
      ],
      [
        -97.653633,
        31.025028
      ],
      [
        -97.653615,
        31.024963
      ],
      [
        -97.653461,
        31.024406
      ],
      [
        -97.653404,
        31.02417
      ],
      [
        -97.653358,
        31.023943
      ],
      [
        -97.653351,
        31.023878
      ],
      [
        -97.653337,
        31.023757
      ],
      [
        -97.653282,
        31.023293
      ],
      [
        -97.653281,
        31.02326
      ],
      [
        -97.653267,
        31.022896
      ],
      [
        -97.653276,
        31.022794
      ],
      [
        -97.653291,
        31.022634
      ],
      [
        -97.653299,
        31.022574
      ],
      [
        -97.653325,
        31.022387
      ],
      [
        -97.653414,
        31.02204
      ],
      [
        -97.653457,
        31.021916
      ],
      [
        -97.653535,
        31.021665
      ],
      [
        -97.653646,
        31.021364
      ],
      [
        -97.653692,
        31.021258
      ],
      [
        -97.653854,
        31.020962
      ],
      [
        -97.653861,
        31.020951
      ],
      [
        -97.654083,
        31.020613
      ],
      [
        -97.654823,
        31.019547
      ],
      [
        -97.655029,
        31.019263
      ],
      [
        -97.655174,
        31.019062
      ],
      [
        -97.655594,
        31.018444
      ],
      [
        -97.655622,
        31.018389
      ],
      [
        -97.655807,
        31.018032
      ],
      [
        -97.655828,
        31.01798
      ],
      [
        -97.655876,
        31.01786
      ],
      [
        -97.655983,
        31.017509
      ],
      [
        -97.656029,
        31.017303
      ],
      [
        -97.65609,
        31.016788
      ],
      [
        -97.656093,
        31.016524
      ],
      [
        -97.656066,
        31.016129
      ],
      [
        -97.65602,
        31.015419
      ],
      [
        -97.655983,
        31.014839
      ],
      [
        -97.65595,
        31.014621
      ],
      [
        -97.65591,
        31.014393
      ],
      [
        -97.655827,
        31.014152
      ],
      [
        -97.655561,
        31.014214
      ],
      [
        -97.655362,
        31.014247
      ],
      [
        -97.655196,
        31.014253
      ],
      [
        -97.655007,
        31.014238
      ],
      [
        -97.654829,
        31.0142
      ],
      [
        -97.654552,
        31.014088
      ],
      [
        -97.653308,
        31.013378
      ],
      [
        -97.65307,
        31.01327
      ],
      [
        -97.652801,
        31.013185
      ],
      [
        -97.652515,
        31.013135
      ],
      [
        -97.652262,
        31.013119
      ],
      [
        -97.651997,
        31.01313
      ],
      [
        -97.651659,
        31.013183
      ],
      [
        -97.651608,
        31.0132
      ],
      [
        -97.651345,
        31.013289
      ],
      [
        -97.651066,
        31.01342
      ],
      [
        -97.650881,
        31.013569
      ],
      [
        -97.650763,
        31.013767
      ],
      [
        -97.65072,
        31.013935
      ],
      [
        -97.65075,
        31.014339
      ],
      [
        -97.650696,
        31.014374
      ],
      [
        -97.650629,
        31.01442
      ],
      [
        -97.650603,
        31.014512
      ],
      [
        -97.650326,
        31.014443
      ],
      [
        -97.650412,
        31.014464
      ],
      [
        -97.650603,
        31.014512
      ],
      [
        -97.650629,
        31.01442
      ],
      [
        -97.650696,
        31.014374
      ],
      [
        -97.65075,
        31.014339
      ],
      [
        -97.65072,
        31.013935
      ],
      [
        -97.650763,
        31.013767
      ],
      [
        -97.650881,
        31.013569
      ],
      [
        -97.651066,
        31.01342
      ],
      [
        -97.651345,
        31.013289
      ],
      [
        -97.651608,
        31.0132
      ],
      [
        -97.651659,
        31.013183
      ],
      [
        -97.651997,
        31.01313
      ],
      [
        -97.652262,
        31.013119
      ],
      [
        -97.652515,
        31.013135
      ],
      [
        -97.652801,
        31.013185
      ],
      [
        -97.65307,
        31.01327
      ],
      [
        -97.653308,
        31.013378
      ],
      [
        -97.654552,
        31.014088
      ],
      [
        -97.654829,
        31.0142
      ],
      [
        -97.655007,
        31.014238
      ],
      [
        -97.655196,
        31.014253
      ],
      [
        -97.655362,
        31.014247
      ],
      [
        -97.655561,
        31.014214
      ],
      [
        -97.655827,
        31.014152
      ],
      [
        -97.655744,
        31.013911
      ],
      [
        -97.655556,
        31.013524
      ],
      [
        -97.655433,
        31.013301
      ],
      [
        -97.655304,
        31.013122
      ],
      [
        -97.655118,
        31.012893
      ],
      [
        -97.654931,
        31.012683
      ],
      [
        -97.654632,
        31.012402
      ],
      [
        -97.654424,
        31.012237
      ],
      [
        -97.654151,
        31.012051
      ],
      [
        -97.653794,
        31.011839
      ],
      [
        -97.653456,
        31.011669
      ],
      [
        -97.651377,
        31.010683
      ],
      [
        -97.644953,
        31.007586
      ],
      [
        -97.644192,
        31.007221
      ],
      [
        -97.643846,
        31.00703
      ],
      [
        -97.643559,
        31.006844
      ],
      [
        -97.643261,
        31.006607
      ],
      [
        -97.643128,
        31.006485
      ],
      [
        -97.643002,
        31.006357
      ],
      [
        -97.642824,
        31.006163
      ],
      [
        -97.642598,
        31.005876
      ],
      [
        -97.6424,
        31.005568
      ],
      [
        -97.642285,
        31.005356
      ],
      [
        -97.641686,
        31.003894
      ],
      [
        -97.641312,
        31.002949
      ],
      [
        -97.640816,
        31.001667
      ],
      [
        -97.640392,
        31.000561
      ],
      [
        -97.639938,
        30.999441
      ],
      [
        -97.639884,
        30.999309
      ],
      [
        -97.639443,
        30.99823
      ],
      [
        -97.639229,
        30.997705
      ],
      [
        -97.639195,
        30.997622
      ],
      [
        -97.63892,
        30.996947
      ],
      [
        -97.638706,
        30.996443
      ],
      [
        -97.638694,
        30.996419
      ],
      [
        -97.638417,
        30.995875
      ],
      [
        -97.63837,
        30.995799
      ],
      [
        -97.638159,
        30.995459
      ],
      [
        -97.637888,
        30.995068
      ],
      [
        -97.63765,
        30.994767
      ],
      [
        -97.637253,
        30.994318
      ],
      [
        -97.634467,
        30.991443
      ],
      [
        -97.634142,
        30.991107
      ],
      [
        -97.634303,
        30.990947
      ],
      [
        -97.634543,
        30.990659
      ],
      [
        -97.634635,
        30.990525
      ],
      [
        -97.634774,
        30.990242
      ],
      [
        -97.634863,
        30.989915
      ],
      [
        -97.634896,
        30.9897
      ],
      [
        -97.634981,
        30.988907
      ],
      [
        -97.635021,
        30.98869
      ],
      [
        -97.635083,
        30.988476
      ],
      [
        -97.635233,
        30.988133
      ],
      [
        -97.635348,
        30.987933
      ],
      [
        -97.635482,
        30.987754
      ],
      [
        -97.635823,
        30.987411
      ],
      [
        -97.635994,
        30.987269
      ],
      [
        -97.63626,
        30.987084
      ],
      [
        -97.63717,
        30.986503
      ],
      [
        -97.637703,
        30.986223
      ],
      [
        -97.638065,
        30.986066
      ],
      [
        -97.639068,
        30.98571
      ],
      [
        -97.640781,
        30.98517
      ],
      [
        -97.641204,
        30.985043
      ],
      [
        -97.641828,
        30.984857
      ],
      [
        -97.642006,
        30.984802
      ],
      [
        -97.643419,
        30.984368
      ],
      [
        -97.645283,
        30.983774
      ],
      [
        -97.645988,
        30.983525
      ],
      [
        -97.646227,
        30.983437
      ],
      [
        -97.647728,
        30.982877
      ],
      [
        -97.647971,
        30.98276
      ],
      [
        -97.648161,
        30.982654
      ],
      [
        -97.649317,
        30.981876
      ],
      [
        -97.650368,
        30.981134
      ],
      [
        -97.650662,
        30.980978
      ],
      [
        -97.65093,
        30.980859
      ],
      [
        -97.651244,
        30.980742
      ],
      [
        -97.651728,
        30.980616
      ],
      [
        -97.652023,
        30.980557
      ],
      [
        -97.653052,
        30.98041
      ],
      [
        -97.65344,
        30.980353
      ],
      [
        -97.653964,
        30.980275
      ],
      [
        -97.654176,
        30.980243
      ],
      [
        -97.655825,
        30.979998
      ],
      [
        -97.65652,
        30.979894
      ],
      [
        -97.657399,
        30.979763
      ],
      [
        -97.657788,
        30.97972
      ],
      [
        -97.65819,
        30.979702
      ],
      [
        -97.658389,
        30.979704
      ],
      [
        -97.658843,
        30.979749
      ],
      [
        -97.659448,
        30.979858
      ],
      [
        -97.659716,
        30.979929
      ],
      [
        -97.662128,
        30.980731
      ],
      [
        -97.662197,
        30.980754
      ],
      [
        -97.662777,
        30.980931
      ],
      [
        -97.663167,
        30.981016
      ],
      [
        -97.663603,
        30.981076
      ],
      [
        -97.66647,
        30.981267
      ],
      [
        -97.666884,
        30.981295
      ],
      [
        -97.667308,
        30.981325
      ],
      [
        -97.667918,
        30.981377
      ],
      [
        -97.668602,
        30.981452
      ],
      [
        -97.668887,
        30.98149
      ],
      [
        -97.669138,
        30.981523
      ],
      [
        -97.669349,
        30.98155
      ],
      [
        -97.670307,
        30.981676
      ],
      [
        -97.670762,
        30.981741
      ],
      [
        -97.670912,
        30.98176
      ],
      [
        -97.672395,
        30.98195
      ],
      [
        -97.673964,
        30.982125
      ],
      [
        -97.674627,
        30.982173
      ],
      [
        -97.674965,
        30.982169
      ],
      [
        -97.675238,
        30.982136
      ],
      [
        -97.675646,
        30.982051
      ],
      [
        -97.675879,
        30.981971
      ],
      [
        -97.676193,
        30.981842
      ],
      [
        -97.676429,
        30.981713
      ],
      [
        -97.676706,
        30.981525
      ],
      [
        -97.676917,
        30.981338
      ],
      [
        -97.677229,
        30.980996
      ],
      [
        -97.677389,
        30.980764
      ],
      [
        -97.677499,
        30.980564
      ],
      [
        -97.677591,
        30.980345
      ],
      [
        -97.677655,
        30.980166
      ],
      [
        -97.677717,
        30.979793
      ],
      [
        -97.677722,
        30.97952
      ],
      [
        -97.677664,
        30.977198
      ],
      [
        -97.677633,
        30.97596
      ],
      [
        -97.677644,
        30.975716
      ],
      [
        -97.677668,
        30.9755
      ],
      [
        -97.67773,
        30.975215
      ],
      [
        -97.6778,
        30.97501
      ],
      [
        -97.67799,
        30.97461
      ],
      [
        -97.678132,
        30.974384
      ],
      [
        -97.678264,
        30.974203
      ],
      [
        -97.67877,
        30.973612
      ],
      [
        -97.679179,
        30.973115
      ],
      [
        -97.679329,
        30.972887
      ],
      [
        -97.679436,
        30.97268
      ],
      [
        -97.67953,
        30.972462
      ],
      [
        -97.679586,
        30.972262
      ],
      [
        -97.679656,
        30.971797
      ],
      [
        -97.679659,
        30.97159
      ],
      [
        -97.679632,
        30.971323
      ],
      [
        -97.679525,
        30.970937
      ],
      [
        -97.679408,
        30.970661
      ],
      [
        -97.679251,
        30.970376
      ],
      [
        -97.679012,
        30.970079
      ],
      [
        -97.678344,
        30.969313
      ],
      [
        -97.678138,
        30.968991
      ],
      [
        -97.677788,
        30.968319
      ],
      [
        -97.677607,
        30.967855
      ],
      [
        -97.677518,
        30.967507
      ],
      [
        -97.677462,
        30.967204
      ],
      [
        -97.677427,
        30.96682
      ],
      [
        -97.677424,
        30.966144
      ],
      [
        -97.677462,
        30.96582
      ],
      [
        -97.677572,
        30.965277
      ],
      [
        -97.677797,
        30.964651
      ],
      [
        -97.677913,
        30.964403
      ],
      [
        -97.678049,
        30.964145
      ],
      [
        -97.678294,
        30.963766
      ],
      [
        -97.679187,
        30.962398
      ],
      [
        -97.679455,
        30.961836
      ],
      [
        -97.679637,
        30.961264
      ],
      [
        -97.680015,
        30.959665
      ],
      [
        -97.68009,
        30.959463
      ],
      [
        -97.68023,
        30.959166
      ],
      [
        -97.680359,
        30.958936
      ],
      [
        -97.680565,
        30.958621
      ],
      [
        -97.680796,
        30.958343
      ],
      [
        -97.681008,
        30.958126
      ],
      [
        -97.681268,
        30.957896
      ],
      [
        -97.681783,
        30.957542
      ],
      [
        -97.682268,
        30.957289
      ],
      [
        -97.68288,
        30.957048
      ],
      [
        -97.683202,
        30.956962
      ],
      [
        -97.683486,
        30.956905
      ],
      [
        -97.687952,
        30.956185
      ],
      [
        -97.688419,
        30.956088
      ],
      [
        -97.688911,
        30.955952
      ],
      [
        -97.689288,
        30.95584
      ],
      [
        -97.689709,
        30.955688
      ],
      [
        -97.690387,
        30.955404
      ],
      [
        -97.6906,
        30.955313
      ],
      [
        -97.702129,
        30.950235
      ],
      [
        -97.702758,
        30.949958
      ],
      [
        -97.704124,
        30.949335
      ],
      [
        -97.704944,
        30.949031
      ],
      [
        -97.705198,
        30.948971
      ],
      [
        -97.705526,
        30.948919
      ],
      [
        -97.705795,
        30.948907
      ],
      [
        -97.706212,
        30.948925
      ],
      [
        -97.706545,
        30.948976
      ],
      [
        -97.706983,
        30.949093
      ],
      [
        -97.707211,
        30.949178
      ],
      [
        -97.707579,
        30.949358
      ],
      [
        -97.708209,
        30.94971
      ],
      [
        -97.708887,
        30.950128
      ],
      [
        -97.708962,
        30.950014
      ],
      [
        -97.708997,
        30.949905
      ],
      [
        -97.70899,
        30.94981
      ],
      [
        -97.708939,
        30.949649
      ],
      [
        -97.708411,
        30.948463
      ],
      [
        -97.708121,
        30.947721
      ],
      [
        -97.708045,
        30.947543
      ],
      [
        -97.708008,
        30.947407
      ],
      [
        -97.707954,
        30.947189
      ],
      [
        -97.707947,
        30.94709
      ],
      [
        -97.707958,
        30.946946
      ],
      [
        -97.707981,
        30.946798
      ],
      [
        -97.708036,
        30.946654
      ],
      [
        -97.708112,
        30.946503
      ],
      [
        -97.708179,
        30.946419
      ],
      [
        -97.708293,
        30.946303
      ],
      [
        -97.708534,
        30.94609
      ],
      [
        -97.708744,
        30.945898
      ],
      [
        -97.708867,
        30.945743
      ],
      [
        -97.708954,
        30.94562
      ],
      [
        -97.70903,
        30.945473
      ],
      [
        -97.709096,
        30.945347
      ],
      [
        -97.709163,
        30.945186
      ],
      [
        -97.709205,
        30.945042
      ],
      [
        -97.709249,
        30.94484
      ],
      [
        -97.709267,
        30.94452
      ],
      [
        -97.70925,
        30.944175
      ],
      [
        -97.709222,
        30.943928
      ],
      [
        -97.709206,
        30.943789
      ],
      [
        -97.709195,
        30.943692
      ],
      [
        -97.709108,
        30.943281
      ],
      [
        -97.708948,
        30.942551
      ],
      [
        -97.70891,
        30.942391
      ],
      [
        -97.708778,
        30.941838
      ],
      [
        -97.708398,
        30.940512
      ],
      [
        -97.708336,
        30.940191
      ],
      [
        -97.708282,
        30.93992
      ],
      [
        -97.708267,
        30.939758
      ],
      [
        -97.708289,
        30.939567
      ],
      [
        -97.708313,
        30.939451
      ],
      [
        -97.708443,
        30.939075
      ],
      [
        -97.708663,
        30.938574
      ],
      [
        -97.708715,
        30.938457
      ],
      [
        -97.708755,
        30.938366
      ],
      [
        -97.708997,
        30.93788
      ],
      [
        -97.709015,
        30.937843
      ],
      [
        -97.709221,
        30.937441
      ],
      [
        -97.709312,
        30.937262
      ],
      [
        -97.70969,
        30.93658
      ],
      [
        -97.709854,
        30.936283
      ],
      [
        -97.710075,
        30.935898
      ],
      [
        -97.710274,
        30.935566
      ],
      [
        -97.710419,
        30.935305
      ],
      [
        -97.710526,
        30.935125
      ],
      [
        -97.710609,
        30.935009
      ],
      [
        -97.710678,
        30.934929
      ],
      [
        -97.710754,
        30.934856
      ],
      [
        -97.710838,
        30.934786
      ],
      [
        -97.710938,
        30.934715
      ],
      [
        -97.711143,
        30.934628
      ],
      [
        -97.711685,
        30.934452
      ],
      [
        -97.712677,
        30.934147
      ],
      [
        -97.713898,
        30.933779
      ],
      [
        -97.714357,
        30.933639
      ],
      [
        -97.714533,
        30.933585
      ],
      [
        -97.71464,
        30.933552
      ],
      [
        -97.714912,
        30.933469
      ],
      [
        -97.715007,
        30.93344
      ],
      [
        -97.715096,
        30.933413
      ],
      [
        -97.715223,
        30.933371
      ],
      [
        -97.715973,
        30.93315
      ],
      [
        -97.716385,
        30.932991
      ],
      [
        -97.716522,
        30.932894
      ],
      [
        -97.716598,
        30.932811
      ],
      [
        -97.716629,
        30.932778
      ],
      [
        -97.716759,
        30.932553
      ],
      [
        -97.716965,
        30.93214
      ],
      [
        -97.717153,
        30.931784
      ],
      [
        -97.717226,
        30.931644
      ],
      [
        -97.717429,
        30.931234
      ],
      [
        -97.717531,
        30.931106
      ],
      [
        -97.71763,
        30.931024
      ],
      [
        -97.71788,
        30.930858
      ],
      [
        -97.718262,
        30.930647
      ],
      [
        -97.718567,
        30.93047
      ],
      [
        -97.718849,
        30.930319
      ],
      [
        -97.719353,
        30.93009
      ],
      [
        -97.719658,
        30.929974
      ],
      [
        -97.720383,
        30.929729
      ],
      [
        -97.720734,
        30.929615
      ],
      [
        -97.720858,
        30.929577
      ],
      [
        -97.721046,
        30.92952
      ],
      [
        -97.721313,
        30.929422
      ],
      [
        -97.721481,
        30.929355
      ],
      [
        -97.721512,
        30.929342
      ],
      [
        -97.721563,
        30.929315
      ],
      [
        -97.721787,
        30.929193
      ],
      [
        -97.72181,
        30.929177
      ],
      [
        -97.721901,
        30.929111
      ],
      [
        -97.721936,
        30.929082
      ],
      [
        -97.722031,
        30.929005
      ],
      [
        -97.72216,
        30.928841
      ],
      [
        -97.72226,
        30.928701
      ],
      [
        -97.722366,
        30.928532
      ],
      [
        -97.722458,
        30.92837
      ],
      [
        -97.722511,
        30.928217
      ],
      [
        -97.722542,
        30.928062
      ],
      [
        -97.722585,
        30.927909
      ],
      [
        -97.722558,
        30.927707
      ],
      [
        -97.722496,
        30.927443
      ],
      [
        -97.722477,
        30.927273
      ],
      [
        -97.722527,
        30.927116
      ],
      [
        -97.722589,
        30.926985
      ],
      [
        -97.722686,
        30.9269
      ],
      [
        -97.722814,
        30.926823
      ],
      [
        -97.722946,
        30.926786
      ],
      [
        -97.723221,
        30.926689
      ],
      [
        -97.723785,
        30.926516
      ],
      [
        -97.723881,
        30.926491
      ],
      [
        -97.724506,
        30.926326
      ],
      [
        -97.725219,
        30.926117
      ],
      [
        -97.72567,
        30.925974
      ],
      [
        -97.725816,
        30.925925
      ],
      [
        -97.725975,
        30.925886
      ],
      [
        -97.726349,
        30.9258
      ],
      [
        -97.726467,
        30.925776
      ],
      [
        -97.726703,
        30.925728
      ],
      [
        -97.726936,
        30.92568
      ],
      [
        -97.727127,
        30.925646
      ],
      [
        -97.727509,
        30.925594
      ],
      [
        -97.727557,
        30.925585
      ],
      [
        -97.727638,
        30.92557
      ],
      [
        -97.727791,
        30.925535
      ],
      [
        -97.72783,
        30.925522
      ],
      [
        -97.727997,
        30.925465
      ],
      [
        -97.728515,
        30.925303
      ],
      [
        -97.729057,
        30.925133
      ],
      [
        -97.729301,
        30.925062
      ],
      [
        -97.729523,
        30.924992
      ],
      [
        -97.729881,
        30.924887
      ],
      [
        -97.730393,
        30.924763
      ],
      [
        -97.730659,
        30.924698
      ],
      [
        -97.731301,
        30.924542
      ],
      [
        -97.732012,
        30.924324
      ],
      [
        -97.732784,
        30.924084
      ],
      [
        -97.734947,
        30.923394
      ],
      [
        -97.736149,
        30.923011
      ],
      [
        -97.736674,
        30.92284
      ],
      [
        -97.73674,
        30.922818
      ],
      [
        -97.737127,
        30.922692
      ],
      [
        -97.73781,
        30.922481
      ],
      [
        -97.738145,
        30.922377
      ],
      [
        -97.738665,
        30.922229
      ],
      [
        -97.739133,
        30.922096
      ],
      [
        -97.739208,
        30.922074
      ],
      [
        -97.7397,
        30.921931
      ],
      [
        -97.740484,
        30.921671
      ],
      [
        -97.740497,
        30.921667
      ],
      [
        -97.741363,
        30.921397
      ],
      [
        -97.741817,
        30.921255
      ],
      [
        -97.741949,
        30.921214
      ],
      [
        -97.742495,
        30.921044
      ],
      [
        -97.742643,
        30.920998
      ],
      [
        -97.743645,
        30.920674
      ],
      [
        -97.744194,
        30.920515
      ],
      [
        -97.744576,
        30.920412
      ],
      [
        -97.745018,
        30.920325
      ],
      [
        -97.745437,
        30.920263
      ],
      [
        -97.746904,
        30.920022
      ],
      [
        -97.747548,
        30.919922
      ],
      [
        -97.747643,
        30.919909
      ],
      [
        -97.747803,
        30.919884
      ],
      [
        -97.747925,
        30.91984
      ],
      [
        -97.748039,
        30.919786
      ],
      [
        -97.748169,
        30.919716
      ],
      [
        -97.748306,
        30.919626
      ],
      [
        -97.748464,
        30.919493
      ],
      [
        -97.748599,
        30.919378
      ],
      [
        -97.748894,
        30.919153
      ],
      [
        -97.749054,
        30.919029
      ],
      [
        -97.749214,
        30.918915
      ],
      [
        -97.749382,
        30.918816
      ],
      [
        -97.74955,
        30.918728
      ],
      [
        -97.749733,
        30.918667
      ],
      [
        -97.749916,
        30.91864
      ],
      [
        -97.75013,
        30.918671
      ],
      [
        -97.750278,
        30.918699
      ],
      [
        -97.750366,
        30.918716
      ],
      [
        -97.750671,
        30.918793
      ],
      [
        -97.751068,
        30.918905
      ],
      [
        -97.752144,
        30.919186
      ],
      [
        -97.752568,
        30.919306
      ],
      [
        -97.752723,
        30.91935
      ],
      [
        -97.753179,
        30.919479
      ],
      [
        -97.753235,
        30.919495
      ],
      [
        -97.753369,
        30.919531
      ],
      [
        -97.753693,
        30.919617
      ],
      [
        -97.754051,
        30.919708
      ],
      [
        -97.754339,
        30.919775
      ],
      [
        -97.754547,
        30.919823
      ],
      [
        -97.754773,
        30.919867
      ],
      [
        -97.754837,
        30.919879
      ],
      [
        -97.7551,
        30.919867
      ],
      [
        -97.755314,
        30.919797
      ],
      [
        -97.755581,
        30.919662
      ],
      [
        -97.756062,
        30.919336
      ],
      [
        -97.757265,
        30.918432
      ],
      [
        -97.757496,
        30.918254
      ],
      [
        -97.758495,
        30.917485
      ],
      [
        -97.759183,
        30.916896
      ],
      [
        -97.759212,
        30.916871
      ],
      [
        -97.759369,
        30.916746
      ],
      [
        -97.759483,
        30.916654
      ],
      [
        -97.759819,
        30.916382
      ],
      [
        -97.759922,
        30.9163
      ],
      [
        -97.760201,
        30.916079
      ],
      [
        -97.760506,
        30.915829
      ],
      [
        -97.760765,
        30.915606
      ],
      [
        -97.760811,
        30.915569
      ],
      [
        -97.761391,
        30.915106
      ],
      [
        -97.761528,
        30.914989
      ],
      [
        -97.761742,
        30.914829
      ],
      [
        -97.761769,
        30.914813
      ],
      [
        -97.761935,
        30.914716
      ],
      [
        -97.762063,
        30.914667
      ],
      [
        -97.762219,
        30.914607
      ],
      [
        -97.762416,
        30.914545
      ],
      [
        -97.762747,
        30.914437
      ],
      [
        -97.762848,
        30.914408
      ],
      [
        -97.763964,
        30.914169
      ],
      [
        -97.764394,
        30.914078
      ],
      [
        -97.764851,
        30.913982
      ],
      [
        -97.764948,
        30.913961
      ],
      [
        -97.765311,
        30.91388
      ],
      [
        -97.766219,
        30.913686
      ],
      [
        -97.766299,
        30.91367
      ],
      [
        -97.766589,
        30.913612
      ],
      [
        -97.767231,
        30.913402
      ],
      [
        -97.767475,
        30.913297
      ],
      [
        -97.767682,
        30.913185
      ],
      [
        -97.767774,
        30.913116
      ],
      [
        -97.768215,
        30.912736
      ],
      [
        -97.768476,
        30.912483
      ],
      [
        -97.768565,
        30.912378
      ],
      [
        -97.76865,
        30.912267
      ],
      [
        -97.768693,
        30.912184
      ],
      [
        -97.76872,
        30.912063
      ],
      [
        -97.768805,
        30.910786
      ],
      [
        -97.768923,
        30.908523
      ],
      [
        -97.768942,
        30.908152
      ],
      [
        -97.768944,
        30.908123
      ],
      [
        -97.76899,
        30.907194
      ],
      [
        -97.769016,
        30.906746
      ],
      [
        -97.769071,
        30.905783
      ],
      [
        -97.769102,
        30.905251
      ],
      [
        -97.769211,
        30.903362
      ],
      [
        -97.76924,
        30.902968
      ],
      [
        -97.76931,
        30.9015
      ],
      [
        -97.769337,
        30.900584
      ],
      [
        -97.769402,
        30.899988
      ],
      [
        -97.769424,
        30.899755
      ],
      [
        -97.769481,
        30.899312
      ],
      [
        -97.769536,
        30.898971
      ],
      [
        -97.769608,
        30.898555
      ],
      [
        -97.769783,
        30.897962
      ],
      [
        -97.770241,
        30.896469
      ],
      [
        -97.770374,
        30.896022
      ],
      [
        -97.770534,
        30.895601
      ],
      [
        -97.770846,
        30.894906
      ],
      [
        -97.771113,
        30.894343
      ],
      [
        -97.771373,
        30.893725
      ],
      [
        -97.771561,
        30.893304
      ],
      [
        -97.771866,
        30.892621
      ],
      [
        -97.772126,
        30.892082
      ],
      [
        -97.772458,
        30.891361
      ],
      [
        -97.77261,
        30.891029
      ],
      [
        -97.77282,
        30.89061
      ],
      [
        -97.772929,
        30.890366
      ],
      [
        -97.773037,
        30.890086
      ],
      [
        -97.773115,
        30.889809
      ],
      [
        -97.773174,
        30.889523
      ],
      [
        -97.7732,
        30.889296
      ],
      [
        -97.77324,
        30.888463
      ],
      [
        -97.773252,
        30.888204
      ],
      [
        -97.773254,
        30.887908
      ],
      [
        -97.773196,
        30.886626
      ],
      [
        -97.773125,
        30.885494
      ],
      [
        -97.773098,
        30.885069
      ],
      [
        -97.773081,
        30.884247
      ],
      [
        -97.773062,
        30.883298
      ],
      [
        -97.772996,
        30.882338
      ],
      [
        -97.772949,
        30.881781
      ],
      [
        -97.772941,
        30.88171
      ],
      [
        -97.772886,
        30.8812
      ],
      [
        -97.772852,
        30.880746
      ],
      [
        -97.772845,
        30.880643
      ],
      [
        -97.772774,
        30.879681
      ],
      [
        -97.772769,
        30.879335
      ],
      [
        -97.772774,
        30.879181
      ],
      [
        -97.772827,
        30.878472
      ],
      [
        -97.772864,
        30.878101
      ],
      [
        -97.772888,
        30.87786
      ],
      [
        -97.772956,
        30.87739
      ],
      [
        -97.772982,
        30.877273
      ],
      [
        -97.773001,
        30.87721
      ],
      [
        -97.773016,
        30.877159
      ],
      [
        -97.773059,
        30.877046
      ],
      [
        -97.773062,
        30.87704
      ],
      [
        -97.77311,
        30.876937
      ],
      [
        -97.773197,
        30.876779
      ],
      [
        -97.773271,
        30.876664
      ],
      [
        -97.77334,
        30.876564
      ],
      [
        -97.773437,
        30.876462
      ],
      [
        -97.773531,
        30.876369
      ],
      [
        -97.773595,
        30.876314
      ],
      [
        -97.773664,
        30.876264
      ],
      [
        -97.773739,
        30.87622
      ],
      [
        -97.773817,
        30.876181
      ],
      [
        -97.773899,
        30.876148
      ],
      [
        -97.77675,
        30.875196
      ],
      [
        -97.777132,
        30.875072
      ],
      [
        -97.778207,
        30.874752
      ],
      [
        -97.778692,
        30.874602
      ],
      [
        -97.779248,
        30.87443
      ],
      [
        -97.779531,
        30.874334
      ],
      [
        -97.779569,
        30.874322
      ],
      [
        -97.779718,
        30.874273
      ],
      [
        -97.780215,
        30.874111
      ],
      [
        -97.783442,
        30.873116
      ],
      [
        -97.783873,
        30.872986
      ],
      [
        -97.785668,
        30.872443
      ],
      [
        -97.786803,
        30.872098
      ],
      [
        -97.787274,
        30.871963
      ],
      [
        -97.78766,
        30.871865
      ],
      [
        -97.787863,
        30.871823
      ],
      [
        -97.788157,
        30.87177
      ],
      [
        -97.788515,
        30.871717
      ],
      [
        -97.788791,
        30.871663
      ],
      [
        -97.789023,
        30.871608
      ],
      [
        -97.789243,
        30.871543
      ],
      [
        -97.789441,
        30.871473
      ],
      [
        -97.789749,
        30.871345
      ],
      [
        -97.792721,
        30.870126
      ],
      [
        -97.792966,
        30.870026
      ],
      [
        -97.793433,
        30.869857
      ],
      [
        -97.793836,
        30.869724
      ],
      [
        -97.794237,
        30.869583
      ],
      [
        -97.794504,
        30.869493
      ],
      [
        -97.794822,
        30.86937
      ],
      [
        -97.795082,
        30.86926
      ],
      [
        -97.795323,
        30.869144
      ],
      [
        -97.795645,
        30.868979
      ],
      [
        -97.795972,
        30.868798
      ],
      [
        -97.797304,
        30.868006
      ],
      [
        -97.798743,
        30.867159
      ],
      [
        -97.799497,
        30.866717
      ],
      [
        -97.799834,
        30.866521
      ],
      [
        -97.800046,
        30.86639
      ],
      [
        -97.80023,
        30.86627
      ],
      [
        -97.800375,
        30.866164
      ],
      [
        -97.800503,
        30.86607
      ],
      [
        -97.800588,
        30.865996
      ],
      [
        -97.800685,
        30.865896
      ],
      [
        -97.80079,
        30.86578
      ],
      [
        -97.800879,
        30.865652
      ],
      [
        -97.800982,
        30.86546
      ],
      [
        -97.801074,
        30.86527
      ],
      [
        -97.801145,
        30.865128
      ],
      [
        -97.801251,
        30.864961
      ],
      [
        -97.801446,
        30.864667
      ],
      [
        -97.801553,
        30.864518
      ],
      [
        -97.801939,
        30.863981
      ],
      [
        -97.80212,
        30.863734
      ],
      [
        -97.802198,
        30.863641
      ],
      [
        -97.802286,
        30.863553
      ],
      [
        -97.802358,
        30.863489
      ],
      [
        -97.802438,
        30.863438
      ],
      [
        -97.802516,
        30.863406
      ],
      [
        -97.802623,
        30.863376
      ],
      [
        -97.802994,
        30.862221
      ],
      [
        -97.803061,
        30.861993
      ],
      [
        -97.803117,
        30.861801
      ],
      [
        -97.803201,
        30.861445
      ],
      [
        -97.803256,
        30.861131
      ],
      [
        -97.803269,
        30.860996
      ],
      [
        -97.803289,
        30.860829
      ],
      [
        -97.803307,
        30.860594
      ],
      [
        -97.803307,
        30.860377
      ],
      [
        -97.803303,
        30.860156
      ],
      [
        -97.80329,
        30.859926
      ],
      [
        -97.803269,
        30.859716
      ],
      [
        -97.803243,
        30.859528
      ],
      [
        -97.803214,
        30.859345
      ],
      [
        -97.803174,
        30.859156
      ],
      [
        -97.803128,
        30.858966
      ],
      [
        -97.803073,
        30.858775
      ],
      [
        -97.803005,
        30.858546
      ],
      [
        -97.802957,
        30.858368
      ],
      [
        -97.802736,
        30.857617
      ],
      [
        -97.802652,
        30.857337
      ],
      [
        -97.802577,
        30.857118
      ],
      [
        -97.802484,
        30.856892
      ],
      [
        -97.802375,
        30.856661
      ],
      [
        -97.802143,
        30.856203
      ],
      [
        -97.801179,
        30.854468
      ],
      [
        -97.800943,
        30.854032
      ],
      [
        -97.800831,
        30.853843
      ],
      [
        -97.800815,
        30.853668
      ],
      [
        -97.800817,
        30.853598
      ],
      [
        -97.800833,
        30.853544
      ],
      [
        -97.800853,
        30.853497
      ],
      [
        -97.800932,
        30.853412
      ],
      [
        -97.801047,
        30.853379
      ],
      [
        -97.808654,
        30.851091
      ],
      [
        -97.808936,
        30.851032
      ],
      [
        -97.809186,
        30.850996
      ],
      [
        -97.809395,
        30.850978
      ],
      [
        -97.809655,
        30.850974
      ],
      [
        -97.809911,
        30.850987
      ],
      [
        -97.810162,
        30.851016
      ],
      [
        -97.810448,
        30.851066
      ],
      [
        -97.812538,
        30.851592
      ],
      [
        -97.813347,
        30.851795
      ],
      [
        -97.813592,
        30.85184
      ],
      [
        -97.813898,
        30.851881
      ],
      [
        -97.814208,
        30.851907
      ],
      [
        -97.81452,
        30.851917
      ],
      [
        -97.814831,
        30.851911
      ],
      [
        -97.815954,
        30.851897
      ],
      [
        -97.820936,
        30.851848
      ],
      [
        -97.821051,
        30.851847
      ],
      [
        -97.821093,
        30.851847
      ],
      [
        -97.823495,
        30.851835
      ],
      [
        -97.823601,
        30.85183
      ],
      [
        -97.823805,
        30.851821
      ],
      [
        -97.824174,
        30.85179
      ],
      [
        -97.824376,
        30.851763
      ],
      [
        -97.824541,
        30.851741
      ],
      [
        -97.824579,
        30.851734
      ],
      [
        -97.824904,
        30.851675
      ],
      [
        -97.825925,
        30.851513
      ],
      [
        -97.826209,
        30.851468
      ],
      [
        -97.826335,
        30.851454
      ],
      [
        -97.826587,
        30.851438
      ],
      [
        -97.826841,
        30.851437
      ],
      [
        -97.827095,
        30.851452
      ],
      [
        -97.827621,
        30.851513
      ],
      [
        -97.827666,
        30.851518
      ],
      [
        -97.827775,
        30.851531
      ],
      [
        -97.828332,
        30.85157
      ],
      [
        -97.828857,
        30.851634
      ],
      [
        -97.829002,
        30.851651
      ],
      [
        -97.82905,
        30.851654
      ],
      [
        -97.829519,
        30.851685
      ],
      [
        -97.830322,
        30.851738
      ],
      [
        -97.830696,
        30.851759
      ],
      [
        -97.830994,
        30.851757
      ],
      [
        -97.831007,
        30.851757
      ],
      [
        -97.831316,
        30.85174
      ],
      [
        -97.831625,
        30.851706
      ],
      [
        -97.831929,
        30.851655
      ],
      [
        -97.83218,
        30.8516
      ],
      [
        -97.832229,
        30.851589
      ],
      [
        -97.8328,
        30.85139
      ],
      [
        -97.833693,
        30.85112
      ],
      [
        -97.834399,
        30.850907
      ],
      [
        -97.835236,
        30.850648
      ],
      [
        -97.836067,
        30.850391
      ],
      [
        -97.8373,
        30.85001
      ],
      [
        -97.84031,
        30.849101
      ],
      [
        -97.84159,
        30.848699
      ],
      [
        -97.841714,
        30.848662
      ],
      [
        -97.842047,
        30.848564
      ],
      [
        -97.842788,
        30.848328
      ],
      [
        -97.843418,
        30.848138
      ],
      [
        -97.843504,
        30.848112
      ],
      [
        -97.844934,
        30.847671
      ],
      [
        -97.845562,
        30.847477
      ],
      [
        -97.846477,
        30.847205
      ],
      [
        -97.846844,
        30.847096
      ],
      [
        -97.848626,
        30.84654
      ],
      [
        -97.849842,
        30.846161
      ],
      [
        -97.851003,
        30.845806
      ],
      [
        -97.851986,
        30.845505
      ],
      [
        -97.852508,
        30.845344
      ],
      [
        -97.854679,
        30.844674
      ],
      [
        -97.855257,
        30.844495
      ],
      [
        -97.856496,
        30.844102
      ],
      [
        -97.857538,
        30.843785
      ],
      [
        -97.858691,
        30.843425
      ],
      [
        -97.859113,
        30.843291
      ],
      [
        -97.860744,
        30.842784
      ],
      [
        -97.860897,
        30.842736
      ],
      [
        -97.860935,
        30.842724
      ],
      [
        -97.861462,
        30.842561
      ],
      [
        -97.861553,
        30.842533
      ],
      [
        -97.861794,
        30.842459
      ],
      [
        -97.862114,
        30.842361
      ],
      [
        -97.862158,
        30.84235
      ],
      [
        -97.862582,
        30.84222
      ],
      [
        -97.863139,
        30.842052
      ],
      [
        -97.863665,
        30.841894
      ],
      [
        -97.863995,
        30.841795
      ],
      [
        -97.864977,
        30.841499
      ],
      [
        -97.86528,
        30.841428
      ],
      [
        -97.865588,
        30.841377
      ],
      [
        -97.865884,
        30.841335
      ],
      [
        -97.86619,
        30.841338
      ],
      [
        -97.866437,
        30.841348
      ],
      [
        -97.866682,
        30.841372
      ],
      [
        -97.866924,
        30.841412
      ],
      [
        -97.867162,
        30.841467
      ],
      [
        -97.867396,
        30.841536
      ],
      [
        -97.870614,
        30.842692
      ],
      [
        -97.872419,
        30.843342
      ],
      [
        -97.876664,
        30.844841
      ],
      [
        -97.876873,
        30.844884
      ],
      [
        -97.877071,
        30.844918
      ],
      [
        -97.877307,
        30.844938
      ],
      [
        -97.877547,
        30.844939
      ],
      [
        -97.877862,
        30.844921
      ],
      [
        -97.878174,
        30.844882
      ],
      [
        -97.878484,
        30.844822
      ],
      [
        -97.878787,
        30.844741
      ],
      [
        -97.8794,
        30.844535
      ],
      [
        -97.880529,
        30.844155
      ],
      [
        -97.882279,
        30.843567
      ],
      [
        -97.882766,
        30.843403
      ],
      [
        -97.883716,
        30.843084
      ],
      [
        -97.884944,
        30.842675
      ],
      [
        -97.885652,
        30.842441
      ],
      [
        -97.887404,
        30.841862
      ],
      [
        -97.887536,
        30.841815
      ],
      [
        -97.887802,
        30.84172
      ],
      [
        -97.88803,
        30.841647
      ],
      [
        -97.88879,
        30.841372
      ],
      [
        -97.888874,
        30.841339
      ],
      [
        -97.889539,
        30.841079
      ],
      [
        -97.890907,
        30.8405
      ],
      [
        -97.89117,
        30.840386
      ],
      [
        -97.8943,
        30.839063
      ],
      [
        -97.894324,
        30.839053
      ],
      [
        -97.894851,
        30.838829
      ],
      [
        -97.895727,
        30.838456
      ],
      [
        -97.896137,
        30.838281
      ],
      [
        -97.896393,
        30.838172
      ],
      [
        -97.897351,
        30.837764
      ],
      [
        -97.897538,
        30.837682
      ],
      [
        -97.897892,
        30.837524
      ],
      [
        -97.900774,
        30.836311
      ],
      [
        -97.901826,
        30.835867
      ],
      [
        -97.901956,
        30.835809
      ],
      [
        -97.901652,
        30.835125
      ],
      [
        -97.900753,
        30.832898
      ],
      [
        -97.899837,
        30.830648
      ],
      [
        -97.898746,
        30.828066
      ],
      [
        -97.898597,
        30.827671
      ],
      [
        -97.898417,
        30.827237
      ],
      [
        -97.898401,
        30.827197
      ],
      [
        -97.898259,
        30.826853
      ],
      [
        -97.897674,
        30.82544
      ],
      [
        -97.897625,
        30.82532
      ],
      [
        -97.897558,
        30.825159
      ],
      [
        -97.897429,
        30.824848
      ],
      [
        -97.897377,
        30.82472
      ],
      [
        -97.897349,
        30.824653
      ],
      [
        -97.897338,
        30.824627
      ],
      [
        -97.897325,
        30.824595
      ],
      [
        -97.897118,
        30.824108
      ],
      [
        -97.897017,
        30.823862
      ],
      [
        -97.896622,
        30.822903
      ],
      [
        -97.896577,
        30.822794
      ],
      [
        -97.896341,
        30.822228
      ],
      [
        -97.89585,
        30.821048
      ],
      [
        -97.895826,
        30.820991
      ],
      [
        -97.895692,
        30.820663
      ],
      [
        -97.895451,
        30.820073
      ],
      [
        -97.895317,
        30.819754
      ],
      [
        -97.894852,
        30.818649
      ],
      [
        -97.89474,
        30.818382
      ],
      [
        -97.894559,
        30.817945
      ],
      [
        -97.89445,
        30.817684
      ],
      [
        -97.894412,
        30.817593
      ],
      [
        -97.894322,
        30.817377
      ],
      [
        -97.894082,
        30.816797
      ],
      [
        -97.891667,
        30.810977
      ],
      [
        -97.891644,
        30.810924
      ],
      [
        -97.891553,
        30.810704
      ],
      [
        -97.891155,
        30.809703
      ],
      [
        -97.889321,
        30.805291
      ],
      [
        -97.887195,
        30.800168
      ],
      [
        -97.886289,
        30.797982
      ],
      [
        -97.885689,
        30.79655
      ],
      [
        -97.885434,
        30.795933
      ],
      [
        -97.885219,
        30.795411
      ],
      [
        -97.883497,
        30.791242
      ],
      [
        -97.882641,
        30.78917
      ],
      [
        -97.882279,
        30.788293
      ],
      [
        -97.882196,
        30.788094
      ],
      [
        -97.880215,
        30.783319
      ],
      [
        -97.880186,
        30.78325
      ],
      [
        -97.878768,
        30.779836
      ],
      [
        -97.878366,
        30.778857
      ],
      [
        -97.878181,
        30.778405
      ],
      [
        -97.87803,
        30.778023
      ],
      [
        -97.877607,
        30.776955
      ],
      [
        -97.877449,
        30.776478
      ],
      [
        -97.877297,
        30.775953
      ],
      [
        -97.877168,
        30.775423
      ],
      [
        -97.877077,
        30.774898
      ],
      [
        -97.87692,
        30.773845
      ],
      [
        -97.876887,
        30.773465
      ],
      [
        -97.876863,
        30.773091
      ],
      [
        -97.876825,
        30.771286
      ],
      [
        -97.876717,
        30.762107
      ],
      [
        -97.876711,
        30.761593
      ],
      [
        -97.876708,
        30.761391
      ],
      [
        -97.876696,
        30.760484
      ],
      [
        -97.876652,
        30.75714
      ],
      [
        -97.876647,
        30.756658
      ],
      [
        -97.876642,
        30.756185
      ],
      [
        -97.87662,
        30.754208
      ],
      [
        -97.876581,
        30.75114
      ],
      [
        -97.876578,
        30.750904
      ],
      [
        -97.876518,
        30.745822
      ],
      [
        -97.87646,
        30.741696
      ],
      [
        -97.876458,
        30.741436
      ],
      [
        -97.876452,
        30.740717
      ],
      [
        -97.876445,
        30.739896
      ],
      [
        -97.876421,
        30.738322
      ],
      [
        -97.876418,
        30.738078
      ],
      [
        -97.876409,
        30.737283
      ],
      [
        -97.876408,
        30.737174
      ],
      [
        -97.876387,
        30.736071
      ],
      [
        -97.876373,
        30.73514
      ],
      [
        -97.876365,
        30.734071
      ],
      [
        -97.876355,
        30.732675
      ],
      [
        -97.876354,
        30.732643
      ],
      [
        -97.876339,
        30.731769
      ],
      [
        -97.876294,
        30.729152
      ],
      [
        -97.876273,
        30.725945
      ],
      [
        -97.876283,
        30.725243
      ],
      [
        -97.876401,
        30.7228
      ],
      [
        -97.876418,
        30.722454
      ],
      [
        -97.87646,
        30.721721
      ],
      [
        -97.876488,
        30.721236
      ],
      [
        -97.876508,
        30.720851
      ],
      [
        -97.876541,
        30.720326
      ],
      [
        -97.876602,
        30.71936
      ],
      [
        -97.876736,
        30.71725
      ],
      [
        -97.876815,
        30.715822
      ],
      [
        -97.876865,
        30.714923
      ],
      [
        -97.876907,
        30.714277
      ],
      [
        -97.876917,
        30.714127
      ],
      [
        -97.877033,
        30.712197
      ],
      [
        -97.877086,
        30.711315
      ],
      [
        -97.877168,
        30.709984
      ],
      [
        -97.877231,
        30.708984
      ],
      [
        -97.877278,
        30.708236
      ],
      [
        -97.877352,
        30.707051
      ],
      [
        -97.877415,
        30.705744
      ],
      [
        -97.877423,
        30.705589
      ],
      [
        -97.877459,
        30.705231
      ],
      [
        -97.877479,
        30.705037
      ],
      [
        -97.877514,
        30.704513
      ],
      [
        -97.877566,
        30.703559
      ],
      [
        -97.877625,
        30.702511
      ],
      [
        -97.877673,
        30.701572
      ],
      [
        -97.877758,
        30.700192
      ],
      [
        -97.877778,
        30.699841
      ],
      [
        -97.877799,
        30.699465
      ],
      [
        -97.877835,
        30.698833
      ],
      [
        -97.87791,
        30.697649
      ],
      [
        -97.877916,
        30.697559
      ],
      [
        -97.877945,
        30.697187
      ],
      [
        -97.877959,
        30.697075
      ],
      [
        -97.878022,
        30.696559
      ],
      [
        -97.878112,
        30.696003
      ],
      [
        -97.878232,
        30.695263
      ],
      [
        -97.878301,
        30.69484
      ],
      [
        -97.878488,
        30.693689
      ],
      [
        -97.878726,
        30.692218
      ],
      [
        -97.87873,
        30.692195
      ],
      [
        -97.878802,
        30.69175
      ],
      [
        -97.878854,
        30.691341
      ],
      [
        -97.878914,
        30.690869
      ],
      [
        -97.878944,
        30.690542
      ],
      [
        -97.878967,
        30.690015
      ],
      [
        -97.878969,
        30.68957
      ],
      [
        -97.87897,
        30.689329
      ],
      [
        -97.878973,
        30.688846
      ],
      [
        -97.878986,
        30.687903
      ],
      [
        -97.878998,
        30.68707
      ],
      [
        -97.879012,
        30.686087
      ],
      [
        -97.879009,
        30.683509
      ],
      [
        -97.879007,
        30.68143
      ],
      [
        -97.879008,
        30.68117
      ],
      [
        -97.879009,
        30.681094
      ],
      [
        -97.879024,
        30.679828
      ],
      [
        -97.879034,
        30.679048
      ],
      [
        -97.879045,
        30.678659
      ],
      [
        -97.879053,
        30.678364
      ],
      [
        -97.879075,
        30.677999
      ],
      [
        -97.879104,
        30.677575
      ],
      [
        -97.879109,
        30.677497
      ],
      [
        -97.879114,
        30.677461
      ],
      [
        -97.879177,
        30.676959
      ],
      [
        -97.879327,
        30.675772
      ],
      [
        -97.879528,
        30.674103
      ],
      [
        -97.87968,
        30.67279
      ],
      [
        -97.87969,
        30.672702
      ],
      [
        -97.879694,
        30.672663
      ],
      [
        -97.879748,
        30.672223
      ],
      [
        -97.879979,
        30.670327
      ],
      [
        -97.88,
        30.670158
      ],
      [
        -97.880123,
        30.669164
      ],
      [
        -97.880219,
        30.668364
      ],
      [
        -97.880382,
        30.667076
      ],
      [
        -97.880386,
        30.666803
      ],
      [
        -97.88039,
        30.66662
      ],
      [
        -97.880356,
        30.666108
      ],
      [
        -97.880251,
        30.66545
      ],
      [
        -97.880062,
        30.66464
      ],
      [
        -97.880007,
        30.664303
      ],
      [
        -97.879915,
        30.663872
      ],
      [
        -97.879825,
        30.663486
      ],
      [
        -97.879772,
        30.663255
      ],
      [
        -97.879696,
        30.662924
      ],
      [
        -97.879598,
        30.662351
      ],
      [
        -97.879322,
        30.660601
      ],
      [
        -97.879194,
        30.660144
      ],
      [
        -97.879041,
        30.659635
      ],
      [
        -97.878677,
        30.658562
      ],
      [
        -97.878141,
        30.657295
      ],
      [
        -97.878083,
        30.657152
      ],
      [
        -97.877723,
        30.656262
      ],
      [
        -97.877565,
        30.655889
      ],
      [
        -97.877411,
        30.655524
      ],
      [
        -97.877117,
        30.654866
      ],
      [
        -97.877012,
        30.654578
      ],
      [
        -97.876967,
        30.654499
      ],
      [
        -97.876936,
        30.654457
      ]
    ],
    "type": "LineString"
  }
}
