{"type":"FeatureCollection","features":[{"type":"Feature","properties":{"route":"The Three Twisted Sisters Circuit","category":"Twisties & Canyons","color":"#e74c3c","waypoints":["Leakey","Camp Wood","Vanderpool","Medina"],"via":"FM 337 -> FM 335 -> FM 336 -> FM 337 (100-mi canyon loop)","distance_mi":174.0,"source":"road-snapped","id":"the-three-twisted-sisters-circuit"},"geometry":{"type":"LineString","coordinates":[[-99.7618,29.72597],[-99.76183,29.72583],[-99.76183,29.72575],[-99.76183,29.72568],[-99.76195,29.72499],[-99.76209,29.72423],[-99.76254,29.7243],[-99.76292,29.72436],[-99.76311,29.72439],[-99.76324,29.72442],[-99.76381,29.72451],[-99.76403,29.72455],[-99.76455,29.72464],[-99.76483,29.72467],[-99.76487,29.72467],[-99.76514,29.72468],[-99.76572,29.72469],[-99.7662,29.7247],[-99.7665,29.72471],[-99.76767,29.7247],[-99.76862,29.72469],[-99.76996,29.7247],[-99.77058,29.72469],[-99.7706,29.72469],[-99.77098,29.72469],[-99.77131,29.72469],[-99.77144,29.72469],[-99.7721,29.72468],[-99.77217,29.72468],[-99.77255,29.72471],[-99.77276,29.72473],[-99.77302,29.72481],[-99.77329,29.72492],[-99.77349,29.72505],[-99.77377,29.72526],[-99.7741,29.72562],[-99.7745,29.72602],[-99.77482,29.72635],[-99.77505,29.72659],[-99.77554,29.72708],[-99.77665,29.72818],[-99.77667,29.7282],[-99.77776,29.72931],[-99.77877,29.7303],[-99.78025,29.73154],[-99.78117,29.73227],[-99.78202,29.73293],[-99.78236,29.73316],[-99.7826,29.7333],[-99.78289,29.73345],[-99.78354,29.73372],[-99.7839,29.73383],[-99.78419,29.73391],[-99.78597,29.73425],[-99.78873,29.73475],[-99.78907,29.73482],[-99.78937,29.73488],[-99.78968,29.73495],[-99.79,29.73504],[-99.79045,29.73518],[-99.79085,29.73529],[-99.79215,29.7358],[-99.79283,29.73609],[-99.79313,29.7362],[-99.79337,29.73628],[-99.79374,29.73635],[-99.794,29.73638],[-99.79433,29.73638],[-99.79446,29.73638],[-99.7949,29.73638],[-99.79537,29.73637],[-99.79604,29.73637],[-99.79684,29.73638],[-99.79722,29.7364],[-99.79737,29.73642],[-99.79778,29.73647],[-99.79872,29.73663],[-99.79945,29.73675],[-99.8,29.73682],[-99.80039,29.73686],[-99.80103,29.73689],[-99.80249,29.73696],[-99.80292,29.73699],[-99.80317,29.73701],[-99.80354,29.73709],[-99.8039,29.7372],[-99.80407,29.73726],[-99.80426,29.73735],[-99.80453,29.73747],[-99.80484,29.73767],[-99.80538,29.73803],[-99.80616,29.73852],[-99.80738,29.7392],[-99.80926,29.74019],[-99.80946,29.74029],[-99.8097,29.74041],[-99.81003,29.74053],[-99.81034,29.74063],[-99.81057,29.74068],[-99.81078,29.74069],[-99.81107,29.7407],[-99.81133,29.74069],[-99.81158,29.74067],[-99.81317,29.7404],[-99.81518,29.74007],[-99.81558,29.74001],[-99.81616,29.73992],[-99.81634,29.7399],[-99.81654,29.73991],[-99.8167,29.73992],[-99.81691,29.73997],[-99.81711,29.74005],[-99.81729,29.74014],[-99.81746,29.74026],[-99.81778,29.74055],[-99.81808,29.74089],[-99.81831,29.7411],[-99.8185,29.74121],[-99.81861,29.74124],[-99.81876,29.74125],[-99.81889,29.74124],[-99.819,29.74122],[-99.81902,29.74121],[-99.81911,29.74118],[-99.81922,29.74112],[-99.81933,29.74105],[-99.82062,29.74097],[-99.82069,29.74111],[-99.8208,29.74125],[-99.82094,29.74137],[-99.82147,29.74171],[-99.82167,29.74184],[-99.82193,29.74195],[-99.82216,29.74206],[-99.82234,29.74216],[-99.82243,29.74221],[-99.82252,29.74229],[-99.82258,29.74238],[-99.82265,29.74252],[-99.82269,29.74263],[-99.82269,29.74274],[-99.82267,29.74291],[-99.82263,29.74306],[-99.82256,29.74321],[-99.82242,29.74355],[-99.82236,29.74371],[-99.82234,29.74385],[-99.82233,29.74399],[-99.82235,29.74413],[-99.82237,29.74423],[-99.8224,29.74435],[-99.82246,29.74447],[-99.82253,29.74457],[-99.82266,29.74472],[-99.82282,29.74484],[-99.82299,29.74492],[-99.82315,29.74497],[-99.82331,29.74499],[-99.82366,29.74497],[-99.82386,29.74497],[-99.82403,29.745],[-99.82421,29.74505],[-99.82433,29.7451],[-99.82444,29.74517],[-99.82457,29.74531],[-99.82466,29.74545],[-99.82469,29.74559],[-99.82471,29.74574],[-99.82471,29.74594],[-99.82468,29.74637],[-99.82463,29.74661],[-99.82452,29.74678],[-99.82426,29.74699],[-99.82324,29.74776],[-99.82314,29.74788],[-99.82307,29.748],[-99.82295,29.74834],[-99.82286,29.74871],[-99.82283,29.74935],[-99.82282,29.75002],[-99.82288,29.7502],[-99.82296,29.75034],[-99.82306,29.75049],[-99.82323,29.75064],[-99.82337,29.75076],[-99.82443,29.75153],[-99.82512,29.75206],[-99.82554,29.75233],[-99.82576,29.75248],[-99.82603,29.75261],[-99.82631,29.75275],[-99.82664,29.75289],[-99.82744,29.75314],[-99.82782,29.75325],[-99.82828,29.75341],[-99.82848,29.75352],[-99.82876,29.75372],[-99.82884,29.75381],[-99.82895,29.75393],[-99.82914,29.7542],[-99.82928,29.75454],[-99.82973,29.75571],[-99.82986,29.75609],[-99.83,29.75644],[-99.83017,29.75682],[-99.83037,29.75714],[-99.83053,29.75741],[-99.83074,29.75775],[-99.83114,29.75829],[-99.83209,29.75934],[-99.83243,29.75971],[-99.83374,29.76121],[-99.83636,29.76412],[-99.83763,29.76556],[-99.84021,29.7684],[-99.8407,29.76894],[-99.84107,29.76932],[-99.84129,29.76951],[-99.84157,29.7697],[-99.84192,29.76989],[-99.84224,29.77005],[-99.84249,29.77016],[-99.84287,29.77029],[-99.84428,29.77064],[-99.84607,29.77108],[-99.8465,29.77119],[-99.84869,29.77175],[-99.85309,29.77287],[-99.85328,29.77292],[-99.85351,29.77298],[-99.85393,29.77308],[-99.85534,29.77343],[-99.85762,29.77403],[-99.86003,29.77462],[-99.86223,29.77517],[-99.86408,29.77563],[-99.86451,29.77567],[-99.86477,29.77567],[-99.86514,29.77562],[-99.86537,29.77556],[-99.86568,29.77546],[-99.86603,29.77528],[-99.86632,29.77509],[-99.86658,29.77486],[-99.86692,29.77442],[-99.86842,29.77233],[-99.86855,29.77219],[-99.86871,29.77202],[-99.86895,29.77187],[-99.86925,29.77171],[-99.86958,29.77159],[-99.86992,29.77154],[-99.87035,29.77151],[-99.87349,29.7717],[-99.87427,29.77173],[-99.87469,29.77172],[-99.87533,29.77169],[-99.87599,29.77159],[-99.87601,29.77158],[-99.87835,29.7711],[-99.88071,29.77063],[-99.8825,29.77024],[-99.88316,29.7701],[-99.88356,29.77002],[-99.88636,29.76945],[-99.88792,29.76919],[-99.89018,29.76895],[-99.89221,29.76874],[-99.89414,29.76856],[-99.89539,29.76846],[-99.89587,29.76837],[-99.89632,29.76821],[-99.89687,29.76795],[-99.89702,29.76786],[-99.89727,29.76769],[-99.89755,29.76745],[-99.89816,29.76684],[-99.89947,29.7656],[-99.9001,29.765],[-99.90032,29.76478],[-99.90064,29.76447],[-99.90216,29.76303],[-99.90268,29.76253],[-99.90321,29.76202],[-99.90342,29.76178],[-99.90377,29.76142],[-99.90392,29.76123],[-99.90411,29.76099],[-99.90437,29.76058],[-99.9046,29.76018],[-99.90499,29.75944],[-99.90581,29.75784],[-99.90659,29.75636],[-99.90718,29.75524],[-99.90725,29.75506],[-99.90727,29.75494],[-99.90726,29.75483],[-99.90725,29.75472],[-99.90721,29.7546],[-99.90713,29.75446],[-99.90671,29.75382],[-99.90651,29.75358],[-99.90639,29.75347],[-99.9062,29.75334],[-99.90578,29.75316],[-99.90556,29.75305],[-99.90547,29.75298],[-99.9054,29.75291],[-99.90533,29.75281],[-99.9053,29.75272],[-99.90518,29.75217],[-99.90516,29.75208],[-99.90516,29.75194],[-99.90519,29.75183],[-99.90526,29.75171],[-99.90539,29.75156],[-99.90584,29.7512],[-99.90609,29.751],[-99.90675,29.75046],[-99.90709,29.75022],[-99.90734,29.75001],[-99.90753,29.74986],[-99.90788,29.74953],[-99.90799,29.74941],[-99.90819,29.74914],[-99.90833,29.74894],[-99.90857,29.7485],[-99.90868,29.74833],[-99.90878,29.7482],[-99.90895,29.74801],[-99.90915,29.74787],[-99.90932,29.74776],[-99.90953,29.74767],[-99.90977,29.74759],[-99.91014,29.74747],[-99.91044,29.74739],[-99.91068,29.74735],[-99.91116,29.74728],[-99.91136,29.74724],[-99.91143,29.74722],[-99.91151,29.74717],[-99.91156,29.74712],[-99.91159,29.74704],[-99.9116,29.74695],[-99.91157,29.74687],[-99.91152,29.74677],[-99.91134,29.74651],[-99.91127,29.74638],[-99.91126,29.74629],[-99.91126,29.7462],[-99.91133,29.7461],[-99.91141,29.74603],[-99.91154,29.74598],[-99.91194,29.7459],[-99.91221,29.74585],[-99.91242,29.74584],[-99.91262,29.74586],[-99.91299,29.74595],[-99.91314,29.74597],[-99.9133,29.74596],[-99.91346,29.74591],[-99.91358,29.74582],[-99.91384,29.74556],[-99.91406,29.7453],[-99.91419,29.74511],[-99.9142,29.74492],[-99.91408,29.74462],[-99.91392,29.74426],[-99.91382,29.74397],[-99.91382,29.74364],[-99.91389,29.74342],[-99.91392,29.74319],[-99.91385,29.74295],[-99.91374,29.74271],[-99.91369,29.74248],[-99.91374,29.74225],[-99.9139,29.74207],[-99.9142,29.7418],[-99.91433,29.74163],[-99.9145,29.74133],[-99.91464,29.74109],[-99.91486,29.7409],[-99.91511,29.74078],[-99.91557,29.74066],[-99.91588,29.74049],[-99.91659,29.73981],[-99.91665,29.73976],[-99.91708,29.73929],[-99.91752,29.73876],[-99.91813,29.73795],[-99.91833,29.7376],[-99.91855,29.73725],[-99.91872,29.7371],[-99.91892,29.73696],[-99.91895,29.73694],[-99.91932,29.73683],[-99.91981,29.73661],[-99.92014,29.73635],[-99.92042,29.73607],[-99.92064,29.73577],[-99.92086,29.73542],[-99.921,29.73527],[-99.92103,29.73525],[-99.92119,29.73508],[-99.92147,29.73488],[-99.92183,29.73474],[-99.923,29.73454],[-99.92347,29.73442],[-99.924,29.73424],[-99.92457,29.73397],[-99.9247,29.7339],[-99.92502,29.73369],[-99.92614,29.73272],[-99.92665,29.73229],[-99.92677,29.73218],[-99.92726,29.73178],[-99.92786,29.73142],[-99.92854,29.73116],[-99.93112,29.73032],[-99.93169,29.73013],[-99.93408,29.72936],[-99.93617,29.72869],[-99.93682,29.72847],[-99.93725,29.72837],[-99.93734,29.72835],[-99.93746,29.72833],[-99.93802,29.72821],[-99.93855,29.72818],[-99.93915,29.72814],[-99.93986,29.72815],[-99.9407,29.72815],[-99.94088,29.72815],[-99.94219,29.72816],[-99.94461,29.72816],[-99.94518,29.72816],[-99.94744,29.72817],[-99.94764,29.72816],[-99.94805,29.72813],[-99.94858,29.72805],[-99.94897,29.72796],[-99.94942,29.72778],[-99.94991,29.72755],[-99.9502,29.72738],[-99.95191,29.72619],[-99.95398,29.72472],[-99.95443,29.72441],[-99.95449,29.72438],[-99.95476,29.72424],[-99.95537,29.72393],[-99.95688,29.72333],[-99.96126,29.72177],[-99.96233,29.72137],[-99.96289,29.72116],[-99.96309,29.72105],[-99.96337,29.7209],[-99.96367,29.72069],[-99.96383,29.72057],[-99.96513,29.71957],[-99.96713,29.71808],[-99.9677,29.71764],[-99.96822,29.71724],[-99.96906,29.7166],[-99.97123,29.71496],[-99.97295,29.71368],[-99.97345,29.71329],[-99.97375,29.71303],[-99.97405,29.71273],[-99.97432,29.7124],[-99.97449,29.71215],[-99.97534,29.71036],[-99.97599,29.70899],[-99.977,29.70681],[-99.97758,29.70556],[-99.97836,29.70393],[-99.97914,29.70226],[-99.97928,29.70197],[-99.97936,29.70181],[-99.98014,29.70057],[-99.98023,29.70043],[-99.98028,29.70035],[-99.98034,29.70027],[-99.98044,29.70012],[-99.98063,29.69983],[-99.98118,29.69901],[-99.98129,29.69883],[-99.98132,29.69878],[-99.98163,29.69826],[-99.98206,29.6975],[-99.98212,29.69739],[-99.98303,29.69581],[-99.98312,29.69565],[-99.98379,29.69446],[-99.98398,29.69412],[-99.98493,29.69244],[-99.98499,29.69233],[-99.98536,29.69168],[-99.98563,29.6912],[-99.98577,29.69096],[-99.98594,29.69065],[-99.98614,29.6903],[-99.98636,29.6898],[-99.98637,29.68974],[-99.98654,29.68923],[-99.98685,29.68837],[-99.98703,29.68791],[-99.98711,29.6877],[-99.98731,29.68738],[-99.98732,29.68736],[-99.98754,29.68704],[-99.98784,29.68672],[-99.98917,29.68555],[-99.9903,29.68457],[-99.99106,29.68393],[-99.99173,29.68335],[-99.9922,29.68296],[-99.9929,29.68237],[-99.9952,29.68039],[-99.99601,29.67968],[-99.99675,29.67904],[-99.99736,29.67852],[-99.9983,29.67771],[-99.99861,29.67745],[-99.99889,29.67722],[-99.99918,29.67698],[-100.00033,29.67598],[-100.00135,29.67509],[-100.00166,29.67482],[-100.00264,29.674],[-100.00314,29.67358],[-100.0032,29.67353],[-100.00351,29.67326],[-100.00415,29.6727],[-100.0048,29.67213],[-100.00515,29.67186],[-100.00535,29.67171],[-100.00568,29.67147],[-100.00576,29.67142],[-100.00607,29.67123],[-100.00622,29.67118],[-100.00666,29.67102],[-100.00728,29.67084],[-100.00862,29.67048],[-100.00998,29.67012],[-100.01006,29.6701],[-100.01109,29.66983],[-100.01128,29.66978],[-100.01138,29.66975],[-100.01159,29.6697],[-100.01188,29.66962],[-100.01189,29.66961],[-100.01234,29.66949],[-100.01235,29.66949],[-100.01246,29.66946],[-100.01249,29.66954],[-100.01257,29.66978],[-100.01264,29.66997],[-100.01268,29.67007],[-100.01271,29.67016],[-100.01272,29.67018],[-100.01281,29.67045],[-100.0129,29.67069],[-100.01314,29.6714],[-100.0133,29.67185],[-100.01346,29.67233],[-100.01389,29.67354],[-100.01428,29.67462],[-100.01437,29.67489],[-100.01441,29.67505],[-100.01445,29.67518],[-100.01447,29.67525],[-100.01451,29.67539],[-100.01454,29.67552],[-100.01465,29.67607],[-100.01472,29.67647],[-100.01475,29.67658],[-100.01488,29.67702],[-100.01498,29.67736],[-100.01505,29.67752],[-100.01514,29.67777],[-100.01532,29.67818],[-100.01534,29.67822],[-100.01562,29.67873],[-100.01608,29.67936],[-100.01668,29.68019],[-100.0169,29.6805],[-100.01715,29.68084],[-100.01764,29.68176],[-100.0178,29.6822],[-100.01805,29.68281],[-100.01815,29.6831],[-100.01845,29.68393],[-100.01849,29.68406],[-100.01909,29.68587],[-100.0196,29.68741],[-100.01991,29.68823],[-100.02019,29.68899],[-100.02037,29.68946],[-100.02069,29.69015],[-100.02087,29.69055],[-100.02135,29.69137],[-100.02193,29.69237],[-100.02264,29.69357],[-100.02336,29.69484],[-100.02345,29.69499],[-100.02374,29.69555],[-100.02437,29.69661],[-100.02512,29.69783],[-100.0262,29.69976],[-100.02659,29.70043],[-100.02705,29.7012],[-100.02716,29.70139],[-100.0274,29.70181],[-100.02767,29.70229],[-100.02802,29.7029],[-100.02841,29.70365],[-100.02882,29.7046],[-100.02898,29.70498],[-100.02909,29.70526],[-100.0293,29.70602],[-100.02944,29.70646],[-100.02965,29.70758],[-100.02988,29.70884],[-100.02995,29.70923],[-100.03016,29.71046],[-100.03026,29.71104],[-100.03038,29.71165],[-100.03042,29.71189],[-100.03067,29.71336],[-100.03069,29.71344],[-100.03076,29.71384],[-100.03093,29.71478],[-100.03117,29.71614],[-100.03122,29.7164],[-100.03123,29.71643],[-100.03124,29.7165],[-100.03128,29.71671],[-100.03151,29.71748],[-100.03161,29.71783],[-100.03176,29.71822],[-100.03214,29.71914],[-100.03224,29.71936],[-100.03239,29.71969],[-100.03255,29.72004],[-100.03278,29.72057],[-100.03301,29.72111],[-100.0333,29.72172],[-100.03406,29.72336],[-100.03448,29.72422],[-100.03464,29.72459],[-100.03479,29.72495],[-100.03508,29.72568],[-100.03552,29.72688],[-100.03577,29.72757],[-100.03589,29.72795],[-100.03603,29.72828],[-100.03606,29.72832],[-100.03631,29.72858],[-100.03646,29.72873],[-100.03656,29.72882],[-100.0368,29.72897],[-100.03693,29.72905],[-100.03708,29.72912],[-100.04271,29.73161],[-100.04336,29.73187],[-100.04509,29.73271],[-100.04655,29.73347],[-100.04736,29.7339],[-100.04963,29.73508],[-100.05186,29.73624],[-100.05402,29.73734],[-100.05609,29.73842],[-100.05654,29.73865],[-100.05804,29.73944],[-100.06053,29.74072],[-100.06135,29.7412],[-100.06158,29.74132],[-100.06187,29.74149],[-100.06231,29.74179],[-100.06281,29.74211],[-100.06286,29.74215],[-100.06424,29.74326],[-100.0646,29.74359],[-100.06478,29.74378],[-100.06582,29.74484],[-100.06732,29.74636],[-100.06764,29.74669],[-100.06874,29.74782],[-100.06973,29.74887],[-100.06997,29.74913],[-100.07022,29.74939],[-100.07092,29.7501],[-100.07099,29.75018],[-100.07144,29.75062],[-100.07244,29.75163],[-100.07345,29.75269],[-100.07366,29.7529],[-100.07447,29.75374],[-100.07554,29.7548],[-100.07643,29.75571],[-100.07664,29.75597],[-100.07675,29.7561],[-100.077,29.75645],[-100.07712,29.75662],[-100.0773,29.75694],[-100.07742,29.75715],[-100.07751,29.75731],[-100.07774,29.75776],[-100.07791,29.75816],[-100.07806,29.7586],[-100.07816,29.75894],[-100.07826,29.75941],[-100.0783,29.7597],[-100.07833,29.76002],[-100.07837,29.76083],[-100.0784,29.7618],[-100.07847,29.76411],[-100.07848,29.76442],[-100.0785,29.76567],[-100.07854,29.767],[-100.07855,29.768],[-100.07856,29.76861],[-100.07858,29.76905],[-100.07858,29.76976],[-100.07859,29.77007],[-100.07861,29.77089],[-100.07861,29.77116],[-100.07865,29.77192],[-100.0787,29.77242],[-100.07878,29.77282],[-100.0788,29.7729],[-100.07893,29.77335],[-100.07917,29.77399],[-100.07993,29.77564],[-100.08027,29.77644],[-100.0805,29.77695],[-100.08062,29.77724],[-100.08073,29.77763],[-100.08082,29.77816],[-100.08083,29.77859],[-100.08083,29.77899],[-100.08079,29.77931],[-100.08058,29.78025],[-100.08033,29.78127],[-100.08028,29.7817],[-100.08026,29.78228],[-100.08027,29.78256],[-100.08031,29.78288],[-100.08035,29.78312],[-100.0804,29.78334],[-100.08073,29.7844],[-100.08075,29.78449],[-100.08121,29.78609],[-100.08133,29.7868],[-100.08138,29.78737],[-100.08133,29.78785],[-100.08129,29.78816],[-100.08124,29.78844],[-100.0811,29.78886],[-100.08059,29.78995],[-100.08038,29.79038],[-100.08006,29.79107],[-100.07994,29.7914],[-100.07966,29.7922],[-100.07961,29.79236],[-100.07957,29.79249],[-100.07941,29.79302],[-100.07924,29.79355],[-100.07901,29.79428],[-100.07899,29.79433],[-100.07889,29.79479],[-100.07882,29.79524],[-100.07879,29.79562],[-100.07882,29.7961],[-100.07885,29.79641],[-100.07896,29.79694],[-100.07908,29.79737],[-100.07982,29.79883],[-100.08071,29.80055],[-100.08124,29.80153],[-100.08159,29.80218],[-100.08248,29.8039],[-100.08305,29.80504],[-100.08345,29.80558],[-100.08353,29.80569],[-100.08383,29.80607],[-100.08444,29.80674],[-100.08483,29.8071],[-100.08668,29.80856],[-100.08849,29.80994],[-100.08906,29.81039],[-100.08965,29.81089],[-100.09009,29.81126],[-100.09048,29.81171],[-100.0907,29.81207],[-100.09082,29.81234],[-100.09083,29.81236],[-100.09093,29.81286],[-100.09098,29.81332],[-100.09095,29.81375],[-100.09078,29.81457],[-100.09057,29.81547],[-100.09056,29.81552],[-100.09049,29.8161],[-100.09052,29.81684],[-100.09073,29.81872],[-100.09082,29.81943],[-100.09102,29.81994],[-100.09122,29.82028],[-100.09154,29.82069],[-100.09185,29.82105],[-100.09252,29.82163],[-100.09319,29.82213],[-100.09338,29.82223],[-100.09382,29.82246],[-100.09469,29.8227],[-100.09526,29.82279],[-100.09552,29.82279],[-100.09591,29.8228],[-100.09683,29.82282],[-100.09773,29.82287],[-100.09829,29.82299],[-100.09859,29.82311],[-100.09899,29.82325],[-100.09953,29.8236],[-100.09987,29.82391],[-100.10018,29.82426],[-100.10042,29.82473],[-100.1006,29.82506],[-100.10077,29.82555],[-100.10132,29.82734],[-100.10143,29.82773],[-100.10179,29.82886],[-100.10202,29.8296],[-100.10203,29.82965],[-100.10249,29.83131],[-100.10303,29.83405],[-100.10323,29.83472],[-100.10352,29.83543],[-100.10391,29.83638],[-100.10397,29.83666],[-100.10398,29.837],[-100.10393,29.83737],[-100.10379,29.83773],[-100.10362,29.83798],[-100.10324,29.83846],[-100.10304,29.83888],[-100.10296,29.83932],[-100.103,29.83945],[-100.10307,29.83974],[-100.10324,29.84007],[-100.10351,29.84034],[-100.10388,29.84058],[-100.10452,29.84087],[-100.10458,29.8409],[-100.10708,29.84201],[-100.10811,29.8424],[-100.10888,29.8426],[-100.10963,29.84274],[-100.11007,29.84276],[-100.11188,29.84288],[-100.11227,29.84289],[-100.11256,29.8429],[-100.11297,29.84288],[-100.11335,29.84277],[-100.11387,29.84255],[-100.11431,29.84245],[-100.11478,29.84244],[-100.11526,29.84251],[-100.11572,29.84272],[-100.11604,29.84293],[-100.11642,29.84332],[-100.11662,29.84378],[-100.11671,29.8443],[-100.1167,29.84473],[-100.11663,29.84498],[-100.11648,29.8453],[-100.11616,29.84565],[-100.11569,29.84595],[-100.11516,29.84619],[-100.11485,29.8464],[-100.11466,29.84666],[-100.11447,29.84706],[-100.11437,29.84753],[-100.11428,29.84793],[-100.11387,29.84885],[-100.11346,29.84945],[-100.11344,29.84947],[-100.11319,29.84967],[-100.11274,29.84991],[-100.11201,29.85033],[-100.11154,29.85059],[-100.11119,29.85085],[-100.11096,29.85113],[-100.11081,29.85151],[-100.11079,29.8519],[-100.11072,29.8527],[-100.11061,29.85314],[-100.1104,29.85345],[-100.10986,29.85398],[-100.10961,29.85418],[-100.10937,29.85445],[-100.10922,29.85483],[-100.10911,29.85529],[-100.10913,29.8555],[-100.10914,29.85569],[-100.10922,29.85606],[-100.10946,29.85662],[-100.10955,29.85685],[-100.1096,29.85716],[-100.10956,29.85748],[-100.10941,29.85786],[-100.10855,29.85935],[-100.10832,29.85985],[-100.10822,29.86029],[-100.10834,29.86082],[-100.10856,29.86107],[-100.10886,29.8613],[-100.10919,29.86147],[-100.1096,29.86155],[-100.11019,29.86157],[-100.1106,29.8616],[-100.11105,29.86169],[-100.11169,29.86191],[-100.11246,29.86226],[-100.11432,29.86326],[-100.11454,29.86342],[-100.11481,29.86376],[-100.11493,29.86407],[-100.11496,29.86445],[-100.11484,29.86512],[-100.1146,29.86587],[-100.11438,29.86636],[-100.11428,29.86651],[-100.11415,29.86671],[-100.1138,29.86707],[-100.11268,29.86816],[-100.11214,29.86867],[-100.11176,29.86901],[-100.11071,29.86988],[-100.10977,29.87074],[-100.10945,29.8711],[-100.10914,29.87176],[-100.10905,29.87235],[-100.10906,29.87277],[-100.1092,29.87349],[-100.10924,29.87364],[-100.10938,29.87421],[-100.10971,29.87517],[-100.10986,29.87554],[-100.11014,29.87597],[-100.11048,29.8764],[-100.11107,29.87718],[-100.11275,29.87878],[-100.11435,29.88037],[-100.1146,29.88079],[-100.11484,29.88138],[-100.11493,29.88195],[-100.11496,29.88349],[-100.11506,29.88391],[-100.11516,29.88421],[-100.11536,29.88454],[-100.11557,29.8848],[-100.11594,29.88518],[-100.11649,29.88548],[-100.11701,29.88574],[-100.11761,29.88609],[-100.11789,29.8863],[-100.11818,29.88666],[-100.11835,29.88693],[-100.11852,29.88731],[-100.11866,29.8877],[-100.11866,29.88824],[-100.11868,29.88884],[-100.11874,29.88911],[-100.1189,29.88944],[-100.11911,29.88967],[-100.11934,29.88987],[-100.11974,29.8901],[-100.12011,29.89022],[-100.12074,29.89022],[-100.1224,29.89004],[-100.12291,29.89006],[-100.12337,29.89017],[-100.12381,29.89034],[-100.1241,29.89048],[-100.1244,29.89067],[-100.12524,29.8914],[-100.12623,29.89228],[-100.12852,29.89438],[-100.12913,29.89497],[-100.12923,29.89511],[-100.12937,29.89532],[-100.13,29.89643],[-100.13018,29.89674],[-100.13052,29.8973],[-100.131,29.89783],[-100.13133,29.89808],[-100.13184,29.89835],[-100.1328,29.8988],[-100.13388,29.89933],[-100.13421,29.89956],[-100.13446,29.89977],[-100.13482,29.90016],[-100.13674,29.90267],[-100.13717,29.90322],[-100.13794,29.90422],[-100.13906,29.90563],[-100.14033,29.90706],[-100.14174,29.90863],[-100.14349,29.91064],[-100.14527,29.91267],[-100.14679,29.91443],[-100.14705,29.91472],[-100.14874,29.91667],[-100.15053,29.91873],[-100.15249,29.92097],[-100.15362,29.92228],[-100.15575,29.92473],[-100.15724,29.92644],[-100.15846,29.92784],[-100.1586,29.92804],[-100.15946,29.92921],[-100.16007,29.93005],[-100.16017,29.93019],[-100.16112,29.93147],[-100.16222,29.93293],[-100.16289,29.93383],[-100.16417,29.93557],[-100.16425,29.93568],[-100.16562,29.93749],[-100.16568,29.93756],[-100.16697,29.93927],[-100.16806,29.94079],[-100.1683,29.94112],[-100.16961,29.94283],[-100.171,29.94471],[-100.1721,29.94621],[-100.17291,29.94761],[-100.17337,29.94854],[-100.17448,29.95057],[-100.1756,29.95262],[-100.17575,29.95291],[-100.17669,29.95461],[-100.17685,29.95493],[-100.17775,29.95665],[-100.17889,29.95871],[-100.18003,29.96082],[-100.1806,29.96196],[-100.18092,29.96283],[-100.18124,29.96367],[-100.18164,29.96474],[-100.18239,29.96674],[-100.18269,29.96739],[-100.18326,29.96847],[-100.18441,29.97055],[-100.18487,29.97141],[-100.18507,29.97195],[-100.18558,29.97345],[-100.18569,29.97376],[-100.18636,29.97567],[-100.187,29.97754],[-100.18731,29.97848],[-100.18743,29.97891],[-100.18759,29.97968],[-100.18846,29.98361],[-100.18866,29.9844],[-100.18887,29.98512],[-100.18902,29.98548],[-100.18928,29.98593],[-100.18979,29.9867],[-100.19034,29.98752],[-100.19059,29.98784],[-100.19096,29.98828],[-100.19099,29.98832],[-100.19193,29.98928],[-100.19245,29.98982],[-100.19303,29.99045],[-100.19318,29.99065],[-100.19333,29.99083],[-100.19369,29.9913],[-100.19468,29.99285],[-100.19554,29.99426],[-100.19604,29.99483],[-100.19642,29.99516],[-100.19685,29.99545],[-100.19745,29.99575],[-100.19891,29.99642],[-100.20002,29.99693],[-100.20221,29.99789],[-100.20318,29.99836],[-100.20364,29.99864],[-100.20371,29.99868],[-100.20395,29.99888],[-100.20419,29.99908],[-100.20449,29.9994],[-100.20472,29.99968],[-100.20487,29.9999],[-100.20494,30.00003],[-100.20504,30.00023],[-100.20513,30.00042],[-100.20521,30.00062],[-100.20527,30.00083],[-100.20533,30.00105],[-100.20537,30.0013],[-100.20539,30.00173],[-100.20543,30.00207],[-100.20541,30.00306],[-100.20541,30.00443],[-100.20542,30.00505],[-100.20543,30.00668],[-100.20543,30.00754],[-100.20543,30.00766],[-100.20544,30.00855],[-100.20544,30.00882],[-100.20544,30.00946],[-100.20544,30.01038],[-100.20545,30.01103],[-100.20545,30.01132],[-100.20545,30.01195],[-100.20545,30.01237],[-100.20546,30.01285],[-100.20546,30.0138],[-100.20547,30.01471],[-100.20548,30.01572],[-100.20547,30.01641],[-100.20548,30.01663],[-100.20548,30.01754],[-100.20549,30.01846],[-100.2055,30.0194],[-100.2055,30.01954],[-100.2055,30.01996],[-100.20549,30.02029],[-100.20543,30.02052],[-100.20535,30.02076],[-100.20525,30.02097],[-100.20511,30.0212],[-100.20488,30.02145],[-100.20443,30.0218],[-100.20413,30.02202],[-100.20358,30.02243],[-100.20176,30.02377],[-100.20173,30.02379],[-100.20109,30.02426],[-100.20029,30.02486],[-100.20002,30.02509],[-100.19982,30.02526],[-100.19959,30.02548],[-100.19934,30.02573],[-100.19885,30.02626],[-100.19725,30.02799],[-100.19674,30.02852],[-100.19648,30.02887],[-100.1963,30.02919],[-100.19589,30.03023],[-100.19584,30.03037],[-100.19505,30.03246],[-100.19429,30.03443],[-100.19346,30.03658],[-100.1928,30.03837],[-100.19258,30.03889],[-100.19226,30.03942],[-100.1919,30.03983],[-100.19146,30.04027],[-100.19149,30.04055],[-100.19163,30.04133],[-100.19171,30.04166],[-100.19195,30.04285],[-100.19206,30.04335],[-100.1923,30.04465],[-100.19233,30.04482],[-100.19234,30.0451],[-100.19231,30.04538],[-100.19199,30.04689],[-100.19151,30.04887],[-100.19105,30.05093],[-100.19042,30.05373],[-100.19038,30.05395],[-100.19036,30.05431],[-100.19039,30.05599],[-100.19041,30.05634],[-100.19046,30.0567],[-100.19121,30.05989],[-100.19189,30.06272],[-100.19195,30.06306],[-100.19198,30.06381],[-100.19199,30.06449],[-100.19199,30.06465],[-100.19199,30.06485],[-100.19197,30.06516],[-100.19176,30.06687],[-100.19168,30.0675],[-100.19123,30.07156],[-100.19119,30.07189],[-100.19117,30.0722],[-100.1912,30.07248],[-100.19142,30.07371],[-100.19179,30.07553],[-100.19215,30.07752],[-100.19234,30.07852],[-100.19236,30.07877],[-100.19235,30.07892],[-100.19236,30.07907],[-100.19228,30.07935],[-100.19218,30.07965],[-100.19206,30.07985],[-100.19194,30.07996],[-100.19164,30.08028],[-100.19085,30.08099],[-100.1898,30.082],[-100.18888,30.08295],[-100.18862,30.08325],[-100.18798,30.08395],[-100.1864,30.08572],[-100.18511,30.08714],[-100.18483,30.08748],[-100.18411,30.08833],[-100.18261,30.09014],[-100.18234,30.09046],[-100.18188,30.09101],[-100.1812,30.09176],[-100.18108,30.0919],[-100.18002,30.09313],[-100.1798,30.09342],[-100.17972,30.09353],[-100.17952,30.0938],[-100.17873,30.09497],[-100.17807,30.09589],[-100.17785,30.09623],[-100.17764,30.09643],[-100.17727,30.0967],[-100.1764,30.09711],[-100.17538,30.09763],[-100.17523,30.09771],[-100.17385,30.09839],[-100.17239,30.09911],[-100.17149,30.09954],[-100.17093,30.09984],[-100.17051,30.10013],[-100.17014,30.10039],[-100.16981,30.10071],[-100.16962,30.10092],[-100.16947,30.10115],[-100.16912,30.10219],[-100.16887,30.10295],[-100.16872,30.10341],[-100.16854,30.10406],[-100.1685,30.10422],[-100.16845,30.10445],[-100.16836,30.10474],[-100.16821,30.10522],[-100.16805,30.10577],[-100.16796,30.10611],[-100.1679,30.10635],[-100.16773,30.10717],[-100.1676,30.10779],[-100.16748,30.1084],[-100.1673,30.10935],[-100.16722,30.10969],[-100.16707,30.11028],[-100.16704,30.11043],[-100.16697,30.11061],[-100.16691,30.11076],[-100.16686,30.11088],[-100.16677,30.11107],[-100.16666,30.11126],[-100.16652,30.1115],[-100.1664,30.11166],[-100.16631,30.1118],[-100.1662,30.11196],[-100.16611,30.11211],[-100.16602,30.11227],[-100.1659,30.11253],[-100.16581,30.11277],[-100.16569,30.11306],[-100.16553,30.11342],[-100.16528,30.11403],[-100.16508,30.11453],[-100.16485,30.11507],[-100.16477,30.11523],[-100.1647,30.11541],[-100.16463,30.11556],[-100.16452,30.11572],[-100.16442,30.11585],[-100.16424,30.11602],[-100.16394,30.1163],[-100.16352,30.11666],[-100.16336,30.11678],[-100.1632,30.11688],[-100.16305,30.11697],[-100.16284,30.11709],[-100.16263,30.11719],[-100.1624,30.11729],[-100.16192,30.11749],[-100.16107,30.11783],[-100.16074,30.11796],[-100.16051,30.11808],[-100.16029,30.11819],[-100.16009,30.11829],[-100.15997,30.11836],[-100.15986,30.11844],[-100.15976,30.11852],[-100.15966,30.11862],[-100.15952,30.11877],[-100.1594,30.11889],[-100.1593,30.11902],[-100.15926,30.1191],[-100.15921,30.11922],[-100.15914,30.11936],[-100.15909,30.11947],[-100.15904,30.1196],[-100.159,30.11973],[-100.15896,30.11986],[-100.15894,30.12005],[-100.15894,30.12037],[-100.15889,30.12116],[-100.15889,30.1216],[-100.15887,30.12194],[-100.1589,30.12241],[-100.15891,30.12299],[-100.15892,30.12378],[-100.15893,30.12449],[-100.15894,30.12479],[-100.15891,30.12512],[-100.15887,30.12534],[-100.15883,30.12553],[-100.15873,30.12579],[-100.15861,30.12606],[-100.15852,30.12628],[-100.15841,30.12658],[-100.1581,30.1273],[-100.15799,30.12755],[-100.1578,30.128],[-100.15771,30.12819],[-100.15761,30.12837],[-100.15749,30.12857],[-100.15737,30.12878],[-100.15758,30.12889],[-100.1578,30.12896],[-100.15801,30.12902],[-100.15812,30.12907],[-100.15821,30.12912],[-100.15841,30.12915],[-100.15855,30.12915],[-100.15876,30.12914],[-100.15912,30.12908],[-100.15946,30.129],[-100.15972,30.12894],[-100.15998,30.1289],[-100.16022,30.12888],[-100.16042,30.12888],[-100.16062,30.1289],[-100.16077,30.12893],[-100.16102,30.12901],[-100.16134,30.12915],[-100.16162,30.12932],[-100.162,30.12955],[-100.1622,30.1297],[-100.16245,30.12984],[-100.16273,30.13001],[-100.16287,30.13011],[-100.163,30.13021],[-100.16317,30.13032],[-100.16327,30.13042],[-100.16335,30.1305],[-100.16335,30.1305],[-100.16347,30.13069],[-100.16363,30.13093],[-100.1639,30.13124],[-100.16419,30.13158],[-100.16448,30.13191],[-100.16465,30.13207],[-100.16484,30.13222],[-100.16507,30.13239],[-100.16533,30.13257],[-100.16564,30.13279],[-100.16607,30.13316],[-100.16628,30.13336],[-100.16654,30.13354],[-100.16693,30.13379],[-100.16775,30.13428],[-100.16842,30.13467],[-100.16877,30.13487],[-100.16912,30.13505],[-100.16948,30.13519],[-100.16979,30.13533],[-100.17019,30.13552],[-100.17059,30.13573],[-100.17082,30.13585],[-100.17093,30.13592],[-100.17108,30.13609],[-100.1712,30.13624],[-100.17173,30.13671],[-100.17197,30.13692],[-100.17224,30.13724],[-100.1724,30.13747],[-100.17251,30.13761],[-100.17257,30.13773],[-100.17259,30.13786],[-100.17259,30.13801],[-100.17257,30.13815],[-100.17256,30.13826],[-100.17258,30.1384],[-100.17266,30.13852],[-100.17276,30.13862],[-100.17251,30.13883],[-100.17231,30.13905],[-100.17212,30.13936],[-100.17205,30.14015],[-100.17212,30.14066],[-100.17224,30.14101],[-100.17223,30.1413],[-100.17179,30.1422],[-100.17152,30.14246],[-100.17123,30.14283],[-100.17108,30.14352],[-100.17072,30.14407],[-100.1705,30.14456],[-100.1702,30.14504],[-100.17006,30.14524],[-100.16978,30.14539],[-100.16963,30.14562],[-100.16961,30.14579],[-100.16953,30.1459],[-100.16939,30.14595],[-100.16921,30.14589],[-100.16905,30.14565],[-100.16894,30.14568],[-100.16848,30.14606],[-100.1682,30.14636],[-100.16774,30.14659],[-100.16758,30.14679],[-100.16739,30.14695],[-100.16731,30.14738],[-100.1672,30.14755],[-100.16679,30.14775],[-100.16656,30.14779],[-100.16631,30.14793],[-100.16623,30.14805],[-100.16596,30.1482],[-100.16568,30.14829],[-100.16494,30.14833],[-100.16459,30.14843],[-100.16396,30.1483],[-100.1637,30.14817],[-100.16313,30.14827],[-100.16269,30.14829],[-100.16248,30.14838],[-100.1624,30.1484],[-100.16143,30.1486],[-100.16118,30.1486],[-100.16027,30.14903],[-100.15968,30.14947],[-100.15921,30.14974],[-100.15867,30.14994],[-100.15825,30.14998],[-100.15778,30.14995],[-100.15713,30.14975],[-100.15684,30.14981],[-100.15654,30.15],[-100.15619,30.1503],[-100.15596,30.15064],[-100.15594,30.15068],[-100.15561,30.15093],[-100.15539,30.15102],[-100.15487,30.15139],[-100.1544,30.15187],[-100.15373,30.15187],[-100.15321,30.15198],[-100.15254,30.15226],[-100.15107,30.15309],[-100.15064,30.15336],[-100.14997,30.15313],[-100.14834,30.15271],[-100.14657,30.15255],[-100.14612,30.1523],[-100.14575,30.152],[-100.14527,30.1517],[-100.14484,30.15129],[-100.14461,30.15097],[-100.14455,30.15088],[-100.14426,30.15028],[-100.14418,30.1491],[-100.14394,30.14862],[-100.14361,30.14831],[-100.14329,30.14765],[-100.14303,30.1453],[-100.14283,30.14499],[-100.14247,30.14475],[-100.14205,30.14452],[-100.14161,30.14429],[-100.14144,30.14417],[-100.14129,30.14402],[-100.14107,30.14363],[-100.14122,30.14253],[-100.14133,30.14192],[-100.14139,30.14162],[-100.14144,30.1413],[-100.14159,30.14055],[-100.14173,30.13976],[-100.14145,30.13982],[-100.14117,30.13989],[-100.14071,30.14017],[-100.1405,30.14041],[-100.1403,30.14053],[-100.13999,30.14056],[-100.13941,30.14048],[-100.13894,30.14031],[-100.13863,30.1401],[-100.13842,30.13952],[-100.13818,30.13921],[-100.13783,30.13883],[-100.13771,30.13855],[-100.13754,30.13828],[-100.13718,30.13805],[-100.13687,30.1378],[-100.13582,30.13592],[-100.13535,30.13582],[-100.1349,30.1358],[-100.13445,30.13596],[-100.13406,30.13588],[-100.13385,30.13563],[-100.13369,30.13528],[-100.13358,30.13445],[-100.13336,30.13404],[-100.13308,30.13379],[-100.13295,30.13355],[-100.13268,30.13351],[-100.13243,30.13358],[-100.13191,30.1336],[-100.1317,30.13373],[-100.13089,30.13378],[-100.13093,30.13374],[-100.131,30.13348],[-100.13093,30.13302],[-100.13108,30.13233],[-100.13111,30.13187],[-100.13102,30.13067],[-100.13141,30.12955],[-100.1316,30.12876],[-100.13185,30.12823],[-100.13164,30.12788],[-100.13161,30.12762],[-100.1318,30.1274],[-100.13184,30.12736],[-100.13196,30.12704],[-100.13181,30.12691],[-100.1314,30.12675],[-100.13101,30.12643],[-100.13097,30.12609],[-100.13101,30.12545],[-100.13118,30.12517],[-100.13122,30.12453],[-100.13139,30.1243],[-100.13152,30.12394],[-100.1315,30.12376],[-100.13132,30.12355],[-100.13125,30.12318],[-100.1306,30.12295],[-100.13043,30.12272],[-100.13003,30.12176],[-100.1302,30.12097],[-100.13016,30.12041],[-100.12956,30.11937],[-100.1291,30.11802],[-100.12906,30.11754],[-100.12894,30.11714],[-100.1287,30.11694],[-100.12801,30.11657],[-100.12765,30.11609],[-100.12733,30.11547],[-100.12737,30.11511],[-100.12712,30.11502],[-100.12665,30.11463],[-100.1258,30.11401],[-100.12532,30.11357],[-100.12495,30.11344],[-100.12471,30.11342],[-100.12457,30.11333],[-100.12449,30.11306],[-100.12453,30.11283],[-100.12439,30.11257],[-100.12379,30.11211],[-100.12291,30.11166],[-100.12014,30.11025],[-100.1191,30.10979],[-100.11771,30.10911],[-100.11717,30.10877],[-100.11533,30.10719],[-100.11356,30.10545],[-100.11299,30.10496],[-100.11074,30.10336],[-100.10935,30.10268],[-100.1091,30.10262],[-100.10909,30.10158],[-100.10904,30.09984],[-100.10903,30.09923],[-100.10905,30.09867],[-100.1091,30.09819],[-100.10927,30.09754],[-100.10946,30.09706],[-100.10973,30.09651],[-100.11011,30.09598],[-100.11055,30.09552],[-100.11099,30.09513],[-100.11311,30.09355],[-100.11413,30.09281],[-100.11383,30.09251],[-100.11364,30.09237],[-100.1133,30.09223],[-100.11251,30.09201],[-100.11216,30.09199],[-100.1097,30.09172],[-100.10886,30.09163],[-100.10753,30.09148],[-100.10573,30.09129],[-100.10199,30.09083],[-100.10152,30.09073],[-100.10065,30.09033],[-100.09831,30.08921],[-100.0968,30.08848],[-100.0949,30.08756],[-100.09146,30.08591],[-100.08875,30.08459],[-100.08805,30.08424],[-100.08722,30.0839],[-100.08698,30.08383],[-100.08676,30.08377],[-100.08571,30.0835],[-100.08197,30.08261],[-100.07591,30.08113],[-100.0728,30.08039],[-100.07237,30.08024],[-100.07185,30.08001],[-100.06965,30.07893],[-100.06898,30.07862],[-100.06857,30.07849],[-100.0679,30.0783],[-100.06746,30.07822],[-100.06563,30.07812],[-100.06371,30.07807],[-100.06285,30.07805],[-100.05663,30.0779],[-100.05478,30.07785],[-100.0512,30.07774],[-100.049,30.07767],[-100.04797,30.07764],[-100.04759,30.07763],[-100.04655,30.07761],[-100.04649,30.0776],[-100.04554,30.07742],[-100.04441,30.07715],[-100.04099,30.07634],[-100.03858,30.07577],[-100.03368,30.07459],[-100.03283,30.07439],[-100.03246,30.07433],[-100.032,30.07432],[-100.03168,30.07431],[-100.03162,30.07431],[-100.03096,30.07437],[-100.02685,30.07475],[-100.02174,30.07524],[-100.01909,30.07549],[-100.01703,30.07567],[-100.0165,30.07572],[-100.01248,30.07608],[-100.01139,30.07618],[-100.00753,30.07655],[-100.00361,30.0769],[-100.00112,30.07713],[-100.00074,30.07714],[-100.00034,30.07713],[-99.99954,30.0771],[-99.99891,30.07698],[-99.9983,30.07687],[-99.99644,30.07645],[-99.99533,30.07621],[-99.99226,30.07554],[-99.99114,30.07528],[-99.98924,30.07486],[-99.98779,30.07456],[-99.98731,30.07454],[-99.98676,30.07459],[-99.98612,30.07468],[-99.98434,30.07522],[-99.98168,30.07606],[-99.97912,30.07688],[-99.97615,30.07781],[-99.9733,30.07867],[-99.9727,30.07875],[-99.97223,30.07874],[-99.97163,30.0787],[-99.9707,30.07851],[-99.96804,30.07791],[-99.9676,30.07781],[-99.9646,30.07712],[-99.96334,30.07687],[-99.96295,30.07684],[-99.96208,30.07685],[-99.95918,30.07691],[-99.95682,30.07696],[-99.95028,30.07709],[-99.94482,30.07719],[-99.94178,30.07727],[-99.94172,30.07727],[-99.93904,30.07731],[-99.93033,30.07749],[-99.92928,30.07748],[-99.92897,30.07745],[-99.9288,30.07742],[-99.92863,30.07738],[-99.92822,30.07727],[-99.92781,30.07713],[-99.92718,30.07681],[-99.92666,30.07646],[-99.92642,30.07622],[-99.92618,30.07598],[-99.9252,30.07484],[-99.92309,30.0723],[-99.9219,30.07088],[-99.92057,30.0693],[-99.91949,30.06799],[-99.91893,30.06732],[-99.91712,30.06517],[-99.91596,30.06376],[-99.91464,30.06216],[-99.91339,30.06066],[-99.91336,30.06062],[-99.91303,30.0603],[-99.90987,30.0579],[-99.90809,30.05658],[-99.90806,30.05656],[-99.90619,30.05513],[-99.90556,30.05465],[-99.90433,30.05373],[-99.90352,30.05312],[-99.9006,30.05091],[-99.89873,30.04948],[-99.8978,30.04878],[-99.89683,30.04806],[-99.89339,30.04541],[-99.89307,30.04517],[-99.89134,30.04391],[-99.89104,30.04375],[-99.89055,30.04352],[-99.8905,30.0435],[-99.89021,30.04339],[-99.89013,30.04337],[-99.88963,30.04322],[-99.88861,30.04299],[-99.88618,30.04245],[-99.88346,30.04186],[-99.88083,30.04126],[-99.87817,30.04068],[-99.87231,30.03936],[-99.8716,30.03922],[-99.87124,30.03918],[-99.87053,30.03913],[-99.87017,30.03913],[-99.86682,30.03917],[-99.86499,30.03918],[-99.86481,30.03918],[-99.8615,30.03919],[-99.86116,30.03919],[-99.86101,30.0392],[-99.85923,30.03922],[-99.85856,30.03932],[-99.85792,30.03951],[-99.85785,30.03954],[-99.85726,30.03978],[-99.85569,30.04042],[-99.85281,30.04165],[-99.8497,30.04294],[-99.84643,30.04433],[-99.8438,30.04543],[-99.84397,30.0457],[-99.84409,30.04597],[-99.84414,30.05086],[-99.84416,30.0524],[-99.84418,30.05847],[-99.84418,30.05943],[-99.84423,30.06192],[-99.84404,30.06359],[-99.844,30.06404],[-99.84378,30.06638],[-99.84355,30.06882],[-99.84351,30.0693],[-99.84356,30.06965],[-99.84407,30.07087],[-99.84419,30.071],[-99.84434,30.07107],[-99.84457,30.0711],[-99.8447,30.07109],[-99.84509,30.07104],[-99.84509,30.07119],[-99.84493,30.07165],[-99.84492,30.07176],[-99.84491,30.07183],[-99.84492,30.07191],[-99.84498,30.07225],[-99.845,30.07234],[-99.84506,30.07247],[-99.84516,30.07258],[-99.84534,30.07274],[-99.84539,30.07281],[-99.84544,30.07293],[-99.84547,30.07304],[-99.84548,30.07313],[-99.84548,30.07323],[-99.84547,30.07333],[-99.84543,30.07352],[-99.84538,30.07373],[-99.84533,30.07387],[-99.84521,30.07405],[-99.84491,30.0744],[-99.84477,30.07456],[-99.84469,30.0746],[-99.84427,30.07483],[-99.8442,30.0749],[-99.84404,30.07506],[-99.84374,30.07549],[-99.84339,30.07612],[-99.84308,30.07655],[-99.84235,30.07737],[-99.8419,30.07807],[-99.84157,30.07846],[-99.8413,30.0789],[-99.84118,30.07933],[-99.84085,30.08016],[-99.8408,30.0807],[-99.84051,30.08129],[-99.8405,30.08154],[-99.84048,30.08196],[-99.84058,30.08228],[-99.8407,30.0828],[-99.84084,30.08315],[-99.841,30.08344],[-99.84113,30.0838],[-99.841,30.08429],[-99.84104,30.08449],[-99.84113,30.0847],[-99.84113,30.08476],[-99.8411,30.08486],[-99.84084,30.08559],[-99.84072,30.08641],[-99.84073,30.08723],[-99.84084,30.08854],[-99.84085,30.08871],[-99.84079,30.0889],[-99.84069,30.08902],[-99.84062,30.08907],[-99.84001,30.08954],[-99.83983,30.08976],[-99.83962,30.08981],[-99.83938,30.08984],[-99.83918,30.08989],[-99.83887,30.09002],[-99.83894,30.09009],[-99.83918,30.0903],[-99.83949,30.09054],[-99.83989,30.09073],[-99.84011,30.09082],[-99.84022,30.09082],[-99.84068,30.09072],[-99.84122,30.09079],[-99.84149,30.09083],[-99.84235,30.09097],[-99.84307,30.09108],[-99.84374,30.09115],[-99.84398,30.0912],[-99.84424,30.0913],[-99.84456,30.09137],[-99.84465,30.09143],[-99.84477,30.09157],[-99.84497,30.09206],[-99.84522,30.09232],[-99.84551,30.09256],[-99.84617,30.09297],[-99.84649,30.09312],[-99.84678,30.0933],[-99.84827,30.09476],[-99.8483,30.09481],[-99.84844,30.095],[-99.84837,30.09544],[-99.84832,30.09615],[-99.84811,30.09649],[-99.84797,30.09688],[-99.84788,30.09726],[-99.84789,30.09773],[-99.84797,30.09809],[-99.84806,30.09831],[-99.84832,30.0987],[-99.84836,30.09923],[-99.84852,30.09957],[-99.84886,30.10014],[-99.84934,30.10063],[-99.84965,30.10082],[-99.85013,30.10099],[-99.85061,30.10098],[-99.8513,30.1011],[-99.85168,30.10089],[-99.85187,30.10071],[-99.85209,30.10061],[-99.85304,30.1005],[-99.85324,30.10054],[-99.85343,30.10071],[-99.85376,30.10093],[-99.85426,30.1011],[-99.8543,30.10112],[-99.85457,30.10131],[-99.85462,30.10156],[-99.85456,30.10174],[-99.85397,30.10227],[-99.85378,30.10254],[-99.85363,30.10292],[-99.85352,30.10396],[-99.85336,30.10421],[-99.85329,30.10447],[-99.85334,30.10485],[-99.85355,30.10573],[-99.85362,30.10601],[-99.85357,30.10635],[-99.85334,30.10672],[-99.85327,30.10826],[-99.85316,30.10867],[-99.85319,30.10888],[-99.85343,30.10923],[-99.85349,30.10958],[-99.85358,30.11063],[-99.85365,30.11102],[-99.85362,30.11124],[-99.85348,30.1113],[-99.85343,30.11132],[-99.85316,30.11128],[-99.85296,30.11129],[-99.85057,30.11193],[-99.85021,30.11197],[-99.84981,30.11208],[-99.84955,30.11228],[-99.84925,30.1127],[-99.84921,30.11366],[-99.84907,30.11389],[-99.84898,30.11395],[-99.84887,30.11404],[-99.84874,30.11421],[-99.84794,30.11435],[-99.84758,30.11423],[-99.847,30.1135],[-99.84652,30.11349],[-99.84482,30.11357],[-99.84435,30.11368],[-99.8438,30.1139],[-99.84331,30.11415],[-99.8415,30.11388],[-99.84026,30.11366],[-99.83926,30.11344],[-99.83885,30.11357],[-99.83874,30.11363],[-99.83845,30.11376],[-99.83827,30.11404],[-99.83756,30.11444],[-99.83707,30.11508],[-99.83682,30.11535],[-99.83627,30.11538],[-99.8359,30.11567],[-99.83552,30.11607],[-99.83521,30.11623],[-99.83454,30.11651],[-99.83431,30.11669],[-99.83391,30.11752],[-99.83378,30.1181],[-99.83365,30.11833],[-99.83359,30.11863],[-99.83347,30.11887],[-99.83315,30.11901],[-99.83191,30.11932],[-99.83148,30.11958],[-99.83085,30.11973],[-99.83045,30.11968],[-99.83001,30.11944],[-99.82944,30.11917],[-99.82884,30.11906],[-99.82841,30.11878],[-99.82782,30.11851],[-99.82708,30.11811],[-99.82625,30.11795],[-99.82625,30.11795],[-99.82606,30.11784],[-99.82587,30.11764],[-99.8255,30.1175],[-99.82529,30.11723],[-99.82517,30.11688],[-99.8249,30.11659],[-99.82461,30.11628],[-99.8243,30.11574],[-99.82389,30.1155],[-99.82366,30.11523],[-99.82337,30.11531],[-99.82236,30.11592],[-99.82197,30.11601],[-99.82143,30.11587],[-99.8211,30.11586],[-99.82102,30.1156],[-99.8203,30.11486],[-99.82021,30.11467],[-99.82024,30.11443],[-99.821,30.11326],[-99.82144,30.11278],[-99.82185,30.11249],[-99.82239,30.11232],[-99.82258,30.1121],[-99.82255,30.1112],[-99.82247,30.11075],[-99.82215,30.10967],[-99.82201,30.10947],[-99.82166,30.10913],[-99.82158,30.10866],[-99.82176,30.10745],[-99.82174,30.10694],[-99.82132,30.10629],[-99.82119,30.10593],[-99.82113,30.10572],[-99.82107,30.10546],[-99.82079,30.10512],[-99.82045,30.10501],[-99.8199,30.105],[-99.81929,30.10511],[-99.81857,30.10514],[-99.81816,30.10507],[-99.81781,30.10493],[-99.81756,30.10471],[-99.81747,30.10432],[-99.81754,30.10302],[-99.81759,30.10255],[-99.8177,30.10214],[-99.81812,30.10181],[-99.81921,30.10129],[-99.81939,30.10114],[-99.81945,30.10048],[-99.81943,30.09978],[-99.81973,30.09898],[-99.81973,30.09875],[-99.81983,30.09838],[-99.81981,30.09788],[-99.81934,30.09737],[-99.81962,30.09707],[-99.81982,30.09632],[-99.82032,30.09617],[-99.82087,30.09596],[-99.8212,30.09554],[-99.82135,30.0948],[-99.82164,30.09424],[-99.82191,30.09435],[-99.82298,30.0946],[-99.82325,30.09443],[-99.82343,30.09418],[-99.82364,30.0935],[-99.82361,30.0932],[-99.82364,30.09305],[-99.82409,30.09283],[-99.82463,30.09283],[-99.82508,30.09289],[-99.8262,30.09254],[-99.82635,30.09219],[-99.8267,30.09167],[-99.82684,30.09153],[-99.82745,30.09149],[-99.82765,30.09142],[-99.8279,30.0915],[-99.82817,30.09135],[-99.82844,30.09127],[-99.82867,30.09131],[-99.82892,30.09151],[-99.82926,30.09154],[-99.82974,30.09147],[-99.83011,30.09146],[-99.8303,30.09156],[-99.83048,30.09179],[-99.83069,30.09193],[-99.83107,30.09199],[-99.83217,30.09239],[-99.83247,30.09236],[-99.83312,30.09254],[-99.83388,30.09295],[-99.83422,30.09317],[-99.83458,30.09328],[-99.83468,30.09325],[-99.83499,30.09314],[-99.83524,30.09277],[-99.83518,30.09258],[-99.83498,30.09246],[-99.83491,30.09233],[-99.83505,30.09215],[-99.83572,30.09169],[-99.83608,30.09161],[-99.83653,30.09147],[-99.83689,30.09134],[-99.8371,30.09125],[-99.83748,30.09101],[-99.83788,30.09074],[-99.83799,30.0907],[-99.83825,30.09064],[-99.83847,30.09056],[-99.83889,30.09037],[-99.83918,30.0903],[-99.83894,30.09009],[-99.83887,30.09002],[-99.83918,30.08989],[-99.83938,30.08984],[-99.83962,30.08981],[-99.83983,30.08976],[-99.84001,30.08954],[-99.84062,30.08907],[-99.84069,30.08902],[-99.84079,30.0889],[-99.84085,30.08871],[-99.84084,30.08854],[-99.84073,30.08723],[-99.84072,30.08641],[-99.84084,30.08559],[-99.8411,30.08486],[-99.84113,30.08476],[-99.84113,30.0847],[-99.84104,30.08449],[-99.841,30.08429],[-99.84113,30.0838],[-99.841,30.08344],[-99.84084,30.08315],[-99.8407,30.0828],[-99.84058,30.08228],[-99.84048,30.08196],[-99.8405,30.08154],[-99.84051,30.08129],[-99.8408,30.0807],[-99.84085,30.08016],[-99.84118,30.07933],[-99.8413,30.0789],[-99.84157,30.07846],[-99.8419,30.07807],[-99.84235,30.07737],[-99.84308,30.07655],[-99.84339,30.07612],[-99.84374,30.07549],[-99.84404,30.07506],[-99.8442,30.0749],[-99.84427,30.07483],[-99.84469,30.0746],[-99.84477,30.07456],[-99.84491,30.0744],[-99.84521,30.07405],[-99.84533,30.07387],[-99.84538,30.07373],[-99.84543,30.07352],[-99.84547,30.07333],[-99.84548,30.07323],[-99.84548,30.07313],[-99.84547,30.07304],[-99.84544,30.07293],[-99.84539,30.07281],[-99.84534,30.07274],[-99.84516,30.07258],[-99.84506,30.07247],[-99.845,30.07234],[-99.84498,30.07225],[-99.84492,30.07191],[-99.84491,30.07183],[-99.84492,30.07176],[-99.84493,30.07165],[-99.84509,30.07119],[-99.84509,30.07104],[-99.8447,30.07109],[-99.84457,30.0711],[-99.84434,30.07107],[-99.84419,30.071],[-99.84407,30.07087],[-99.84356,30.06965],[-99.84351,30.0693],[-99.84355,30.06882],[-99.84378,30.06638],[-99.844,30.06404],[-99.84404,30.06359],[-99.84423,30.06192],[-99.84418,30.05943],[-99.84418,30.05847],[-99.84416,30.0524],[-99.84414,30.05086],[-99.84409,30.04597],[-99.84397,30.0457],[-99.8438,30.04543],[-99.84256,30.04594],[-99.84103,30.04658],[-99.83616,30.04862],[-99.8325,30.05017],[-99.8321,30.05034],[-99.83048,30.051],[-99.82889,30.05166],[-99.82579,30.05297],[-99.82525,30.0532],[-99.82312,30.0541],[-99.82161,30.05473],[-99.82014,30.05528],[-99.81962,30.05536],[-99.81445,30.05595],[-99.8115,30.0563],[-99.80764,30.05674],[-99.80745,30.05676],[-99.80718,30.05681],[-99.80683,30.05691],[-99.8061,30.05719],[-99.80462,30.05795],[-99.80386,30.05835],[-99.80199,30.05926],[-99.80151,30.05944],[-99.80094,30.05957],[-99.80084,30.05957],[-99.80044,30.05959],[-99.79841,30.05964],[-99.79723,30.05966],[-99.79676,30.05967],[-99.79407,30.05977],[-99.79082,30.05978],[-99.78747,30.05977],[-99.7838,30.05978],[-99.78274,30.05977],[-99.78109,30.05977],[-99.78072,30.05977],[-99.77054,30.05978],[-99.76982,30.05981],[-99.76933,30.0599],[-99.76898,30.06],[-99.76862,30.06011],[-99.76722,30.06065],[-99.76555,30.0613],[-99.76381,30.06198],[-99.76167,30.06276],[-99.76103,30.06285],[-99.76037,30.06289],[-99.75978,30.06285],[-99.75709,30.0626],[-99.75586,30.0625],[-99.75561,30.06248],[-99.75516,30.06245],[-99.75467,30.0624],[-99.75404,30.06239],[-99.7536,30.06243],[-99.75302,30.06253],[-99.7524,30.06278],[-99.75084,30.06353],[-99.7508,30.06355],[-99.75033,30.06379],[-99.74718,30.06533],[-99.74574,30.06604],[-99.74503,30.06639],[-99.74458,30.06654],[-99.74402,30.06666],[-99.74342,30.06673],[-99.74313,30.06676],[-99.74138,30.06692],[-99.74064,30.06697],[-99.73911,30.06708],[-99.73401,30.06705],[-99.73317,30.06704],[-99.7316,30.06701],[-99.7295,30.067],[-99.72882,30.06699],[-99.72722,30.06698],[-99.72469,30.06693],[-99.72396,30.06693],[-99.72268,30.06693],[-99.71999,30.06689],[-99.71685,30.06685],[-99.71629,30.06685],[-99.71359,30.06683],[-99.71121,30.0668],[-99.70962,30.06679],[-99.70877,30.06678],[-99.70632,30.06679],[-99.7039,30.06675],[-99.70175,30.06671],[-99.69956,30.06669],[-99.69495,30.06666],[-99.69459,30.06668],[-99.69408,30.06676],[-99.69396,30.06679],[-99.6938,30.06682],[-99.69393,30.04542],[-99.69393,30.04465],[-99.69394,30.04357],[-99.69391,30.04186],[-99.69381,30.04019],[-99.69374,30.03938],[-99.69321,30.03321],[-99.69271,30.02727],[-99.69168,30.01514],[-99.69086,30.00552],[-99.69079,30.00426],[-99.69079,30.0039],[-99.69076,30.00063],[-99.69076,30.00039],[-99.69079,30.00018],[-99.69079,29.99972],[-99.6908,29.999],[-99.69079,29.997],[-99.69088,29.99146],[-99.6909,29.9896],[-99.69091,29.98716],[-99.69092,29.98403],[-99.69096,29.98215],[-99.69094,29.98031],[-99.69096,29.97851],[-99.69099,29.97814],[-99.69102,29.97762],[-99.69112,29.9768],[-99.69124,29.97607],[-99.69148,29.97508],[-99.69198,29.97321],[-99.69208,29.97282],[-99.69292,29.96951],[-99.69339,29.96768],[-99.69384,29.96584],[-99.69418,29.96446],[-99.69429,29.96402],[-99.69441,29.96327],[-99.69449,29.96264],[-99.69451,29.96234],[-99.69468,29.96062],[-99.69475,29.95954],[-99.69479,29.95899],[-99.69497,29.95702],[-99.69504,29.95632],[-99.69505,29.95569],[-99.69503,29.9548],[-99.69496,29.95296],[-99.69496,29.95225],[-99.69491,29.95063],[-99.69486,29.94897],[-99.69483,29.94767],[-99.69472,29.94376],[-99.69471,29.94349],[-99.6947,29.94312],[-99.69465,29.9409],[-99.69473,29.94016],[-99.69482,29.93906],[-99.695,29.9373],[-99.69511,29.93598],[-99.69514,29.93558],[-99.69531,29.93382],[-99.69546,29.93208],[-99.69556,29.93109],[-99.69562,29.93045],[-99.69563,29.93032],[-99.69574,29.92874],[-99.69593,29.92708],[-99.69615,29.92607],[-99.6962,29.92586],[-99.69634,29.92534],[-99.69685,29.92418],[-99.69709,29.92368],[-99.69818,29.92205],[-99.69926,29.92044],[-99.70033,29.91883],[-99.7014,29.91723],[-99.70191,29.91646],[-99.70247,29.91561],[-99.70329,29.91432],[-99.70344,29.91409],[-99.70397,29.913],[-99.70416,29.91259],[-99.70484,29.91114],[-99.70555,29.90961],[-99.70621,29.90817],[-99.70652,29.90719],[-99.70663,29.90663],[-99.70673,29.906],[-99.70674,29.90531],[-99.70654,29.90317],[-99.70634,29.90132],[-99.70621,29.90036],[-99.70611,29.89994],[-99.70596,29.89949],[-99.70536,29.89845],[-99.70353,29.89588],[-99.70224,29.89411],[-99.70103,29.89238],[-99.6999,29.89078],[-99.69962,29.89025],[-99.69949,29.88982],[-99.69942,29.88947],[-99.69937,29.88904],[-99.69935,29.88861],[-99.69936,29.8885],[-99.69939,29.88798],[-99.6995,29.88645],[-99.69952,29.88582],[-99.69949,29.88532],[-99.6994,29.88484],[-99.69933,29.88454],[-99.6992,29.88428],[-99.69911,29.88409],[-99.69881,29.88362],[-99.69846,29.88319],[-99.69821,29.88292],[-99.69716,29.8821],[-99.69656,29.88164],[-99.69477,29.88029],[-99.69454,29.8801],[-99.69243,29.87853],[-99.6903,29.87691],[-99.68988,29.87654],[-99.68965,29.87625],[-99.68944,29.87588],[-99.68931,29.87554],[-99.68922,29.87518],[-99.6892,29.87485],[-99.68925,29.87429],[-99.6894,29.8737],[-99.68972,29.87251],[-99.68979,29.87214],[-99.68982,29.87197],[-99.68988,29.87159],[-99.6899,29.8711],[-99.68984,29.87066],[-99.68972,29.87028],[-99.68959,29.86987],[-99.68904,29.86856],[-99.68832,29.86685],[-99.68754,29.86513],[-99.68686,29.86359],[-99.68645,29.86286],[-99.68585,29.8619],[-99.68455,29.85992],[-99.68402,29.85909],[-99.68355,29.85835],[-99.68306,29.85755],[-99.68287,29.85711],[-99.68273,29.85669],[-99.68253,29.85561],[-99.68243,29.85516],[-99.68231,29.85471],[-99.68224,29.8545],[-99.68208,29.85416],[-99.68187,29.85381],[-99.68118,29.85289],[-99.68073,29.85229],[-99.68043,29.85182],[-99.68036,29.85172],[-99.68027,29.85158],[-99.67997,29.85102],[-99.67974,29.85048],[-99.67954,29.84987],[-99.67924,29.84876],[-99.67911,29.84831],[-99.67895,29.84786],[-99.67884,29.84764],[-99.67859,29.84719],[-99.67833,29.84686],[-99.67798,29.84655],[-99.67754,29.84622],[-99.67652,29.84538],[-99.67595,29.84485],[-99.67556,29.84448],[-99.67409,29.84301],[-99.67348,29.84239],[-99.67185,29.84083],[-99.67014,29.83911],[-99.67002,29.839],[-99.6694,29.83848],[-99.66896,29.83821],[-99.6687,29.83807],[-99.66824,29.83783],[-99.66726,29.83741],[-99.66659,29.83705],[-99.66607,29.8367],[-99.66576,29.83639],[-99.66549,29.83606],[-99.66513,29.83546],[-99.66511,29.83542],[-99.66491,29.83486],[-99.66486,29.83438],[-99.66485,29.83402],[-99.66497,29.83334],[-99.66517,29.8328],[-99.66542,29.83237],[-99.66564,29.83208],[-99.66608,29.83162],[-99.66641,29.83137],[-99.66686,29.83113],[-99.66748,29.83087],[-99.66823,29.83064],[-99.67006,29.83019],[-99.67125,29.83003],[-99.67169,29.83002],[-99.67239,29.83],[-99.6737,29.82998],[-99.67433,29.82993],[-99.67472,29.82987],[-99.67523,29.8297],[-99.67561,29.82953],[-99.67616,29.82925],[-99.67652,29.82897],[-99.67682,29.82869],[-99.67721,29.82815],[-99.67729,29.828],[-99.67738,29.82782],[-99.67753,29.8275],[-99.67756,29.82745],[-99.67767,29.827],[-99.67771,29.82685],[-99.6778,29.82625],[-99.67783,29.82594],[-99.67787,29.82548],[-99.67814,29.82339],[-99.67832,29.82189],[-99.67847,29.82067],[-99.67854,29.82014],[-99.67871,29.81856],[-99.67873,29.81843],[-99.67887,29.81759],[-99.67898,29.81686],[-99.67916,29.81512],[-99.67936,29.81342],[-99.67947,29.81269],[-99.67953,29.81234],[-99.67964,29.81187],[-99.67985,29.81144],[-99.68017,29.81093],[-99.68057,29.81043],[-99.68095,29.81009],[-99.68154,29.80952],[-99.68203,29.80905],[-99.68222,29.80887],[-99.6835,29.80773],[-99.68551,29.8059],[-99.68603,29.80543],[-99.68625,29.80523],[-99.68648,29.80501],[-99.68775,29.80381],[-99.68928,29.80242],[-99.68972,29.80211],[-99.69048,29.80167],[-99.69147,29.80124],[-99.69326,29.8006],[-99.69362,29.80047],[-99.69397,29.80034],[-99.69415,29.80027],[-99.69621,29.79946],[-99.69664,29.7993],[-99.69942,29.79823],[-99.70018,29.79792],[-99.70038,29.79784],[-99.70082,29.79755],[-99.70093,29.79746],[-99.7011,29.79733],[-99.70122,29.79723],[-99.70158,29.7969],[-99.7019,29.79658],[-99.70255,29.79546],[-99.70367,29.79368],[-99.70424,29.79275],[-99.70467,29.79205],[-99.7049,29.7915],[-99.70508,29.79086],[-99.70519,29.79032],[-99.70536,29.78856],[-99.70537,29.78851],[-99.7056,29.78657],[-99.70564,29.78626],[-99.70584,29.78476],[-99.70597,29.78352],[-99.70615,29.78296],[-99.70624,29.78272],[-99.70661,29.78198],[-99.70672,29.78181],[-99.70683,29.78163],[-99.70714,29.78126],[-99.70725,29.78112],[-99.70765,29.7807],[-99.70851,29.77993],[-99.71067,29.77811],[-99.7111,29.77775],[-99.71249,29.77659],[-99.71436,29.77496],[-99.71534,29.77415],[-99.71624,29.77341],[-99.71809,29.77183],[-99.71992,29.77024],[-99.72055,29.7697],[-99.72358,29.76713],[-99.72548,29.76552],[-99.72679,29.76429],[-99.72726,29.76382],[-99.72739,29.76368],[-99.72889,29.76224],[-99.72943,29.76172],[-99.73073,29.76048],[-99.73245,29.75878],[-99.73282,29.75843],[-99.73593,29.75542],[-99.73767,29.75374],[-99.73811,29.75338],[-99.73875,29.75293],[-99.74035,29.75195],[-99.74212,29.75087],[-99.74321,29.75017],[-99.74582,29.74859],[-99.7478,29.74736],[-99.74815,29.74714],[-99.74925,29.74647],[-99.75016,29.74592],[-99.75119,29.74529],[-99.752,29.74483],[-99.75398,29.74361],[-99.75476,29.74312],[-99.75599,29.74237],[-99.75822,29.741],[-99.75905,29.74049],[-99.75937,29.74029],[-99.76012,29.73974],[-99.76039,29.73946],[-99.76078,29.73897],[-99.76095,29.73869],[-99.76121,29.73816],[-99.76129,29.73788],[-99.76135,29.73771],[-99.76139,29.73727],[-99.7614,29.73665],[-99.76141,29.73651],[-99.76137,29.73623],[-99.76136,29.73611],[-99.76133,29.73596],[-99.76129,29.73568],[-99.76127,29.73555],[-99.76126,29.73548],[-99.76119,29.73492],[-99.76118,29.73484],[-99.76114,29.73459],[-99.76099,29.73355],[-99.76096,29.73333],[-99.76081,29.73228],[-99.76077,29.73186],[-99.76077,29.73148],[-99.76077,29.73144],[-99.76077,29.73138],[-99.76084,29.73108],[-99.76089,29.7308],[-99.76105,29.7301],[-99.76124,29.72925],[-99.7613,29.72897],[-99.76132,29.72891],[-99.76135,29.72886],[-99.76142,29.72874],[-99.76125,29.72869],[-99.76127,29.72862],[-99.76128,29.72853],[-99.76135,29.72812],[-99.76148,29.72737],[-99.76164,29.72663],[-99.76165,29.72656],[-99.7617,29.72644],[-99.7618,29.72597],[-99.76183,29.72583],[-99.76183,29.72575],[-99.76183,29.72568],[-99.76195,29.72499],[-99.76209,29.72423],[-99.76151,29.72413],[-99.76122,29.72409],[-99.76044,29.72398],[-99.76019,29.72394],[-99.75955,29.72385],[-99.75938,29.72383],[-99.75823,29.72366],[-99.75779,29.72354],[-99.7575,29.72344],[-99.75737,29.72337],[-99.75661,29.72304],[-99.75656,29.72301],[-99.75632,29.72293],[-99.75607,29.72291],[-99.75604,29.72291],[-99.75562,29.72292],[-99.7552,29.72299],[-99.75478,29.72305],[-99.7544,29.72312],[-99.75415,29.72315],[-99.75382,29.72317],[-99.75326,29.72317],[-99.75299,29.72314],[-99.75239,29.72308],[-99.75184,29.72302],[-99.75134,29.72297],[-99.75034,29.72285],[-99.74956,29.72277],[-99.74837,29.72267],[-99.74726,29.72255],[-99.7471,29.72253],[-99.74661,29.72245],[-99.74613,29.72235],[-99.74578,29.72223],[-99.74552,29.72212],[-99.74481,29.72169],[-99.74415,29.72129],[-99.7431,29.72067],[-99.74137,29.71962],[-99.73922,29.71831],[-99.73884,29.71808],[-99.73798,29.71756],[-99.73704,29.71701],[-99.73663,29.71681],[-99.7362,29.71662],[-99.73476,29.71602],[-99.73381,29.71559],[-99.73349,29.71539],[-99.73321,29.71514],[-99.73303,29.71494],[-99.73288,29.71474],[-99.73261,29.71429],[-99.73239,29.71401],[-99.73217,29.71368],[-99.73165,29.71293],[-99.73144,29.71265],[-99.73129,29.71246],[-99.73112,29.7123],[-99.73102,29.7122],[-99.73085,29.71205],[-99.73048,29.71184],[-99.73009,29.71169],[-99.72979,29.7116],[-99.7295,29.71157],[-99.72947,29.71157],[-99.72911,29.71155],[-99.72901,29.71155],[-99.72887,29.71155],[-99.72866,29.71158],[-99.72694,29.71177],[-99.72487,29.71199],[-99.72443,29.71203],[-99.72192,29.7123],[-99.72082,29.71242],[-99.72002,29.71251],[-99.71447,29.71311],[-99.71267,29.71331],[-99.71108,29.71349],[-99.71027,29.71358],[-99.70978,29.71363],[-99.70817,29.7138],[-99.70352,29.7143],[-99.70323,29.71438],[-99.70304,29.71443],[-99.70227,29.71464],[-99.7003,29.71523],[-99.69894,29.71562],[-99.69862,29.71567],[-99.69836,29.71569],[-99.69787,29.71572],[-99.69709,29.71574],[-99.69615,29.71577],[-99.69592,29.71579],[-99.69579,29.71582],[-99.6957,29.71586],[-99.69555,29.71591],[-99.69534,29.71602],[-99.69516,29.71613],[-99.69461,29.71649],[-99.69438,29.71662],[-99.69407,29.71676],[-99.69398,29.71679],[-99.69372,29.71686],[-99.69281,29.7171],[-99.69243,29.71726],[-99.69225,29.71737],[-99.6921,29.71752],[-99.69195,29.71768],[-99.6918,29.71789],[-99.69147,29.71858],[-99.69139,29.71876],[-99.69129,29.71899],[-99.69105,29.71935],[-99.6909,29.71955],[-99.69077,29.71966],[-99.69051,29.71984],[-99.69027,29.71996],[-99.69004,29.72003],[-99.68971,29.72009],[-99.68895,29.72007],[-99.68761,29.72004],[-99.687,29.72002],[-99.68503,29.71997],[-99.68451,29.71997],[-99.68417,29.71999],[-99.68376,29.72003],[-99.68331,29.72015],[-99.68295,29.72026],[-99.68251,29.72044],[-99.68217,29.72062],[-99.6819,29.72079],[-99.68139,29.72118],[-99.68103,29.72145],[-99.68037,29.72196],[-99.67997,29.7222],[-99.67957,29.72237],[-99.67905,29.72251],[-99.6786,29.72259],[-99.67836,29.72259],[-99.67823,29.72259],[-99.678,29.72254],[-99.67779,29.72247],[-99.67755,29.72235],[-99.67735,29.72224],[-99.67702,29.72202],[-99.67663,29.72182],[-99.67569,29.72153],[-99.67525,29.72144],[-99.67493,29.72143],[-99.67447,29.72144],[-99.67351,29.7215],[-99.67283,29.7216],[-99.67223,29.72177],[-99.67199,29.72189],[-99.67187,29.72194],[-99.67163,29.72209],[-99.67146,29.72227],[-99.6713,29.72246],[-99.67072,29.72371],[-99.67056,29.72412],[-99.67043,29.72449],[-99.67033,29.72502],[-99.67033,29.72504],[-99.67027,29.72567],[-99.6702,29.72589],[-99.67006,29.72602],[-99.66995,29.72606],[-99.66982,29.72607],[-99.66972,29.72603],[-99.66957,29.72594],[-99.66927,29.72573],[-99.66877,29.72527],[-99.66859,29.72514],[-99.66824,29.72491],[-99.668,29.72476],[-99.66783,29.72465],[-99.6676,29.72452],[-99.66743,29.72443],[-99.66726,29.72435],[-99.66711,29.72431],[-99.66689,29.72427],[-99.66658,29.72423],[-99.66638,29.72418],[-99.66608,29.72406],[-99.66573,29.72389],[-99.66544,29.72373],[-99.66499,29.72342],[-99.66476,29.72327],[-99.66456,29.72311],[-99.66445,29.72301],[-99.66436,29.72288],[-99.66428,29.72276],[-99.6642,29.72261],[-99.66415,29.72249],[-99.66411,29.72236],[-99.66409,29.72225],[-99.66408,29.72218],[-99.66409,29.72207],[-99.66411,29.72194],[-99.66411,29.72184],[-99.6641,29.72174],[-99.66406,29.72165],[-99.664,29.72153],[-99.66395,29.72141],[-99.66393,29.72135],[-99.66392,29.72129],[-99.66393,29.72121],[-99.66395,29.72113],[-99.66403,29.72099],[-99.66411,29.72084],[-99.66414,29.72073],[-99.66414,29.72064],[-99.66412,29.72055],[-99.66408,29.72045],[-99.664,29.72034],[-99.66391,29.72026],[-99.66379,29.72018],[-99.66369,29.72014],[-99.66342,29.72007],[-99.66327,29.72001],[-99.66318,29.71994],[-99.66312,29.71988],[-99.66306,29.71978],[-99.66302,29.71965],[-99.66299,29.71946],[-99.66293,29.71926],[-99.66287,29.71915],[-99.66281,29.71909],[-99.66271,29.71902],[-99.66259,29.71898],[-99.66239,29.71894],[-99.66212,29.71889],[-99.66192,29.71884],[-99.66167,29.71874],[-99.66151,29.71869],[-99.66138,29.71868],[-99.66126,29.71867],[-99.6611,29.7187],[-99.66053,29.71888],[-99.66034,29.71892],[-99.66017,29.71893],[-99.65998,29.71892],[-99.65982,29.71888],[-99.65959,29.71879],[-99.65931,29.71866],[-99.65914,29.71859],[-99.65885,29.71851],[-99.65864,29.71848],[-99.65841,29.71846],[-99.65813,29.71846],[-99.65794,29.71847],[-99.65778,29.71851],[-99.65765,29.71858],[-99.65756,29.71867],[-99.65748,29.71878],[-99.65742,29.71889],[-99.65739,29.71901],[-99.65738,29.71916],[-99.6574,29.71935],[-99.65743,29.71955],[-99.65751,29.71979],[-99.65759,29.71998],[-99.6577,29.72033],[-99.65779,29.72062],[-99.65781,29.72073],[-99.65781,29.72085],[-99.65778,29.72097],[-99.65771,29.72112],[-99.65763,29.72124],[-99.65755,29.72133],[-99.65747,29.7214],[-99.65743,29.72142],[-99.65729,29.72149],[-99.65705,29.72155],[-99.65683,29.72161],[-99.65662,29.72169],[-99.6563,29.72186],[-99.656,29.72195],[-99.65587,29.72201],[-99.65575,29.72208],[-99.65565,29.7222],[-99.65559,29.7223],[-99.65556,29.72238],[-99.65552,29.72262],[-99.6555,29.72293],[-99.65552,29.72323],[-99.65555,29.72349],[-99.6556,29.72374],[-99.65569,29.72408],[-99.65576,29.72429],[-99.65584,29.72445],[-99.65596,29.72471],[-99.65604,29.72491],[-99.65608,29.72512],[-99.65609,29.72527],[-99.6561,29.72557],[-99.65612,29.72572],[-99.65618,29.72601],[-99.65619,29.72615],[-99.65618,29.7263],[-99.65616,29.72641],[-99.65611,29.72667],[-99.65611,29.72679],[-99.65613,29.72688],[-99.65618,29.72698],[-99.65622,29.72706],[-99.65633,29.72715],[-99.65647,29.72728],[-99.65653,29.72735],[-99.65657,29.72744],[-99.6566,29.72753],[-99.65658,29.72762],[-99.65657,29.72766],[-99.65654,29.72772],[-99.65646,29.72781],[-99.65627,29.72799],[-99.65609,29.72813],[-99.65593,29.72823],[-99.6557,29.72832],[-99.65553,29.72835],[-99.65525,29.72839],[-99.65505,29.72841],[-99.65492,29.72845],[-99.65489,29.72846],[-99.65478,29.72851],[-99.65467,29.7286],[-99.6546,29.72871],[-99.65455,29.72885],[-99.65453,29.72907],[-99.65453,29.72936],[-99.65451,29.72984],[-99.65452,29.72995],[-99.65455,29.73009],[-99.65458,29.73023],[-99.65467,29.73046],[-99.6547,29.73058],[-99.6547,29.73066],[-99.65468,29.73076],[-99.65463,29.73087],[-99.65455,29.73097],[-99.65424,29.73119],[-99.65318,29.73189],[-99.65305,29.73195],[-99.65295,29.73197],[-99.65281,29.732],[-99.6527,29.732],[-99.65252,29.73198],[-99.65227,29.73195],[-99.65214,29.73194],[-99.65197,29.73197],[-99.65182,29.73202],[-99.65163,29.73209],[-99.65146,29.73215],[-99.65134,29.73217],[-99.65124,29.73217],[-99.65099,29.73216],[-99.65084,29.73215],[-99.65072,29.73216],[-99.65062,29.7322],[-99.65051,29.73227],[-99.65024,29.73249],[-99.64997,29.73267],[-99.64988,29.73273],[-99.64982,29.7328],[-99.64977,29.73285],[-99.64968,29.733],[-99.64953,29.73325],[-99.6494,29.73344],[-99.64922,29.7336],[-99.64914,29.73366],[-99.64902,29.73371],[-99.64886,29.73376],[-99.64872,29.73377],[-99.64857,29.73377],[-99.64834,29.73371],[-99.64808,29.73364],[-99.64794,29.73362],[-99.6478,29.73362],[-99.64766,29.73365],[-99.64749,29.7337],[-99.64738,29.73374],[-99.64704,29.73386],[-99.64688,29.7339],[-99.64662,29.73393],[-99.64641,29.73396],[-99.6462,29.73402],[-99.64594,29.73413],[-99.64564,29.7343],[-99.64508,29.73455],[-99.64477,29.73465],[-99.64459,29.73469],[-99.64447,29.7347],[-99.64431,29.73469],[-99.64418,29.73465],[-99.64403,29.73455],[-99.64383,29.73438],[-99.64371,29.73433],[-99.64354,29.73429],[-99.64341,29.73429],[-99.64329,29.73432],[-99.6432,29.73436],[-99.64308,29.73444],[-99.64291,29.7346],[-99.6428,29.73467],[-99.64271,29.73471],[-99.64257,29.73473],[-99.64244,29.73474],[-99.64231,29.7347],[-99.64208,29.73456],[-99.64193,29.73449],[-99.64184,29.73447],[-99.64169,29.73446],[-99.6416,29.73448],[-99.64147,29.73452],[-99.64128,29.73463],[-99.64107,29.73476],[-99.64077,29.73493],[-99.64033,29.73512],[-99.63989,29.73535],[-99.63955,29.73549],[-99.63925,29.73561],[-99.63893,29.73581],[-99.63868,29.73594],[-99.63842,29.73603],[-99.63818,29.73608],[-99.63796,29.73612],[-99.63768,29.73614],[-99.63734,29.73615],[-99.63699,29.73617],[-99.63667,29.73622],[-99.6361,29.73633],[-99.63547,29.73651],[-99.63426,29.73686],[-99.63397,29.73691],[-99.63371,29.73692],[-99.63348,29.73691],[-99.63321,29.73687],[-99.63287,29.73678],[-99.63258,29.73666],[-99.63227,29.73649],[-99.63166,29.73616],[-99.63143,29.73605],[-99.63113,29.73597],[-99.63095,29.73596],[-99.63083,29.73596],[-99.63041,29.73598],[-99.62978,29.73608],[-99.6292,29.73618],[-99.6288,29.7362],[-99.62834,29.73621],[-99.62779,29.73621],[-99.62608,29.73621],[-99.62579,29.7362],[-99.62559,29.73617],[-99.62532,29.73614],[-99.625,29.7361],[-99.62432,29.73608],[-99.6233,29.7361],[-99.62252,29.73611],[-99.62189,29.73611],[-99.62135,29.73615],[-99.62074,29.73621],[-99.62064,29.73623],[-99.62023,29.7363],[-99.61992,29.73632],[-99.61916,29.73631],[-99.61837,29.73631],[-99.61776,29.73631],[-99.61703,29.73629],[-99.61678,29.73629],[-99.61657,29.7363],[-99.61639,29.73633],[-99.61619,29.73638],[-99.61596,29.73646],[-99.61577,29.73657],[-99.61562,29.73666],[-99.61543,29.73683],[-99.61525,29.73703],[-99.61515,29.73719],[-99.61508,29.73731],[-99.61495,29.73754],[-99.61483,29.73767],[-99.61472,29.73778],[-99.61433,29.73813],[-99.61404,29.73837],[-99.61388,29.73851],[-99.61372,29.7387],[-99.61348,29.73902],[-99.61335,29.7392],[-99.61319,29.73935],[-99.61304,29.73945],[-99.6129,29.73951],[-99.61274,29.73953],[-99.6125,29.73953],[-99.61205,29.7395],[-99.61181,29.73952],[-99.61166,29.73955],[-99.61144,29.73962],[-99.61129,29.7397],[-99.61114,29.73979],[-99.61104,29.7399],[-99.611,29.74],[-99.61099,29.74011],[-99.61101,29.74019],[-99.61108,29.74041],[-99.6111,29.74057],[-99.61108,29.7407],[-99.61104,29.74082],[-99.61093,29.74094],[-99.61066,29.74114],[-99.61035,29.74132],[-99.6099,29.74157],[-99.60975,29.74163],[-99.60961,29.74167],[-99.60945,29.74169],[-99.60931,29.74166],[-99.60916,29.7416],[-99.60905,29.74151],[-99.60881,29.7413],[-99.60847,29.74098],[-99.60832,29.74084],[-99.60807,29.74054],[-99.60801,29.74045],[-99.60779,29.74017],[-99.6076,29.74],[-99.60744,29.73989],[-99.60712,29.73975],[-99.60663,29.73961],[-99.60592,29.7394],[-99.60562,29.73933],[-99.60538,29.73931],[-99.60516,29.73931],[-99.60495,29.73934],[-99.60475,29.73939],[-99.6045,29.73948],[-99.60443,29.73951],[-99.60411,29.73969],[-99.60341,29.74017],[-99.60328,29.74027],[-99.60293,29.74051],[-99.60268,29.74073],[-99.60246,29.74096],[-99.60232,29.74115],[-99.6022,29.74135],[-99.60208,29.7416],[-99.60199,29.74187],[-99.60192,29.74219],[-99.60179,29.74317],[-99.60175,29.74343],[-99.60173,29.7436],[-99.6017,29.74383],[-99.60163,29.74412],[-99.60152,29.74444],[-99.6014,29.74471],[-99.60123,29.74498],[-99.60106,29.74521],[-99.60084,29.74545],[-99.60062,29.74564],[-99.60039,29.74582],[-99.60021,29.74593],[-99.59994,29.74608],[-99.59954,29.74626],[-99.59907,29.74641],[-99.59746,29.74705],[-99.59705,29.74719],[-99.59666,29.74728],[-99.59633,29.74735],[-99.59591,29.7474],[-99.59555,29.74744],[-99.59504,29.74745],[-99.59478,29.74743],[-99.59405,29.74743],[-99.59371,29.74743],[-99.5934,29.74747],[-99.59303,29.74754],[-99.5926,29.74766],[-99.59229,29.74778],[-99.59204,29.74789],[-99.59174,29.74806],[-99.59149,29.74823],[-99.59028,29.74922],[-99.59006,29.74937],[-99.58978,29.74952],[-99.58926,29.74976],[-99.58899,29.74988],[-99.58872,29.75005],[-99.58844,29.75024],[-99.58812,29.7505],[-99.58788,29.75074],[-99.58766,29.75098],[-99.58742,29.75132],[-99.58722,29.75171],[-99.58691,29.75243],[-99.586,29.75477],[-99.58582,29.75516],[-99.58566,29.7554],[-99.58549,29.75559],[-99.58524,29.75581],[-99.585,29.75599],[-99.58475,29.75614],[-99.58427,29.75639],[-99.58237,29.7574],[-99.57993,29.75867],[-99.57969,29.75881],[-99.57933,29.759],[-99.57912,29.75911],[-99.57872,29.75931],[-99.57853,29.7594],[-99.57827,29.75952],[-99.57792,29.75964],[-99.57754,29.75975],[-99.57722,29.75983],[-99.57686,29.75991],[-99.57653,29.75995],[-99.5765,29.75996],[-99.57606,29.75998],[-99.57555,29.75999],[-99.57519,29.75997],[-99.57486,29.75994],[-99.57459,29.7599],[-99.57435,29.75985],[-99.57388,29.75973],[-99.57373,29.75969],[-99.57212,29.75924],[-99.57069,29.75882],[-99.56953,29.75856],[-99.56831,29.75836],[-99.56741,29.75826],[-99.56692,29.75822],[-99.5662,29.75818],[-99.56354,29.75817],[-99.56347,29.75816],[-99.56335,29.75816],[-99.56305,29.75816],[-99.56294,29.75816],[-99.56292,29.75801],[-99.56287,29.7578],[-99.56285,29.75771],[-99.56276,29.75739],[-99.56263,29.75703],[-99.56242,29.75653],[-99.56218,29.75609],[-99.5614,29.75478],[-99.56081,29.75383],[-99.56047,29.75326],[-99.56019,29.75272],[-99.55998,29.75217],[-99.55971,29.75124],[-99.5597,29.75118],[-99.55952,29.75042],[-99.55938,29.74995],[-99.55908,29.74906],[-99.55876,29.74848],[-99.55832,29.74792],[-99.55493,29.74391],[-99.55476,29.7437],[-99.55468,29.74375],[-99.55461,29.74378],[-99.55432,29.74394],[-99.55401,29.74411],[-99.55334,29.74448],[-99.55304,29.74464],[-99.55243,29.74497],[-99.55196,29.74521],[-99.55171,29.74534],[-99.55071,29.74587],[-99.54889,29.74684],[-99.5481,29.74725],[-99.54671,29.74789],[-99.54514,29.74849],[-99.54254,29.74951],[-99.54233,29.74959],[-99.53964,29.75073],[-99.5393,29.75089],[-99.5377,29.75158],[-99.53696,29.75193],[-99.5366,29.75211],[-99.53633,29.75226],[-99.53602,29.7525],[-99.53542,29.75291],[-99.53454,29.75367],[-99.532,29.75581],[-99.53135,29.75636],[-99.53087,29.75669],[-99.5306,29.75687],[-99.53013,29.75712],[-99.5298,29.75728],[-99.52943,29.75744],[-99.52923,29.75748],[-99.52892,29.75757],[-99.52822,29.75771],[-99.52761,29.75779],[-99.52717,29.7578],[-99.52671,29.75778],[-99.52435,29.75749],[-99.52403,29.75746],[-99.52372,29.75746],[-99.52308,29.75748],[-99.52262,29.75754],[-99.52216,29.75762],[-99.52159,29.75777],[-99.52158,29.75778],[-99.52128,29.7579],[-99.521,29.75801],[-99.52078,29.7581],[-99.52005,29.75843],[-99.51839,29.75931],[-99.51651,29.7603],[-99.51613,29.76053],[-99.51573,29.76079],[-99.51424,29.7619],[-99.51387,29.76212],[-99.51362,29.76226],[-99.51324,29.76243],[-99.51288,29.76258],[-99.51128,29.76309],[-99.51068,29.76332],[-99.51018,29.76355],[-99.50851,29.76436],[-99.5081,29.76462],[-99.50726,29.76503],[-99.50657,29.76534],[-99.50577,29.76565],[-99.50481,29.76598],[-99.50412,29.76617],[-99.50379,29.76626],[-99.50341,29.76635],[-99.50291,29.76646],[-99.50266,29.76649],[-99.50259,29.7665],[-99.50221,29.76659],[-99.50141,29.76671],[-99.50069,29.76679],[-99.49946,29.76686],[-99.49894,29.76687],[-99.49856,29.76686],[-99.49803,29.76679],[-99.49718,29.7666],[-99.49681,29.76653],[-99.4964,29.76649],[-99.49604,29.76649],[-99.49553,29.76651],[-99.49394,29.76664],[-99.4933,29.76671],[-99.49303,29.76673],[-99.49259,29.76677],[-99.4922,29.76684],[-99.49182,29.76696],[-99.49146,29.76712],[-99.49115,29.76728],[-99.49081,29.76757],[-99.49054,29.76785],[-99.49039,29.76805],[-99.49024,29.76828],[-99.49006,29.76864],[-99.48983,29.76899],[-99.48964,29.76921],[-99.48931,29.76949],[-99.48924,29.76953],[-99.48895,29.76974],[-99.48869,29.76987],[-99.48827,29.77003],[-99.48803,29.77007],[-99.48783,29.77013],[-99.48753,29.77017],[-99.48704,29.77018],[-99.48606,29.7701],[-99.48476,29.77],[-99.48382,29.76994],[-99.48305,29.76991],[-99.48234,29.76994],[-99.48043,29.77011],[-99.48007,29.77013],[-99.47971,29.77011],[-99.47935,29.77008],[-99.47881,29.76998],[-99.47831,29.76983],[-99.4777,29.76959],[-99.47743,29.76946],[-99.47717,29.76932],[-99.47693,29.76916],[-99.47671,29.76899],[-99.47651,29.76879],[-99.47632,29.76859],[-99.47618,29.7684],[-99.47601,29.76814],[-99.47584,29.76779],[-99.4757,29.76732],[-99.47539,29.76491],[-99.47533,29.76456],[-99.47526,29.76433],[-99.47516,29.76411],[-99.47504,29.76389],[-99.47481,29.76358],[-99.47454,29.7633],[-99.47433,29.76313],[-99.47411,29.76298],[-99.47374,29.76279],[-99.4733,29.76262],[-99.47306,29.76252],[-99.47046,29.7616],[-99.46742,29.76053],[-99.46456,29.75955],[-99.46421,29.75946],[-99.46386,29.75938],[-99.46331,29.75931],[-99.46275,29.75929],[-99.46257,29.75928],[-99.46221,29.7593],[-99.46186,29.75933],[-99.46152,29.75938],[-99.46101,29.75949],[-99.46037,29.7597],[-99.45979,29.75994],[-99.4595,29.7601],[-99.4592,29.76027],[-99.45892,29.76045],[-99.45851,29.76077],[-99.45665,29.76252],[-99.4561,29.76298],[-99.4558,29.76318],[-99.45546,29.76336],[-99.45529,29.76343],[-99.45493,29.76356],[-99.45457,29.76365],[-99.4412,29.76609],[-99.44055,29.76621],[-99.44023,29.76627],[-99.43975,29.76635],[-99.43938,29.76641],[-99.43645,29.76671],[-99.43587,29.76681],[-99.43524,29.76695],[-99.43463,29.76714],[-99.43439,29.76722],[-99.43398,29.76738],[-99.43356,29.76757],[-99.43236,29.76818],[-99.43179,29.76842],[-99.43135,29.76857],[-99.43117,29.76864],[-99.42995,29.76903],[-99.42677,29.77008],[-99.42412,29.77095],[-99.4232,29.77126],[-99.42318,29.77126],[-99.41672,29.77339],[-99.4162,29.77356],[-99.41542,29.7738],[-99.41443,29.77406],[-99.41389,29.77416],[-99.41316,29.77427],[-99.41295,29.77429],[-99.41225,29.77437],[-99.41157,29.7744],[-99.41075,29.77441],[-99.41053,29.7744],[-99.408,29.7743],[-99.40795,29.7743],[-99.40745,29.77428],[-99.40594,29.77425],[-99.40502,29.77427],[-99.40466,29.77432],[-99.40435,29.77438],[-99.404,29.77447],[-99.40361,29.77461],[-99.40324,29.77478],[-99.40275,29.77505],[-99.40208,29.77549],[-99.40201,29.77555],[-99.40158,29.77585],[-99.40134,29.77598],[-99.40108,29.77611],[-99.40079,29.77622],[-99.40049,29.77631],[-99.40017,29.77638],[-99.39984,29.77642],[-99.39935,29.77643],[-99.39889,29.77641],[-99.39887,29.77641],[-99.397,29.77633],[-99.39143,29.77609],[-99.38906,29.77599],[-99.38891,29.77599],[-99.38868,29.77599],[-99.3883,29.77602],[-99.38774,29.77612],[-99.38737,29.77623],[-99.38701,29.77636],[-99.38666,29.77651],[-99.38633,29.7767],[-99.38603,29.77691],[-99.38574,29.77714],[-99.38549,29.77738],[-99.38525,29.77764],[-99.38505,29.77791],[-99.38487,29.7782],[-99.38466,29.77865],[-99.38312,29.78227],[-99.38287,29.78272],[-99.38269,29.78296],[-99.38257,29.78312],[-99.38235,29.78336],[-99.38209,29.7836],[-99.38182,29.78381],[-99.38152,29.78401],[-99.38119,29.78419],[-99.38083,29.78435],[-99.38043,29.7845],[-99.38015,29.78457],[-99.37968,29.78466],[-99.37938,29.78468],[-99.37903,29.78472],[-99.373,29.78471],[-99.37225,29.78473],[-99.37162,29.78483],[-99.36893,29.78533],[-99.36665,29.78574],[-99.36416,29.78617],[-99.3637,29.78625],[-99.36346,29.78627],[-99.36288,29.78635],[-99.36195,29.78644],[-99.36132,29.78652],[-99.3611,29.78655],[-99.36074,29.7866],[-99.35921,29.78683],[-99.35616,29.78724],[-99.35465,29.78745],[-99.35063,29.78803],[-99.34919,29.7882],[-99.34719,29.78839],[-99.34669,29.78845],[-99.33872,29.78929],[-99.33577,29.78959],[-99.33497,29.78968],[-99.33317,29.78987],[-99.33252,29.78995],[-99.33187,29.7901],[-99.33057,29.79049],[-99.33021,29.79064],[-99.33013,29.79067],[-99.32987,29.79081],[-99.32951,29.79105],[-99.3293,29.79123],[-99.32854,29.7919],[-99.32803,29.79234],[-99.3278,29.79258],[-99.32733,29.79291],[-99.32692,29.79313],[-99.32637,29.79335],[-99.32033,29.79556],[-99.31995,29.79571],[-99.31966,29.79584],[-99.31913,29.7962],[-99.31873,29.79653],[-99.31736,29.79795],[-99.31713,29.79817],[-99.31688,29.79837],[-99.31661,29.79856],[-99.31633,29.79872],[-99.31604,29.79887],[-99.31573,29.799],[-99.31551,29.79908],[-99.31508,29.79922],[-99.31324,29.79984],[-99.31229,29.80016],[-99.3119,29.80028],[-99.3115,29.80037],[-99.31093,29.80046],[-99.31048,29.80049],[-99.31018,29.8005],[-99.30943,29.80047],[-99.30904,29.80041],[-99.30875,29.80036],[-99.3082,29.80022],[-99.30596,29.79961],[-99.30534,29.79943],[-99.30429,29.79914],[-99.30395,29.79905],[-99.30083,29.79817],[-99.29977,29.79788],[-99.29948,29.79781],[-99.29917,29.79776],[-99.29885,29.79774],[-99.29869,29.79774],[-99.29852,29.79775],[-99.29819,29.79779],[-99.29786,29.79788],[-99.29737,29.79805],[-99.29673,29.79832],[-99.29583,29.7987],[-99.29554,29.79881],[-99.2952,29.79892],[-99.29485,29.79901],[-99.29449,29.79906],[-99.29412,29.79907],[-99.29266,29.79902],[-99.29231,29.79898],[-99.29198,29.79891],[-99.29171,29.7988],[-99.29151,29.79874],[-99.29108,29.79851],[-99.28978,29.79757],[-99.28953,29.79743],[-99.2892,29.79727],[-99.28902,29.79721],[-99.28875,29.79713],[-99.28841,29.79706],[-99.2883,29.79706],[-99.28802,29.79703],[-99.28521,29.79693],[-99.28413,29.79691],[-99.28379,29.79688],[-99.28347,29.79683],[-99.28217,29.79656],[-99.28176,29.7965],[-99.28143,29.79647],[-99.28014,29.79645],[-99.27943,29.79639],[-99.27742,29.79601],[-99.27702,29.7959],[-99.27661,29.79575],[-99.27591,29.7955],[-99.27548,29.79536],[-99.27517,29.79529],[-99.27468,29.79523],[-99.27418,29.79523],[-99.27368,29.7953],[-99.2721,29.79564],[-99.27128,29.79581],[-99.27071,29.79593],[-99.2703,29.79603],[-99.26969,29.79608],[-99.26936,29.79607],[-99.26906,29.79607],[-99.2686,29.796],[-99.26815,29.7959],[-99.26506,29.79507],[-99.26479,29.795],[-99.2645,29.79492],[-99.2643,29.7949],[-99.26408,29.7949],[-99.26382,29.7949],[-99.26345,29.79496],[-99.2632,29.79501],[-99.26296,29.79508],[-99.26234,29.79536],[-99.26199,29.7956],[-99.26143,29.79617],[-99.26121,29.79641],[-99.26101,29.7967],[-99.26044,29.79738],[-99.25951,29.79851],[-99.25929,29.79872],[-99.25886,29.79902],[-99.25868,29.79911],[-99.25834,29.79925],[-99.25809,29.79933],[-99.2577,29.79938],[-99.25746,29.7994],[-99.25699,29.79941],[-99.25673,29.79942],[-99.25561,29.79949],[-99.25502,29.79954],[-99.25458,29.79959],[-99.25414,29.79967],[-99.25371,29.79976],[-99.25255,29.80005],[-99.25232,29.80012],[-99.25227,29.80013],[-99.25194,29.79968],[-99.25177,29.79948],[-99.25168,29.7994],[-99.25158,29.7993],[-99.25123,29.79899],[-99.25033,29.79834],[-99.25016,29.79822],[-99.24992,29.79805],[-99.24932,29.79764],[-99.2492,29.79755],[-99.2486,29.7973],[-99.2485,29.79726],[-99.24849,29.79726],[-99.24799,29.79708],[-99.24783,29.79701],[-99.24753,29.79689],[-99.24667,29.79653],[-99.24682,29.79631],[-99.24702,29.79601]]}},{"type":"Feature","properties":{"route":"Willow City Loop & Enchanted Rock Run","category":"Twisties & Canyons","color":"#e74c3c","waypoints":["Fredericksburg","Willow City","Enchanted Rock"],"via":"TX 16 -> RM 1323 -> Willow City Loop -> FM 965","distance_mi":35.7,"source":"road-snapped","id":"willow-city-loop-enchanted-rock-run"},"geometry":{"type":"LineString","coordinates":[[-98.8721,30.2753],[-98.87184,30.27556],[-98.87133,30.27609],[-98.87125,30.27617],[-98.87117,30.27625],[-98.87072,30.27672],[-98.87058,30.27687],[-98.87037,30.27709],[-98.87025,30.27721],[-98.86972,30.27775],[-98.86897,30.27723],[-98.86855,30.27693],[-98.86831,30.27676],[-98.86801,30.27654],[-98.8671,30.27749],[-98.86624,30.27843],[-98.86582,30.27887],[-98.86536,30.27936],[-98.86451,30.28029],[-98.86362,30.28122],[-98.86278,30.28209],[-98.86258,30.2823],[-98.86192,30.283],[-98.86154,30.28338],[-98.86103,30.28378],[-98.86069,30.28402],[-98.86046,30.28414],[-98.86032,30.28423],[-98.85956,30.28454],[-98.85897,30.28469],[-98.8581,30.28489],[-98.8559,30.2854],[-98.85498,30.28562],[-98.85469,30.28569],[-98.8543,30.28579],[-98.85411,30.28584],[-98.85277,30.28617],[-98.85118,30.28656],[-98.85074,30.2867],[-98.85036,30.28681],[-98.84935,30.28728],[-98.84878,30.2875],[-98.84794,30.28781],[-98.84674,30.28832],[-98.84457,30.28927],[-98.8422,30.29028],[-98.84092,30.29083],[-98.84017,30.29114],[-98.84012,30.29115],[-98.84004,30.29119],[-98.83902,30.29161],[-98.83844,30.29188],[-98.83729,30.29246],[-98.83612,30.29325],[-98.83504,30.2939],[-98.83478,30.29402],[-98.83438,30.29421],[-98.83326,30.29468],[-98.83206,30.29518],[-98.83131,30.29553],[-98.82911,30.29683],[-98.829,30.29689],[-98.82815,30.29741],[-98.825,30.29926],[-98.82456,30.29959],[-98.8242,30.2999],[-98.82383,30.30038],[-98.82353,30.30084],[-98.82255,30.30296],[-98.82235,30.30328],[-98.82218,30.30356],[-98.82189,30.30392],[-98.821,30.30498],[-98.82045,30.30562],[-98.81994,30.3062],[-98.81919,30.30687],[-98.8188,30.30717],[-98.8174,30.30828],[-98.81716,30.3085],[-98.81609,30.30979],[-98.81434,30.31197],[-98.81321,30.31342],[-98.81043,30.31744],[-98.80973,30.31845],[-98.80888,30.3196],[-98.80789,30.32101],[-98.80763,30.32142],[-98.80746,30.32164],[-98.80729,30.32188],[-98.80682,30.32253],[-98.80623,30.32333],[-98.80564,30.32395],[-98.80465,30.32485],[-98.80101,30.32794],[-98.80048,30.32842],[-98.79955,30.32922],[-98.79806,30.33051],[-98.79758,30.33115],[-98.79733,30.33153],[-98.79713,30.33193],[-98.79685,30.33265],[-98.79628,30.33406],[-98.79614,30.3343],[-98.79608,30.33438],[-98.79567,30.33483],[-98.79393,30.33625],[-98.79259,30.33733],[-98.79111,30.33855],[-98.79089,30.33874],[-98.79068,30.33898],[-98.78765,30.34271],[-98.78735,30.3431],[-98.78718,30.34331],[-98.78696,30.34358],[-98.78653,30.34415],[-98.78601,30.34502],[-98.78537,30.34605],[-98.78448,30.34731],[-98.78397,30.34803],[-98.78374,30.34836],[-98.78303,30.34937],[-98.78261,30.34999],[-98.78193,30.35093],[-98.78157,30.35133],[-98.77996,30.35284],[-98.77974,30.35308],[-98.77953,30.35342],[-98.77933,30.354],[-98.77894,30.35513],[-98.77861,30.35612],[-98.7785,30.35648],[-98.77832,30.35683],[-98.77798,30.35731],[-98.77765,30.35764],[-98.7773,30.35791],[-98.77693,30.35815],[-98.77614,30.35855],[-98.77468,30.35929],[-98.77174,30.36073],[-98.77041,30.36138],[-98.76885,30.36215],[-98.76861,30.36227],[-98.7606,30.3663],[-98.76023,30.36651],[-98.75947,30.36692],[-98.75873,30.36734],[-98.75572,30.36903],[-98.75521,30.36936],[-98.75474,30.36978],[-98.75433,30.37025],[-98.75361,30.37122],[-98.75027,30.37583],[-98.74913,30.3774],[-98.74827,30.37856],[-98.74576,30.38202],[-98.74535,30.38259],[-98.74513,30.38283],[-98.74462,30.3836],[-98.74439,30.38406],[-98.74411,30.38509],[-98.74282,30.38958],[-98.74238,30.39111],[-98.74208,30.39189],[-98.74112,30.39428],[-98.73866,30.40036],[-98.73838,30.40107],[-98.73821,30.40148],[-98.73807,30.4018],[-98.73791,30.40214],[-98.73768,30.40249],[-98.73699,30.40338],[-98.73679,30.4037],[-98.73678,30.40373],[-98.73666,30.40404],[-98.73658,30.40449],[-98.73656,30.40523],[-98.73657,30.40605],[-98.73665,30.41347],[-98.73603,30.41335],[-98.73665,30.41347],[-98.73668,30.41452],[-98.73983,30.41449],[-98.7445,30.41445],[-98.74787,30.41441],[-98.7484,30.41441],[-98.75032,30.41442],[-98.75739,30.41436],[-98.75895,30.41427],[-98.75884,30.41159],[-98.75884,30.40513],[-98.75911,30.40506],[-98.76144,30.40549],[-98.76353,30.40458],[-98.76469,30.40362],[-98.76517,30.40341],[-98.76644,30.40318],[-98.76662,30.40394],[-98.76666,30.40469],[-98.7667,30.4054],[-98.76799,30.40673],[-98.76821,30.40712],[-98.76823,30.4088],[-98.76813,30.40926],[-98.7681,30.40994],[-98.7685,30.41072],[-98.76958,30.41214],[-98.7699,30.41313],[-98.7699,30.41361],[-98.76991,30.41464],[-98.76989,30.4149],[-98.76992,30.41496],[-98.77075,30.4153],[-98.77136,30.41556],[-98.77209,30.41586],[-98.77259,30.41593],[-98.7728,30.41613],[-98.77435,30.41673],[-98.77505,30.417],[-98.77531,30.41741],[-98.77544,30.41961],[-98.77544,30.41965],[-98.77558,30.42166],[-98.77579,30.42207],[-98.77598,30.42221],[-98.77785,30.42274],[-98.77798,30.42285],[-98.77796,30.4234],[-98.77573,30.42773],[-98.77573,30.4281],[-98.77764,30.43005],[-98.77827,30.43028],[-98.77912,30.43046],[-98.78179,30.43078],[-98.78226,30.43084],[-98.78256,30.4308],[-98.78317,30.43047],[-98.7835,30.43047],[-98.78376,30.43054],[-98.78653,30.43099],[-98.78737,30.43099],[-98.78795,30.43076],[-98.78843,30.43042],[-98.78893,30.42968],[-98.78967,30.42909],[-98.78972,30.42906],[-98.7898,30.42881],[-98.78988,30.42853],[-98.79001,30.42832],[-98.79017,30.42821],[-98.79033,30.42816],[-98.79117,30.42822],[-98.79163,30.42825],[-98.79197,30.42823],[-98.79224,30.42819],[-98.79256,30.4281],[-98.79316,30.42793],[-98.79472,30.42728],[-98.7969,30.42645],[-98.79704,30.42671],[-98.79748,30.42794],[-98.79819,30.42959],[-98.79843,30.43062],[-98.79852,30.43123],[-98.79879,30.43187],[-98.79905,30.4321],[-98.79933,30.43214],[-98.79943,30.43225],[-98.79996,30.43244],[-98.80042,30.43261],[-98.80053,30.43275],[-98.80072,30.43297],[-98.80094,30.43325],[-98.80373,30.43377],[-98.80407,30.4339],[-98.80436,30.43406],[-98.80464,30.43428],[-98.80593,30.43538],[-98.807,30.43629],[-98.80751,30.43667],[-98.80798,30.43694],[-98.81104,30.4382],[-98.81139,30.43839],[-98.81149,30.43855],[-98.8115,30.43874],[-98.81142,30.43907],[-98.81137,30.43941],[-98.81146,30.43982],[-98.81179,30.44046],[-98.8123,30.44125],[-98.81257,30.44159],[-98.81353,30.44208],[-98.81386,30.44213],[-98.81499,30.44196],[-98.81601,30.4417],[-98.81766,30.44149],[-98.81837,30.44149],[-98.81917,30.4415],[-98.81989,30.44155],[-98.82116,30.44175],[-98.82223,30.44201],[-98.82401,30.44243],[-98.8256,30.44236],[-98.82628,30.44234],[-98.82686,30.44228],[-98.82749,30.44209],[-98.82798,30.4418],[-98.83002,30.44052],[-98.83036,30.44035],[-98.83074,30.44019],[-98.83091,30.44013],[-98.83167,30.44003],[-98.83203,30.43991],[-98.83228,30.43987],[-98.83504,30.43988],[-98.83632,30.43992],[-98.83643,30.44017],[-98.83725,30.44101],[-98.83855,30.44104],[-98.83873,30.44089],[-98.83887,30.44079],[-98.8392,30.44059],[-98.83942,30.44049],[-98.83978,30.44034],[-98.84015,30.44024],[-98.8406,30.44016],[-98.84112,30.44013],[-98.84472,30.44017],[-98.84536,30.44016],[-98.84565,30.44012],[-98.84592,30.44006],[-98.84619,30.43999],[-98.84641,30.43991],[-98.8468,30.43974],[-98.84686,30.43971],[-98.8472,30.4395],[-98.84743,30.43933],[-98.84763,30.43916],[-98.84786,30.43892],[-98.84814,30.43853],[-98.84837,30.43811],[-98.84851,30.43771],[-98.84857,30.43737],[-98.84859,30.43695],[-98.84861,30.43578],[-98.84863,30.43549],[-98.84868,30.43526],[-98.84879,30.43489],[-98.84893,30.43461],[-98.84911,30.43432],[-98.84939,30.43395],[-98.84963,30.43373],[-98.84981,30.43359],[-98.85002,30.43344],[-98.85027,30.43328],[-98.85037,30.43322],[-98.85162,30.43254],[-98.85491,30.43078],[-98.85537,30.43051],[-98.85607,30.43005],[-98.85669,30.4295],[-98.85695,30.42923],[-98.85702,30.42914],[-98.85717,30.42895],[-98.85725,30.42882],[-98.85733,30.42866],[-98.85738,30.42854],[-98.85744,30.42838],[-98.85752,30.42801],[-98.85757,30.42781],[-98.8576,30.42764],[-98.85763,30.42749],[-98.85765,30.42726],[-98.85772,30.42504],[-98.85782,30.42364],[-98.85784,30.42315],[-98.85783,30.42287],[-98.85781,30.42255],[-98.85778,30.42234],[-98.8576,30.42147],[-98.85757,30.42132],[-98.85755,30.42114],[-98.85755,30.42104],[-98.85754,30.42092],[-98.8575,30.41968],[-98.85747,30.41932],[-98.85743,30.4187],[-98.85735,30.41771],[-98.85728,30.41701],[-98.85722,30.41644],[-98.8572,30.41617],[-98.8572,30.41616],[-98.85718,30.41594],[-98.85719,30.41574],[-98.85722,30.41555],[-98.85728,30.41533],[-98.85737,30.41514],[-98.85768,30.41462],[-98.85782,30.41427],[-98.85787,30.41403],[-98.85789,30.41379],[-98.85785,30.41342],[-98.85783,30.41301],[-98.85786,30.41279],[-98.85795,30.41241],[-98.85801,30.41224],[-98.85843,30.41132],[-98.85848,30.41117],[-98.85852,30.41097],[-98.85855,30.41077],[-98.85857,30.41056],[-98.85854,30.41026],[-98.85849,30.40999],[-98.85838,30.40955],[-98.85831,30.40929],[-98.85821,30.40902],[-98.85795,30.40832],[-98.85792,30.40823],[-98.85792,30.40823],[-98.85786,30.40803],[-98.85781,30.40781],[-98.85778,30.40763],[-98.85772,30.40728],[-98.85769,30.40708],[-98.85767,30.40688],[-98.85759,30.40598],[-98.85759,30.40569],[-98.85761,30.40546],[-98.85762,30.40541],[-98.85764,30.40524],[-98.85768,30.405],[-98.85792,30.40404],[-98.85815,30.40326],[-98.85843,30.40225],[-98.8585,30.40193],[-98.85853,30.40168],[-98.85853,30.40137],[-98.85851,30.40105],[-98.85848,30.40085],[-98.8583,30.40012],[-98.85826,30.39994],[-98.85822,30.39973],[-98.8582,30.3996],[-98.85818,30.39947],[-98.85812,30.39908],[-98.85805,30.39861],[-98.85803,30.39842],[-98.85803,30.39828],[-98.85804,30.39821],[-98.85804,30.39802],[-98.85809,30.39776],[-98.85815,30.39756],[-98.85821,30.3974],[-98.85828,30.39721],[-98.85851,30.39685],[-98.85904,30.39611],[-98.85924,30.3957],[-98.85933,30.39558],[-98.85954,30.39505],[-98.85971,30.39439],[-98.85974,30.39429],[-98.85984,30.39395],[-98.85997,30.39361],[-98.86076,30.39198],[-98.86116,30.39114],[-98.86159,30.39027],[-98.86203,30.38936],[-98.86232,30.38873],[-98.86243,30.38843],[-98.86251,30.38812],[-98.86257,30.38773],[-98.86258,30.38742],[-98.86255,30.38668],[-98.86243,30.38412],[-98.86235,30.38328],[-98.86231,30.38293],[-98.86223,30.38222],[-98.86221,30.38209],[-98.86216,30.38184],[-98.86212,30.38172],[-98.86208,30.3816],[-98.86203,30.38149],[-98.86198,30.38141],[-98.86193,30.38133],[-98.86188,30.38125],[-98.86181,30.38117],[-98.8617,30.38105],[-98.86136,30.38074],[-98.86118,30.38054],[-98.8611,30.3804],[-98.86105,30.38032],[-98.86095,30.38009],[-98.86086,30.37978],[-98.8605,30.37832],[-98.86034,30.37773],[-98.86001,30.37663],[-98.85997,30.37644],[-98.85981,30.37592],[-98.85943,30.37449],[-98.85928,30.37399],[-98.85903,30.37338],[-98.8586,30.37258],[-98.85823,30.37201],[-98.8578,30.3713],[-98.85661,30.3694],[-98.85656,30.36933],[-98.85576,30.36803],[-98.85557,30.3677],[-98.85549,30.36751],[-98.85545,30.36736],[-98.85543,30.36725],[-98.85542,30.36717],[-98.85542,30.36709],[-98.85542,30.36681],[-98.85546,30.3666],[-98.85551,30.36639],[-98.85576,30.36562],[-98.85584,30.36534],[-98.85599,30.36421],[-98.8561,30.36373],[-98.85626,30.36325],[-98.85683,30.36193],[-98.85697,30.36161],[-98.85715,30.36117],[-98.85729,30.36068],[-98.85735,30.36036],[-98.85735,30.36033],[-98.85738,30.36005],[-98.85741,30.35952],[-98.85748,30.35837],[-98.85753,30.35726],[-98.85757,30.35614],[-98.85764,30.35449],[-98.85764,30.35425],[-98.85769,30.34725],[-98.85773,30.34548],[-98.85776,30.34418],[-98.8578,30.34259],[-98.85784,30.33928],[-98.85791,30.33533],[-98.85794,30.33489],[-98.85817,30.33336],[-98.85818,30.33327],[-98.85843,30.33166],[-98.85846,30.33108],[-98.85848,30.33001],[-98.85849,30.32979],[-98.85854,30.32884],[-98.85858,30.32837],[-98.85878,30.32707],[-98.85883,30.3266],[-98.85884,30.32628],[-98.85883,30.326],[-98.8588,30.32571],[-98.85877,30.32553],[-98.8587,30.32509],[-98.85868,30.32478],[-98.85867,30.32443],[-98.85872,30.32394],[-98.85881,30.3234],[-98.85882,30.32335],[-98.85934,30.32093],[-98.85943,30.32054],[-98.85947,30.32039],[-98.85973,30.31924],[-98.85995,30.31838],[-98.86134,30.31314],[-98.86135,30.31311],[-98.86141,30.3129],[-98.86152,30.31267],[-98.86166,30.31245],[-98.86184,30.31225],[-98.86205,30.31208],[-98.8623,30.31195],[-98.86259,30.31184],[-98.86269,30.31182],[-98.86295,30.31178],[-98.8642,30.31173],[-98.86444,30.31171],[-98.86467,30.31169],[-98.86481,30.31166],[-98.8649,30.31162],[-98.86507,30.31156],[-98.86518,30.3115],[-98.86527,30.31145],[-98.86538,30.31138],[-98.8655,30.31129],[-98.86576,30.31101],[-98.86586,30.31086],[-98.86595,30.31069],[-98.86604,30.31046],[-98.86647,30.30919],[-98.86651,30.30904],[-98.86666,30.30856],[-98.86671,30.30821],[-98.86673,30.30783],[-98.8667,30.30757],[-98.86663,30.30722],[-98.86653,30.30691],[-98.86623,30.30617],[-98.86611,30.30584],[-98.86592,30.30533],[-98.86557,30.30432],[-98.86548,30.3041],[-98.8654,30.30392],[-98.86531,30.30375],[-98.86515,30.30352],[-98.8649,30.30326],[-98.86457,30.30294],[-98.86441,30.30277],[-98.86431,30.3026],[-98.86427,30.3025],[-98.86423,30.30238],[-98.86423,30.30219],[-98.86425,30.30207],[-98.86432,30.30189],[-98.8644,30.30173],[-98.86459,30.30153],[-98.86497,30.30125],[-98.8651,30.30111],[-98.86522,30.30089],[-98.86531,30.30067],[-98.86575,30.29871],[-98.86625,30.29679],[-98.86647,30.29577],[-98.86651,30.29547],[-98.86652,30.29538],[-98.86657,30.2948],[-98.86653,30.29384],[-98.86646,30.29264],[-98.86644,30.29238],[-98.86642,30.29149],[-98.86644,30.29117],[-98.86642,30.29087],[-98.86643,30.29074],[-98.86646,30.29052],[-98.86651,30.29038],[-98.86658,30.29021],[-98.86665,30.29008],[-98.86678,30.28991],[-98.86718,30.28944],[-98.86754,30.28906],[-98.86787,30.28868],[-98.86796,30.28861],[-98.86827,30.28826],[-98.86831,30.28821],[-98.86872,30.28779],[-98.86916,30.28737],[-98.86932,30.28722],[-98.86959,30.28696],[-98.86994,30.28659],[-98.87048,30.28606],[-98.87136,30.28513],[-98.87222,30.28421],[-98.87256,30.28384],[-98.87308,30.2833],[-98.87392,30.28242],[-98.8748,30.28148],[-98.87507,30.2812],[-98.87525,30.28102],[-98.87536,30.2809],[-98.87594,30.28029],[-98.87635,30.27986],[-98.87728,30.27891],[-98.87738,30.2788],[-98.87727,30.27872],[-98.87594,30.27775],[-98.87579,30.27765],[-98.87571,30.27759],[-98.87562,30.27752],[-98.87531,30.27729],[-98.87495,30.27704],[-98.87433,30.27658],[-98.87422,30.2765],[-98.87414,30.27644],[-98.87404,30.27637],[-98.87391,30.27627],[-98.87357,30.27603],[-98.8732,30.27577],[-98.87239,30.27517],[-98.8723,30.27509],[-98.87219,30.2752],[-98.8721,30.2753]]}},{"type":"Feature","properties":{"route":"Devil's Backbone Scenic Ridge","category":"Twisties & Canyons","color":"#e74c3c","waypoints":["Wimberley","Fischer","Blanco"],"via":"RM 12 -> RM 32 -> US 281","distance_mi":34.3,"source":"road-snapped","id":"devil-s-backbone-scenic-ridge"},"geometry":{"type":"LineString","coordinates":[[-98.09864,29.99746],[-98.09847,29.99736],[-98.09829,29.99724],[-98.098,29.99706],[-98.09777,29.99693],[-98.09724,29.99665],[-98.09712,29.99658],[-98.09706,29.99655],[-98.09692,29.99644],[-98.09676,29.99631],[-98.09668,29.99628],[-98.0966,29.99627],[-98.09659,29.99628],[-98.09651,29.99629],[-98.09635,29.99633],[-98.0962,29.99638],[-98.096,29.99635],[-98.09542,29.99617],[-98.09529,29.99612],[-98.0951,29.99606],[-98.09491,29.996],[-98.09452,29.99588],[-98.09448,29.99586],[-98.09418,29.99577],[-98.09417,29.99576],[-98.09403,29.99572],[-98.09363,29.99558],[-98.09311,29.99542],[-98.09287,29.99534],[-98.09232,29.99516],[-98.09214,29.9951],[-98.09181,29.99501],[-98.09128,29.99484],[-98.0909,29.99472],[-98.09081,29.99469],[-98.0905,29.99459],[-98.09046,29.99458],[-98.09026,29.99452],[-98.09017,29.99449],[-98.09006,29.99445],[-98.09001,29.99444],[-98.08992,29.99441],[-98.08989,29.99439],[-98.08958,29.99426],[-98.08939,29.99416],[-98.08922,29.99405],[-98.08905,29.99392],[-98.0889,29.9938],[-98.08866,29.99359],[-98.08844,29.99335],[-98.08817,29.99297],[-98.08805,29.99278],[-98.0879,29.99237],[-98.08784,29.99217],[-98.0878,29.9919],[-98.08778,29.99157],[-98.08782,29.99112],[-98.08785,29.99078],[-98.08788,29.99066],[-98.0881,29.98988],[-98.08831,29.98913],[-98.08853,29.98832],[-98.08888,29.98713],[-98.08905,29.98668],[-98.08927,29.98624],[-98.08947,29.98593],[-98.08956,29.98582],[-98.08965,29.98572],[-98.08991,29.98544],[-98.08998,29.98537],[-98.09081,29.98464],[-98.09101,29.98446],[-98.09128,29.98422],[-98.09195,29.98363],[-98.0923,29.98333],[-98.09263,29.98301],[-98.09298,29.98264],[-98.09326,29.98227],[-98.09338,29.98204],[-98.09353,29.98177],[-98.09372,29.98134],[-98.09385,29.98088],[-98.09391,29.98043],[-98.09392,29.97998],[-98.09385,29.97938],[-98.09382,29.9793],[-98.09378,29.97909],[-98.09372,29.97885],[-98.09369,29.9787],[-98.09359,29.9783],[-98.09354,29.97812],[-98.09346,29.97777],[-98.09331,29.97717],[-98.09297,29.97578],[-98.09289,29.97543],[-98.09277,29.97457],[-98.09275,29.97431],[-98.09275,29.97382],[-98.09275,29.97365],[-98.09279,29.97239],[-98.0928,29.972],[-98.09277,29.97132],[-98.09273,29.97045],[-98.0927,29.97028],[-98.09263,29.96995],[-98.0925,29.96944],[-98.09239,29.96897],[-98.09174,29.96641],[-98.09172,29.96634],[-98.09171,29.9663],[-98.09168,29.96616],[-98.09159,29.9657],[-98.09159,29.96564],[-98.09158,29.96542],[-98.09163,29.96501],[-98.09169,29.96471],[-98.09197,29.96404],[-98.09233,29.96357],[-98.09251,29.96335],[-98.09266,29.96317],[-98.09305,29.96272],[-98.09338,29.96228],[-98.0939,29.96171],[-98.09394,29.96167],[-98.09435,29.96117],[-98.09453,29.96094],[-98.09465,29.96078],[-98.0948,29.96056],[-98.09493,29.96032],[-98.095,29.9602],[-98.09517,29.95989],[-98.09523,29.95968],[-98.09529,29.95933],[-98.0953,29.95899],[-98.09527,29.95873],[-98.09515,29.9582],[-98.09514,29.95811],[-98.09501,29.95778],[-98.09494,29.95763],[-98.09478,29.95727],[-98.09456,29.95669],[-98.09449,29.95641],[-98.09442,29.95585],[-98.09443,29.95555],[-98.09444,29.95527],[-98.09449,29.95495],[-98.09455,29.95436],[-98.09455,29.95396],[-98.09452,29.95366],[-98.09448,29.95335],[-98.09442,29.9531],[-98.09432,29.95283],[-98.09428,29.9527],[-98.09406,29.95212],[-98.09366,29.95106],[-98.09355,29.95071],[-98.09352,29.95047],[-98.09349,29.95021],[-98.09346,29.94988],[-98.09354,29.94944],[-98.09357,29.94903],[-98.09362,29.94879],[-98.09362,29.9483],[-98.09361,29.9478],[-98.09358,29.94756],[-98.09347,29.94707],[-98.09333,29.9466],[-98.09331,29.94652],[-98.09328,29.94641],[-98.09289,29.94489],[-98.09268,29.94408],[-98.09255,29.9436],[-98.09234,29.94307],[-98.09227,29.94294],[-98.09219,29.9428],[-98.09196,29.94247],[-98.09224,29.94231],[-98.09238,29.94222],[-98.0925,29.94215],[-98.09272,29.94202],[-98.09298,29.94188],[-98.09337,29.94173],[-98.09354,29.94167],[-98.0937,29.94161],[-98.09396,29.94158],[-98.09439,29.94157],[-98.09465,29.94162],[-98.09495,29.94167],[-98.09542,29.9417],[-98.09598,29.94174],[-98.09653,29.94176],[-98.09689,29.94176],[-98.09711,29.94175],[-98.09773,29.9417],[-98.09808,29.94166],[-98.09881,29.94151],[-98.0989,29.94149],[-98.09935,29.94137],[-98.09995,29.9412],[-98.10009,29.94116],[-98.10123,29.94084],[-98.1016,29.94074],[-98.10168,29.94072],[-98.10179,29.94069],[-98.10259,29.94045],[-98.10265,29.94043],[-98.1038,29.94011],[-98.10403,29.94004],[-98.10408,29.94003],[-98.10441,29.93994],[-98.10464,29.93988],[-98.10546,29.93964],[-98.10588,29.93952],[-98.1063,29.9394],[-98.10675,29.93928],[-98.1071,29.93918],[-98.1072,29.93916],[-98.10871,29.93874],[-98.10925,29.93859],[-98.11089,29.93813],[-98.11154,29.93795],[-98.11187,29.93786],[-98.11206,29.93781],[-98.11248,29.9377],[-98.1128,29.9376],[-98.1133,29.93745],[-98.11342,29.93742],[-98.11361,29.93737],[-98.11407,29.93725],[-98.11415,29.93722],[-98.11441,29.93714],[-98.1157,29.93679],[-98.11698,29.93643],[-98.11808,29.93613],[-98.1185,29.93605],[-98.11921,29.93581],[-98.11994,29.9356],[-98.12012,29.93555],[-98.12134,29.93522],[-98.12194,29.93505],[-98.12366,29.93456],[-98.12368,29.93455],[-98.124,29.93446],[-98.12461,29.93429],[-98.12477,29.93424],[-98.12523,29.93412],[-98.12567,29.93401],[-98.12601,29.93394],[-98.1263,29.93387],[-98.12682,29.93377],[-98.12693,29.93375],[-98.12706,29.93373],[-98.12758,29.93363],[-98.12776,29.93361],[-98.12854,29.93352],[-98.12926,29.93347],[-98.12993,29.93345],[-98.13012,29.93344],[-98.13083,29.93344],[-98.13102,29.93344],[-98.13226,29.93346],[-98.13247,29.93347],[-98.13366,29.9335],[-98.13382,29.9335],[-98.134,29.93351],[-98.13445,29.93352],[-98.13459,29.93352],[-98.13498,29.93354],[-98.13535,29.93355],[-98.13614,29.93357],[-98.13707,29.93359],[-98.13793,29.93362],[-98.13828,29.93363],[-98.13873,29.93364],[-98.13933,29.93365],[-98.13998,29.93367],[-98.14078,29.93369],[-98.14106,29.9337],[-98.14199,29.93372],[-98.14219,29.93373],[-98.14319,29.93377],[-98.14334,29.93377],[-98.14396,29.93381],[-98.14416,29.93384],[-98.14426,29.93385],[-98.1443,29.93385],[-98.14526,29.93397],[-98.14556,29.934],[-98.14561,29.93401],[-98.14595,29.93406],[-98.14656,29.93414],[-98.14666,29.93416],[-98.14724,29.93423],[-98.14754,29.93427],[-98.14773,29.93429],[-98.14803,29.93433],[-98.14811,29.93434],[-98.14876,29.93441],[-98.14885,29.93442],[-98.14914,29.93444],[-98.14972,29.93446],[-98.15024,29.93444],[-98.15067,29.93441],[-98.15095,29.93438],[-98.15101,29.93437],[-98.15128,29.93435],[-98.15159,29.93432],[-98.15218,29.93427],[-98.15272,29.93422],[-98.15359,29.93412],[-98.15368,29.93411],[-98.15477,29.93389],[-98.15588,29.93366],[-98.15638,29.93357],[-98.15705,29.9335],[-98.15741,29.9335],[-98.15809,29.93355],[-98.15843,29.93359],[-98.15879,29.93365],[-98.15888,29.93367],[-98.15955,29.93381],[-98.15985,29.93385],[-98.16017,29.93386],[-98.16046,29.93384],[-98.16073,29.93379],[-98.16096,29.93375],[-98.16124,29.93365],[-98.16169,29.9335],[-98.16185,29.93345],[-98.16216,29.93336],[-98.16235,29.93333],[-98.16258,29.93332],[-98.1629,29.9333],[-98.1634,29.93329],[-98.16363,29.93327],[-98.16391,29.93323],[-98.16414,29.93317],[-98.16437,29.9331],[-98.16475,29.93293],[-98.16496,29.93286],[-98.16519,29.93278],[-98.16552,29.9327],[-98.16581,29.93267],[-98.16601,29.93265],[-98.16642,29.93268],[-98.16663,29.93271],[-98.16695,29.93277],[-98.16714,29.9328],[-98.16742,29.93284],[-98.16768,29.93285],[-98.16792,29.93283],[-98.16816,29.93279],[-98.16831,29.93275],[-98.16853,29.93267],[-98.16867,29.93259],[-98.16925,29.9322],[-98.16966,29.93194],[-98.17012,29.93177],[-98.17038,29.93172],[-98.17066,29.93168],[-98.17098,29.93164],[-98.17121,29.93162],[-98.17148,29.93158],[-98.17175,29.93154],[-98.17189,29.93151],[-98.17198,29.93149],[-98.17221,29.93141],[-98.17412,29.93067],[-98.17438,29.93059],[-98.17455,29.93056],[-98.17479,29.93053],[-98.175,29.93052],[-98.17524,29.93053],[-98.17545,29.93055],[-98.17578,29.93061],[-98.17609,29.93068],[-98.17688,29.93094],[-98.17773,29.93111],[-98.17794,29.93116],[-98.17842,29.93121],[-98.17884,29.93125],[-98.17938,29.93127],[-98.17976,29.93126],[-98.18023,29.93124],[-98.18082,29.93118],[-98.18127,29.93112],[-98.18227,29.93093],[-98.18388,29.93062],[-98.18414,29.93058],[-98.18464,29.93052],[-98.18497,29.93049],[-98.18558,29.93048],[-98.18597,29.93049],[-98.18608,29.93049],[-98.18651,29.93052],[-98.187,29.93058],[-98.18744,29.93064],[-98.18776,29.93071],[-98.18791,29.93074],[-98.18824,29.93083],[-98.18863,29.93094],[-98.18906,29.93108],[-98.18911,29.93111],[-98.18934,29.93119],[-98.1897,29.93135],[-98.1899,29.93144],[-98.19007,29.93152],[-98.19014,29.93155],[-98.19036,29.93167],[-98.19065,29.93184],[-98.19104,29.93207],[-98.19142,29.9323],[-98.19168,29.93247],[-98.19216,29.93276],[-98.19251,29.93302],[-98.19385,29.93378],[-98.19478,29.93428],[-98.19593,29.93473],[-98.19728,29.93513],[-98.19771,29.93526],[-98.2005,29.93612],[-98.20052,29.93613],[-98.20108,29.93632],[-98.20152,29.93649],[-98.20182,29.93663],[-98.20205,29.93674],[-98.20249,29.93697],[-98.20285,29.93718],[-98.20322,29.93743],[-98.20364,29.93775],[-98.20386,29.93791],[-98.20435,29.9383],[-98.2049,29.93871],[-98.20611,29.93963],[-98.20618,29.93969],[-98.20665,29.94005],[-98.20788,29.94098],[-98.20798,29.94106],[-98.20815,29.94119],[-98.20848,29.94142],[-98.20874,29.94161],[-98.21004,29.9426],[-98.21172,29.94388],[-98.21179,29.94393],[-98.21261,29.94456],[-98.21316,29.94498],[-98.21342,29.94518],[-98.21385,29.94549],[-98.21393,29.94555],[-98.21413,29.94568],[-98.21431,29.9458],[-98.21508,29.94629],[-98.21593,29.94676],[-98.2161,29.94684],[-98.21791,29.94777],[-98.21841,29.94804],[-98.21874,29.94822],[-98.21928,29.94852],[-98.22028,29.94905],[-98.22341,29.9507],[-98.22396,29.95099],[-98.22419,29.95111],[-98.22519,29.95165],[-98.22561,29.95188],[-98.22604,29.95216],[-98.22635,29.95239],[-98.22647,29.95249],[-98.22678,29.95277],[-98.22702,29.953],[-98.22714,29.95314],[-98.22736,29.95339],[-98.22748,29.95354],[-98.22772,29.95389],[-98.22784,29.95406],[-98.22806,29.95447],[-98.22825,29.95488],[-98.22834,29.95511],[-98.2289,29.95656],[-98.22894,29.95666],[-98.22898,29.95676],[-98.22913,29.95718],[-98.22959,29.95838],[-98.23015,29.95986],[-98.23021,29.96001],[-98.23023,29.96006],[-98.23029,29.96025],[-98.23108,29.96229],[-98.23151,29.96341],[-98.23193,29.96451],[-98.23213,29.96493],[-98.23217,29.965],[-98.23238,29.96537],[-98.23263,29.96576],[-98.23302,29.96639],[-98.23326,29.96677],[-98.23346,29.96708],[-98.23385,29.96768],[-98.23421,29.96815],[-98.23447,29.96841],[-98.23457,29.96851],[-98.23501,29.96888],[-98.23525,29.96907],[-98.23568,29.96933],[-98.23624,29.9696],[-98.23652,29.96974],[-98.23666,29.9698],[-98.23708,29.96993],[-98.23731,29.96999],[-98.23767,29.97007],[-98.23792,29.97013],[-98.23825,29.97016],[-98.23829,29.97017],[-98.23853,29.97019],[-98.2388,29.9702],[-98.23902,29.9702],[-98.23922,29.9702],[-98.23956,29.97018],[-98.23991,29.97014],[-98.2401,29.97011],[-98.24038,29.97007],[-98.24108,29.96998],[-98.24117,29.96997],[-98.24157,29.96991],[-98.24189,29.96988],[-98.24214,29.96985],[-98.24267,29.96983],[-98.24342,29.96983],[-98.24358,29.96984],[-98.24367,29.96985],[-98.24389,29.96987],[-98.24456,29.96996],[-98.24499,29.97003],[-98.24528,29.9701],[-98.24534,29.97011],[-98.24573,29.97022],[-98.24595,29.97029],[-98.24624,29.97036],[-98.24659,29.97048],[-98.24858,29.9711],[-98.24872,29.97114],[-98.24948,29.97137],[-98.25227,29.97223],[-98.25328,29.97255],[-98.25376,29.97263],[-98.254,29.97268],[-98.2545,29.9728],[-98.25586,29.9731],[-98.25697,29.97336],[-98.25701,29.97337],[-98.25713,29.9734],[-98.25731,29.97344],[-98.25833,29.97367],[-98.26141,29.97435],[-98.26226,29.97456],[-98.26244,29.9746],[-98.26291,29.9747],[-98.26313,29.97474],[-98.26361,29.97485],[-98.26426,29.975],[-98.26456,29.97507],[-98.2654,29.97526],[-98.26664,29.97554],[-98.26742,29.97572],[-98.26861,29.97598],[-98.26939,29.97618],[-98.27127,29.9766],[-98.27235,29.97684],[-98.27258,29.9769],[-98.27335,29.97707],[-98.27369,29.97714],[-98.27472,29.97738],[-98.27544,29.97759],[-98.27585,29.97774],[-98.27588,29.97775],[-98.27609,29.97783],[-98.27647,29.978],[-98.27679,29.97815],[-98.27684,29.97818],[-98.27715,29.97835],[-98.27748,29.97855],[-98.27758,29.97861],[-98.27783,29.97878],[-98.27816,29.97901],[-98.27825,29.97908],[-98.27833,29.97913],[-98.27899,29.97961],[-98.27957,29.98002],[-98.27972,29.98012],[-98.27974,29.98013],[-98.27991,29.98024],[-98.28016,29.98039],[-98.28088,29.98081],[-98.2814,29.98109],[-98.28161,29.98121],[-98.28213,29.98147],[-98.2838,29.98231],[-98.28484,29.98284],[-98.28506,29.98295],[-98.28511,29.98297],[-98.28601,29.98343],[-98.28706,29.98397],[-98.28746,29.98416],[-98.28774,29.98431],[-98.29269,29.98682],[-98.29374,29.98736],[-98.29652,29.98877],[-98.2968,29.98891],[-98.29727,29.98915],[-98.30021,29.99065],[-98.30041,29.99075],[-98.30117,29.99113],[-98.30128,29.99119],[-98.30168,29.99141],[-98.30217,29.9917],[-98.30251,29.99192],[-98.30271,29.99207],[-98.30285,29.99217],[-98.30302,29.99231],[-98.30314,29.99241],[-98.30335,29.99259],[-98.3035,29.99272],[-98.304,29.99326],[-98.30449,29.99384],[-98.30456,29.99397],[-98.30478,29.99431],[-98.30514,29.99484],[-98.30517,29.99489],[-98.30541,29.99525],[-98.30553,29.99544],[-98.30577,29.9958],[-98.30629,29.99659],[-98.30701,29.99768],[-98.30711,29.99784],[-98.30717,29.99792],[-98.3081,29.99932],[-98.30845,29.99987],[-98.3086,30.00012],[-98.30899,30.00073],[-98.30906,30.00081],[-98.30916,30.00094],[-98.30925,30.00106],[-98.30942,30.00127],[-98.30956,30.00142],[-98.30998,30.00184],[-98.31033,30.00216],[-98.31059,30.00236],[-98.31086,30.00258],[-98.31112,30.00278],[-98.3112,30.00285],[-98.31187,30.00334],[-98.31189,30.00335],[-98.31216,30.00357],[-98.31296,30.00417],[-98.31308,30.00426],[-98.3132,30.00434],[-98.31359,30.00463],[-98.31574,30.00626],[-98.31634,30.00673],[-98.31652,30.00686],[-98.31923,30.00893],[-98.31975,30.00933],[-98.3202,30.00967],[-98.32073,30.0101],[-98.32077,30.01013],[-98.32113,30.01043],[-98.32147,30.01073],[-98.32155,30.01081],[-98.32188,30.01111],[-98.32254,30.01178],[-98.32294,30.01218],[-98.3234,30.01264],[-98.3235,30.01273],[-98.32419,30.01344],[-98.32482,30.01407],[-98.32493,30.01419],[-98.32631,30.01557],[-98.3269,30.01614],[-98.32738,30.01661],[-98.32773,30.01698],[-98.32841,30.01769],[-98.3287,30.01802],[-98.32897,30.01836],[-98.32915,30.01863],[-98.33042,30.02051],[-98.33054,30.02069],[-98.33056,30.02072],[-98.33058,30.02076],[-98.3307,30.02094],[-98.33107,30.0215],[-98.3311,30.02154],[-98.33117,30.02165],[-98.33219,30.02322],[-98.33226,30.02314],[-98.33333,30.02209],[-98.33351,30.02193],[-98.33369,30.02179],[-98.33389,30.02166],[-98.3341,30.02154],[-98.33431,30.02143],[-98.33454,30.02134],[-98.33477,30.02126],[-98.33501,30.02119],[-98.33525,30.02114],[-98.33537,30.02112],[-98.33563,30.02108],[-98.33626,30.02099],[-98.33682,30.0209],[-98.33727,30.02084],[-98.33764,30.0208],[-98.33788,30.02078],[-98.33896,30.02076],[-98.33982,30.02071],[-98.34032,30.02066],[-98.34081,30.0206],[-98.34117,30.02054],[-98.3413,30.02051],[-98.34179,30.02041],[-98.34226,30.02029],[-98.34279,30.02014],[-98.34326,30.01998],[-98.34342,30.01992],[-98.34371,30.01981],[-98.34416,30.01963],[-98.34508,30.01919],[-98.34524,30.01912],[-98.34574,30.01889],[-98.34956,30.01713],[-98.35123,30.01634],[-98.35184,30.01607],[-98.35195,30.01602],[-98.35252,30.01576],[-98.35339,30.01535],[-98.35376,30.01516],[-98.35412,30.01494],[-98.35448,30.01472],[-98.35493,30.01439],[-98.3551,30.01427],[-98.3572,30.01271],[-98.358,30.01211],[-98.35897,30.0114],[-98.35917,30.01127],[-98.35938,30.01116],[-98.35959,30.01106],[-98.35982,30.01097],[-98.35993,30.01094],[-98.36021,30.01087],[-98.36038,30.01084],[-98.36067,30.01079],[-98.36096,30.01076],[-98.36178,30.01074],[-98.36641,30.01064],[-98.36714,30.01063],[-98.36744,30.01061],[-98.36774,30.01057],[-98.36798,30.01053],[-98.36827,30.01045],[-98.36838,30.01041],[-98.36868,30.0103],[-98.36895,30.01017],[-98.3692,30.01002],[-98.36945,30.00986],[-98.36967,30.00967],[-98.36988,30.00947],[-98.37007,30.00925],[-98.37023,30.00903],[-98.37037,30.0088],[-98.37048,30.00856],[-98.37058,30.00831],[-98.37063,30.00812],[-98.37068,30.00792],[-98.37069,30.00781],[-98.3707,30.00759],[-98.37065,30.00609],[-98.37065,30.00589],[-98.37064,30.00517],[-98.37061,30.00426],[-98.37055,30.00188],[-98.37053,30.00141],[-98.37051,30.00076],[-98.37051,30.00042],[-98.37054,30.0001],[-98.37058,29.99987],[-98.37063,29.9997],[-98.37075,29.99939],[-98.37088,29.99914],[-98.371,29.99895],[-98.37117,29.99872],[-98.37135,29.9985],[-98.37152,29.99834],[-98.37174,29.99816],[-98.37198,29.99799],[-98.37224,29.99784],[-98.37245,29.99773],[-98.37266,29.99764],[-98.37289,29.99757],[-98.37329,29.99746],[-98.37353,29.99742],[-98.37378,29.99739],[-98.37402,29.99737],[-98.37427,29.99737],[-98.37501,29.9974],[-98.37641,29.99744],[-98.37739,29.99747],[-98.37758,29.99746],[-98.37782,29.99744],[-98.37807,29.99741],[-98.37831,29.99736],[-98.37854,29.99729],[-98.37877,29.99721],[-98.379,29.99712],[-98.37921,29.99701],[-98.37954,29.99684],[-98.37966,29.99677],[-98.38186,29.99542],[-98.38392,29.99417],[-98.38412,29.99405],[-98.38434,29.99395],[-98.38456,29.99386],[-98.38479,29.99379],[-98.38502,29.99373],[-98.38526,29.99368],[-98.38556,29.99364],[-98.38586,29.99361],[-98.38616,29.99361],[-98.38646,29.99363],[-98.39085,29.99387],[-98.3922,29.99394],[-98.39248,29.99397],[-98.39271,29.99401],[-98.39293,29.99405],[-98.39301,29.99409],[-98.39323,29.99415],[-98.39351,29.99427],[-98.39366,29.99434],[-98.39378,29.9944],[-98.39385,29.99444],[-98.39404,29.99455],[-98.39491,29.99509],[-98.39542,29.99544],[-98.39574,29.99568],[-98.39598,29.99589],[-98.39605,29.99594],[-98.39634,29.99621],[-98.39657,29.99646],[-98.39851,29.99859],[-98.39871,29.99879],[-98.39894,29.99897],[-98.39918,29.99914],[-98.40401,30.00196],[-98.40417,30.00204],[-98.40433,30.0021],[-98.4045,30.00216],[-98.40467,30.0022],[-98.40485,30.00223],[-98.40503,30.00226],[-98.40509,30.00226],[-98.40537,30.00227],[-98.40553,30.00227],[-98.40553,30.00269],[-98.40554,30.00469],[-98.40554,30.00542],[-98.40554,30.00635],[-98.40556,30.00748],[-98.40556,30.00784],[-98.40557,30.0098],[-98.40559,30.01085],[-98.40562,30.0127],[-98.40563,30.013],[-98.40566,30.01343],[-98.40571,30.01387],[-98.40578,30.0143],[-98.40583,30.01452],[-98.40608,30.01545],[-98.4062,30.01592],[-98.40643,30.01677],[-98.40708,30.01917],[-98.40736,30.02018],[-98.40843,30.02413],[-98.40875,30.02532],[-98.40967,30.02869],[-98.40974,30.02896],[-98.40998,30.02985],[-98.41021,30.03068],[-98.4105,30.03177],[-98.41066,30.03234],[-98.4109,30.03322],[-98.41096,30.03345],[-98.41129,30.03468],[-98.41145,30.03537],[-98.41154,30.0358],[-98.41156,30.036],[-98.41159,30.03623],[-98.41163,30.03669],[-98.41164,30.03677],[-98.41165,30.03726],[-98.41165,30.03759],[-98.41165,30.03762],[-98.41164,30.03795],[-98.41162,30.03858],[-98.4116,30.03946],[-98.41159,30.04031],[-98.41158,30.04073],[-98.41157,30.04119],[-98.41156,30.04181],[-98.41154,30.04414],[-98.41153,30.04494],[-98.4115,30.04585],[-98.41148,30.04697],[-98.41148,30.04728],[-98.41146,30.04785],[-98.41146,30.0479],[-98.41142,30.04971],[-98.41141,30.05029],[-98.41139,30.05066],[-98.41139,30.05108],[-98.41139,30.05127],[-98.41133,30.05348],[-98.41132,30.05391],[-98.41131,30.05493],[-98.4113,30.05545],[-98.41129,30.05571],[-98.41127,30.05653],[-98.41123,30.05687],[-98.41123,30.05817],[-98.41121,30.0595],[-98.4112,30.05995],[-98.41119,30.06056],[-98.41114,30.06226],[-98.4111,30.06323],[-98.41108,30.06382],[-98.41107,30.06406],[-98.41107,30.06413],[-98.41106,30.06415],[-98.41106,30.0642],[-98.41105,30.0645],[-98.41103,30.06514],[-98.41102,30.06529],[-98.41101,30.06573],[-98.41098,30.0666],[-98.41097,30.06708],[-98.41096,30.06737],[-98.4108,30.06897],[-98.41076,30.06952],[-98.41074,30.07016],[-98.41071,30.07087],[-98.41069,30.07158],[-98.41069,30.07181],[-98.41067,30.07208],[-98.41067,30.07235],[-98.4107,30.07262],[-98.41074,30.07289],[-98.41079,30.07315],[-98.41082,30.07326],[-98.41094,30.07355],[-98.41106,30.07386],[-98.41111,30.07397],[-98.41128,30.07442],[-98.41145,30.07474],[-98.41159,30.07501],[-98.41177,30.0753],[-98.41194,30.07555],[-98.41212,30.07579],[-98.41268,30.07645],[-98.41273,30.07651],[-98.41308,30.07692],[-98.41329,30.07717],[-98.41338,30.07727],[-98.41346,30.07737],[-98.4139,30.07789],[-98.41459,30.07868],[-98.41508,30.07924],[-98.41517,30.07935],[-98.41545,30.07968],[-98.41748,30.08204],[-98.41782,30.08245],[-98.41787,30.08251],[-98.41814,30.08289],[-98.41836,30.08319],[-98.41844,30.0833],[-98.41864,30.08361],[-98.41889,30.084],[-98.41899,30.08417],[-98.41916,30.08446],[-98.41993,30.08599],[-98.42038,30.0869],[-98.42044,30.08704],[-98.42084,30.08786],[-98.42085,30.08787],[-98.42113,30.08846],[-98.42194,30.09012],[-98.42264,30.09148],[-98.42326,30.09272],[-98.42336,30.09295],[-98.42343,30.09316],[-98.42348,30.09337],[-98.42352,30.09358],[-98.42355,30.09385],[-98.42355,30.09404],[-98.42354,30.09431],[-98.42351,30.09453],[-98.42348,30.09464],[-98.42347,30.09468],[-98.42343,30.09484],[-98.42336,30.09505],[-98.42329,30.0952],[-98.42292,30.09609],[-98.42287,30.09622],[-98.4228,30.09639],[-98.42255,30.09701],[-98.42219,30.09794],[-98.42181,30.09883],[-98.42129,30.09867]]}},{"type":"Feature","properties":{"route":"Balcones Escarpment Twisties","category":"Twisties & Canyons","color":"#e74c3c","waypoints":["Marble Falls","Cow Creek","Liberty Hill"],"via":"FM 1431 -> Cow Creek Rd (FM 1174) -> RM 1869","distance_mi":29.1,"source":"road-snapped","id":"balcones-escarpment-twisties"},"geometry":{"type":"LineString","coordinates":[[-98.27851,30.57859],[-98.27835,30.57851],[-98.27767,30.57818],[-98.27736,30.57864],[-98.27727,30.57874],[-98.27711,30.57905],[-98.27707,30.57912],[-98.27657,30.57987],[-98.27654,30.57992],[-98.27644,30.58006],[-98.27633,30.58],[-98.27612,30.5799],[-98.27609,30.57988],[-98.27585,30.57977],[-98.27534,30.57953],[-98.2751,30.5794],[-98.27491,30.5793],[-98.27482,30.57926],[-98.27478,30.57924],[-98.27444,30.57906],[-98.27426,30.57897],[-98.27387,30.5788],[-98.27381,30.57878],[-98.27371,30.57872],[-98.27366,30.5787],[-98.27356,30.57865],[-98.27343,30.57858],[-98.27318,30.57844],[-98.27294,30.57834],[-98.27282,30.57829],[-98.27265,30.5782],[-98.2725,30.57812],[-98.27246,30.5781],[-98.27225,30.578],[-98.27199,30.57787],[-98.2709,30.57736],[-98.26976,30.57679],[-98.26927,30.57656],[-98.26922,30.57654],[-98.26866,30.57625],[-98.26813,30.57598],[-98.2681,30.57597],[-98.26758,30.5757],[-98.26741,30.57562],[-98.26723,30.57554],[-98.26694,30.57548],[-98.26662,30.57544],[-98.2665,30.57544],[-98.26638,30.57544],[-98.26632,30.57545],[-98.26623,30.57546],[-98.26608,30.57548],[-98.26508,30.57563],[-98.26492,30.57566],[-98.26443,30.57572],[-98.2641,30.57577],[-98.26394,30.57579],[-98.2636,30.57584],[-98.26346,30.57586],[-98.26336,30.57587],[-98.26315,30.5759],[-98.26061,30.57629],[-98.25965,30.57641],[-98.25887,30.57654],[-98.25871,30.57655],[-98.25833,30.57659],[-98.25795,30.57662],[-98.25791,30.57662],[-98.25779,30.57662],[-98.25754,30.57662],[-98.25722,30.5766],[-98.25698,30.57656],[-98.25671,30.57649],[-98.25647,30.57641],[-98.25598,30.5762],[-98.25591,30.57617],[-98.25549,30.57599],[-98.25543,30.57596],[-98.25509,30.57582],[-98.25382,30.57526],[-98.25376,30.57523],[-98.25369,30.5752],[-98.25181,30.57434],[-98.25106,30.57401],[-98.25048,30.57375],[-98.25027,30.57368],[-98.24993,30.5736],[-98.24975,30.57355],[-98.24961,30.57352],[-98.2494,30.57347],[-98.24919,30.57343],[-98.24775,30.57327],[-98.24686,30.57314],[-98.24645,30.57308],[-98.24623,30.57303],[-98.24597,30.57295],[-98.24553,30.57274],[-98.24495,30.57242],[-98.2446,30.57222],[-98.24434,30.57209],[-98.24407,30.57199],[-98.24383,30.57192],[-98.24198,30.57143],[-98.24176,30.57138],[-98.24081,30.57115],[-98.24027,30.57102],[-98.23976,30.57089],[-98.23962,30.57084],[-98.23922,30.57074],[-98.23899,30.5707],[-98.23889,30.57068],[-98.23872,30.57067],[-98.23862,30.57066],[-98.23839,30.57067],[-98.23823,30.57067],[-98.23797,30.57069],[-98.23773,30.57074],[-98.23746,30.57082],[-98.2373,30.5709],[-98.23709,30.571],[-98.23707,30.57101],[-98.23684,30.57115],[-98.23667,30.57128],[-98.23653,30.5714],[-98.23621,30.57181],[-98.23604,30.57205],[-98.23431,30.57473],[-98.2341,30.57505],[-98.23408,30.57508],[-98.2337,30.57559],[-98.23336,30.57613],[-98.23266,30.57691],[-98.2322,30.57736],[-98.23064,30.57876],[-98.2304,30.57898],[-98.2298,30.57956],[-98.22928,30.5802],[-98.22881,30.58074],[-98.22801,30.58176],[-98.22676,30.58324],[-98.22656,30.58344],[-98.22652,30.58348],[-98.22621,30.58376],[-98.22562,30.58419],[-98.22444,30.5849],[-98.22412,30.58508],[-98.22375,30.58526],[-98.22345,30.58537],[-98.22316,30.58546],[-98.22263,30.58564],[-98.22257,30.58565],[-98.22194,30.58575],[-98.22094,30.58587],[-98.2194,30.58607],[-98.21848,30.58618],[-98.2181,30.58622],[-98.21721,30.58629],[-98.21605,30.58636],[-98.21572,30.58638],[-98.21463,30.58643],[-98.21307,30.58653],[-98.21085,30.58658],[-98.20961,30.58661],[-98.20952,30.58663],[-98.2091,30.58669],[-98.20858,30.58684],[-98.20761,30.58726],[-98.20581,30.58802],[-98.20516,30.58827],[-98.20515,30.58827],[-98.20458,30.58841],[-98.20391,30.58853],[-98.20309,30.58858],[-98.2018,30.58867],[-98.20063,30.58874],[-98.19986,30.5887],[-98.19875,30.58854],[-98.19811,30.5884],[-98.19722,30.5882],[-98.19676,30.5881],[-98.19601,30.58794],[-98.19557,30.58784],[-98.19507,30.58777],[-98.19428,30.58775],[-98.19388,30.58769],[-98.19352,30.58759],[-98.19332,30.58752],[-98.19276,30.58727],[-98.19228,30.58704],[-98.19183,30.58684],[-98.19129,30.5867],[-98.19088,30.58666],[-98.19045,30.58664],[-98.19003,30.58665],[-98.18896,30.58671],[-98.18872,30.58673],[-98.18714,30.58687],[-98.18628,30.58694],[-98.18586,30.58698],[-98.1844,30.5871],[-98.18391,30.58714],[-98.18389,30.58715],[-98.18343,30.58722],[-98.18295,30.58734],[-98.18248,30.58754],[-98.18201,30.5878],[-98.18158,30.58809],[-98.1812,30.58845],[-98.18043,30.58921],[-98.1802,30.58943],[-98.17989,30.58971],[-98.17943,30.58997],[-98.17937,30.59],[-98.1789,30.5902],[-98.17844,30.59033],[-98.17813,30.59038],[-98.17781,30.59041],[-98.17751,30.59042],[-98.17712,30.59041],[-98.17677,30.59038],[-98.1764,30.5903],[-98.17608,30.59021],[-98.17576,30.59007],[-98.17553,30.58997],[-98.17539,30.58988],[-98.17508,30.5897],[-98.17477,30.58947],[-98.17459,30.58926],[-98.17449,30.58916],[-98.17423,30.58887],[-98.17398,30.58845],[-98.17377,30.58807],[-98.17376,30.58801],[-98.17365,30.58759],[-98.17357,30.5865],[-98.17354,30.58611],[-98.17351,30.58563],[-98.17349,30.58556],[-98.17346,30.5854],[-98.1734,30.58512],[-98.17274,30.58281],[-98.17272,30.58272],[-98.17267,30.58254],[-98.17265,30.58248],[-98.17237,30.58147],[-98.17236,30.58141],[-98.172,30.58012],[-98.17184,30.57973],[-98.17165,30.57935],[-98.17113,30.57869],[-98.17078,30.57825],[-98.17066,30.57811],[-98.17047,30.57787],[-98.17037,30.57774],[-98.17016,30.57748],[-98.17001,30.57728],[-98.16989,30.57709],[-98.16975,30.57681],[-98.16962,30.57645],[-98.1695,30.57602],[-98.16946,30.57574],[-98.16942,30.5754],[-98.16945,30.57518],[-98.16952,30.57488],[-98.16963,30.57454],[-98.16983,30.5741],[-98.17027,30.5734],[-98.17033,30.5733],[-98.17084,30.57251],[-98.17152,30.57145],[-98.1716,30.57132],[-98.17189,30.57087],[-98.172,30.57062],[-98.17213,30.57038],[-98.17231,30.57003],[-98.17246,30.56957],[-98.17248,30.56946],[-98.17255,30.56914],[-98.17259,30.5687],[-98.17258,30.56815],[-98.17253,30.56765],[-98.17243,30.56717],[-98.17233,30.56673],[-98.17233,30.56668],[-98.17221,30.56611],[-98.17214,30.56579],[-98.17176,30.56372],[-98.17155,30.56281],[-98.17141,30.56227],[-98.17125,30.56174],[-98.17114,30.56148],[-98.171,30.56127],[-98.17093,30.56113],[-98.17067,30.56077],[-98.17048,30.56058],[-98.17018,30.56033],[-98.16935,30.55968],[-98.16866,30.55912],[-98.16837,30.55891],[-98.1683,30.55886],[-98.16803,30.55869],[-98.16778,30.55858],[-98.16752,30.55848],[-98.16725,30.55839],[-98.16641,30.55814],[-98.16506,30.55789],[-98.16408,30.55768],[-98.16378,30.55764],[-98.16366,30.55764],[-98.16349,30.55764],[-98.16335,30.55764],[-98.16305,30.55767],[-98.16269,30.55772],[-98.1625,30.55776],[-98.16222,30.55783],[-98.16198,30.55792],[-98.16171,30.55804],[-98.16149,30.55814],[-98.1599,30.55884],[-98.15968,30.55892],[-98.15945,30.55898],[-98.15922,30.55904],[-98.15898,30.55907],[-98.15874,30.55909],[-98.15672,30.55912],[-98.15625,30.55913],[-98.15567,30.55913],[-98.15512,30.55913],[-98.15488,30.55913],[-98.15254,30.55918],[-98.1504,30.55922],[-98.14978,30.55925],[-98.14924,30.55932],[-98.14845,30.55946],[-98.14778,30.55968],[-98.14763,30.55974],[-98.14685,30.56006],[-98.14639,30.56035],[-98.14596,30.5606],[-98.14504,30.56115],[-98.14495,30.5612],[-98.14475,30.56132],[-98.14449,30.56147],[-98.14321,30.56224],[-98.14254,30.56265],[-98.14196,30.56299],[-98.14039,30.56393],[-98.13936,30.56455],[-98.13914,30.56468],[-98.13875,30.56491],[-98.13846,30.56508],[-98.13816,30.56535],[-98.13776,30.56568],[-98.13745,30.56598],[-98.1372,30.56627],[-98.13715,30.56633],[-98.13693,30.56661],[-98.13661,30.56713],[-98.13647,30.5674],[-98.13635,30.56769],[-98.13616,30.56831],[-98.13611,30.56857],[-98.13598,30.5696],[-98.13593,30.57006],[-98.13575,30.57169],[-98.13571,30.572],[-98.13563,30.57283],[-98.13547,30.57455],[-98.13542,30.57498],[-98.13537,30.57522],[-98.13532,30.57539],[-98.1353,30.57549],[-98.13526,30.57559],[-98.13524,30.57562],[-98.13519,30.57575],[-98.13502,30.57608],[-98.13491,30.57626],[-98.13474,30.57648],[-98.13467,30.57656],[-98.1342,30.57708],[-98.13381,30.57739],[-98.13287,30.5779],[-98.13259,30.57801],[-98.13241,30.57808],[-98.1322,30.57814],[-98.13187,30.57821],[-98.13177,30.57822],[-98.1317,30.57822],[-98.1315,30.57824],[-98.13135,30.57825],[-98.13117,30.57825],[-98.13107,30.57826],[-98.13075,30.57824],[-98.13059,30.57822],[-98.13051,30.57821],[-98.13046,30.5782],[-98.13028,30.57817],[-98.13012,30.57813],[-98.12999,30.57809],[-98.12974,30.57801],[-98.1297,30.578],[-98.12965,30.57797],[-98.12947,30.57789],[-98.12936,30.57784],[-98.12909,30.57771],[-98.12883,30.57753],[-98.12874,30.57746],[-98.12825,30.57713],[-98.1279,30.57684],[-98.12708,30.57609],[-98.12688,30.57626],[-98.12644,30.57652],[-98.12618,30.57663],[-98.1256,30.57685],[-98.12551,30.57688],[-98.12386,30.57744],[-98.12369,30.57749],[-98.12358,30.57753],[-98.12241,30.57792],[-98.12219,30.578],[-98.12196,30.57808],[-98.12186,30.57812],[-98.12141,30.57828],[-98.12102,30.57843],[-98.12056,30.57864],[-98.12023,30.57881],[-98.12014,30.57885],[-98.11986,30.57902],[-98.11981,30.57905],[-98.11919,30.57945],[-98.11894,30.57961],[-98.11893,30.57962],[-98.1181,30.58015],[-98.11741,30.58062],[-98.11725,30.58073],[-98.11702,30.58087],[-98.11588,30.58149],[-98.11577,30.58156],[-98.11532,30.5818],[-98.11511,30.58191],[-98.11477,30.58209],[-98.11425,30.58238],[-98.11398,30.58255],[-98.11389,30.58261],[-98.11357,30.58288],[-98.11323,30.58322],[-98.11313,30.58335],[-98.11291,30.58368],[-98.11276,30.58402],[-98.11272,30.58412],[-98.1127,30.58417],[-98.11264,30.5844],[-98.1126,30.58455],[-98.11253,30.58507],[-98.11214,30.58744],[-98.11207,30.58788],[-98.112,30.5882],[-98.11192,30.58845],[-98.11181,30.58866],[-98.1118,30.58868],[-98.11151,30.58912],[-98.11137,30.5893],[-98.11122,30.58946],[-98.11089,30.58978],[-98.10879,30.59134],[-98.10655,30.59302],[-98.10617,30.5933],[-98.10591,30.59351],[-98.10579,30.59361],[-98.10534,30.594],[-98.10393,30.59517],[-98.10352,30.59542],[-98.10328,30.59553],[-98.10288,30.59567],[-98.10229,30.59575],[-98.10176,30.59582],[-98.10141,30.59592],[-98.10112,30.59605],[-98.10085,30.59623],[-98.10036,30.59669],[-98.09938,30.59761],[-98.09931,30.59767],[-98.09861,30.59831],[-98.09817,30.59865],[-98.0981,30.59869],[-98.09768,30.59897],[-98.09724,30.59921],[-98.09696,30.59934],[-98.09657,30.59948],[-98.09589,30.59971],[-98.09546,30.59985],[-98.09526,30.59992],[-98.09463,30.60015],[-98.09437,30.60025],[-98.09417,30.60037],[-98.09397,30.6005],[-98.09304,30.60104],[-98.09248,30.60137],[-98.09147,30.60198],[-98.09122,30.60211],[-98.09093,30.60223],[-98.0908,30.60227],[-98.09065,30.60233],[-98.09029,30.60242],[-98.0899,30.60247],[-98.08896,30.60253],[-98.08863,30.60258],[-98.08835,30.60265],[-98.08831,30.60266],[-98.08766,30.60285],[-98.08749,30.6029],[-98.08705,30.60302],[-98.08683,30.60311],[-98.08669,30.60317],[-98.08648,30.60328],[-98.08635,30.60336],[-98.08628,30.6034],[-98.08582,30.60376],[-98.08575,30.60383],[-98.08549,30.6041],[-98.08533,30.60429],[-98.08511,30.60465],[-98.08504,30.60483],[-98.08457,30.60617],[-98.08424,30.6071],[-98.08414,30.60741],[-98.08401,30.60778],[-98.08382,30.60826],[-98.08367,30.60852],[-98.08362,30.60862],[-98.08333,30.6091],[-98.0828,30.60984],[-98.08221,30.61065],[-98.08154,30.6116],[-98.08101,30.61235],[-98.08084,30.61259],[-98.08024,30.61344],[-98.07982,30.61402],[-98.07909,30.61504],[-98.07777,30.6169],[-98.07733,30.61752],[-98.07687,30.61816],[-98.07644,30.61876],[-98.07587,30.61955],[-98.07473,30.62112],[-98.0745,30.62145],[-98.07392,30.62228],[-98.07373,30.62254],[-98.07344,30.62302],[-98.07323,30.62353],[-98.07298,30.62441],[-98.07267,30.62587],[-98.07262,30.62609],[-98.07239,30.62721],[-98.07213,30.62836],[-98.07208,30.62867],[-98.07205,30.62915],[-98.07205,30.62955],[-98.07214,30.63019],[-98.07246,30.6317],[-98.07248,30.63204],[-98.07249,30.6321],[-98.07246,30.63238],[-98.07244,30.63255],[-98.07234,30.63285],[-98.07228,30.63305],[-98.07216,30.63327],[-98.07207,30.63346],[-98.07186,30.63378],[-98.07182,30.63383],[-98.07058,30.63557],[-98.0705,30.63569],[-98.07004,30.63633],[-98.06985,30.63664],[-98.06968,30.63691],[-98.06942,30.63742],[-98.06919,30.63806],[-98.06906,30.63886],[-98.06892,30.63987],[-98.0688,30.64062],[-98.06875,30.64094],[-98.06854,30.64238],[-98.06853,30.64241],[-98.06846,30.64291],[-98.06832,30.64393],[-98.06822,30.64472],[-98.06817,30.64507],[-98.06815,30.64523],[-98.06815,30.64526],[-98.06811,30.64566],[-98.06812,30.64576],[-98.06814,30.64615],[-98.0682,30.64655],[-98.06822,30.64667],[-98.06832,30.64711],[-98.06888,30.64844],[-98.06916,30.6491],[-98.06922,30.64925],[-98.06952,30.65001],[-98.06994,30.651],[-98.07046,30.65221],[-98.07046,30.65222],[-98.07114,30.65386],[-98.06461,30.65586],[-98.06262,30.65646],[-98.06053,30.65708],[-98.05973,30.65732],[-98.05936,30.65746],[-98.05898,30.65762],[-98.05836,30.65787],[-98.05528,30.65911],[-98.05431,30.65945],[-98.05372,30.65965],[-98.05005,30.66083],[-98.04981,30.66091],[-98.04915,30.66112],[-98.04357,30.6628],[-98.0432,30.66289],[-98.04283,30.66295],[-98.04254,30.66298],[-98.0397,30.66309],[-98.03957,30.6631],[-98.03577,30.66325],[-98.0354,30.66326],[-98.03506,30.66325],[-98.03475,30.66321],[-98.03442,30.66316],[-98.03416,30.6631],[-98.03391,30.66302],[-98.0336,30.66289],[-98.03348,30.66282],[-98.03328,30.6627],[-98.03293,30.66245],[-98.03274,30.66231],[-98.03034,30.66045],[-98.03019,30.66032],[-98.02805,30.65811],[-98.02787,30.65794],[-98.02766,30.65779],[-98.02735,30.65758],[-98.02714,30.65747],[-98.0268,30.65732],[-98.02649,30.65722],[-98.02611,30.65712],[-98.0236,30.65661],[-98.02186,30.65624],[-98.02066,30.65599],[-98.01977,30.65578],[-98.01945,30.65568],[-98.01754,30.655],[-98.01693,30.65478],[-98.01662,30.65471],[-98.01621,30.65466],[-98.01595,30.65464],[-98.01562,30.65464],[-98.01534,30.65467],[-98.01491,30.65473],[-98.01461,30.65482],[-98.01423,30.65492],[-98.01338,30.65519],[-98.01218,30.65556],[-98.0113,30.65583],[-98.01069,30.65602],[-98.01055,30.65606],[-98.01029,30.65612],[-98.01003,30.65617],[-98.00979,30.65619],[-98.00949,30.6562],[-98.00919,30.65619],[-98.00892,30.65617],[-98.00871,30.65613],[-98.00849,30.65609],[-98.00826,30.65603],[-98.00739,30.65576],[-98.00668,30.65556],[-98.00603,30.65536],[-98.00578,30.65528],[-98.00509,30.65507],[-98.00328,30.65452],[-98.00292,30.65443],[-98.00253,30.65437],[-98.00228,30.65435],[-98.00195,30.65433],[-98.00164,30.65433],[-98.00137,30.65435],[-98.00116,30.65437],[-98.00087,30.65443],[-97.9992,30.65474],[-97.99837,30.65489],[-97.99668,30.65521],[-97.99639,30.65524],[-97.99615,30.65527],[-97.99586,30.65526],[-97.99561,30.65526],[-97.99534,30.65522],[-97.995,30.65516],[-97.9947,30.65508],[-97.99433,30.65495],[-97.99284,30.65439],[-97.98938,30.65302],[-97.989,30.65286],[-97.98845,30.65265],[-97.98748,30.65227],[-97.9874,30.65224],[-97.98575,30.65159],[-97.98375,30.6508],[-97.98342,30.65069],[-97.98292,30.65054],[-97.98257,30.65047],[-97.98217,30.65042],[-97.98181,30.6504],[-97.98139,30.65043],[-97.98078,30.65051],[-97.9795,30.65071],[-97.9708,30.652],[-97.96818,30.65238],[-97.96747,30.6525],[-97.96726,30.65254],[-97.96709,30.65258],[-97.96664,30.65272],[-97.9665,30.65277],[-97.96626,30.65287],[-97.96598,30.65302],[-97.9657,30.65319],[-97.9654,30.65339],[-97.96507,30.65365],[-97.96498,30.6537],[-97.96417,30.65437],[-97.96395,30.65451],[-97.96367,30.6547],[-97.96035,30.65656],[-97.95989,30.65678],[-97.95949,30.65695],[-97.95911,30.65709],[-97.95847,30.65729],[-97.9571,30.6577],[-97.95657,30.65786],[-97.9541,30.65861],[-97.95082,30.65958],[-97.94874,30.66021],[-97.94841,30.6603],[-97.94809,30.66037],[-97.94755,30.66045],[-97.9474,30.66047],[-97.94725,30.66048],[-97.94718,30.66047],[-97.94687,30.66047],[-97.94619,30.66044],[-97.94566,30.66041],[-97.94518,30.66038],[-97.94495,30.66036],[-97.94382,30.6603],[-97.94353,30.6603],[-97.9428,30.66026],[-97.94224,30.66023],[-97.94187,30.66021],[-97.94141,30.66018],[-97.94119,30.66015],[-97.93992,30.65996],[-97.93964,30.65994],[-97.93929,30.65993],[-97.93888,30.65997],[-97.93826,30.66005],[-97.93754,30.66014],[-97.93677,30.66024],[-97.93636,30.66029],[-97.93589,30.66037],[-97.93511,30.66061],[-97.93487,30.66069],[-97.93378,30.66105],[-97.93343,30.66118],[-97.93328,30.66125],[-97.933,30.66137],[-97.93265,30.66153],[-97.93207,30.66179],[-97.93189,30.66188],[-97.93177,30.66193],[-97.93167,30.66196],[-97.93159,30.662],[-97.93116,30.66214],[-97.93086,30.66222],[-97.9306,30.66229],[-97.93015,30.66241],[-97.92959,30.66256],[-97.92879,30.66275],[-97.9281,30.66297],[-97.92791,30.66305],[-97.92785,30.66308],[-97.92682,30.66353],[-97.92644,30.66369],[-97.92634,30.66373],[-97.92593,30.66387],[-97.92598,30.664],[-97.9261,30.66431],[-97.92606,30.66435],[-97.92597,30.66456],[-97.92593,30.66465],[-97.92581,30.66469],[-97.92571,30.66482],[-97.92561,30.66508],[-97.9256,30.6651]]}},{"type":"Feature","properties":{"route":"Lime Creek Road & Lake Travis Loop","category":"Twisties & Canyons","color":"#e74c3c","waypoints":["Cedar Park","Lime Creek","Volente"],"via":"FM 2769 -> Lime Creek Rd -> Volente -> Bullick Hollow Rd","distance_mi":26.7,"source":"road-snapped","id":"lime-creek-road-lake-travis-loop"},"geometry":{"type":"LineString","coordinates":[[-97.82996,30.50491],[-97.83009,30.50487],[-97.83012,30.50486],[-97.8302,30.50484],[-97.83022,30.50489],[-97.83023,30.50491],[-97.83034,30.5052],[-97.83043,30.50539],[-97.83048,30.50547],[-97.83052,30.50555],[-97.83078,30.5058],[-97.83101,30.50607],[-97.83115,30.50632],[-97.83141,30.50689],[-97.83143,30.50693],[-97.83146,30.50701],[-97.83216,30.50677],[-97.8325,30.50666],[-97.8328,30.50658],[-97.83294,30.50652],[-97.83367,30.50614],[-97.83379,30.50607],[-97.83393,30.506],[-97.83415,30.50587],[-97.83431,30.50576],[-97.83446,30.50569],[-97.83455,30.50565],[-97.83498,30.50551],[-97.83538,30.50541],[-97.83596,30.50527],[-97.8364,30.50515],[-97.8367,30.50508],[-97.83684,30.50507],[-97.83707,30.50508],[-97.83744,30.50513],[-97.83774,30.50518],[-97.83812,30.50525],[-97.83842,30.50528],[-97.83855,30.50528],[-97.83869,30.50526],[-97.8388,30.50524],[-97.83922,30.50512],[-97.84004,30.50487],[-97.84076,30.50465],[-97.84083,30.50463],[-97.84166,30.50436],[-97.8427,30.50406],[-97.84279,30.50403],[-97.84315,30.50392],[-97.84325,30.50389],[-97.84343,30.50383],[-97.8439,30.50368],[-97.84402,30.50364],[-97.84424,30.50358],[-97.84476,30.50342],[-97.84575,30.50312],[-97.84588,30.50308],[-97.84601,30.50304],[-97.84698,30.50273],[-97.84716,30.50268],[-97.84731,30.50264],[-97.84741,30.50261],[-97.84755,30.50257],[-97.84752,30.50244],[-97.84747,30.50221],[-97.84742,30.50175],[-97.84741,30.50128],[-97.8474,30.50087],[-97.84737,30.50055],[-97.84733,30.50029],[-97.84723,30.49999],[-97.8472,30.4999],[-97.84702,30.49954],[-97.84689,30.49931],[-97.84696,30.49926],[-97.84744,30.4989],[-97.84806,30.49843],[-97.84815,30.49832],[-97.84825,30.49817],[-97.8483,30.498],[-97.84832,30.49784],[-97.84832,30.49782],[-97.84833,30.49769],[-97.8488,30.49766],[-97.84924,30.49757],[-97.84961,30.49742],[-97.85012,30.4971],[-97.85021,30.49704],[-97.85031,30.49697],[-97.85077,30.49665],[-97.85083,30.49662],[-97.85108,30.49644],[-97.85183,30.49593],[-97.85198,30.49581],[-97.85216,30.49562],[-97.85223,30.49551],[-97.85229,30.49542],[-97.8524,30.49546],[-97.85243,30.49547],[-97.85311,30.49573],[-97.85315,30.49566],[-97.85316,30.49565],[-97.85316,30.49565],[-97.85318,30.49561],[-97.85325,30.49554],[-97.85341,30.49541],[-97.85365,30.4953],[-97.8538,30.49525],[-97.85402,30.49521],[-97.8544,30.49514],[-97.85484,30.49507],[-97.85501,30.49504],[-97.8554,30.49497],[-97.85556,30.49493],[-97.85568,30.49487],[-97.85583,30.49477],[-97.856,30.4946],[-97.85612,30.49445],[-97.85613,30.49443],[-97.85619,30.49436],[-97.85734,30.4951],[-97.85742,30.49516],[-97.85756,30.49524],[-97.85765,30.49528],[-97.85781,30.49537],[-97.85782,30.49537],[-97.85791,30.49541],[-97.85802,30.49547],[-97.8581,30.49536],[-97.8593,30.49351],[-97.85956,30.49321],[-97.85976,30.49296],[-97.85989,30.49277],[-97.86005,30.49254],[-97.86018,30.49232],[-97.86027,30.49214],[-97.86038,30.49188],[-97.86043,30.49171],[-97.86048,30.49153],[-97.86052,30.49131],[-97.86054,30.49114],[-97.86054,30.49112],[-97.86055,30.49092],[-97.86054,30.49076],[-97.86053,30.49072],[-97.86051,30.49054],[-97.86047,30.49034],[-97.86041,30.49015],[-97.86054,30.49012],[-97.86079,30.49006],[-97.86096,30.49002],[-97.86114,30.48996],[-97.86118,30.48994],[-97.86133,30.48988],[-97.8615,30.48979],[-97.86183,30.48959],[-97.86232,30.48929],[-97.86282,30.48901],[-97.86312,30.48885],[-97.86334,30.48874],[-97.86353,30.48861],[-97.86371,30.48848],[-97.86387,30.48835],[-97.86419,30.48809],[-97.86483,30.48756],[-97.86613,30.48649],[-97.8668,30.48596],[-97.86712,30.48569],[-97.86746,30.48542],[-97.86821,30.4848],[-97.86858,30.48449],[-97.86877,30.48434],[-97.86886,30.48427],[-97.86896,30.4842],[-97.86906,30.48412],[-97.86917,30.48405],[-97.86928,30.48399],[-97.8694,30.48393],[-97.86958,30.48385],[-97.86959,30.48385],[-97.86976,30.48378],[-97.87012,30.48363],[-97.87048,30.48349],[-97.87057,30.48345],[-97.87085,30.48334],[-97.87143,30.48311],[-97.87171,30.483],[-97.87186,30.48295],[-97.87201,30.48291],[-97.8721,30.48289],[-97.87219,30.48288],[-97.87229,30.48288],[-97.87237,30.48289],[-97.87256,30.48292],[-97.87276,30.48297],[-97.87302,30.48302],[-97.87314,30.48305],[-97.87328,30.48307],[-97.87338,30.48309],[-97.8735,30.48309],[-97.87371,30.48309],[-97.8764,30.48301],[-97.87707,30.48298],[-97.87774,30.48294],[-97.87841,30.48291],[-97.87874,30.4829],[-97.87908,30.48289],[-97.87945,30.4829],[-97.87964,30.48291],[-97.87974,30.48293],[-97.87982,30.48294],[-97.88014,30.483],[-97.88045,30.48308],[-97.88096,30.48323],[-97.88122,30.48331],[-97.88147,30.4834],[-97.88183,30.48355],[-97.88201,30.48362],[-97.88255,30.48385],[-97.88278,30.48392],[-97.88295,30.48396],[-97.883,30.48398],[-97.88348,30.48406],[-97.88391,30.48412],[-97.88396,30.48412],[-97.8842,30.48417],[-97.88444,30.48422],[-97.88459,30.48426],[-97.88474,30.48431],[-97.8848,30.48434],[-97.88487,30.48436],[-97.88501,30.48442],[-97.88523,30.48454],[-97.88525,30.48455],[-97.88537,30.48463],[-97.88543,30.48468],[-97.88549,30.48474],[-97.88557,30.48484],[-97.88565,30.48494],[-97.88578,30.48516],[-97.88585,30.48527],[-97.88593,30.48537],[-97.88601,30.48547],[-97.8861,30.48557],[-97.88624,30.4857],[-97.8864,30.48581],[-97.88662,30.48594],[-97.88685,30.48605],[-97.88732,30.48628],[-97.88769,30.48647],[-97.88777,30.48652],[-97.88814,30.48674],[-97.88849,30.48699],[-97.88874,30.48717],[-97.88899,30.4873],[-97.88937,30.48743],[-97.88991,30.48749],[-97.89051,30.4875],[-97.89088,30.48744],[-97.89131,30.48729],[-97.89219,30.48688],[-97.89239,30.48666],[-97.89255,30.48634],[-97.89268,30.48586],[-97.89276,30.48555],[-97.89288,30.48526],[-97.89312,30.485],[-97.89352,30.48464],[-97.89374,30.4843],[-97.89392,30.48391],[-97.89402,30.48361],[-97.89411,30.48333],[-97.89431,30.48275],[-97.89436,30.48253],[-97.89435,30.48234],[-97.89423,30.48204],[-97.89405,30.48172],[-97.89398,30.48153],[-97.89399,30.48144],[-97.89399,30.48136],[-97.89408,30.48123],[-97.89426,30.48114],[-97.89459,30.48109],[-97.89472,30.48108],[-97.89516,30.48108],[-97.89557,30.48108],[-97.89578,30.48105],[-97.896,30.481],[-97.89619,30.48091],[-97.89682,30.48052],[-97.8972,30.48027],[-97.89743,30.48017],[-97.89767,30.48015],[-97.89792,30.48021],[-97.89824,30.48037],[-97.89856,30.48049],[-97.89888,30.4805],[-97.89917,30.48046],[-97.89944,30.48035],[-97.89949,30.48031],[-97.8996,30.4802],[-97.89966,30.48015],[-97.89998,30.47959],[-97.90028,30.47909],[-97.90041,30.47895],[-97.90093,30.47858],[-97.9013,30.47829],[-97.9014,30.47817],[-97.90147,30.47805],[-97.9015,30.47784],[-97.90148,30.47758],[-97.90142,30.47728],[-97.90135,30.47697],[-97.90133,30.47683],[-97.90135,30.47669],[-97.9015,30.47637],[-97.90166,30.47602],[-97.9019,30.47532],[-97.90201,30.47514],[-97.90234,30.47457],[-97.90235,30.47437],[-97.90231,30.47422],[-97.90225,30.47406],[-97.90219,30.47397],[-97.90191,30.47352],[-97.90191,30.47351],[-97.90172,30.47329],[-97.90151,30.47306],[-97.90113,30.47281],[-97.90046,30.47244],[-97.90014,30.47231],[-97.89971,30.4722],[-97.89952,30.47221],[-97.89933,30.47224],[-97.89905,30.47238],[-97.89877,30.47259],[-97.89847,30.47288],[-97.89833,30.473],[-97.89817,30.47308],[-97.89808,30.47309],[-97.89799,30.47308],[-97.89789,30.47304],[-97.89781,30.47299],[-97.8977,30.47285],[-97.89763,30.47272],[-97.8976,30.47257],[-97.89751,30.47204],[-97.89744,30.47182],[-97.89735,30.47169],[-97.89723,30.47157],[-97.8968,30.47123],[-97.89677,30.4712],[-97.89629,30.47081],[-97.89622,30.47074],[-97.89615,30.4706],[-97.89615,30.4705],[-97.89618,30.47043],[-97.89628,30.47036],[-97.89639,30.47032],[-97.89674,30.47028],[-97.89707,30.47024],[-97.89728,30.47018],[-97.8975,30.47008],[-97.89785,30.46987],[-97.89793,30.4698],[-97.89798,30.46971],[-97.89801,30.46959],[-97.89802,30.46947],[-97.89797,30.46918],[-97.89919,30.46883],[-97.89932,30.46903],[-97.89946,30.4692],[-97.89964,30.46936],[-97.89984,30.46948],[-97.90002,30.46955],[-97.90022,30.46961],[-97.90047,30.46965],[-97.90072,30.46967],[-97.90096,30.46965],[-97.90114,30.46961],[-97.9013,30.46955],[-97.90144,30.46947],[-97.90156,30.46938],[-97.90174,30.4692],[-97.90195,30.46902],[-97.90213,30.46896],[-97.90226,30.46895],[-97.90238,30.46896],[-97.90256,30.46904],[-97.90275,30.46918],[-97.90299,30.46942],[-97.90325,30.46961],[-97.90351,30.46971],[-97.9038,30.46978],[-97.90416,30.46984],[-97.90449,30.46984],[-97.90489,30.46975],[-97.90526,30.46958],[-97.90543,30.46944],[-97.90556,30.46929],[-97.90571,30.4691],[-97.90581,30.46889],[-97.90594,30.46847],[-97.90597,30.46802],[-97.90596,30.46756],[-97.90588,30.46725],[-97.90569,30.46671],[-97.90553,30.46631],[-97.90482,30.46563],[-97.90468,30.46551],[-97.90444,30.46513],[-97.90427,30.46475],[-97.90403,30.46446],[-97.90365,30.46417],[-97.90292,30.46366],[-97.90279,30.46346],[-97.90275,30.46319],[-97.9027,30.46302],[-97.90262,30.46287],[-97.9025,30.4627],[-97.90236,30.46254],[-97.90214,30.46234],[-97.90193,30.46216],[-97.9026,30.46117],[-97.9029,30.46127],[-97.90318,30.46134],[-97.90349,30.46138],[-97.90378,30.46139],[-97.90402,30.46138],[-97.90422,30.46132],[-97.90441,30.46122],[-97.90457,30.4611],[-97.90537,30.46036],[-97.90553,30.46031],[-97.90573,30.46032],[-97.90588,30.46038],[-97.90613,30.46048],[-97.90632,30.46062],[-97.90639,30.4608],[-97.90634,30.46097],[-97.90602,30.46151],[-97.90598,30.46164],[-97.90595,30.46178],[-97.90598,30.46193],[-97.90608,30.46208],[-97.90619,30.4622],[-97.90673,30.46259],[-97.90714,30.46284],[-97.90742,30.46296],[-97.90755,30.46298],[-97.90769,30.46301],[-97.90833,30.46299],[-97.90912,30.46302],[-97.90982,30.46304],[-97.91015,30.46302],[-97.91053,30.46298],[-97.91108,30.46289],[-97.9115,30.46284],[-97.9118,30.46278],[-97.91209,30.46257],[-97.91265,30.46205],[-97.91294,30.46172],[-97.91297,30.46168],[-97.91305,30.46156],[-97.91312,30.46142],[-97.91311,30.46127],[-97.91305,30.46114],[-97.91284,30.46082],[-97.91276,30.46069],[-97.91274,30.46052],[-97.91281,30.46033],[-97.91338,30.45971],[-97.91352,30.45964],[-97.91366,30.45962],[-97.91383,30.45965],[-97.91397,30.45972],[-97.91416,30.45984],[-97.91433,30.4599],[-97.91466,30.45994],[-97.91491,30.45994],[-97.91499,30.45994],[-97.91567,30.45966],[-97.91576,30.45961],[-97.91598,30.4595],[-97.91616,30.4594],[-97.91636,30.4593],[-97.91659,30.45918],[-97.91679,30.45907],[-97.91694,30.45899],[-97.9171,30.45886],[-97.91712,30.45885],[-97.91722,30.45869],[-97.91726,30.45856],[-97.91728,30.45844],[-97.91728,30.45832],[-97.91727,30.45829],[-97.91723,30.4582],[-97.91715,30.45806],[-97.917,30.45787],[-97.91677,30.45772],[-97.91664,30.4576],[-97.91658,30.45753],[-97.91635,30.45734],[-97.91633,30.45731],[-97.9162,30.45714],[-97.91616,30.45705],[-97.9159,30.45657],[-97.91585,30.45648],[-97.9157,30.45622],[-97.91564,30.45612],[-97.9156,30.45604],[-97.91558,30.45602],[-97.91539,30.45579],[-97.9153,30.45573],[-97.91522,30.45566],[-97.91501,30.45551],[-97.91492,30.45547],[-97.91473,30.45536],[-97.91472,30.45535],[-97.91434,30.45521],[-97.9142,30.45517],[-97.91402,30.45512],[-97.91381,30.45502],[-97.91371,30.45495],[-97.91367,30.45492],[-97.91358,30.45482],[-97.91349,30.45467],[-97.91348,30.45466],[-97.91344,30.45452],[-97.91342,30.4541],[-97.91341,30.454],[-97.91341,30.45398],[-97.91335,30.4535],[-97.91316,30.45273],[-97.91302,30.45259],[-97.91281,30.45247],[-97.9125,30.45233],[-97.91202,30.45213],[-97.9117,30.452],[-97.91083,30.45155],[-97.91038,30.45133],[-97.9102,30.45127],[-97.90999,30.45121],[-97.90959,30.45108],[-97.90923,30.45097],[-97.9091,30.45091],[-97.909,30.45087],[-97.90889,30.45081],[-97.90882,30.45075],[-97.90864,30.45061],[-97.90844,30.45042],[-97.90827,30.45029],[-97.90823,30.45026],[-97.908,30.45013],[-97.90795,30.45011],[-97.90774,30.45001],[-97.90743,30.44989],[-97.9071,30.44977],[-97.90694,30.44972],[-97.9068,30.44969],[-97.90662,30.44968],[-97.90648,30.44968],[-97.90646,30.44968],[-97.90575,30.4497],[-97.90513,30.44969],[-97.90499,30.44968],[-97.90482,30.44964],[-97.90471,30.44957],[-97.90465,30.44949],[-97.90463,30.44939],[-97.90465,30.44931],[-97.90471,30.44923],[-97.90509,30.4489],[-97.90535,30.44868],[-97.90548,30.44852],[-97.90571,30.44809],[-97.90579,30.44789],[-97.9059,30.44769],[-97.90596,30.44765],[-97.90603,30.44759],[-97.90619,30.44753],[-97.90651,30.44751],[-97.90717,30.44746],[-97.90794,30.44734],[-97.90835,30.44726],[-97.90885,30.44708],[-97.90909,30.44694],[-97.90922,30.44684],[-97.90934,30.44675],[-97.90953,30.4465],[-97.90981,30.44607],[-97.90997,30.44591],[-97.91016,30.44575],[-97.91069,30.44547],[-97.91086,30.44535],[-97.91105,30.44517],[-97.91118,30.445],[-97.91129,30.44481],[-97.91136,30.4446],[-97.91138,30.44411],[-97.91133,30.4436],[-97.91135,30.44347],[-97.91137,30.4434],[-97.91142,30.4433],[-97.91152,30.44309],[-97.912,30.44247],[-97.91214,30.44229],[-97.91227,30.44211],[-97.91243,30.44186],[-97.91235,30.44174],[-97.91205,30.44143],[-97.91159,30.44113],[-97.91103,30.44078],[-97.91025,30.44027],[-97.9101,30.4402],[-97.90984,30.4401],[-97.90977,30.44008],[-97.90941,30.43995],[-97.90896,30.4398],[-97.90873,30.43971],[-97.90857,30.43963],[-97.90837,30.43949],[-97.90793,30.43915],[-97.90773,30.43903],[-97.90747,30.43891],[-97.90711,30.43881],[-97.9069,30.43877],[-97.9067,30.43874],[-97.90653,30.43874],[-97.90615,30.43876],[-97.90594,30.43879],[-97.90554,30.43884],[-97.90531,30.43887],[-97.90511,30.43893],[-97.90504,30.43894],[-97.90483,30.43903],[-97.90444,30.43922],[-97.90433,30.43925],[-97.90428,30.43926],[-97.90413,30.43928],[-97.90396,30.43926],[-97.90373,30.43918],[-97.90345,30.43904],[-97.9032,30.43887],[-97.90311,30.43878],[-97.90309,30.43869],[-97.9031,30.43865],[-97.9031,30.43855],[-97.90326,30.43799],[-97.90337,30.4378],[-97.90389,30.43713],[-97.90419,30.43658],[-97.90428,30.43634],[-97.90433,30.43616],[-97.90433,30.43589],[-97.90428,30.43514],[-97.90422,30.43473],[-97.90418,30.43457],[-97.90406,30.43408],[-97.904,30.43391],[-97.90392,30.43377],[-97.9038,30.43366],[-97.90363,30.43356],[-97.90341,30.43348],[-97.9031,30.43337],[-97.90284,30.43332],[-97.9026,30.43327],[-97.9023,30.43325],[-97.9021,30.43326],[-97.90186,30.43329],[-97.90167,30.43333],[-97.90138,30.43345],[-97.90128,30.4335],[-97.90123,30.43353],[-97.90108,30.43359],[-97.90085,30.43368],[-97.90042,30.43379],[-97.90005,30.43384],[-97.89983,30.43386],[-97.89955,30.43389],[-97.89927,30.4339],[-97.89919,30.43391],[-97.89874,30.43396],[-97.8985,30.434],[-97.89847,30.43401],[-97.89771,30.4342],[-97.89738,30.43424],[-97.89703,30.43423],[-97.89668,30.4342],[-97.89593,30.43414],[-97.89422,30.43392],[-97.89228,30.43362],[-97.89213,30.4336],[-97.89117,30.43347],[-97.89079,30.43343],[-97.89022,30.43337],[-97.8894,30.43326],[-97.88906,30.4332],[-97.88884,30.43311],[-97.88861,30.43299],[-97.88806,30.43262],[-97.8878,30.43247],[-97.88762,30.43237],[-97.88749,30.43233],[-97.8873,30.43228],[-97.88708,30.43223],[-97.88667,30.43223],[-97.88625,30.43226],[-97.88596,30.43228],[-97.88531,30.43235],[-97.88492,30.43241],[-97.88482,30.43242],[-97.8845,30.43253],[-97.88431,30.43263],[-97.88427,30.43265],[-97.88409,30.43277],[-97.884,30.43284],[-97.88394,30.43288],[-97.88386,30.43299],[-97.88382,30.43306],[-97.88364,30.43331],[-97.88362,30.43333],[-97.88354,30.43352],[-97.8835,30.43361],[-97.88345,30.43378],[-97.8834,30.43401],[-97.8834,30.4342],[-97.8834,30.43439],[-97.8834,30.43453],[-97.88342,30.43544],[-97.88343,30.43572],[-97.88347,30.43601],[-97.88352,30.43621],[-97.88359,30.43638],[-97.88371,30.43663],[-97.88374,30.43669],[-97.88377,30.43683],[-97.88377,30.43696],[-97.88377,30.43702],[-97.88369,30.4373],[-97.88357,30.43754],[-97.88347,30.43769],[-97.88336,30.43779],[-97.88321,30.43792],[-97.88291,30.43812],[-97.88275,30.43828],[-97.88253,30.4385],[-97.88245,30.43858],[-97.88203,30.43912],[-97.88186,30.43929],[-97.88176,30.43936],[-97.8817,30.4394],[-97.88152,30.43948],[-97.88136,30.43949],[-97.8811,30.43948],[-97.88051,30.43938],[-97.88035,30.43936],[-97.88014,30.43932],[-97.87986,30.43924],[-97.87979,30.4392],[-97.87974,30.43917],[-97.87963,30.43905],[-97.87962,30.43902],[-97.87958,30.43896],[-97.87956,30.43881],[-97.87959,30.43783],[-97.87962,30.4376],[-97.87965,30.43745],[-97.8797,30.43732],[-97.87978,30.43709],[-97.87985,30.43619],[-97.87986,30.43646],[-97.87984,30.43672],[-97.87982,30.43693],[-97.87978,30.43709],[-97.8797,30.43732],[-97.87965,30.43745],[-97.87962,30.4376],[-97.87959,30.43783],[-97.87956,30.43881],[-97.87958,30.43896],[-97.87962,30.43902],[-97.87963,30.43905],[-97.87974,30.43917],[-97.87979,30.4392],[-97.87986,30.43924],[-97.88014,30.43932],[-97.88035,30.43936],[-97.88051,30.43938],[-97.8811,30.43948],[-97.88136,30.43949],[-97.88152,30.43948],[-97.8817,30.4394],[-97.88176,30.43936],[-97.88186,30.43929],[-97.88203,30.43912],[-97.88245,30.43858],[-97.88253,30.4385],[-97.88275,30.43828],[-97.88291,30.43812],[-97.88321,30.43792],[-97.88336,30.43779],[-97.88347,30.43769],[-97.88357,30.43754],[-97.88369,30.4373],[-97.88377,30.43702],[-97.88377,30.43696],[-97.88377,30.43683],[-97.88374,30.43669],[-97.88371,30.43663],[-97.88359,30.43638],[-97.88352,30.43621],[-97.88347,30.43601],[-97.88343,30.43572],[-97.88342,30.43544],[-97.8834,30.43453],[-97.8834,30.43439],[-97.8834,30.4342],[-97.8834,30.43401],[-97.88345,30.43378],[-97.8835,30.43361],[-97.88354,30.43352],[-97.88362,30.43333],[-97.88364,30.43331],[-97.88382,30.43306],[-97.88386,30.43299],[-97.88394,30.43288],[-97.884,30.43284],[-97.88409,30.43277],[-97.88427,30.43265],[-97.88431,30.43263],[-97.8845,30.43253],[-97.88482,30.43242],[-97.88492,30.43241],[-97.88531,30.43235],[-97.88596,30.43228],[-97.88625,30.43226],[-97.88667,30.43223],[-97.88708,30.43223],[-97.8873,30.43228],[-97.88749,30.43233],[-97.88762,30.43237],[-97.8878,30.43247],[-97.88806,30.43262],[-97.88861,30.43299],[-97.88884,30.43311],[-97.88906,30.4332],[-97.8894,30.43326],[-97.89022,30.43337],[-97.89079,30.43343],[-97.89117,30.43347],[-97.89213,30.4336],[-97.89228,30.43362],[-97.89422,30.43392],[-97.89593,30.43414],[-97.89668,30.4342],[-97.89703,30.43423],[-97.89738,30.43424],[-97.89771,30.4342],[-97.89847,30.43401],[-97.8985,30.434],[-97.89874,30.43396],[-97.89919,30.43391],[-97.89927,30.4339],[-97.89955,30.43389],[-97.89983,30.43386],[-97.90005,30.43384],[-97.90042,30.43379],[-97.90085,30.43368],[-97.90108,30.43359],[-97.90123,30.43353],[-97.90128,30.4335],[-97.90138,30.43345],[-97.90167,30.43333],[-97.90186,30.43329],[-97.9021,30.43326],[-97.9023,30.43325],[-97.9026,30.43327],[-97.90284,30.43332],[-97.9031,30.43337],[-97.90341,30.43348],[-97.90363,30.43356],[-97.9038,30.43366],[-97.90392,30.43377],[-97.904,30.43391],[-97.90406,30.43408],[-97.90418,30.43457],[-97.90422,30.43473],[-97.90428,30.43514],[-97.90433,30.43589],[-97.90433,30.43616],[-97.90428,30.43634],[-97.90419,30.43658],[-97.90389,30.43713],[-97.90337,30.4378],[-97.90326,30.43799],[-97.9031,30.43855],[-97.9031,30.43865],[-97.90309,30.43869],[-97.90311,30.43878],[-97.9032,30.43887],[-97.90345,30.43904],[-97.90373,30.43918],[-97.90396,30.43926],[-97.90413,30.43928],[-97.90428,30.43926],[-97.90433,30.43925],[-97.90444,30.43922],[-97.90483,30.43903],[-97.90504,30.43894],[-97.90511,30.43893],[-97.90531,30.43887],[-97.90554,30.43884],[-97.90555,30.43927],[-97.90554,30.43884],[-97.90531,30.43887],[-97.90531,30.43887],[-97.90511,30.43893],[-97.90504,30.43894],[-97.90483,30.43903],[-97.90444,30.43922],[-97.90433,30.43925],[-97.90428,30.43926],[-97.90413,30.43928],[-97.90396,30.43926],[-97.90373,30.43918],[-97.90345,30.43904],[-97.9032,30.43887],[-97.90311,30.43878],[-97.90309,30.43869],[-97.9031,30.43865],[-97.9031,30.43855],[-97.90326,30.43799],[-97.90337,30.4378],[-97.90389,30.43713],[-97.90419,30.43658],[-97.90428,30.43634],[-97.90433,30.43616],[-97.90433,30.43589],[-97.90428,30.43514],[-97.90422,30.43473],[-97.90418,30.43457],[-97.90406,30.43408],[-97.904,30.43391],[-97.90392,30.43377],[-97.9038,30.43366],[-97.90363,30.43356],[-97.90341,30.43348],[-97.9031,30.43337],[-97.90284,30.43332],[-97.9026,30.43327],[-97.9023,30.43325],[-97.9021,30.43326],[-97.90186,30.43329],[-97.90167,30.43333],[-97.90138,30.43345],[-97.90128,30.4335],[-97.90123,30.43353],[-97.90108,30.43359],[-97.90085,30.43368],[-97.90042,30.43379],[-97.90005,30.43384],[-97.89983,30.43386],[-97.89955,30.43389],[-97.89927,30.4339],[-97.89919,30.43391],[-97.89874,30.43396],[-97.8985,30.434],[-97.89847,30.43401],[-97.89771,30.4342],[-97.89738,30.43424],[-97.89703,30.43423],[-97.89668,30.4342],[-97.89593,30.43414],[-97.89422,30.43392],[-97.89228,30.43362],[-97.89213,30.4336],[-97.89117,30.43347],[-97.89079,30.43343],[-97.89022,30.43337],[-97.8894,30.43326],[-97.88906,30.4332],[-97.88884,30.43311],[-97.88861,30.43299],[-97.88806,30.43262],[-97.8878,30.43247],[-97.88762,30.43237],[-97.88749,30.43233],[-97.8873,30.43228],[-97.88708,30.43223],[-97.88667,30.43223],[-97.88625,30.43226],[-97.88596,30.43228],[-97.88531,30.43235],[-97.88492,30.43241],[-97.88482,30.43242],[-97.8845,30.43253],[-97.88431,30.43263],[-97.88427,30.43265],[-97.88409,30.43277],[-97.884,30.43284],[-97.88394,30.43288],[-97.88386,30.43299],[-97.88382,30.43306],[-97.88364,30.43331],[-97.88362,30.43333],[-97.88354,30.43352],[-97.8835,30.43361],[-97.88345,30.43378],[-97.8834,30.43401],[-97.8834,30.4342],[-97.8834,30.43439],[-97.8834,30.43453],[-97.88342,30.43544],[-97.88343,30.43572],[-97.88347,30.43601],[-97.88352,30.43621],[-97.88359,30.43638],[-97.88371,30.43663],[-97.88374,30.43669],[-97.88377,30.43683],[-97.88377,30.43696],[-97.88377,30.43702],[-97.88369,30.4373],[-97.88357,30.43754],[-97.88347,30.43769],[-97.88336,30.43779],[-97.88321,30.43792],[-97.88291,30.43812],[-97.88275,30.43828],[-97.88253,30.4385],[-97.88245,30.43858],[-97.88203,30.43912],[-97.88186,30.43929],[-97.88176,30.43936],[-97.8817,30.4394],[-97.88152,30.43948],[-97.88136,30.43949],[-97.8811,30.43948],[-97.88051,30.43938],[-97.88035,30.43936],[-97.88014,30.43932],[-97.87986,30.43924],[-97.87979,30.4392],[-97.87974,30.43917],[-97.87963,30.43905],[-97.87962,30.43902],[-97.87958,30.43896],[-97.87956,30.43881],[-97.87959,30.43783],[-97.87962,30.4376],[-97.87965,30.43745],[-97.8797,30.43732],[-97.87978,30.43709],[-97.87982,30.43693],[-97.87984,30.43672],[-97.87986,30.43646],[-97.87985,30.43619],[-97.8798,30.43593],[-97.87974,30.43575],[-97.87962,30.43553],[-97.87929,30.43514],[-97.87919,30.43495],[-97.87901,30.43453],[-97.87895,30.43444],[-97.87889,30.43435],[-97.87873,30.43424],[-97.87845,30.43413],[-97.87821,30.43409],[-97.87795,30.43411],[-97.87777,30.43415],[-97.8774,30.43427],[-97.87712,30.43444],[-97.87694,30.43462],[-97.87681,30.43477],[-97.87653,30.43511],[-97.87647,30.43521],[-97.87639,30.43535],[-97.87631,30.43553],[-97.87626,30.43579],[-97.87612,30.43663],[-97.87606,30.43691],[-97.87598,30.43715],[-97.87584,30.43749],[-97.8758,30.43771],[-97.87577,30.43795],[-97.87569,30.43813],[-97.87556,30.4383],[-97.8753,30.43858],[-97.8748,30.43903],[-97.87424,30.43948],[-97.87397,30.43969],[-97.87372,30.43985],[-97.8718,30.44103],[-97.87159,30.44114],[-97.8714,30.4412],[-97.8712,30.44126],[-97.87102,30.4413],[-97.87087,30.44131],[-97.87063,30.4413],[-97.87038,30.44127],[-97.87016,30.44122],[-97.8697,30.44111],[-97.86946,30.44107],[-97.86925,30.44105],[-97.86903,30.44106],[-97.8688,30.44109],[-97.86862,30.44114],[-97.86848,30.44119],[-97.86828,30.4413],[-97.86743,30.44175],[-97.86715,30.44189],[-97.86692,30.44202],[-97.86665,30.44211],[-97.86602,30.44233],[-97.8657,30.44245],[-97.86548,30.44256],[-97.86535,30.44264],[-97.86523,30.44271],[-97.86463,30.44312],[-97.86428,30.44337],[-97.86341,30.44397],[-97.8633,30.44405],[-97.86258,30.44463],[-97.86239,30.4448],[-97.86232,30.44486],[-97.86204,30.44517],[-97.86196,30.44527],[-97.86181,30.44538],[-97.86157,30.44551],[-97.86121,30.44571],[-97.86014,30.4463],[-97.86009,30.44633],[-97.85977,30.44646],[-97.8592,30.4466],[-97.85899,30.4467],[-97.85881,30.44686],[-97.85868,30.44703],[-97.85811,30.44807],[-97.85795,30.4483],[-97.85778,30.44847],[-97.85752,30.4487],[-97.85721,30.4489],[-97.85614,30.44953],[-97.85568,30.44973],[-97.85523,30.44988],[-97.85469,30.45007],[-97.85421,30.45023],[-97.85369,30.45044],[-97.85335,30.45065],[-97.85324,30.45072],[-97.85271,30.45101],[-97.85237,30.45117],[-97.85222,30.45123],[-97.85194,30.45134],[-97.85059,30.45186],[-97.85025,30.45199],[-97.85001,30.45208],[-97.84999,30.45209],[-97.84963,30.45223],[-97.84957,30.45226],[-97.84904,30.45247],[-97.84876,30.4526],[-97.84854,30.45273],[-97.84831,30.4529],[-97.84816,30.45301],[-97.8479,30.45324],[-97.84763,30.45351],[-97.84706,30.45414],[-97.84691,30.45436],[-97.84677,30.45457],[-97.8466,30.45498],[-97.84644,30.45562],[-97.8463,30.45638],[-97.8462,30.45668],[-97.84608,30.4569],[-97.84597,30.45711],[-97.84583,30.45734],[-97.84551,30.45763],[-97.84521,30.45785],[-97.84466,30.45826],[-97.84425,30.45856],[-97.84395,30.45869],[-97.84363,30.45881],[-97.84268,30.45905],[-97.84235,30.45916],[-97.84179,30.45941],[-97.84145,30.4596],[-97.84123,30.45976],[-97.84102,30.45997],[-97.84088,30.46015],[-97.84084,30.46022],[-97.84076,30.46035],[-97.8406,30.46063],[-97.8405,30.4608],[-97.84155,30.4613],[-97.84163,30.46136],[-97.84183,30.46148],[-97.84204,30.46164],[-97.84233,30.46189],[-97.84262,30.46223],[-97.84288,30.46256],[-97.84316,30.46292],[-97.84317,30.46292],[-97.84324,30.46301],[-97.84332,30.46312],[-97.84356,30.46348],[-97.84362,30.46361],[-97.84375,30.46391],[-97.84379,30.46406],[-97.84384,30.46433],[-97.84387,30.46467],[-97.84385,30.46529],[-97.84384,30.46561],[-97.84384,30.46598],[-97.84383,30.46607],[-97.84383,30.46617],[-97.84382,30.46672],[-97.84386,30.46701],[-97.84389,30.46715],[-97.84396,30.46743],[-97.84413,30.46785],[-97.84427,30.4681],[-97.84488,30.46911],[-97.84492,30.46918],[-97.84499,30.46929],[-97.84505,30.46939],[-97.84581,30.47061],[-97.84603,30.47096],[-97.84629,30.4713],[-97.8465,30.47152],[-97.84675,30.47175],[-97.84693,30.4719],[-97.84722,30.47212],[-97.84748,30.47225],[-97.8476,30.47232],[-97.84755,30.47238],[-97.84734,30.47266],[-97.84716,30.47288],[-97.84697,30.47305],[-97.84677,30.47321],[-97.84673,30.47323],[-97.84666,30.47328],[-97.84651,30.47337],[-97.84633,30.47346],[-97.84624,30.4735],[-97.84612,30.47355],[-97.84594,30.47361],[-97.84423,30.47414],[-97.84412,30.47417],[-97.84317,30.47447],[-97.84235,30.47472],[-97.84197,30.47484],[-97.84184,30.47488],[-97.84175,30.47491],[-97.84165,30.47494],[-97.8414,30.47502],[-97.84124,30.47507],[-97.84108,30.47512],[-97.84068,30.47524],[-97.84052,30.47529],[-97.83824,30.476],[-97.83791,30.47611],[-97.83777,30.47614],[-97.83766,30.47618],[-97.83726,30.4763],[-97.83651,30.47654],[-97.8362,30.47664],[-97.836,30.47671],[-97.83578,30.4768],[-97.83569,30.47684],[-97.83561,30.47688],[-97.83549,30.47694],[-97.83539,30.47701],[-97.83526,30.47708],[-97.83516,30.47716],[-97.83501,30.47727],[-97.8349,30.47737],[-97.83479,30.47747],[-97.8347,30.47756],[-97.83461,30.47768],[-97.83455,30.47774],[-97.83449,30.47782],[-97.83442,30.47791],[-97.83434,30.47804],[-97.83419,30.4783],[-97.83407,30.47854],[-97.83394,30.47879],[-97.83379,30.47908],[-97.83377,30.47913],[-97.8337,30.47925],[-97.83357,30.4795],[-97.83331,30.48004],[-97.83322,30.4801],[-97.83312,30.4803],[-97.8331,30.48034],[-97.83295,30.48061],[-97.83292,30.48067],[-97.83284,30.48082],[-97.83257,30.48134],[-97.83252,30.48143],[-97.83245,30.48156],[-97.8324,30.48164],[-97.83225,30.48193],[-97.83223,30.48197],[-97.83209,30.48225],[-97.83177,30.483],[-97.83178,30.48316],[-97.83162,30.48353],[-97.8314,30.48407],[-97.83123,30.48451],[-97.83119,30.48458],[-97.83097,30.48512],[-97.83078,30.48563],[-97.83061,30.48602],[-97.83054,30.4862],[-97.83049,30.48631],[-97.83021,30.48699],[-97.83005,30.48741],[-97.82979,30.48804],[-97.82972,30.48822],[-97.82948,30.48883],[-97.82938,30.48908],[-97.82923,30.48943],[-97.82887,30.4903],[-97.82871,30.49071],[-97.82854,30.49112],[-97.82822,30.49192],[-97.82788,30.49275],[-97.82777,30.49297],[-97.82761,30.49321],[-97.82751,30.49335],[-97.82725,30.49363],[-97.82684,30.49397],[-97.82689,30.49406],[-97.82699,30.4942],[-97.82717,30.4945],[-97.82737,30.49478],[-97.8274,30.49483],[-97.82773,30.49538],[-97.82779,30.4955],[-97.82782,30.49563],[-97.82783,30.49571],[-97.82784,30.49579],[-97.82783,30.49595],[-97.82776,30.4963],[-97.82772,30.49657],[-97.82771,30.4966],[-97.8277,30.49666],[-97.8277,30.49671],[-97.82769,30.49674],[-97.82756,30.49743],[-97.82753,30.49759],[-97.82753,30.49769],[-97.82755,30.49781],[-97.82759,30.49793],[-97.82762,30.49801],[-97.82766,30.49809],[-97.82774,30.49823],[-97.8278,30.49834],[-97.82788,30.49852],[-97.82791,30.49866],[-97.82792,30.49878],[-97.82792,30.4988],[-97.82792,30.49885],[-97.82792,30.49891],[-97.82793,30.49893],[-97.82794,30.49919],[-97.82795,30.49929],[-97.82797,30.49939],[-97.82805,30.49954],[-97.82815,30.4997],[-97.82851,30.50021],[-97.82861,30.50036],[-97.82874,30.50073],[-97.82875,30.50076],[-97.82877,30.50081],[-97.8288,30.50089],[-97.82882,30.50095],[-97.82883,30.50097],[-97.8293,30.50233],[-97.82935,30.50252],[-97.82943,30.50296],[-97.82955,30.5033],[-97.82983,30.50395],[-97.82988,30.50406],[-97.8299,30.50411],[-97.82992,30.50417],[-97.82995,30.50425],[-97.83012,30.50465],[-97.83017,30.50477],[-97.83018,30.50479],[-97.8302,30.50484],[-97.83012,30.50486],[-97.83009,30.50487],[-97.82996,30.50491]]}},{"type":"Feature","properties":{"route":"Austin to Llano - Hill Country Blast","category":"Twisties & Canyons","color":"#e74c3c","distance_mi":179.5,"waypoints":["Austin (Four Points)","Mansfield Dam","Bee Cave","Spicewood","Llano","Inks Lake","Park Road 4","Longhorn Cavern","Burnet","Cow Creek Road","Balcones Canyonlands","Lime Creek Road","Volente"],"via":"RM 620 South -> TX 71 West -> Llano -> TX 29 East -> RM 1431 -> Park Road 4 (Inks Lake & Longhorn Cavern) -> US 281 North -> Burnet -> RM 1174 South (Cow Creek Rd) -> RM 1431 East -> Lime Creek Rd -> Volente -> Bullick Hollow Rd","source":"road-snapped","id":"austin-to-llano-hill-country-blast"},"geometry":{"type":"LineString","coordinates":[[-97.85048,30.41066],[-97.85053,30.41056],[-97.85054,30.41054],[-97.85062,30.41038],[-97.85071,30.41021],[-97.8508,30.41004],[-97.8509,30.40982],[-97.85095,30.40974],[-97.85109,30.40946],[-97.85114,30.40936],[-97.8512,30.40925],[-97.8512,30.40923],[-97.85133,30.40898],[-97.85142,30.4088],[-97.85146,30.40872],[-97.85155,30.40853],[-97.85159,30.40845],[-97.85164,30.40836],[-97.85172,30.40818],[-97.85179,30.40804],[-97.85185,30.40793],[-97.85211,30.4074],[-97.85215,30.40733],[-97.85227,30.40708],[-97.85244,30.40672],[-97.85247,30.40666],[-97.85253,30.40656],[-97.85259,30.40646],[-97.8527,30.40625],[-97.85319,30.40533],[-97.85341,30.4049],[-97.85356,30.40463],[-97.85371,30.40433],[-97.85384,30.40407],[-97.85399,30.40379],[-97.85406,30.40365],[-97.85411,30.40356],[-97.85424,30.40331],[-97.85442,30.40298],[-97.85448,30.40286],[-97.8546,30.40263],[-97.85478,30.40229],[-97.85481,30.40222],[-97.85494,30.40198],[-97.85499,30.40188],[-97.85505,30.40177],[-97.85515,30.40157],[-97.85541,30.40108],[-97.8556,30.40072],[-97.85568,30.40056],[-97.85578,30.40037],[-97.856,30.39996],[-97.85632,30.39933],[-97.85665,30.39871],[-97.85686,30.39832],[-97.85692,30.39821],[-97.85701,30.39814],[-97.85715,30.39796],[-97.85726,30.39782],[-97.85737,30.3977],[-97.85755,30.39754],[-97.85775,30.39738],[-97.8579,30.39728],[-97.85808,30.39718],[-97.85823,30.3971],[-97.85848,30.397],[-97.85876,30.39691],[-97.86119,30.39617],[-97.86127,30.39609],[-97.86266,30.39567],[-97.86281,30.39562],[-97.86389,30.39536],[-97.86416,30.39531],[-97.86425,30.39534],[-97.86458,30.39528],[-97.86649,30.39492],[-97.86678,30.39486],[-97.86696,30.39483],[-97.8675,30.39473],[-97.86816,30.3946],[-97.86873,30.39448],[-97.86903,30.39442],[-97.86919,30.39433],[-97.86972,30.39422],[-97.86987,30.39419],[-97.87411,30.39326],[-97.87452,30.39318],[-97.87489,30.3931],[-97.87522,30.393],[-97.87632,30.39261],[-97.87715,30.39224],[-97.8777,30.39197],[-97.87834,30.39161],[-97.87875,30.39132],[-97.87963,30.3907],[-97.88026,30.39029],[-97.88065,30.39009],[-97.88125,30.38988],[-97.8817,30.38981],[-97.88215,30.38978],[-97.88217,30.38978],[-97.88234,30.38978],[-97.88271,30.3898],[-97.88358,30.38996],[-97.88366,30.38999],[-97.88454,30.39034],[-97.88458,30.39035],[-97.88478,30.39042],[-97.88576,30.39079],[-97.88593,30.39085],[-97.88616,30.39091],[-97.88668,30.39101],[-97.88699,30.39102],[-97.88726,30.39102],[-97.88763,30.39101],[-97.88805,30.39095],[-97.8884,30.39086],[-97.88881,30.39071],[-97.88902,30.39059],[-97.88913,30.39053],[-97.88926,30.39046],[-97.88943,30.39036],[-97.88991,30.38998],[-97.89046,30.38953],[-97.89053,30.38947],[-97.89081,30.38925],[-97.89087,30.38921],[-97.89129,30.38894],[-97.89176,30.38862],[-97.89221,30.38838],[-97.89254,30.38819],[-97.89318,30.38793],[-97.8941,30.38769],[-97.89506,30.38749],[-97.89571,30.38744],[-97.89642,30.38744],[-97.89692,30.38748],[-97.89705,30.38749],[-97.8971,30.38749],[-97.89739,30.38753],[-97.89749,30.38754],[-97.89856,30.38765],[-97.89907,30.38765],[-97.89958,30.38761],[-97.90001,30.38757],[-97.90351,30.38722],[-97.90403,30.38717],[-97.9045,30.38716],[-97.90501,30.3872],[-97.90539,30.38726],[-97.90579,30.38736],[-97.90617,30.3875],[-97.9065,30.38762],[-97.90689,30.3878],[-97.90756,30.38828],[-97.90784,30.38855],[-97.90809,30.38882],[-97.90838,30.38921],[-97.91083,30.39297],[-97.91124,30.3935],[-97.9115,30.3938],[-97.91187,30.39416],[-97.91224,30.39446],[-97.91257,30.39472],[-97.91318,30.39512],[-97.91363,30.39534],[-97.91391,30.39547],[-97.91469,30.39575],[-97.91526,30.39595],[-97.91541,30.396],[-97.91589,30.39616],[-97.91618,30.39625],[-97.91658,30.39639],[-97.91662,30.3964],[-97.91718,30.39652],[-97.91775,30.39662],[-97.91818,30.39666],[-97.91874,30.39668],[-97.92038,30.39669],[-97.92078,30.39669],[-97.92199,30.39671],[-97.92278,30.39676],[-97.9231,30.39679],[-97.92334,30.39681],[-97.92484,30.39702],[-97.92513,30.39707],[-97.9263,30.39728],[-97.9266,30.39733],[-97.92737,30.39745],[-97.92769,30.3975],[-97.92823,30.39757],[-97.92889,30.39764],[-97.92942,30.39765],[-97.92962,30.39763],[-97.92982,30.39761],[-97.93014,30.39756],[-97.93036,30.39751],[-97.93068,30.39741],[-97.93091,30.3973],[-97.93142,30.39708],[-97.93174,30.39689],[-97.93177,30.39687],[-97.93194,30.39677],[-97.93214,30.39661],[-97.9323,30.39648],[-97.93234,30.39644],[-97.93257,30.39619],[-97.93264,30.39612],[-97.93288,30.39586],[-97.93304,30.39566],[-97.93381,30.39472],[-97.93389,30.39463],[-97.93397,30.39454],[-97.93433,30.39412],[-97.93477,30.39361],[-97.9348,30.39358],[-97.93486,30.39353],[-97.93501,30.3934],[-97.93548,30.39297],[-97.93607,30.39247],[-97.93676,30.392],[-97.9371,30.39178],[-97.93732,30.39165],[-97.9383,30.39112],[-97.93857,30.39097],[-97.93882,30.39083],[-97.93891,30.39077],[-97.93977,30.39031],[-97.94006,30.39012],[-97.94015,30.39005],[-97.94041,30.38984],[-97.94072,30.38957],[-97.94081,30.38945],[-97.94105,30.38914],[-97.94142,30.38858],[-97.94164,30.38825],[-97.94225,30.3874],[-97.9424,30.3871],[-97.94257,30.38674],[-97.94262,30.38645],[-97.94267,30.38629],[-97.94268,30.38618],[-97.94271,30.38597],[-97.94272,30.38533],[-97.94272,30.38528],[-97.94272,30.38522],[-97.94277,30.38462],[-97.94292,30.38378],[-97.94298,30.38341],[-97.943,30.38332],[-97.94301,30.38328],[-97.94301,30.38324],[-97.94315,30.38272],[-97.94324,30.38251],[-97.94332,30.38232],[-97.94356,30.38197],[-97.9436,30.3819],[-97.94369,30.38179],[-97.94383,30.38162],[-97.94388,30.38156],[-97.94402,30.38139],[-97.94407,30.38133],[-97.94417,30.38121],[-97.94441,30.38093],[-97.94483,30.38043],[-97.94529,30.37982],[-97.94563,30.37928],[-97.94573,30.37908],[-97.94593,30.37868],[-97.94604,30.37842],[-97.94616,30.37812],[-97.94625,30.37783],[-97.9463,30.37769],[-97.94632,30.37764],[-97.94652,30.3769],[-97.94662,30.37652],[-97.94673,30.37607],[-97.9468,30.37582],[-97.94686,30.37556],[-97.94701,30.37501],[-97.94718,30.37432],[-97.94721,30.37423],[-97.94758,30.37284],[-97.94773,30.37229],[-97.94784,30.37184],[-97.94793,30.37156],[-97.94801,30.37129],[-97.94833,30.37058],[-97.94858,30.37011],[-97.94873,30.36986],[-97.94904,30.36939],[-97.94915,30.36922],[-97.94944,30.36877],[-97.94984,30.36811],[-97.9503,30.36746],[-97.9504,30.3673],[-97.95054,30.36709],[-97.95066,30.3669],[-97.95081,30.36668],[-97.95092,30.3665],[-97.9511,30.36622],[-97.95113,30.36618],[-97.95126,30.36598],[-97.95135,30.36584],[-97.95137,30.3658],[-97.95144,30.36569],[-97.95161,30.36539],[-97.95171,30.36522],[-97.95178,30.3651],[-97.9519,30.3649],[-97.95193,30.36483],[-97.95196,30.36476],[-97.95201,30.36464],[-97.95218,30.36421],[-97.95226,30.36398],[-97.95246,30.36348],[-97.95284,30.36259],[-97.95304,30.36212],[-97.95325,30.36162],[-97.95347,30.3611],[-97.95366,30.36059],[-97.95383,30.36025],[-97.95395,30.36006],[-97.95407,30.35989],[-97.95426,30.35967],[-97.95449,30.35941],[-97.95479,30.35917],[-97.95514,30.35896],[-97.95532,30.35893],[-97.95565,30.35878],[-97.95627,30.35852],[-97.95657,30.35838],[-97.95685,30.35825],[-97.95695,30.35821],[-97.9571,30.35814],[-97.95733,30.35805],[-97.95743,30.358],[-97.95766,30.3579],[-97.95789,30.35778],[-97.9581,30.35766],[-97.9583,30.35753],[-97.95843,30.35735],[-97.95866,30.35714],[-97.95981,30.35599],[-97.96053,30.35523],[-97.9606,30.35515],[-97.96072,30.35504],[-97.96084,30.35491],[-97.96122,30.35448],[-97.96145,30.35425],[-97.96154,30.35411],[-97.96165,30.35406],[-97.96205,30.35337],[-97.96229,30.35294],[-97.9627,30.35223],[-97.96274,30.35216],[-97.96285,30.35193],[-97.96293,30.35177],[-97.96307,30.35147],[-97.96315,30.35121],[-97.96316,30.35116],[-97.96326,30.35085],[-97.96327,30.35078],[-97.96338,30.35038],[-97.96346,30.35005],[-97.96349,30.34996],[-97.96351,30.34991],[-97.96356,30.3497],[-97.96359,30.34961],[-97.96359,30.34958],[-97.96361,30.34952],[-97.96362,30.34948],[-97.9637,30.34919],[-97.96371,30.34913],[-97.96376,30.34893],[-97.96382,30.34874],[-97.96387,30.34854],[-97.96391,30.3484],[-97.96406,30.34789],[-97.96412,30.34771],[-97.96419,30.34754],[-97.96425,30.34739],[-97.96438,30.34712],[-97.96452,30.34683],[-97.96456,30.34676],[-97.96483,30.34631],[-97.96495,30.34613],[-97.96498,30.34609],[-97.96502,30.34603],[-97.96513,30.34588],[-97.96518,30.3458],[-97.96522,30.34575],[-97.96532,30.34561],[-97.9656,30.3452],[-97.96562,30.34508],[-97.9657,30.34498],[-97.96616,30.34431],[-97.96658,30.34376],[-97.96679,30.34344],[-97.96697,30.34319],[-97.96706,30.34308],[-97.9671,30.34301],[-97.96725,30.34282],[-97.9673,30.34275],[-97.96775,30.34212],[-97.96781,30.34204],[-97.96797,30.34182],[-97.96808,30.34168],[-97.96854,30.34105],[-97.96861,30.34095],[-97.96869,30.34085],[-97.96918,30.34013],[-97.96944,30.33969],[-97.96976,30.33881],[-97.96985,30.33841],[-97.96988,30.33788],[-97.96986,30.33725],[-97.96976,30.33664],[-97.96956,30.33596],[-97.96937,30.33547],[-97.96894,30.3346],[-97.96889,30.3345],[-97.96832,30.33324],[-97.96801,30.33256],[-97.96797,30.33244],[-97.96759,30.33162],[-97.96737,30.33117],[-97.96729,30.33099],[-97.96711,30.33071],[-97.96693,30.33044],[-97.96641,30.32991],[-97.96572,30.32928],[-97.96517,30.32858],[-97.96442,30.32762],[-97.96433,30.32751],[-97.96429,30.32746],[-97.96404,30.32715],[-97.96394,30.32705],[-97.9638,30.3269],[-97.96361,30.32675],[-97.96321,30.32646],[-97.96279,30.32627],[-97.96221,30.32608],[-97.96158,30.3259],[-97.96064,30.3257],[-97.96017,30.3256],[-97.95953,30.32546],[-97.95939,30.32543],[-97.95908,30.32537],[-97.95879,30.32526],[-97.95863,30.3252],[-97.95824,30.32501],[-97.95812,30.32495],[-97.95775,30.32471],[-97.95754,30.32448],[-97.95738,30.32431],[-97.95733,30.32426],[-97.95723,30.32414],[-97.95707,30.32394],[-97.95706,30.32392],[-97.95699,30.32384],[-97.95685,30.32363],[-97.95669,30.32342],[-97.95603,30.32248],[-97.95585,30.32223],[-97.95565,30.322],[-97.95546,30.32176],[-97.95509,30.32148],[-97.95426,30.3209],[-97.95419,30.32084],[-97.95383,30.3206],[-97.95338,30.3203],[-97.95296,30.32002],[-97.95277,30.3199],[-97.95254,30.31974],[-97.9518,30.31924],[-97.95152,30.31904],[-97.95129,30.31888],[-97.95093,30.31857],[-97.95065,30.31834],[-97.95047,30.31811],[-97.95033,30.31793],[-97.95022,30.3178],[-97.95008,30.31752],[-97.94997,30.3173],[-97.9497,30.31649],[-97.94966,30.31637],[-97.9493,30.31645],[-97.94894,30.31649],[-97.94866,30.3165],[-97.94837,30.3165],[-97.94805,30.31646],[-97.94773,30.31639],[-97.94743,30.3163],[-97.9471,30.31616],[-97.94687,30.31603],[-97.94663,30.31587],[-97.94639,30.31567],[-97.9462,30.31547],[-97.94604,30.31528],[-97.94592,30.3151],[-97.9457,30.31475],[-97.9452,30.31394],[-97.94462,30.31301],[-97.94449,30.31282],[-97.94438,30.31268],[-97.94424,30.31253],[-97.94404,30.31236],[-97.94371,30.31211],[-97.94351,30.312],[-97.94326,30.31189],[-97.94296,30.31177],[-97.94261,30.31168],[-97.94261,30.31165],[-97.94262,30.31156],[-97.94274,30.31128],[-97.94274,30.31115],[-97.942,30.31086],[-97.94103,30.31049],[-97.94009,30.31011],[-97.93997,30.31006],[-97.93979,30.30999],[-97.9395,30.30988],[-97.94006,30.30885],[-97.94034,30.30833],[-97.9404,30.30822],[-97.94041,30.30816],[-97.94039,30.30809],[-97.94034,30.30799],[-97.94038,30.30796],[-97.94042,30.30793],[-97.94044,30.30789],[-97.94046,30.30784],[-97.94045,30.30778],[-97.94043,30.30773],[-97.94038,30.30768],[-97.94044,30.30757],[-97.94054,30.30739],[-97.94071,30.30701],[-97.94338,30.30802],[-97.94364,30.30811],[-97.94406,30.30825],[-97.94416,30.30828],[-97.94452,30.30838],[-97.9446,30.3084],[-97.94489,30.30845],[-97.9454,30.3085],[-97.94568,30.30853],[-97.94594,30.30854],[-97.94597,30.30854],[-97.94606,30.30854],[-97.94633,30.30853],[-97.94784,30.30846],[-97.94861,30.3084],[-97.94903,30.30831],[-97.94945,30.30829],[-97.94983,30.30826],[-97.9503,30.30823],[-97.95078,30.30821],[-97.95114,30.30818],[-97.95225,30.30812],[-97.95281,30.30808],[-97.9541,30.308],[-97.95462,30.308],[-97.95511,30.308],[-97.95556,30.30803],[-97.95619,30.30809],[-97.95662,30.30816],[-97.95735,30.3083],[-97.95946,30.30875],[-97.95984,30.30883],[-97.96021,30.30891],[-97.96057,30.30899],[-97.96106,30.30909],[-97.96122,30.30913],[-97.96151,30.30919],[-97.96156,30.3092],[-97.96203,30.3093],[-97.96248,30.30939],[-97.96297,30.3095],[-97.96302,30.30951],[-97.96319,30.30954],[-97.96338,30.30958],[-97.96369,30.30964],[-97.96388,30.30968],[-97.9639,30.30969],[-97.96473,30.30986],[-97.96531,30.30999],[-97.96545,30.31001],[-97.96603,30.31014],[-97.96618,30.31017],[-97.96658,30.31026],[-97.96738,30.31043],[-97.96746,30.31044],[-97.96921,30.31082],[-97.96933,30.31085],[-97.96994,30.31098],[-97.97013,30.31102],[-97.97031,30.31105],[-97.97071,30.31114],[-97.97078,30.31116],[-97.97111,30.31123],[-97.97149,30.31133],[-97.97205,30.31153],[-97.97266,30.3118],[-97.97308,30.31202],[-97.97356,30.31233],[-97.97384,30.31253],[-97.97397,30.31262],[-97.97427,30.31286],[-97.9765,30.31472],[-97.97742,30.31548],[-97.97773,30.31572],[-97.97786,30.31582],[-97.97824,30.31607],[-97.97835,30.31613],[-97.97846,30.31618],[-97.97891,30.3164],[-97.97918,30.31649],[-97.97921,30.3165],[-97.97961,30.31665],[-97.97983,30.3167],[-97.9801,30.31678],[-97.9803,30.31681],[-97.98041,30.31683],[-97.98065,30.31687],[-97.98097,30.31691],[-97.98197,30.31702],[-97.98448,30.31726],[-97.98483,30.3173],[-97.98488,30.3173],[-97.98526,30.31734],[-97.98689,30.3175],[-97.98873,30.3177],[-97.99017,30.31783],[-97.99038,30.31785],[-97.99078,30.31789],[-97.99132,30.31795],[-97.99172,30.31799],[-97.99218,30.31804],[-97.99234,30.31807],[-97.99266,30.31809],[-97.99356,30.31817],[-97.9944,30.31822],[-97.99452,30.31822],[-97.99463,30.31822],[-97.99512,30.31823],[-97.99594,30.31821],[-97.99682,30.31815],[-97.9976,30.31808],[-97.99945,30.31783],[-98.0006,30.31767],[-98.00092,30.31763],[-98.00116,30.3176],[-98.00142,30.31758],[-98.00162,30.31758],[-98.00182,30.31758],[-98.00199,30.31759],[-98.00217,30.3176],[-98.00249,30.31764],[-98.00275,30.31769],[-98.00299,30.31775],[-98.00318,30.31781],[-98.00345,30.3179],[-98.00364,30.31798],[-98.004,30.31814],[-98.00418,30.31825],[-98.00433,30.31834],[-98.00468,30.31857],[-98.00556,30.31921],[-98.00583,30.31941],[-98.00699,30.32025],[-98.00711,30.32034],[-98.01128,30.32335],[-98.01137,30.32341],[-98.01147,30.32349],[-98.0118,30.32372],[-98.01186,30.32377],[-98.01202,30.32388],[-98.01295,30.32456],[-98.01684,30.32737],[-98.01715,30.32756],[-98.01746,30.32775],[-98.01846,30.32833],[-98.01912,30.32867],[-98.0194,30.32882],[-98.01981,30.32901],[-98.02002,30.3291],[-98.02042,30.32928],[-98.02056,30.32933],[-98.02102,30.32951],[-98.02152,30.3297],[-98.02267,30.33009],[-98.02275,30.33011],[-98.02313,30.33029],[-98.02329,30.33038],[-98.02356,30.33055],[-98.02383,30.33075],[-98.0241,30.331],[-98.02452,30.33143],[-98.02463,30.33154],[-98.02478,30.33169],[-98.02485,30.33177],[-98.02501,30.33191],[-98.02516,30.33204],[-98.0253,30.33214],[-98.02542,30.33224],[-98.02558,30.33234],[-98.02589,30.33252],[-98.02607,30.33261],[-98.02638,30.33275],[-98.0271,30.33304],[-98.02748,30.33323],[-98.02783,30.33344],[-98.0282,30.3337],[-98.02909,30.33451],[-98.0294,30.33479],[-98.02967,30.33498],[-98.02993,30.33512],[-98.03023,30.33527],[-98.03134,30.33572],[-98.03191,30.33601],[-98.03233,30.33629],[-98.03341,30.3371],[-98.03389,30.33749],[-98.03473,30.3381],[-98.03538,30.33856],[-98.03553,30.33867],[-98.03589,30.33893],[-98.03645,30.33929],[-98.03665,30.33941],[-98.03681,30.3395],[-98.03733,30.33971],[-98.0375,30.33977],[-98.03769,30.33984],[-98.03785,30.33988],[-98.03803,30.33992],[-98.03823,30.33996],[-98.03838,30.33998],[-98.03852,30.34],[-98.03894,30.34004],[-98.03915,30.34004],[-98.03927,30.34004],[-98.0393,30.34004],[-98.03953,30.34005],[-98.04035,30.34005],[-98.04088,30.34011],[-98.04146,30.34025],[-98.04178,30.34038],[-98.0419,30.34043],[-98.04225,30.34061],[-98.04257,30.34081],[-98.04298,30.34111],[-98.04394,30.34186],[-98.0447,30.34242],[-98.04604,30.34341],[-98.04664,30.34385],[-98.04689,30.34403],[-98.04692,30.34406],[-98.04726,30.34431],[-98.04813,30.34495],[-98.0486,30.3453],[-98.04967,30.34601],[-98.05089,30.34666],[-98.05166,30.34699],[-98.05203,30.3471],[-98.05283,30.34733],[-98.05346,30.34746],[-98.05431,30.34759],[-98.05642,30.34788],[-98.0579,30.34809],[-98.05831,30.3481],[-98.05933,30.34833],[-98.05957,30.34844],[-98.06047,30.34886],[-98.06074,30.34901],[-98.06108,30.3492],[-98.06119,30.34927],[-98.06195,30.34996],[-98.06264,30.35067],[-98.06296,30.35102],[-98.06308,30.35117],[-98.06347,30.35166],[-98.06372,30.35198],[-98.06376,30.35203],[-98.0638,30.35209],[-98.06396,30.35228],[-98.06418,30.35255],[-98.0643,30.35269],[-98.06449,30.35293],[-98.06489,30.3534],[-98.06512,30.35368],[-98.06541,30.35402],[-98.06561,30.35425],[-98.06603,30.35475],[-98.06649,30.35529],[-98.06676,30.3556],[-98.06749,30.35647],[-98.06813,30.35731],[-98.06833,30.35761],[-98.06839,30.35769],[-98.06873,30.35834],[-98.06879,30.35845],[-98.06889,30.3587],[-98.069,30.35897],[-98.06916,30.3599],[-98.0692,30.36019],[-98.06921,30.36042],[-98.06922,30.36057],[-98.06923,30.36091],[-98.06926,30.36185],[-98.06935,30.3624],[-98.06936,30.36245],[-98.06945,30.36306],[-98.06974,30.36361],[-98.0699,30.36386],[-98.07007,30.36412],[-98.07014,30.36423],[-98.07068,30.36506],[-98.07175,30.36668],[-98.07193,30.36696],[-98.0726,30.36797],[-98.07269,30.36811],[-98.07317,30.36863],[-98.07376,30.36913],[-98.07401,30.36929],[-98.07434,30.36949],[-98.0748,30.36971],[-98.07515,30.36989],[-98.07627,30.37057],[-98.0767,30.37097],[-98.07688,30.37119],[-98.07705,30.3714],[-98.07748,30.37206],[-98.07775,30.37245],[-98.07789,30.37267],[-98.07799,30.37283],[-98.07817,30.37312],[-98.07876,30.374],[-98.07895,30.37429],[-98.07921,30.37468],[-98.07931,30.37483],[-98.07987,30.37578],[-98.07988,30.37579],[-98.08016,30.3762],[-98.08039,30.37655],[-98.0807,30.37701],[-98.08181,30.37873],[-98.0831,30.38072],[-98.08517,30.38385],[-98.08544,30.38423],[-98.08553,30.38441],[-98.08561,30.38458],[-98.08598,30.3854],[-98.08613,30.38579],[-98.08634,30.38649],[-98.08647,30.38713],[-98.08646,30.38728],[-98.08644,30.38847],[-98.08631,30.39103],[-98.08624,30.39185],[-98.08626,30.39248],[-98.08649,30.39334],[-98.08674,30.39393],[-98.08698,30.39434],[-98.08739,30.39485],[-98.0888,30.39649],[-98.08939,30.39718],[-98.0896,30.39741],[-98.08997,30.39781],[-98.09073,30.39865],[-98.09096,30.39891],[-98.0919,30.4002],[-98.09193,30.40023],[-98.09265,30.40097],[-98.09318,30.4015],[-98.0936,30.40193],[-98.09377,30.40205],[-98.09488,30.40283],[-98.09557,30.4033],[-98.09852,30.40443],[-98.09866,30.40448],[-98.09916,30.40467],[-98.09919,30.40468],[-98.10035,30.4051],[-98.10088,30.4053],[-98.10241,30.406],[-98.10373,30.40678],[-98.10563,30.40791],[-98.10636,30.40835],[-98.10729,30.40879],[-98.10818,30.40937],[-98.10883,30.40976],[-98.10886,30.40977],[-98.10923,30.40998],[-98.11106,30.41105],[-98.11235,30.41179],[-98.11308,30.41222],[-98.11714,30.41455],[-98.11787,30.41496],[-98.11792,30.415],[-98.11823,30.41517],[-98.12023,30.41631],[-98.12198,30.41731],[-98.1223,30.41755],[-98.12322,30.4182],[-98.12399,30.41885],[-98.12435,30.41917],[-98.12469,30.41948],[-98.12535,30.42008],[-98.12641,30.42109],[-98.12771,30.42238],[-98.12788,30.42253],[-98.12799,30.42263],[-98.12907,30.42356],[-98.12936,30.42382],[-98.12949,30.42394],[-98.12972,30.42411],[-98.12996,30.42427],[-98.13021,30.42442],[-98.13047,30.42455],[-98.13074,30.42467],[-98.13102,30.42477],[-98.13138,30.42489],[-98.13162,30.42497],[-98.13196,30.42509],[-98.1329,30.42543],[-98.13296,30.42545],[-98.13328,30.42559],[-98.13356,30.42573],[-98.13388,30.42591],[-98.13418,30.42611],[-98.13443,30.42628],[-98.1368,30.42819],[-98.13708,30.42842],[-98.13833,30.42946],[-98.1385,30.4296],[-98.13854,30.42963],[-98.13884,30.42987],[-98.1392,30.43017],[-98.13947,30.43038],[-98.14067,30.43136],[-98.14102,30.43169],[-98.14146,30.43217],[-98.14163,30.43236],[-98.14187,30.43268],[-98.14209,30.433],[-98.14233,30.4334],[-98.14238,30.43349],[-98.14251,30.43373],[-98.14266,30.43407],[-98.14334,30.43569],[-98.14381,30.43678],[-98.14405,30.43732],[-98.14419,30.43758],[-98.1442,30.4376],[-98.14434,30.43785],[-98.14498,30.43889],[-98.14526,30.43937],[-98.14627,30.44098],[-98.14676,30.44175],[-98.14695,30.44209],[-98.14718,30.44255],[-98.14736,30.44296],[-98.14751,30.44336],[-98.14754,30.44347],[-98.1477,30.44394],[-98.14781,30.44437],[-98.14784,30.44449],[-98.14789,30.44477],[-98.14794,30.44509],[-98.14797,30.44523],[-98.14798,30.44531],[-98.14801,30.44553],[-98.14813,30.44636],[-98.1484,30.44839],[-98.14859,30.44976],[-98.14865,30.45029],[-98.14867,30.45046],[-98.14869,30.45057],[-98.14877,30.45104],[-98.14888,30.45155],[-98.14895,30.45181],[-98.14906,30.45212],[-98.14919,30.45242],[-98.14934,30.45271],[-98.1495,30.453],[-98.14981,30.45344],[-98.14997,30.45366],[-98.15018,30.4539],[-98.15042,30.45416],[-98.15066,30.4544],[-98.15085,30.45456],[-98.15112,30.4548],[-98.15244,30.45592],[-98.15321,30.45659],[-98.15372,30.457],[-98.15388,30.45715],[-98.15402,30.45726],[-98.15433,30.45751],[-98.15462,30.45778],[-98.15507,30.45816],[-98.15557,30.45858],[-98.15662,30.45947],[-98.1569,30.45972],[-98.15702,30.45981],[-98.1575,30.4602],[-98.15791,30.46052],[-98.15855,30.46097],[-98.15885,30.46117],[-98.15902,30.46127],[-98.15906,30.4613],[-98.15911,30.46133],[-98.15953,30.46158],[-98.15942,30.46194],[-98.15953,30.46158],[-98.15983,30.46177],[-98.15997,30.46185],[-98.16057,30.46218],[-98.16092,30.46235],[-98.16146,30.46262],[-98.16211,30.46295],[-98.16308,30.46345],[-98.1639,30.46387],[-98.16537,30.46464],[-98.16568,30.46479],[-98.16715,30.46554],[-98.16721,30.46557],[-98.16725,30.46559],[-98.16775,30.46586],[-98.16839,30.46619],[-98.16976,30.4669],[-98.17211,30.46812],[-98.17493,30.46959],[-98.18104,30.47274],[-98.18204,30.47326],[-98.18213,30.4733],[-98.18474,30.47464],[-98.1851,30.47483],[-98.18527,30.47492],[-98.1858,30.47519],[-98.18617,30.47538],[-98.18629,30.47544],[-98.18694,30.47577],[-98.18734,30.47598],[-98.18801,30.47632],[-98.19152,30.47813],[-98.19228,30.47852],[-98.19334,30.47905],[-98.19538,30.4801],[-98.1954,30.48011],[-98.19616,30.4805],[-98.19654,30.4807],[-98.1969,30.48088],[-98.19724,30.48106],[-98.19808,30.48149],[-98.19873,30.48181],[-98.1989,30.48189],[-98.1997,30.48225],[-98.20006,30.48241],[-98.20058,30.48265],[-98.20096,30.48281],[-98.20197,30.48324],[-98.20257,30.4835],[-98.20307,30.48371],[-98.20389,30.48407],[-98.20434,30.48427],[-98.20506,30.48459],[-98.20614,30.48505],[-98.2076,30.48568],[-98.20824,30.48595],[-98.20839,30.48602],[-98.20958,30.48653],[-98.21094,30.48711],[-98.21135,30.48727],[-98.21151,30.48732],[-98.2119,30.48746],[-98.2124,30.48761],[-98.21318,30.48779],[-98.21367,30.4879],[-98.21434,30.48803],[-98.21474,30.48812],[-98.21596,30.48838],[-98.22276,30.48986],[-98.2263,30.49061],[-98.22733,30.49083],[-98.2325,30.49195],[-98.23382,30.49223],[-98.23481,30.49244],[-98.23547,30.49257],[-98.23615,30.49268],[-98.23666,30.49274],[-98.23799,30.49289],[-98.23906,30.49301],[-98.24109,30.49324],[-98.24186,30.49329],[-98.24523,30.49364],[-98.24623,30.49375],[-98.24881,30.49402],[-98.24939,30.49408],[-98.24988,30.49415],[-98.25038,30.49424],[-98.2508,30.49434],[-98.2516,30.49455],[-98.26144,30.49752],[-98.26194,30.49768],[-98.26273,30.49797],[-98.26375,30.4984],[-98.26389,30.49846],[-98.26731,30.50006],[-98.27315,30.50277],[-98.27504,30.50363],[-98.27539,30.50378],[-98.27585,30.50396],[-98.27632,30.50411],[-98.2768,30.50426],[-98.28386,30.50609],[-98.28453,30.50627],[-98.2891,30.50744],[-98.29078,30.50786],[-98.29235,30.50827],[-98.29469,30.50887],[-98.29438,30.50887],[-98.29469,30.50887],[-98.29498,30.50894],[-98.29557,30.50909],[-98.29663,30.50936],[-98.29672,30.50939],[-98.29744,30.50958],[-98.29971,30.51017],[-98.29988,30.51022],[-98.30112,30.51052],[-98.30235,30.51085],[-98.30247,30.51088],[-98.30449,30.5114],[-98.30459,30.51143],[-98.30596,30.51178],[-98.30608,30.51181],[-98.31302,30.51359],[-98.31314,30.51362],[-98.31409,30.51386],[-98.31474,30.514],[-98.31536,30.51412],[-98.31597,30.51421],[-98.31664,30.5143],[-98.32671,30.51535],[-98.33714,30.51645],[-98.34135,30.51688],[-98.34313,30.51707],[-98.34641,30.51741],[-98.34732,30.5175],[-98.34755,30.51751],[-98.34788,30.51753],[-98.34846,30.51755],[-98.34901,30.51754],[-98.34952,30.5175],[-98.3501,30.51745],[-98.35109,30.51729],[-98.35155,30.51717],[-98.35346,30.51669],[-98.35662,30.51593],[-98.36008,30.5151],[-98.36334,30.5143],[-98.36395,30.51417],[-98.36517,30.51393],[-98.36744,30.51352],[-98.37035,30.51302],[-98.37152,30.51283],[-98.37227,30.51272],[-98.37277,30.51267],[-98.37328,30.51264],[-98.37385,30.51263],[-98.37426,30.51263],[-98.37442,30.51264],[-98.37499,30.51266],[-98.37535,30.5127],[-98.37667,30.51282],[-98.37715,30.51287],[-98.37908,30.51305],[-98.37927,30.51307],[-98.38009,30.51315],[-98.38216,30.51335],[-98.38945,30.51403],[-98.3943,30.5145],[-98.39452,30.51452],[-98.3949,30.51457],[-98.3955,30.51467],[-98.39595,30.51475],[-98.39634,30.51485],[-98.39705,30.51506],[-98.398,30.51533],[-98.40022,30.51595],[-98.4025,30.51658],[-98.40344,30.51684],[-98.40414,30.51702],[-98.4046,30.51718],[-98.40529,30.51745],[-98.4054,30.5175],[-98.40562,30.5176],[-98.40611,30.51783],[-98.40978,30.51962],[-98.41206,30.52071],[-98.41247,30.52094],[-98.41284,30.52116],[-98.41322,30.5214],[-98.41355,30.52163],[-98.41571,30.52322],[-98.41863,30.52536],[-98.41926,30.52576],[-98.41979,30.52607],[-98.42039,30.52637],[-98.42104,30.52668],[-98.42345,30.52778],[-98.42397,30.52801],[-98.42712,30.52943],[-98.42772,30.52967],[-98.42834,30.52989],[-98.43649,30.53251],[-98.43693,30.53268],[-98.4373,30.53283],[-98.43773,30.53303],[-98.43811,30.53322],[-98.43848,30.53343],[-98.43884,30.53364],[-98.43921,30.53387],[-98.43958,30.53412],[-98.44303,30.53666],[-98.44464,30.53784],[-98.44513,30.53821],[-98.44754,30.53997],[-98.4481,30.54036],[-98.44874,30.54074],[-98.44941,30.54109],[-98.45009,30.5414],[-98.45525,30.54359],[-98.45571,30.54381],[-98.45621,30.54406],[-98.45678,30.5444],[-98.45726,30.54471],[-98.45768,30.54501],[-98.45812,30.54536],[-98.46972,30.55538],[-98.47039,30.55596],[-98.47083,30.55634],[-98.47133,30.55677],[-98.47222,30.55754],[-98.47342,30.55858],[-98.48534,30.56886],[-98.48671,30.57005],[-98.48726,30.57056],[-98.48775,30.57105],[-98.49491,30.57863],[-98.49651,30.58031],[-98.49688,30.58074],[-98.49718,30.58111],[-98.4976,30.58168],[-98.49832,30.58273],[-98.49998,30.58518],[-98.50228,30.58853],[-98.50351,30.5903],[-98.50382,30.59075],[-98.50413,30.59116],[-98.50558,30.59303],[-98.50804,30.5962],[-98.51233,30.60174],[-98.51399,30.60389],[-98.51429,30.60429],[-98.51475,30.60497],[-98.51491,30.60522],[-98.51855,30.61145],[-98.52705,30.62599],[-98.52726,30.62637],[-98.52746,30.62678],[-98.52763,30.62714],[-98.52779,30.62749],[-98.52856,30.62914],[-98.52881,30.62967],[-98.52924,30.63059],[-98.5294,30.63092],[-98.52957,30.6312],[-98.52977,30.63152],[-98.52996,30.63179],[-98.53022,30.63211],[-98.53048,30.63239],[-98.53078,30.63267],[-98.53105,30.63291],[-98.53969,30.63995],[-98.54009,30.64029],[-98.54048,30.64066],[-98.54084,30.64108],[-98.54117,30.6415],[-98.54147,30.64194],[-98.54174,30.64241],[-98.54197,30.64289],[-98.54216,30.64339],[-98.54329,30.64684],[-98.54504,30.65219],[-98.54519,30.65258],[-98.54536,30.65298],[-98.54556,30.65336],[-98.54579,30.65373],[-98.54587,30.65385],[-98.54594,30.65395],[-98.54604,30.65409],[-98.5463,30.65444],[-98.54658,30.65478],[-98.54687,30.6551],[-98.5487,30.65696],[-98.54905,30.65737],[-98.54935,30.65778],[-98.54964,30.65824],[-98.5499,30.65871],[-98.55013,30.65922],[-98.55033,30.65975],[-98.55048,30.66029],[-98.55057,30.66084],[-98.55067,30.66153],[-98.5514,30.66691],[-98.55148,30.66732],[-98.55158,30.6677],[-98.5517,30.66809],[-98.55184,30.66848],[-98.55201,30.66886],[-98.55221,30.66924],[-98.55243,30.66961],[-98.55264,30.66993],[-98.55623,30.67471],[-98.55644,30.67501],[-98.55662,30.6753],[-98.5568,30.67561],[-98.55697,30.67594],[-98.55711,30.67625],[-98.55724,30.67659],[-98.55736,30.67692],[-98.55745,30.6773],[-98.55917,30.68369],[-98.55926,30.68394],[-98.55989,30.68562],[-98.56208,30.69151],[-98.56233,30.69215],[-98.56248,30.69248],[-98.5627,30.69286],[-98.56294,30.69325],[-98.56312,30.69352],[-98.56342,30.69392],[-98.56671,30.69828],[-98.56767,30.69955],[-98.57049,30.70329],[-98.57075,30.7036],[-98.57104,30.70389],[-98.57132,30.70412],[-98.57165,30.70435],[-98.572,30.70457],[-98.57241,30.7048],[-98.57278,30.70496],[-98.57319,30.70511],[-98.57361,30.70523],[-98.57401,30.70532],[-98.57446,30.70538],[-98.5749,30.70541],[-98.57537,30.70542],[-98.57582,30.70539],[-98.57623,30.70535],[-98.57676,30.70524],[-98.57723,30.7051],[-98.57811,30.7048],[-98.57842,30.70469],[-98.58014,30.70409],[-98.58217,30.70339],[-98.58307,30.70308],[-98.58338,30.70298],[-98.58371,30.7029],[-98.58403,30.70283],[-98.58436,30.70277],[-98.5847,30.70272],[-98.58504,30.70269],[-98.58539,30.70268],[-98.58575,30.70267],[-98.5898,30.7028],[-98.59033,30.70285],[-98.59083,30.70293],[-98.59134,30.70305],[-98.59181,30.7032],[-98.59306,30.70364],[-98.59335,30.70376],[-98.5936,30.70387],[-98.59387,30.704],[-98.59412,30.70414],[-98.59437,30.70429],[-98.59459,30.70445],[-98.59481,30.70461],[-98.59504,30.70479],[-98.59847,30.70769],[-98.59877,30.70793],[-98.59906,30.70814],[-98.59938,30.70835],[-98.59973,30.70855],[-98.60007,30.70872],[-98.60043,30.70887],[-98.60079,30.70899],[-98.60116,30.70911],[-98.60853,30.71115],[-98.60894,30.71128],[-98.60933,30.71142],[-98.60968,30.71156],[-98.6101,30.71174],[-98.61051,30.71192],[-98.61352,30.71332],[-98.61401,30.71354],[-98.61453,30.71373],[-98.61507,30.7139],[-98.61561,30.71404],[-98.61617,30.71415],[-98.61672,30.71423],[-98.61726,30.71427],[-98.61782,30.71429],[-98.62732,30.71428],[-98.62769,30.71428],[-98.62809,30.7143],[-98.6285,30.71434],[-98.62889,30.71439],[-98.62929,30.71446],[-98.62969,30.71455],[-98.63006,30.71465],[-98.63045,30.71476],[-98.63082,30.71488],[-98.63809,30.71763],[-98.63844,30.71777],[-98.6388,30.71794],[-98.63917,30.71812],[-98.63953,30.71831],[-98.63985,30.71852],[-98.64018,30.71875],[-98.64048,30.71898],[-98.64079,30.71923],[-98.64108,30.71949],[-98.64136,30.71975],[-98.64911,30.72731],[-98.65214,30.73021],[-98.65258,30.73056],[-98.65297,30.73084],[-98.65338,30.73112],[-98.65384,30.73138],[-98.65432,30.73161],[-98.65479,30.73181],[-98.65522,30.73197],[-98.65561,30.7321],[-98.6575,30.73265],[-98.66261,30.73411],[-98.66346,30.73436],[-98.66393,30.73449],[-98.66539,30.73491],[-98.66576,30.73502],[-98.66649,30.73524],[-98.66694,30.73537],[-98.6682,30.73573],[-98.66951,30.7361],[-98.67234,30.73692],[-98.67259,30.73699],[-98.67303,30.73712],[-98.67362,30.73729],[-98.67398,30.73739],[-98.67417,30.73745],[-98.67486,30.73765],[-98.67505,30.73775],[-98.67561,30.73791],[-98.67575,30.73798],[-98.67585,30.73804],[-98.67593,30.73811],[-98.67598,30.73818],[-98.67604,30.73827],[-98.67609,30.73837],[-98.67612,30.73847],[-98.67613,30.73859],[-98.67611,30.73879],[-98.67604,30.73896],[-98.676,30.73911],[-98.67596,30.73929],[-98.67592,30.73949],[-98.6759,30.73971],[-98.67589,30.7399],[-98.67592,30.7401],[-98.67591,30.7404],[-98.67591,30.74142],[-98.6759,30.7424],[-98.67592,30.74336],[-98.67591,30.7438],[-98.67591,30.74434],[-98.67592,30.74532],[-98.67592,30.74632],[-98.67592,30.74688],[-98.67592,30.74718],[-98.67593,30.7473],[-98.67593,30.74762],[-98.67593,30.74768],[-98.67593,30.74826],[-98.67593,30.74927],[-98.67593,30.74955],[-98.67593,30.75007],[-98.67593,30.75029],[-98.67594,30.75082],[-98.67594,30.75127],[-98.67592,30.7517],[-98.67591,30.75188],[-98.67578,30.7544],[-98.67575,30.75489],[-98.67574,30.75514],[-98.67573,30.75522],[-98.67572,30.75551],[-98.67572,30.75556],[-98.67571,30.7556],[-98.67571,30.75601],[-98.67568,30.75642],[-98.67567,30.75649],[-98.67566,30.75655],[-98.67563,30.75671],[-98.6756,30.75686],[-98.67542,30.75746],[-98.67534,30.7577],[-98.67528,30.75793],[-98.67527,30.75803],[-98.67522,30.75834],[-98.67521,30.75847],[-98.67519,30.75863],[-98.67518,30.75893],[-98.67518,30.75915],[-98.67508,30.75932],[-98.67502,30.75939],[-98.67486,30.75947],[-98.67471,30.75951],[-98.67449,30.75951],[-98.67368,30.75951],[-98.67216,30.75949],[-98.66995,30.75947],[-98.66959,30.75946],[-98.66914,30.75947],[-98.66853,30.75947],[-98.66765,30.75947],[-98.66608,30.75945],[-98.66513,30.75945],[-98.66458,30.75944],[-98.66344,30.75943],[-98.66327,30.75944],[-98.66311,30.75944],[-98.66282,30.75945],[-98.66249,30.75947],[-98.66223,30.75949],[-98.66151,30.75959],[-98.66122,30.75965],[-98.66044,30.75981],[-98.66014,30.75988],[-98.65834,30.76029],[-98.65809,30.76034],[-98.65795,30.76038],[-98.65776,30.76044],[-98.65744,30.76052],[-98.65717,30.76057],[-98.65624,30.76079],[-98.65511,30.76103],[-98.65428,30.76122],[-98.65357,30.76138],[-98.65306,30.76148],[-98.65234,30.7616],[-98.65202,30.76163],[-98.65168,30.76168],[-98.65147,30.7617],[-98.65122,30.76172],[-98.65062,30.76177],[-98.6501,30.76179],[-98.64987,30.7618],[-98.64858,30.7618],[-98.64694,30.76179],[-98.64575,30.76178],[-98.6452,30.76177],[-98.64011,30.76175],[-98.6397,30.76175],[-98.63908,30.76173],[-98.63658,30.76172],[-98.63601,30.76172],[-98.63359,30.7617],[-98.63221,30.76169],[-98.63163,30.76168],[-98.63098,30.76166],[-98.63038,30.76161],[-98.62983,30.76154],[-98.62934,30.76146],[-98.62796,30.76121],[-98.62379,30.76045],[-98.62349,30.7604],[-98.62301,30.76034],[-98.62262,30.7603],[-98.62233,30.76028],[-98.62202,30.76028],[-98.62161,30.76029],[-98.62146,30.76029],[-98.62104,30.76031],[-98.62043,30.76037],[-98.61969,30.76051],[-98.61927,30.76061],[-98.61884,30.76073],[-98.61863,30.7608],[-98.61831,30.76091],[-98.61784,30.76109],[-98.61642,30.76166],[-98.61554,30.76204],[-98.61383,30.76273],[-98.61364,30.7628],[-98.61327,30.76293],[-98.6128,30.76306],[-98.61256,30.76312],[-98.61194,30.76322],[-98.61125,30.76326],[-98.61025,30.76328],[-98.60998,30.7633],[-98.60964,30.76334],[-98.60934,30.7634],[-98.60888,30.7635],[-98.60867,30.76355],[-98.60833,30.76366],[-98.60813,30.76373],[-98.608,30.76379],[-98.6077,30.76393],[-98.60754,30.764],[-98.60606,30.7648],[-98.60574,30.76498],[-98.60456,30.76562],[-98.60265,30.76669],[-98.60201,30.76703],[-98.60087,30.76764],[-98.60014,30.76804],[-98.5975,30.76948],[-98.59413,30.77133],[-98.5914,30.77281],[-98.58955,30.77382],[-98.58812,30.7746],[-98.58538,30.7761],[-98.58117,30.77839],[-98.5811,30.77843],[-98.58079,30.77858],[-98.5804,30.77876],[-98.58001,30.77892],[-98.57961,30.77906],[-98.57907,30.77922],[-98.57837,30.77941],[-98.57408,30.78044],[-98.57297,30.78068],[-98.57153,30.78094],[-98.57014,30.78116],[-98.56895,30.78131],[-98.56803,30.78144],[-98.56741,30.78152],[-98.56667,30.78162],[-98.56643,30.78165],[-98.566,30.78169],[-98.56562,30.7817],[-98.56518,30.78169],[-98.5648,30.78167],[-98.56443,30.78163],[-98.56406,30.78157],[-98.56369,30.7815],[-98.56333,30.78141],[-98.56291,30.78128],[-98.56256,30.78116],[-98.5621,30.78097],[-98.56177,30.78082],[-98.56144,30.78064],[-98.56113,30.78045],[-98.56083,30.78025],[-98.56038,30.77991],[-98.55936,30.77907],[-98.55687,30.77708],[-98.55684,30.77706],[-98.55612,30.77648],[-98.55564,30.77609],[-98.55456,30.77522],[-98.55415,30.7749],[-98.55352,30.77439],[-98.55029,30.77179],[-98.54939,30.77111],[-98.54867,30.77058],[-98.54802,30.77014],[-98.54721,30.76961],[-98.54638,30.7691],[-98.54563,30.76866],[-98.54485,30.76823],[-98.54074,30.76609],[-98.54064,30.76604],[-98.54032,30.76587],[-98.54008,30.76573],[-98.53676,30.76401],[-98.53629,30.76374],[-98.53583,30.76345],[-98.53539,30.76315],[-98.53496,30.76282],[-98.53447,30.76241],[-98.53413,30.76209],[-98.53379,30.76176],[-98.53348,30.76142],[-98.53338,30.76131],[-98.53317,30.76105],[-98.53266,30.76038],[-98.53239,30.75996],[-98.53211,30.75947],[-98.53188,30.75903],[-98.53167,30.75858],[-98.53148,30.75811],[-98.53133,30.75769],[-98.53121,30.75727],[-98.53067,30.75512],[-98.53003,30.75255],[-98.52993,30.75218],[-98.52981,30.75182],[-98.52966,30.75145],[-98.5295,30.7511],[-98.52932,30.75075],[-98.52912,30.75041],[-98.5289,30.75008],[-98.52866,30.74976],[-98.52841,30.74945],[-98.52813,30.74915],[-98.52784,30.74886],[-98.52754,30.74858],[-98.52722,30.74832],[-98.52681,30.74801],[-98.5253,30.74692],[-98.52297,30.74526],[-98.5221,30.74462],[-98.52012,30.7432],[-98.51781,30.74156],[-98.51624,30.74043],[-98.51488,30.73945],[-98.51461,30.73923],[-98.51436,30.73899],[-98.51412,30.73874],[-98.5139,30.73848],[-98.5137,30.7382],[-98.51346,30.73781],[-98.51323,30.73736],[-98.51306,30.73702],[-98.51287,30.73662],[-98.51274,30.73638],[-98.51258,30.73614],[-98.51241,30.7359],[-98.51223,30.73568],[-98.51203,30.73547],[-98.51182,30.73527],[-98.51173,30.7352],[-98.51159,30.73508],[-98.51135,30.7349],[-98.51101,30.73467],[-98.51091,30.73461],[-98.51041,30.73431],[-98.51004,30.7341],[-98.50944,30.73375],[-98.50907,30.73356],[-98.50869,30.73337],[-98.5083,30.7332],[-98.50784,30.73303],[-98.5075,30.73293],[-98.50726,30.73286],[-98.50708,30.73281],[-98.50672,30.73273],[-98.50636,30.73266],[-98.50599,30.73261],[-98.50562,30.73258],[-98.50498,30.73255],[-98.50411,30.73256],[-98.50175,30.7326],[-98.50077,30.73262],[-98.4989,30.73267],[-98.49713,30.73269],[-98.49601,30.73269],[-98.49396,30.73277],[-98.49255,30.73278],[-98.48951,30.73282],[-98.48703,30.73286],[-98.48684,30.73287],[-98.48671,30.73287],[-98.4862,30.73288],[-98.48595,30.73289],[-98.48428,30.73292],[-98.48429,30.73324],[-98.48429,30.73311],[-98.48429,30.73299],[-98.48428,30.73292],[-98.48065,30.73297],[-98.47878,30.73302],[-98.47771,30.73303],[-98.47633,30.73307],[-98.47431,30.73309],[-98.473,30.73312],[-98.47216,30.73313],[-98.47107,30.73316],[-98.46942,30.73318],[-98.46844,30.7332],[-98.46745,30.73322],[-98.46707,30.73322],[-98.46589,30.73325],[-98.46592,30.73294],[-98.46615,30.73126],[-98.46626,30.73053],[-98.46636,30.72974],[-98.46662,30.72779],[-98.46679,30.72655],[-98.46694,30.72562],[-98.46695,30.72549],[-98.46697,30.72533],[-98.46699,30.72516],[-98.46723,30.7234],[-98.4677,30.71994],[-98.46774,30.7196],[-98.46788,30.71865],[-98.46804,30.71751],[-98.4681,30.71677],[-98.46811,30.7163],[-98.46802,30.71443],[-98.46783,30.71319],[-98.46762,30.71193],[-98.46758,30.71165],[-98.46751,30.71094],[-98.46747,30.71032],[-98.46747,30.71026],[-98.46748,30.71018],[-98.46753,30.7093],[-98.4676,30.70868],[-98.46769,30.70764],[-98.46771,30.7074],[-98.46772,30.70734],[-98.46774,30.70696],[-98.4677,30.70646],[-98.46756,30.70598],[-98.46735,30.70555],[-98.46705,30.70513],[-98.46675,30.70485],[-98.4661,30.70427],[-98.46558,30.70384],[-98.46537,30.70364],[-98.46516,30.70342],[-98.46497,30.7032],[-98.4648,30.70297],[-98.46436,30.70232],[-98.46382,30.70147],[-98.46329,30.70066],[-98.46291,30.7],[-98.46246,30.69917],[-98.4622,30.69863],[-98.4618,30.69773],[-98.46159,30.69721],[-98.46158,30.69718],[-98.46137,30.69662],[-98.46133,30.69649],[-98.46117,30.69594],[-98.46105,30.69546],[-98.46092,30.69489],[-98.46083,30.69425],[-98.46075,30.69362],[-98.46061,30.69237],[-98.46059,30.69199],[-98.46059,30.69162],[-98.4606,30.69135],[-98.46075,30.6896],[-98.46096,30.68714],[-98.46105,30.68604],[-98.46111,30.68403],[-98.46111,30.68365],[-98.46108,30.68328],[-98.46095,30.68229],[-98.46089,30.68181],[-98.46084,30.6815],[-98.46076,30.68113],[-98.46066,30.68081],[-98.46054,30.6805],[-98.4604,30.6802],[-98.46024,30.67991],[-98.45991,30.67931],[-98.45962,30.67871],[-98.45953,30.67854],[-98.45937,30.67826],[-98.45906,30.67774],[-98.45832,30.6766],[-98.45789,30.67597],[-98.45738,30.67517],[-98.45716,30.6748],[-98.45651,30.67512],[-98.45587,30.67546],[-98.45551,30.67568],[-98.45529,30.67582],[-98.45515,30.67593],[-98.45497,30.67606],[-98.45445,30.67648],[-98.45378,30.67706],[-98.45374,30.6771],[-98.45365,30.67716],[-98.45355,30.67722],[-98.45352,30.67723],[-98.45344,30.67725],[-98.45338,30.67727],[-98.45327,30.67728],[-98.45315,30.67728],[-98.45309,30.67728],[-98.45297,30.67727],[-98.45285,30.67726],[-98.45274,30.67723],[-98.45241,30.67712],[-98.4523,30.67709],[-98.45219,30.67707],[-98.45208,30.67705],[-98.44935,30.67693],[-98.44927,30.67692],[-98.44861,30.67691],[-98.4483,30.67688],[-98.44794,30.67683],[-98.44646,30.67651],[-98.44551,30.67632],[-98.44524,30.67661],[-98.44515,30.67647],[-98.44506,30.67633],[-98.445,30.67623],[-98.44474,30.67618],[-98.44466,30.67613],[-98.44453,30.67605],[-98.44471,30.6759],[-98.44491,30.6757],[-98.44499,30.67561],[-98.44513,30.67542],[-98.44515,30.67538],[-98.4453,30.67514],[-98.44542,30.67489],[-98.4455,30.67467],[-98.44568,30.67424],[-98.44581,30.67391],[-98.44602,30.67339],[-98.44611,30.67314],[-98.44619,30.67293],[-98.44627,30.6727],[-98.44639,30.67235],[-98.44651,30.67191],[-98.44653,30.67179],[-98.44662,30.67126],[-98.44668,30.67091],[-98.44684,30.67027],[-98.44689,30.67015],[-98.44701,30.6699],[-98.44714,30.66965],[-98.4473,30.66942],[-98.44766,30.66906],[-98.44782,30.6689],[-98.44803,30.66874],[-98.44822,30.6686],[-98.44856,30.66836],[-98.44878,30.66817],[-98.4489,30.66806],[-98.44911,30.6679],[-98.4493,30.66772],[-98.44953,30.6675],[-98.44958,30.66746],[-98.44969,30.66735],[-98.45059,30.66656],[-98.45031,30.66623],[-98.45016,30.66604],[-98.44916,30.66483],[-98.44812,30.66355],[-98.44781,30.66318],[-98.44679,30.66198],[-98.4465,30.66163],[-98.44633,30.66145],[-98.44607,30.66118],[-98.44547,30.6606],[-98.44529,30.66041],[-98.44522,30.66035],[-98.44509,30.66022],[-98.44496,30.66011],[-98.44494,30.6601],[-98.44459,30.65984],[-98.44431,30.65963],[-98.44402,30.65945],[-98.44388,30.65937],[-98.44352,30.65919],[-98.4433,30.65909],[-98.44326,30.65908],[-98.4432,30.65905],[-98.44308,30.65901],[-98.44289,30.65894],[-98.44272,30.65888],[-98.44241,30.65878],[-98.44185,30.6586],[-98.44175,30.65856],[-98.44134,30.65843],[-98.44099,30.65834],[-98.44072,30.65829],[-98.44057,30.65827],[-98.44045,30.65825],[-98.44023,30.65824],[-98.44002,30.65823],[-98.43977,30.65824],[-98.43959,30.65826],[-98.43938,30.65829],[-98.43908,30.65836],[-98.43879,30.65844],[-98.4385,30.65854],[-98.4382,30.65865],[-98.43812,30.6587],[-98.43801,30.65874],[-98.4367,30.65927],[-98.43657,30.65931],[-98.43595,30.65957],[-98.43586,30.6596],[-98.43564,30.65968],[-98.43541,30.65973],[-98.43536,30.65974],[-98.43512,30.65977],[-98.43488,30.65979],[-98.43467,30.65979],[-98.43451,30.65977],[-98.43432,30.65975],[-98.43414,30.6597],[-98.4339,30.65963],[-98.43385,30.65962],[-98.43281,30.65918],[-98.43268,30.65912],[-98.43228,30.65897],[-98.43188,30.65883],[-98.43147,30.65871],[-98.43066,30.6585],[-98.43053,30.65846],[-98.43,30.65831],[-98.42762,30.65765],[-98.42723,30.65753],[-98.4269,30.65741],[-98.42685,30.65739],[-98.42665,30.65731],[-98.42636,30.65719],[-98.42579,30.65689],[-98.42423,30.65848],[-98.42245,30.66032],[-98.42025,30.66259],[-98.41986,30.66298],[-98.41963,30.6632],[-98.41871,30.66403],[-98.41865,30.66409],[-98.41771,30.66494],[-98.41737,30.66525],[-98.41648,30.66605],[-98.41573,30.66647],[-98.41542,30.66662],[-98.41515,30.66671],[-98.41503,30.66675],[-98.41493,30.66678],[-98.41386,30.66708],[-98.41238,30.6675],[-98.41161,30.66771],[-98.41003,30.66814],[-98.409,30.66844],[-98.4086,30.66855],[-98.40774,30.66879],[-98.40715,30.66896],[-98.40681,30.66905],[-98.40656,30.66912],[-98.40541,30.66941],[-98.40466,30.66963],[-98.40379,30.66988],[-98.40352,30.66995],[-98.40224,30.67029],[-98.3998,30.67098],[-98.39957,30.67104],[-98.39954,30.67105],[-98.39895,30.67121],[-98.39758,30.67159],[-98.39618,30.67197],[-98.39596,30.67204],[-98.39549,30.67218],[-98.39514,30.67231],[-98.39463,30.67257],[-98.39429,30.67281],[-98.39404,30.67304],[-98.39387,30.67322],[-98.39367,30.67351],[-98.39348,30.67381],[-98.39343,30.67395],[-98.39333,30.67418],[-98.39319,30.67472],[-98.39306,30.67528],[-98.39259,30.67733],[-98.39243,30.67803],[-98.39228,30.67869],[-98.39203,30.67978],[-98.39166,30.68141],[-98.39154,30.68183],[-98.3914,30.68224],[-98.39136,30.68232],[-98.39092,30.68329],[-98.39025,30.68476],[-98.39011,30.68508],[-98.38974,30.68586],[-98.38946,30.68647],[-98.3892,30.6869],[-98.38882,30.68737],[-98.3884,30.68782],[-98.38747,30.68872],[-98.38685,30.68933],[-98.38635,30.68983],[-98.38587,30.69029],[-98.38572,30.69044],[-98.38528,30.69087],[-98.38424,30.69187],[-98.38418,30.69193],[-98.38404,30.69208],[-98.38389,30.69224],[-98.38377,30.6924],[-98.38361,30.69263],[-98.38347,30.69286],[-98.38336,30.69306],[-98.38327,30.69324],[-98.38223,30.69554],[-98.3819,30.69648],[-98.38184,30.69667],[-98.38179,30.69689],[-98.38143,30.69843],[-98.38102,30.70031],[-98.38076,30.70036],[-98.38056,30.69988],[-98.38054,30.69982],[-98.38051,30.69966],[-98.38049,30.69946],[-98.3805,30.69919],[-98.38058,30.6989],[-98.38062,30.69853],[-98.38058,30.69823],[-98.3805,30.69789],[-98.38041,30.69761],[-98.38027,30.69736],[-98.38006,30.6971],[-98.37979,30.69687],[-98.37952,30.6967],[-98.3792,30.69656],[-98.37887,30.69646],[-98.37854,30.69641],[-98.37757,30.69625],[-98.37718,30.69619],[-98.37677,30.69619],[-98.37632,30.69623],[-98.37584,30.6963],[-98.37545,30.6964],[-98.37519,30.69649],[-98.37479,30.69673],[-98.3746,30.69681],[-98.37435,30.69688],[-98.37404,30.69691],[-98.37373,30.69694],[-98.37342,30.69693],[-98.37322,30.69691],[-98.37319,30.69691],[-98.37291,30.69684],[-98.37257,30.6967],[-98.37232,30.69657],[-98.3721,30.6965],[-98.37196,30.69646],[-98.37174,30.69641],[-98.37151,30.69638],[-98.37064,30.69631],[-98.36994,30.69628],[-98.36956,30.69626],[-98.36906,30.69625],[-98.36849,30.69626],[-98.36784,30.69631],[-98.36658,30.69641],[-98.36404,30.69661],[-98.36314,30.69665],[-98.36214,30.69667],[-98.36211,30.69667],[-98.36101,30.69671],[-98.36047,30.69672],[-98.36035,30.69672],[-98.35971,30.69671],[-98.35935,30.69669],[-98.35908,30.69665],[-98.35883,30.69661],[-98.35877,30.6966],[-98.35849,30.69653],[-98.35828,30.69646],[-98.35804,30.69637],[-98.35782,30.69627],[-98.35755,30.69611],[-98.35732,30.69597],[-98.3571,30.6958],[-98.35683,30.69556],[-98.35667,30.69539],[-98.35658,30.69528],[-98.35646,30.69514],[-98.35626,30.69486],[-98.35617,30.69473],[-98.356,30.69444],[-98.35542,30.6934],[-98.35518,30.69292],[-98.35466,30.69171],[-98.35416,30.69063],[-98.35363,30.68969],[-98.35329,30.68913],[-98.35272,30.68835],[-98.35154,30.68683],[-98.35133,30.68652],[-98.35118,30.68623],[-98.35108,30.68599],[-98.35099,30.6858],[-98.35086,30.6856],[-98.35072,30.68549],[-98.35057,30.68539],[-98.35041,30.68529],[-98.34998,30.68502],[-98.34958,30.68475],[-98.34938,30.68463],[-98.34923,30.68454],[-98.34909,30.68446],[-98.34894,30.6844],[-98.34876,30.68434],[-98.3486,30.6843],[-98.34811,30.6842],[-98.34771,30.6841],[-98.34755,30.68406],[-98.34702,30.68385],[-98.34643,30.68358],[-98.34605,30.68348],[-98.34575,30.68343],[-98.34551,30.6834],[-98.34533,30.68338],[-98.3451,30.68339],[-98.34488,30.6834],[-98.3426,30.6836],[-98.34199,30.68366],[-98.34176,30.68368],[-98.34154,30.68372],[-98.34132,30.68376],[-98.34106,30.68386],[-98.34087,30.68395],[-98.34063,30.6841],[-98.34046,30.68426],[-98.34013,30.68459],[-98.34,30.68469],[-98.3399,30.68475],[-98.33979,30.68483],[-98.33957,30.68491],[-98.33938,30.68496],[-98.33922,30.68498],[-98.33904,30.68499],[-98.33886,30.68498],[-98.33866,30.68495],[-98.33846,30.68489],[-98.33808,30.68472],[-98.33758,30.68448],[-98.33741,30.68441],[-98.33724,30.68437],[-98.33692,30.68431],[-98.33675,30.68429],[-98.3364,30.68426],[-98.33539,30.68419],[-98.33513,30.68416],[-98.33487,30.68412],[-98.33472,30.68408],[-98.33465,30.68406],[-98.33383,30.68383],[-98.33299,30.68359],[-98.33233,30.68339],[-98.33147,30.68318],[-98.33132,30.68314],[-98.33053,30.68296],[-98.33033,30.68294],[-98.33017,30.68289],[-98.32996,30.68284],[-98.3298,30.68278],[-98.32939,30.68256],[-98.3292,30.68246],[-98.32881,30.68223],[-98.3287,30.68217],[-98.32853,30.68206],[-98.32826,30.68191],[-98.3281,30.68183],[-98.32793,30.68175],[-98.32774,30.68166],[-98.32749,30.68155],[-98.32708,30.6814],[-98.32649,30.68119],[-98.32617,30.68107],[-98.3254,30.6808],[-98.32524,30.68075],[-98.32515,30.68071],[-98.32511,30.6807],[-98.32467,30.68055],[-98.32399,30.68034],[-98.32382,30.6803],[-98.32349,30.68021],[-98.32291,30.68008],[-98.32252,30.68],[-98.32207,30.6799],[-98.32181,30.67984],[-98.32052,30.67965],[-98.32048,30.67964],[-98.32022,30.67961],[-98.31999,30.67958],[-98.3197,30.67956],[-98.3195,30.67955],[-98.31904,30.67953],[-98.31844,30.67952],[-98.31782,30.67951],[-98.31778,30.67951],[-98.3168,30.67953],[-98.31667,30.67953],[-98.31643,30.67956],[-98.31615,30.67961],[-98.31591,30.67968],[-98.31566,30.67976],[-98.31554,30.67981],[-98.31534,30.6799],[-98.31508,30.68003],[-98.31473,30.68024],[-98.31463,30.68031],[-98.31429,30.6806],[-98.31338,30.68143],[-98.31327,30.68153],[-98.31311,30.68161],[-98.31301,30.68165],[-98.31296,30.68167],[-98.3128,30.68171],[-98.31265,30.68174],[-98.31257,30.68175],[-98.31239,30.68175],[-98.31175,30.68174],[-98.31145,30.68177],[-98.31137,30.68178],[-98.31118,30.6818],[-98.30622,30.68276],[-98.30411,30.68316],[-98.2969,30.68455],[-98.29122,30.68565],[-98.28395,30.68711],[-98.28342,30.68722],[-98.28175,30.68752],[-98.28094,30.68766],[-98.28005,30.68781],[-98.27842,30.6881],[-98.27734,30.68829],[-98.27621,30.68845],[-98.27502,30.68863],[-98.27433,30.68873],[-98.27287,30.68894],[-98.27278,30.68896],[-98.27226,30.68903],[-98.27028,30.68932],[-98.26878,30.6896],[-98.2668,30.68998],[-98.26537,30.69025],[-98.26322,30.69066],[-98.26154,30.69098],[-98.26125,30.69103],[-98.26109,30.69106],[-98.2605,30.69117],[-98.26002,30.69126],[-98.25988,30.69129],[-98.25836,30.69154],[-98.25829,30.69155],[-98.25795,30.6916],[-98.25759,30.69167],[-98.25735,30.69169],[-98.25716,30.69171],[-98.25697,30.69172],[-98.25674,30.6917],[-98.25646,30.69167],[-98.25601,30.69159],[-98.25598,30.69158],[-98.25502,30.69142],[-98.25506,30.69115],[-98.25502,30.69142],[-98.25496,30.6917],[-98.25467,30.69288],[-98.25447,30.69351],[-98.25421,30.69423],[-98.25368,30.69551],[-98.25336,30.69627],[-98.25278,30.69768],[-98.2526,30.69814],[-98.25212,30.69932],[-98.2515,30.70086],[-98.24715,30.71124],[-98.24382,30.71921],[-98.24378,30.71931],[-98.24352,30.71994],[-98.24325,30.7206],[-98.24153,30.72467],[-98.24028,30.72768],[-98.23999,30.72837],[-98.23877,30.73128],[-98.23856,30.7318],[-98.23854,30.73186],[-98.23831,30.73239],[-98.23825,30.73254],[-98.23802,30.73309],[-98.23791,30.73335],[-98.23722,30.73499],[-98.23713,30.73522],[-98.23688,30.73584],[-98.23679,30.73604],[-98.23666,30.73635],[-98.23663,30.73642],[-98.23655,30.73663],[-98.23642,30.73692],[-98.2361,30.73768],[-98.23593,30.73807],[-98.23581,30.73835],[-98.23551,30.73896],[-98.2353,30.7394],[-98.23492,30.74013],[-98.23464,30.7406],[-98.23458,30.74069],[-98.23447,30.74089],[-98.23407,30.74158],[-98.23393,30.74181],[-98.23349,30.74249],[-98.23336,30.74268],[-98.23319,30.74291],[-98.23279,30.74347],[-98.23247,30.74391],[-98.23235,30.74408],[-98.23219,30.7443],[-98.23207,30.74448],[-98.23181,30.74484],[-98.23176,30.7449],[-98.23134,30.74548],[-98.23079,30.74624],[-98.2303,30.74691],[-98.23005,30.74726],[-98.2299,30.74746],[-98.22951,30.74809],[-98.22945,30.74818],[-98.22929,30.74851],[-98.22915,30.74878],[-98.22897,30.74915],[-98.22873,30.74962],[-98.22863,30.74984],[-98.22838,30.75034],[-98.22815,30.75082],[-98.228,30.75112],[-98.22777,30.75162],[-98.22773,30.75169],[-98.22765,30.75189],[-98.22758,30.75215],[-98.22749,30.75255],[-98.22749,30.75284],[-98.2275,30.75308],[-98.22751,30.75313],[-98.22752,30.75322],[-98.22754,30.7533],[-98.22758,30.75349],[-98.22767,30.75383],[-98.2277,30.75397],[-98.22781,30.75441],[-98.22782,30.75445],[-98.22791,30.75478],[-98.22798,30.75503],[-98.22806,30.75536],[-98.22813,30.75566],[-98.22829,30.75629],[-98.22852,30.75719],[-98.22828,30.75724],[-98.22802,30.75728],[-98.22756,30.75736],[-98.22746,30.75736],[-98.22743,30.75729],[-98.22733,30.75693],[-98.22725,30.7566],[-98.22725,30.7565],[-98.22718,30.75656],[-98.22635,30.75672],[-98.22625,30.75671],[-98.22609,30.7567],[-98.22561,30.7568],[-98.22529,30.75686],[-98.22513,30.75689],[-98.22525,30.75737],[-98.22529,30.75753],[-98.22532,30.75767],[-98.22536,30.7578],[-98.22561,30.75879],[-98.22517,30.75887],[-98.22451,30.75899],[-98.22437,30.75902],[-98.2241,30.75906],[-98.224,30.75908],[-98.22344,30.75916],[-98.22315,30.75921],[-98.22239,30.75934],[-98.22196,30.75943],[-98.22159,30.75949],[-98.22124,30.75955],[-98.22086,30.75963],[-98.22052,30.7597],[-98.21989,30.75982],[-98.21922,30.75991],[-98.21894,30.75993],[-98.21872,30.75994],[-98.21864,30.75995],[-98.21838,30.75995],[-98.21811,30.75995],[-98.21772,30.75993],[-98.21758,30.75992],[-98.21748,30.75991],[-98.21717,30.75988],[-98.21705,30.75987],[-98.21665,30.75981],[-98.21655,30.75979],[-98.21619,30.75972],[-98.21582,30.75964],[-98.21559,30.75958],[-98.21552,30.75956],[-98.21512,30.75944],[-98.21464,30.75927],[-98.21458,30.75924],[-98.21447,30.75919],[-98.21425,30.75911],[-98.21407,30.75902],[-98.21364,30.75883],[-98.21344,30.75874],[-98.21329,30.75868],[-98.213,30.75854],[-98.21282,30.75846],[-98.21254,30.75832],[-98.21216,30.75815],[-98.21189,30.75803],[-98.21165,30.75792],[-98.21117,30.75769],[-98.21061,30.75743],[-98.21041,30.75734],[-98.21012,30.75721],[-98.21003,30.75717],[-98.20983,30.75707],[-98.20934,30.75685],[-98.20896,30.75667],[-98.2088,30.7566],[-98.20874,30.75657],[-98.20861,30.75651],[-98.20851,30.75646],[-98.20785,30.75615],[-98.20688,30.7557],[-98.20678,30.75566],[-98.20651,30.75553],[-98.20642,30.75549],[-98.2054,30.75503],[-98.20413,30.75444],[-98.20391,30.75434],[-98.20284,30.75386],[-98.20167,30.75335],[-98.20146,30.75327],[-98.20093,30.75309],[-98.20073,30.75303],[-98.2007,30.75302],[-98.20056,30.75297],[-98.19993,30.75281],[-98.1995,30.75271],[-98.19938,30.75268],[-98.19896,30.75261],[-98.19884,30.75259],[-98.19843,30.75252],[-98.19787,30.75247],[-98.19735,30.75243],[-98.19702,30.7524],[-98.19652,30.75236],[-98.19558,30.75227],[-98.19554,30.75226],[-98.19496,30.75222],[-98.19453,30.75218],[-98.19371,30.7521],[-98.19231,30.75196],[-98.19159,30.7519],[-98.19025,30.75176],[-98.18808,30.75157],[-98.18781,30.75155],[-98.18764,30.75153],[-98.18695,30.75147],[-98.18649,30.75142],[-98.18578,30.75136],[-98.18553,30.75134],[-98.18545,30.75133],[-98.1853,30.75131],[-98.18508,30.75129],[-98.18502,30.75129],[-98.18493,30.75128],[-98.18461,30.75125],[-98.18435,30.75123],[-98.18409,30.7512],[-98.18406,30.7512],[-98.18372,30.75117],[-98.18309,30.75111],[-98.18266,30.75107],[-98.18226,30.75103],[-98.18202,30.751],[-98.18194,30.75099],[-98.18162,30.75097],[-98.18156,30.75097],[-98.18125,30.75094],[-98.18095,30.7509],[-98.18062,30.75087],[-98.17998,30.75082],[-98.17711,30.75055],[-98.17406,30.75026],[-98.17388,30.75025],[-98.17358,30.75022],[-98.17268,30.75014],[-98.17195,30.75007],[-98.17097,30.74998],[-98.17059,30.74995],[-98.17027,30.74992],[-98.16992,30.74988],[-98.16856,30.74976],[-98.16807,30.74971],[-98.16782,30.74969],[-98.1677,30.74968],[-98.16617,30.74954],[-98.16575,30.7495],[-98.16503,30.74946],[-98.165,30.74945],[-98.16468,30.74943],[-98.16446,30.74943],[-98.16351,30.74941],[-98.1625,30.74941],[-98.16087,30.74941],[-98.15962,30.74941],[-98.15914,30.74941],[-98.15867,30.74941],[-98.15764,30.74942],[-98.15533,30.74942],[-98.15188,30.74941],[-98.14842,30.74943],[-98.1478,30.74943],[-98.14717,30.74943],[-98.14677,30.74943],[-98.14661,30.74943],[-98.14647,30.74943],[-98.1461,30.74945],[-98.14573,30.74948],[-98.14536,30.74954],[-98.14512,30.74958],[-98.14476,30.74967],[-98.14452,30.74975],[-98.14404,30.74992],[-98.14339,30.75016],[-98.14302,30.75029],[-98.14298,30.7503],[-98.14222,30.75052],[-98.14105,30.75093],[-98.13931,30.75153],[-98.13882,30.7517],[-98.13842,30.75185],[-98.13796,30.75199],[-98.13761,30.75209],[-98.13756,30.7521],[-98.13748,30.75212],[-98.13716,30.75219],[-98.13697,30.75223],[-98.13659,30.75228],[-98.13626,30.75231],[-98.13585,30.75232],[-98.1358,30.75232],[-98.13569,30.75232],[-98.13538,30.75231],[-98.13501,30.75229],[-98.13459,30.75223],[-98.13396,30.75212],[-98.13286,30.75193],[-98.1322,30.75181],[-98.13148,30.75168],[-98.13074,30.75156],[-98.13069,30.75155],[-98.12998,30.75142],[-98.12977,30.75139],[-98.12953,30.75135],[-98.12935,30.75131],[-98.12807,30.75109],[-98.1276,30.75101],[-98.12697,30.7509],[-98.12685,30.75088],[-98.12653,30.75083],[-98.12618,30.75077],[-98.12616,30.75077],[-98.12505,30.75057],[-98.12482,30.75053],[-98.12462,30.7505],[-98.12312,30.75023],[-98.12086,30.74982],[-98.12074,30.7498],[-98.12045,30.74975],[-98.11855,30.74941],[-98.11615,30.749],[-98.11583,30.74895],[-98.11537,30.74886],[-98.11414,30.74865],[-98.11325,30.74849],[-98.11059,30.74803],[-98.10757,30.74754],[-98.10497,30.74708],[-98.10442,30.74698],[-98.10356,30.74683],[-98.10259,30.74666],[-98.10053,30.7463],[-98.10015,30.74625],[-98.09975,30.7462],[-98.0994,30.74618],[-98.09898,30.74618],[-98.09851,30.74621],[-98.09803,30.74628],[-98.09774,30.74633],[-98.09722,30.74645],[-98.09244,30.7476],[-98.0895,30.74829],[-98.08893,30.74842],[-98.08847,30.74851],[-98.08782,30.74855],[-98.08737,30.74854],[-98.08577,30.74843],[-98.08518,30.74839],[-98.08334,30.74828],[-98.08225,30.74821],[-98.08137,30.74816],[-98.08122,30.74815],[-98.08113,30.74814],[-98.08059,30.74811],[-98.07989,30.74807],[-98.07957,30.74805],[-98.07791,30.74794],[-98.07572,30.74781],[-98.07334,30.74767],[-98.0722,30.7476],[-98.07054,30.7475],[-98.07023,30.74749],[-98.07007,30.74748],[-98.0692,30.74742],[-98.06878,30.7474],[-98.06861,30.74739],[-98.0679,30.74735],[-98.06759,30.74733],[-98.06713,30.7473],[-98.06675,30.74728],[-98.06644,30.74726],[-98.06627,30.74725],[-98.06585,30.74723],[-98.06437,30.74714],[-98.06418,30.74713],[-98.06306,30.74703],[-98.06269,30.74698],[-98.06235,30.74692],[-98.06197,30.74684],[-98.06108,30.74657],[-98.06081,30.74648],[-98.06027,30.74626],[-98.05805,30.74525],[-98.05703,30.74477],[-98.05693,30.74473],[-98.0565,30.74453],[-98.0562,30.7444],[-98.05559,30.74412],[-98.05536,30.74401],[-98.05528,30.74398],[-98.0547,30.74371],[-98.05457,30.74363],[-98.05423,30.74342],[-98.05384,30.7431],[-98.05329,30.74264],[-98.05319,30.74256],[-98.05313,30.74251],[-98.05288,30.74231],[-98.05267,30.74213],[-98.05224,30.7418],[-98.05197,30.74159],[-98.05162,30.74134],[-98.05132,30.74117],[-98.05171,30.74053],[-98.05188,30.74024],[-98.05217,30.73977],[-98.05258,30.73907],[-98.05264,30.73898],[-98.05273,30.73882],[-98.05279,30.73871],[-98.0529,30.73847],[-98.05307,30.73808],[-98.05309,30.73804],[-98.05313,30.73792],[-98.05324,30.73751],[-98.05331,30.73711],[-98.05332,30.73703],[-98.05333,30.73669],[-98.05333,30.73637],[-98.05332,30.73633],[-98.0533,30.73614],[-98.05324,30.7359],[-98.05324,30.7359],[-98.05318,30.7357],[-98.05289,30.73501],[-98.05279,30.73477],[-98.05278,30.73475],[-98.05273,30.73464],[-98.05266,30.73442],[-98.0526,30.73428],[-98.05241,30.73382],[-98.0523,30.73353],[-98.05217,30.73321],[-98.05172,30.73207],[-98.05166,30.73194],[-98.0516,30.73178],[-98.051,30.73026],[-98.05066,30.72946],[-98.05055,30.72916],[-98.05051,30.72906],[-98.05037,30.72867],[-98.05003,30.72782],[-98.04983,30.72734],[-98.0497,30.72701],[-98.04938,30.72624],[-98.04936,30.72619],[-98.04923,30.72585],[-98.04901,30.72527],[-98.04883,30.72482],[-98.04873,30.72456],[-98.04859,30.72421],[-98.04854,30.72409],[-98.04844,30.72383],[-98.04826,30.7234],[-98.04793,30.72258],[-98.04774,30.72209],[-98.04732,30.72114],[-98.04719,30.72073],[-98.04715,30.72051],[-98.04711,30.72019],[-98.04713,30.71981],[-98.04718,30.71946],[-98.04733,30.71902],[-98.04744,30.71877],[-98.04761,30.71848],[-98.04774,30.7183],[-98.04791,30.7181],[-98.04812,30.71788],[-98.04842,30.71765],[-98.04961,30.71672],[-98.0497,30.71665],[-98.05062,30.71592],[-98.05092,30.71569],[-98.0512,30.71547],[-98.05156,30.71518],[-98.0519,30.71492],[-98.05433,30.713],[-98.05466,30.71277],[-98.05516,30.71238],[-98.05555,30.71206],[-98.05559,30.71202],[-98.05603,30.71171],[-98.05638,30.71151],[-98.05668,30.71135],[-98.05706,30.71118],[-98.05734,30.71107],[-98.05771,30.71095],[-98.05826,30.7108],[-98.05945,30.71048],[-98.06139,30.70998],[-98.06282,30.7096],[-98.06307,30.70953],[-98.0635,30.70937],[-98.06376,30.70924],[-98.06415,30.70898],[-98.06445,30.70875],[-98.06471,30.70848],[-98.06494,30.70819],[-98.06514,30.70786],[-98.06521,30.70763],[-98.06532,30.70734],[-98.06536,30.70711],[-98.06541,30.70684],[-98.06537,30.70649],[-98.06537,30.70629],[-98.06534,30.70611],[-98.0653,30.70588],[-98.06522,30.7056],[-98.06476,30.70452],[-98.06434,30.70344],[-98.06424,30.70322],[-98.06413,30.70294],[-98.06291,30.70001],[-98.0627,30.6995],[-98.06198,30.69777],[-98.06168,30.69705],[-98.06096,30.69534],[-98.06091,30.69522],[-98.06071,30.69475],[-98.06069,30.6947],[-98.06057,30.69441],[-98.06011,30.69324],[-98.06,30.69292],[-98.05994,30.69272],[-98.05986,30.69219],[-98.05984,30.69205],[-98.05976,30.69157],[-98.05968,30.6911],[-98.05939,30.68916],[-98.05928,30.68846],[-98.05902,30.68687],[-98.05897,30.68614],[-98.059,30.68551],[-98.05912,30.68496],[-98.05916,30.68481],[-98.05927,30.6845],[-98.0595,30.68398],[-98.05975,30.68357],[-98.06063,30.68231],[-98.06281,30.67921],[-98.06381,30.67781],[-98.06417,30.67729],[-98.06452,30.6768],[-98.06462,30.67666],[-98.06517,30.67588],[-98.06625,30.67436],[-98.06649,30.67402],[-98.06656,30.67391],[-98.06683,30.67353],[-98.06733,30.67294],[-98.06797,30.67217],[-98.06842,30.67173],[-98.07443,30.66593],[-98.07457,30.66577],[-98.07482,30.66534],[-98.07494,30.66508],[-98.075,30.66498],[-98.07509,30.66461],[-98.07512,30.66435],[-98.07515,30.66411],[-98.07513,30.66388],[-98.07511,30.66355],[-98.07501,30.66313],[-98.07491,30.6629],[-98.07351,30.65952],[-98.07183,30.65541],[-98.07174,30.65523],[-98.07114,30.65386],[-98.07046,30.65222],[-98.06994,30.651],[-98.06952,30.65001],[-98.06922,30.64925],[-98.06916,30.6491],[-98.06888,30.64844],[-98.06832,30.64711],[-98.06822,30.64667],[-98.0682,30.64655],[-98.06814,30.64615],[-98.06812,30.64576],[-98.06811,30.64566],[-98.06815,30.64526],[-98.06815,30.64523],[-98.06817,30.64507],[-98.06822,30.64472],[-98.06832,30.64393],[-98.06846,30.64291],[-98.06853,30.64241],[-98.06854,30.64238],[-98.06875,30.64094],[-98.0688,30.64062],[-98.06892,30.63987],[-98.06906,30.63886],[-98.06919,30.63806],[-98.06942,30.63742],[-98.06968,30.63691],[-98.06985,30.63664],[-98.07004,30.63633],[-98.0705,30.63569],[-98.07058,30.63557],[-98.07182,30.63383],[-98.07186,30.63378],[-98.07207,30.63346],[-98.07216,30.63327],[-98.07228,30.63305],[-98.07234,30.63285],[-98.07244,30.63255],[-98.07246,30.63238],[-98.07249,30.6321],[-98.07248,30.63204],[-98.07246,30.6317],[-98.07214,30.63019],[-98.07205,30.62955],[-98.07205,30.62915],[-98.07208,30.62867],[-98.07213,30.62836],[-98.07239,30.62721],[-98.07262,30.62609],[-98.07267,30.62587],[-98.07298,30.62441],[-98.07323,30.62353],[-98.07344,30.62302],[-98.07373,30.62254],[-98.07392,30.62228],[-98.0745,30.62145],[-98.07473,30.62112],[-98.07587,30.61955],[-98.07644,30.61876],[-98.07687,30.61816],[-98.07733,30.61752],[-98.07777,30.6169],[-98.07909,30.61504],[-98.07982,30.61402],[-98.08024,30.61344],[-98.08084,30.61259],[-98.08101,30.61235],[-98.08154,30.6116],[-98.08221,30.61065],[-98.0828,30.60984],[-98.08333,30.6091],[-98.08362,30.60862],[-98.08367,30.60852],[-98.08382,30.60826],[-98.08401,30.60778],[-98.08414,30.60741],[-98.08424,30.6071],[-98.08457,30.60617],[-98.08504,30.60483],[-98.08511,30.60465],[-98.08533,30.60429],[-98.08549,30.6041],[-98.08575,30.60383],[-98.08582,30.60376],[-98.08628,30.6034],[-98.08635,30.60336],[-98.08648,30.60328],[-98.08669,30.60317],[-98.08683,30.60311],[-98.08705,30.60302],[-98.08749,30.6029],[-98.08766,30.60285],[-98.08831,30.60266],[-98.08835,30.60265],[-98.08863,30.60258],[-98.08896,30.60253],[-98.0899,30.60247],[-98.09029,30.60242],[-98.09065,30.60233],[-98.0908,30.60227],[-98.09093,30.60223],[-98.09122,30.60211],[-98.09147,30.60198],[-98.09248,30.60137],[-98.09304,30.60104],[-98.09397,30.6005],[-98.09417,30.60037],[-98.09437,30.60025],[-98.09463,30.60015],[-98.09526,30.59992],[-98.09546,30.59985],[-98.09589,30.59971],[-98.09657,30.59948],[-98.09696,30.59934],[-98.09724,30.59921],[-98.09768,30.59897],[-98.0981,30.59869],[-98.09817,30.59865],[-98.09861,30.59831],[-98.09931,30.59767],[-98.09938,30.59761],[-98.10036,30.59669],[-98.10085,30.59623],[-98.10112,30.59605],[-98.10141,30.59592],[-98.10176,30.59582],[-98.10229,30.59575],[-98.10288,30.59567],[-98.10328,30.59553],[-98.10352,30.59542],[-98.10393,30.59517],[-98.10534,30.594],[-98.10579,30.59361],[-98.10591,30.59351],[-98.10617,30.5933],[-98.10655,30.59302],[-98.10879,30.59134],[-98.11089,30.58978],[-98.11122,30.58946],[-98.11137,30.5893],[-98.11151,30.58912],[-98.1118,30.58868],[-98.11181,30.58866],[-98.11192,30.58845],[-98.112,30.5882],[-98.11207,30.58788],[-98.11214,30.58744],[-98.11253,30.58507],[-98.1126,30.58455],[-98.11264,30.5844],[-98.1127,30.58417],[-98.11272,30.58412],[-98.11276,30.58402],[-98.11291,30.58368],[-98.11313,30.58335],[-98.11323,30.58322],[-98.11357,30.58288],[-98.11389,30.58261],[-98.11398,30.58255],[-98.11425,30.58238],[-98.11477,30.58209],[-98.11511,30.58191],[-98.11532,30.5818],[-98.11577,30.58156],[-98.11588,30.58149],[-98.11702,30.58087],[-98.11725,30.58073],[-98.11741,30.58062],[-98.1181,30.58015],[-98.11893,30.57962],[-98.11894,30.57961],[-98.11919,30.57945],[-98.11981,30.57905],[-98.11986,30.57902],[-98.12014,30.57885],[-98.12023,30.57881],[-98.12056,30.57864],[-98.12102,30.57843],[-98.12141,30.57828],[-98.12186,30.57812],[-98.12196,30.57808],[-98.12219,30.578],[-98.12241,30.57792],[-98.12358,30.57753],[-98.12369,30.57749],[-98.12386,30.57744],[-98.12551,30.57688],[-98.1256,30.57685],[-98.12618,30.57663],[-98.12644,30.57652],[-98.12688,30.57626],[-98.12708,30.57609],[-98.12587,30.57486],[-98.1257,30.57469],[-98.12512,30.57411],[-98.12452,30.57355],[-98.12446,30.5735],[-98.12419,30.57325],[-98.12258,30.57177],[-98.12256,30.57174],[-98.12252,30.57171],[-98.12218,30.57137],[-98.12071,30.57001],[-98.12059,30.5699],[-98.12025,30.56959],[-98.12003,30.56938],[-98.11971,30.56904],[-98.11925,30.56853],[-98.11908,30.56833],[-98.11896,30.56815],[-98.11835,30.5672],[-98.11805,30.56675],[-98.11793,30.56652],[-98.11759,30.56593],[-98.11717,30.56524],[-98.11659,30.5643],[-98.11648,30.56414],[-98.11612,30.56356],[-98.11562,30.56264],[-98.11553,30.56249],[-98.11531,30.5619],[-98.11526,30.56177],[-98.11523,30.56166],[-98.11514,30.56137],[-98.11512,30.56131],[-98.1144,30.5585],[-98.11425,30.55791],[-98.11413,30.55744],[-98.11408,30.55726],[-98.11398,30.55693],[-98.11379,30.55626],[-98.11369,30.55585],[-98.11347,30.55528],[-98.11315,30.55449],[-98.11205,30.55245],[-98.11099,30.55047],[-98.10966,30.54801],[-98.10958,30.54774],[-98.10951,30.54748],[-98.10949,30.54741],[-98.10949,30.54659],[-98.10968,30.54593],[-98.11015,30.54506],[-98.11029,30.54479],[-98.11075,30.54392],[-98.11087,30.54371],[-98.11095,30.54356],[-98.11107,30.54334],[-98.11117,30.54313],[-98.11139,30.54272],[-98.11156,30.54242],[-98.11171,30.54196],[-98.11183,30.54119],[-98.11183,30.54099],[-98.11182,30.54081],[-98.11182,30.54077],[-98.11181,30.54059],[-98.11176,30.5403],[-98.11166,30.53992],[-98.1115,30.53946],[-98.11126,30.53897],[-98.11099,30.5384],[-98.11062,30.5376],[-98.11048,30.53726],[-98.10955,30.53513],[-98.10926,30.53444],[-98.10897,30.53397],[-98.10864,30.5336],[-98.1082,30.53322],[-98.10719,30.53272],[-98.10614,30.53248],[-98.10499,30.53229],[-98.1043,30.53208],[-98.10375,30.53187],[-98.1037,30.53185],[-98.10357,30.53175],[-98.10307,30.53139],[-98.1026,30.53086],[-98.10224,30.5303],[-98.10181,30.52946],[-98.10148,30.52884],[-98.10126,30.52855],[-98.10119,30.52846],[-98.10097,30.52819],[-98.10053,30.52785],[-98.10015,30.52764],[-98.09986,30.52749],[-98.09923,30.52728],[-98.09864,30.52717],[-98.0979,30.52714],[-98.09717,30.52712],[-98.096,30.52708],[-98.09521,30.52692],[-98.09445,30.52677],[-98.09414,30.5266],[-98.0926,30.52593],[-98.09224,30.52578],[-98.09194,30.5257],[-98.09126,30.52553],[-98.08953,30.52537],[-98.08914,30.52531],[-98.08865,30.52521],[-98.0878,30.52493],[-98.08792,30.52455],[-98.0878,30.52493],[-98.08653,30.52455],[-98.08537,30.52417],[-98.08436,30.52382],[-98.0836,30.52351],[-98.08335,30.52341],[-98.08189,30.52277],[-98.08043,30.52213],[-98.07907,30.52153],[-98.07781,30.52098],[-98.0777,30.52094],[-98.07524,30.51981],[-98.07459,30.51956],[-98.07393,30.51939],[-98.07325,30.51926],[-98.07267,30.51923],[-98.07225,30.51923],[-98.07144,30.51926],[-98.06945,30.51943],[-98.06886,30.51947],[-98.06774,30.51957],[-98.06697,30.51968],[-98.06525,30.52004],[-98.06458,30.52019],[-98.0641,30.52025],[-98.06378,30.5203],[-98.06266,30.52034],[-98.0616,30.52041],[-98.06102,30.52043],[-98.06092,30.52044],[-98.06064,30.52047],[-98.05996,30.52061],[-98.05943,30.52083],[-98.05873,30.52125],[-98.05766,30.52202],[-98.05707,30.52244],[-98.0566,30.5227],[-98.05639,30.52282],[-98.05591,30.52298],[-98.05523,30.52309],[-98.05454,30.52313],[-98.05439,30.52312],[-98.05412,30.52308],[-98.05325,30.52288],[-98.04996,30.52193],[-98.04795,30.52136],[-98.0471,30.52104],[-98.04656,30.5208],[-98.04602,30.52044],[-98.0459,30.52035],[-98.04547,30.52004],[-98.04499,30.51956],[-98.04341,30.51797],[-98.04325,30.51775],[-98.04309,30.51754],[-98.04282,30.51709],[-98.04267,30.51677],[-98.04171,30.51457],[-98.04144,30.5139],[-98.0414,30.5138],[-98.04084,30.51249],[-98.0406,30.51204],[-98.04036,30.51172],[-98.04003,30.51135],[-98.03963,30.51106],[-98.03925,30.51085],[-98.03887,30.5107],[-98.03803,30.51045],[-98.03727,30.51029],[-98.03691,30.51021],[-98.03669,30.51016],[-98.03632,30.51004],[-98.03612,30.50993],[-98.03591,30.50981],[-98.03568,30.50963],[-98.03456,30.50829],[-98.03427,30.50805],[-98.03362,30.50767],[-98.03252,30.50711],[-98.03226,30.50696],[-98.03191,30.50677],[-98.031,30.50624],[-98.03042,30.50602],[-98.03001,30.5059],[-98.02942,30.50581],[-98.02795,30.50568],[-98.02639,30.50555],[-98.0261,30.5055],[-98.02577,30.50541],[-98.02491,30.50511],[-98.02451,30.505],[-98.02412,30.50494],[-98.02376,30.50496],[-98.02327,30.50504],[-98.02302,30.50508],[-98.02286,30.5051],[-98.0228,30.50511],[-98.02243,30.5051],[-98.02212,30.50502],[-98.02182,30.5049],[-98.02163,30.50483],[-98.02117,30.50463],[-98.02073,30.50449],[-98.02033,30.50442],[-98.01981,30.50435],[-98.01964,30.50431],[-98.01945,30.50427],[-98.01911,30.50414],[-98.01885,30.50401],[-98.01862,30.50384],[-98.01855,30.50377],[-98.01839,30.50361],[-98.01832,30.50352],[-98.01822,30.5034],[-98.01778,30.50263],[-98.01744,30.50224],[-98.01717,30.50203],[-98.01701,30.50194],[-98.01689,30.50187],[-98.0167,30.5018],[-98.0165,30.50173],[-98.01628,30.50169],[-98.01598,30.50166],[-98.015,30.50158],[-98.01467,30.50157],[-98.01451,30.50158],[-98.01441,30.50159],[-98.01423,30.50161],[-98.01394,30.50165],[-98.01364,30.50171],[-98.01328,30.5018],[-98.01288,30.50194],[-98.01247,30.50213],[-98.01229,30.50222],[-98.01157,30.50258],[-98.01105,30.50286],[-98.01034,30.50343],[-98.00893,30.50466],[-98.0083,30.50509],[-98.00772,30.5054],[-98.00711,30.50569],[-98.00665,30.50582],[-98.00633,30.50585],[-98.00591,30.50584],[-98.00559,30.50579],[-98.00524,30.50567],[-98.00494,30.50552],[-98.00382,30.50497],[-98.00364,30.50487],[-98.00222,30.50413],[-98.00183,30.504],[-98.00147,30.50395],[-98.0014,30.50395],[-98.0011,30.50396],[-98.00079,30.50403],[-98.00047,30.50417],[-98.00021,30.5043],[-97.99997,30.50452],[-97.99982,30.50471],[-97.99965,30.50502],[-97.99916,30.50615],[-97.99894,30.50654],[-97.99868,30.50679],[-97.99843,30.50696],[-97.99806,30.50711],[-97.99747,30.50724],[-97.9971,30.50728],[-97.99674,30.50729],[-97.99638,30.50725],[-97.99608,30.50718],[-97.99567,30.50703],[-97.99478,30.50653],[-97.99396,30.50605],[-97.9936,30.50587],[-97.99311,30.5057],[-97.99234,30.50554],[-97.99202,30.50543],[-97.99168,30.50523],[-97.99146,30.50504],[-97.99123,30.50474],[-97.99096,30.50435],[-97.99062,30.50401],[-97.99035,30.5038],[-97.98956,30.50331],[-97.98936,30.50315],[-97.98914,30.50295],[-97.98892,30.50262],[-97.98877,30.50228],[-97.98871,30.50203],[-97.98869,30.50178],[-97.98872,30.50137],[-97.98876,30.501],[-97.98874,30.50072],[-97.98863,30.50042],[-97.98847,30.50018],[-97.98831,30.50003],[-97.98765,30.4994],[-97.98737,30.49907],[-97.98714,30.49873],[-97.98675,30.49815],[-97.98638,30.49772],[-97.9861,30.4975],[-97.98585,30.49736],[-97.98544,30.49719],[-97.98507,30.49711],[-97.98474,30.49708],[-97.98436,30.4971],[-97.98402,30.49715],[-97.98369,30.49724],[-97.98336,30.4974],[-97.98276,30.49783],[-97.98242,30.498],[-97.98211,30.49808],[-97.98174,30.49812],[-97.98151,30.49811],[-97.98119,30.49804],[-97.98084,30.4979],[-97.97992,30.49737],[-97.97973,30.49722],[-97.97957,30.49705],[-97.9793,30.49669],[-97.97919,30.49648],[-97.97911,30.49625],[-97.97901,30.4959],[-97.97899,30.49574],[-97.979,30.49545],[-97.97906,30.49515],[-97.9793,30.49445],[-97.97944,30.49399],[-97.9795,30.49366],[-97.97954,30.49331],[-97.97956,30.4929],[-97.97955,30.49259],[-97.97951,30.49191],[-97.97944,30.49157],[-97.97937,30.49133],[-97.97922,30.49107],[-97.97903,30.49083],[-97.97879,30.49061],[-97.97756,30.48983],[-97.97713,30.48956],[-97.977,30.48946],[-97.97639,30.48906],[-97.97602,30.48874],[-97.97551,30.48823],[-97.97507,30.48776],[-97.9749,30.48747],[-97.97484,30.48731],[-97.97479,30.48706],[-97.97477,30.48687],[-97.97483,30.48659],[-97.97492,30.48636],[-97.97504,30.48614],[-97.97524,30.48593],[-97.97632,30.48502],[-97.97732,30.48425],[-97.97756,30.48401],[-97.97759,30.48398],[-97.97778,30.48377],[-97.97791,30.48352],[-97.97803,30.48321],[-97.97808,30.48293],[-97.97808,30.48256],[-97.97802,30.48229],[-97.97788,30.48196],[-97.97767,30.48164],[-97.97747,30.48145],[-97.9765,30.48073],[-97.97614,30.48036],[-97.97595,30.48011],[-97.97588,30.48001],[-97.97566,30.47961],[-97.97552,30.47931],[-97.97543,30.47906],[-97.97511,30.47803],[-97.97501,30.47773],[-97.97494,30.4775],[-97.97482,30.47689],[-97.97473,30.47616],[-97.97471,30.47603],[-97.97464,30.47545],[-97.97463,30.47536],[-97.97461,30.47505],[-97.9746,30.475],[-97.97457,30.47472],[-97.97455,30.47456],[-97.97445,30.47415],[-97.97476,30.47411],[-97.97445,30.47415],[-97.97429,30.47376],[-97.97428,30.47376],[-97.97407,30.47345],[-97.974,30.47337],[-97.97397,30.47333],[-97.9737,30.47303],[-97.97356,30.47293],[-97.97286,30.47242],[-97.97252,30.47215],[-97.97252,30.47215],[-97.97132,30.4713],[-97.97097,30.47111],[-97.97062,30.47101],[-97.97016,30.47089],[-97.96956,30.47081],[-97.96906,30.47082],[-97.96855,30.4709],[-97.96743,30.47122],[-97.96648,30.47149],[-97.96635,30.47153],[-97.96354,30.47232],[-97.96266,30.47261],[-97.96215,30.47282],[-97.96167,30.47312],[-97.96135,30.47338],[-97.96096,30.47372],[-97.95932,30.47536],[-97.95892,30.47566],[-97.95887,30.47569],[-97.95851,30.47589],[-97.95828,30.47602],[-97.95796,30.47617],[-97.95767,30.47629],[-97.95738,30.4764],[-97.95705,30.47651],[-97.95668,30.4766],[-97.95609,30.47674],[-97.95584,30.4768],[-97.95557,30.47685],[-97.95514,30.47695],[-97.95503,30.47698],[-97.95489,30.47701],[-97.95344,30.47734],[-97.95304,30.47743],[-97.95201,30.47767],[-97.95193,30.47768],[-97.95159,30.47777],[-97.94975,30.4782],[-97.94923,30.47833],[-97.94787,30.47861],[-97.947,30.47879],[-97.94468,30.47937],[-97.94375,30.47958],[-97.94183,30.48008],[-97.94034,30.48048],[-97.93954,30.48073],[-97.93847,30.48113],[-97.93726,30.48157],[-97.93675,30.48176],[-97.93624,30.4819],[-97.93576,30.48195],[-97.93527,30.48198],[-97.93487,30.48195],[-97.93424,30.48194],[-97.93406,30.48194],[-97.93378,30.48196],[-97.93356,30.482],[-97.93337,30.48203],[-97.93294,30.48218],[-97.93257,30.48235],[-97.93216,30.48263],[-97.93186,30.48289],[-97.93157,30.48324],[-97.93155,30.48326],[-97.93102,30.48395],[-97.93042,30.4849],[-97.93013,30.4854],[-97.92989,30.48579],[-97.9298,30.48595],[-97.92976,30.48601],[-97.92957,30.48636],[-97.92951,30.48653],[-97.92945,30.48671],[-97.92932,30.48717],[-97.92919,30.48763],[-97.92905,30.4879],[-97.92894,30.48808],[-97.92867,30.48843],[-97.92838,30.48869],[-97.9281,30.4889],[-97.92783,30.48904],[-97.9277,30.4891],[-97.92736,30.48923],[-97.92679,30.48944],[-97.92507,30.49009],[-97.92506,30.49009],[-97.92475,30.49024],[-97.92445,30.49045],[-97.92422,30.49068],[-97.92401,30.49099],[-97.92397,30.49106],[-97.9238,30.49139],[-97.9237,30.49176],[-97.92368,30.49194],[-97.92369,30.49214],[-97.92374,30.49237],[-97.92385,30.49272],[-97.924,30.49308],[-97.92409,30.49329],[-97.92434,30.49385],[-97.92442,30.49402],[-97.92451,30.49424],[-97.92457,30.49445],[-97.92458,30.49453],[-97.92458,30.49461],[-97.92457,30.49483],[-97.9245,30.49512],[-97.92435,30.49547],[-97.92398,30.49626],[-97.92384,30.49653],[-97.92375,30.49674],[-97.92359,30.49712],[-97.92344,30.49742],[-97.92309,30.49814],[-97.92302,30.49828],[-97.92294,30.49845],[-97.92272,30.4988],[-97.92251,30.49909],[-97.92199,30.49988],[-97.92148,30.50061],[-97.92112,30.50114],[-97.92071,30.50182],[-97.92046,30.50221],[-97.92027,30.5024],[-97.91999,30.50261],[-97.91965,30.50283],[-97.91938,30.50294],[-97.9191,30.50303],[-97.9188,30.50308],[-97.91845,30.50308],[-97.91721,30.50301],[-97.91715,30.503],[-97.91675,30.503],[-97.91645,30.50303],[-97.9164,30.50304],[-97.91606,30.50312],[-97.91557,30.50332],[-97.9154,30.50342],[-97.91474,30.50396],[-97.91429,30.50437],[-97.91392,30.50484],[-97.91355,30.50539],[-97.91322,30.50591],[-97.91302,30.50634],[-97.91296,30.50649],[-97.9127,30.50714],[-97.91245,30.50788],[-97.91243,30.50801],[-97.91215,30.50956],[-97.91208,30.50996],[-97.91204,30.51013],[-97.91199,30.51033],[-97.91196,30.51043],[-97.91173,30.51113],[-97.91149,30.51162],[-97.91136,30.5119],[-97.91129,30.51205],[-97.91066,30.51344],[-97.91025,30.51441],[-97.90984,30.51536],[-97.90971,30.51555],[-97.9096,30.51569],[-97.90937,30.51592],[-97.90908,30.51612],[-97.90897,30.51618],[-97.9084,30.51649],[-97.90819,30.5166],[-97.90703,30.51728],[-97.90673,30.51746],[-97.90647,30.51761],[-97.90622,30.51776],[-97.90582,30.51796],[-97.90554,30.51807],[-97.90509,30.51821],[-97.90479,30.5183],[-97.904,30.51847],[-97.90342,30.51862],[-97.90324,30.51867],[-97.90299,30.51872],[-97.90273,30.51878],[-97.90196,30.51894],[-97.90167,30.51901],[-97.9006,30.51927],[-97.89874,30.51985],[-97.89836,30.51993],[-97.89797,30.51995],[-97.89764,30.51992],[-97.89737,30.51985],[-97.89731,30.51984],[-97.89705,30.51973],[-97.89691,30.51967],[-97.8967,30.51958],[-97.8966,30.51953],[-97.89554,30.51906],[-97.89495,30.5188],[-97.89421,30.51854],[-97.89353,30.51837],[-97.89116,30.51801],[-97.89096,30.51797],[-97.89064,30.5179],[-97.89012,30.51772],[-97.88974,30.51753],[-97.88949,30.51739],[-97.88931,30.51724],[-97.88911,30.51707],[-97.88804,30.51613],[-97.88771,30.51566],[-97.88764,30.51555],[-97.88739,30.51511],[-97.8872,30.51462],[-97.88707,30.51428],[-97.88701,30.51412],[-97.88679,30.51369],[-97.88656,30.51339],[-97.88616,30.51293],[-97.88575,30.51257],[-97.88512,30.5122],[-97.88449,30.51196],[-97.88414,30.51185],[-97.88365,30.51177],[-97.88332,30.51173],[-97.88291,30.51172],[-97.88271,30.51174],[-97.88251,30.51175],[-97.88242,30.51177],[-97.88198,30.51183],[-97.8815,30.51197],[-97.88138,30.51202],[-97.88102,30.51215],[-97.87924,30.51269],[-97.87914,30.51272],[-97.87682,30.51351],[-97.87675,30.51353],[-97.87564,30.51389],[-97.87312,30.51472],[-97.87133,30.51533],[-97.8709,30.51545],[-97.87057,30.51551],[-97.87019,30.51556],[-97.87008,30.51557],[-97.86975,30.5156],[-97.86934,30.5156],[-97.86896,30.51556],[-97.86844,30.51548],[-97.86794,30.51535],[-97.86739,30.51515],[-97.86689,30.5149],[-97.86645,30.51463],[-97.86608,30.5144],[-97.86598,30.5143],[-97.86565,30.51398],[-97.86508,30.51342],[-97.86471,30.51305],[-97.86431,30.51272],[-97.86423,30.51266],[-97.86379,30.51238],[-97.86331,30.51217],[-97.86313,30.51209],[-97.86291,30.512],[-97.86269,30.51193],[-97.86254,30.51188],[-97.86232,30.51183],[-97.86201,30.51177],[-97.86193,30.51175],[-97.86168,30.51171],[-97.86138,30.51169],[-97.86104,30.51167],[-97.86059,30.51168],[-97.86016,30.51173],[-97.85967,30.51183],[-97.85934,30.51191],[-97.85917,30.51192],[-97.85897,30.51194],[-97.85862,30.51204],[-97.85841,30.5121],[-97.85826,30.5121],[-97.85817,30.51209],[-97.85813,30.51208],[-97.85806,30.51202],[-97.85801,30.5119],[-97.85798,30.5118],[-97.85792,30.51175],[-97.85791,30.51171],[-97.85781,30.51133],[-97.8577,30.51093],[-97.85741,30.50996],[-97.85718,30.50923],[-97.85708,30.50897],[-97.85697,30.50852],[-97.85684,30.50799],[-97.85679,30.50766],[-97.85678,30.50747],[-97.85678,30.50721],[-97.85676,30.50682],[-97.85674,30.50651],[-97.85672,30.50601],[-97.85671,30.50559],[-97.85671,30.50541],[-97.85673,30.50527],[-97.85676,30.50514],[-97.85681,30.50495],[-97.85707,30.50441],[-97.8573,30.50391],[-97.8575,30.50347],[-97.85751,30.50329],[-97.85775,30.5028],[-97.85821,30.50188],[-97.85825,30.50171],[-97.8583,30.50147],[-97.85832,30.50135],[-97.85833,30.50093],[-97.8583,30.50068],[-97.85721,30.4978],[-97.85719,30.49763],[-97.85716,30.49752],[-97.85711,30.49725],[-97.85711,30.49704],[-97.85715,30.49685],[-97.85721,30.49667],[-97.85737,30.4964],[-97.85764,30.49601],[-97.85802,30.49547],[-97.8581,30.49536],[-97.8593,30.49351],[-97.85956,30.49321],[-97.85976,30.49296],[-97.85989,30.49277],[-97.86005,30.49254],[-97.86018,30.49232],[-97.86027,30.49214],[-97.86038,30.49188],[-97.86043,30.49171],[-97.86048,30.49153],[-97.86052,30.49131],[-97.86054,30.49114],[-97.86054,30.49112],[-97.86055,30.49092],[-97.86054,30.49076],[-97.86053,30.49072],[-97.86051,30.49054],[-97.86047,30.49034],[-97.86041,30.49015],[-97.86054,30.49012],[-97.86079,30.49006],[-97.86096,30.49002],[-97.86114,30.48996],[-97.86118,30.48994],[-97.86133,30.48988],[-97.8615,30.48979],[-97.86183,30.48959],[-97.86232,30.48929],[-97.86282,30.48901],[-97.86312,30.48885],[-97.86334,30.48874],[-97.86353,30.48861],[-97.86371,30.48848],[-97.86387,30.48835],[-97.86419,30.48809],[-97.86483,30.48756],[-97.86613,30.48649],[-97.8668,30.48596],[-97.86712,30.48569],[-97.86746,30.48542],[-97.86821,30.4848],[-97.86858,30.48449],[-97.86877,30.48434],[-97.86886,30.48427],[-97.86896,30.4842],[-97.86906,30.48412],[-97.86917,30.48405],[-97.86928,30.48399],[-97.8694,30.48393],[-97.86958,30.48385],[-97.86959,30.48385],[-97.86976,30.48378],[-97.87012,30.48363],[-97.87048,30.48349],[-97.87057,30.48345],[-97.87085,30.48334],[-97.87143,30.48311],[-97.87171,30.483],[-97.87186,30.48295],[-97.87201,30.48291],[-97.8721,30.48289],[-97.87219,30.48288],[-97.87229,30.48288],[-97.87237,30.48289],[-97.87256,30.48292],[-97.87276,30.48297],[-97.87302,30.48302],[-97.87314,30.48305],[-97.87328,30.48307],[-97.87338,30.48309],[-97.8735,30.48309],[-97.87371,30.48309],[-97.8764,30.48301],[-97.87707,30.48298],[-97.87774,30.48294],[-97.87841,30.48291],[-97.87874,30.4829],[-97.87908,30.48289],[-97.87945,30.4829],[-97.87964,30.48291],[-97.87974,30.48293],[-97.87982,30.48294],[-97.88014,30.483],[-97.88045,30.48308],[-97.88096,30.48323],[-97.88122,30.48331],[-97.88147,30.4834],[-97.88183,30.48355],[-97.88201,30.48362],[-97.88255,30.48385],[-97.88278,30.48392],[-97.88295,30.48396],[-97.883,30.48398],[-97.88348,30.48406],[-97.88391,30.48412],[-97.88396,30.48412],[-97.8842,30.48417],[-97.88444,30.48422],[-97.88459,30.48426],[-97.88474,30.48431],[-97.8848,30.48434],[-97.88487,30.48436],[-97.88501,30.48442],[-97.88523,30.48454],[-97.88525,30.48455],[-97.88537,30.48463],[-97.88543,30.48468],[-97.88549,30.48474],[-97.88557,30.48484],[-97.88565,30.48494],[-97.88578,30.48516],[-97.88585,30.48527],[-97.88593,30.48537],[-97.88601,30.48547],[-97.8861,30.48557],[-97.88624,30.4857],[-97.8864,30.48581],[-97.88662,30.48594],[-97.88685,30.48605],[-97.88732,30.48628],[-97.88769,30.48647],[-97.88777,30.48652],[-97.88814,30.48674],[-97.88849,30.48699],[-97.88874,30.48717],[-97.88899,30.4873],[-97.88937,30.48743],[-97.88991,30.48749],[-97.89051,30.4875],[-97.89088,30.48744],[-97.89131,30.48729],[-97.89219,30.48688],[-97.89239,30.48666],[-97.89255,30.48634],[-97.89268,30.48586],[-97.89276,30.48555],[-97.89288,30.48526],[-97.89312,30.485],[-97.89352,30.48464],[-97.89374,30.4843],[-97.89392,30.48391],[-97.89402,30.48361],[-97.89411,30.48333],[-97.89431,30.48275],[-97.89436,30.48253],[-97.89435,30.48234],[-97.89423,30.48204],[-97.89405,30.48172],[-97.89398,30.48153],[-97.89399,30.48144],[-97.89399,30.48136],[-97.89408,30.48123],[-97.89426,30.48114],[-97.89459,30.48109],[-97.89472,30.48108],[-97.89516,30.48108],[-97.89557,30.48108],[-97.89578,30.48105],[-97.896,30.481],[-97.89619,30.48091],[-97.89682,30.48052],[-97.8972,30.48027],[-97.89743,30.48017],[-97.89767,30.48015],[-97.89792,30.48021],[-97.89824,30.48037],[-97.89856,30.48049],[-97.89888,30.4805],[-97.89917,30.48046],[-97.89944,30.48035],[-97.89949,30.48031],[-97.8996,30.4802],[-97.89966,30.48015],[-97.89998,30.47959],[-97.90028,30.47909],[-97.90041,30.47895],[-97.90093,30.47858],[-97.9013,30.47829],[-97.9014,30.47817],[-97.90147,30.47805],[-97.9015,30.47784],[-97.90148,30.47758],[-97.90142,30.47728],[-97.90135,30.47697],[-97.90133,30.47683],[-97.90135,30.47669],[-97.9015,30.47637],[-97.90166,30.47602],[-97.9019,30.47532],[-97.90201,30.47514],[-97.90234,30.47457],[-97.90235,30.47437],[-97.90231,30.47422],[-97.90225,30.47406],[-97.90219,30.47397],[-97.90191,30.47352],[-97.90191,30.47351],[-97.90172,30.47329],[-97.90151,30.47306],[-97.90113,30.47281],[-97.90046,30.47244],[-97.90014,30.47231],[-97.89971,30.4722],[-97.89952,30.47221],[-97.89933,30.47224],[-97.89905,30.47238],[-97.89877,30.47259],[-97.89847,30.47288],[-97.89833,30.473],[-97.89817,30.47308],[-97.89808,30.47309],[-97.89799,30.47308],[-97.89789,30.47304],[-97.89781,30.47299],[-97.8977,30.47285],[-97.89763,30.47272],[-97.8976,30.47257],[-97.89751,30.47204],[-97.89744,30.47182],[-97.89735,30.47169],[-97.89723,30.47157],[-97.8968,30.47123],[-97.89677,30.4712],[-97.89629,30.47081],[-97.89622,30.47074],[-97.89615,30.4706],[-97.89615,30.4705],[-97.89618,30.47043],[-97.89628,30.47036],[-97.89639,30.47032],[-97.89674,30.47028],[-97.89707,30.47024],[-97.89728,30.47018],[-97.8975,30.47008],[-97.89785,30.46987],[-97.89793,30.4698],[-97.89798,30.46971],[-97.89801,30.46959],[-97.89802,30.46947],[-97.89797,30.46918],[-97.89782,30.46872],[-97.8976,30.46807],[-97.89758,30.46796],[-97.89757,30.46786],[-97.89759,30.4678],[-97.89764,30.46774],[-97.8977,30.46769],[-97.89777,30.46768],[-97.89787,30.46767],[-97.89808,30.46774],[-97.89836,30.46793],[-97.89864,30.46818],[-97.89887,30.46839],[-97.89904,30.46857],[-97.89919,30.46883],[-97.89932,30.46903],[-97.89946,30.4692],[-97.89964,30.46936],[-97.89984,30.46948],[-97.90002,30.46955],[-97.90022,30.46961],[-97.90047,30.46965],[-97.90072,30.46967],[-97.90096,30.46965],[-97.90114,30.46961],[-97.9013,30.46955],[-97.90144,30.46947],[-97.90156,30.46938],[-97.90174,30.4692],[-97.90195,30.46902],[-97.90213,30.46896],[-97.90226,30.46895],[-97.90238,30.46896],[-97.90256,30.46904],[-97.90275,30.46918],[-97.90299,30.46942],[-97.90325,30.46961],[-97.90351,30.46971],[-97.9038,30.46978],[-97.90416,30.46984],[-97.90449,30.46984],[-97.90489,30.46975],[-97.90526,30.46958],[-97.90543,30.46944],[-97.90556,30.46929],[-97.90571,30.4691],[-97.90581,30.46889],[-97.90594,30.46847],[-97.90597,30.46802],[-97.90596,30.46756],[-97.90588,30.46725],[-97.90569,30.46671],[-97.90553,30.46631],[-97.90482,30.46563],[-97.90468,30.46551],[-97.90444,30.46513],[-97.90427,30.46475],[-97.90403,30.46446],[-97.90365,30.46417],[-97.90292,30.46366],[-97.90279,30.46346],[-97.90275,30.46319],[-97.9027,30.46302],[-97.90262,30.46287],[-97.9025,30.4627],[-97.90236,30.46254],[-97.90214,30.46234],[-97.90193,30.46216],[-97.9016,30.46181],[-97.90131,30.46141],[-97.90109,30.4611],[-97.90098,30.46094],[-97.9009,30.4608],[-97.90089,30.46071],[-97.90092,30.46064],[-97.90097,30.4606],[-97.90105,30.46054],[-97.90114,30.46053],[-97.90127,30.46054],[-97.90142,30.46056],[-97.90156,30.46062],[-97.90184,30.46078],[-97.9022,30.46099],[-97.9026,30.46117],[-97.9029,30.46127],[-97.90318,30.46134],[-97.90349,30.46138],[-97.90378,30.46139],[-97.90402,30.46138],[-97.90422,30.46132],[-97.90441,30.46122],[-97.90457,30.4611],[-97.90537,30.46036],[-97.90553,30.46031],[-97.90573,30.46032],[-97.90588,30.46038],[-97.90613,30.46048],[-97.90632,30.46062],[-97.90639,30.4608],[-97.90634,30.46097],[-97.90602,30.46151],[-97.90598,30.46164],[-97.90595,30.46178],[-97.90598,30.46193],[-97.90608,30.46208],[-97.90619,30.4622],[-97.90673,30.46259],[-97.90714,30.46284],[-97.90742,30.46296],[-97.90755,30.46298],[-97.90769,30.46301],[-97.90833,30.46299],[-97.90912,30.46302],[-97.90982,30.46304],[-97.91015,30.46302],[-97.91053,30.46298],[-97.91108,30.46289],[-97.9115,30.46284],[-97.9118,30.46278],[-97.91209,30.46257],[-97.91265,30.46205],[-97.91294,30.46172],[-97.91297,30.46168],[-97.91305,30.46156],[-97.91312,30.46142],[-97.91311,30.46127],[-97.91305,30.46114],[-97.91284,30.46082],[-97.91276,30.46069],[-97.91274,30.46052],[-97.91281,30.46033],[-97.91338,30.45971],[-97.91352,30.45964],[-97.91366,30.45962],[-97.91383,30.45965],[-97.91397,30.45972],[-97.91416,30.45984],[-97.91433,30.4599],[-97.91466,30.45994],[-97.91491,30.45994],[-97.91499,30.45994],[-97.91567,30.45966],[-97.91576,30.45961],[-97.91598,30.4595],[-97.91616,30.4594],[-97.91636,30.4593],[-97.91659,30.45918],[-97.91679,30.45907],[-97.91694,30.45899],[-97.9171,30.45886],[-97.91712,30.45885],[-97.91722,30.45869],[-97.91726,30.45856],[-97.91728,30.45844],[-97.91728,30.45832],[-97.91727,30.45829],[-97.91723,30.4582],[-97.91715,30.45806],[-97.917,30.45787],[-97.91677,30.45772],[-97.91664,30.4576],[-97.91658,30.45753],[-97.91635,30.45734],[-97.91633,30.45731],[-97.9162,30.45714],[-97.91616,30.45705],[-97.9159,30.45657],[-97.91585,30.45648],[-97.9157,30.45622],[-97.91564,30.45612],[-97.9156,30.45604],[-97.91558,30.45602],[-97.91539,30.45579],[-97.9153,30.45573],[-97.91522,30.45566],[-97.91501,30.45551],[-97.91492,30.45547],[-97.91473,30.45536],[-97.91472,30.45535],[-97.91434,30.45521],[-97.9142,30.45517],[-97.91402,30.45512],[-97.91381,30.45502],[-97.91371,30.45495],[-97.91367,30.45492],[-97.91358,30.45482],[-97.91349,30.45467],[-97.91348,30.45466],[-97.91344,30.45452],[-97.91342,30.4541],[-97.91341,30.454],[-97.91341,30.45398],[-97.91335,30.4535],[-97.91316,30.45273],[-97.91302,30.45259],[-97.91281,30.45247],[-97.9125,30.45233],[-97.91202,30.45213],[-97.9117,30.452],[-97.91083,30.45155],[-97.91038,30.45133],[-97.9102,30.45127],[-97.90999,30.45121],[-97.90959,30.45108],[-97.90923,30.45097],[-97.9091,30.45091],[-97.909,30.45087],[-97.90889,30.45081],[-97.90882,30.45075],[-97.90864,30.45061],[-97.90844,30.45042],[-97.90827,30.45029],[-97.90823,30.45026],[-97.908,30.45013],[-97.90795,30.45011],[-97.90774,30.45001],[-97.90743,30.44989],[-97.9071,30.44977],[-97.90694,30.44972],[-97.9068,30.44969],[-97.90662,30.44968],[-97.90648,30.44968],[-97.90646,30.44968],[-97.90575,30.4497],[-97.90513,30.44969],[-97.90499,30.44968],[-97.90482,30.44964],[-97.90471,30.44957],[-97.90465,30.44949],[-97.90463,30.44939],[-97.90465,30.44931],[-97.90471,30.44923],[-97.90509,30.4489],[-97.90535,30.44868],[-97.90548,30.44852],[-97.90571,30.44809],[-97.90579,30.44789],[-97.9059,30.44769],[-97.90596,30.44765],[-97.90603,30.44759],[-97.90619,30.44753],[-97.90651,30.44751],[-97.90717,30.44746],[-97.90794,30.44734],[-97.90835,30.44726],[-97.90885,30.44708],[-97.90909,30.44694],[-97.90922,30.44684],[-97.90934,30.44675],[-97.90953,30.4465],[-97.90981,30.44607],[-97.90997,30.44591],[-97.91016,30.44575],[-97.91069,30.44547],[-97.91086,30.44535],[-97.91105,30.44517],[-97.91118,30.445],[-97.91129,30.44481],[-97.91136,30.4446],[-97.91138,30.44411],[-97.91133,30.4436],[-97.91135,30.44347],[-97.91137,30.4434],[-97.91142,30.4433],[-97.91152,30.44309],[-97.912,30.44247],[-97.91214,30.44229],[-97.91227,30.44211],[-97.91243,30.44186],[-97.91235,30.44174],[-97.91205,30.44143],[-97.91159,30.44113],[-97.91103,30.44078],[-97.91025,30.44027],[-97.9101,30.4402],[-97.90984,30.4401],[-97.90977,30.44008],[-97.90941,30.43995],[-97.90896,30.4398],[-97.90857,30.43963],[-97.90837,30.43949],[-97.90793,30.43915],[-97.90773,30.43903],[-97.90747,30.43891],[-97.90711,30.43881],[-97.9069,30.43877],[-97.9067,30.43874],[-97.90653,30.43874],[-97.90615,30.43876],[-97.90594,30.43879],[-97.90554,30.43884],[-97.90531,30.43887],[-97.90511,30.43893],[-97.90504,30.43894],[-97.90483,30.43903],[-97.90444,30.43922],[-97.90433,30.43925],[-97.90428,30.43926],[-97.90413,30.43928],[-97.90396,30.43926],[-97.90373,30.43918],[-97.90345,30.43904],[-97.9032,30.43887],[-97.90311,30.43878],[-97.90309,30.43869],[-97.9031,30.43865],[-97.9031,30.43855],[-97.90326,30.43799],[-97.90337,30.4378],[-97.90389,30.43713],[-97.90419,30.43658],[-97.90428,30.43634],[-97.90433,30.43616],[-97.90433,30.43589],[-97.90428,30.43514],[-97.90422,30.43473],[-97.90418,30.43457],[-97.90406,30.43408],[-97.904,30.43391],[-97.90392,30.43377],[-97.9038,30.43366],[-97.90363,30.43356],[-97.90341,30.43348],[-97.9031,30.43337],[-97.90284,30.43332],[-97.9026,30.43327],[-97.9023,30.43325],[-97.9021,30.43326],[-97.90186,30.43329],[-97.90167,30.43333],[-97.90138,30.43345],[-97.90128,30.4335],[-97.90123,30.43353],[-97.90108,30.43359],[-97.90085,30.43368],[-97.90042,30.43379],[-97.90005,30.43384],[-97.89983,30.43386],[-97.89955,30.43389],[-97.89927,30.4339],[-97.89919,30.43391],[-97.89874,30.43396],[-97.8985,30.434],[-97.89847,30.43401],[-97.89771,30.4342],[-97.89738,30.43424],[-97.89703,30.43423],[-97.89668,30.4342],[-97.89593,30.43414],[-97.89422,30.43392],[-97.89228,30.43362],[-97.89213,30.4336],[-97.89117,30.43347],[-97.89079,30.43343],[-97.89022,30.43337],[-97.8894,30.43326],[-97.88906,30.4332],[-97.88884,30.43311],[-97.88861,30.43299],[-97.88806,30.43262],[-97.8878,30.43247],[-97.88762,30.43237],[-97.88749,30.43233],[-97.8873,30.43228],[-97.88708,30.43223],[-97.88667,30.43223],[-97.88625,30.43226],[-97.88596,30.43228],[-97.88531,30.43235],[-97.88492,30.43241],[-97.88482,30.43242],[-97.8845,30.43253],[-97.88431,30.43263],[-97.88427,30.43265],[-97.88409,30.43277],[-97.884,30.43284],[-97.88394,30.43288],[-97.88386,30.43299],[-97.88382,30.43306],[-97.88364,30.43331],[-97.88362,30.43333],[-97.88354,30.43352],[-97.8835,30.43361],[-97.88345,30.43378],[-97.8834,30.43401],[-97.8834,30.4342],[-97.8834,30.43439],[-97.8834,30.43453],[-97.88342,30.43544],[-97.88343,30.43572],[-97.88347,30.43601],[-97.88352,30.43621],[-97.88359,30.43638],[-97.88371,30.43663],[-97.88374,30.43669],[-97.88377,30.43683],[-97.88377,30.43696],[-97.88377,30.43702],[-97.88369,30.4373],[-97.88357,30.43754],[-97.88347,30.43769],[-97.88336,30.43779],[-97.88321,30.43792],[-97.88291,30.43812],[-97.88275,30.43828],[-97.88253,30.4385],[-97.88245,30.43858],[-97.88203,30.43912],[-97.88186,30.43929],[-97.88176,30.43936],[-97.8817,30.4394],[-97.88152,30.43948],[-97.88136,30.43949],[-97.8811,30.43948],[-97.88051,30.43938],[-97.88035,30.43936],[-97.88014,30.43932],[-97.87986,30.43924],[-97.87979,30.4392],[-97.87974,30.43917],[-97.87963,30.43905],[-97.87962,30.43902],[-97.87958,30.43896],[-97.87956,30.43881],[-97.87959,30.43783],[-97.87962,30.4376],[-97.87965,30.43745],[-97.8797,30.43732],[-97.87978,30.43709],[-97.87982,30.43693],[-97.87984,30.43672],[-97.87986,30.43646],[-97.87985,30.43619],[-97.8798,30.43593],[-97.87974,30.43575],[-97.87962,30.43553],[-97.87929,30.43514],[-97.87919,30.43495],[-97.87901,30.43453],[-97.87895,30.43444],[-97.87889,30.43435],[-97.87873,30.43424],[-97.87845,30.43413],[-97.87821,30.43409],[-97.87795,30.43411],[-97.87777,30.43415],[-97.8774,30.43427],[-97.87712,30.43444],[-97.87694,30.43462],[-97.87681,30.43477],[-97.87653,30.43511],[-97.87639,30.43535],[-97.87631,30.43553],[-97.87626,30.43579],[-97.87612,30.43663],[-97.87606,30.43691],[-97.87598,30.43715],[-97.87584,30.43749],[-97.8758,30.43771],[-97.87577,30.43795],[-97.87569,30.43813],[-97.87556,30.4383],[-97.8753,30.43858],[-97.8748,30.43903],[-97.87424,30.43948],[-97.87397,30.43969],[-97.87372,30.43985],[-97.87327,30.43897],[-97.87317,30.43851],[-97.87316,30.43823],[-97.87316,30.43813],[-97.87321,30.43781],[-97.87341,30.43698],[-97.87341,30.43693],[-97.87317,30.43698],[-97.87303,30.43703],[-97.87283,30.43702],[-97.87272,30.43699],[-97.87268,30.43695],[-97.87268,30.43684],[-97.87268,30.43672],[-97.87262,30.43652],[-97.87251,30.43617],[-97.87241,30.43604],[-97.87214,30.43581],[-97.87188,30.43568],[-97.87118,30.43542],[-97.87093,30.43532],[-97.87045,30.43509],[-97.8701,30.43495],[-97.87004,30.43492],[-97.86999,30.4349],[-97.86994,30.43483],[-97.86992,30.43473],[-97.87003,30.43451],[-97.8701,30.43443],[-97.87017,30.43442],[-97.87023,30.43443],[-97.87048,30.43456],[-97.87066,30.43464],[-97.87146,30.43484],[-97.87153,30.43485],[-97.87159,30.43485],[-97.87165,30.43483],[-97.87162,30.43457],[-97.87171,30.43427],[-97.8719,30.43406],[-97.87222,30.43382],[-97.87243,30.43369],[-97.87271,30.43352],[-97.87296,30.43333],[-97.87325,30.43301],[-97.8734,30.43272],[-97.87365,30.43193],[-97.87371,30.43149],[-97.8737,30.43115],[-97.87382,30.43065],[-97.87391,30.43019],[-97.87389,30.42973],[-97.87371,30.42939],[-97.87314,30.42896],[-97.87292,30.42864],[-97.87275,30.42813],[-97.87272,30.42792],[-97.87262,30.4273],[-97.8725,30.42605],[-97.87252,30.4252],[-97.87241,30.42484],[-97.87235,30.42463],[-97.87192,30.42396],[-97.87142,30.42302],[-97.87123,30.42273],[-97.87029,30.42168],[-97.86996,30.42129],[-97.86961,30.42078],[-97.86927,30.42007],[-97.86894,30.41885],[-97.8689,30.41703],[-97.86877,30.41661],[-97.86852,30.4162],[-97.86764,30.41504],[-97.8673,30.41459],[-97.86678,30.41354],[-97.86632,30.41305],[-97.86597,30.41285],[-97.86585,30.4128],[-97.86565,30.4127],[-97.8653,30.41254],[-97.86498,30.41238],[-97.86472,30.41222],[-97.86447,30.41203],[-97.86422,30.41177],[-97.8641,30.41159],[-97.86403,30.41147],[-97.86397,30.41139],[-97.86368,30.4106],[-97.86339,30.40985],[-97.86317,30.40944],[-97.86289,30.40903],[-97.86229,30.40851],[-97.86158,30.40804],[-97.86052,30.40763],[-97.86013,30.40744],[-97.85979,30.40728],[-97.85854,30.40654],[-97.85789,30.40605],[-97.85763,30.40588],[-97.85629,30.4053],[-97.85587,30.40507],[-97.85544,30.40481],[-97.85503,30.40452],[-97.85461,30.40421],[-97.85446,30.4041],[-97.85443,30.40408],[-97.85432,30.40401],[-97.85399,30.40379],[-97.85384,30.40407],[-97.85371,30.40433],[-97.85356,30.40463],[-97.85341,30.4049],[-97.85319,30.40533],[-97.8527,30.40625],[-97.85259,30.40646],[-97.85253,30.40656],[-97.85247,30.40666],[-97.85244,30.40672],[-97.85227,30.40708],[-97.85215,30.40733],[-97.85211,30.4074],[-97.85185,30.40793],[-97.85179,30.40804],[-97.85172,30.40818],[-97.85164,30.40836],[-97.85159,30.40845],[-97.85155,30.40853],[-97.85146,30.40872],[-97.85142,30.4088],[-97.85133,30.40898],[-97.8512,30.40923],[-97.8512,30.40925],[-97.85114,30.40936],[-97.85109,30.40946],[-97.85095,30.40974],[-97.8509,30.40982],[-97.8508,30.41004],[-97.85071,30.41021],[-97.85062,30.41038],[-97.85054,30.41054],[-97.85053,30.41056],[-97.85048,30.41066]]}},{"type":"Feature","properties":{"route":"Highland Lakes Circuit","category":"Lakes & Rivers","color":"#2980b9","waypoints":["Burnet","Lake Buchanan","Inks Lake","Marble Falls"],"via":"TX 29 -> RM 2341 -> RM 690 -> Park Road 4 -> Longhorn Cavern","distance_mi":43.2,"source":"road-snapped","id":"highland-lakes-circuit"},"geometry":{"type":"LineString","coordinates":[[-98.2287,30.75812],[-98.22874,30.75811],[-98.22921,30.75802],[-98.2296,30.75795],[-98.22989,30.7579],[-98.23088,30.75771],[-98.2316,30.75757],[-98.23178,30.75754],[-98.23186,30.75752],[-98.23217,30.75748],[-98.23253,30.75744],[-98.23277,30.75743],[-98.23298,30.75743],[-98.23317,30.75743],[-98.23341,30.75744],[-98.23355,30.75745],[-98.23365,30.75746],[-98.23392,30.75748],[-98.23398,30.75749],[-98.23419,30.75752],[-98.23425,30.75753],[-98.23482,30.75766],[-98.23495,30.75769],[-98.23529,30.75777],[-98.23562,30.75784],[-98.23695,30.75815],[-98.23727,30.75822],[-98.23865,30.75853],[-98.23884,30.75859],[-98.23944,30.75873],[-98.24017,30.7589],[-98.24042,30.75896],[-98.24066,30.75901],[-98.24089,30.75906],[-98.24102,30.75909],[-98.24148,30.75918],[-98.24165,30.75922],[-98.24194,30.75927],[-98.24203,30.75928],[-98.2422,30.75931],[-98.24254,30.75936],[-98.24287,30.7594],[-98.2432,30.75945],[-98.24425,30.75954],[-98.24469,30.75957],[-98.24511,30.75961],[-98.24539,30.75963],[-98.24591,30.75968],[-98.24613,30.75969],[-98.24635,30.75971],[-98.24643,30.75972],[-98.24704,30.75977],[-98.24793,30.75985],[-98.24809,30.75986],[-98.24878,30.75992],[-98.24967,30.76],[-98.24989,30.76002],[-98.25017,30.76003],[-98.25085,30.7601],[-98.25113,30.76012],[-98.25274,30.76025],[-98.25387,30.76035],[-98.254,30.76036],[-98.25454,30.76041],[-98.25548,30.76045],[-98.25658,30.76047],[-98.25734,30.76049],[-98.25752,30.7605],[-98.25798,30.76051],[-98.25869,30.76052],[-98.2618,30.76058],[-98.26209,30.76059],[-98.2626,30.7606],[-98.26396,30.76064],[-98.26531,30.76068],[-98.26718,30.76072],[-98.26953,30.76077],[-98.27054,30.7608],[-98.27169,30.76082],[-98.27299,30.76087],[-98.27326,30.76088],[-98.27367,30.76089],[-98.27376,30.76089],[-98.27443,30.76093],[-98.27549,30.76107],[-98.27651,30.76121],[-98.2781,30.76142],[-98.27901,30.76153],[-98.27938,30.76158],[-98.27997,30.76165],[-98.2803,30.76169],[-98.28051,30.76172],[-98.28425,30.7622],[-98.28447,30.76228],[-98.28457,30.76235],[-98.28464,30.76242],[-98.28468,30.76249],[-98.28472,30.76256],[-98.28563,30.76518],[-98.28609,30.76674],[-98.28682,30.7695],[-98.28703,30.77022],[-98.28712,30.77051],[-98.28724,30.77081],[-98.28736,30.77107],[-98.28793,30.77213],[-98.28824,30.77272],[-98.28839,30.773],[-98.28868,30.77356],[-98.28892,30.77403],[-98.2891,30.77444],[-98.28926,30.77485],[-98.28941,30.77532],[-98.28948,30.77558],[-98.28989,30.77683],[-98.28995,30.77709],[-98.29004,30.77735],[-98.29015,30.77762],[-98.29022,30.77775],[-98.29027,30.77786],[-98.29042,30.77811],[-98.29057,30.77832],[-98.29068,30.77846],[-98.29073,30.77852],[-98.29104,30.77883],[-98.29175,30.77952],[-98.29188,30.77963],[-98.29281,30.78047],[-98.29338,30.78099],[-98.29452,30.78205],[-98.29502,30.7825],[-98.29593,30.78342],[-98.29646,30.78395],[-98.2973,30.78479],[-98.29751,30.785],[-98.29766,30.78515],[-98.29781,30.78531],[-98.2996,30.78711],[-98.29961,30.78712],[-98.30047,30.78806],[-98.30055,30.78819],[-98.30072,30.78848],[-98.3008,30.78859],[-98.3014,30.78971],[-98.30216,30.79138],[-98.30275,30.79256],[-98.30373,30.79403],[-98.30384,30.7942],[-98.30408,30.79455],[-98.30482,30.79532],[-98.30561,30.79582],[-98.30632,30.79621],[-98.30636,30.79623],[-98.30657,30.79631],[-98.30705,30.79648],[-98.30726,30.79652],[-98.30781,30.79661],[-98.30903,30.7968],[-98.30912,30.79681],[-98.30995,30.79701],[-98.31096,30.79735],[-98.31264,30.79794],[-98.3128,30.798],[-98.31383,30.79838],[-98.31458,30.79876],[-98.31483,30.79893],[-98.31514,30.79915],[-98.31544,30.79938],[-98.31586,30.79972],[-98.31597,30.79981],[-98.31675,30.80038],[-98.31715,30.80068],[-98.31736,30.80084],[-98.31775,30.80112],[-98.31824,30.80151],[-98.31902,30.80207],[-98.31926,30.80223],[-98.31943,30.80233],[-98.31952,30.80238],[-98.32027,30.80274],[-98.32035,30.80278],[-98.3207,30.80293],[-98.32298,30.80383],[-98.32426,30.80434],[-98.32834,30.80594],[-98.33088,30.80694],[-98.33128,30.8071],[-98.33263,30.80766],[-98.33383,30.80779],[-98.33438,30.8079],[-98.33515,30.8081],[-98.33545,30.80815],[-98.33576,30.8082],[-98.33607,30.80822],[-98.33644,30.80823],[-98.3368,30.80822],[-98.33705,30.8082],[-98.33856,30.80809],[-98.33908,30.80805],[-98.34032,30.80787],[-98.34088,30.80777],[-98.34235,30.80756],[-98.34254,30.80755],[-98.34289,30.80755],[-98.34326,30.80756],[-98.34396,30.80762],[-98.34414,30.80765],[-98.3443,30.80769],[-98.34447,30.80774],[-98.34486,30.80794],[-98.3457,30.80836],[-98.34613,30.80859],[-98.34674,30.80891],[-98.34774,30.80951],[-98.34932,30.81046],[-98.34996,30.81089],[-98.3502,30.81104],[-98.35026,30.81108],[-98.35048,30.81121],[-98.35131,30.81167],[-98.35254,30.81226],[-98.35275,30.81234],[-98.35299,30.81244],[-98.35365,30.81263],[-98.35497,30.81298],[-98.35698,30.81355],[-98.35828,30.81394],[-98.35882,30.8141],[-98.35888,30.81412],[-98.35961,30.81435],[-98.3597,30.81439],[-98.35985,30.81443],[-98.35994,30.81445],[-98.36006,30.81446],[-98.36023,30.81447],[-98.36035,30.81447],[-98.3605,30.81444],[-98.3606,30.81442],[-98.36125,30.81419],[-98.3623,30.81382],[-98.36364,30.81335],[-98.36432,30.81311],[-98.36456,30.81305],[-98.36484,30.81303],[-98.36531,30.81308],[-98.36554,30.81311],[-98.3661,30.81318],[-98.36615,30.81318],[-98.36659,30.81321],[-98.36703,30.81321],[-98.36734,30.8132],[-98.36742,30.8132],[-98.36767,30.81317],[-98.36791,30.81311],[-98.36816,30.81304],[-98.36846,30.81291],[-98.36867,30.8128],[-98.36885,30.81269],[-98.36905,30.81256],[-98.3693,30.81234],[-98.36941,30.81224],[-98.36955,30.81207],[-98.36969,30.81189],[-98.3698,30.8117],[-98.36985,30.81159],[-98.36992,30.81144],[-98.36998,30.81128],[-98.37017,30.8105],[-98.37037,30.80972],[-98.37039,30.80965],[-98.37046,30.80934],[-98.37055,30.80899],[-98.37068,30.80877],[-98.3708,30.80855],[-98.37101,30.80829],[-98.37108,30.8082],[-98.37121,30.80803],[-98.37134,30.80792],[-98.37146,30.80783],[-98.37166,30.80768],[-98.37184,30.8076],[-98.37203,30.8075],[-98.37232,30.80741],[-98.37283,30.8072],[-98.37296,30.80715],[-98.37311,30.80708],[-98.37334,30.80697],[-98.37353,30.80685],[-98.37373,30.80671],[-98.37391,30.80656],[-98.37408,30.80638],[-98.37426,30.80616],[-98.37447,30.8059],[-98.37454,30.80578],[-98.37544,30.80425],[-98.37559,30.80404],[-98.37571,30.80387],[-98.37614,30.80329],[-98.37657,30.80279],[-98.37664,30.80274],[-98.37672,30.80266],[-98.3769,30.80252],[-98.377,30.80246],[-98.37711,30.80241],[-98.37733,30.80232],[-98.37751,30.80225],[-98.37769,30.80221],[-98.37788,30.80218],[-98.37801,30.80217],[-98.37819,30.80217],[-98.37838,30.80218],[-98.37854,30.80221],[-98.37871,30.80224],[-98.37937,30.80244],[-98.37977,30.80256],[-98.37994,30.8026],[-98.38006,30.80261],[-98.38021,30.80262],[-98.38035,30.80263],[-98.38054,30.80262],[-98.38072,30.8026],[-98.3809,30.80257],[-98.38107,30.80252],[-98.38126,30.80246],[-98.38142,30.80238],[-98.38156,30.80229],[-98.38171,30.80219],[-98.38184,30.80208],[-98.38196,30.80196],[-98.38207,30.80184],[-98.38216,30.80171],[-98.38227,30.80145],[-98.38232,30.80132],[-98.38237,30.80112],[-98.38241,30.80097],[-98.38242,30.80076],[-98.38257,30.79966],[-98.38278,30.79804],[-98.3828,30.7979],[-98.38281,30.79758],[-98.38282,30.79744],[-98.38272,30.79604],[-98.3827,30.79567],[-98.38271,30.79542],[-98.38271,30.79533],[-98.38272,30.79531],[-98.38274,30.7951],[-98.38284,30.79459],[-98.38293,30.79417],[-98.38298,30.79398],[-98.38299,30.79395],[-98.38307,30.79373],[-98.3831,30.79367],[-98.38316,30.79354],[-98.38326,30.79334],[-98.3834,30.79313],[-98.38372,30.79266],[-98.38387,30.79243],[-98.38431,30.79178],[-98.38475,30.7911],[-98.38519,30.79043],[-98.38624,30.78889],[-98.38636,30.7887],[-98.38639,30.78865],[-98.38733,30.78728],[-98.3876,30.78688],[-98.38778,30.78665],[-98.38791,30.78652],[-98.38778,30.7862],[-98.38789,30.78535],[-98.38751,30.78503],[-98.38777,30.78486],[-98.3881,30.7848],[-98.38844,30.78444],[-98.3886,30.78469],[-98.38873,30.78493],[-98.38889,30.78508],[-98.38904,30.78528],[-98.38904,30.78529],[-98.38931,30.78541],[-98.38941,30.78554],[-98.38949,30.78549],[-98.3898,30.78533],[-98.39013,30.78517],[-98.39056,30.78495],[-98.39104,30.78468],[-98.39131,30.78451],[-98.39154,30.78434],[-98.39177,30.78415],[-98.39195,30.78399],[-98.39349,30.78254],[-98.3937,30.78233],[-98.39392,30.78215],[-98.39415,30.78199],[-98.39431,30.7819],[-98.39458,30.78176],[-98.39486,30.78164],[-98.39516,30.78154],[-98.39546,30.78147],[-98.39835,30.78092],[-98.399,30.7808],[-98.39991,30.7806],[-98.40221,30.78005],[-98.40269,30.77992],[-98.40333,30.7797],[-98.40348,30.77961],[-98.4036,30.77955],[-98.40379,30.77946],[-98.40401,30.77931],[-98.40436,30.77902],[-98.40464,30.77873],[-98.40485,30.77846],[-98.40503,30.7782],[-98.40562,30.77699],[-98.40573,30.77673],[-98.40587,30.77623],[-98.40593,30.77592],[-98.40593,30.77557],[-98.40592,30.77522],[-98.40589,30.77493],[-98.40583,30.77473],[-98.40566,30.77423],[-98.40557,30.77402],[-98.40544,30.77381],[-98.40527,30.77358],[-98.40471,30.77292],[-98.40399,30.77221],[-98.40384,30.77204],[-98.40372,30.77185],[-98.4036,30.77165],[-98.40356,30.77156],[-98.40351,30.7714],[-98.40347,30.77124],[-98.40345,30.77107],[-98.40345,30.77092],[-98.40345,30.77076],[-98.40348,30.77059],[-98.40352,30.77043],[-98.40358,30.77027],[-98.40364,30.77013],[-98.40372,30.76999],[-98.40381,30.76986],[-98.40391,30.76973],[-98.40417,30.76946],[-98.40428,30.76933],[-98.40438,30.76919],[-98.40446,30.76906],[-98.40454,30.76891],[-98.4046,30.76875],[-98.40464,30.7686],[-98.40466,30.76845],[-98.40467,30.76829],[-98.40466,30.76808],[-98.40463,30.76792],[-98.40462,30.76789],[-98.40458,30.76774],[-98.40456,30.76764],[-98.40447,30.76734],[-98.40443,30.76713],[-98.40435,30.76687],[-98.40425,30.76662],[-98.40413,30.76637],[-98.40408,30.76628],[-98.40398,30.76616],[-98.40388,30.76604],[-98.40376,30.76592],[-98.40363,30.76581],[-98.40357,30.76577],[-98.40349,30.76572],[-98.40333,30.76563],[-98.40317,30.76555],[-98.40301,30.76549],[-98.40221,30.76525],[-98.40198,30.76517],[-98.40177,30.76507],[-98.40157,30.76496],[-98.40143,30.76485],[-98.40129,30.76474],[-98.40117,30.76462],[-98.40107,30.7645],[-98.40105,30.76447],[-98.40094,30.76431],[-98.40058,30.76384],[-98.40029,30.76349],[-98.39988,30.76298],[-98.39962,30.76258],[-98.39945,30.76233],[-98.39906,30.7618],[-98.39892,30.76163],[-98.39872,30.76141],[-98.39854,30.76127],[-98.39824,30.76106],[-98.39795,30.76089],[-98.39767,30.76077],[-98.3974,30.7607],[-98.39714,30.76064],[-98.39598,30.76047],[-98.3957,30.76042],[-98.39544,30.76036],[-98.39515,30.76027],[-98.39486,30.76015],[-98.39419,30.75981],[-98.39388,30.75969],[-98.39353,30.75957],[-98.39273,30.75937],[-98.39186,30.75916],[-98.39156,30.75908],[-98.39127,30.759],[-98.39091,30.75886],[-98.39075,30.75879],[-98.39051,30.75866],[-98.39031,30.75853],[-98.39012,30.7584],[-98.38913,30.75755],[-98.38836,30.75683],[-98.38824,30.75669],[-98.38814,30.75655],[-98.38807,30.75644],[-98.38805,30.75641],[-98.38805,30.7564],[-98.38796,30.75629],[-98.38789,30.75632],[-98.38736,30.75653],[-98.38712,30.75662],[-98.3865,30.75684],[-98.38582,30.75702],[-98.38492,30.7572],[-98.38421,30.75729],[-98.3809,30.75754],[-98.38074,30.75755],[-98.38035,30.75754],[-98.38002,30.75753],[-98.37972,30.75748],[-98.37942,30.75742],[-98.37913,30.75734],[-98.37885,30.75724],[-98.37859,30.75714],[-98.37841,30.75707],[-98.37771,30.75686],[-98.37757,30.75683],[-98.37747,30.7568],[-98.37738,30.75679],[-98.37723,30.75677],[-98.37699,30.75675],[-98.37671,30.75674],[-98.37445,30.75682],[-98.37379,30.7569],[-98.37304,30.75703],[-98.37304,30.7569],[-98.37307,30.75676],[-98.37319,30.75657],[-98.37343,30.75635],[-98.37386,30.75592],[-98.3747,30.75512],[-98.375,30.75482],[-98.37528,30.75456],[-98.37552,30.75432],[-98.37594,30.75392],[-98.37632,30.75354],[-98.37636,30.7535],[-98.37641,30.75346],[-98.37654,30.75334],[-98.37666,30.75321],[-98.37676,30.75307],[-98.37685,30.75293],[-98.37692,30.75278],[-98.37698,30.75263],[-98.37703,30.75247],[-98.37706,30.75232],[-98.37707,30.75216],[-98.37706,30.75195],[-98.37702,30.75179],[-98.37696,30.75163],[-98.37689,30.75148],[-98.3768,30.75134],[-98.37667,30.75115],[-98.37659,30.75107],[-98.37651,30.75098],[-98.37641,30.75091],[-98.37632,30.75085],[-98.37611,30.75074],[-98.37599,30.7507],[-98.37535,30.75052],[-98.37514,30.75045],[-98.37416,30.7503],[-98.37324,30.75015],[-98.37215,30.74996],[-98.371,30.74977],[-98.37043,30.74964],[-98.37034,30.7496],[-98.37006,30.74948],[-98.36987,30.74935],[-98.36979,30.74926],[-98.36926,30.74871],[-98.36903,30.74841],[-98.36874,30.74816],[-98.36855,30.74801],[-98.36853,30.748],[-98.36821,30.74784],[-98.36794,30.74776],[-98.36762,30.74771],[-98.36683,30.74767],[-98.36667,30.74767],[-98.36661,30.74767],[-98.36339,30.74755],[-98.36292,30.74754],[-98.36231,30.74754],[-98.36202,30.74759],[-98.36172,30.74767],[-98.3615,30.74779],[-98.36134,30.7479],[-98.36104,30.74813],[-98.36043,30.74883],[-98.36022,30.74901],[-98.35997,30.74915],[-98.3596,30.7493],[-98.3594,30.74934],[-98.35913,30.74937],[-98.35839,30.74934],[-98.35752,30.74931],[-98.35717,30.7493],[-98.35692,30.74932],[-98.35667,30.74937],[-98.35542,30.74985],[-98.35507,30.74992],[-98.35481,30.74993],[-98.35458,30.74992],[-98.3543,30.74989],[-98.35404,30.74983],[-98.35384,30.74975],[-98.35363,30.74961],[-98.35352,30.74953],[-98.35332,30.7494],[-98.35313,30.74924],[-98.35294,30.74898],[-98.35282,30.74871],[-98.35278,30.74852],[-98.3528,30.74828],[-98.35283,30.74817],[-98.35291,30.74799],[-98.35301,30.74788],[-98.35325,30.74771],[-98.35335,30.74767],[-98.35352,30.74761],[-98.35369,30.74758],[-98.35663,30.74715],[-98.357,30.74707],[-98.35736,30.74697],[-98.35789,30.74678],[-98.35827,30.7466],[-98.35874,30.74635],[-98.35939,30.74589],[-98.35975,30.74558],[-98.36026,30.74505],[-98.36056,30.74472],[-98.36085,30.74432],[-98.36109,30.74387],[-98.36117,30.74359],[-98.36141,30.74259],[-98.36157,30.74211],[-98.36178,30.74176],[-98.36204,30.74145],[-98.36228,30.74122],[-98.36291,30.74076],[-98.36381,30.74014],[-98.36394,30.74005],[-98.3653,30.73909],[-98.36538,30.73904],[-98.36539,30.73903],[-98.36619,30.73847],[-98.3671,30.7379],[-98.36807,30.73736],[-98.3684,30.73717],[-98.36866,30.73701],[-98.36908,30.73677],[-98.3694,30.73651],[-98.36951,30.73635],[-98.36955,30.7362],[-98.36956,30.73603],[-98.36954,30.73587],[-98.36946,30.73569],[-98.36933,30.73554],[-98.36916,30.73541],[-98.36885,30.73523],[-98.36664,30.73406],[-98.36631,30.73384],[-98.36627,30.73379],[-98.36616,30.73367],[-98.36611,30.73355],[-98.36606,30.7334],[-98.36605,30.73317],[-98.36611,30.73302],[-98.36618,30.73288],[-98.3663,30.73276],[-98.36658,30.73255],[-98.36776,30.7319],[-98.3679,30.7318],[-98.36803,30.73169],[-98.36814,30.73156],[-98.36827,30.73133],[-98.3683,30.73122],[-98.36831,30.7311],[-98.36831,30.73082],[-98.36816,30.72977],[-98.36814,30.72945],[-98.36821,30.72918],[-98.36832,30.72895],[-98.36838,30.72888],[-98.36848,30.72877],[-98.36861,30.72866],[-98.36878,30.72856],[-98.36909,30.72844],[-98.3694,30.72837],[-98.3707,30.72818],[-98.37071,30.72817],[-98.37162,30.72804],[-98.37199,30.728],[-98.37234,30.72803],[-98.37255,30.72807],[-98.37287,30.72818],[-98.37305,30.72827],[-98.37416,30.7289],[-98.37447,30.72905],[-98.37489,30.72922],[-98.37515,30.72931],[-98.37576,30.72945],[-98.37705,30.72968],[-98.37738,30.7298],[-98.37783,30.73001],[-98.37816,30.7301],[-98.37832,30.73012],[-98.37853,30.73011],[-98.37876,30.73008],[-98.37943,30.72998],[-98.38091,30.7297],[-98.38125,30.72963],[-98.3814,30.72959],[-98.38163,30.72946],[-98.3818,30.72929],[-98.38186,30.7292],[-98.3819,30.72911],[-98.38193,30.729],[-98.38196,30.72886],[-98.38203,30.72841],[-98.38206,30.72824],[-98.38214,30.72799],[-98.38221,30.72784],[-98.38227,30.72771],[-98.38247,30.72732],[-98.38261,30.727],[-98.38264,30.7269],[-98.38265,30.72683],[-98.38265,30.7267],[-98.38263,30.7266],[-98.38259,30.72651],[-98.38255,30.72641],[-98.38249,30.72633],[-98.38243,30.72626],[-98.38236,30.72618],[-98.38227,30.72612],[-98.38193,30.72594],[-98.38156,30.72579],[-98.38137,30.72569],[-98.38125,30.72561],[-98.38113,30.72548],[-98.38104,30.72537],[-98.38098,30.72527],[-98.38092,30.72515],[-98.38082,30.72485],[-98.3806,30.72421],[-98.38049,30.72394],[-98.38038,30.72368],[-98.38032,30.72356],[-98.3802,30.72319],[-98.38017,30.72299],[-98.38017,30.72287],[-98.38021,30.72272],[-98.38027,30.72255],[-98.38034,30.72241],[-98.38046,30.72226],[-98.38062,30.72211],[-98.38075,30.72203],[-98.38097,30.72193],[-98.38114,30.72187],[-98.38139,30.72181],[-98.38174,30.72174],[-98.38238,30.7216],[-98.38256,30.72156],[-98.38276,30.72149],[-98.38292,30.72141],[-98.38306,30.72134],[-98.38317,30.72124],[-98.38324,30.72115],[-98.38333,30.72103],[-98.3834,30.72076],[-98.3834,30.72063],[-98.38334,30.7204],[-98.38325,30.72021],[-98.38308,30.71999],[-98.38293,30.71984],[-98.38233,30.71925],[-98.38202,30.71893],[-98.38166,30.71857],[-98.38149,30.71837],[-98.38136,30.71819],[-98.38126,30.71799],[-98.3812,30.71788],[-98.38116,30.71774],[-98.38114,30.71758],[-98.38113,30.71742],[-98.38113,30.71738],[-98.38113,30.71718],[-98.38113,30.71664],[-98.38113,30.71631],[-98.38112,30.71585],[-98.38112,30.71551],[-98.38109,30.71502],[-98.38109,30.71495],[-98.38107,30.71472],[-98.38107,30.7146],[-98.38103,30.71399],[-98.38099,30.71335],[-98.38093,30.71279],[-98.38092,30.71236],[-98.3809,30.71189],[-98.3809,30.71144],[-98.3809,30.71117],[-98.3809,30.71106],[-98.38091,30.71071],[-98.38092,30.70967],[-98.38093,30.70814],[-98.38093,30.70801],[-98.38093,30.70679],[-98.38093,30.7064],[-98.3809,30.70487],[-98.3809,30.70413],[-98.38091,30.70281],[-98.38091,30.702],[-98.3809,30.70102],[-98.3809,30.70084],[-98.38088,30.70069],[-98.38084,30.70056],[-98.38079,30.70044],[-98.38076,30.70036],[-98.38056,30.69988],[-98.38054,30.69982],[-98.38051,30.69966],[-98.38049,30.69946],[-98.3805,30.69919],[-98.38058,30.6989],[-98.38062,30.69853],[-98.38058,30.69823],[-98.3805,30.69789],[-98.38041,30.69761],[-98.38027,30.69736],[-98.38006,30.6971],[-98.37979,30.69687],[-98.37952,30.6967],[-98.3792,30.69656],[-98.37887,30.69646],[-98.37854,30.69641],[-98.37757,30.69625],[-98.37718,30.69619],[-98.37677,30.69619],[-98.37632,30.69623],[-98.37584,30.6963],[-98.37545,30.6964],[-98.37519,30.69649],[-98.37481,30.69671],[-98.37479,30.69673],[-98.3746,30.69681],[-98.37435,30.69688],[-98.37404,30.69691],[-98.37373,30.69694],[-98.37342,30.69693],[-98.37322,30.69691],[-98.37319,30.69691],[-98.37291,30.69684],[-98.37257,30.6967],[-98.37232,30.69657],[-98.3721,30.6965],[-98.37196,30.69646],[-98.37174,30.69641],[-98.37151,30.69638],[-98.37064,30.69631],[-98.36994,30.69628],[-98.36956,30.69626],[-98.36906,30.69625],[-98.36849,30.69626],[-98.36784,30.69631],[-98.36658,30.69641],[-98.36404,30.69661],[-98.36314,30.69665],[-98.36214,30.69667],[-98.36211,30.69667],[-98.36101,30.69671],[-98.36047,30.69672],[-98.36035,30.69672],[-98.35971,30.69671],[-98.35935,30.69669],[-98.35908,30.69665],[-98.35883,30.69661],[-98.35877,30.6966],[-98.35849,30.69653],[-98.35828,30.69646],[-98.35804,30.69637],[-98.35782,30.69627],[-98.35755,30.69611],[-98.35732,30.69597],[-98.3571,30.6958],[-98.35683,30.69556],[-98.35667,30.69539],[-98.35658,30.69528],[-98.35646,30.69514],[-98.35626,30.69486],[-98.35617,30.69473],[-98.356,30.69444],[-98.35542,30.6934],[-98.35518,30.69292],[-98.35466,30.69171],[-98.35416,30.69063],[-98.35363,30.68969],[-98.35329,30.68913],[-98.35272,30.68835],[-98.35154,30.68683],[-98.35133,30.68652],[-98.35118,30.68623],[-98.35108,30.68599],[-98.35099,30.6858],[-98.35086,30.6856],[-98.35072,30.68549],[-98.35057,30.68539],[-98.35041,30.68529],[-98.34958,30.68475],[-98.34938,30.68463],[-98.34923,30.68454],[-98.34909,30.68446],[-98.34894,30.6844],[-98.34876,30.68434],[-98.3486,30.6843],[-98.34811,30.6842],[-98.34771,30.6841],[-98.34755,30.68406],[-98.34702,30.68385],[-98.34643,30.68358],[-98.34605,30.68348],[-98.34575,30.68343],[-98.34551,30.6834],[-98.34533,30.68338],[-98.3451,30.68339],[-98.34488,30.6834],[-98.3426,30.6836],[-98.34199,30.68366],[-98.34176,30.68368],[-98.34154,30.68372],[-98.34132,30.68376],[-98.34106,30.68386],[-98.34087,30.68395],[-98.34063,30.6841],[-98.34046,30.68426],[-98.34013,30.68459],[-98.34,30.68469],[-98.3399,30.68475],[-98.33979,30.68483],[-98.33957,30.68491],[-98.33938,30.68496],[-98.33922,30.68498],[-98.33904,30.68499],[-98.33886,30.68498],[-98.33866,30.68495],[-98.33846,30.68489],[-98.33808,30.68472],[-98.33758,30.68448],[-98.33741,30.68441],[-98.33724,30.68437],[-98.33692,30.68431],[-98.33675,30.68429],[-98.3364,30.68426],[-98.33539,30.68419],[-98.33513,30.68416],[-98.33487,30.68412],[-98.33472,30.68408],[-98.33465,30.68406],[-98.33383,30.68383],[-98.33299,30.68359],[-98.33233,30.68339],[-98.33147,30.68318],[-98.33132,30.68314],[-98.33053,30.68296],[-98.33033,30.68294],[-98.33017,30.68289],[-98.32996,30.68284],[-98.3298,30.68278],[-98.32939,30.68256],[-98.3292,30.68246],[-98.32881,30.68223],[-98.3287,30.68217],[-98.32853,30.68206],[-98.32826,30.68191],[-98.3281,30.68183],[-98.32793,30.68175],[-98.32774,30.68166],[-98.32749,30.68155],[-98.32708,30.6814],[-98.32649,30.68119],[-98.32617,30.68107],[-98.3254,30.6808],[-98.32524,30.68075],[-98.32515,30.68071],[-98.32511,30.6807],[-98.32467,30.68055],[-98.32399,30.68034],[-98.32382,30.6803],[-98.32349,30.68021],[-98.32291,30.68008],[-98.32252,30.68],[-98.32207,30.6799],[-98.32181,30.67984],[-98.32052,30.67965],[-98.32048,30.67964],[-98.32022,30.67961],[-98.31999,30.67958],[-98.3197,30.67956],[-98.3195,30.67955],[-98.31904,30.67953],[-98.31844,30.67952],[-98.31782,30.67951],[-98.31778,30.67951],[-98.3168,30.67953],[-98.31667,30.67953],[-98.31643,30.67956],[-98.31615,30.67961],[-98.31591,30.67968],[-98.31566,30.67976],[-98.31554,30.67981],[-98.31534,30.6799],[-98.31508,30.68003],[-98.31473,30.68024],[-98.31463,30.68031],[-98.31429,30.6806],[-98.31338,30.68143],[-98.31327,30.68153],[-98.31311,30.68161],[-98.31301,30.68165],[-98.31296,30.68167],[-98.3128,30.68171],[-98.31265,30.68174],[-98.31257,30.68175],[-98.31239,30.68175],[-98.31175,30.68174],[-98.31145,30.68177],[-98.31137,30.68178],[-98.31118,30.6818],[-98.30622,30.68276],[-98.30411,30.68316],[-98.2969,30.68455],[-98.29122,30.68565],[-98.28395,30.68711],[-98.28342,30.68722],[-98.28175,30.68752],[-98.28094,30.68766],[-98.28005,30.68781],[-98.27842,30.6881],[-98.27734,30.68829],[-98.27621,30.68845],[-98.27502,30.68863],[-98.27433,30.68873],[-98.27287,30.68894],[-98.27278,30.68896],[-98.27226,30.68903],[-98.27028,30.68932],[-98.26878,30.6896],[-98.2668,30.68998],[-98.26537,30.69025],[-98.26322,30.69066],[-98.26154,30.69098],[-98.26125,30.69103],[-98.26109,30.69106],[-98.2605,30.69117],[-98.26002,30.69126],[-98.25988,30.69129],[-98.25836,30.69154],[-98.25829,30.69155],[-98.25795,30.6916],[-98.25759,30.69167],[-98.25735,30.69169],[-98.25716,30.69171],[-98.25697,30.69172],[-98.25674,30.6917],[-98.25646,30.69167],[-98.25601,30.69159],[-98.25598,30.69158],[-98.25502,30.69142],[-98.25506,30.69115],[-98.25512,30.69077],[-98.25521,30.6898],[-98.25524,30.68875],[-98.25498,30.68426],[-98.25495,30.68368],[-98.25476,30.68021],[-98.25478,30.67931],[-98.25489,30.67769],[-98.25523,30.67313],[-98.25534,30.67149],[-98.25586,30.66436],[-98.25614,30.6605],[-98.25628,30.65863],[-98.25628,30.65858],[-98.25645,30.65601],[-98.25648,30.65555],[-98.25659,30.65408],[-98.25665,30.65342],[-98.2567,30.6526],[-98.25679,30.65188],[-98.25691,30.65118],[-98.25698,30.65089],[-98.25719,30.65006],[-98.25728,30.64974],[-98.25871,30.64552],[-98.25926,30.64394],[-98.26019,30.64127],[-98.26037,30.64081],[-98.26075,30.63963],[-98.26123,30.63822],[-98.26124,30.63818],[-98.26157,30.63724],[-98.26159,30.63718],[-98.26168,30.63689],[-98.2617,30.63683],[-98.26176,30.63665],[-98.26179,30.63658],[-98.2618,30.63654],[-98.2619,30.63628],[-98.26201,30.63591],[-98.2621,30.63565],[-98.26231,30.63499],[-98.26246,30.63436],[-98.26259,30.63381],[-98.26279,30.63259],[-98.26284,30.63226],[-98.26293,30.63161],[-98.26313,30.62993],[-98.26326,30.62876],[-98.26333,30.62825],[-98.26346,30.62757],[-98.26359,30.627],[-98.26382,30.62616],[-98.26472,30.6235],[-98.26581,30.62039],[-98.26588,30.62019],[-98.26614,30.61942],[-98.26631,30.61896],[-98.26648,30.61846],[-98.26665,30.61798],[-98.2668,30.61755],[-98.26685,30.61739],[-98.26713,30.61652],[-98.26737,30.61544],[-98.26745,30.61498],[-98.26747,30.61488],[-98.26759,30.61393],[-98.26765,30.61318],[-98.26766,30.6129],[-98.26767,30.61244],[-98.26766,30.61179],[-98.26756,30.61046],[-98.26743,30.60939],[-98.26739,30.609],[-98.2673,30.6083],[-98.26727,30.60804],[-98.26723,30.60774],[-98.26721,30.6076],[-98.26721,30.60754],[-98.26715,30.607],[-98.2671,30.60649],[-98.26708,30.60635],[-98.26705,30.6058],[-98.26709,30.60517],[-98.26711,30.60499],[-98.26715,30.60466],[-98.26718,30.60446],[-98.26728,30.60403],[-98.26747,30.60343],[-98.26756,30.60321],[-98.26793,30.60236],[-98.26824,30.6017],[-98.26858,30.60097],[-98.26859,30.60094],[-98.26897,30.60016],[-98.26918,30.59972],[-98.26925,30.59958],[-98.26937,30.59934],[-98.26957,30.59892],[-98.27018,30.59766],[-98.27022,30.59758],[-98.27024,30.59754],[-98.27035,30.59731],[-98.27046,30.59709],[-98.27061,30.59678],[-98.27063,30.59673],[-98.27066,30.59668],[-98.27075,30.59649],[-98.27092,30.59613],[-98.27102,30.59592],[-98.27117,30.5956],[-98.27121,30.59553],[-98.27126,30.59543],[-98.27145,30.59502],[-98.27148,30.59495],[-98.27151,30.59489],[-98.27158,30.59475],[-98.27178,30.59432],[-98.27198,30.59393],[-98.27201,30.59386],[-98.27219,30.59349],[-98.27229,30.59329],[-98.27232,30.59324],[-98.27261,30.59261],[-98.27275,30.59231],[-98.27287,30.59198],[-98.27292,30.59185],[-98.27305,30.59145],[-98.27312,30.59119],[-98.27317,30.59101],[-98.27322,30.59083],[-98.27328,30.59058],[-98.27335,30.59016],[-98.27337,30.59005],[-98.27338,30.58996],[-98.27342,30.5896],[-98.27343,30.5895],[-98.27344,30.58934],[-98.27345,30.58908],[-98.27345,30.58894],[-98.27344,30.58874],[-98.27344,30.58855],[-98.27343,30.5881],[-98.27342,30.58797],[-98.27341,30.5877],[-98.27337,30.58692],[-98.27333,30.58621],[-98.27331,30.58578],[-98.2733,30.58572],[-98.27329,30.58536],[-98.27325,30.58446],[-98.27321,30.58375],[-98.27318,30.58323],[-98.27318,30.58312],[-98.27317,30.58301],[-98.27316,30.58274],[-98.27314,30.58242],[-98.27314,30.58233],[-98.27311,30.58185],[-98.27309,30.58139],[-98.27308,30.58118],[-98.27307,30.58111],[-98.27306,30.58086],[-98.27306,30.58082],[-98.27305,30.58071],[-98.27305,30.58062],[-98.27304,30.58027],[-98.27302,30.58004],[-98.273,30.5796],[-98.27297,30.579],[-98.27295,30.57876],[-98.27294,30.57834],[-98.27294,30.57805],[-98.27294,30.57779],[-98.27295,30.57771],[-98.27297,30.5775],[-98.27302,30.57713],[-98.27306,30.57691],[-98.27314,30.57657],[-98.2733,30.57609],[-98.27351,30.57563],[-98.27364,30.5754],[-98.27381,30.57509],[-98.27404,30.57476],[-98.27422,30.57447],[-98.27442,30.57418],[-98.2746,30.5739],[-98.27469,30.57375],[-98.27479,30.57361],[-98.27502,30.57326],[-98.27536,30.57276],[-98.27538,30.57273],[-98.27561,30.57236],[-98.27594,30.57183],[-98.27597,30.57176],[-98.27614,30.57137],[-98.27618,30.5712],[-98.27622,30.57103],[-98.27627,30.57079],[-98.27629,30.57061],[-98.2763,30.57049],[-98.27629,30.57026],[-98.27627,30.56999],[-98.2762,30.56976],[-98.27617,30.5695],[-98.27605,30.5692],[-98.27596,30.56894],[-98.27572,30.56829],[-98.27477,30.56573],[-98.27465,30.5654],[-98.2746,30.56528],[-98.27458,30.56518],[-98.27457,30.56504],[-98.27456,30.56483],[-98.27456,30.56475],[-98.27456,30.56458],[-98.27457,30.56448],[-98.2746,30.56432],[-98.27458,30.56409],[-98.27466,30.56386],[-98.27473,30.56373],[-98.27481,30.56358],[-98.27496,30.56334],[-98.27515,30.56305],[-98.2752,30.56298],[-98.27548,30.56262],[-98.27581,30.5621],[-98.27597,30.56177],[-98.27608,30.56137],[-98.27613,30.56109],[-98.27616,30.56086],[-98.27615,30.56059],[-98.2761,30.56022],[-98.27596,30.55976],[-98.2757,30.55925],[-98.27556,30.55906],[-98.27538,30.55882],[-98.27459,30.55783],[-98.27444,30.55759],[-98.27418,30.5571],[-98.27411,30.55694],[-98.27397,30.55651],[-98.27391,30.55626],[-98.27385,30.5559],[-98.27383,30.55546],[-98.27384,30.5552],[-98.27387,30.55492],[-98.27393,30.5546],[-98.27402,30.55428],[-98.27412,30.55399],[-98.27455,30.55294],[-98.27463,30.55276],[-98.2747,30.55259],[-98.27489,30.55216],[-98.27562,30.55039],[-98.27585,30.54978],[-98.27606,30.54916],[-98.27621,30.54866],[-98.27631,30.54832],[-98.27643,30.54783],[-98.27651,30.54749],[-98.27659,30.54716],[-98.27671,30.54663],[-98.27681,30.54613],[-98.27695,30.54557],[-98.277,30.54534],[-98.27717,30.54459],[-98.27786,30.54179]]}},{"type":"Feature","properties":{"route":"Kingsland & Lake LBJ Loop","category":"Lakes & Rivers","color":"#2980b9","waypoints":["Marble Falls","Kingsland","Packsaddle Mtn"],"via":"US 281 -> Park Road 4 -> RM 2900 -> RM 2233 -> US 71 -> RM 2147","distance_mi":47.5,"source":"road-snapped","id":"kingsland-lake-lbj-loop"},"geometry":{"type":"LineString","coordinates":[[-98.27786,30.54179],[-98.27717,30.54459],[-98.277,30.54534],[-98.27695,30.54557],[-98.27681,30.54613],[-98.27671,30.54663],[-98.27659,30.54716],[-98.27651,30.54749],[-98.27643,30.54783],[-98.27631,30.54832],[-98.27621,30.54866],[-98.27606,30.54916],[-98.27585,30.54978],[-98.27562,30.55039],[-98.27489,30.55216],[-98.2747,30.55259],[-98.27463,30.55276],[-98.27455,30.55294],[-98.27412,30.55399],[-98.27402,30.55428],[-98.27393,30.5546],[-98.27387,30.55492],[-98.27384,30.5552],[-98.27383,30.55546],[-98.27385,30.5559],[-98.27391,30.55626],[-98.27397,30.55651],[-98.27411,30.55694],[-98.27418,30.5571],[-98.27444,30.55759],[-98.27459,30.55783],[-98.27538,30.55882],[-98.27556,30.55906],[-98.2757,30.55925],[-98.27596,30.55976],[-98.2761,30.56022],[-98.27615,30.56059],[-98.27616,30.56086],[-98.27613,30.56109],[-98.27608,30.56137],[-98.27597,30.56177],[-98.27581,30.5621],[-98.27548,30.56262],[-98.2752,30.56298],[-98.27515,30.56305],[-98.27496,30.56334],[-98.27481,30.56358],[-98.27473,30.56373],[-98.27466,30.56386],[-98.27458,30.56409],[-98.27446,30.56428],[-98.27441,30.56454],[-98.27441,30.56488],[-98.27443,30.56507],[-98.27446,30.56526],[-98.27451,30.56549],[-98.2746,30.56579],[-98.27557,30.56833],[-98.27576,30.5688],[-98.27588,30.56912],[-98.27592,30.56923],[-98.276,30.56947],[-98.27605,30.56957],[-98.2762,30.56976],[-98.27627,30.56999],[-98.27629,30.57026],[-98.2763,30.57049],[-98.27629,30.57061],[-98.27627,30.57079],[-98.27622,30.57103],[-98.27618,30.5712],[-98.27614,30.57137],[-98.27597,30.57176],[-98.27594,30.57183],[-98.27561,30.57236],[-98.27538,30.57273],[-98.27536,30.57276],[-98.27502,30.57326],[-98.27479,30.57361],[-98.27469,30.57375],[-98.2746,30.5739],[-98.27442,30.57418],[-98.27422,30.57447],[-98.27404,30.57476],[-98.27381,30.57509],[-98.27364,30.5754],[-98.27351,30.57563],[-98.2733,30.57609],[-98.27314,30.57657],[-98.27306,30.57691],[-98.27302,30.57713],[-98.27297,30.5775],[-98.27295,30.57771],[-98.27294,30.57779],[-98.27294,30.57805],[-98.27294,30.57834],[-98.27295,30.57876],[-98.27297,30.579],[-98.273,30.5796],[-98.27302,30.58004],[-98.27304,30.58027],[-98.27305,30.58062],[-98.27305,30.58071],[-98.27306,30.58082],[-98.27306,30.58086],[-98.27307,30.58111],[-98.27308,30.58118],[-98.27309,30.58139],[-98.27311,30.58185],[-98.27314,30.58233],[-98.27314,30.58242],[-98.27316,30.58274],[-98.27317,30.58301],[-98.27318,30.58312],[-98.27318,30.58323],[-98.27321,30.58375],[-98.27325,30.58446],[-98.27329,30.58536],[-98.2733,30.58572],[-98.27331,30.58578],[-98.27333,30.58621],[-98.27337,30.58692],[-98.27341,30.5877],[-98.27342,30.58797],[-98.27343,30.5881],[-98.27344,30.58855],[-98.27344,30.58874],[-98.27345,30.58894],[-98.27345,30.58908],[-98.27344,30.58934],[-98.27343,30.5895],[-98.27342,30.5896],[-98.27338,30.58996],[-98.27337,30.59005],[-98.27335,30.59016],[-98.27328,30.59058],[-98.27322,30.59083],[-98.27317,30.59101],[-98.27312,30.59119],[-98.27305,30.59145],[-98.27292,30.59185],[-98.27287,30.59198],[-98.27275,30.59231],[-98.27261,30.59261],[-98.27232,30.59324],[-98.27229,30.59329],[-98.27219,30.59349],[-98.27201,30.59386],[-98.27198,30.59393],[-98.27178,30.59432],[-98.27158,30.59475],[-98.27151,30.59489],[-98.27148,30.59495],[-98.27145,30.59502],[-98.27126,30.59543],[-98.27121,30.59553],[-98.27117,30.5956],[-98.27102,30.59592],[-98.27092,30.59613],[-98.27075,30.59649],[-98.27066,30.59668],[-98.27063,30.59673],[-98.27061,30.59678],[-98.27046,30.59709],[-98.27035,30.59731],[-98.27024,30.59754],[-98.27022,30.59758],[-98.27018,30.59766],[-98.26957,30.59892],[-98.26937,30.59934],[-98.26925,30.59958],[-98.26918,30.59972],[-98.26897,30.60016],[-98.26859,30.60094],[-98.26858,30.60097],[-98.26824,30.6017],[-98.26793,30.60236],[-98.26756,30.60321],[-98.26747,30.60343],[-98.26728,30.60403],[-98.26718,30.60446],[-98.26715,30.60466],[-98.26711,30.60499],[-98.26709,30.60517],[-98.26705,30.6058],[-98.26708,30.60635],[-98.2671,30.60649],[-98.26715,30.607],[-98.26721,30.60754],[-98.26721,30.6076],[-98.26723,30.60774],[-98.26727,30.60804],[-98.2673,30.6083],[-98.26739,30.609],[-98.26743,30.60939],[-98.26756,30.61046],[-98.26766,30.61179],[-98.26767,30.61244],[-98.26766,30.6129],[-98.26765,30.61318],[-98.26759,30.61393],[-98.26747,30.61488],[-98.26745,30.61498],[-98.26737,30.61544],[-98.26713,30.61652],[-98.26685,30.61739],[-98.2668,30.61755],[-98.26665,30.61798],[-98.26648,30.61846],[-98.26631,30.61896],[-98.26614,30.61942],[-98.26588,30.62019],[-98.26581,30.62039],[-98.26472,30.6235],[-98.26382,30.62616],[-98.26359,30.627],[-98.26346,30.62757],[-98.26333,30.62825],[-98.26326,30.62876],[-98.26313,30.62993],[-98.26293,30.63161],[-98.26284,30.63226],[-98.26279,30.63259],[-98.26259,30.63381],[-98.26246,30.63436],[-98.26231,30.63499],[-98.2621,30.63565],[-98.26201,30.63591],[-98.2619,30.63628],[-98.2618,30.63654],[-98.26179,30.63658],[-98.26176,30.63665],[-98.2617,30.63683],[-98.26168,30.63689],[-98.26159,30.63718],[-98.26157,30.63724],[-98.26124,30.63818],[-98.26123,30.63822],[-98.26075,30.63963],[-98.26037,30.64081],[-98.26019,30.64127],[-98.25926,30.64394],[-98.25871,30.64552],[-98.25728,30.64974],[-98.25719,30.65006],[-98.25698,30.65089],[-98.25691,30.65118],[-98.25679,30.65188],[-98.2567,30.6526],[-98.25665,30.65342],[-98.25659,30.65408],[-98.25648,30.65555],[-98.25645,30.65601],[-98.25628,30.65858],[-98.25628,30.65863],[-98.25614,30.6605],[-98.25586,30.66436],[-98.25534,30.67149],[-98.25523,30.67313],[-98.25489,30.67769],[-98.25478,30.67931],[-98.25476,30.68021],[-98.25495,30.68368],[-98.25498,30.68426],[-98.25524,30.68875],[-98.25521,30.6898],[-98.25512,30.69077],[-98.25506,30.69115],[-98.25502,30.69142],[-98.25598,30.69158],[-98.25601,30.69159],[-98.25646,30.69167],[-98.25674,30.6917],[-98.25697,30.69172],[-98.25716,30.69171],[-98.25735,30.69169],[-98.25759,30.69167],[-98.25795,30.6916],[-98.25829,30.69155],[-98.25836,30.69154],[-98.25988,30.69129],[-98.26002,30.69126],[-98.2605,30.69117],[-98.26109,30.69106],[-98.26125,30.69103],[-98.26154,30.69098],[-98.26322,30.69066],[-98.26537,30.69025],[-98.2668,30.68998],[-98.26878,30.6896],[-98.27028,30.68932],[-98.27226,30.68903],[-98.27278,30.68896],[-98.27287,30.68894],[-98.27433,30.68873],[-98.27502,30.68863],[-98.27621,30.68845],[-98.27734,30.68829],[-98.27842,30.6881],[-98.28005,30.68781],[-98.28094,30.68766],[-98.28175,30.68752],[-98.28342,30.68722],[-98.28395,30.68711],[-98.29122,30.68565],[-98.2969,30.68455],[-98.30411,30.68316],[-98.30622,30.68276],[-98.31118,30.6818],[-98.31137,30.68178],[-98.31145,30.68177],[-98.31175,30.68174],[-98.31239,30.68175],[-98.31257,30.68175],[-98.31265,30.68174],[-98.3128,30.68171],[-98.31296,30.68167],[-98.31301,30.68165],[-98.31311,30.68161],[-98.31327,30.68153],[-98.31338,30.68143],[-98.31429,30.6806],[-98.31463,30.68031],[-98.31473,30.68024],[-98.31508,30.68003],[-98.31534,30.6799],[-98.31554,30.67981],[-98.31566,30.67976],[-98.31591,30.67968],[-98.31615,30.67961],[-98.31643,30.67956],[-98.31667,30.67953],[-98.3168,30.67953],[-98.31778,30.67951],[-98.31782,30.67951],[-98.31844,30.67952],[-98.31904,30.67953],[-98.3195,30.67955],[-98.3197,30.67956],[-98.31999,30.67958],[-98.32022,30.67961],[-98.32048,30.67964],[-98.32052,30.67965],[-98.32181,30.67984],[-98.32207,30.6799],[-98.32252,30.68],[-98.32291,30.68008],[-98.32349,30.68021],[-98.32382,30.6803],[-98.32399,30.68034],[-98.32467,30.68055],[-98.32511,30.6807],[-98.32515,30.68071],[-98.32524,30.68075],[-98.3254,30.6808],[-98.32617,30.68107],[-98.32649,30.68119],[-98.32708,30.6814],[-98.32749,30.68155],[-98.32774,30.68166],[-98.32793,30.68175],[-98.3281,30.68183],[-98.32826,30.68191],[-98.32853,30.68206],[-98.3287,30.68217],[-98.32881,30.68223],[-98.3292,30.68246],[-98.32939,30.68256],[-98.3298,30.68278],[-98.32996,30.68284],[-98.33017,30.68289],[-98.33033,30.68294],[-98.33053,30.68296],[-98.33132,30.68314],[-98.33147,30.68318],[-98.33233,30.68339],[-98.33299,30.68359],[-98.33383,30.68383],[-98.33465,30.68406],[-98.33472,30.68408],[-98.33487,30.68412],[-98.33513,30.68416],[-98.33539,30.68419],[-98.3364,30.68426],[-98.3364,30.68426],[-98.33675,30.68429],[-98.33692,30.68431],[-98.33724,30.68437],[-98.33741,30.68441],[-98.33758,30.68448],[-98.33808,30.68472],[-98.33846,30.68489],[-98.33866,30.68495],[-98.33886,30.68498],[-98.33904,30.68499],[-98.33922,30.68498],[-98.33938,30.68496],[-98.33957,30.68491],[-98.33979,30.68483],[-98.3399,30.68475],[-98.34,30.68469],[-98.34013,30.68459],[-98.34046,30.68426],[-98.34063,30.6841],[-98.34087,30.68395],[-98.34106,30.68386],[-98.34132,30.68376],[-98.34154,30.68372],[-98.34176,30.68368],[-98.34199,30.68366],[-98.3426,30.6836],[-98.34488,30.6834],[-98.3451,30.68339],[-98.34533,30.68338],[-98.34551,30.6834],[-98.34575,30.68343],[-98.34605,30.68348],[-98.34643,30.68358],[-98.34702,30.68385],[-98.34755,30.68406],[-98.34771,30.6841],[-98.34811,30.6842],[-98.3486,30.6843],[-98.34876,30.68434],[-98.34894,30.6844],[-98.34909,30.68446],[-98.34923,30.68454],[-98.34938,30.68463],[-98.34958,30.68475],[-98.35041,30.68529],[-98.35057,30.68539],[-98.35072,30.68549],[-98.35086,30.6856],[-98.35099,30.6858],[-98.35108,30.68599],[-98.35118,30.68623],[-98.35133,30.68652],[-98.35154,30.68683],[-98.35272,30.68835],[-98.35329,30.68913],[-98.35363,30.68969],[-98.35416,30.69063],[-98.35466,30.69171],[-98.35518,30.69292],[-98.35542,30.6934],[-98.356,30.69444],[-98.35617,30.69473],[-98.35626,30.69486],[-98.35646,30.69514],[-98.35658,30.69528],[-98.35667,30.69539],[-98.35683,30.69556],[-98.3571,30.6958],[-98.35732,30.69597],[-98.35755,30.69611],[-98.35782,30.69627],[-98.35804,30.69637],[-98.35828,30.69646],[-98.35849,30.69653],[-98.35877,30.6966],[-98.35883,30.69661],[-98.35908,30.69665],[-98.35935,30.69669],[-98.35971,30.69671],[-98.36035,30.69672],[-98.36047,30.69672],[-98.36101,30.69671],[-98.36211,30.69667],[-98.36214,30.69667],[-98.36314,30.69665],[-98.36404,30.69661],[-98.36658,30.69641],[-98.36784,30.69631],[-98.36849,30.69626],[-98.36906,30.69625],[-98.36956,30.69626],[-98.36994,30.69628],[-98.37064,30.69631],[-98.37151,30.69638],[-98.37174,30.69641],[-98.37196,30.69646],[-98.3721,30.6965],[-98.37232,30.69657],[-98.37257,30.6967],[-98.37291,30.69684],[-98.37319,30.69691],[-98.37322,30.69691],[-98.37342,30.69693],[-98.37373,30.69694],[-98.37404,30.69691],[-98.37435,30.69688],[-98.3746,30.69681],[-98.37479,30.69673],[-98.37519,30.69649],[-98.37545,30.6964],[-98.37584,30.6963],[-98.37632,30.69623],[-98.37677,30.69619],[-98.37718,30.69619],[-98.37757,30.69625],[-98.37854,30.69641],[-98.37887,30.69646],[-98.3792,30.69656],[-98.37952,30.6967],[-98.37979,30.69687],[-98.38006,30.6971],[-98.38027,30.69736],[-98.38041,30.69761],[-98.3805,30.69789],[-98.38143,30.69843],[-98.38179,30.69689],[-98.38184,30.69667],[-98.3819,30.69648],[-98.38223,30.69554],[-98.38327,30.69324],[-98.38336,30.69306],[-98.38347,30.69286],[-98.38361,30.69263],[-98.38377,30.6924],[-98.38389,30.69224],[-98.38404,30.69208],[-98.38418,30.69193],[-98.38424,30.69187],[-98.38528,30.69087],[-98.38572,30.69044],[-98.38587,30.69029],[-98.38635,30.68983],[-98.38685,30.68933],[-98.38747,30.68872],[-98.3884,30.68782],[-98.38882,30.68737],[-98.3892,30.6869],[-98.38946,30.68647],[-98.38974,30.68586],[-98.39011,30.68508],[-98.39025,30.68476],[-98.39092,30.68329],[-98.39136,30.68232],[-98.3914,30.68224],[-98.39154,30.68183],[-98.39166,30.68141],[-98.39203,30.67978],[-98.39228,30.67869],[-98.39243,30.67803],[-98.39259,30.67733],[-98.39306,30.67528],[-98.39319,30.67472],[-98.39333,30.67418],[-98.39343,30.67395],[-98.39348,30.67381],[-98.39367,30.67351],[-98.39387,30.67322],[-98.39404,30.67304],[-98.39429,30.67281],[-98.39463,30.67257],[-98.39514,30.67231],[-98.39549,30.67218],[-98.39596,30.67204],[-98.39618,30.67197],[-98.39758,30.67159],[-98.39895,30.67121],[-98.39954,30.67105],[-98.39957,30.67104],[-98.3998,30.67098],[-98.40224,30.67029],[-98.40352,30.66995],[-98.40379,30.66988],[-98.40466,30.66963],[-98.40541,30.66941],[-98.40656,30.66912],[-98.40681,30.66905],[-98.40715,30.66896],[-98.40774,30.66879],[-98.4086,30.66855],[-98.409,30.66844],[-98.41003,30.66814],[-98.41161,30.66771],[-98.41238,30.6675],[-98.41386,30.66708],[-98.41493,30.66678],[-98.41503,30.66675],[-98.41515,30.66671],[-98.41542,30.66662],[-98.41573,30.66647],[-98.41648,30.66605],[-98.41737,30.66525],[-98.41771,30.66494],[-98.41865,30.66409],[-98.41871,30.66403],[-98.41963,30.6632],[-98.41986,30.66298],[-98.42025,30.66259],[-98.42245,30.66032],[-98.42423,30.65848],[-98.42579,30.65689],[-98.42636,30.65719],[-98.42665,30.65731],[-98.42685,30.65739],[-98.4269,30.65741],[-98.42723,30.65753],[-98.42762,30.65765],[-98.43,30.65831],[-98.43053,30.65846],[-98.43066,30.6585],[-98.43147,30.65871],[-98.43188,30.65883],[-98.43228,30.65897],[-98.43268,30.65912],[-98.43281,30.65918],[-98.43385,30.65962],[-98.4339,30.65963],[-98.43414,30.6597],[-98.43432,30.65975],[-98.43451,30.65977],[-98.43467,30.65979],[-98.43488,30.65979],[-98.43512,30.65977],[-98.43536,30.65974],[-98.43541,30.65973],[-98.43564,30.65968],[-98.43586,30.6596],[-98.43595,30.65957],[-98.43657,30.65931],[-98.4367,30.65927],[-98.43801,30.65874],[-98.43812,30.6587],[-98.4382,30.65865],[-98.4385,30.65854],[-98.43879,30.65844],[-98.43908,30.65836],[-98.43938,30.65829],[-98.43959,30.65826],[-98.43977,30.65824],[-98.44002,30.65823],[-98.44023,30.65824],[-98.44045,30.65825],[-98.44057,30.65827],[-98.44072,30.65829],[-98.44099,30.65834],[-98.44134,30.65843],[-98.44175,30.65856],[-98.44185,30.6586],[-98.44241,30.65878],[-98.44272,30.65888],[-98.44289,30.65894],[-98.44402,30.65945],[-98.44445,30.65896],[-98.44454,30.65885],[-98.44457,30.65881],[-98.44478,30.65857],[-98.44479,30.65855],[-98.4451,30.65819],[-98.44576,30.65742],[-98.44593,30.65724],[-98.4462,30.65692],[-98.44633,30.65674],[-98.44635,30.65671],[-98.44647,30.65653],[-98.44659,30.65629],[-98.4467,30.65605],[-98.44671,30.656],[-98.44678,30.6558],[-98.44684,30.65556],[-98.44685,30.6555],[-98.44691,30.6552],[-98.44691,30.65514],[-98.44694,30.65489],[-98.44694,30.65484],[-98.44695,30.65434],[-98.44696,30.65427],[-98.44696,30.65339],[-98.44696,30.65327],[-98.44696,30.65303],[-98.44696,30.65249],[-98.44696,30.65214],[-98.44696,30.65175],[-98.44697,30.65142],[-98.44697,30.65106],[-98.44697,30.65101],[-98.44697,30.65078],[-98.44697,30.65033],[-98.44697,30.65024],[-98.44699,30.6495],[-98.44699,30.64875],[-98.44698,30.64805],[-98.44699,30.64794],[-98.447,30.64716],[-98.447,30.64664],[-98.447,30.64651],[-98.447,30.64636],[-98.447,30.64589],[-98.44692,30.64226],[-98.44691,30.64182],[-98.44689,30.64074],[-98.44688,30.64049],[-98.44683,30.6401],[-98.44676,30.63974],[-98.4467,30.63952],[-98.44666,30.63939],[-98.44655,30.63908],[-98.44641,30.63877],[-98.44638,30.6387],[-98.44626,30.63847],[-98.44564,30.63749],[-98.44548,30.63722],[-98.44531,30.63693],[-98.44516,30.63663],[-98.44503,30.63633],[-98.44492,30.63603],[-98.44483,30.63571],[-98.44476,30.63539],[-98.44462,30.63413],[-98.44441,30.63227],[-98.44439,30.63196],[-98.4444,30.63165],[-98.44441,30.63153],[-98.44442,30.63134],[-98.44447,30.63103],[-98.44455,30.63071],[-98.44464,30.63039],[-98.44476,30.63007],[-98.4449,30.62977],[-98.44518,30.62923],[-98.44648,30.6268],[-98.44733,30.62521],[-98.44832,30.62337],[-98.44853,30.62298],[-98.44868,30.62268],[-98.44881,30.62237],[-98.44892,30.62206],[-98.44901,30.62174],[-98.44907,30.62141],[-98.44911,30.62108],[-98.44913,30.62075],[-98.44913,30.62048],[-98.44908,30.61961],[-98.44908,30.61934],[-98.44909,30.61907],[-98.44913,30.6188],[-98.44919,30.61854],[-98.44927,30.61828],[-98.44944,30.61785],[-98.4496,30.61755],[-98.44988,30.61717],[-98.45041,30.61654],[-98.45106,30.61578],[-98.45174,30.61501],[-98.45233,30.61432],[-98.45291,30.61366],[-98.45309,30.61343],[-98.45325,30.6132],[-98.4534,30.61296],[-98.45352,30.6127],[-98.45363,30.61245],[-98.45371,30.61218],[-98.45376,30.61196],[-98.45377,30.61191],[-98.45381,30.61165],[-98.45382,30.61138],[-98.45382,30.61117],[-98.45364,30.60877],[-98.4534,30.60546],[-98.45333,30.60411],[-98.45325,30.60127],[-98.45321,30.59956],[-98.45319,30.59889],[-98.45319,30.59829],[-98.45318,30.5975],[-98.45311,30.59583],[-98.45305,30.59392],[-98.45303,30.5934],[-98.45302,30.59329],[-98.45294,30.59287],[-98.45285,30.5925],[-98.45274,30.59214],[-98.45259,30.59173],[-98.45244,30.59137],[-98.45227,30.59102],[-98.45206,30.59063],[-98.45189,30.59034],[-98.4517,30.59006],[-98.45149,30.58979],[-98.4508,30.58897],[-98.4505,30.58864],[-98.44998,30.58806],[-98.44904,30.587],[-98.44959,30.58664],[-98.45054,30.58599],[-98.4512,30.58557],[-98.45163,30.58529],[-98.45293,30.58441],[-98.45364,30.58396],[-98.45382,30.58385],[-98.45546,30.58278],[-98.45594,30.58254],[-98.45644,30.58232],[-98.45694,30.58212],[-98.45766,30.5818],[-98.45887,30.58128],[-98.4601,30.58078],[-98.46056,30.58057],[-98.46128,30.58024],[-98.46242,30.5798],[-98.46368,30.57925],[-98.46511,30.57865],[-98.46549,30.57848],[-98.46585,30.57828],[-98.46621,30.57807],[-98.46644,30.5779],[-98.46672,30.57768],[-98.46697,30.57744],[-98.46783,30.57656],[-98.46801,30.57637],[-98.46812,30.57624],[-98.46867,30.57562],[-98.46902,30.57526],[-98.46943,30.57483],[-98.46997,30.57426],[-98.47026,30.57397],[-98.47057,30.5737],[-98.4707,30.57359],[-98.47157,30.57291],[-98.47225,30.57237],[-98.47288,30.57189],[-98.47351,30.57138],[-98.47424,30.57085],[-98.47449,30.57068],[-98.47463,30.5706],[-98.47475,30.57054],[-98.47502,30.57041],[-98.47531,30.57031],[-98.47579,30.57016],[-98.47609,30.57008],[-98.47639,30.57003],[-98.47669,30.56999],[-98.477,30.56998],[-98.47832,30.56985],[-98.4848,30.56915],[-98.48491,30.56912],[-98.48502,30.56908],[-98.48512,30.56902],[-98.4852,30.56895],[-98.48534,30.56886],[-98.47342,30.55858],[-98.47222,30.55754],[-98.47133,30.55677],[-98.47083,30.55634],[-98.47039,30.55596],[-98.46972,30.55538],[-98.45812,30.54536],[-98.45768,30.54501],[-98.45726,30.54471],[-98.45678,30.5444],[-98.45621,30.54406],[-98.45571,30.54381],[-98.45525,30.54359],[-98.45009,30.5414],[-98.44941,30.54109],[-98.44874,30.54074],[-98.4481,30.54036],[-98.44754,30.53997],[-98.44513,30.53821],[-98.44464,30.53784],[-98.44303,30.53666],[-98.43958,30.53412],[-98.43921,30.53387],[-98.43884,30.53364],[-98.43848,30.53343],[-98.43811,30.53322],[-98.43773,30.53303],[-98.4373,30.53283],[-98.43693,30.53268],[-98.43649,30.53251],[-98.42834,30.52989],[-98.42772,30.52967],[-98.42712,30.52943],[-98.42397,30.52801],[-98.42345,30.52778],[-98.42104,30.52668],[-98.42039,30.52637],[-98.41979,30.52607],[-98.41926,30.52576],[-98.41863,30.52536],[-98.41571,30.52322],[-98.41355,30.52163],[-98.41322,30.5214],[-98.41284,30.52116],[-98.41247,30.52094],[-98.41206,30.52071],[-98.40978,30.51962],[-98.40964,30.51984],[-98.40956,30.51992],[-98.40947,30.51999],[-98.40937,30.52005],[-98.40927,30.52011],[-98.40883,30.52028],[-98.40916,30.52016],[-98.40927,30.52011],[-98.40937,30.52005],[-98.40947,30.51999],[-98.40956,30.51992],[-98.40964,30.51984],[-98.40978,30.51962],[-98.40611,30.51783],[-98.40562,30.5176],[-98.4054,30.5175],[-98.40529,30.51745],[-98.4046,30.51718],[-98.40414,30.51702],[-98.40344,30.51684],[-98.4025,30.51658],[-98.40022,30.51595],[-98.398,30.51533],[-98.39705,30.51506],[-98.39634,30.51485],[-98.39595,30.51475],[-98.3955,30.51467],[-98.3949,30.51457],[-98.39452,30.51452],[-98.3943,30.5145],[-98.38945,30.51403],[-98.38216,30.51335],[-98.38009,30.51315],[-98.37927,30.51307],[-98.37908,30.51305],[-98.37715,30.51287],[-98.37667,30.51282],[-98.37535,30.5127],[-98.37499,30.51266],[-98.37442,30.51264],[-98.37426,30.51263],[-98.37385,30.51263],[-98.37328,30.51264],[-98.37277,30.51267],[-98.37227,30.51272],[-98.37152,30.51283],[-98.37035,30.51302],[-98.36744,30.51352],[-98.36517,30.51393],[-98.36395,30.51417],[-98.36334,30.5143],[-98.36008,30.5151],[-98.35662,30.51593],[-98.35346,30.51669],[-98.35155,30.51717],[-98.35109,30.51729],[-98.3501,30.51745],[-98.34952,30.5175],[-98.34901,30.51754],[-98.34846,30.51755],[-98.34788,30.51753],[-98.34755,30.51751],[-98.34732,30.5175],[-98.34641,30.51741],[-98.34313,30.51707],[-98.34135,30.51688],[-98.33714,30.51645],[-98.32671,30.51535],[-98.31664,30.5143],[-98.31597,30.51421],[-98.31536,30.51412],[-98.31474,30.514],[-98.31409,30.51386],[-98.31314,30.51362],[-98.31302,30.51359],[-98.30608,30.51181],[-98.30596,30.51178],[-98.30459,30.51143],[-98.30449,30.5114],[-98.30247,30.51088],[-98.30235,30.51085],[-98.30112,30.51052],[-98.29988,30.51022],[-98.29971,30.51017],[-98.29744,30.50958],[-98.29672,30.50939],[-98.29591,30.50912],[-98.2954,30.50977],[-98.2928,30.51306],[-98.29248,30.51349],[-98.29164,30.51508],[-98.29156,30.5152],[-98.29092,30.51635],[-98.29079,30.51666],[-98.2907,30.51683],[-98.28686,30.52426],[-98.28512,30.52755],[-98.28472,30.52832],[-98.28249,30.53255],[-98.28218,30.53311],[-98.27899,30.53919],[-98.27864,30.53987],[-98.27837,30.54047],[-98.27818,30.54087],[-98.27788,30.54173],[-98.27786,30.54179],[-98.27786,30.54179]]}},{"type":"Feature","properties":{"route":"Guadalupe River Road & Hunt Sweep","category":"Lakes & Rivers","color":"#2980b9","waypoints":["Kerrville","Ingram","Hunt","Guadalupe River"],"via":"TX 39 -> FM 1340 (North Fork Guadalupe River)","distance_mi":54.6,"source":"road-snapped","id":"guadalupe-river-road-hunt-sweep"},"geometry":{"type":"LineString","coordinates":[[-99.14001,30.04699],[-99.14016,30.04712],[-99.14049,30.04741],[-99.14057,30.04748],[-99.14067,30.04756],[-99.14095,30.0478],[-99.14136,30.04816],[-99.14162,30.04839],[-99.14168,30.04845],[-99.14175,30.0485],[-99.14186,30.0486],[-99.14203,30.04875],[-99.14211,30.04882],[-99.14217,30.04887],[-99.14266,30.0493],[-99.14275,30.04937],[-99.14281,30.04943],[-99.14305,30.04963],[-99.14333,30.04988],[-99.14378,30.05027],[-99.14407,30.05053],[-99.14418,30.05062],[-99.14433,30.05075],[-99.14443,30.05084],[-99.14479,30.05115],[-99.14531,30.0516],[-99.14576,30.052],[-99.14582,30.05205],[-99.14589,30.05211],[-99.14619,30.05237],[-99.14626,30.05243],[-99.14664,30.05276],[-99.1467,30.05281],[-99.14691,30.05297],[-99.14705,30.05308],[-99.14718,30.05319],[-99.1472,30.05321],[-99.14758,30.05351],[-99.1477,30.05358],[-99.14787,30.05366],[-99.14798,30.05372],[-99.14816,30.05381],[-99.14834,30.05389],[-99.14856,30.05397],[-99.14875,30.05403],[-99.14894,30.05409],[-99.14915,30.05414],[-99.14923,30.05416],[-99.14935,30.05419],[-99.14948,30.05422],[-99.14964,30.05425],[-99.14986,30.05429],[-99.14991,30.0543],[-99.15002,30.05432],[-99.15024,30.05436],[-99.15049,30.0544],[-99.15057,30.05442],[-99.15094,30.05448],[-99.15103,30.0545],[-99.15129,30.05455],[-99.15162,30.0546],[-99.15186,30.05465],[-99.152,30.05467],[-99.15212,30.05469],[-99.15224,30.05471],[-99.15244,30.05475],[-99.15337,30.05491],[-99.15391,30.055],[-99.15506,30.0552],[-99.15534,30.05524],[-99.1555,30.05527],[-99.15581,30.05532],[-99.15631,30.05541],[-99.15638,30.05543],[-99.15665,30.05548],[-99.15679,30.0555],[-99.15697,30.05554],[-99.15711,30.05558],[-99.1572,30.05561],[-99.15733,30.05565],[-99.15744,30.05568],[-99.15768,30.05574],[-99.15802,30.05589],[-99.15822,30.05598],[-99.15847,30.0561],[-99.15886,30.05629],[-99.15906,30.0564],[-99.15929,30.05651],[-99.15974,30.05673],[-99.15999,30.05685],[-99.16029,30.057],[-99.16047,30.05709],[-99.16097,30.05734],[-99.16105,30.05737],[-99.16134,30.05752],[-99.16141,30.05755],[-99.16165,30.05767],[-99.16177,30.05773],[-99.16214,30.05791],[-99.16252,30.0581],[-99.16264,30.05816],[-99.16305,30.05836],[-99.1633,30.05848],[-99.16368,30.05867],[-99.16374,30.0587],[-99.16393,30.05879],[-99.16429,30.05896],[-99.16453,30.05908],[-99.16463,30.05913],[-99.16544,30.05952],[-99.1655,30.05955],[-99.1664,30.05998],[-99.1669,30.06023],[-99.16697,30.06026],[-99.16739,30.06048],[-99.16804,30.0608],[-99.16998,30.06177],[-99.17087,30.06221],[-99.17097,30.06225],[-99.17134,30.06244],[-99.17206,30.06278],[-99.17248,30.06298],[-99.1728,30.06314],[-99.17299,30.06323],[-99.17303,30.06325],[-99.1734,30.06343],[-99.17354,30.0635],[-99.17373,30.06359],[-99.174,30.06373],[-99.17415,30.0638],[-99.17473,30.06409],[-99.17506,30.06426],[-99.17511,30.06429],[-99.17523,30.06435],[-99.17549,30.06448],[-99.17554,30.06451],[-99.17575,30.06462],[-99.17597,30.06472],[-99.17612,30.06479],[-99.17634,30.0649],[-99.17742,30.06544],[-99.1777,30.06558],[-99.17797,30.06571],[-99.1793,30.06637],[-99.17954,30.06648],[-99.17976,30.0666],[-99.17989,30.06666],[-99.18002,30.06673],[-99.1803,30.06687],[-99.18037,30.0669],[-99.18064,30.06704],[-99.18085,30.06714],[-99.18091,30.06717],[-99.18101,30.06723],[-99.1811,30.06727],[-99.18137,30.06741],[-99.18141,30.06743],[-99.18176,30.0676],[-99.18212,30.06778],[-99.18268,30.06806],[-99.18315,30.0683],[-99.18356,30.0685],[-99.18394,30.06868],[-99.1841,30.06876],[-99.18437,30.06889],[-99.18598,30.06968],[-99.18611,30.06975],[-99.18666,30.07002],[-99.18675,30.07007],[-99.18686,30.07012],[-99.18695,30.07017],[-99.18714,30.07026],[-99.18741,30.07039],[-99.18761,30.07049],[-99.18777,30.07057],[-99.18826,30.07081],[-99.18848,30.07091],[-99.18904,30.07119],[-99.18936,30.07135],[-99.18963,30.07148],[-99.18998,30.07164],[-99.19039,30.07183],[-99.19084,30.07204],[-99.19203,30.07261],[-99.19216,30.07267],[-99.19262,30.0729],[-99.1929,30.07304],[-99.19317,30.07316],[-99.19339,30.07326],[-99.19356,30.07333],[-99.19378,30.07341],[-99.19403,30.07349],[-99.19426,30.07355],[-99.19433,30.07357],[-99.19449,30.07361],[-99.19474,30.07366],[-99.19497,30.0737],[-99.19506,30.07372],[-99.1952,30.07373],[-99.19522,30.07374],[-99.19548,30.07376],[-99.19573,30.07378],[-99.19596,30.07378],[-99.1962,30.07378],[-99.19648,30.07376],[-99.19657,30.07375],[-99.19677,30.07373],[-99.19704,30.0737],[-99.19746,30.07365],[-99.19806,30.07356],[-99.19829,30.07353],[-99.19862,30.07348],[-99.19904,30.07342],[-99.19959,30.07334],[-99.19995,30.07328],[-99.2004,30.07322],[-99.20062,30.07319],[-99.20095,30.07314],[-99.20189,30.073],[-99.20274,30.07288],[-99.20355,30.07277],[-99.20398,30.0727],[-99.20434,30.07265],[-99.20518,30.07253],[-99.20536,30.0725],[-99.20567,30.07246],[-99.20596,30.07243],[-99.2062,30.07241],[-99.20628,30.07241],[-99.20653,30.07239],[-99.20686,30.07237],[-99.20711,30.07237],[-99.20737,30.07237],[-99.20752,30.07237],[-99.20767,30.07237],[-99.20808,30.07239],[-99.2085,30.07241],[-99.20941,30.07245],[-99.20959,30.07246],[-99.20968,30.07247],[-99.20999,30.07248],[-99.21007,30.07249],[-99.2117,30.07257],[-99.21262,30.07261],[-99.21307,30.07263],[-99.21341,30.07265],[-99.2138,30.07267],[-99.21403,30.07268],[-99.21416,30.07269],[-99.21439,30.0727],[-99.21461,30.07271],[-99.21468,30.07271],[-99.21532,30.07274],[-99.21556,30.07276],[-99.2163,30.07279],[-99.21676,30.07282],[-99.21729,30.07284],[-99.21749,30.07285],[-99.21789,30.07287],[-99.21797,30.07287],[-99.21869,30.0729],[-99.21936,30.07294],[-99.22009,30.07297],[-99.22086,30.07301],[-99.2214,30.07303],[-99.22252,30.07308],[-99.22388,30.07315],[-99.22421,30.07316],[-99.22428,30.07316],[-99.2247,30.07319],[-99.22489,30.0732],[-99.22518,30.07321],[-99.22529,30.07322],[-99.2255,30.07323],[-99.2258,30.07324],[-99.22637,30.07327],[-99.22656,30.07327],[-99.22679,30.07328],[-99.22789,30.0733],[-99.22821,30.07331],[-99.22845,30.07332],[-99.2286,30.07333],[-99.22903,30.07334],[-99.2293,30.07335],[-99.22955,30.07336],[-99.22983,30.07337],[-99.22995,30.07338],[-99.23035,30.0734],[-99.2315,30.07345],[-99.23164,30.07346],[-99.23242,30.0735],[-99.23278,30.07351],[-99.23317,30.07353],[-99.2332,30.07354],[-99.23349,30.07355],[-99.23371,30.07357],[-99.23377,30.07357],[-99.23388,30.07358],[-99.23407,30.07359],[-99.23442,30.07361],[-99.23462,30.07361],[-99.23514,30.07364],[-99.23643,30.07393],[-99.23647,30.07396],[-99.23697,30.07417],[-99.23728,30.07432],[-99.23737,30.07436],[-99.23798,30.07472],[-99.23817,30.07486],[-99.23835,30.075],[-99.23853,30.07515],[-99.23871,30.07531],[-99.23926,30.07593],[-99.24066,30.07778],[-99.24112,30.07838],[-99.24155,30.07891],[-99.2417,30.07911],[-99.24222,30.0798],[-99.24254,30.08021],[-99.24293,30.08074],[-99.24353,30.08153],[-99.24377,30.08185],[-99.24387,30.08198],[-99.24397,30.0821],[-99.24406,30.08221],[-99.24415,30.08232],[-99.2442,30.08238],[-99.24432,30.08251],[-99.24443,30.08262],[-99.24471,30.08289],[-99.24482,30.083],[-99.24506,30.08327],[-99.24548,30.08373],[-99.24555,30.0838],[-99.24572,30.08397],[-99.24596,30.08424],[-99.2461,30.08439],[-99.24724,30.08561],[-99.24777,30.08618],[-99.24825,30.0867],[-99.24871,30.08719],[-99.24912,30.08762],[-99.24929,30.08777],[-99.24946,30.08793],[-99.24967,30.0881],[-99.24976,30.08817],[-99.24991,30.08828],[-99.25013,30.08842],[-99.2517,30.0894],[-99.25195,30.08954],[-99.25216,30.08967],[-99.25268,30.09004],[-99.25316,30.09043],[-99.25325,30.09051],[-99.25335,30.0906],[-99.25342,30.09068],[-99.25378,30.09106],[-99.25385,30.09113],[-99.25454,30.09187],[-99.25464,30.09197],[-99.25477,30.09211],[-99.2551,30.09242],[-99.25521,30.09254],[-99.25566,30.093],[-99.25647,30.09384],[-99.2566,30.09397],[-99.25708,30.09447],[-99.25773,30.09514],[-99.25855,30.09601],[-99.25894,30.09641],[-99.25912,30.0966],[-99.25941,30.0969],[-99.25961,30.0971],[-99.25992,30.09743],[-99.26032,30.09784],[-99.26045,30.09796],[-99.26077,30.0983],[-99.2609,30.09841],[-99.26127,30.09874],[-99.26153,30.09893],[-99.26188,30.09918],[-99.26196,30.09924],[-99.26233,30.0995],[-99.26268,30.09969],[-99.26271,30.09971],[-99.2629,30.0998],[-99.26301,30.09986],[-99.26306,30.09989],[-99.26312,30.09992],[-99.26326,30.09998],[-99.26338,30.10002],[-99.26348,30.10007],[-99.26372,30.10017],[-99.26396,30.10026],[-99.26407,30.10029],[-99.26504,30.10063],[-99.26571,30.10087],[-99.26622,30.10105],[-99.26665,30.1012],[-99.26675,30.10123],[-99.26773,30.10156],[-99.26801,30.10166],[-99.27026,30.10243],[-99.27151,30.10286],[-99.27182,30.10296],[-99.27263,30.10325],[-99.27324,30.10347],[-99.27537,30.10435],[-99.27586,30.10455],[-99.27661,30.10486],[-99.27751,30.10524],[-99.27781,30.10536],[-99.27899,30.10585],[-99.27915,30.10591],[-99.28038,30.10642],[-99.28113,30.10673],[-99.28197,30.10708],[-99.282,30.1071],[-99.28209,30.10714],[-99.28267,30.10746],[-99.28278,30.10753],[-99.28338,30.10798],[-99.2834,30.10799],[-99.2835,30.10808],[-99.28358,30.10816],[-99.28366,30.10825],[-99.28386,30.10844],[-99.28393,30.10851],[-99.28423,30.10888],[-99.28436,30.10906],[-99.28442,30.10915],[-99.28535,30.11075],[-99.28582,30.11154],[-99.28634,30.11242],[-99.28667,30.11298],[-99.28705,30.11351],[-99.28715,30.11363],[-99.28741,30.11392],[-99.28768,30.11418],[-99.28794,30.11439],[-99.28824,30.11461],[-99.28863,30.11486],[-99.2888,30.11497],[-99.28921,30.11521],[-99.2896,30.11544],[-99.28979,30.11554],[-99.29004,30.11567],[-99.29029,30.11578],[-99.29052,30.11587],[-99.29082,30.11598],[-99.29107,30.11605],[-99.29139,30.11614],[-99.29147,30.11616],[-99.2918,30.11627],[-99.29223,30.11642],[-99.29251,30.11654],[-99.29292,30.11674],[-99.29322,30.11692],[-99.29331,30.11697],[-99.29347,30.11707],[-99.29369,30.11723],[-99.29382,30.11733],[-99.29396,30.11745],[-99.29445,30.11785],[-99.29499,30.1183],[-99.29591,30.11907],[-99.29661,30.11966],[-99.29779,30.12065],[-99.29801,30.12083],[-99.29863,30.12135],[-99.29887,30.12154],[-99.29919,30.12179],[-99.29957,30.12205],[-99.30028,30.12253],[-99.30118,30.12315],[-99.30358,30.12477],[-99.30515,30.12582],[-99.30579,30.12627],[-99.30599,30.1264],[-99.30652,30.12675],[-99.30657,30.12679],[-99.30682,30.12696],[-99.30702,30.12711],[-99.30738,30.12737],[-99.30878,30.12856],[-99.30947,30.1291],[-99.3097,30.12926],[-99.31016,30.12952],[-99.31028,30.12957],[-99.31193,30.13031],[-99.312,30.13035],[-99.31265,30.13066],[-99.31276,30.13072],[-99.31312,30.13096],[-99.31345,30.13124],[-99.31353,30.13132],[-99.3136,30.1314],[-99.31392,30.13183],[-99.31399,30.13193],[-99.31405,30.13204],[-99.31413,30.13221],[-99.31419,30.13238],[-99.31424,30.13255],[-99.3143,30.13276],[-99.31436,30.13307],[-99.31442,30.13361],[-99.31453,30.13426],[-99.31457,30.13439],[-99.3147,30.13483],[-99.31494,30.13537],[-99.31511,30.13566],[-99.31555,30.13641],[-99.31575,30.13676],[-99.31607,30.13726],[-99.31655,30.13803],[-99.31729,30.13925],[-99.31749,30.13955],[-99.31756,30.13964],[-99.31778,30.13991],[-99.31793,30.14007],[-99.31816,30.14029],[-99.31838,30.14051],[-99.31848,30.14058],[-99.31891,30.1409],[-99.31948,30.14126],[-99.32028,30.14166],[-99.32096,30.142],[-99.32207,30.14257],[-99.32258,30.14278],[-99.32306,30.14295],[-99.32365,30.14311],[-99.32409,30.14319],[-99.32534,30.14336],[-99.32624,30.14356],[-99.32763,30.14392],[-99.32791,30.14398],[-99.32934,30.14434],[-99.32974,30.14445],[-99.33069,30.14474],[-99.33125,30.14493],[-99.3319,30.14517],[-99.33238,30.1454],[-99.3329,30.14566],[-99.33313,30.1458],[-99.33357,30.14609],[-99.33393,30.14633],[-99.33404,30.14642],[-99.33426,30.1466],[-99.3344,30.14673],[-99.33442,30.14675],[-99.33496,30.14729],[-99.33509,30.14742],[-99.3352,30.14753],[-99.3357,30.14814],[-99.33682,30.14986],[-99.33718,30.15042],[-99.33741,30.15076],[-99.33832,30.15217],[-99.33847,30.15239],[-99.3388,30.1528],[-99.33888,30.1529],[-99.33948,30.15344],[-99.34209,30.1556],[-99.3433,30.15658],[-99.3446,30.15767],[-99.345,30.15801],[-99.34535,30.15831],[-99.34549,30.15842],[-99.34602,30.15886],[-99.34621,30.15902],[-99.34644,30.15921],[-99.34656,30.1593],[-99.34661,30.15934],[-99.3468,30.15947],[-99.34699,30.15958],[-99.34746,30.15982],[-99.34789,30.16002],[-99.34842,30.16022],[-99.34924,30.16053],[-99.34995,30.1608],[-99.35004,30.16083],[-99.3506,30.16104],[-99.35111,30.16123],[-99.35173,30.16147],[-99.352,30.16159],[-99.35209,30.16163],[-99.35242,30.16183],[-99.35264,30.16198],[-99.35272,30.16203],[-99.35302,30.16228],[-99.35334,30.16261],[-99.35337,30.16264],[-99.35365,30.163],[-99.35374,30.16312],[-99.35394,30.16346],[-99.35432,30.16429],[-99.35438,30.16441],[-99.35446,30.16453],[-99.35462,30.16474],[-99.35482,30.16499],[-99.355,30.16516],[-99.35525,30.16539],[-99.35558,30.16565],[-99.35566,30.1657],[-99.35582,30.16581],[-99.35617,30.166],[-99.35619,30.16601],[-99.35661,30.1662],[-99.3569,30.1663],[-99.3575,30.16649],[-99.35926,30.16704],[-99.36062,30.16746],[-99.36136,30.16769],[-99.36165,30.16778],[-99.36193,30.16784],[-99.36232,30.16792],[-99.36258,30.16797],[-99.36325,30.1681],[-99.36384,30.16821],[-99.36552,30.16853],[-99.36854,30.16908],[-99.3694,30.16924],[-99.36975,30.16935],[-99.37017,30.16948],[-99.37084,30.16976],[-99.37125,30.16997],[-99.37141,30.17007],[-99.37155,30.17017],[-99.37172,30.17028],[-99.37205,30.17053],[-99.37221,30.17067],[-99.37233,30.17078],[-99.37265,30.17111],[-99.37286,30.17136],[-99.37311,30.17169],[-99.37341,30.17218],[-99.37358,30.17257],[-99.3736,30.17262],[-99.37367,30.1728],[-99.37375,30.17305],[-99.37385,30.17338],[-99.37389,30.17353],[-99.37395,30.17386],[-99.37397,30.17407],[-99.37424,30.17711],[-99.37428,30.17756],[-99.37429,30.17763],[-99.37433,30.1782],[-99.37441,30.17913],[-99.3745,30.17912],[-99.3783,30.17877],[-99.37868,30.17874],[-99.37897,30.17871],[-99.37957,30.17867],[-99.3797,30.17866],[-99.38195,30.17844],[-99.38303,30.17834],[-99.38333,30.17829],[-99.38416,30.17812],[-99.38429,30.17808],[-99.38472,30.17796],[-99.38503,30.17785],[-99.38667,30.17724],[-99.38728,30.17704],[-99.38779,30.1769],[-99.38819,30.17682],[-99.38846,30.17677],[-99.38991,30.17657],[-99.39031,30.17651],[-99.40003,30.17516],[-99.40086,30.175],[-99.40179,30.17473],[-99.40947,30.17226],[-99.41109,30.17179],[-99.41226,30.17157],[-99.41563,30.17088],[-99.41711,30.1706],[-99.4234,30.16938],[-99.4234,30.16938],[-99.41711,30.1706],[-99.41563,30.17088],[-99.41226,30.17157],[-99.41109,30.17179],[-99.40947,30.17226],[-99.40179,30.17473],[-99.40086,30.175],[-99.40003,30.17516],[-99.39031,30.17651],[-99.38991,30.17657],[-99.38846,30.17677],[-99.38819,30.17682],[-99.38779,30.1769],[-99.38728,30.17704],[-99.38667,30.17724],[-99.38503,30.17785],[-99.38472,30.17796],[-99.38429,30.17808],[-99.38416,30.17812],[-99.38333,30.17829],[-99.38303,30.17834],[-99.38195,30.17844],[-99.3797,30.17866],[-99.37957,30.17867],[-99.37897,30.17871],[-99.37868,30.17874],[-99.3783,30.17877],[-99.3745,30.17912],[-99.37441,30.17913],[-99.37433,30.1782],[-99.37429,30.17763],[-99.37428,30.17756],[-99.37424,30.17711],[-99.37397,30.17407],[-99.37395,30.17386],[-99.37389,30.17353],[-99.37385,30.17338],[-99.37375,30.17305],[-99.37367,30.1728],[-99.3736,30.17262],[-99.37358,30.17257],[-99.37341,30.17218],[-99.37311,30.17169],[-99.37286,30.17136],[-99.37265,30.17111],[-99.37233,30.17078],[-99.37221,30.17067],[-99.37205,30.17053],[-99.37172,30.17028],[-99.37155,30.17017],[-99.37141,30.17007],[-99.37125,30.16997],[-99.37084,30.16976],[-99.37017,30.16948],[-99.36975,30.16935],[-99.3694,30.16924],[-99.36854,30.16908],[-99.36552,30.16853],[-99.36384,30.16821],[-99.36325,30.1681],[-99.36258,30.16797],[-99.36232,30.16792],[-99.36193,30.16784],[-99.36165,30.16778],[-99.36136,30.16769],[-99.36062,30.16746],[-99.35926,30.16704],[-99.3575,30.16649],[-99.3569,30.1663],[-99.35661,30.1662],[-99.35619,30.16601],[-99.35617,30.166],[-99.35582,30.16581],[-99.35566,30.1657],[-99.35558,30.16565],[-99.35525,30.16539],[-99.355,30.16516],[-99.35482,30.16499],[-99.35462,30.16474],[-99.35446,30.16453],[-99.35438,30.16441],[-99.35432,30.16429],[-99.35394,30.16346],[-99.35374,30.16312],[-99.35365,30.163],[-99.35337,30.16264],[-99.35334,30.16261],[-99.35302,30.16228],[-99.35272,30.16203],[-99.35264,30.16198],[-99.35242,30.16183],[-99.35209,30.16163],[-99.352,30.16159],[-99.35173,30.16147],[-99.35111,30.16123],[-99.3506,30.16104],[-99.35004,30.16083],[-99.34995,30.1608],[-99.34924,30.16053],[-99.34842,30.16022],[-99.34789,30.16002],[-99.34746,30.15982],[-99.34699,30.15958],[-99.3468,30.15947],[-99.34661,30.15934],[-99.34656,30.1593],[-99.34644,30.15921],[-99.34621,30.15902],[-99.34602,30.15886],[-99.34549,30.15842],[-99.34535,30.15831],[-99.345,30.15801],[-99.3446,30.15767],[-99.3433,30.15658],[-99.34209,30.1556],[-99.33948,30.15344],[-99.33888,30.1529],[-99.3388,30.1528],[-99.33847,30.15239],[-99.33832,30.15217],[-99.33741,30.15076],[-99.33718,30.15042],[-99.33682,30.14986],[-99.3357,30.14814],[-99.3352,30.14753],[-99.33509,30.14742],[-99.33496,30.14729],[-99.33442,30.14675],[-99.3344,30.14673],[-99.33426,30.1466],[-99.33404,30.14642],[-99.33393,30.14633],[-99.33357,30.14609],[-99.33313,30.1458],[-99.3329,30.14566],[-99.33238,30.1454],[-99.3319,30.14517],[-99.33125,30.14493],[-99.33069,30.14474],[-99.32974,30.14445],[-99.32934,30.14434],[-99.32791,30.14398],[-99.32763,30.14392],[-99.32624,30.14356],[-99.32534,30.14336],[-99.32409,30.14319],[-99.32365,30.14311],[-99.32306,30.14295],[-99.32258,30.14278],[-99.32207,30.14257],[-99.32096,30.142],[-99.32028,30.14166],[-99.31948,30.14126],[-99.31891,30.1409],[-99.31848,30.14058],[-99.31838,30.14051],[-99.31816,30.14029],[-99.31793,30.14007],[-99.31778,30.13991],[-99.31756,30.13964],[-99.31749,30.13955],[-99.31729,30.13925],[-99.31655,30.13803],[-99.31607,30.13726],[-99.31575,30.13676],[-99.31555,30.13641],[-99.31511,30.13566],[-99.31494,30.13537],[-99.3147,30.13483],[-99.31457,30.13439],[-99.31453,30.13426],[-99.31442,30.13361],[-99.31436,30.13307],[-99.3143,30.13276],[-99.31424,30.13255],[-99.31419,30.13238],[-99.31413,30.13221],[-99.31405,30.13204],[-99.31399,30.13193],[-99.31392,30.13183],[-99.3136,30.1314],[-99.31353,30.13132],[-99.31345,30.13124],[-99.31312,30.13096],[-99.31276,30.13072],[-99.31265,30.13066],[-99.312,30.13035],[-99.31193,30.13031],[-99.31028,30.12957],[-99.31016,30.12952],[-99.3097,30.12926],[-99.30947,30.1291],[-99.30878,30.12856],[-99.30738,30.12737],[-99.30702,30.12711],[-99.30682,30.12696],[-99.30657,30.12679],[-99.30652,30.12675],[-99.30599,30.1264],[-99.30579,30.12627],[-99.30515,30.12582],[-99.30358,30.12477],[-99.30118,30.12315],[-99.30028,30.12253],[-99.29957,30.12205],[-99.29919,30.12179],[-99.29887,30.12154],[-99.29863,30.12135],[-99.29801,30.12083],[-99.29779,30.12065],[-99.29661,30.11966],[-99.29591,30.11907],[-99.29499,30.1183],[-99.29445,30.11785],[-99.29396,30.11745],[-99.29382,30.11733],[-99.29369,30.11723],[-99.29347,30.11707],[-99.29331,30.11697],[-99.29322,30.11692],[-99.29292,30.11674],[-99.29251,30.11654],[-99.29223,30.11642],[-99.2918,30.11627],[-99.29147,30.11616],[-99.29139,30.11614],[-99.29107,30.11605],[-99.29082,30.11598],[-99.29052,30.11587],[-99.29029,30.11578],[-99.29004,30.11567],[-99.28979,30.11554],[-99.2896,30.11544],[-99.28921,30.11521],[-99.2888,30.11497],[-99.28863,30.11486],[-99.28824,30.11461],[-99.28794,30.11439],[-99.28768,30.11418],[-99.28741,30.11392],[-99.28715,30.11363],[-99.28705,30.11351],[-99.28667,30.11298],[-99.28634,30.11242],[-99.28582,30.11154],[-99.28535,30.11075],[-99.28442,30.10915],[-99.28436,30.10906],[-99.28423,30.10888],[-99.28393,30.10851],[-99.28386,30.10844],[-99.28366,30.10825],[-99.28358,30.10816],[-99.2835,30.10808],[-99.2834,30.10799],[-99.28338,30.10798],[-99.28278,30.10753],[-99.28267,30.10746],[-99.28209,30.10714],[-99.282,30.1071],[-99.28197,30.10708],[-99.28113,30.10673],[-99.28038,30.10642],[-99.27915,30.10591],[-99.27899,30.10585],[-99.27781,30.10536],[-99.27751,30.10524],[-99.27661,30.10486],[-99.27586,30.10455],[-99.27537,30.10435],[-99.27324,30.10347],[-99.27263,30.10325],[-99.27182,30.10296],[-99.27151,30.10286],[-99.27026,30.10243],[-99.26801,30.10166],[-99.26773,30.10156],[-99.26675,30.10123],[-99.26665,30.1012],[-99.26622,30.10105],[-99.26571,30.10087],[-99.26504,30.10063],[-99.26407,30.10029],[-99.26396,30.10026],[-99.26372,30.10017],[-99.26348,30.10007],[-99.26338,30.10002],[-99.26326,30.09998],[-99.26312,30.09992],[-99.26306,30.09989],[-99.26301,30.09986],[-99.2629,30.0998],[-99.26271,30.09971],[-99.26268,30.09969],[-99.26233,30.0995],[-99.26196,30.09924],[-99.26188,30.09918],[-99.26153,30.09893],[-99.26127,30.09874],[-99.2609,30.09841],[-99.26077,30.0983],[-99.26045,30.09796],[-99.26032,30.09784],[-99.25992,30.09743],[-99.25961,30.0971],[-99.25941,30.0969],[-99.25912,30.0966],[-99.25894,30.09641],[-99.25855,30.09601],[-99.25773,30.09514],[-99.25708,30.09447],[-99.2566,30.09397],[-99.25647,30.09384],[-99.25566,30.093],[-99.25521,30.09254],[-99.2551,30.09242],[-99.25477,30.09211],[-99.25464,30.09197],[-99.25454,30.09187],[-99.25385,30.09113],[-99.25378,30.09106],[-99.25342,30.09068],[-99.25335,30.0906],[-99.25325,30.09051],[-99.25316,30.09043],[-99.25268,30.09004],[-99.25216,30.08967],[-99.25195,30.08954],[-99.2517,30.0894],[-99.25013,30.08842],[-99.24991,30.08828],[-99.24976,30.08817],[-99.24967,30.0881],[-99.24946,30.08793],[-99.24929,30.08777],[-99.24912,30.08762],[-99.24871,30.08719],[-99.24825,30.0867],[-99.24777,30.08618],[-99.24724,30.08561],[-99.2461,30.08439],[-99.24596,30.08424],[-99.24572,30.08397],[-99.24555,30.0838],[-99.24548,30.08373],[-99.24506,30.08327],[-99.24482,30.083],[-99.24471,30.08289],[-99.24443,30.08262],[-99.24432,30.08251],[-99.2442,30.08238],[-99.24415,30.08232],[-99.24406,30.08221],[-99.24397,30.0821],[-99.24387,30.08198],[-99.24377,30.08185],[-99.24353,30.08153],[-99.24293,30.08074],[-99.24254,30.08021],[-99.24222,30.0798],[-99.2417,30.07911],[-99.24155,30.07891],[-99.24112,30.07838],[-99.24066,30.07778],[-99.23926,30.07593],[-99.23871,30.07531],[-99.23853,30.07515],[-99.23835,30.075],[-99.23817,30.07486],[-99.23798,30.07472],[-99.23737,30.07436],[-99.23728,30.07432],[-99.23697,30.07417],[-99.23647,30.07396],[-99.23643,30.07393],[-99.2364,30.07387],[-99.23636,30.07369],[-99.23736,30.07373],[-99.23792,30.0737],[-99.23803,30.0737],[-99.23821,30.07369],[-99.23827,30.07368],[-99.23852,30.07365],[-99.239,30.0736],[-99.23953,30.0735],[-99.2396,30.07348],[-99.2399,30.07343],[-99.2402,30.0734],[-99.24045,30.07338],[-99.24064,30.07337],[-99.2408,30.07337],[-99.24123,30.07336],[-99.24247,30.07344],[-99.24268,30.07344],[-99.24286,30.07344],[-99.24303,30.07343],[-99.24321,30.07341],[-99.24393,30.07335],[-99.24416,30.07333],[-99.24488,30.07331],[-99.24634,30.07327],[-99.24648,30.07326],[-99.24744,30.07324],[-99.24779,30.07323],[-99.24805,30.0732],[-99.24831,30.07319],[-99.24861,30.07315],[-99.24898,30.07308],[-99.24937,30.07299],[-99.24962,30.07292],[-99.24987,30.07283],[-99.25009,30.07275],[-99.25025,30.07268],[-99.25078,30.07243],[-99.25167,30.07192],[-99.25198,30.07176],[-99.25218,30.07167],[-99.25238,30.07158],[-99.25262,30.0715],[-99.25308,30.07137],[-99.25316,30.07135],[-99.25331,30.07132],[-99.25339,30.0713],[-99.25354,30.07127],[-99.25377,30.07122],[-99.25409,30.07119],[-99.25436,30.07117],[-99.25496,30.07114],[-99.25531,30.07112],[-99.25567,30.0711],[-99.25647,30.07108],[-99.25687,30.07108],[-99.25709,30.07107],[-99.25768,30.07107],[-99.2578,30.07108],[-99.25792,30.07108],[-99.25812,30.07109],[-99.25853,30.07113],[-99.25898,30.0712],[-99.25943,30.07127],[-99.25975,30.07133],[-99.25995,30.07137],[-99.26014,30.07143],[-99.26044,30.07155],[-99.2607,30.07165],[-99.26092,30.07174],[-99.26127,30.07187],[-99.26155,30.072],[-99.26158,30.07202],[-99.26172,30.07211],[-99.26186,30.07222],[-99.26202,30.07239],[-99.26217,30.0726],[-99.26242,30.07298],[-99.26257,30.07317],[-99.26259,30.07319],[-99.26273,30.07332],[-99.26288,30.07344],[-99.26325,30.07366],[-99.26343,30.07375],[-99.26362,30.07382],[-99.26382,30.07387],[-99.26403,30.0739],[-99.26457,30.07396],[-99.26477,30.07397],[-99.26505,30.07396],[-99.26621,30.07384],[-99.2669,30.07379],[-99.2672,30.07376],[-99.26804,30.07366],[-99.26863,30.0736],[-99.27109,30.07344],[-99.27223,30.07333],[-99.27373,30.07326],[-99.2738,30.07325],[-99.27454,30.07322],[-99.27481,30.0732],[-99.27515,30.07317],[-99.27522,30.07317],[-99.27579,30.07311],[-99.27585,30.07311],[-99.27622,30.07307],[-99.27786,30.07291],[-99.27811,30.07288],[-99.2789,30.07281],[-99.28014,30.07273],[-99.28032,30.07271],[-99.28058,30.07268],[-99.28078,30.07263],[-99.28097,30.07256],[-99.28134,30.0724],[-99.2823,30.07208],[-99.28271,30.07195],[-99.28289,30.0719],[-99.28303,30.07187],[-99.28312,30.07185],[-99.2832,30.07184],[-99.28332,30.07182],[-99.28339,30.07181],[-99.28352,30.07179],[-99.28371,30.07176],[-99.28397,30.07173],[-99.28421,30.07168],[-99.28438,30.07164],[-99.28441,30.07164],[-99.28451,30.0716],[-99.28463,30.07156],[-99.28468,30.07153],[-99.28475,30.07149],[-99.28491,30.07137],[-99.28497,30.07129],[-99.28507,30.07116],[-99.28514,30.07103],[-99.28515,30.07101],[-99.28522,30.07081],[-99.28545,30.07005],[-99.28557,30.06957],[-99.28569,30.06912],[-99.28569,30.06911],[-99.28574,30.06903],[-99.28586,30.06889],[-99.28592,30.06885],[-99.28602,30.06879],[-99.28629,30.0687],[-99.28689,30.06858],[-99.28712,30.06853],[-99.28753,30.06844],[-99.28787,30.06836],[-99.2881,30.06832],[-99.2883,30.06829],[-99.28869,30.06824],[-99.28895,30.06821],[-99.28928,30.06817],[-99.28963,30.06813],[-99.28973,30.06812],[-99.28997,30.06811],[-99.29032,30.0681],[-99.2907,30.06812],[-99.29091,30.06816],[-99.29101,30.06818],[-99.2917,30.06836],[-99.29343,30.06886],[-99.29402,30.06909],[-99.29446,30.06927],[-99.2956,30.06972],[-99.29606,30.06989],[-99.29626,30.06996],[-99.29745,30.07022],[-99.29761,30.07026],[-99.29783,30.0703],[-99.29806,30.07033],[-99.29823,30.07034],[-99.2986,30.07037],[-99.29869,30.07037],[-99.30092,30.0705],[-99.30112,30.07047],[-99.30121,30.07045],[-99.30132,30.07042],[-99.30136,30.0704],[-99.30208,30.07016],[-99.30265,30.06999],[-99.30286,30.06995],[-99.303,30.06993],[-99.30308,30.06992],[-99.30331,30.0699],[-99.30347,30.06989],[-99.30408,30.06983],[-99.30461,30.06978],[-99.30548,30.06968],[-99.30563,30.06967],[-99.30577,30.06964],[-99.3059,30.06961],[-99.30602,30.06958],[-99.30618,30.06953],[-99.30685,30.06932],[-99.30749,30.06913],[-99.30763,30.06908],[-99.30774,30.06906],[-99.30784,30.06904],[-99.30794,30.06903],[-99.30804,30.06902],[-99.30816,30.06903],[-99.30831,30.06904],[-99.30848,30.06906],[-99.30889,30.06911],[-99.31013,30.06927],[-99.31027,30.06929],[-99.31068,30.06934],[-99.31119,30.0694],[-99.314,30.06977],[-99.31421,30.06979],[-99.31437,30.06981],[-99.31453,30.06982],[-99.31468,30.06983],[-99.31481,30.06983],[-99.31494,30.06984],[-99.31576,30.06984],[-99.31592,30.06984],[-99.31606,30.06983],[-99.31622,30.06982],[-99.3164,30.0698],[-99.31662,30.06977],[-99.31815,30.06954],[-99.31829,30.06952],[-99.31843,30.06951],[-99.31857,30.06951],[-99.31871,30.06951],[-99.31882,30.06951],[-99.31887,30.06952],[-99.31898,30.06952],[-99.31899,30.06952],[-99.31959,30.06958],[-99.31982,30.0696],[-99.32036,30.06966],[-99.32052,30.06967],[-99.32066,30.06968],[-99.32079,30.06967],[-99.32093,30.06966],[-99.32104,30.06964],[-99.32113,30.06962],[-99.32125,30.06958],[-99.32139,30.06954],[-99.3226,30.06911],[-99.32293,30.069],[-99.32371,30.06873],[-99.32391,30.06866],[-99.32405,30.06862],[-99.32419,30.06859],[-99.32432,30.06857],[-99.32446,30.06856],[-99.32461,30.06856],[-99.32477,30.06858],[-99.32491,30.0686],[-99.32504,30.06863],[-99.32515,30.06866],[-99.32552,30.06878],[-99.32583,30.06889],[-99.32708,30.06933],[-99.32756,30.06949],[-99.32778,30.06956],[-99.328,30.06963],[-99.32817,30.06967],[-99.32834,30.06971],[-99.32853,30.06975],[-99.32922,30.06988],[-99.33,30.07002],[-99.33001,30.07002],[-99.33024,30.07006],[-99.33044,30.07008],[-99.33061,30.0701],[-99.33075,30.07011],[-99.3309,30.07012],[-99.33105,30.07013],[-99.33118,30.07013],[-99.33143,30.07013],[-99.33168,30.07014],[-99.33267,30.07017],[-99.33275,30.07017],[-99.33281,30.07017],[-99.33289,30.07017],[-99.333,30.07016],[-99.33312,30.07014],[-99.33325,30.07012],[-99.33336,30.0701],[-99.33348,30.07006],[-99.33367,30.07],[-99.33379,30.06995],[-99.3339,30.06989],[-99.33401,30.06983],[-99.3342,30.06969],[-99.33508,30.06897],[-99.33512,30.06894],[-99.33535,30.06874],[-99.33554,30.06856],[-99.3364,30.06887],[-99.3371,30.0691],[-99.33685,30.06976],[-99.33674,30.07014],[-99.3366,30.07051],[-99.33585,30.07025],[-99.3342,30.06969],[-99.33401,30.06983],[-99.3339,30.06989],[-99.33379,30.06995],[-99.33367,30.07],[-99.33348,30.07006],[-99.33336,30.0701],[-99.33325,30.07012],[-99.33312,30.07014],[-99.333,30.07016],[-99.33289,30.07017],[-99.33281,30.07017],[-99.33275,30.07017],[-99.33267,30.07017],[-99.33168,30.07014],[-99.33143,30.07013],[-99.33118,30.07013],[-99.33105,30.07013],[-99.3309,30.07012],[-99.33075,30.07011],[-99.33061,30.0701],[-99.33044,30.07008],[-99.33024,30.07006],[-99.33001,30.07002],[-99.32922,30.06988],[-99.32853,30.06975],[-99.32834,30.06971],[-99.32817,30.06967],[-99.328,30.06963],[-99.32778,30.06956],[-99.32756,30.06949],[-99.32708,30.06933],[-99.32583,30.06889],[-99.32552,30.06878],[-99.32515,30.06866],[-99.32504,30.06863],[-99.32491,30.0686],[-99.32477,30.06858],[-99.32461,30.06856],[-99.32446,30.06856],[-99.32432,30.06857],[-99.32419,30.06859],[-99.32405,30.06862],[-99.32391,30.06866],[-99.32371,30.06873],[-99.32293,30.069],[-99.3226,30.06911],[-99.32139,30.06954],[-99.32125,30.06958],[-99.32113,30.06962],[-99.32104,30.06964],[-99.32093,30.06966],[-99.32079,30.06967],[-99.32066,30.06968],[-99.32052,30.06967],[-99.32036,30.06966],[-99.31982,30.0696],[-99.31959,30.06958],[-99.31899,30.06952],[-99.31898,30.06952],[-99.31887,30.06952],[-99.31882,30.06951],[-99.31871,30.06951],[-99.31857,30.06951],[-99.31843,30.06951],[-99.31829,30.06952],[-99.31815,30.06954],[-99.31662,30.06977],[-99.3164,30.0698],[-99.31622,30.06982],[-99.31606,30.06983],[-99.31592,30.06984],[-99.31576,30.06984],[-99.31494,30.06984],[-99.31481,30.06983],[-99.31468,30.06983],[-99.31453,30.06982],[-99.31437,30.06981],[-99.31421,30.06979],[-99.314,30.06977],[-99.31119,30.0694],[-99.31068,30.06934],[-99.31027,30.06929],[-99.31013,30.06927],[-99.30889,30.06911],[-99.30848,30.06906],[-99.30831,30.06904],[-99.30816,30.06903],[-99.30804,30.06902],[-99.30794,30.06903],[-99.30784,30.06904],[-99.30774,30.06906],[-99.30763,30.06908],[-99.30749,30.06913],[-99.30685,30.06932],[-99.30618,30.06953],[-99.30602,30.06958],[-99.3059,30.06961],[-99.30577,30.06964],[-99.30563,30.06967],[-99.30548,30.06968],[-99.30461,30.06978],[-99.30408,30.06983],[-99.30347,30.06989],[-99.30331,30.0699],[-99.30308,30.06992],[-99.303,30.06993],[-99.30286,30.06995],[-99.30265,30.06999],[-99.30208,30.07016],[-99.30136,30.0704],[-99.30132,30.07042],[-99.30121,30.07045],[-99.30112,30.07047],[-99.30092,30.0705],[-99.29869,30.07037],[-99.2986,30.07037],[-99.29823,30.07034],[-99.29806,30.07033],[-99.29783,30.0703],[-99.29761,30.07026],[-99.29745,30.07022],[-99.29626,30.06996],[-99.29606,30.06989],[-99.2956,30.06972],[-99.29446,30.06927],[-99.29402,30.06909],[-99.29343,30.06886],[-99.2917,30.06836],[-99.29101,30.06818],[-99.29091,30.06816],[-99.2907,30.06812],[-99.29032,30.0681],[-99.28997,30.06811],[-99.28973,30.06812],[-99.28963,30.06813],[-99.28928,30.06817],[-99.28895,30.06821],[-99.28869,30.06824],[-99.2883,30.06829],[-99.2881,30.06832],[-99.28787,30.06836],[-99.28753,30.06844],[-99.28712,30.06853],[-99.28689,30.06858],[-99.28629,30.0687],[-99.28602,30.06879],[-99.28592,30.06885],[-99.28586,30.06889],[-99.28574,30.06903],[-99.28569,30.06911],[-99.28569,30.06912],[-99.28557,30.06957],[-99.28545,30.07005],[-99.28522,30.07081],[-99.28515,30.07101],[-99.28514,30.07103],[-99.28507,30.07116],[-99.28497,30.07129],[-99.28491,30.07137],[-99.28475,30.07149],[-99.28468,30.07153],[-99.28463,30.07156],[-99.28451,30.0716],[-99.28441,30.07164],[-99.28438,30.07164],[-99.28421,30.07168],[-99.28397,30.07173],[-99.28371,30.07176],[-99.28352,30.07179],[-99.28339,30.07181],[-99.28332,30.07182],[-99.2832,30.07184],[-99.28312,30.07185],[-99.28303,30.07187],[-99.28289,30.0719],[-99.28271,30.07195],[-99.2823,30.07208],[-99.28134,30.0724],[-99.28097,30.07256],[-99.28078,30.07263],[-99.28058,30.07268],[-99.28032,30.07271],[-99.28014,30.07273],[-99.2789,30.07281],[-99.27811,30.07288],[-99.27786,30.07291],[-99.27622,30.07307],[-99.27585,30.07311],[-99.27579,30.07311],[-99.27522,30.07317],[-99.27515,30.07317],[-99.27481,30.0732],[-99.27454,30.07322],[-99.2738,30.07325],[-99.27373,30.07326],[-99.27223,30.07333],[-99.27109,30.07344],[-99.26863,30.0736],[-99.26804,30.07366],[-99.2672,30.07376],[-99.2669,30.07379],[-99.26621,30.07384],[-99.26505,30.07396],[-99.26477,30.07397],[-99.26457,30.07396],[-99.26403,30.0739],[-99.26382,30.07387],[-99.26362,30.07382],[-99.26343,30.07375],[-99.26325,30.07366],[-99.26288,30.07344],[-99.26273,30.07332],[-99.26259,30.07319],[-99.26257,30.07317],[-99.26242,30.07298],[-99.26217,30.0726],[-99.26202,30.07239],[-99.26186,30.07222],[-99.26172,30.07211],[-99.26158,30.07202],[-99.26155,30.072],[-99.26127,30.07187],[-99.26092,30.07174],[-99.2607,30.07165],[-99.26044,30.07155],[-99.26014,30.07143],[-99.25995,30.07137],[-99.25975,30.07133],[-99.25943,30.07127],[-99.25898,30.0712],[-99.25853,30.07113],[-99.25812,30.07109],[-99.25792,30.07108],[-99.2578,30.07108],[-99.25768,30.07107],[-99.25709,30.07107],[-99.25687,30.07108],[-99.25647,30.07108],[-99.25567,30.0711],[-99.25531,30.07112],[-99.25496,30.07114],[-99.25436,30.07117],[-99.25409,30.07119],[-99.25377,30.07122],[-99.25354,30.07127],[-99.25339,30.0713],[-99.25331,30.07132],[-99.25316,30.07135],[-99.25308,30.07137],[-99.25262,30.0715],[-99.25238,30.07158],[-99.25218,30.07167],[-99.25198,30.07176],[-99.25167,30.07192],[-99.25078,30.07243],[-99.25025,30.07268],[-99.25009,30.07275],[-99.24987,30.07283],[-99.24962,30.07292],[-99.24937,30.07299],[-99.24898,30.07308],[-99.24861,30.07315],[-99.24831,30.07319],[-99.24805,30.0732],[-99.24779,30.07323],[-99.24744,30.07324],[-99.24648,30.07326],[-99.24634,30.07327],[-99.24488,30.07331],[-99.24416,30.07333],[-99.24393,30.07335],[-99.24321,30.07341],[-99.24303,30.07343],[-99.24286,30.07344],[-99.24268,30.07344],[-99.24247,30.07344],[-99.24123,30.07336],[-99.2408,30.07337],[-99.24064,30.07337],[-99.24045,30.07338],[-99.2402,30.0734],[-99.2399,30.07343],[-99.2396,30.07348],[-99.23953,30.0735],[-99.239,30.0736],[-99.23852,30.07365],[-99.23827,30.07368],[-99.23821,30.07369],[-99.23803,30.0737],[-99.23792,30.0737],[-99.23736,30.07373],[-99.23636,30.07369],[-99.23588,30.07367],[-99.23553,30.07365],[-99.23541,30.07365],[-99.23531,30.07364],[-99.23514,30.07364],[-99.23462,30.07361],[-99.23442,30.07361],[-99.23407,30.07359],[-99.23388,30.07358],[-99.23377,30.07357],[-99.23371,30.07357],[-99.23349,30.07355],[-99.2332,30.07354],[-99.23317,30.07353],[-99.23278,30.07351],[-99.23242,30.0735],[-99.23164,30.07346],[-99.2315,30.07345],[-99.23035,30.0734],[-99.22995,30.07338],[-99.22983,30.07337],[-99.22955,30.07336],[-99.2293,30.07335],[-99.22903,30.07334],[-99.2286,30.07333],[-99.22845,30.07332],[-99.22821,30.07331],[-99.22789,30.0733],[-99.22679,30.07328],[-99.22656,30.07327],[-99.22637,30.07327],[-99.2258,30.07324],[-99.2255,30.07323],[-99.22529,30.07322],[-99.22518,30.07321],[-99.22489,30.0732],[-99.2247,30.07319],[-99.22428,30.07316],[-99.22421,30.07316],[-99.22388,30.07315],[-99.22252,30.07308],[-99.2214,30.07303],[-99.22086,30.07301],[-99.22009,30.07297],[-99.21936,30.07294],[-99.21869,30.0729],[-99.21797,30.07287],[-99.21789,30.07287],[-99.21749,30.07285],[-99.21729,30.07284],[-99.21676,30.07282],[-99.2163,30.07279],[-99.21556,30.07276],[-99.21532,30.07274],[-99.21468,30.07271],[-99.21461,30.07271],[-99.21439,30.0727],[-99.21416,30.07269],[-99.21403,30.07268],[-99.2138,30.07267],[-99.21341,30.07265],[-99.21307,30.07263],[-99.21262,30.07261],[-99.2117,30.07257],[-99.21007,30.07249],[-99.20999,30.07248],[-99.20968,30.07247],[-99.20959,30.07246],[-99.20941,30.07245],[-99.2085,30.07241],[-99.20808,30.07239],[-99.20767,30.07237],[-99.20752,30.07237],[-99.20737,30.07237],[-99.20711,30.07237],[-99.20686,30.07237],[-99.20653,30.07239],[-99.20628,30.07241],[-99.2062,30.07241],[-99.20596,30.07243],[-99.20567,30.07246],[-99.20536,30.0725],[-99.20518,30.07253],[-99.20434,30.07265],[-99.20398,30.0727],[-99.20355,30.07277],[-99.20274,30.07288],[-99.20189,30.073],[-99.20095,30.07314],[-99.20062,30.07319],[-99.2004,30.07322],[-99.19995,30.07328],[-99.19959,30.07334],[-99.19904,30.07342],[-99.19862,30.07348],[-99.19829,30.07353],[-99.19806,30.07356],[-99.19746,30.07365],[-99.19704,30.0737],[-99.19677,30.07373],[-99.19657,30.07375],[-99.19648,30.07376],[-99.1962,30.07378],[-99.19596,30.07378],[-99.19573,30.07378],[-99.19548,30.07376],[-99.19522,30.07374],[-99.1952,30.07373],[-99.19506,30.07372],[-99.19497,30.0737],[-99.19474,30.07366],[-99.19449,30.07361],[-99.19433,30.07357],[-99.19426,30.07355],[-99.19403,30.07349],[-99.19378,30.07341],[-99.19356,30.07333],[-99.19339,30.07326],[-99.19317,30.07316],[-99.1929,30.07304],[-99.19262,30.0729],[-99.19216,30.07267],[-99.19203,30.07261],[-99.19084,30.07204],[-99.19039,30.07183],[-99.18998,30.07164],[-99.18963,30.07148],[-99.18936,30.07135],[-99.18904,30.07119],[-99.18848,30.07091],[-99.18826,30.07081],[-99.18777,30.07057],[-99.18761,30.07049],[-99.18741,30.07039],[-99.18714,30.07026],[-99.18695,30.07017],[-99.18686,30.07012],[-99.18675,30.07007],[-99.18666,30.07002],[-99.18611,30.06975],[-99.18598,30.06968],[-99.18437,30.06889],[-99.1841,30.06876],[-99.18394,30.06868],[-99.18356,30.0685],[-99.18315,30.0683],[-99.18268,30.06806],[-99.18212,30.06778],[-99.18176,30.0676],[-99.18141,30.06743],[-99.18137,30.06741],[-99.1811,30.06727],[-99.18101,30.06723],[-99.18091,30.06717],[-99.18085,30.06714],[-99.18064,30.06704],[-99.18037,30.0669],[-99.1803,30.06687],[-99.18002,30.06673],[-99.17989,30.06666],[-99.17976,30.0666],[-99.17954,30.06648],[-99.1793,30.06637],[-99.17797,30.06571],[-99.1777,30.06558],[-99.17742,30.06544],[-99.17634,30.0649],[-99.17612,30.06479],[-99.17597,30.06472],[-99.17575,30.06462],[-99.17554,30.06451],[-99.17549,30.06448],[-99.17523,30.06435],[-99.17511,30.06429],[-99.17506,30.06426],[-99.17473,30.06409],[-99.17415,30.0638],[-99.174,30.06373],[-99.17373,30.06359],[-99.17354,30.0635],[-99.1734,30.06343],[-99.17303,30.06325],[-99.17299,30.06323],[-99.1728,30.06314],[-99.17248,30.06298],[-99.17206,30.06278],[-99.17134,30.06244],[-99.17097,30.06225],[-99.17087,30.06221],[-99.16998,30.06177],[-99.16804,30.0608],[-99.16739,30.06048],[-99.16697,30.06026],[-99.1669,30.06023],[-99.1664,30.05998],[-99.1655,30.05955],[-99.16544,30.05952],[-99.16463,30.05913],[-99.16453,30.05908],[-99.16429,30.05896],[-99.16393,30.05879],[-99.16374,30.0587],[-99.16368,30.05867],[-99.1633,30.05848],[-99.16305,30.05836],[-99.16264,30.05816],[-99.16252,30.0581],[-99.16214,30.05791],[-99.16177,30.05773],[-99.16165,30.05767],[-99.16141,30.05755],[-99.16134,30.05752],[-99.16105,30.05737],[-99.16097,30.05734],[-99.16047,30.05709],[-99.16029,30.057],[-99.15999,30.05685],[-99.15974,30.05673],[-99.15929,30.05651],[-99.15906,30.0564],[-99.15886,30.05629],[-99.15847,30.0561],[-99.15822,30.05598],[-99.15802,30.05589],[-99.15768,30.05574],[-99.15744,30.05568],[-99.15733,30.05565],[-99.1572,30.05561],[-99.15711,30.05558],[-99.15697,30.05554],[-99.15679,30.0555],[-99.15665,30.05548],[-99.15638,30.05543],[-99.15631,30.05541],[-99.15581,30.05532],[-99.1555,30.05527],[-99.15534,30.05524],[-99.15506,30.0552],[-99.15391,30.055],[-99.15337,30.05491],[-99.15244,30.05475],[-99.15224,30.05471],[-99.15212,30.05469],[-99.152,30.05467],[-99.15186,30.05465],[-99.15162,30.0546],[-99.15129,30.05455],[-99.15103,30.0545],[-99.15094,30.05448],[-99.15057,30.05442],[-99.15049,30.0544],[-99.15024,30.05436],[-99.15002,30.05432],[-99.14991,30.0543],[-99.14986,30.05429],[-99.14964,30.05425],[-99.14948,30.05422],[-99.14935,30.05419],[-99.14923,30.05416],[-99.14915,30.05414],[-99.14894,30.05409],[-99.14875,30.05403],[-99.14856,30.05397],[-99.14834,30.05389],[-99.14816,30.05381],[-99.14798,30.05372],[-99.14787,30.05366],[-99.1477,30.05358],[-99.14758,30.05351],[-99.1472,30.05321],[-99.14718,30.05319],[-99.14705,30.05308],[-99.14691,30.05297],[-99.1467,30.05281],[-99.14664,30.05276],[-99.14626,30.05243],[-99.14619,30.05237],[-99.14589,30.05211],[-99.14582,30.05205],[-99.14576,30.052],[-99.14531,30.0516],[-99.14479,30.05115],[-99.14443,30.05084],[-99.14433,30.05075],[-99.14418,30.05062],[-99.14407,30.05053],[-99.14378,30.05027],[-99.14333,30.04988],[-99.14305,30.04963],[-99.14281,30.04943],[-99.14275,30.04937],[-99.14266,30.0493],[-99.14217,30.04887],[-99.14211,30.04882],[-99.14203,30.04875],[-99.14186,30.0486],[-99.14175,30.0485],[-99.14168,30.04845],[-99.14162,30.04839],[-99.14136,30.04816],[-99.14095,30.0478],[-99.14067,30.04756],[-99.14057,30.04748],[-99.14049,30.04741],[-99.14016,30.04712],[-99.14001,30.04699]]}},{"type":"Feature","properties":{"route":"Blanco River Valley & FM 165 Loop","category":"Lakes & Rivers","color":"#2980b9","waypoints":["Blanco","Henly","Wimberley"],"via":"FM 165 -> Henly -> Wimberley -> RM 2325","distance_mi":70.6,"source":"road-snapped","id":"blanco-river-valley-fm-165-loop"},"geometry":{"type":"LineString","coordinates":[[-98.42129,30.09867],[-98.42181,30.09883],[-98.42145,30.09969],[-98.42111,30.10054],[-98.42075,30.10142],[-98.42038,30.1023],[-98.42003,30.10316],[-98.41968,30.10402],[-98.41945,30.10455],[-98.4193,30.10487],[-98.41917,30.10518],[-98.41895,30.10571],[-98.41859,30.10655],[-98.41851,30.10673],[-98.41816,30.10756],[-98.41813,30.10763],[-98.41748,30.10913],[-98.41743,30.10924],[-98.41699,30.11027],[-98.41688,30.11053],[-98.41678,30.11075],[-98.41663,30.1111],[-98.41631,30.11184],[-98.41621,30.11208],[-98.41608,30.11237],[-98.41579,30.11303],[-98.41562,30.11342],[-98.41546,30.11382],[-98.41543,30.1139],[-98.41527,30.11431],[-98.41479,30.11555],[-98.4143,30.11683],[-98.41363,30.11854],[-98.41201,30.12261],[-98.41135,30.12429],[-98.41124,30.12453],[-98.41115,30.12474],[-98.41093,30.12518],[-98.41072,30.12556],[-98.4106,30.12578],[-98.41045,30.12601],[-98.41023,30.12633],[-98.40995,30.12669],[-98.40966,30.12705],[-98.40908,30.12769],[-98.40766,30.12921],[-98.40688,30.13005],[-98.40622,30.13076],[-98.40506,30.13198],[-98.40445,30.13264],[-98.40428,30.13283],[-98.40384,30.13335],[-98.40356,30.13371],[-98.4033,30.13407],[-98.40306,30.13445],[-98.40283,30.13483],[-98.40247,30.13554],[-98.40192,30.13669],[-98.40147,30.13762],[-98.40072,30.13914],[-98.40071,30.13916],[-98.40027,30.1401],[-98.39979,30.14107],[-98.39919,30.14229],[-98.39812,30.14448],[-98.39773,30.14528],[-98.39762,30.14549],[-98.39744,30.14582],[-98.39713,30.14635],[-98.39688,30.14675],[-98.39686,30.14678],[-98.39654,30.14725],[-98.3962,30.14771],[-98.39584,30.14816],[-98.39361,30.15085],[-98.39312,30.15143],[-98.39236,30.15234],[-98.39228,30.15244],[-98.39209,30.15266],[-98.39133,30.15358],[-98.39022,30.15496],[-98.38826,30.1573],[-98.38701,30.15877],[-98.3857,30.16034],[-98.38508,30.16111],[-98.38479,30.16153],[-98.38453,30.16195],[-98.38429,30.16239],[-98.38407,30.16283],[-98.38389,30.16323],[-98.38374,30.16364],[-98.3836,30.16406],[-98.38354,30.16427],[-98.38295,30.16626],[-98.38276,30.16688],[-98.38206,30.16924],[-98.38205,30.16929],[-98.38198,30.16952],[-98.3813,30.17182],[-98.38118,30.17227],[-98.38116,30.17233],[-98.38086,30.17344],[-98.38036,30.17506],[-98.38035,30.17519],[-98.38022,30.17568],[-98.38008,30.17632],[-98.38001,30.17671],[-98.37996,30.17695],[-98.3798,30.17796],[-98.37925,30.18126],[-98.37916,30.18187],[-98.37903,30.18266],[-98.37891,30.18343],[-98.37877,30.18423],[-98.37863,30.18509],[-98.37847,30.18608],[-98.3782,30.1877],[-98.37808,30.18827],[-98.37798,30.18872],[-98.37795,30.18884],[-98.37781,30.1893],[-98.37753,30.19012],[-98.3773,30.19073],[-98.37719,30.19102],[-98.37717,30.19107],[-98.37685,30.19201],[-98.37634,30.19342],[-98.37601,30.19435],[-98.37589,30.19468],[-98.37574,30.19514],[-98.37568,30.19535],[-98.37557,30.19598],[-98.37549,30.19652],[-98.37543,30.19714],[-98.37542,30.19737],[-98.37542,30.19772],[-98.37548,30.19866],[-98.3756,30.19933],[-98.37567,30.19982],[-98.37561,30.2001],[-98.37556,30.20027],[-98.3755,30.20039],[-98.37541,30.20053],[-98.37533,30.20065],[-98.37512,30.20087],[-98.37506,30.20092],[-98.37496,30.201],[-98.37488,30.20105],[-98.37473,30.20113],[-98.37456,30.2012],[-98.37438,30.20126],[-98.37413,30.20131],[-98.3739,30.20133],[-98.37365,30.20133],[-98.3732,30.20126],[-98.3725,30.20119],[-98.37182,30.20114],[-98.37101,30.20102],[-98.36632,30.20023],[-98.36438,30.19991],[-98.36187,30.19949],[-98.36136,30.19943],[-98.36086,30.1994],[-98.36051,30.19939],[-98.36006,30.1994],[-98.35975,30.19941],[-98.35924,30.19946],[-98.35886,30.1995],[-98.35847,30.19957],[-98.35813,30.19964],[-98.35777,30.19973],[-98.35743,30.19983],[-98.35704,30.19995],[-98.35659,30.20011],[-98.35192,30.20169],[-98.3515,30.20182],[-98.35108,30.20194],[-98.35071,30.20202],[-98.35033,30.20207],[-98.34994,30.20211],[-98.34962,30.20212],[-98.34933,30.20212],[-98.34907,30.20211],[-98.34878,30.20209],[-98.3485,30.20205],[-98.3482,30.202],[-98.34785,30.20192],[-98.34751,30.20183],[-98.34721,30.20173],[-98.34683,30.20158],[-98.34647,30.20142],[-98.34614,30.20125],[-98.33618,30.19604],[-98.33601,30.19596],[-98.33582,30.19586],[-98.33563,30.19578],[-98.33531,30.19565],[-98.33505,30.19557],[-98.33485,30.19551],[-98.3343,30.19539],[-98.33382,30.19531],[-98.33352,30.19529],[-98.33331,30.19528],[-98.33303,30.19528],[-98.33283,30.19529],[-98.33243,30.19532],[-98.33204,30.19538],[-98.33164,30.19547],[-98.33126,30.19557],[-98.33101,30.19566],[-98.33061,30.1958],[-98.33019,30.19598],[-98.32622,30.19765],[-98.32565,30.19787],[-98.32492,30.19811],[-98.3243,30.19829],[-98.32362,30.19846],[-98.32362,30.19846],[-98.32,30.19932],[-98.31955,30.19945],[-98.31916,30.19959],[-98.31879,30.19973],[-98.3184,30.19991],[-98.31802,30.20009],[-98.31673,30.19986],[-98.31663,30.19994],[-98.31637,30.20011],[-98.31625,30.20019],[-98.31614,30.20024],[-98.31604,30.20029],[-98.31596,30.20031],[-98.31589,30.20033],[-98.31578,30.20035],[-98.31562,30.20036],[-98.31537,30.20036],[-98.31528,30.20038],[-98.31517,30.20041],[-98.31509,30.20044],[-98.31503,30.2005],[-98.31499,30.20054],[-98.31496,30.20059],[-98.31493,30.20065],[-98.31489,30.20074],[-98.31484,30.20088],[-98.31482,30.20095],[-98.31481,30.2011],[-98.31478,30.20156],[-98.31479,30.20167],[-98.3148,30.2018],[-98.31482,30.20191],[-98.31489,30.202],[-98.31276,30.20334],[-98.31008,30.20502],[-98.30968,30.20527],[-98.30732,30.20677],[-98.30713,30.20688],[-98.30694,30.20698],[-98.30669,30.20711],[-98.3063,30.20729],[-98.30598,30.20743],[-98.30572,30.20753],[-98.30531,30.20767],[-98.305,30.20778],[-98.30465,30.20787],[-98.30425,30.20797],[-98.30386,30.20804],[-98.30346,30.2081],[-98.30173,30.20834],[-98.30015,30.20855],[-98.2947,30.20928],[-98.28549,30.21052],[-98.28513,30.21057],[-98.28305,30.21085],[-98.28214,30.21097],[-98.28206,30.21098],[-98.28172,30.21102],[-98.2813,30.21104],[-98.28084,30.21105],[-98.28041,30.21104],[-98.27981,30.211],[-98.27942,30.21095],[-98.27896,30.21088],[-98.27847,30.21078],[-98.27806,30.21066],[-98.27771,30.21056],[-98.2773,30.21042],[-98.27701,30.2103],[-98.27674,30.21018],[-98.27641,30.21003],[-98.27605,30.20985],[-98.26885,30.20611],[-98.26359,30.20326],[-98.26013,30.20139],[-98.25946,30.20103],[-98.25792,30.2002],[-98.25751,30.19996],[-98.25717,30.19977],[-98.25712,30.19974],[-98.25669,30.19946],[-98.25632,30.19921],[-98.25584,30.19887],[-98.25456,30.19791],[-98.25336,30.197],[-98.25311,30.19682],[-98.25268,30.19656],[-98.25226,30.19632],[-98.2519,30.19614],[-98.2516,30.19601],[-98.25127,30.19587],[-98.25093,30.19575],[-98.2505,30.19561],[-98.25006,30.19549],[-98.24964,30.19539],[-98.24909,30.19529],[-98.24858,30.19523],[-98.248,30.19518],[-98.24437,30.19494],[-98.2437,30.19488],[-98.2431,30.19482],[-98.24275,30.19477],[-98.24235,30.19472],[-98.24173,30.19461],[-98.24144,30.19456],[-98.24039,30.19432],[-98.23889,30.19398],[-98.2383,30.19384],[-98.23707,30.19357],[-98.23676,30.1935],[-98.23297,30.19264],[-98.23157,30.19235],[-98.23102,30.19226],[-98.23047,30.1922],[-98.22978,30.19215],[-98.22921,30.19214],[-98.2291,30.19214],[-98.22863,30.19215],[-98.22818,30.19217],[-98.22651,30.19228],[-98.22462,30.19241],[-98.21818,30.19285],[-98.21753,30.1929],[-98.21684,30.19298],[-98.21624,30.19308],[-98.21565,30.1932],[-98.21508,30.19334],[-98.21436,30.19357],[-98.21392,30.19373],[-98.21351,30.19389],[-98.21205,30.19454],[-98.21096,30.19501],[-98.21082,30.19507],[-98.21047,30.19523],[-98.2102,30.19535],[-98.20762,30.19647],[-98.2054,30.19745],[-98.20521,30.19753],[-98.20404,30.19804],[-98.20363,30.19823],[-98.20292,30.19854],[-98.2016,30.19911],[-98.20032,30.19967],[-98.2001,30.19977],[-98.19966,30.19995],[-98.19931,30.20009],[-98.19895,30.20021],[-98.19848,30.20034],[-98.19805,30.20044],[-98.198,30.20045],[-98.19766,30.20051],[-98.19727,30.20057],[-98.19697,30.2006],[-98.19678,30.20062],[-98.19663,30.20063],[-98.19607,30.20065],[-98.19549,30.20064],[-98.19469,30.2006],[-98.19468,30.2006],[-98.19417,30.20057],[-98.1937,30.20054],[-98.1925,30.20047],[-98.19053,30.20035],[-98.19026,30.20033],[-98.1889,30.20024],[-98.18793,30.2002],[-98.18769,30.20019],[-98.18738,30.20017],[-98.18693,30.20013],[-98.18641,30.20008],[-98.18606,30.20003],[-98.18569,30.19998],[-98.18536,30.19993],[-98.18501,30.19986],[-98.18457,30.19977],[-98.18426,30.19971],[-98.18421,30.1997],[-98.18384,30.19962],[-98.18342,30.19951],[-98.18337,30.19949],[-98.18298,30.19938],[-98.18196,30.19905],[-98.18022,30.1985],[-98.17976,30.19835],[-98.17816,30.19785],[-98.17787,30.19779],[-98.17761,30.19773],[-98.17694,30.1976],[-98.17654,30.19756],[-98.17611,30.19752],[-98.1756,30.19751],[-98.17516,30.1975],[-98.1746,30.19751],[-98.17204,30.19753],[-98.17146,30.19754],[-98.17066,30.19755],[-98.1688,30.19756],[-98.16835,30.19757],[-98.16531,30.1976],[-98.16528,30.1976],[-98.16478,30.19762],[-98.16438,30.19765],[-98.16401,30.1977],[-98.16369,30.19775],[-98.16342,30.1978],[-98.16318,30.19785],[-98.16292,30.19792],[-98.16274,30.19797],[-98.16271,30.19797],[-98.16234,30.19809],[-98.16203,30.19818],[-98.16168,30.19831],[-98.16136,30.19845],[-98.16132,30.19847],[-98.16113,30.19855],[-98.16093,30.19862],[-98.16076,30.19869],[-98.1588,30.19956],[-98.15651,30.20055],[-98.15517,30.20113],[-98.15487,30.20127],[-98.15456,30.20144],[-98.15422,30.20163],[-98.15389,30.20185],[-98.1535,30.20213],[-98.15329,30.20229],[-98.15289,30.2026],[-98.15135,30.20379],[-98.15104,30.20401],[-98.15074,30.20422],[-98.15071,30.20424],[-98.15026,30.2045],[-98.14993,30.20467],[-98.14953,30.20485],[-98.1492,30.20499],[-98.14892,30.2051],[-98.14866,30.20518],[-98.14853,30.20522],[-98.1482,30.20532],[-98.14765,30.20546],[-98.14381,30.20649],[-98.14344,30.20657],[-98.14299,30.20664],[-98.14242,30.2067],[-98.14193,30.20673],[-98.14159,30.20674],[-98.14127,30.20673],[-98.14096,30.20672],[-98.14083,30.20671],[-98.14067,30.2067],[-98.14038,30.20666],[-98.14004,30.20661],[-98.13968,30.20655],[-98.13937,30.20648],[-98.13904,30.2064],[-98.13777,30.20604],[-98.13758,30.20599],[-98.13715,30.20587],[-98.13684,30.20579],[-98.13654,30.20572],[-98.13638,30.2057],[-98.13629,30.20568],[-98.13618,30.20566],[-98.13611,30.20566],[-98.13567,30.2056],[-98.13557,30.20559],[-98.13529,30.20557],[-98.13496,30.20557],[-98.13457,30.20558],[-98.13409,30.2056],[-98.13331,30.20564],[-98.13318,30.20565],[-98.13225,30.20569],[-98.13178,30.20572],[-98.13081,30.20576],[-98.13008,30.2058],[-98.12952,30.20583],[-98.12902,30.20585],[-98.12844,30.20586],[-98.12835,30.20586],[-98.12784,30.20585],[-98.12745,30.20583],[-98.12696,30.2058],[-98.12683,30.20579],[-98.12647,30.20576],[-98.12633,30.20575],[-98.12587,30.2057],[-98.12555,30.20566],[-98.12536,30.20563],[-98.12522,30.20562],[-98.12517,30.20561],[-98.12489,30.20557],[-98.12468,30.20554],[-98.12449,30.20552],[-98.12417,30.20547],[-98.12326,30.20535],[-98.12304,30.20532],[-98.12261,30.20526],[-98.12088,30.20504],[-98.1202,30.20495],[-98.11937,30.20483],[-98.11891,30.20477],[-98.11828,30.20467],[-98.1176,30.20454],[-98.11752,30.20452],[-98.11708,30.2044],[-98.11656,30.20425],[-98.11613,30.20411],[-98.11581,30.20399],[-98.11573,30.20396],[-98.11531,30.20379],[-98.11492,30.20361],[-98.11437,30.20334],[-98.11385,30.20306],[-98.11241,30.2023],[-98.11225,30.20221],[-98.11177,30.20195],[-98.11142,30.20175],[-98.11126,30.20166],[-98.11079,30.20137],[-98.11048,30.20116],[-98.11019,30.20095],[-98.10998,30.20078],[-98.10992,30.20074],[-98.10978,30.20062],[-98.10971,30.20056],[-98.10952,30.2004],[-98.10916,30.2001],[-98.10877,30.19976],[-98.1086,30.19962],[-98.10853,30.19956],[-98.10846,30.1995],[-98.10838,30.19944],[-98.10825,30.19933],[-98.10806,30.19914],[-98.10792,30.19903],[-98.10739,30.19858],[-98.10699,30.19823],[-98.10694,30.19819],[-98.10669,30.19798],[-98.10656,30.19787],[-98.10634,30.19768],[-98.10584,30.19725],[-98.10544,30.19691],[-98.1054,30.19687],[-98.10534,30.19683],[-98.10407,30.19578],[-98.10399,30.19573],[-98.10385,30.19563],[-98.1037,30.19553],[-98.10339,30.19532],[-98.10311,30.19514],[-98.10268,30.19486],[-98.10196,30.19444],[-98.1001,30.19341],[-98.09959,30.19315],[-98.09932,30.19304],[-98.09902,30.19291],[-98.09888,30.19285],[-98.09867,30.19276],[-98.09829,30.19263],[-98.09798,30.19253],[-98.0978,30.19247],[-98.09767,30.19243],[-98.09753,30.19239],[-98.09742,30.19236],[-98.09723,30.19231],[-98.09703,30.19226],[-98.09692,30.19223],[-98.09681,30.19221],[-98.09664,30.19217],[-98.09644,30.19214],[-98.09606,30.19206],[-98.09602,30.19205],[-98.09597,30.19204],[-98.09545,30.19194],[-98.09491,30.19184],[-98.09436,30.19175],[-98.09421,30.19173],[-98.09395,30.19168],[-98.09368,30.19165],[-98.09293,30.19158],[-98.09219,30.19153],[-98.09148,30.19151],[-98.09129,30.19151],[-98.09114,30.19151],[-98.09085,30.19151],[-98.0901,30.19152],[-98.08974,30.19152],[-98.08943,30.19153],[-98.08896,30.19153],[-98.08862,30.19153],[-98.08766,30.19154],[-98.0875,30.19154],[-98.0875,30.19139],[-98.0875,30.19089],[-98.08751,30.19069],[-98.08749,30.1901],[-98.08748,30.19005],[-98.08746,30.18987],[-98.08741,30.18961],[-98.08733,30.1894],[-98.08729,30.18931],[-98.08725,30.18923],[-98.08707,30.18874],[-98.08701,30.18843],[-98.08701,30.18827],[-98.08702,30.18808],[-98.08703,30.18794],[-98.0871,30.18728],[-98.08709,30.18717],[-98.08709,30.18712],[-98.08707,30.18696],[-98.08703,30.18683],[-98.08698,30.18665],[-98.08691,30.18645],[-98.08668,30.18583],[-98.08655,30.18548],[-98.08646,30.18525],[-98.08644,30.1852],[-98.08621,30.18461],[-98.08604,30.18415],[-98.08594,30.18391],[-98.08592,30.18385],[-98.0859,30.1838],[-98.08587,30.18374],[-98.08576,30.18348],[-98.08564,30.18326],[-98.08548,30.18301],[-98.08538,30.18286],[-98.08518,30.18261],[-98.08502,30.18242],[-98.0847,30.18202],[-98.08451,30.1818],[-98.08431,30.18148],[-98.08422,30.18122],[-98.08422,30.1812],[-98.08419,30.18112],[-98.08418,30.18096],[-98.08417,30.1808],[-98.08421,30.18051],[-98.08421,30.18047],[-98.08425,30.18031],[-98.08426,30.18028],[-98.0843,30.18016],[-98.08457,30.17951],[-98.08462,30.17939],[-98.08482,30.17881],[-98.08494,30.17846],[-98.08498,30.17832],[-98.08506,30.17802],[-98.08511,30.17777],[-98.08513,30.1777],[-98.08513,30.17766],[-98.08514,30.17759],[-98.08522,30.17649],[-98.08525,30.17603],[-98.08526,30.17561],[-98.08528,30.17536],[-98.08534,30.17485],[-98.0854,30.17423],[-98.0854,30.17418],[-98.08547,30.17344],[-98.0855,30.17317],[-98.08558,30.17282],[-98.08565,30.17252],[-98.08569,30.17231],[-98.08575,30.17193],[-98.08579,30.17173],[-98.08582,30.17161],[-98.08586,30.1715],[-98.08594,30.17124],[-98.086,30.17112],[-98.08605,30.17099],[-98.08611,30.17088],[-98.08627,30.17057],[-98.08647,30.17021],[-98.08655,30.17002],[-98.08666,30.16975],[-98.08672,30.16946],[-98.08673,30.16931],[-98.08673,30.16911],[-98.08673,30.16904],[-98.08674,30.16883],[-98.08677,30.1684],[-98.08684,30.16808],[-98.087,30.16767],[-98.08704,30.16757],[-98.08719,30.16728],[-98.08746,30.1669],[-98.0877,30.16658],[-98.08791,30.16633],[-98.08797,30.16625],[-98.08856,30.16563],[-98.08926,30.16498],[-98.08941,30.16484],[-98.08994,30.16432],[-98.09011,30.16415],[-98.09034,30.16392],[-98.09064,30.16362],[-98.09095,30.16319],[-98.09115,30.16279],[-98.09128,30.16234],[-98.09134,30.1617],[-98.09134,30.16105],[-98.09131,30.16042],[-98.09127,30.1596],[-98.09122,30.15864],[-98.09121,30.15837],[-98.09118,30.1578],[-98.09112,30.15739],[-98.09102,30.15696],[-98.0909,30.1566],[-98.09069,30.15617],[-98.09028,30.15536],[-98.09007,30.15479],[-98.09001,30.15438],[-98.09003,30.154],[-98.09009,30.15374],[-98.0901,30.15368],[-98.09058,30.15237],[-98.09061,30.15228],[-98.09089,30.15151],[-98.09091,30.15147],[-98.09096,30.15134],[-98.09096,30.15133],[-98.09115,30.15097],[-98.09129,30.1507],[-98.09151,30.15029],[-98.0916,30.15005],[-98.09162,30.15],[-98.09165,30.14952],[-98.09158,30.1492],[-98.0914,30.1488],[-98.09084,30.14779],[-98.09055,30.14721],[-98.09015,30.14636],[-98.09004,30.14611],[-98.08985,30.14561],[-98.08981,30.14549],[-98.08973,30.14521],[-98.08972,30.14519],[-98.08943,30.14416],[-98.08921,30.14338],[-98.08876,30.14182],[-98.08863,30.14131],[-98.08858,30.14113],[-98.08842,30.14056],[-98.08823,30.13989],[-98.08814,30.13954],[-98.08807,30.1391],[-98.08801,30.13866],[-98.088,30.13822],[-98.088,30.13778],[-98.088,30.13771],[-98.088,30.13756],[-98.088,30.13746],[-98.08802,30.13724],[-98.08808,30.1367],[-98.0881,30.13653],[-98.08815,30.13621],[-98.08818,30.13609],[-98.0883,30.13557],[-98.08834,30.13545],[-98.08859,30.1347],[-98.08877,30.13428],[-98.08898,30.13386],[-98.08925,30.13329],[-98.0893,30.13315],[-98.08937,30.13293],[-98.08943,30.13276],[-98.08978,30.13155],[-98.08986,30.13124],[-98.09,30.13082],[-98.09004,30.13035],[-98.09004,30.13027],[-98.09003,30.13009],[-98.09,30.12983],[-98.08991,30.12963],[-98.08981,30.12937],[-98.08979,30.12931],[-98.08974,30.12921],[-98.08968,30.12899],[-98.0896,30.12869],[-98.08952,30.12816],[-98.08951,30.12789],[-98.08951,30.12774],[-98.08951,30.12768],[-98.08952,30.12762],[-98.08955,30.12711],[-98.0896,30.12629],[-98.08961,30.12604],[-98.0896,30.12565],[-98.08954,30.12527],[-98.08945,30.1249],[-98.0894,30.12458],[-98.08936,30.12421],[-98.08935,30.12371],[-98.08921,30.12281],[-98.08893,30.12223],[-98.08884,30.12202],[-98.08877,30.12187],[-98.08869,30.12167],[-98.08854,30.12116],[-98.08846,30.1208],[-98.08844,30.12068],[-98.08838,30.12022],[-98.08834,30.11965],[-98.08833,30.11954],[-98.08832,30.11934],[-98.08831,30.11918],[-98.08829,30.11862],[-98.08831,30.11798],[-98.08836,30.11772],[-98.08846,30.11733],[-98.0888,30.11624],[-98.0889,30.11587],[-98.08903,30.11522],[-98.08916,30.11469],[-98.0892,30.11454],[-98.08924,30.11437],[-98.08947,30.11376],[-98.09012,30.11236],[-98.09089,30.11072],[-98.0911,30.11027],[-98.09116,30.11012],[-98.09165,30.10895],[-98.09192,30.10827],[-98.09212,30.10775],[-98.09226,30.10734],[-98.09234,30.10712],[-98.0925,30.10681],[-98.09281,30.10629],[-98.09354,30.10547],[-98.09393,30.10492],[-98.09471,30.10391],[-98.09515,30.10341],[-98.09554,30.10296],[-98.09561,30.10283],[-98.09574,30.10262],[-98.09592,30.10221],[-98.096,30.10204],[-98.09625,30.10128],[-98.09637,30.10095],[-98.09649,30.10058],[-98.09659,30.10021],[-98.09666,30.09977],[-98.09668,30.09948],[-98.09667,30.09921],[-98.09661,30.09894],[-98.0965,30.09865],[-98.0963,30.09815],[-98.09617,30.09784],[-98.0961,30.09761],[-98.09608,30.09746],[-98.09606,30.09728],[-98.09607,30.09709],[-98.0961,30.09693],[-98.09616,30.09673],[-98.09637,30.09614],[-98.09683,30.09502],[-98.09737,30.09376],[-98.09784,30.09273],[-98.09806,30.09222],[-98.09835,30.0915],[-98.09847,30.09121],[-98.09855,30.09102],[-98.09869,30.09077],[-98.09892,30.09043],[-98.09941,30.0898],[-98.09956,30.08958],[-98.0997,30.0893],[-98.09983,30.08902],[-98.10044,30.0873],[-98.10055,30.08692],[-98.10059,30.08669],[-98.10059,30.08637],[-98.10058,30.08624],[-98.10052,30.0858],[-98.10041,30.08532],[-98.1003,30.08478],[-98.10021,30.08425],[-98.10017,30.08401],[-98.10004,30.08356],[-98.10003,30.0835],[-98.09981,30.08304],[-98.09889,30.08151],[-98.09864,30.08109],[-98.09859,30.08102],[-98.09813,30.08027],[-98.09794,30.07995],[-98.09764,30.07945],[-98.09738,30.07904],[-98.09718,30.07878],[-98.09701,30.07865],[-98.09691,30.07856],[-98.09686,30.07851],[-98.09659,30.07828],[-98.09633,30.07805],[-98.09577,30.07759],[-98.09521,30.0772],[-98.09483,30.07694],[-98.09437,30.07655],[-98.09399,30.07613],[-98.09345,30.07549],[-98.09303,30.07505],[-98.0928,30.07488],[-98.09223,30.07452],[-98.09187,30.07424],[-98.09171,30.07407],[-98.09148,30.0736],[-98.09136,30.07316],[-98.09128,30.07268],[-98.09114,30.07219],[-98.09107,30.07196],[-98.09085,30.07134],[-98.09064,30.07075],[-98.09055,30.07051],[-98.09042,30.07013],[-98.09025,30.06958],[-98.09028,30.06912],[-98.09033,30.0689],[-98.09054,30.06853],[-98.09117,30.06747],[-98.09138,30.06712],[-98.09146,30.06699],[-98.09152,30.06688],[-98.09165,30.06667],[-98.0917,30.06658],[-98.09185,30.06633],[-98.09214,30.06586],[-98.09253,30.06516],[-98.09272,30.06466],[-98.09273,30.06414],[-98.09267,30.06364],[-98.09261,30.06319],[-98.09244,30.06213],[-98.09239,30.0618],[-98.09232,30.06146],[-98.09213,30.06085],[-98.09212,30.06082],[-98.09192,30.06032],[-98.0917,30.05984],[-98.0916,30.05962],[-98.0914,30.05908],[-98.09135,30.05858],[-98.09138,30.05839],[-98.09143,30.05809],[-98.0915,30.05792],[-98.09162,30.05762],[-98.09186,30.05713],[-98.09198,30.05688],[-98.09248,30.05598],[-98.09252,30.05594],[-98.09295,30.0553],[-98.09413,30.05386],[-98.09474,30.05309],[-98.09491,30.05288],[-98.09514,30.05255],[-98.09602,30.05138],[-98.09676,30.05046],[-98.09681,30.0504],[-98.0972,30.04989],[-98.09749,30.04946],[-98.09761,30.0493],[-98.09778,30.04907],[-98.09805,30.04879],[-98.09853,30.04842],[-98.09886,30.0482],[-98.09931,30.04788],[-98.09977,30.04752],[-98.09998,30.04736],[-98.10165,30.04608],[-98.10206,30.04565],[-98.10232,30.04524],[-98.10236,30.04515],[-98.10251,30.04483],[-98.10266,30.04451],[-98.10271,30.04438],[-98.10283,30.04409],[-98.10316,30.04331],[-98.10336,30.04278],[-98.10347,30.04226],[-98.10348,30.0422],[-98.10353,30.04192],[-98.10359,30.04144],[-98.10358,30.04126],[-98.10357,30.04095],[-98.10351,30.0407],[-98.10344,30.04047],[-98.1033,30.04003],[-98.10303,30.03915],[-98.10293,30.03878],[-98.10291,30.03871],[-98.10283,30.03846],[-98.10276,30.03823],[-98.10264,30.03784],[-98.10254,30.03749],[-98.10237,30.03691],[-98.10235,30.03687],[-98.10214,30.03628],[-98.10202,30.03607],[-98.1019,30.03583],[-98.10185,30.03574],[-98.10178,30.0356],[-98.10164,30.03535],[-98.10156,30.03521],[-98.10144,30.035],[-98.10143,30.03499],[-98.10129,30.03467],[-98.10126,30.03456],[-98.10124,30.03438],[-98.10124,30.03413],[-98.10136,30.03348],[-98.1014,30.03315],[-98.10143,30.0327],[-98.10142,30.03242],[-98.10141,30.03197],[-98.1014,30.03107],[-98.10138,30.03043],[-98.10138,30.03037],[-98.10135,30.02863],[-98.10137,30.02773],[-98.10138,30.02722],[-98.10138,30.02714],[-98.10142,30.02621],[-98.10142,30.02592],[-98.10141,30.02552],[-98.10144,30.02492],[-98.10147,30.02448],[-98.10153,30.02403],[-98.10155,30.02394],[-98.10159,30.02375],[-98.10168,30.02328],[-98.10177,30.02284],[-98.10204,30.0217],[-98.10207,30.02158],[-98.10211,30.02139],[-98.10217,30.02112],[-98.10233,30.02043],[-98.10254,30.01953],[-98.10266,30.01902],[-98.10273,30.01869],[-98.10277,30.01856],[-98.10285,30.01821],[-98.10307,30.01725],[-98.1031,30.01712],[-98.10323,30.0165],[-98.10333,30.01602],[-98.10351,30.01516],[-98.10365,30.01447],[-98.10377,30.01392],[-98.10388,30.01342],[-98.10395,30.01318],[-98.10403,30.01274],[-98.10414,30.01217],[-98.10418,30.01193],[-98.10424,30.01156],[-98.10423,30.01128],[-98.10421,30.01107],[-98.10413,30.01067],[-98.10383,30.00999],[-98.10383,30.00998],[-98.10368,30.00962],[-98.10351,30.00919],[-98.10345,30.00906],[-98.10342,30.00899],[-98.10325,30.00858],[-98.10309,30.00804],[-98.10296,30.00752],[-98.1028,30.00688],[-98.10272,30.00654],[-98.10263,30.00617],[-98.10262,30.00608],[-98.10257,30.00585],[-98.10254,30.00561],[-98.10253,30.00549],[-98.10251,30.00506],[-98.1025,30.00492],[-98.1025,30.0048],[-98.10248,30.00458],[-98.10245,30.00435],[-98.10243,30.00424],[-98.10233,30.00385],[-98.10232,30.00381],[-98.10227,30.00364],[-98.10221,30.00342],[-98.10216,30.00321],[-98.10212,30.00308],[-98.10208,30.00292],[-98.10202,30.00274],[-98.102,30.00267],[-98.10194,30.00244],[-98.10189,30.00225],[-98.10183,30.00199],[-98.10178,30.00175],[-98.10174,30.00155],[-98.10171,30.0014],[-98.10165,30.00109],[-98.10156,30.00055],[-98.10156,30.00049],[-98.10154,30.00042],[-98.10149,30.00012],[-98.10145,29.99991],[-98.10144,29.99983],[-98.10139,29.99972],[-98.10134,29.99958],[-98.1013,29.99951],[-98.10122,29.99935],[-98.10111,29.99921],[-98.10106,29.99916],[-98.10103,29.99911],[-98.10097,29.99905],[-98.10065,29.9988],[-98.1005,29.99867],[-98.10039,29.99859],[-98.10032,29.99854],[-98.10004,29.99833],[-98.10002,29.99832],[-98.09993,29.99826],[-98.09926,29.99784],[-98.09917,29.99779],[-98.09904,29.99771],[-98.09892,29.99763],[-98.09885,29.99759],[-98.09864,29.99746],[-98.09847,29.99736],[-98.09829,29.99724],[-98.098,29.99706],[-98.09777,29.99693],[-98.09724,29.99665],[-98.09712,29.99658],[-98.09706,29.99655],[-98.09692,29.99644],[-98.09676,29.99631],[-98.09668,29.99628],[-98.0966,29.99627],[-98.09659,29.99628],[-98.09651,29.99629],[-98.09635,29.99633],[-98.0962,29.99638],[-98.096,29.99635],[-98.09542,29.99617],[-98.09529,29.99612],[-98.0951,29.99606],[-98.09491,29.996],[-98.09452,29.99588],[-98.09448,29.99586],[-98.09418,29.99577],[-98.09417,29.99576],[-98.09403,29.99572],[-98.09363,29.99558],[-98.09311,29.99542],[-98.09287,29.99534],[-98.09232,29.99516],[-98.09214,29.9951],[-98.09181,29.99501],[-98.09128,29.99484],[-98.0909,29.99472],[-98.09081,29.99469],[-98.0905,29.99459],[-98.09046,29.99458],[-98.09026,29.99452],[-98.09017,29.99449],[-98.09006,29.99445],[-98.09001,29.99444],[-98.08992,29.99441],[-98.08989,29.99439],[-98.08958,29.99426],[-98.08939,29.99416],[-98.08922,29.99405],[-98.08905,29.99392],[-98.0889,29.9938],[-98.08866,29.99359],[-98.08844,29.99335],[-98.08817,29.99297],[-98.08805,29.99278],[-98.0879,29.99237],[-98.08784,29.99217],[-98.0878,29.9919],[-98.08778,29.99157],[-98.08782,29.99112],[-98.08785,29.99078],[-98.08788,29.99066],[-98.0881,29.98988],[-98.08831,29.98913],[-98.08853,29.98832],[-98.08888,29.98713],[-98.08905,29.98668],[-98.08927,29.98624],[-98.08947,29.98593],[-98.08956,29.98582],[-98.08965,29.98572],[-98.08991,29.98544],[-98.08998,29.98537],[-98.09081,29.98464],[-98.09101,29.98446],[-98.09128,29.98422],[-98.09195,29.98363],[-98.0923,29.98333],[-98.09263,29.98301],[-98.09298,29.98264],[-98.09326,29.98227],[-98.09338,29.98204],[-98.09353,29.98177],[-98.09372,29.98134],[-98.09385,29.98088],[-98.09391,29.98043],[-98.09392,29.97998],[-98.09385,29.97938],[-98.09382,29.9793],[-98.09378,29.97909],[-98.09372,29.97885],[-98.09369,29.9787],[-98.09359,29.9783],[-98.09354,29.97812],[-98.09346,29.97777],[-98.09331,29.97717],[-98.09297,29.97578],[-98.09289,29.97543],[-98.09277,29.97457],[-98.09275,29.97431],[-98.09275,29.97382],[-98.09275,29.97365],[-98.09279,29.97239],[-98.0928,29.972],[-98.09277,29.97132],[-98.09273,29.97045],[-98.0927,29.97028],[-98.09263,29.96995],[-98.0925,29.96944],[-98.09239,29.96897],[-98.09174,29.96641],[-98.09172,29.96634],[-98.09171,29.9663],[-98.09168,29.96616],[-98.09159,29.9657],[-98.09159,29.96564],[-98.09158,29.96542],[-98.09163,29.96501],[-98.09169,29.96471],[-98.09197,29.96404],[-98.09233,29.96357],[-98.09251,29.96335],[-98.09266,29.96317],[-98.09305,29.96272],[-98.09338,29.96228],[-98.0939,29.96171],[-98.09394,29.96167],[-98.09435,29.96117],[-98.09453,29.96094],[-98.09465,29.96078],[-98.0948,29.96056],[-98.09493,29.96032],[-98.095,29.9602],[-98.09517,29.95989],[-98.09523,29.95968],[-98.09529,29.95933],[-98.0953,29.95899],[-98.09527,29.95873],[-98.09515,29.9582],[-98.09514,29.95811],[-98.09501,29.95778],[-98.09494,29.95763],[-98.09478,29.95727],[-98.09456,29.95669],[-98.09449,29.95641],[-98.09442,29.95585],[-98.09443,29.95555],[-98.09444,29.95527],[-98.09449,29.95495],[-98.09455,29.95436],[-98.09455,29.95396],[-98.09452,29.95366],[-98.09448,29.95335],[-98.09442,29.9531],[-98.09432,29.95283],[-98.09428,29.9527],[-98.09406,29.95212],[-98.09366,29.95106],[-98.09355,29.95071],[-98.09352,29.95047],[-98.09349,29.95021],[-98.09346,29.94988],[-98.09354,29.94944],[-98.09357,29.94903],[-98.09362,29.94879],[-98.09362,29.9483],[-98.09361,29.9478],[-98.09358,29.94756],[-98.09347,29.94707],[-98.09333,29.9466],[-98.09331,29.94652],[-98.09328,29.94641],[-98.09289,29.94489],[-98.09268,29.94408],[-98.09255,29.9436],[-98.09234,29.94307],[-98.09227,29.94294],[-98.09219,29.9428],[-98.09196,29.94247],[-98.09224,29.94231],[-98.09238,29.94222],[-98.0925,29.94215],[-98.09272,29.94202],[-98.09298,29.94188],[-98.09337,29.94173],[-98.09354,29.94167],[-98.0937,29.94161],[-98.09396,29.94158],[-98.09439,29.94157],[-98.09465,29.94162],[-98.09495,29.94167],[-98.09542,29.9417],[-98.09598,29.94174],[-98.09653,29.94176],[-98.09689,29.94176],[-98.09711,29.94175],[-98.09773,29.9417],[-98.09808,29.94166],[-98.09881,29.94151],[-98.0989,29.94149],[-98.09935,29.94137],[-98.09995,29.9412],[-98.10009,29.94116],[-98.10123,29.94084],[-98.1016,29.94074],[-98.10168,29.94072],[-98.10179,29.94069],[-98.10259,29.94045],[-98.10265,29.94043],[-98.1038,29.94011],[-98.10403,29.94004],[-98.10408,29.94003],[-98.10441,29.93994],[-98.10464,29.93988],[-98.10546,29.93964],[-98.10588,29.93952],[-98.1063,29.9394],[-98.10675,29.93928],[-98.1071,29.93918],[-98.1072,29.93916],[-98.10871,29.93874],[-98.10925,29.93859],[-98.11089,29.93813],[-98.11154,29.93795],[-98.11187,29.93786],[-98.11206,29.93781],[-98.11248,29.9377],[-98.1128,29.9376],[-98.1133,29.93745],[-98.11342,29.93742],[-98.11361,29.93737],[-98.11407,29.93725],[-98.11415,29.93722],[-98.11441,29.93714],[-98.1157,29.93679],[-98.11698,29.93643],[-98.11808,29.93613],[-98.1185,29.93605],[-98.11921,29.93581],[-98.11994,29.9356],[-98.12012,29.93555],[-98.12134,29.93522],[-98.12194,29.93505],[-98.12366,29.93456],[-98.12368,29.93455],[-98.124,29.93446],[-98.12461,29.93429],[-98.12477,29.93424],[-98.12523,29.93412],[-98.12567,29.93401],[-98.12601,29.93394],[-98.1263,29.93387],[-98.12682,29.93377],[-98.12693,29.93375],[-98.12706,29.93373],[-98.12758,29.93363],[-98.12776,29.93361],[-98.12854,29.93352],[-98.12926,29.93347],[-98.12993,29.93345],[-98.13012,29.93344],[-98.13083,29.93344],[-98.13102,29.93344],[-98.13226,29.93346],[-98.13247,29.93347],[-98.13366,29.9335],[-98.13382,29.9335],[-98.134,29.93351],[-98.13445,29.93352],[-98.13459,29.93352],[-98.13498,29.93354],[-98.13535,29.93355],[-98.13614,29.93357],[-98.13707,29.93359],[-98.13793,29.93362],[-98.13828,29.93363],[-98.13873,29.93364],[-98.13933,29.93365],[-98.13998,29.93367],[-98.14078,29.93369],[-98.14106,29.9337],[-98.14199,29.93372],[-98.14219,29.93373],[-98.14319,29.93377],[-98.14334,29.93377],[-98.14396,29.93381],[-98.14416,29.93384],[-98.14426,29.93385],[-98.1443,29.93385],[-98.14526,29.93397],[-98.14556,29.934],[-98.14561,29.93401],[-98.14595,29.93406],[-98.14656,29.93414],[-98.14666,29.93416],[-98.14724,29.93423],[-98.14754,29.93427],[-98.14773,29.93429],[-98.14803,29.93433],[-98.14811,29.93434],[-98.14876,29.93441],[-98.14885,29.93442],[-98.14914,29.93444],[-98.14972,29.93446],[-98.15024,29.93444],[-98.15067,29.93441],[-98.15095,29.93438],[-98.15101,29.93437],[-98.15128,29.93435],[-98.15159,29.93432],[-98.15218,29.93427],[-98.15272,29.93422],[-98.15359,29.93412],[-98.15368,29.93411],[-98.15477,29.93389],[-98.15588,29.93366],[-98.15638,29.93357],[-98.15705,29.9335],[-98.15741,29.9335],[-98.15809,29.93355],[-98.15843,29.93359],[-98.15879,29.93365],[-98.15888,29.93367],[-98.15955,29.93381],[-98.15985,29.93385],[-98.16017,29.93386],[-98.16046,29.93384],[-98.16073,29.93379],[-98.16096,29.93375],[-98.16124,29.93365],[-98.16169,29.9335],[-98.16185,29.93345],[-98.16216,29.93336],[-98.16235,29.93333],[-98.16258,29.93332],[-98.1629,29.9333],[-98.1634,29.93329],[-98.16363,29.93327],[-98.16391,29.93323],[-98.16414,29.93317],[-98.16437,29.9331],[-98.16475,29.93293],[-98.16496,29.93286],[-98.16519,29.93278],[-98.16552,29.9327],[-98.16581,29.93267],[-98.16601,29.93265],[-98.16642,29.93268],[-98.16663,29.93271],[-98.16695,29.93277],[-98.16714,29.9328],[-98.16742,29.93284],[-98.16768,29.93285],[-98.16792,29.93283],[-98.16816,29.93279],[-98.16831,29.93275],[-98.16853,29.93267],[-98.16867,29.93259],[-98.16925,29.9322],[-98.16966,29.93194],[-98.17012,29.93177],[-98.17038,29.93172],[-98.17066,29.93168],[-98.17098,29.93164],[-98.17121,29.93162],[-98.17148,29.93158],[-98.17175,29.93154],[-98.17189,29.93151],[-98.17198,29.93149],[-98.17221,29.93141],[-98.17412,29.93067],[-98.17438,29.93059],[-98.17455,29.93056],[-98.17479,29.93053],[-98.175,29.93052],[-98.17524,29.93053],[-98.17545,29.93055],[-98.17578,29.93061],[-98.17609,29.93068],[-98.17688,29.93094],[-98.17773,29.93111],[-98.17794,29.93116],[-98.17842,29.93121],[-98.17884,29.93125],[-98.17938,29.93127],[-98.17976,29.93126],[-98.18023,29.93124],[-98.18082,29.93118],[-98.18127,29.93112],[-98.18227,29.93093],[-98.18388,29.93062],[-98.18414,29.93058],[-98.18464,29.93052],[-98.18497,29.93049],[-98.18558,29.93048],[-98.18597,29.93049],[-98.18608,29.93049],[-98.18651,29.93052],[-98.187,29.93058],[-98.18744,29.93064],[-98.18776,29.93071],[-98.18791,29.93074],[-98.18824,29.93083],[-98.18863,29.93094],[-98.18906,29.93108],[-98.18911,29.93111],[-98.18934,29.93119],[-98.1897,29.93135],[-98.1899,29.93144],[-98.19007,29.93152],[-98.19014,29.93155],[-98.19036,29.93167],[-98.19065,29.93184],[-98.19104,29.93207],[-98.19142,29.9323],[-98.19168,29.93247],[-98.19216,29.93276],[-98.19251,29.93302],[-98.19385,29.93378],[-98.19478,29.93428],[-98.19593,29.93473],[-98.19728,29.93513],[-98.19771,29.93526],[-98.2005,29.93612],[-98.20052,29.93613],[-98.20108,29.93632],[-98.20152,29.93649],[-98.20182,29.93663],[-98.20205,29.93674],[-98.20249,29.93697],[-98.20285,29.93718],[-98.20322,29.93743],[-98.20364,29.93775],[-98.20386,29.93791],[-98.20435,29.9383],[-98.2049,29.93871],[-98.20611,29.93963],[-98.20618,29.93969],[-98.20665,29.94005],[-98.20788,29.94098],[-98.20798,29.94106],[-98.20815,29.94119],[-98.20848,29.94142],[-98.20874,29.94161],[-98.21004,29.9426],[-98.21172,29.94388],[-98.21179,29.94393],[-98.21261,29.94456],[-98.21316,29.94498],[-98.21342,29.94518],[-98.21385,29.94549],[-98.21393,29.94555],[-98.21413,29.94568],[-98.21431,29.9458],[-98.21508,29.94629],[-98.21593,29.94676],[-98.2161,29.94684],[-98.21791,29.94777],[-98.21841,29.94804],[-98.21874,29.94822],[-98.21928,29.94852],[-98.22028,29.94905],[-98.22341,29.9507],[-98.22396,29.95099],[-98.22419,29.95111],[-98.22519,29.95165],[-98.22561,29.95188],[-98.22604,29.95216],[-98.22635,29.95239],[-98.22647,29.95249],[-98.22678,29.95277],[-98.22702,29.953],[-98.22714,29.95314],[-98.22736,29.95339],[-98.22748,29.95354],[-98.22772,29.95389],[-98.22784,29.95406],[-98.22806,29.95447],[-98.22825,29.95488],[-98.22834,29.95511],[-98.2289,29.95656],[-98.22894,29.95666],[-98.22898,29.95676],[-98.22913,29.95718],[-98.22959,29.95838],[-98.23015,29.95986],[-98.23021,29.96001],[-98.23023,29.96006],[-98.23029,29.96025],[-98.23108,29.96229],[-98.23151,29.96341],[-98.23193,29.96451],[-98.23213,29.96493],[-98.23217,29.965],[-98.23238,29.96537],[-98.23263,29.96576],[-98.23302,29.96639],[-98.23326,29.96677],[-98.23346,29.96708],[-98.23385,29.96768],[-98.23421,29.96815],[-98.23447,29.96841],[-98.23457,29.96851],[-98.23501,29.96888],[-98.23525,29.96907],[-98.23568,29.96933],[-98.23624,29.9696],[-98.23652,29.96974],[-98.23666,29.9698],[-98.23708,29.96993],[-98.23731,29.96999],[-98.23767,29.97007],[-98.23792,29.97013],[-98.23825,29.97016],[-98.23829,29.97017],[-98.23853,29.97019],[-98.2388,29.9702],[-98.23902,29.9702],[-98.23922,29.9702],[-98.23956,29.97018],[-98.23991,29.97014],[-98.2401,29.97011],[-98.24038,29.97007],[-98.24108,29.96998],[-98.24117,29.96997],[-98.24157,29.96991],[-98.24189,29.96988],[-98.24214,29.96985],[-98.24267,29.96983],[-98.24342,29.96983],[-98.24358,29.96984],[-98.24367,29.96985],[-98.24389,29.96987],[-98.24456,29.96996],[-98.24499,29.97003],[-98.24528,29.9701],[-98.24534,29.97011],[-98.24573,29.97022],[-98.24595,29.97029],[-98.24624,29.97036],[-98.24659,29.97048],[-98.24858,29.9711],[-98.24872,29.97114],[-98.24948,29.97137],[-98.25227,29.97223],[-98.25291,29.97242],[-98.25328,29.97255],[-98.25376,29.97263],[-98.254,29.97268],[-98.2545,29.9728],[-98.25586,29.9731],[-98.25697,29.97336],[-98.25701,29.97337],[-98.25713,29.9734],[-98.25731,29.97344],[-98.25833,29.97367],[-98.26141,29.97435],[-98.26226,29.97456],[-98.26244,29.9746],[-98.26291,29.9747],[-98.26313,29.97474],[-98.26361,29.97485],[-98.26426,29.975],[-98.26456,29.97507],[-98.2654,29.97526],[-98.26664,29.97554],[-98.26742,29.97572],[-98.26861,29.97598],[-98.26939,29.97618],[-98.27127,29.9766],[-98.27235,29.97684],[-98.27258,29.9769],[-98.27335,29.97707],[-98.27369,29.97714],[-98.27472,29.97738],[-98.27544,29.97759],[-98.27585,29.97774],[-98.27588,29.97775],[-98.27609,29.97783],[-98.27647,29.978],[-98.27679,29.97815],[-98.27684,29.97818],[-98.27715,29.97835],[-98.27748,29.97855],[-98.27758,29.97861],[-98.27783,29.97878],[-98.27816,29.97901],[-98.27825,29.97908],[-98.27833,29.97913],[-98.27899,29.97961],[-98.27957,29.98002],[-98.27972,29.98012],[-98.27974,29.98013],[-98.27991,29.98024],[-98.28016,29.98039],[-98.28088,29.98081],[-98.2814,29.98109],[-98.28161,29.98121],[-98.28213,29.98147],[-98.2838,29.98231],[-98.28484,29.98284],[-98.28506,29.98295],[-98.28511,29.98297],[-98.28601,29.98343],[-98.28706,29.98397],[-98.28746,29.98416],[-98.28774,29.98431],[-98.29269,29.98682],[-98.29374,29.98736],[-98.29652,29.98877],[-98.2968,29.98891],[-98.29727,29.98915],[-98.30021,29.99065],[-98.30041,29.99075],[-98.30117,29.99113],[-98.30128,29.99119],[-98.30168,29.99141],[-98.30217,29.9917],[-98.30251,29.99192],[-98.30271,29.99207],[-98.30285,29.99217],[-98.30302,29.99231],[-98.30314,29.99241],[-98.30335,29.99259],[-98.3035,29.99272],[-98.304,29.99326],[-98.30449,29.99384],[-98.30456,29.99397],[-98.30478,29.99431],[-98.30514,29.99484],[-98.30517,29.99489],[-98.30541,29.99525],[-98.30553,29.99544],[-98.30577,29.9958],[-98.30629,29.99659],[-98.30701,29.99768],[-98.30711,29.99784],[-98.30717,29.99792],[-98.3081,29.99932],[-98.30845,29.99987],[-98.3086,30.00012],[-98.30899,30.00073],[-98.30906,30.00081],[-98.30916,30.00094],[-98.30925,30.00106],[-98.30942,30.00127],[-98.30956,30.00142],[-98.30998,30.00184],[-98.31033,30.00216],[-98.31059,30.00236],[-98.31086,30.00258],[-98.31112,30.00278],[-98.3112,30.00285],[-98.31187,30.00334],[-98.31189,30.00335],[-98.31216,30.00357],[-98.31296,30.00417],[-98.31308,30.00426],[-98.3132,30.00434],[-98.31359,30.00463],[-98.31574,30.00626],[-98.31634,30.00673],[-98.31652,30.00686],[-98.31923,30.00893],[-98.31975,30.00933],[-98.3202,30.00967],[-98.32073,30.0101],[-98.32077,30.01013],[-98.32113,30.01043],[-98.32147,30.01073],[-98.32155,30.01081],[-98.32188,30.01111],[-98.32254,30.01178],[-98.32294,30.01218],[-98.3234,30.01264],[-98.3235,30.01273],[-98.32419,30.01344],[-98.32482,30.01407],[-98.32493,30.01419],[-98.32631,30.01557],[-98.3269,30.01614],[-98.32738,30.01661],[-98.32773,30.01698],[-98.32841,30.01769],[-98.3287,30.01802],[-98.32897,30.01836],[-98.32915,30.01863],[-98.33042,30.02051],[-98.33054,30.02069],[-98.33056,30.02072],[-98.33058,30.02076],[-98.3307,30.02094],[-98.33107,30.0215],[-98.3311,30.02154],[-98.33117,30.02165],[-98.33219,30.02322],[-98.33259,30.02383],[-98.3333,30.02492],[-98.33402,30.02601],[-98.33405,30.02604],[-98.33447,30.02669],[-98.33496,30.02742],[-98.335,30.02749],[-98.3353,30.02794],[-98.33569,30.02853],[-98.33611,30.02917],[-98.33647,30.02972],[-98.33657,30.02987],[-98.33692,30.03039],[-98.33711,30.03068],[-98.33731,30.03099],[-98.33739,30.03112],[-98.33783,30.03178],[-98.33787,30.03184],[-98.33791,30.03191],[-98.33834,30.03256],[-98.33845,30.03272],[-98.33854,30.03286],[-98.3388,30.03325],[-98.33913,30.03375],[-98.34179,30.0378],[-98.34222,30.03846],[-98.34326,30.04004],[-98.34359,30.0405],[-98.34394,30.04095],[-98.34395,30.04096],[-98.34431,30.04139],[-98.3447,30.04181],[-98.34511,30.04222],[-98.34655,30.04362],[-98.3473,30.04434],[-98.34898,30.04595],[-98.34994,30.04687],[-98.35013,30.04704],[-98.35026,30.04714],[-98.35059,30.04739],[-98.35093,30.04763],[-98.35129,30.04786],[-98.35155,30.048],[-98.35222,30.04836],[-98.35315,30.04882],[-98.35355,30.04901],[-98.35399,30.04923],[-98.35583,30.05016],[-98.3574,30.05094],[-98.35977,30.05213],[-98.36083,30.05267],[-98.36203,30.05327],[-98.36324,30.05387],[-98.36343,30.05397],[-98.36521,30.05486],[-98.36675,30.05563],[-98.36728,30.05589],[-98.36738,30.05594],[-98.36879,30.05665],[-98.3694,30.05695],[-98.37163,30.05808],[-98.37248,30.0585],[-98.37299,30.05876],[-98.37321,30.05888],[-98.37366,30.05911],[-98.37429,30.05942],[-98.37453,30.05954],[-98.3754,30.05997],[-98.37619,30.06037],[-98.37674,30.06064],[-98.37691,30.06073],[-98.37747,30.06101],[-98.37758,30.06106],[-98.37821,30.06138],[-98.37935,30.06195],[-98.38075,30.06265],[-98.38134,30.06295],[-98.38136,30.06295],[-98.3818,30.06316],[-98.38225,30.06334],[-98.38261,30.06347],[-98.3827,30.0635],[-98.38317,30.06364],[-98.38368,30.06378],[-98.38402,30.06387],[-98.38468,30.06402],[-98.38571,30.06424],[-98.38644,30.06439],[-98.38666,30.06443],[-98.38756,30.06461],[-98.39019,30.06513],[-98.39078,30.06525],[-98.3909,30.06527],[-98.39167,30.06545],[-98.39269,30.06565],[-98.39317,30.06575],[-98.39326,30.06577],[-98.39372,30.06587],[-98.39437,30.06604],[-98.39465,30.06613],[-98.39503,30.06624],[-98.396,30.06655],[-98.39717,30.06693],[-98.39805,30.06721],[-98.39946,30.06767],[-98.40085,30.06811],[-98.40092,30.06813],[-98.40129,30.06825],[-98.40235,30.06859],[-98.40259,30.06867],[-98.4029,30.06877],[-98.40384,30.06908],[-98.40562,30.06964],[-98.40622,30.06983],[-98.40664,30.06997],[-98.40687,30.07004],[-98.40773,30.0703],[-98.40821,30.07042],[-98.4087,30.07052],[-98.40936,30.07066],[-98.40962,30.07073],[-98.41021,30.07087],[-98.41048,30.07085],[-98.41061,30.07086],[-98.41071,30.07087],[-98.41069,30.07158],[-98.41069,30.07181],[-98.41067,30.07208],[-98.41067,30.07235],[-98.4107,30.07262],[-98.41074,30.07289],[-98.41079,30.07315],[-98.41082,30.07326],[-98.41094,30.07355],[-98.41106,30.07386],[-98.41111,30.07397],[-98.41128,30.07442],[-98.41145,30.07474],[-98.41159,30.07501],[-98.41177,30.0753],[-98.41194,30.07555],[-98.41212,30.07579],[-98.41268,30.07645],[-98.41273,30.07651],[-98.41308,30.07692],[-98.41329,30.07717],[-98.41338,30.07727],[-98.41346,30.07737],[-98.4139,30.07789],[-98.41459,30.07868],[-98.41508,30.07924],[-98.41517,30.07935],[-98.41545,30.07968],[-98.41748,30.08204],[-98.41782,30.08245],[-98.41787,30.08251],[-98.41814,30.08289],[-98.41836,30.08319],[-98.41844,30.0833],[-98.41864,30.08361],[-98.41889,30.084],[-98.41899,30.08417],[-98.41916,30.08446],[-98.41993,30.08599],[-98.42038,30.0869],[-98.42044,30.08704],[-98.42084,30.08786],[-98.42085,30.08787],[-98.42113,30.08846],[-98.42194,30.09012],[-98.42264,30.09148],[-98.42326,30.09272],[-98.42336,30.09295],[-98.42343,30.09316],[-98.42348,30.09337],[-98.42352,30.09358],[-98.42355,30.09385],[-98.42355,30.09404],[-98.42354,30.09431],[-98.42351,30.09453],[-98.42348,30.09464],[-98.42347,30.09468],[-98.42343,30.09484],[-98.42336,30.09505],[-98.42329,30.0952],[-98.42292,30.09609],[-98.42287,30.09622],[-98.4228,30.09639],[-98.42255,30.09701],[-98.42219,30.09794],[-98.42181,30.09883],[-98.42129,30.09867]]}},{"type":"Feature","properties":{"route":"Llano River & Castell Run","category":"Lakes & Rivers","color":"#2980b9","waypoints":["Llano","Castell","Mason"],"via":"FM 152 -> Castell -> FM 2323","distance_mi":43.2,"source":"road-snapped","id":"llano-river-castell-run"},"geometry":{"type":"LineString","coordinates":[[-98.67527,30.75803],[-98.67522,30.75834],[-98.67521,30.75847],[-98.67519,30.75863],[-98.67518,30.75893],[-98.67518,30.75915],[-98.67518,30.75924],[-98.67518,30.75952],[-98.67565,30.75952],[-98.67572,30.75952],[-98.67591,30.75952],[-98.67604,30.75952],[-98.67613,30.75952],[-98.67637,30.75952],[-98.6767,30.75953],[-98.67722,30.75953],[-98.67778,30.75954],[-98.67821,30.75953],[-98.67937,30.75951],[-98.6805,30.75952],[-98.68162,30.75953],[-98.68183,30.75953],[-98.68213,30.75953],[-98.68232,30.75953],[-98.68276,30.75954],[-98.68328,30.75954],[-98.68427,30.75956],[-98.68483,30.75958],[-98.68533,30.75961],[-98.6858,30.75965],[-98.68613,30.75968],[-98.68622,30.75969],[-98.68646,30.75971],[-98.68704,30.75978],[-98.68727,30.75982],[-98.68809,30.75997],[-98.68933,30.76024],[-98.68939,30.76026],[-98.68979,30.76034],[-98.69062,30.76052],[-98.69187,30.76078],[-98.69279,30.76097],[-98.69424,30.7613],[-98.69678,30.76184],[-98.69757,30.76201],[-98.69813,30.76213],[-98.69929,30.76238],[-98.69982,30.76249],[-98.70144,30.76282],[-98.70219,30.76292],[-98.70252,30.76297],[-98.70301,30.76301],[-98.70368,30.76308],[-98.70441,30.76313],[-98.70545,30.76322],[-98.70585,30.76327],[-98.70632,30.76336],[-98.70641,30.76338],[-98.70651,30.76341],[-98.70676,30.76346],[-98.70736,30.76363],[-98.70761,30.76371],[-98.708,30.76386],[-98.70836,30.764],[-98.70894,30.76427],[-98.70908,30.76434],[-98.71255,30.76634],[-98.71329,30.76677],[-98.7142,30.76728],[-98.71483,30.76759],[-98.71532,30.76782],[-98.71614,30.76816],[-98.71688,30.76843],[-98.71743,30.76862],[-98.71773,30.76872],[-98.71874,30.76899],[-98.71903,30.76906],[-98.7198,30.76922],[-98.72065,30.76935],[-98.72106,30.7694],[-98.72145,30.76945],[-98.72217,30.76951],[-98.72272,30.76954],[-98.72333,30.76956],[-98.72403,30.76956],[-98.72504,30.76955],[-98.72522,30.76955],[-98.72633,30.76954],[-98.72743,30.76954],[-98.73496,30.7695],[-98.73713,30.76948],[-98.73762,30.76948],[-98.73832,30.76947],[-98.73894,30.76947],[-98.74009,30.76946],[-98.74098,30.76945],[-98.74322,30.76944],[-98.74648,30.76942],[-98.74738,30.76942],[-98.74817,30.76941],[-98.75113,30.76939],[-98.75274,30.76938],[-98.75671,30.76935],[-98.75698,30.76935],[-98.75734,30.76932],[-98.75776,30.76928],[-98.7584,30.76918],[-98.75985,30.76878],[-98.76059,30.76853],[-98.76094,30.76837],[-98.76116,30.76827],[-98.7618,30.76799],[-98.76269,30.76763],[-98.76327,30.7674],[-98.76333,30.76737],[-98.76397,30.76717],[-98.76439,30.76706],[-98.76481,30.76697],[-98.76524,30.76689],[-98.76573,30.76683],[-98.76615,30.76679],[-98.76658,30.76677],[-98.7689,30.76677],[-98.78203,30.76675],[-98.78554,30.76674],[-98.7869,30.76675],[-98.78787,30.76674],[-98.78877,30.76675],[-98.78888,30.76675],[-98.79009,30.76673],[-98.79059,30.76671],[-98.79114,30.76666],[-98.79163,30.76661],[-98.79211,30.76653],[-98.79259,30.76644],[-98.79314,30.76631],[-98.79368,30.76616],[-98.79415,30.76601],[-98.7946,30.76585],[-98.80044,30.76352],[-98.80109,30.76326],[-98.80469,30.76182],[-98.80625,30.7612],[-98.80787,30.76055],[-98.80933,30.75997],[-98.81043,30.75953],[-98.81168,30.75902],[-98.81481,30.75778],[-98.81505,30.75769],[-98.81554,30.75749],[-98.81611,30.75722],[-98.81635,30.75711],[-98.81673,30.75692],[-98.81737,30.75657],[-98.81779,30.75633],[-98.81891,30.75564],[-98.81982,30.75505],[-98.82204,30.75366],[-98.82252,30.75337],[-98.82293,30.75314],[-98.82342,30.75288],[-98.8238,30.75269],[-98.82437,30.75243],[-98.82491,30.75221],[-98.82559,30.75195],[-98.82627,30.75171],[-98.83232,30.7499],[-98.83331,30.7496],[-98.84408,30.74637],[-98.84468,30.7462],[-98.84525,30.74607],[-98.84535,30.74605],[-98.84602,30.74591],[-98.84664,30.7458],[-98.84726,30.74572],[-98.84789,30.74565],[-98.84852,30.7456],[-98.84915,30.74557],[-98.85026,30.74555],[-98.85129,30.74556],[-98.85407,30.74558],[-98.85684,30.74558],[-98.85804,30.7456],[-98.85923,30.7456],[-98.85993,30.7456],[-98.86014,30.7456],[-98.86437,30.74562],[-98.87031,30.74565],[-98.87042,30.74565],[-98.87282,30.74565],[-98.88035,30.74569],[-98.88415,30.7457],[-98.88521,30.74572],[-98.88595,30.74572],[-98.88641,30.74572],[-98.88684,30.7457],[-98.88733,30.74565],[-98.88782,30.74558],[-98.88831,30.74549],[-98.88873,30.74539],[-98.88921,30.74526],[-98.89217,30.74433],[-98.89387,30.7438],[-98.89435,30.74367],[-98.89458,30.74362],[-98.89483,30.74356],[-98.89532,30.74347],[-98.89588,30.74338],[-98.89638,30.74332],[-98.89678,30.74329],[-98.89688,30.74328],[-98.89739,30.74326],[-98.89789,30.74325],[-98.8984,30.74327],[-98.90192,30.74352],[-98.90217,30.74353],[-98.90285,30.74354],[-98.90354,30.74353],[-98.90416,30.7435],[-98.90485,30.74345],[-98.90549,30.74338],[-98.90555,30.74337],[-98.90623,30.74328],[-98.90636,30.74325],[-98.90737,30.74306],[-98.90835,30.74285],[-98.90935,30.74264],[-98.90996,30.74253],[-98.91058,30.74244],[-98.9112,30.74237],[-98.913,30.7422],[-98.91484,30.74203],[-98.91589,30.74193],[-98.91975,30.74157],[-98.92223,30.74133],[-98.92688,30.74088],[-98.92796,30.74078],[-98.9292,30.74066],[-98.93036,30.74055],[-98.93223,30.74038],[-98.93305,30.7403],[-98.94169,30.73947],[-98.94206,30.73943],[-98.94281,30.73932],[-98.94355,30.73919],[-98.94443,30.739],[-98.946,30.7386],[-98.94924,30.73779],[-98.94957,30.73771],[-98.94989,30.73765],[-98.95012,30.73761],[-98.95035,30.73757],[-98.9505,30.73755],[-98.95058,30.73755],[-98.95065,30.73754],[-98.95097,30.73751],[-98.95144,30.73749],[-98.95187,30.73749],[-98.95233,30.73749],[-98.95281,30.7375],[-98.95337,30.73751],[-98.95377,30.73751],[-98.95471,30.73753],[-98.95472,30.73645],[-98.95476,30.73419],[-98.95483,30.73325],[-98.95488,30.7321],[-98.95487,30.73096],[-98.95485,30.72974],[-98.95479,30.72845],[-98.9548,30.72539],[-98.95481,30.72526],[-98.95482,30.72064],[-98.95484,30.71973],[-98.95484,30.71909],[-98.95483,30.71705],[-98.95482,30.71635],[-98.95484,30.71348],[-98.95485,30.71174],[-98.95489,30.7093],[-98.95491,30.70799],[-98.95492,30.70686],[-98.95491,30.7066],[-98.95492,30.70644],[-98.95495,30.70628],[-98.95499,30.70613],[-98.95505,30.70597],[-98.95513,30.70583],[-98.95522,30.70569],[-98.95533,30.70556],[-98.95538,30.7055],[-98.95546,30.70542],[-98.95561,30.70532],[-98.95576,30.70522],[-98.95592,30.70514],[-98.95609,30.70507],[-98.95627,30.70502],[-98.95646,30.70499],[-98.95664,30.70497],[-98.95688,30.70497],[-98.95749,30.70498],[-98.958,30.70499],[-98.95809,30.70498],[-98.95821,30.70496],[-98.9584,30.7049],[-98.95856,30.70479],[-98.95862,30.70472],[-98.95868,30.70462],[-98.95872,30.70444],[-98.95875,30.70304],[-98.95873,30.70288],[-98.9587,30.70277],[-98.95867,30.70267],[-98.95862,30.70257],[-98.95854,30.70243],[-98.95844,30.7023],[-98.9588,30.7023],[-98.95984,30.70231],[-98.96003,30.70231],[-98.96015,30.70229],[-98.96028,30.70227],[-98.9604,30.70224],[-98.96052,30.7022],[-98.96075,30.70211],[-98.96086,30.70206],[-98.96097,30.702],[-98.96107,30.70193],[-98.96116,30.70186],[-98.96125,30.70178],[-98.96133,30.7017],[-98.9614,30.70161],[-98.96147,30.70151],[-98.96155,30.70136],[-98.96163,30.70117],[-98.9617,30.70096],[-98.96178,30.70055],[-98.96198,30.69977],[-98.96201,30.69966],[-98.96206,30.69956],[-98.96211,30.69946],[-98.96217,30.69937],[-98.96223,30.69927],[-98.96231,30.69918],[-98.96245,30.69904],[-98.96254,30.69897],[-98.96263,30.6989],[-98.96273,30.69883],[-98.96284,30.69878],[-98.9629,30.69875],[-98.96301,30.69871],[-98.96305,30.69869],[-98.96313,30.69867],[-98.96325,30.69864],[-98.96367,30.69857],[-98.96388,30.69854],[-98.96406,30.6985],[-98.96424,30.69576],[-98.96427,30.69515],[-98.96434,30.69368],[-98.96463,30.69202],[-98.96496,30.68739],[-98.96506,30.68587],[-98.96549,30.6859],[-98.9657,30.68589],[-98.96599,30.68585],[-98.96638,30.68583],[-98.96667,30.68576],[-98.96689,30.68574],[-98.96728,30.68575],[-98.96742,30.68577],[-98.96755,30.68581],[-98.96777,30.68586],[-98.9679,30.68581],[-98.96798,30.68571],[-98.96809,30.6856],[-98.96823,30.68557],[-98.96834,30.68558],[-98.96842,30.68562],[-98.96853,30.68572],[-98.96868,30.68587],[-98.96879,30.68596],[-98.96891,30.68601],[-98.96904,30.68599],[-98.96916,30.68592],[-98.96925,30.68578],[-98.96936,30.68557],[-98.96941,30.68548],[-98.96946,30.68538],[-98.96963,30.68548],[-98.9701,30.68537],[-98.97023,30.68536],[-98.9703,30.68535],[-98.97039,30.68538],[-98.97054,30.68549],[-98.97076,30.68564],[-98.97088,30.6857],[-98.97101,30.68571],[-98.97113,30.68569],[-98.97136,30.68567],[-98.97175,30.68561],[-98.97216,30.68553],[-98.97343,30.68572],[-98.97357,30.68632],[-98.97376,30.68666],[-98.97408,30.68696],[-98.97434,30.6876],[-98.97506,30.68831],[-98.97575,30.68874],[-98.97641,30.68881],[-98.97739,30.6892],[-98.97737,30.68957],[-98.97718,30.68973],[-98.97668,30.68996],[-98.97612,30.69],[-98.97612,30.69039],[-98.97692,30.69269],[-98.97708,30.69369],[-98.97702,30.69479],[-98.97676,30.69592],[-98.97673,30.6964],[-98.97628,30.69746],[-98.97417,30.69736],[-98.97374,30.69736],[-98.9733,30.69738],[-98.97265,30.69743],[-98.97107,30.69764],[-98.9681,30.698],[-98.96406,30.6985],[-98.96388,30.69854],[-98.96367,30.69857],[-98.96325,30.69864],[-98.96313,30.69867],[-98.96305,30.69869],[-98.96301,30.69871],[-98.9629,30.69875],[-98.96284,30.69878],[-98.96273,30.69883],[-98.96263,30.6989],[-98.96254,30.69897],[-98.96245,30.69904],[-98.96231,30.69918],[-98.96223,30.69927],[-98.96217,30.69937],[-98.96211,30.69946],[-98.96206,30.69956],[-98.96201,30.69966],[-98.96198,30.69977],[-98.96178,30.70055],[-98.9617,30.70096],[-98.96163,30.70117],[-98.96155,30.70136],[-98.96147,30.70151],[-98.9614,30.70161],[-98.96133,30.7017],[-98.96125,30.70178],[-98.96116,30.70186],[-98.96107,30.70193],[-98.96097,30.702],[-98.96086,30.70206],[-98.96075,30.70211],[-98.96052,30.7022],[-98.9604,30.70224],[-98.96028,30.70227],[-98.96015,30.70229],[-98.96003,30.70231],[-98.95984,30.70231],[-98.9588,30.7023],[-98.95844,30.7023],[-98.95854,30.70243],[-98.95862,30.70257],[-98.95867,30.70267],[-98.9587,30.70277],[-98.95873,30.70288],[-98.95875,30.70304],[-98.95872,30.70444],[-98.95868,30.70462],[-98.95862,30.70472],[-98.95856,30.70479],[-98.9584,30.7049],[-98.95821,30.70496],[-98.95809,30.70498],[-98.958,30.70499],[-98.95749,30.70498],[-98.95688,30.70497],[-98.95664,30.70497],[-98.95646,30.70499],[-98.95627,30.70502],[-98.95609,30.70507],[-98.95592,30.70514],[-98.95576,30.70522],[-98.95561,30.70532],[-98.95546,30.70542],[-98.95538,30.7055],[-98.95533,30.70556],[-98.95522,30.70569],[-98.95513,30.70583],[-98.95505,30.70597],[-98.95499,30.70613],[-98.95495,30.70628],[-98.95492,30.70644],[-98.95491,30.7066],[-98.95492,30.70686],[-98.95491,30.70799],[-98.95489,30.7093],[-98.95485,30.71174],[-98.95484,30.71348],[-98.95482,30.71635],[-98.95483,30.71705],[-98.95484,30.71909],[-98.95484,30.71973],[-98.95482,30.72064],[-98.95481,30.72526],[-98.9548,30.72539],[-98.95479,30.72845],[-98.95485,30.72974],[-98.95487,30.73096],[-98.95488,30.7321],[-98.95483,30.73325],[-98.95476,30.73419],[-98.95472,30.73645],[-98.95471,30.73753],[-98.9569,30.73756],[-98.9578,30.73757],[-98.95974,30.73759],[-98.96013,30.73761],[-98.9606,30.73763],[-98.96128,30.73769],[-98.96195,30.73776],[-98.96381,30.73808],[-98.96638,30.73852],[-98.96761,30.73866],[-98.96807,30.73869],[-98.96864,30.73873],[-98.97233,30.73872],[-98.98165,30.73869],[-98.98436,30.73868],[-98.98552,30.7387],[-98.9863,30.73875],[-98.99002,30.73913],[-98.99688,30.73978],[-98.99878,30.73998],[-99.00014,30.74011],[-99.00817,30.74091],[-99.00895,30.74097],[-99.00961,30.74099],[-99.0103,30.74097],[-99.01109,30.74085],[-99.01168,30.74071],[-99.01246,30.74047],[-99.01418,30.73984],[-99.015,30.73959],[-99.01555,30.73948],[-99.01631,30.7394],[-99.01719,30.73936],[-99.01778,30.73934],[-99.02246,30.73917],[-99.02502,30.73907],[-99.02904,30.73892],[-99.02952,30.7389],[-99.03214,30.7388],[-99.0347,30.73868],[-99.03668,30.73862],[-99.03738,30.73861],[-99.03856,30.73866],[-99.04239,30.73882],[-99.04337,30.73885],[-99.04433,30.73881],[-99.04512,30.73875],[-99.04607,30.73864],[-99.04779,30.73843],[-99.05,30.7382],[-99.05076,30.73813],[-99.05151,30.7381],[-99.05232,30.7381],[-99.05492,30.7381],[-99.06902,30.73813],[-99.07412,30.7382],[-99.07468,30.73821],[-99.07734,30.73824],[-99.08589,30.73838],[-99.09258,30.73848],[-99.09532,30.73852],[-99.10074,30.73851],[-99.10652,30.73851],[-99.10904,30.73851],[-99.11134,30.7385],[-99.11171,30.7385],[-99.11676,30.7385],[-99.11768,30.73851],[-99.11918,30.73853],[-99.11981,30.73854],[-99.12292,30.73863],[-99.12938,30.73874],[-99.1426,30.73896],[-99.14373,30.73898],[-99.15869,30.73924],[-99.16078,30.73926],[-99.16189,30.73925],[-99.17073,30.73923],[-99.17133,30.73931],[-99.17181,30.73941],[-99.17232,30.73959],[-99.17287,30.73984],[-99.17835,30.74488],[-99.17879,30.74527],[-99.17912,30.74552],[-99.17966,30.74583],[-99.17979,30.7459],[-99.18008,30.74607],[-99.18046,30.74625],[-99.18075,30.74638],[-99.18087,30.74643],[-99.18134,30.74659],[-99.18156,30.74664],[-99.18209,30.74679],[-99.18279,30.74694],[-99.18333,30.747],[-99.18355,30.74702],[-99.18525,30.7471],[-99.18598,30.74714],[-99.18634,30.74716],[-99.18824,30.74726],[-99.18831,30.74726],[-99.18908,30.74731],[-99.18995,30.74733],[-99.19034,30.74734],[-99.19142,30.74735],[-99.19301,30.74736],[-99.19458,30.74737],[-99.19687,30.74737],[-99.19892,30.74736],[-99.20189,30.74739],[-99.20282,30.7474],[-99.20358,30.7474],[-99.20503,30.74743],[-99.20823,30.74749],[-99.2094,30.74749],[-99.21119,30.74752],[-99.21146,30.74752],[-99.21189,30.74753],[-99.21263,30.74753],[-99.21404,30.74755],[-99.21559,30.74759],[-99.21713,30.74766],[-99.2191,30.74773],[-99.22012,30.74777],[-99.221,30.74779],[-99.22173,30.74782],[-99.22442,30.74792],[-99.22495,30.74794],[-99.22583,30.74797],[-99.22686,30.74802],[-99.227,30.74804],[-99.22728,30.74809],[-99.22799,30.74831],[-99.22909,30.74868],[-99.2291,30.74855],[-99.22912,30.74798]]}},{"type":"Feature","properties":{"route":"Saturday Dawn Lake Travis Loop","category":"Lakes & Rivers","color":"#2980b9","distance_mi":98.8,"waypoints":["Cedar Park (QT)","Lago Vista","Marble Falls","Round Mountain","Cypress Mill","Hamilton Pool","Bee Cave","Mansfield Dam"],"via":"RM 1431 West -> US 281 South -> East RM 962 -> Hamilton Pool Rd -> TX 71 East -> RM 620 North -> Anderson Mill Rd","source":"road-snapped","id":"saturday-dawn-lake-travis-loop"},"geometry":{"type":"LineString","coordinates":[[-97.87022,30.51578],[-97.87078,30.51569],[-97.87132,30.51555],[-97.87185,30.51538],[-97.8719,30.51536],[-97.87323,30.51493],[-97.87501,30.51435],[-97.87677,30.51377],[-97.87684,30.51374],[-97.87752,30.51353],[-97.8782,30.5133],[-97.87892,30.51306],[-97.87921,30.51296],[-97.87925,30.51295],[-97.87986,30.51274],[-97.88039,30.51256],[-97.88144,30.51223],[-97.88185,30.5121],[-97.88235,30.51199],[-97.88283,30.51193],[-97.88324,30.51193],[-97.88365,30.51198],[-97.88403,30.51205],[-97.88441,30.51214],[-97.88499,30.51239],[-97.88541,30.51265],[-97.88544,30.51266],[-97.88589,30.51297],[-97.88631,30.51343],[-97.88653,30.51374],[-97.88672,30.51408],[-97.88683,30.51436],[-97.88699,30.51475],[-97.88716,30.5151],[-97.88732,30.5154],[-97.88755,30.51573],[-97.88761,30.51579],[-97.88782,30.51598],[-97.88804,30.51613],[-97.88911,30.51707],[-97.88931,30.51724],[-97.88949,30.51739],[-97.88974,30.51753],[-97.89012,30.51772],[-97.89064,30.5179],[-97.89096,30.51797],[-97.89116,30.51801],[-97.89353,30.51837],[-97.89421,30.51854],[-97.89495,30.5188],[-97.89554,30.51906],[-97.8966,30.51953],[-97.8967,30.51958],[-97.89691,30.51967],[-97.89705,30.51973],[-97.89731,30.51984],[-97.89737,30.51985],[-97.89764,30.51992],[-97.89797,30.51995],[-97.89836,30.51993],[-97.89874,30.51985],[-97.9006,30.51927],[-97.90167,30.51901],[-97.90196,30.51894],[-97.90273,30.51878],[-97.90299,30.51872],[-97.90324,30.51867],[-97.90342,30.51862],[-97.904,30.51847],[-97.90479,30.5183],[-97.90509,30.51821],[-97.90554,30.51807],[-97.90582,30.51796],[-97.90622,30.51776],[-97.90647,30.51761],[-97.90673,30.51746],[-97.90703,30.51728],[-97.90819,30.5166],[-97.9084,30.51649],[-97.90897,30.51618],[-97.90908,30.51612],[-97.90937,30.51592],[-97.9096,30.51569],[-97.90971,30.51555],[-97.90984,30.51536],[-97.91025,30.51441],[-97.91066,30.51344],[-97.91129,30.51205],[-97.91136,30.5119],[-97.91149,30.51162],[-97.91173,30.51113],[-97.91196,30.51043],[-97.91199,30.51033],[-97.91204,30.51013],[-97.91208,30.50996],[-97.91215,30.50956],[-97.91243,30.50801],[-97.91245,30.50788],[-97.9127,30.50714],[-97.91296,30.50649],[-97.91302,30.50634],[-97.91322,30.50591],[-97.91355,30.50539],[-97.91392,30.50484],[-97.91429,30.50437],[-97.91474,30.50396],[-97.9154,30.50342],[-97.91557,30.50332],[-97.91606,30.50312],[-97.9164,30.50304],[-97.91645,30.50303],[-97.91675,30.503],[-97.91715,30.503],[-97.91721,30.50301],[-97.91845,30.50308],[-97.9188,30.50308],[-97.9191,30.50303],[-97.91938,30.50294],[-97.91965,30.50283],[-97.91999,30.50261],[-97.92027,30.5024],[-97.92046,30.50221],[-97.92071,30.50182],[-97.92112,30.50114],[-97.92148,30.50061],[-97.92199,30.49988],[-97.92251,30.49909],[-97.92272,30.4988],[-97.92294,30.49845],[-97.92302,30.49828],[-97.92309,30.49814],[-97.92344,30.49742],[-97.92359,30.49712],[-97.92375,30.49674],[-97.92384,30.49653],[-97.92398,30.49626],[-97.92435,30.49547],[-97.9245,30.49512],[-97.92457,30.49483],[-97.92458,30.49461],[-97.92458,30.49453],[-97.92457,30.49445],[-97.92451,30.49424],[-97.92442,30.49402],[-97.92434,30.49385],[-97.92409,30.49329],[-97.924,30.49308],[-97.92385,30.49272],[-97.92374,30.49237],[-97.92369,30.49214],[-97.92368,30.49194],[-97.9237,30.49176],[-97.9238,30.49139],[-97.92397,30.49106],[-97.92401,30.49099],[-97.92422,30.49068],[-97.92445,30.49045],[-97.92475,30.49024],[-97.92507,30.49009],[-97.92679,30.48944],[-97.92736,30.48923],[-97.9277,30.4891],[-97.92783,30.48904],[-97.9281,30.4889],[-97.92838,30.48869],[-97.92867,30.48843],[-97.92894,30.48808],[-97.92905,30.4879],[-97.92919,30.48763],[-97.92932,30.48717],[-97.92945,30.48671],[-97.92951,30.48653],[-97.92957,30.48636],[-97.92976,30.48601],[-97.9298,30.48595],[-97.92989,30.48579],[-97.93013,30.4854],[-97.93042,30.4849],[-97.93102,30.48395],[-97.93155,30.48326],[-97.93157,30.48324],[-97.93186,30.48289],[-97.93216,30.48263],[-97.93257,30.48235],[-97.93294,30.48218],[-97.93337,30.48203],[-97.93356,30.482],[-97.93378,30.48196],[-97.93406,30.48194],[-97.93424,30.48194],[-97.93487,30.48195],[-97.93527,30.48198],[-97.93576,30.48195],[-97.93624,30.4819],[-97.93675,30.48176],[-97.93726,30.48157],[-97.93847,30.48113],[-97.93954,30.48073],[-97.94034,30.48048],[-97.94183,30.48008],[-97.94375,30.47958],[-97.94468,30.47937],[-97.947,30.47879],[-97.94787,30.47861],[-97.94923,30.47833],[-97.94975,30.4782],[-97.95159,30.47777],[-97.95193,30.47768],[-97.95201,30.47767],[-97.95304,30.47743],[-97.95344,30.47734],[-97.95489,30.47701],[-97.95503,30.47698],[-97.95514,30.47695],[-97.95557,30.47685],[-97.95584,30.4768],[-97.95609,30.47674],[-97.95668,30.4766],[-97.95705,30.47651],[-97.95738,30.4764],[-97.95767,30.47629],[-97.95796,30.47617],[-97.95828,30.47602],[-97.95851,30.47589],[-97.95887,30.47569],[-97.95892,30.47566],[-97.95932,30.47536],[-97.96096,30.47372],[-97.96135,30.47338],[-97.96167,30.47312],[-97.96215,30.47282],[-97.96266,30.47261],[-97.96354,30.47232],[-97.96635,30.47153],[-97.96648,30.47149],[-97.96743,30.47122],[-97.96855,30.4709],[-97.96906,30.47082],[-97.96956,30.47081],[-97.97016,30.47089],[-97.97062,30.47101],[-97.97097,30.47111],[-97.97132,30.4713],[-97.97252,30.47215],[-97.97252,30.47215],[-97.97286,30.47242],[-97.97356,30.47293],[-97.9737,30.47303],[-97.97397,30.47333],[-97.974,30.47337],[-97.97407,30.47345],[-97.97428,30.47376],[-97.97429,30.47376],[-97.97445,30.47415],[-97.97455,30.47456],[-97.97457,30.47472],[-97.9746,30.475],[-97.97461,30.47505],[-97.97463,30.47536],[-97.97464,30.47545],[-97.97471,30.47603],[-97.97473,30.47616],[-97.97482,30.47689],[-97.97494,30.4775],[-97.97501,30.47773],[-97.97511,30.47803],[-97.97543,30.47906],[-97.97552,30.47931],[-97.97566,30.47961],[-97.97588,30.48001],[-97.97595,30.48011],[-97.97614,30.48036],[-97.9765,30.48073],[-97.97747,30.48145],[-97.97767,30.48164],[-97.97788,30.48196],[-97.97802,30.48229],[-97.97808,30.48256],[-97.97808,30.48293],[-97.97803,30.48321],[-97.97791,30.48352],[-97.97778,30.48377],[-97.97759,30.48398],[-97.97756,30.48401],[-97.97732,30.48425],[-97.97632,30.48502],[-97.97524,30.48593],[-97.97504,30.48614],[-97.97492,30.48636],[-97.97483,30.48659],[-97.97477,30.48687],[-97.97479,30.48706],[-97.97484,30.48731],[-97.9749,30.48747],[-97.97507,30.48776],[-97.97551,30.48823],[-97.97602,30.48874],[-97.97639,30.48906],[-97.977,30.48946],[-97.97713,30.48956],[-97.97756,30.48983],[-97.97879,30.49061],[-97.97903,30.49083],[-97.97922,30.49107],[-97.97937,30.49133],[-97.97944,30.49157],[-97.97951,30.49191],[-97.97955,30.49259],[-97.97956,30.4929],[-97.97954,30.49331],[-97.9795,30.49366],[-97.97944,30.49399],[-97.9793,30.49445],[-97.97906,30.49515],[-97.979,30.49545],[-97.97899,30.49574],[-97.97901,30.4959],[-97.97911,30.49625],[-97.97919,30.49648],[-97.9793,30.49669],[-97.97957,30.49705],[-97.97973,30.49722],[-97.97992,30.49737],[-97.98084,30.4979],[-97.98119,30.49804],[-97.98151,30.49811],[-97.98174,30.49812],[-97.98211,30.49808],[-97.98242,30.498],[-97.98276,30.49783],[-97.98336,30.4974],[-97.98369,30.49724],[-97.98402,30.49715],[-97.98436,30.4971],[-97.98474,30.49708],[-97.98507,30.49711],[-97.98544,30.49719],[-97.98585,30.49736],[-97.9861,30.4975],[-97.98638,30.49772],[-97.98675,30.49815],[-97.98714,30.49873],[-97.98737,30.49907],[-97.98765,30.4994],[-97.98831,30.50003],[-97.98847,30.50018],[-97.98863,30.50042],[-97.98874,30.50072],[-97.98876,30.501],[-97.98872,30.50137],[-97.98869,30.50178],[-97.98871,30.50203],[-97.98877,30.50228],[-97.98892,30.50262],[-97.98914,30.50295],[-97.98936,30.50315],[-97.98956,30.50331],[-97.99035,30.5038],[-97.99062,30.50401],[-97.99096,30.50435],[-97.99123,30.50474],[-97.99146,30.50504],[-97.99168,30.50523],[-97.99202,30.50543],[-97.99234,30.50554],[-97.99311,30.5057],[-97.9936,30.50587],[-97.99396,30.50605],[-97.99478,30.50653],[-97.99567,30.50703],[-97.99608,30.50718],[-97.99638,30.50725],[-97.99674,30.50729],[-97.9971,30.50728],[-97.99747,30.50724],[-97.99806,30.50711],[-97.99843,30.50696],[-97.99868,30.50679],[-97.99894,30.50654],[-97.99916,30.50615],[-97.99965,30.50502],[-97.99982,30.50471],[-97.99997,30.50452],[-98.00021,30.5043],[-98.00047,30.50417],[-98.00079,30.50403],[-98.0011,30.50396],[-98.0014,30.50395],[-98.00147,30.50395],[-98.00183,30.504],[-98.00222,30.50413],[-98.00364,30.50487],[-98.00382,30.50497],[-98.00494,30.50552],[-98.00524,30.50567],[-98.00559,30.50579],[-98.00591,30.50584],[-98.00633,30.50585],[-98.00665,30.50582],[-98.00711,30.50569],[-98.00772,30.5054],[-98.0083,30.50509],[-98.00893,30.50466],[-98.01034,30.50343],[-98.01105,30.50286],[-98.01157,30.50258],[-98.01229,30.50222],[-98.01247,30.50213],[-98.01288,30.50194],[-98.01328,30.5018],[-98.01364,30.50171],[-98.01394,30.50165],[-98.01423,30.50161],[-98.01441,30.50159],[-98.01451,30.50158],[-98.01467,30.50157],[-98.015,30.50158],[-98.01598,30.50166],[-98.01628,30.50169],[-98.0165,30.50173],[-98.0167,30.5018],[-98.01689,30.50187],[-98.01701,30.50194],[-98.01717,30.50203],[-98.01744,30.50224],[-98.01778,30.50263],[-98.01822,30.5034],[-98.01832,30.50352],[-98.01839,30.50361],[-98.01855,30.50377],[-98.01862,30.50384],[-98.01885,30.50401],[-98.01911,30.50414],[-98.01945,30.50427],[-98.01964,30.50431],[-98.01981,30.50435],[-98.02033,30.50442],[-98.02073,30.50449],[-98.02117,30.50463],[-98.02163,30.50483],[-98.02182,30.5049],[-98.02212,30.50502],[-98.02243,30.5051],[-98.0228,30.50511],[-98.02286,30.5051],[-98.02302,30.50508],[-98.02327,30.50504],[-98.02376,30.50496],[-98.02412,30.50494],[-98.02451,30.505],[-98.02491,30.50511],[-98.02577,30.50541],[-98.0261,30.5055],[-98.02639,30.50555],[-98.02795,30.50568],[-98.02942,30.50581],[-98.03001,30.5059],[-98.03042,30.50602],[-98.031,30.50624],[-98.03191,30.50677],[-98.03226,30.50696],[-98.03252,30.50711],[-98.03362,30.50767],[-98.03427,30.50805],[-98.03456,30.50829],[-98.03568,30.50963],[-98.03591,30.50981],[-98.03612,30.50993],[-98.03632,30.51004],[-98.03669,30.51016],[-98.03691,30.51021],[-98.03727,30.51029],[-98.03803,30.51045],[-98.03887,30.5107],[-98.03925,30.51085],[-98.03963,30.51106],[-98.04003,30.51135],[-98.04036,30.51172],[-98.0406,30.51204],[-98.04084,30.51249],[-98.0414,30.5138],[-98.04144,30.5139],[-98.04171,30.51457],[-98.04267,30.51677],[-98.04282,30.51709],[-98.04309,30.51754],[-98.04325,30.51775],[-98.04341,30.51797],[-98.04499,30.51956],[-98.04547,30.52004],[-98.0459,30.52035],[-98.04602,30.52044],[-98.04656,30.5208],[-98.0471,30.52104],[-98.04795,30.52136],[-98.04996,30.52193],[-98.05325,30.52288],[-98.05412,30.52308],[-98.05439,30.52312],[-98.05454,30.52313],[-98.05523,30.52309],[-98.05591,30.52298],[-98.05639,30.52282],[-98.0566,30.5227],[-98.05707,30.52244],[-98.05766,30.52202],[-98.05873,30.52125],[-98.05943,30.52083],[-98.05996,30.52061],[-98.06064,30.52047],[-98.06092,30.52044],[-98.06102,30.52043],[-98.0616,30.52041],[-98.06266,30.52034],[-98.06378,30.5203],[-98.0641,30.52025],[-98.06458,30.52019],[-98.06525,30.52004],[-98.06697,30.51968],[-98.06774,30.51957],[-98.06886,30.51947],[-98.06945,30.51943],[-98.07144,30.51926],[-98.07225,30.51923],[-98.07267,30.51923],[-98.07325,30.51926],[-98.07393,30.51939],[-98.07459,30.51956],[-98.07524,30.51981],[-98.0777,30.52094],[-98.07781,30.52098],[-98.07907,30.52153],[-98.08043,30.52213],[-98.08189,30.52277],[-98.08335,30.52341],[-98.0836,30.52351],[-98.08436,30.52382],[-98.08537,30.52417],[-98.08653,30.52455],[-98.0878,30.52493],[-98.08865,30.52521],[-98.08914,30.52531],[-98.08953,30.52537],[-98.09126,30.52553],[-98.09194,30.5257],[-98.09224,30.52578],[-98.0926,30.52593],[-98.09414,30.5266],[-98.09445,30.52677],[-98.09521,30.52692],[-98.096,30.52708],[-98.09717,30.52712],[-98.0979,30.52714],[-98.09864,30.52717],[-98.09923,30.52728],[-98.09986,30.52749],[-98.10015,30.52764],[-98.10053,30.52785],[-98.10097,30.52819],[-98.10119,30.52846],[-98.10126,30.52855],[-98.10148,30.52884],[-98.10181,30.52946],[-98.10224,30.5303],[-98.1026,30.53086],[-98.10307,30.53139],[-98.10357,30.53175],[-98.1037,30.53185],[-98.10375,30.53187],[-98.1043,30.53208],[-98.10499,30.53229],[-98.10614,30.53248],[-98.10719,30.53272],[-98.1082,30.53322],[-98.10864,30.5336],[-98.10897,30.53397],[-98.10926,30.53444],[-98.10955,30.53513],[-98.11048,30.53726],[-98.11062,30.5376],[-98.11099,30.5384],[-98.11126,30.53897],[-98.1115,30.53946],[-98.11166,30.53992],[-98.11176,30.5403],[-98.11181,30.54059],[-98.11182,30.54077],[-98.11182,30.54081],[-98.11183,30.54099],[-98.11183,30.54119],[-98.11171,30.54196],[-98.11156,30.54242],[-98.11139,30.54272],[-98.11117,30.54313],[-98.11107,30.54334],[-98.11095,30.54356],[-98.11087,30.54371],[-98.11075,30.54392],[-98.11029,30.54479],[-98.11015,30.54506],[-98.10968,30.54593],[-98.10949,30.54659],[-98.10949,30.54741],[-98.10951,30.54748],[-98.10958,30.54774],[-98.10966,30.54801],[-98.11099,30.55047],[-98.11205,30.55245],[-98.11315,30.55449],[-98.11347,30.55528],[-98.11369,30.55585],[-98.11379,30.55626],[-98.11398,30.55693],[-98.11408,30.55726],[-98.11413,30.55744],[-98.11425,30.55791],[-98.1144,30.5585],[-98.11512,30.56131],[-98.11514,30.56137],[-98.11523,30.56166],[-98.11526,30.56177],[-98.11531,30.5619],[-98.11553,30.56249],[-98.11562,30.56264],[-98.11612,30.56356],[-98.11648,30.56414],[-98.11659,30.5643],[-98.11717,30.56524],[-98.11759,30.56593],[-98.11793,30.56652],[-98.11805,30.56675],[-98.11835,30.5672],[-98.11896,30.56815],[-98.11908,30.56833],[-98.11925,30.56853],[-98.11971,30.56904],[-98.12003,30.56938],[-98.12025,30.56959],[-98.12059,30.5699],[-98.12071,30.57001],[-98.12218,30.57137],[-98.12252,30.57171],[-98.12256,30.57174],[-98.12258,30.57177],[-98.12419,30.57325],[-98.12446,30.5735],[-98.12452,30.57355],[-98.12512,30.57411],[-98.1257,30.57469],[-98.12587,30.57486],[-98.12708,30.57609],[-98.1279,30.57684],[-98.12825,30.57713],[-98.12874,30.57746],[-98.12883,30.57753],[-98.12909,30.57771],[-98.12936,30.57784],[-98.12947,30.57789],[-98.12965,30.57797],[-98.12974,30.57801],[-98.12999,30.57809],[-98.13012,30.57813],[-98.13028,30.57817],[-98.13046,30.5782],[-98.13051,30.57821],[-98.13059,30.57822],[-98.13075,30.57824],[-98.13107,30.57826],[-98.13117,30.57825],[-98.13135,30.57825],[-98.1315,30.57824],[-98.1317,30.57822],[-98.13177,30.57822],[-98.13187,30.57821],[-98.1322,30.57814],[-98.13241,30.57808],[-98.13259,30.57801],[-98.13287,30.5779],[-98.13381,30.57739],[-98.1342,30.57708],[-98.13467,30.57656],[-98.13474,30.57648],[-98.13491,30.57626],[-98.13502,30.57608],[-98.13519,30.57575],[-98.13524,30.57562],[-98.13526,30.57559],[-98.1353,30.57549],[-98.13532,30.57539],[-98.13537,30.57522],[-98.13542,30.57498],[-98.13547,30.57455],[-98.13563,30.57283],[-98.13571,30.572],[-98.13575,30.57169],[-98.13593,30.57006],[-98.13598,30.5696],[-98.13611,30.56857],[-98.13616,30.56831],[-98.13635,30.56769],[-98.13647,30.5674],[-98.13661,30.56713],[-98.13693,30.56661],[-98.13715,30.56633],[-98.1372,30.56627],[-98.13745,30.56598],[-98.13776,30.56568],[-98.13816,30.56535],[-98.13846,30.56508],[-98.13875,30.56491],[-98.13914,30.56468],[-98.13936,30.56455],[-98.14039,30.56393],[-98.14196,30.56299],[-98.14254,30.56265],[-98.14321,30.56224],[-98.14449,30.56147],[-98.14475,30.56132],[-98.14495,30.5612],[-98.14504,30.56115],[-98.14596,30.5606],[-98.14639,30.56035],[-98.14685,30.56006],[-98.14763,30.55974],[-98.14778,30.55968],[-98.14845,30.55946],[-98.14924,30.55932],[-98.14978,30.55925],[-98.1504,30.55922],[-98.15254,30.55918],[-98.15488,30.55913],[-98.15512,30.55913],[-98.15567,30.55913],[-98.15625,30.55913],[-98.15672,30.55912],[-98.15874,30.55909],[-98.15898,30.55907],[-98.15922,30.55904],[-98.15945,30.55898],[-98.15968,30.55892],[-98.1599,30.55884],[-98.16149,30.55814],[-98.16171,30.55804],[-98.16198,30.55792],[-98.16222,30.55783],[-98.1625,30.55776],[-98.16269,30.55772],[-98.16305,30.55767],[-98.16335,30.55764],[-98.16349,30.55764],[-98.16366,30.55764],[-98.16378,30.55764],[-98.16408,30.55768],[-98.16506,30.55789],[-98.16641,30.55814],[-98.16725,30.55839],[-98.16752,30.55848],[-98.16778,30.55858],[-98.16803,30.55869],[-98.1683,30.55886],[-98.16837,30.55891],[-98.16866,30.55912],[-98.16935,30.55968],[-98.17018,30.56033],[-98.17048,30.56058],[-98.17067,30.56077],[-98.17093,30.56113],[-98.171,30.56127],[-98.17114,30.56148],[-98.17125,30.56174],[-98.17141,30.56227],[-98.17155,30.56281],[-98.17176,30.56372],[-98.17214,30.56579],[-98.17221,30.56611],[-98.17233,30.56668],[-98.17233,30.56673],[-98.17243,30.56717],[-98.17253,30.56765],[-98.17258,30.56815],[-98.17259,30.5687],[-98.17255,30.56914],[-98.17248,30.56946],[-98.17246,30.56957],[-98.17231,30.57003],[-98.17213,30.57038],[-98.172,30.57062],[-98.17189,30.57087],[-98.1716,30.57132],[-98.17152,30.57145],[-98.17084,30.57251],[-98.17033,30.5733],[-98.17027,30.5734],[-98.16983,30.5741],[-98.16963,30.57454],[-98.16952,30.57488],[-98.16945,30.57518],[-98.16942,30.5754],[-98.16946,30.57574],[-98.1695,30.57602],[-98.16962,30.57645],[-98.16975,30.57681],[-98.16989,30.57709],[-98.17001,30.57728],[-98.17016,30.57748],[-98.17037,30.57774],[-98.17047,30.57787],[-98.17066,30.57811],[-98.17078,30.57825],[-98.17113,30.57869],[-98.17165,30.57935],[-98.17184,30.57973],[-98.172,30.58012],[-98.17236,30.58141],[-98.17237,30.58147],[-98.17265,30.58248],[-98.17267,30.58254],[-98.17272,30.58272],[-98.17274,30.58281],[-98.1734,30.58512],[-98.17346,30.5854],[-98.17349,30.58556],[-98.17351,30.58563],[-98.17354,30.58611],[-98.17357,30.5865],[-98.17365,30.58759],[-98.17376,30.58801],[-98.17377,30.58807],[-98.17398,30.58845],[-98.17423,30.58887],[-98.17449,30.58916],[-98.17459,30.58926],[-98.17477,30.58947],[-98.17508,30.5897],[-98.17539,30.58988],[-98.17553,30.58997],[-98.17576,30.59007],[-98.17608,30.59021],[-98.1764,30.5903],[-98.17677,30.59038],[-98.17712,30.59041],[-98.17751,30.59042],[-98.17781,30.59041],[-98.17813,30.59038],[-98.17844,30.59033],[-98.1789,30.5902],[-98.17937,30.59],[-98.17943,30.58997],[-98.17989,30.58971],[-98.1802,30.58943],[-98.18043,30.58921],[-98.1812,30.58845],[-98.18158,30.58809],[-98.18201,30.5878],[-98.18248,30.58754],[-98.18295,30.58734],[-98.18343,30.58722],[-98.18389,30.58715],[-98.18391,30.58714],[-98.1844,30.5871],[-98.18586,30.58698],[-98.18628,30.58694],[-98.18714,30.58687],[-98.18872,30.58673],[-98.18896,30.58671],[-98.19003,30.58665],[-98.19045,30.58664],[-98.19088,30.58666],[-98.19129,30.5867],[-98.19183,30.58684],[-98.19228,30.58704],[-98.19276,30.58727],[-98.19332,30.58752],[-98.19352,30.58759],[-98.19388,30.58769],[-98.19428,30.58775],[-98.19507,30.58777],[-98.19557,30.58784],[-98.19601,30.58794],[-98.19676,30.5881],[-98.19722,30.5882],[-98.19811,30.5884],[-98.19875,30.58854],[-98.19986,30.5887],[-98.20063,30.58874],[-98.2018,30.58867],[-98.20309,30.58858],[-98.20391,30.58853],[-98.20458,30.58841],[-98.20515,30.58827],[-98.20516,30.58827],[-98.20581,30.58802],[-98.20761,30.58726],[-98.20858,30.58684],[-98.2091,30.58669],[-98.20952,30.58663],[-98.20961,30.58661],[-98.21085,30.58658],[-98.21307,30.58653],[-98.21463,30.58643],[-98.21572,30.58638],[-98.21605,30.58636],[-98.21721,30.58629],[-98.2181,30.58622],[-98.21848,30.58618],[-98.2194,30.58607],[-98.22094,30.58587],[-98.22194,30.58575],[-98.22257,30.58565],[-98.22263,30.58564],[-98.22316,30.58546],[-98.22345,30.58537],[-98.22375,30.58526],[-98.22412,30.58508],[-98.22444,30.5849],[-98.22562,30.58419],[-98.22621,30.58376],[-98.22652,30.58348],[-98.22656,30.58344],[-98.22676,30.58324],[-98.22801,30.58176],[-98.22881,30.58074],[-98.22928,30.5802],[-98.2298,30.57956],[-98.2304,30.57898],[-98.23064,30.57876],[-98.2322,30.57736],[-98.23266,30.57691],[-98.23336,30.57613],[-98.2337,30.57559],[-98.23408,30.57508],[-98.2341,30.57505],[-98.23431,30.57473],[-98.23604,30.57205],[-98.23621,30.57181],[-98.23653,30.5714],[-98.23667,30.57128],[-98.23684,30.57115],[-98.23707,30.57101],[-98.23709,30.571],[-98.2373,30.5709],[-98.23746,30.57082],[-98.23773,30.57074],[-98.23797,30.57069],[-98.23823,30.57067],[-98.23839,30.57067],[-98.23862,30.57066],[-98.23872,30.57067],[-98.23889,30.57068],[-98.23899,30.5707],[-98.23922,30.57074],[-98.23962,30.57084],[-98.23976,30.57089],[-98.24027,30.57102],[-98.24081,30.57115],[-98.24176,30.57138],[-98.24198,30.57143],[-98.24383,30.57192],[-98.24407,30.57199],[-98.24434,30.57209],[-98.2446,30.57222],[-98.24495,30.57242],[-98.24553,30.57274],[-98.24597,30.57295],[-98.24623,30.57303],[-98.24645,30.57308],[-98.24686,30.57314],[-98.24775,30.57327],[-98.24919,30.57343],[-98.2494,30.57347],[-98.24961,30.57352],[-98.24975,30.57355],[-98.24993,30.5736],[-98.25027,30.57368],[-98.25048,30.57375],[-98.25106,30.57401],[-98.25181,30.57434],[-98.25369,30.5752],[-98.25376,30.57523],[-98.25382,30.57526],[-98.25509,30.57582],[-98.25543,30.57596],[-98.25549,30.57599],[-98.25591,30.57617],[-98.25598,30.5762],[-98.25647,30.57641],[-98.25671,30.57649],[-98.25698,30.57656],[-98.25722,30.5766],[-98.25754,30.57662],[-98.25779,30.57662],[-98.25791,30.57662],[-98.25795,30.57662],[-98.25833,30.57659],[-98.25871,30.57655],[-98.25887,30.57654],[-98.25965,30.57641],[-98.26061,30.57629],[-98.26315,30.5759],[-98.26336,30.57587],[-98.26346,30.57586],[-98.2636,30.57584],[-98.26394,30.57579],[-98.2641,30.57577],[-98.26443,30.57572],[-98.26492,30.57566],[-98.26508,30.57563],[-98.26608,30.57548],[-98.26623,30.57546],[-98.26632,30.57545],[-98.26638,30.57544],[-98.2665,30.57544],[-98.26662,30.57544],[-98.26694,30.57548],[-98.26723,30.57554],[-98.26741,30.57562],[-98.26758,30.5757],[-98.2681,30.57597],[-98.26813,30.57598],[-98.26866,30.57625],[-98.26922,30.57654],[-98.26927,30.57656],[-98.26976,30.57679],[-98.2709,30.57736],[-98.27199,30.57787],[-98.27225,30.578],[-98.27246,30.5781],[-98.2725,30.57812],[-98.27265,30.5782],[-98.27282,30.57829],[-98.27294,30.57834],[-98.27294,30.57805],[-98.27294,30.57779],[-98.27295,30.57771],[-98.27297,30.5775],[-98.27302,30.57713],[-98.27306,30.57691],[-98.27314,30.57657],[-98.2733,30.57609],[-98.27351,30.57563],[-98.27364,30.5754],[-98.27381,30.57509],[-98.27404,30.57476],[-98.27422,30.57447],[-98.27442,30.57418],[-98.2746,30.5739],[-98.27469,30.57375],[-98.27479,30.57361],[-98.27502,30.57326],[-98.27536,30.57276],[-98.27538,30.57273],[-98.27561,30.57236],[-98.27594,30.57183],[-98.27597,30.57176],[-98.27614,30.57137],[-98.27618,30.5712],[-98.27622,30.57103],[-98.27627,30.57079],[-98.27629,30.57061],[-98.2763,30.57049],[-98.27629,30.57026],[-98.27627,30.56999],[-98.2762,30.56976],[-98.27617,30.5695],[-98.27605,30.5692],[-98.27596,30.56894],[-98.27572,30.56829],[-98.27477,30.56573],[-98.27465,30.5654],[-98.2746,30.56528],[-98.27458,30.56518],[-98.27457,30.56504],[-98.27456,30.56483],[-98.27456,30.56475],[-98.27456,30.56458],[-98.27457,30.56448],[-98.2746,30.56432],[-98.27458,30.56409],[-98.27466,30.56386],[-98.27473,30.56373],[-98.27481,30.56358],[-98.27496,30.56334],[-98.27515,30.56305],[-98.2752,30.56298],[-98.27548,30.56262],[-98.27581,30.5621],[-98.27597,30.56177],[-98.27608,30.56137],[-98.27613,30.56109],[-98.27616,30.56086],[-98.27615,30.56059],[-98.2761,30.56022],[-98.27596,30.55976],[-98.2757,30.55925],[-98.27556,30.55906],[-98.27538,30.55882],[-98.27459,30.55783],[-98.27444,30.55759],[-98.27418,30.5571],[-98.27411,30.55694],[-98.27397,30.55651],[-98.27391,30.55626],[-98.27385,30.5559],[-98.27383,30.55546],[-98.27384,30.5552],[-98.27387,30.55492],[-98.27393,30.5546],[-98.27402,30.55428],[-98.27412,30.55399],[-98.27455,30.55294],[-98.27463,30.55276],[-98.2747,30.55259],[-98.27489,30.55216],[-98.27562,30.55039],[-98.27585,30.54978],[-98.27606,30.54916],[-98.27621,30.54866],[-98.27631,30.54832],[-98.27643,30.54783],[-98.27651,30.54749],[-98.27659,30.54716],[-98.27671,30.54663],[-98.27681,30.54613],[-98.27695,30.54557],[-98.277,30.54534],[-98.27717,30.54459],[-98.27786,30.54179],[-98.27788,30.54173],[-98.27818,30.54087],[-98.27837,30.54047],[-98.27864,30.53987],[-98.27899,30.53919],[-98.28218,30.53311],[-98.28249,30.53255],[-98.28472,30.52832],[-98.28512,30.52755],[-98.28686,30.52426],[-98.2907,30.51683],[-98.29079,30.51666],[-98.29092,30.51635],[-98.29156,30.5152],[-98.29164,30.51508],[-98.29261,30.51377],[-98.29273,30.51362],[-98.29297,30.51329],[-98.29324,30.51295],[-98.29605,30.50946],[-98.29659,30.50878],[-98.29925,30.50548],[-98.29983,30.50476],[-98.3011,30.50318],[-98.30146,30.50263],[-98.30212,30.50158],[-98.30229,30.50132],[-98.3024,30.50108],[-98.30562,30.49713],[-98.30573,30.49701],[-98.30716,30.49518],[-98.30864,30.49329],[-98.31371,30.48699],[-98.3147,30.48577],[-98.31664,30.48334],[-98.31755,30.4822],[-98.31837,30.48118],[-98.31926,30.48007],[-98.32067,30.47829],[-98.32088,30.47801],[-98.32089,30.478],[-98.32091,30.47797],[-98.32093,30.47795],[-98.32096,30.4779],[-98.32114,30.47765],[-98.32143,30.47722],[-98.32187,30.47652],[-98.32193,30.47643],[-98.32249,30.4755],[-98.32258,30.47536],[-98.3245,30.47219],[-98.32527,30.47089],[-98.32545,30.47055],[-98.32576,30.46994],[-98.32619,30.46906],[-98.32684,30.46769],[-98.32693,30.46752],[-98.32855,30.46418],[-98.33,30.46116],[-98.33011,30.46096],[-98.33022,30.46076],[-98.33038,30.46047],[-98.33067,30.45999],[-98.33099,30.45951],[-98.33133,30.45901],[-98.3322,30.45775],[-98.33259,30.45718],[-98.33274,30.45697],[-98.33296,30.45665],[-98.33309,30.45647],[-98.33365,30.45564],[-98.33418,30.45488],[-98.33487,30.45387],[-98.33512,30.4535],[-98.33697,30.45082],[-98.3373,30.4503],[-98.3376,30.44977],[-98.33789,30.44924],[-98.33813,30.44874],[-98.33836,30.44823],[-98.3384,30.44812],[-98.33855,30.44772],[-98.33873,30.4472],[-98.33889,30.44668],[-98.339,30.44624],[-98.3393,30.44509],[-98.33935,30.44486],[-98.33957,30.44401],[-98.3397,30.44346],[-98.33987,30.44288],[-98.34006,30.4423],[-98.34027,30.44174],[-98.34121,30.43947],[-98.34235,30.43673],[-98.34252,30.43632],[-98.34289,30.43544],[-98.34339,30.43425],[-98.34358,30.43379],[-98.34373,30.43344],[-98.34395,30.43291],[-98.34447,30.43166],[-98.34451,30.43156],[-98.34551,30.42915],[-98.34456,30.42914],[-98.34419,30.42915],[-98.34392,30.42916],[-98.3425,30.42921],[-98.34214,30.42922],[-98.34111,30.42926],[-98.3399,30.42931],[-98.33925,30.42934],[-98.33807,30.42937],[-98.33773,30.42938],[-98.33721,30.42939],[-98.33644,30.4294],[-98.33591,30.42941],[-98.33521,30.42943],[-98.33481,30.42944],[-98.33463,30.42943],[-98.33445,30.42941],[-98.33427,30.42937],[-98.3341,30.42932],[-98.33402,30.42929],[-98.33393,30.42925],[-98.33377,30.42917],[-98.33366,30.42912],[-98.33331,30.42899],[-98.33297,30.42887],[-98.33285,30.42884],[-98.33261,30.42877],[-98.33154,30.42853],[-98.33093,30.42839],[-98.33076,30.42834],[-98.33059,30.42827],[-98.33046,30.42821],[-98.33044,30.42819],[-98.33029,30.4281],[-98.33016,30.428],[-98.33001,30.42788],[-98.32943,30.42739],[-98.32901,30.42703],[-98.32861,30.42668],[-98.32837,30.42648],[-98.32733,30.42561],[-98.32652,30.42482],[-98.32634,30.42467],[-98.32616,30.42453],[-98.32596,30.42441],[-98.32492,30.42384],[-98.32257,30.42257],[-98.32175,30.42214],[-98.32146,30.42199],[-98.32109,30.42181],[-98.3184,30.42061],[-98.31725,30.42008],[-98.31683,30.41986],[-98.31642,30.41962],[-98.31584,30.41923],[-98.31533,30.41885],[-98.31457,30.4183],[-98.31441,30.41821],[-98.31425,30.41812],[-98.31409,30.41804],[-98.31391,30.41798],[-98.31345,30.41784],[-98.31311,30.41774],[-98.31239,30.41755],[-98.31096,30.41718],[-98.31072,30.41714],[-98.31062,30.41712],[-98.3101,30.41696],[-98.30952,30.41677],[-98.30938,30.41672],[-98.30884,30.41654],[-98.30817,30.41632],[-98.3078,30.41619],[-98.30768,30.41614],[-98.30724,30.41603],[-98.30659,30.41588],[-98.30598,30.41574],[-98.30534,30.41559],[-98.3042,30.41533],[-98.30418,30.41532],[-98.30393,30.41525],[-98.30353,30.41512],[-98.30278,30.41486],[-98.30263,30.41482],[-98.30193,30.41462],[-98.30176,30.41457],[-98.30165,30.41453],[-98.30159,30.41451],[-98.30146,30.41445],[-98.30138,30.4144],[-98.30127,30.41434],[-98.30113,30.41425],[-98.3009,30.41408],[-98.2999,30.41325],[-98.29933,30.41279],[-98.29878,30.41234],[-98.29607,30.4101],[-98.29537,30.4095],[-98.29459,30.40887],[-98.29439,30.40873],[-98.29419,30.40861],[-98.29398,30.40849],[-98.29191,30.40762],[-98.29136,30.40741],[-98.28915,30.40655],[-98.28888,30.40643],[-98.28861,30.40628],[-98.28634,30.40486],[-98.28605,30.40469],[-98.28589,30.4046],[-98.28537,30.40431],[-98.28412,30.4037],[-98.28376,30.40353],[-98.28246,30.40291],[-98.28185,30.40263],[-98.28006,30.40184],[-98.27898,30.40136],[-98.27822,30.40103],[-98.27752,30.40072],[-98.27579,30.39996],[-98.27551,30.39984],[-98.27523,30.39975],[-98.27494,30.39968],[-98.2734,30.39939],[-98.27177,30.39905],[-98.27093,30.39884],[-98.2701,30.39864],[-98.26963,30.39851],[-98.26915,30.39841],[-98.26737,30.39809],[-98.26575,30.3978],[-98.2649,30.39764],[-98.2646,30.39757],[-98.26431,30.39748],[-98.26369,30.39729],[-98.26244,30.3969],[-98.26183,30.3967],[-98.26176,30.39667],[-98.26153,30.3966],[-98.26148,30.39658],[-98.26131,30.39654],[-98.26108,30.39649],[-98.26085,30.39647],[-98.26043,30.39641],[-98.26014,30.39635],[-98.25985,30.39627],[-98.2593,30.39608],[-98.2588,30.39589],[-98.25744,30.39537],[-98.25592,30.39479],[-98.2557,30.39469],[-98.25549,30.39457],[-98.2554,30.3945],[-98.25462,30.39391],[-98.25416,30.39357],[-98.25357,30.3931],[-98.25271,30.39241],[-98.25263,30.39233],[-98.25247,30.39217],[-98.25233,30.392],[-98.2522,30.39182],[-98.25209,30.39164],[-98.25198,30.39139],[-98.25192,30.39124],[-98.25188,30.39108],[-98.25185,30.39092],[-98.25183,30.39076],[-98.25178,30.38846],[-98.25176,30.38824],[-98.25173,30.38802],[-98.25169,30.3878],[-98.25162,30.38759],[-98.25154,30.38738],[-98.25117,30.38663],[-98.25075,30.38576],[-98.2504,30.38507],[-98.25004,30.38431],[-98.25,30.38421],[-98.24997,30.38411],[-98.24994,30.384],[-98.24993,30.3839],[-98.24992,30.38379],[-98.24993,30.38363],[-98.24995,30.38315],[-98.24996,30.38269],[-98.24997,30.38242],[-98.24998,30.38226],[-98.25001,30.3821],[-98.25004,30.38199],[-98.25005,30.38194],[-98.25011,30.38179],[-98.25039,30.3812],[-98.25042,30.38115],[-98.2505,30.38106],[-98.25058,30.38098],[-98.25058,30.38098],[-98.25061,30.38095],[-98.2505,30.38085],[-98.25019,30.38056],[-98.25,30.38035],[-98.24979,30.38009],[-98.2496,30.37982],[-98.24947,30.37964],[-98.24932,30.37948],[-98.24916,30.37932],[-98.24894,30.37914],[-98.24879,30.37903],[-98.24845,30.37881],[-98.24818,30.37867],[-98.24807,30.37863],[-98.24778,30.37852],[-98.24763,30.37848],[-98.24748,30.37843],[-98.24738,30.37841],[-98.24717,30.37837],[-98.24687,30.37833],[-98.24657,30.37832],[-98.24626,30.37832],[-98.24522,30.3784],[-98.24485,30.37842],[-98.24442,30.37842],[-98.24418,30.37841],[-98.24393,30.37839],[-98.24369,30.37834],[-98.24346,30.37828],[-98.24323,30.3782],[-98.24278,30.37802],[-98.24231,30.37781],[-98.24168,30.37751],[-98.24083,30.37714],[-98.24043,30.37699],[-98.24003,30.37685],[-98.23968,30.37676],[-98.23856,30.37649],[-98.23788,30.37634],[-98.23758,30.37627],[-98.23728,30.37617],[-98.237,30.37607],[-98.23672,30.37594],[-98.23645,30.3758],[-98.23619,30.37564],[-98.23595,30.37546],[-98.23582,30.37535],[-98.23478,30.37442],[-98.23475,30.37439],[-98.23454,30.37424],[-98.23429,30.37407],[-98.23403,30.37392],[-98.23381,30.37382],[-98.2337,30.37376],[-98.23338,30.37364],[-98.23312,30.37355],[-98.23282,30.37348],[-98.23233,30.37339],[-98.23097,30.37316],[-98.22925,30.37289],[-98.22859,30.37281],[-98.22819,30.37278],[-98.22687,30.37267],[-98.22396,30.37241],[-98.22323,30.37234],[-98.22256,30.37225],[-98.22025,30.37188],[-98.21936,30.37173],[-98.21864,30.37161],[-98.2181,30.37154],[-98.21755,30.37148],[-98.21699,30.37145],[-98.21649,30.37143],[-98.21599,30.37143],[-98.21549,30.37146],[-98.21419,30.37153],[-98.21381,30.37154],[-98.21343,30.37154],[-98.21305,30.37151],[-98.21278,30.37147],[-98.21268,30.37146],[-98.21243,30.37141],[-98.21207,30.37132],[-98.21172,30.37122],[-98.21075,30.37088],[-98.21065,30.37085],[-98.20904,30.37026],[-98.20864,30.3701],[-98.20852,30.37004],[-98.20825,30.36992],[-98.20787,30.36972],[-98.2075,30.36951],[-98.20697,30.36916],[-98.20604,30.36852],[-98.20465,30.36754],[-98.20345,30.36669],[-98.20299,30.36636],[-98.20187,30.36555],[-98.20075,30.36473],[-98.19996,30.36421],[-98.19923,30.36367],[-98.19874,30.36333],[-98.19823,30.36301],[-98.1979,30.36283],[-98.1976,30.36265],[-98.19733,30.36248],[-98.19586,30.36162],[-98.1956,30.36147],[-98.19534,30.36135],[-98.19506,30.36124],[-98.19478,30.36115],[-98.19449,30.36108],[-98.1942,30.36102],[-98.19389,30.36098],[-98.19358,30.36096],[-98.19328,30.36095],[-98.19273,30.36098],[-98.19145,30.36102],[-98.18977,30.36108],[-98.18918,30.3611],[-98.18869,30.36111],[-98.18826,30.3611],[-98.18784,30.36108],[-98.18767,30.36106],[-98.18758,30.36105],[-98.18721,30.36098],[-98.18684,30.36089],[-98.18616,30.3607],[-98.18554,30.3605],[-98.18513,30.36038],[-98.18484,30.36031],[-98.18453,30.36025],[-98.1841,30.36019],[-98.18379,30.36016],[-98.18347,30.36015],[-98.18304,30.36016],[-98.18261,30.3602],[-98.18028,30.36047],[-98.17943,30.36056],[-98.17912,30.36059],[-98.17877,30.36059],[-98.17865,30.36059],[-98.17813,30.36053],[-98.17771,30.36044],[-98.1773,30.36033],[-98.1769,30.3602],[-98.1765,30.36009],[-98.17638,30.36006],[-98.17608,30.36001],[-98.17577,30.35997],[-98.17547,30.35996],[-98.17509,30.35996],[-98.17475,30.35998],[-98.17471,30.35998],[-98.17433,30.36003],[-98.17166,30.36028],[-98.17124,30.36028],[-98.17087,30.36026],[-98.17051,30.36022],[-98.17031,30.36019],[-98.16986,30.36008],[-98.16961,30.35996],[-98.16937,30.3598],[-98.16843,30.35912],[-98.16784,30.35861],[-98.16746,30.35828],[-98.16718,30.35807],[-98.16684,30.35787],[-98.16657,30.35775],[-98.16632,30.35769],[-98.1656,30.35757],[-98.16518,30.35745],[-98.16506,30.35741],[-98.1646,30.35714],[-98.16246,30.35553],[-98.16101,30.35445],[-98.16033,30.35397],[-98.15955,30.35342],[-98.15918,30.35313],[-98.15874,30.35285],[-98.15851,30.35269],[-98.15703,30.35173],[-98.157,30.35171],[-98.15581,30.35085],[-98.15561,30.35071],[-98.15466,30.35002],[-98.1544,30.34983],[-98.15409,30.34961],[-98.15092,30.34738],[-98.14804,30.34528],[-98.14661,30.34425],[-98.14591,30.34374],[-98.14553,30.34347],[-98.14535,30.34333],[-98.14518,30.34318],[-98.14508,30.34307],[-98.14494,30.34284],[-98.14487,30.34265],[-98.14473,30.34214],[-98.1446,30.34156],[-98.14456,30.34138],[-98.14452,30.34118],[-98.14448,30.34097],[-98.14445,30.34064],[-98.14445,30.34038],[-98.1445,30.34018],[-98.14457,30.33989],[-98.14468,30.33957],[-98.14496,30.33879],[-98.145,30.33861],[-98.14501,30.33852],[-98.14498,30.33836],[-98.14493,30.33825],[-98.14477,30.33801],[-98.14464,30.33787],[-98.14346,30.33667],[-98.14325,30.33653],[-98.14278,30.33633],[-98.14168,30.33593],[-98.14156,30.33589],[-98.14116,30.33577],[-98.14086,30.33567],[-98.14067,30.33571],[-98.14053,30.33576],[-98.14037,30.33588],[-98.14024,30.33611],[-98.14007,30.33646],[-98.1398,30.33798],[-98.13971,30.3385],[-98.1396,30.33883],[-98.13951,30.33903],[-98.13948,30.33942],[-98.13945,30.33965],[-98.13944,30.33977],[-98.13939,30.33985],[-98.1393,30.33991],[-98.13856,30.34015],[-98.13848,30.34018],[-98.13828,30.34025],[-98.13799,30.34042],[-98.13783,30.34064],[-98.13773,30.34087],[-98.13749,30.34147],[-98.13745,30.34154],[-98.13741,30.34158],[-98.13736,30.34161],[-98.1373,30.34161],[-98.13725,30.3416],[-98.1372,30.34157],[-98.13717,30.34152],[-98.13715,30.34146],[-98.13715,30.3414],[-98.13727,30.34044],[-98.13725,30.3402],[-98.13721,30.33999],[-98.13717,30.3399],[-98.13711,30.33985],[-98.13701,30.33983],[-98.1368,30.33987],[-98.13665,30.33994],[-98.13646,30.34005],[-98.13637,30.34011],[-98.13628,30.34016],[-98.13625,30.34019],[-98.13603,30.34035],[-98.13596,30.3404],[-98.13564,30.34068],[-98.1355,30.34077],[-98.13532,30.34082],[-98.13519,30.34084],[-98.13497,30.34084],[-98.1348,30.34081],[-98.13461,30.34076],[-98.13442,30.34068],[-98.13382,30.34031],[-98.13341,30.3401],[-98.13311,30.33997],[-98.13288,30.33992],[-98.1324,30.3399],[-98.13198,30.33993],[-98.13185,30.33991],[-98.13161,30.33988],[-98.13135,30.33979],[-98.13112,30.33966],[-98.1307,30.3394],[-98.13026,30.33902],[-98.12993,30.33858],[-98.12944,30.33793],[-98.12921,30.33754],[-98.12892,30.33692],[-98.12879,30.33665],[-98.12862,30.33644],[-98.12843,30.33627],[-98.12823,30.33614],[-98.12799,30.33602],[-98.12784,30.33597],[-98.12771,30.33593],[-98.12668,30.33578],[-98.12646,30.33572],[-98.12622,30.33562],[-98.12541,30.3352],[-98.12487,30.33492],[-98.12327,30.33409],[-98.12223,30.33355],[-98.12173,30.33329],[-98.12145,30.33318],[-98.12114,30.33308],[-98.12,30.33281],[-98.11978,30.33273],[-98.11953,30.33261],[-98.11917,30.33239],[-98.11804,30.33158],[-98.11741,30.33114],[-98.11716,30.33092],[-98.11703,30.33074],[-98.11642,30.32986],[-98.11619,30.32958],[-98.11595,30.32937],[-98.11572,30.32922],[-98.11549,30.32911],[-98.11477,30.32882],[-98.11359,30.32836],[-98.11285,30.32806],[-98.11228,30.32784],[-98.11178,30.32757],[-98.111,30.32708],[-98.11,30.32663],[-98.10918,30.32619],[-98.1089,30.32599],[-98.10861,30.32569],[-98.10847,30.32549],[-98.10831,30.32527],[-98.10785,30.32449],[-98.10771,30.32428],[-98.10753,30.32409],[-98.10725,30.32386],[-98.1063,30.32319],[-98.10556,30.32258],[-98.10522,30.32231],[-98.10505,30.32218],[-98.10495,30.32207],[-98.10418,30.32121],[-98.10342,30.32071],[-98.10185,30.31971],[-98.09983,30.31838],[-98.09909,30.31788],[-98.09859,30.31756],[-98.09817,30.31728],[-98.0974,30.31675],[-98.09591,30.31573],[-98.09441,30.31475],[-98.09302,30.31388],[-98.09264,30.31365],[-98.09207,30.31321],[-98.09144,30.31284],[-98.091,30.31257],[-98.09081,30.31243],[-98.09056,30.31215],[-98.09035,30.3118],[-98.08994,30.3108],[-98.08976,30.31007],[-98.08934,30.30881],[-98.08934,30.30799],[-98.08935,30.30736],[-98.08936,30.30732],[-98.08935,30.30674],[-98.08934,30.30613],[-98.08936,30.30604],[-98.08959,30.30518],[-98.0897,30.30482],[-98.08973,30.30469],[-98.08981,30.30439],[-98.08984,30.30388],[-98.08981,30.30373],[-98.08974,30.30335],[-98.08969,30.30306],[-98.08952,30.3024],[-98.0895,30.30224],[-98.08947,30.30205],[-98.08933,30.30126],[-98.08928,30.30102],[-98.08917,30.30039],[-98.0891,30.30023],[-98.08886,30.29969],[-98.08848,30.29915],[-98.08781,30.29811],[-98.08763,30.29781],[-98.0874,30.29741],[-98.08709,30.29699],[-98.08698,30.29684],[-98.0864,30.29596],[-98.08626,30.29579],[-98.08518,30.29466],[-98.08455,30.29397],[-98.08442,30.29384],[-98.08432,30.29378],[-98.08424,30.29374],[-98.08392,30.29356],[-98.08353,30.29334],[-98.08309,30.29318],[-98.0825,30.29296],[-98.08215,30.29283],[-98.08056,30.29226],[-98.08,30.29205],[-98.07937,30.29182],[-98.07855,30.29149],[-98.07826,30.29137],[-98.07765,30.29119],[-98.07675,30.29105],[-98.07673,30.29105],[-98.07475,30.29092],[-98.07459,30.29091],[-98.07426,30.29084],[-98.07383,30.29075],[-98.07071,30.28935],[-98.07,30.28903],[-98.06931,30.28872],[-98.06832,30.28828],[-98.06819,30.28822],[-98.06782,30.28803],[-98.06742,30.28783],[-98.06581,30.28702],[-98.06525,30.28674],[-98.06502,30.28663],[-98.06488,30.28656],[-98.06472,30.28648],[-98.06384,30.28608],[-98.06348,30.28598],[-98.06345,30.28597],[-98.06292,30.28588],[-98.06261,30.28586],[-98.06242,30.28584],[-98.06187,30.28587],[-98.06131,30.28597],[-98.06,30.28626],[-98.05898,30.28649],[-98.05884,30.28653],[-98.058,30.28673],[-98.05751,30.28684],[-98.05721,30.28692],[-98.05646,30.28705],[-98.05614,30.28711],[-98.05513,30.28724],[-98.05351,30.28735],[-98.05285,30.28739],[-98.05251,30.28745],[-98.05228,30.28749],[-98.05177,30.28764],[-98.05127,30.28786],[-98.0512,30.28788],[-98.0502,30.28841],[-98.05004,30.2885],[-98.0498,30.28863],[-98.04971,30.28868],[-98.0492,30.28896],[-98.0491,30.28901],[-98.04836,30.28942],[-98.04678,30.29029],[-98.0463,30.29053],[-98.0462,30.29056],[-98.04574,30.29073],[-98.04529,30.29086],[-98.04474,30.29098],[-98.0436,30.29119],[-98.04289,30.29133],[-98.04235,30.29143],[-98.04191,30.29149],[-98.04142,30.29152],[-98.04112,30.29152],[-98.04096,30.29151],[-98.04036,30.29147],[-98.03943,30.29134],[-98.03908,30.29129],[-98.03894,30.29128],[-98.03888,30.29128],[-98.03856,30.29127],[-98.03844,30.29126],[-98.03838,30.29126],[-98.038,30.29128],[-98.03713,30.29136],[-98.03631,30.29149],[-98.03543,30.2916],[-98.03462,30.29169],[-98.03449,30.29172],[-98.03245,30.292],[-98.03186,30.29208],[-98.03064,30.29221],[-98.02999,30.29226],[-98.02962,30.29225],[-98.02917,30.29219],[-98.02868,30.29209],[-98.02825,30.292],[-98.02482,30.29133],[-98.02355,30.29108],[-98.02326,30.29102],[-98.02272,30.29092],[-98.02234,30.29085],[-98.02198,30.29079],[-98.02162,30.29075],[-98.02131,30.29073],[-98.02103,30.29072],[-98.0208,30.29072],[-98.02061,30.29073],[-98.0204,30.29074],[-98.02018,30.29076],[-98.01995,30.29079],[-98.01974,30.29083],[-98.01955,30.29087],[-98.01937,30.29091],[-98.01922,30.29096],[-98.01908,30.29101],[-98.01889,30.29108],[-98.01871,30.29117],[-98.01851,30.29127],[-98.01835,30.29137],[-98.01817,30.29149],[-98.01802,30.29161],[-98.01788,30.29174],[-98.01775,30.29186],[-98.01763,30.29198],[-98.01751,30.29212],[-98.01739,30.29227],[-98.01729,30.29244],[-98.0172,30.29261],[-98.01713,30.29276],[-98.01683,30.29345],[-98.01662,30.29392],[-98.01654,30.29406],[-98.01647,30.29418],[-98.01638,30.29431],[-98.01624,30.29452],[-98.01612,30.29466],[-98.01599,30.29479],[-98.01584,30.29492],[-98.01571,30.29503],[-98.01558,30.29514],[-98.01546,30.29521],[-98.01529,30.29531],[-98.01513,30.2954],[-98.01499,30.29547],[-98.01483,30.29554],[-98.01463,30.29562],[-98.01448,30.29567],[-98.01436,30.2957],[-98.01421,30.29574],[-98.01402,30.29578],[-98.01387,30.2958],[-98.01375,30.29581],[-98.01321,30.29586],[-98.01071,30.29604],[-98.01018,30.29609],[-98.00985,30.29612],[-98.00959,30.29618],[-98.00935,30.29624],[-98.00913,30.29631],[-98.00891,30.29638],[-98.00871,30.29648],[-98.00852,30.29658],[-98.00838,30.29666],[-98.00819,30.29678],[-98.00802,30.29691],[-98.00781,30.29708],[-98.00766,30.29724],[-98.00751,30.29742],[-98.00735,30.29761],[-98.00712,30.29784],[-98.00699,30.29796],[-98.00686,30.29807],[-98.00668,30.29819],[-98.00652,30.2983],[-98.00635,30.2984],[-98.00614,30.2985],[-98.00593,30.29859],[-98.00574,30.29866],[-98.00553,30.29872],[-98.00533,30.29877],[-98.00415,30.29902],[-98.00232,30.29941],[-98.00216,30.29945],[-98.00199,30.29949],[-98.00181,30.29954],[-98.00162,30.2996],[-98.00139,30.29969],[-98.00117,30.29978],[-98.00094,30.29988],[-98.00077,30.29997],[-98.0006,30.30007],[-98.00041,30.30019],[-98.00022,30.30031],[-98.00009,30.30041],[-97.99998,30.30049],[-97.99974,30.30072],[-97.99942,30.30102],[-97.99921,30.30127],[-97.99913,30.30139],[-97.99895,30.30164],[-97.99885,30.30183],[-97.99877,30.30197],[-97.99852,30.30252],[-97.99846,30.30265],[-97.99805,30.30355],[-97.99781,30.30405],[-97.99761,30.30446],[-97.99743,30.30474],[-97.99727,30.30493],[-97.99713,30.3051],[-97.99693,30.30527],[-97.99676,30.30541],[-97.99658,30.30552],[-97.99641,30.30563],[-97.99611,30.30578],[-97.99591,30.30588],[-97.99557,30.30606],[-97.99545,30.3061],[-97.99509,30.30628],[-97.99479,30.30643],[-97.99387,30.30688],[-97.99341,30.30711],[-97.99337,30.30712],[-97.99303,30.3073],[-97.9927,30.30747],[-97.99253,30.30755],[-97.99237,30.30762],[-97.99217,30.30771],[-97.99172,30.30786],[-97.99136,30.30794],[-97.991,30.30799],[-97.99042,30.30799],[-97.98992,30.30797],[-97.98962,30.30795],[-97.98941,30.30794],[-97.98918,30.30793],[-97.9884,30.3079],[-97.98803,30.30789],[-97.98796,30.30789],[-97.98716,30.30786],[-97.98699,30.30785],[-97.98679,30.30787],[-97.98661,30.30785],[-97.98645,30.30786],[-97.98613,30.30786],[-97.98599,30.30786],[-97.98568,30.30785],[-97.98511,30.30783],[-97.98469,30.30782],[-97.98447,30.30782],[-97.98395,30.30779],[-97.98354,30.30772],[-97.98332,30.30766],[-97.98324,30.30764],[-97.98318,30.30762],[-97.9829,30.30751],[-97.9826,30.30737],[-97.98212,30.30709],[-97.98173,30.30682],[-97.98128,30.30657],[-97.98127,30.30657],[-97.98079,30.30641],[-97.9803,30.30631],[-97.97979,30.30624],[-97.97935,30.30623],[-97.97925,30.30623],[-97.97872,30.30627],[-97.9782,30.30637],[-97.97801,30.30643],[-97.97777,30.30651],[-97.97744,30.30665],[-97.97688,30.3069],[-97.97676,30.30694],[-97.97639,30.30706],[-97.97591,30.30719],[-97.97536,30.30728],[-97.97491,30.30731],[-97.97477,30.30733],[-97.97417,30.30733],[-97.97363,30.30729],[-97.97316,30.30723],[-97.97281,30.30718],[-97.97233,30.30712],[-97.9721,30.30709],[-97.97192,30.30707],[-97.97158,30.30704],[-97.97146,30.30705],[-97.97118,30.30706],[-97.97092,30.30709],[-97.97061,30.30716],[-97.97026,30.30723],[-97.97024,30.30724],[-97.97005,30.3073],[-97.96978,30.3074],[-97.96914,30.30772],[-97.96681,30.30886],[-97.96662,30.30895],[-97.96641,30.30907],[-97.96613,30.30926],[-97.96598,30.30939],[-97.9657,30.30953],[-97.96557,30.30964],[-97.96553,30.30969],[-97.96538,30.30982],[-97.96531,30.30985],[-97.96513,30.30988],[-97.96473,30.30986],[-97.9639,30.30969],[-97.96388,30.30968],[-97.96369,30.30964],[-97.96338,30.30958],[-97.96319,30.30954],[-97.96302,30.30951],[-97.96297,30.3095],[-97.96248,30.30939],[-97.96203,30.3093],[-97.96156,30.3092],[-97.96151,30.30919],[-97.96122,30.30913],[-97.96106,30.30909],[-97.96057,30.30899],[-97.96021,30.30891],[-97.95984,30.30883],[-97.95946,30.30875],[-97.95735,30.3083],[-97.95662,30.30816],[-97.95619,30.30809],[-97.95556,30.30803],[-97.95511,30.308],[-97.95462,30.308],[-97.9541,30.308],[-97.95281,30.30808],[-97.95225,30.30812],[-97.95114,30.30818],[-97.95078,30.30821],[-97.9503,30.30823],[-97.94983,30.30826],[-97.94945,30.30829],[-97.94903,30.30831],[-97.94859,30.30829],[-97.94783,30.30834],[-97.94784,30.30846],[-97.94788,30.30889],[-97.94788,30.3089],[-97.94789,30.30909],[-97.94789,30.30928],[-97.94788,30.30932],[-97.94788,30.30938],[-97.94785,30.30948],[-97.94778,30.30958],[-97.94765,30.30967],[-97.94758,30.3097],[-97.9475,30.30972],[-97.94734,30.30975],[-97.94718,30.30979],[-97.9472,30.30985],[-97.94722,30.3099],[-97.94723,30.30995],[-97.94724,30.30998],[-97.94725,30.3101],[-97.94728,30.31038],[-97.94707,30.31039],[-97.94709,30.31049],[-97.94708,30.31066],[-97.947,30.31078],[-97.94693,30.31084],[-97.94691,30.31085],[-97.94675,30.31095],[-97.94652,30.31107],[-97.94619,30.31124],[-97.94622,30.31132],[-97.94637,30.31161],[-97.94646,30.31181],[-97.94689,30.31237],[-97.94691,30.3124],[-97.94718,30.31267],[-97.9472,30.31269],[-97.94727,30.31276],[-97.9473,30.31279],[-97.94787,30.31337],[-97.94821,30.31372],[-97.9485,30.31402],[-97.94853,30.31405],[-97.94879,30.31442],[-97.94904,30.31481],[-97.94905,30.31482],[-97.94911,30.31495],[-97.94917,30.31505],[-97.94922,30.31515],[-97.94927,30.31525],[-97.94941,30.31553],[-97.94943,30.3156],[-97.94952,30.31588],[-97.94964,30.31628],[-97.94966,30.31637],[-97.9497,30.31649],[-97.94997,30.3173],[-97.95008,30.31752],[-97.95022,30.3178],[-97.95033,30.31793],[-97.95047,30.31811],[-97.95065,30.31834],[-97.95093,30.31857],[-97.95129,30.31888],[-97.95152,30.31904],[-97.9518,30.31924],[-97.95254,30.31974],[-97.95277,30.3199],[-97.95296,30.32002],[-97.95338,30.3203],[-97.95383,30.3206],[-97.95419,30.32084],[-97.95426,30.3209],[-97.95509,30.32148],[-97.95546,30.32176],[-97.95565,30.322],[-97.95585,30.32223],[-97.95603,30.32248],[-97.95669,30.32342],[-97.95685,30.32363],[-97.95699,30.32384],[-97.95706,30.32392],[-97.95707,30.32394],[-97.95723,30.32414],[-97.95733,30.32426],[-97.95738,30.32431],[-97.95754,30.32448],[-97.95775,30.32471],[-97.95812,30.32495],[-97.95824,30.32501],[-97.95863,30.3252],[-97.95879,30.32526],[-97.95908,30.32537],[-97.95939,30.32543],[-97.95953,30.32546],[-97.96017,30.3256],[-97.96064,30.3257],[-97.96158,30.3259],[-97.96221,30.32608],[-97.96279,30.32627],[-97.96321,30.32646],[-97.96361,30.32675],[-97.9638,30.3269],[-97.96394,30.32705],[-97.96404,30.32715],[-97.96429,30.32746],[-97.96433,30.32751],[-97.96442,30.32762],[-97.96517,30.32858],[-97.96572,30.32928],[-97.96641,30.32991],[-97.96693,30.33044],[-97.96711,30.33071],[-97.96729,30.33099],[-97.96737,30.33117],[-97.96759,30.33162],[-97.96797,30.33244],[-97.96801,30.33256],[-97.96832,30.33324],[-97.96889,30.3345],[-97.96894,30.3346],[-97.96937,30.33547],[-97.96956,30.33596],[-97.96976,30.33664],[-97.96986,30.33725],[-97.96988,30.33788],[-97.96985,30.33841],[-97.96976,30.33881],[-97.96944,30.33969],[-97.96918,30.34013],[-97.96869,30.34085],[-97.96861,30.34095],[-97.96854,30.34105],[-97.96808,30.34168],[-97.96797,30.34182],[-97.96781,30.34204],[-97.96775,30.34212],[-97.9673,30.34275],[-97.96725,30.34282],[-97.9671,30.34301],[-97.96706,30.34308],[-97.96697,30.34319],[-97.96679,30.34344],[-97.96658,30.34376],[-97.96616,30.34431],[-97.9657,30.34498],[-97.96562,30.34508],[-97.96551,30.34514],[-97.96523,30.34555],[-97.96513,30.34568],[-97.96504,30.34582],[-97.96493,30.34597],[-97.96486,30.34606],[-97.96474,30.34624],[-97.96448,30.3467],[-97.96443,30.34677],[-97.96429,30.34705],[-97.96416,30.34733],[-97.96403,30.34765],[-97.96397,30.34783],[-97.96382,30.34834],[-97.96379,30.34841],[-97.96376,30.34851],[-97.9637,30.34877],[-97.96367,30.34886],[-97.96359,30.34911],[-97.96353,30.34941],[-97.96351,30.34952],[-97.96347,30.34963],[-97.96342,30.34984],[-97.96337,30.34999],[-97.96329,30.35032],[-97.96317,30.35078],[-97.96306,30.35115],[-97.96291,30.35156],[-97.96288,30.35165],[-97.96284,30.35173],[-97.96276,30.35187],[-97.96265,30.3521],[-97.9626,30.35218],[-97.9622,30.35287],[-97.96196,30.35331],[-97.96156,30.35402],[-97.96154,30.35411],[-97.96145,30.35425],[-97.96122,30.35448],[-97.96084,30.35491],[-97.96072,30.35504],[-97.9606,30.35515],[-97.96053,30.35523],[-97.95981,30.35599],[-97.95866,30.35714],[-97.95843,30.35735],[-97.95822,30.35744],[-97.95802,30.35758],[-97.95763,30.3578],[-97.95698,30.35809],[-97.9569,30.35812],[-97.95652,30.35828],[-97.95623,30.35841],[-97.95559,30.35869],[-97.95535,30.35879],[-97.95524,30.35885],[-97.95514,30.35896],[-97.95479,30.35917],[-97.95449,30.35941],[-97.95426,30.35967],[-97.95407,30.35989],[-97.95395,30.36006],[-97.95383,30.36025],[-97.95366,30.36059],[-97.95347,30.3611],[-97.95325,30.36162],[-97.95304,30.36212],[-97.95284,30.36259],[-97.95246,30.36348],[-97.95226,30.36398],[-97.95218,30.36421],[-97.95201,30.36464],[-97.95196,30.36476],[-97.95193,30.36483],[-97.9519,30.3649],[-97.95178,30.3651],[-97.95171,30.36522],[-97.95161,30.36539],[-97.95144,30.36569],[-97.95137,30.3658],[-97.95135,30.36584],[-97.95126,30.36598],[-97.95113,30.36618],[-97.9511,30.36622],[-97.95092,30.3665],[-97.95081,30.36668],[-97.95066,30.3669],[-97.95054,30.36709],[-97.9504,30.3673],[-97.9503,30.36746],[-97.94984,30.36811],[-97.94944,30.36877],[-97.94915,30.36922],[-97.94904,30.36939],[-97.94873,30.36986],[-97.94858,30.37011],[-97.94833,30.37058],[-97.94801,30.37129],[-97.94793,30.37156],[-97.94784,30.37184],[-97.94773,30.37229],[-97.94758,30.37284],[-97.94721,30.37423],[-97.94718,30.37432],[-97.94701,30.37501],[-97.94686,30.37556],[-97.9468,30.37582],[-97.94673,30.37607],[-97.94662,30.37652],[-97.94652,30.3769],[-97.94632,30.37764],[-97.9463,30.37769],[-97.94625,30.37783],[-97.94616,30.37812],[-97.94604,30.37842],[-97.94593,30.37868],[-97.94573,30.37908],[-97.94563,30.37928],[-97.94529,30.37982],[-97.94483,30.38043],[-97.94441,30.38093],[-97.94417,30.38121],[-97.94407,30.38133],[-97.94402,30.38139],[-97.94388,30.38156],[-97.94383,30.38162],[-97.94369,30.38179],[-97.9436,30.3819],[-97.94356,30.38197],[-97.94332,30.38232],[-97.94324,30.38251],[-97.94315,30.38272],[-97.94301,30.38324],[-97.94301,30.38328],[-97.943,30.38332],[-97.94298,30.38341],[-97.94292,30.38378],[-97.94277,30.38462],[-97.94272,30.38522],[-97.94272,30.38528],[-97.94272,30.38533],[-97.94271,30.38597],[-97.94268,30.38618],[-97.94267,30.38629],[-97.94262,30.38645],[-97.94257,30.38674],[-97.9424,30.3871],[-97.94225,30.3874],[-97.94164,30.38825],[-97.94142,30.38858],[-97.94105,30.38914],[-97.94081,30.38945],[-97.94072,30.38957],[-97.94041,30.38984],[-97.94015,30.39005],[-97.94006,30.39012],[-97.93977,30.39031],[-97.93891,30.39077],[-97.93882,30.39083],[-97.93857,30.39097],[-97.9383,30.39112],[-97.93732,30.39165],[-97.9371,30.39178],[-97.93676,30.392],[-97.93607,30.39247],[-97.93548,30.39297],[-97.93501,30.3934],[-97.93486,30.39353],[-97.9348,30.39358],[-97.93477,30.39361],[-97.93433,30.39412],[-97.93397,30.39454],[-97.93389,30.39463],[-97.93381,30.39472],[-97.93304,30.39566],[-97.93288,30.39586],[-97.93264,30.39612],[-97.93257,30.39619],[-97.93234,30.39644],[-97.9323,30.39648],[-97.93214,30.39661],[-97.93194,30.39677],[-97.93177,30.39687],[-97.93174,30.39689],[-97.93142,30.39708],[-97.93091,30.3973],[-97.93068,30.39741],[-97.93036,30.39751],[-97.93014,30.39756],[-97.92982,30.39761],[-97.92962,30.39763],[-97.92942,30.39765],[-97.92889,30.39764],[-97.92823,30.39757],[-97.92769,30.3975],[-97.92737,30.39745],[-97.9266,30.39733],[-97.9263,30.39728],[-97.92513,30.39707],[-97.92484,30.39702],[-97.92334,30.39681],[-97.9231,30.39679],[-97.92278,30.39676],[-97.92199,30.39671],[-97.92078,30.39669],[-97.92038,30.39669],[-97.91874,30.39668],[-97.91818,30.39666],[-97.91775,30.39662],[-97.91718,30.39652],[-97.91662,30.3964],[-97.91658,30.39639],[-97.91618,30.39625],[-97.91589,30.39616],[-97.91541,30.396],[-97.91526,30.39595],[-97.91469,30.39575],[-97.91391,30.39547],[-97.91363,30.39534],[-97.91318,30.39512],[-97.91257,30.39472],[-97.91224,30.39446],[-97.91187,30.39416],[-97.9115,30.3938],[-97.91124,30.3935],[-97.91083,30.39297],[-97.90838,30.38921],[-97.90809,30.38882],[-97.90784,30.38855],[-97.90756,30.38828],[-97.90689,30.3878],[-97.9065,30.38762],[-97.90617,30.3875],[-97.90579,30.38736],[-97.90539,30.38726],[-97.90501,30.3872],[-97.9045,30.38716],[-97.90403,30.38717],[-97.90351,30.38722],[-97.90001,30.38757],[-97.89958,30.38761],[-97.89907,30.38765],[-97.89856,30.38765],[-97.89749,30.38754],[-97.89739,30.38753],[-97.8971,30.38749],[-97.89705,30.38749],[-97.89692,30.38748],[-97.89642,30.38744],[-97.89571,30.38744],[-97.89506,30.38749],[-97.8941,30.38769],[-97.89318,30.38793],[-97.89254,30.38819],[-97.89221,30.38838],[-97.89176,30.38862],[-97.89129,30.38894],[-97.89087,30.38921],[-97.89081,30.38925],[-97.89053,30.38947],[-97.89046,30.38953],[-97.88991,30.38998],[-97.88943,30.39036],[-97.88926,30.39046],[-97.88913,30.39053],[-97.88902,30.39059],[-97.88881,30.39071],[-97.8884,30.39086],[-97.88805,30.39095],[-97.88763,30.39101],[-97.88726,30.39102],[-97.88699,30.39102],[-97.88668,30.39101],[-97.88616,30.39091],[-97.88593,30.39085],[-97.88576,30.39079],[-97.88478,30.39042],[-97.88458,30.39035],[-97.88454,30.39034],[-97.88366,30.38999],[-97.88358,30.38996],[-97.88271,30.3898],[-97.88234,30.38978],[-97.88217,30.38978],[-97.88215,30.38978],[-97.8817,30.38981],[-97.88125,30.38988],[-97.88065,30.39009],[-97.88026,30.39029],[-97.87963,30.3907],[-97.87875,30.39132],[-97.87834,30.39161],[-97.8777,30.39197],[-97.87715,30.39224],[-97.87632,30.39261],[-97.87522,30.393],[-97.87489,30.3931],[-97.87452,30.39318],[-97.87411,30.39326],[-97.86987,30.39419],[-97.86972,30.39422],[-97.86919,30.39433],[-97.869,30.39431],[-97.86808,30.39451],[-97.86693,30.39473],[-97.86675,30.39476],[-97.86547,30.395],[-97.86499,30.3951],[-97.86435,30.39522],[-97.86416,30.39531],[-97.86389,30.39536],[-97.86281,30.39562],[-97.86266,30.39567],[-97.86127,30.39609],[-97.86109,30.3961],[-97.85942,30.3966],[-97.85855,30.39688],[-97.85837,30.39695],[-97.85816,30.39704],[-97.85794,30.39715],[-97.85772,30.39729],[-97.85751,30.39745],[-97.85732,30.39762],[-97.85709,30.39787],[-97.85694,30.39809],[-97.85692,30.39821],[-97.85686,30.39832],[-97.85665,30.39871],[-97.85632,30.39933],[-97.856,30.39996],[-97.85578,30.40037],[-97.85568,30.40056],[-97.8556,30.40072],[-97.85541,30.40108],[-97.85515,30.40157],[-97.85505,30.40177],[-97.85499,30.40188],[-97.85494,30.40198],[-97.85481,30.40222],[-97.85478,30.40229],[-97.8546,30.40263],[-97.85448,30.40286],[-97.85442,30.40298],[-97.85424,30.40331],[-97.85411,30.40356],[-97.85406,30.40365],[-97.85399,30.40379],[-97.85384,30.40407],[-97.85371,30.40433],[-97.85356,30.40463],[-97.85341,30.4049],[-97.85319,30.40533],[-97.8527,30.40625],[-97.85259,30.40646],[-97.85253,30.40656],[-97.85247,30.40666],[-97.85244,30.40672],[-97.85227,30.40708],[-97.85215,30.40733],[-97.85211,30.4074],[-97.85185,30.40793],[-97.85179,30.40804],[-97.85172,30.40818],[-97.85164,30.40836],[-97.85159,30.40845],[-97.85155,30.40853],[-97.85146,30.40872],[-97.85142,30.4088],[-97.85133,30.40898],[-97.8512,30.40923],[-97.8512,30.40925],[-97.85114,30.40936],[-97.85109,30.40946],[-97.85095,30.40974],[-97.8509,30.40982],[-97.8508,30.41004],[-97.85071,30.41021],[-97.85062,30.41038],[-97.85054,30.41054],[-97.85053,30.41056],[-97.85048,30.41066],[-97.85043,30.41077],[-97.85038,30.41086],[-97.85029,30.41105],[-97.85026,30.4111],[-97.85016,30.4113],[-97.84996,30.41169],[-97.84993,30.41175],[-97.84991,30.4118],[-97.84983,30.41194],[-97.84971,30.41217],[-97.84969,30.41221],[-97.84962,30.41233],[-97.84909,30.41337],[-97.84905,30.41345],[-97.84844,30.41463],[-97.84798,30.41554],[-97.84763,30.41621],[-97.84755,30.41635],[-97.84753,30.41641],[-97.84734,30.41676],[-97.84728,30.41688],[-97.84715,30.41716],[-97.84705,30.41736],[-97.847,30.41746],[-97.84693,30.41759],[-97.8469,30.41765],[-97.8468,30.41785],[-97.84652,30.41844],[-97.84645,30.41858],[-97.8464,30.41867],[-97.84626,30.41895],[-97.84614,30.41919],[-97.84583,30.4198],[-97.84563,30.42023],[-97.84555,30.42045],[-97.84528,30.42121],[-97.84516,30.42155],[-97.84506,30.42179],[-97.84504,30.42185],[-97.84501,30.42194],[-97.84498,30.42201],[-97.84465,30.42303],[-97.84463,30.42307],[-97.84449,30.4235],[-97.84407,30.42473],[-97.84404,30.4248],[-97.84349,30.42639],[-97.84338,30.4267],[-97.84332,30.42691],[-97.84317,30.42735],[-97.84313,30.42747],[-97.84295,30.42801],[-97.84276,30.42859],[-97.84275,30.42862],[-97.84272,30.4287],[-97.84267,30.42886],[-97.84264,30.42893],[-97.84243,30.42957],[-97.84238,30.42972],[-97.84207,30.43063],[-97.84198,30.43087],[-97.84173,30.43154],[-97.84146,30.43236],[-97.84143,30.43244],[-97.84124,30.43308],[-97.84119,30.43322],[-97.84094,30.43391],[-97.84082,30.43423],[-97.8407,30.43448],[-97.84063,30.43464],[-97.84054,30.43482],[-97.84041,30.43504],[-97.8403,30.43522],[-97.84016,30.43545],[-97.8399,30.43575],[-97.83958,30.43607],[-97.83903,30.43663],[-97.83898,30.43669],[-97.83878,30.4369],[-97.83856,30.43713],[-97.83847,30.43723],[-97.83823,30.43748],[-97.83763,30.43811],[-97.83756,30.43819],[-97.83725,30.43852],[-97.83724,30.43853],[-97.8367,30.43905],[-97.83659,30.43916],[-97.83626,30.4395],[-97.83577,30.44],[-97.83572,30.44006],[-97.83554,30.44021],[-97.83503,30.4407],[-97.83435,30.44144],[-97.83404,30.44185],[-97.83403,30.44186],[-97.8338,30.4422],[-97.83364,30.44249],[-97.83358,30.44259],[-97.83352,30.44271],[-97.83345,30.44283],[-97.83341,30.44292],[-97.83322,30.44329],[-97.83312,30.4435],[-97.83307,30.44362],[-97.83282,30.44415],[-97.83277,30.44427],[-97.83271,30.4444],[-97.83258,30.44469],[-97.8322,30.44551],[-97.8321,30.44571],[-97.83196,30.44597],[-97.83187,30.44615],[-97.83176,30.44637],[-97.83172,30.44643],[-97.8317,30.44648],[-97.83159,30.4467],[-97.83124,30.44741],[-97.83106,30.44777],[-97.83103,30.44782],[-97.83102,30.44785],[-97.83087,30.44814],[-97.83079,30.44833],[-97.83073,30.44847],[-97.83061,30.44872],[-97.83027,30.44938],[-97.83022,30.44948],[-97.83005,30.44982],[-97.82992,30.45009],[-97.82979,30.45036],[-97.82968,30.45059],[-97.82967,30.45062],[-97.82963,30.45068],[-97.82951,30.45092],[-97.82945,30.45102],[-97.82929,30.45137],[-97.82924,30.45148],[-97.82917,30.45162],[-97.82903,30.45191],[-97.82901,30.45195],[-97.82878,30.45244],[-97.82876,30.45247],[-97.82868,30.45259],[-97.82862,30.45268],[-97.82854,30.4528],[-97.82835,30.45304],[-97.8281,30.4533],[-97.82789,30.45349],[-97.82745,30.4539],[-97.82734,30.454],[-97.82723,30.45409],[-97.82662,30.45466],[-97.82632,30.45493],[-97.8262,30.45505],[-97.82604,30.45519],[-97.8259,30.45533],[-97.82584,30.45539],[-97.82574,30.45548],[-97.82589,30.45553],[-97.82628,30.45564],[-97.82686,30.45576],[-97.82717,30.45582],[-97.82767,30.45592],[-97.82789,30.45595],[-97.8284,30.45604],[-97.82876,30.45613],[-97.82882,30.45614],[-97.82934,30.45629],[-97.8296,30.45636],[-97.82987,30.45645],[-97.83066,30.45676],[-97.83077,30.4566],[-97.83066,30.45676],[-97.83141,30.45704],[-97.83169,30.45712],[-97.83198,30.45718],[-97.83239,30.45724],[-97.83322,30.45738],[-97.83359,30.45745],[-97.83387,30.45751],[-97.83438,30.45769],[-97.83467,30.45784],[-97.83509,30.45814],[-97.83571,30.45859],[-97.83665,30.45928],[-97.83695,30.45949],[-97.83715,30.45961],[-97.83731,30.45969],[-97.83774,30.4599],[-97.83808,30.46],[-97.83843,30.46009],[-97.83901,30.46019],[-97.83935,30.46028],[-97.83972,30.46043],[-97.8405,30.4608],[-97.84155,30.4613],[-97.84163,30.46136],[-97.84183,30.46148],[-97.84204,30.46164],[-97.84233,30.46189],[-97.84262,30.46223],[-97.84288,30.46256],[-97.84316,30.46292],[-97.84317,30.46292],[-97.84324,30.46301],[-97.84332,30.46312],[-97.84356,30.46348],[-97.84362,30.46361],[-97.84375,30.46391],[-97.84379,30.46406],[-97.84384,30.46433],[-97.84387,30.46467],[-97.84385,30.46529],[-97.84384,30.46561],[-97.84384,30.46598],[-97.84383,30.46607],[-97.84383,30.46617],[-97.84382,30.46672],[-97.84386,30.46701],[-97.84389,30.46715],[-97.84396,30.46743],[-97.84413,30.46785],[-97.84427,30.4681],[-97.84488,30.46911],[-97.84492,30.46918],[-97.84499,30.46929],[-97.84505,30.46939],[-97.84581,30.47061],[-97.84603,30.47096],[-97.84629,30.4713],[-97.8465,30.47152],[-97.84675,30.47175],[-97.84693,30.4719],[-97.84722,30.47212],[-97.84748,30.47225],[-97.8476,30.47232],[-97.84771,30.47237],[-97.84783,30.47242],[-97.84809,30.47253],[-97.84843,30.47264],[-97.84878,30.47273],[-97.84906,30.47279],[-97.84934,30.47284],[-97.84955,30.47288],[-97.84984,30.47295],[-97.85006,30.47302],[-97.8504,30.47315],[-97.85073,30.47334],[-97.85091,30.47346],[-97.85115,30.47363],[-97.85138,30.47388],[-97.85147,30.47398],[-97.85152,30.47406],[-97.85161,30.47419],[-97.85176,30.47449],[-97.85189,30.47479],[-97.85197,30.47508],[-97.85205,30.47579],[-97.85214,30.47684],[-97.85213,30.47745],[-97.85209,30.47823],[-97.85207,30.47858],[-97.85207,30.47863],[-97.85206,30.47871],[-97.85206,30.47875],[-97.85192,30.48004],[-97.85186,30.48039],[-97.8518,30.48064],[-97.85171,30.48088],[-97.85147,30.48139],[-97.85138,30.48161],[-97.85133,30.48177],[-97.85129,30.48192],[-97.85124,30.48222],[-97.85123,30.48254],[-97.85124,30.48272],[-97.8513,30.48302],[-97.8514,30.48337],[-97.85154,30.48366],[-97.85189,30.4842],[-97.85194,30.48428],[-97.85209,30.48451],[-97.85236,30.48484],[-97.85257,30.48508],[-97.85284,30.48537],[-97.85315,30.48564],[-97.85336,30.48581],[-97.85371,30.48609],[-97.85398,30.48628],[-97.85427,30.48644],[-97.85472,30.48665],[-97.85636,30.48743],[-97.85784,30.48812],[-97.85826,30.48832],[-97.85879,30.48857],[-97.85903,30.4887],[-97.85927,30.48887],[-97.85953,30.48909],[-97.85973,30.48929],[-97.8599,30.48952],[-97.86005,30.48973],[-97.86016,30.48995],[-97.86025,30.49019],[-97.86031,30.49037],[-97.86035,30.49056],[-97.86038,30.49076],[-97.8604,30.49094],[-97.86039,30.49104],[-97.86039,30.49114],[-97.86037,30.49134],[-97.86034,30.49154],[-97.86028,30.49177],[-97.86021,30.49198],[-97.86012,30.49217],[-97.86002,30.49234],[-97.85974,30.49276],[-97.85949,30.49312],[-97.85926,30.49343],[-97.85895,30.49389],[-97.85831,30.49488],[-97.85819,30.49503],[-97.85817,30.49506],[-97.85791,30.49541],[-97.85737,30.49622],[-97.85717,30.49654],[-97.85706,30.49683],[-97.85701,30.49704],[-97.85701,30.49724],[-97.85703,30.49746],[-97.85712,30.4977],[-97.85721,30.4978],[-97.8583,30.50068],[-97.85833,30.50093],[-97.85832,30.50135],[-97.8583,30.50147],[-97.85825,30.50171],[-97.85821,30.50188],[-97.85775,30.5028],[-97.85751,30.50329],[-97.85741,30.5034],[-97.85729,30.50367],[-97.85714,30.50399],[-97.85696,30.50437],[-97.85681,30.50473],[-97.85673,30.50488],[-97.8567,30.50499],[-97.85666,30.50512],[-97.85661,30.50546],[-97.85668,30.50764],[-97.85675,30.50803],[-97.85687,30.50853],[-97.85701,30.509],[-97.85714,30.50947],[-97.85727,30.50998],[-97.85743,30.5105],[-97.85763,30.51123],[-97.85779,30.51175],[-97.85787,30.5121],[-97.8581,30.51231],[-97.85821,30.51227],[-97.85844,30.5122],[-97.85934,30.51191],[-97.85967,30.51183],[-97.86016,30.51173],[-97.86059,30.51168],[-97.86104,30.51167],[-97.86138,30.51169],[-97.86168,30.51171],[-97.86193,30.51175],[-97.86201,30.51177],[-97.86232,30.51183],[-97.86254,30.51188],[-97.86269,30.51193],[-97.86291,30.512],[-97.86313,30.51209],[-97.86331,30.51217],[-97.86356,30.51234],[-97.86383,30.51252],[-97.86417,30.51275],[-97.86444,30.51298],[-97.86477,30.51331],[-97.86481,30.51335],[-97.86496,30.51351],[-97.86549,30.51411],[-97.86597,30.51456],[-97.86622,30.51477],[-97.86652,30.51499],[-97.86698,30.51523],[-97.8675,30.51545],[-97.86807,30.51562],[-97.86847,30.51572],[-97.86871,30.51576],[-97.86903,30.51579],[-97.86953,30.51582],[-97.86992,30.51581],[-97.8701,30.51579],[-97.87022,30.51578]]}},{"type":"Feature","properties":{"route":"Saturday Dawn Lake Granger Loop","category":"Lakes & Rivers","color":"#2980b9","distance_mi":105.2,"waypoints":["Cedar Park (Murphy USA)","Ronald Reagan Blvd","RM 2338","Georgetown","Weir","Granger","Granger Lake Dam","Circleville","Taylor","Coupland","Hutto","Chandler Road","University Blvd"],"via":"Ronald Reagan Blvd North -> FM 3405 -> RM 2338 South -> FM 971 East -> Granger -> FM 1331 (Granger Lake Dam) -> TX 95 South -> Taylor -> FM 1660 -> Chandler Rd -> University Blvd / RM 1431 West","source":"road-snapped","id":"saturday-dawn-lake-granger-loop"},"geometry":{"type":"LineString","coordinates":[[-97.7828,30.5348],[-97.78275,30.53484],[-97.78272,30.53487],[-97.78271,30.5349],[-97.7827,30.53492],[-97.7827,30.53502],[-97.78275,30.53514],[-97.78283,30.53534],[-97.78294,30.53557],[-97.78319,30.53598],[-97.78323,30.53604],[-97.78332,30.53617],[-97.7835,30.53642],[-97.78373,30.53669],[-97.78398,30.53693],[-97.78418,30.53712],[-97.78439,30.5373],[-97.78459,30.53745],[-97.78482,30.53763],[-97.78509,30.5378],[-97.7862,30.53848],[-97.78862,30.53992],[-97.78902,30.54016],[-97.78959,30.54052],[-97.78981,30.5407],[-97.79013,30.54096],[-97.79037,30.54118],[-97.79048,30.5413],[-97.79076,30.54158],[-97.79109,30.54202],[-97.7913,30.54237],[-97.79142,30.54259],[-97.79148,30.54274],[-97.79167,30.54316],[-97.79202,30.54406],[-97.79232,30.54483],[-97.79259,30.54555],[-97.79275,30.54597],[-97.79278,30.54605],[-97.79285,30.54623],[-97.79321,30.5472],[-97.79339,30.54765],[-97.79359,30.54818],[-97.79376,30.54858],[-97.79424,30.54972],[-97.79456,30.55045],[-97.79471,30.55081],[-97.79485,30.55116],[-97.79519,30.55201],[-97.79555,30.5529],[-97.79588,30.55371],[-97.79637,30.55476],[-97.79658,30.5552],[-97.79659,30.55523],[-97.79731,30.55687],[-97.79794,30.55837],[-97.79804,30.55862],[-97.79889,30.56076],[-97.79909,30.56126],[-97.79979,30.56298],[-97.8003,30.56431],[-97.80053,30.56489],[-97.80057,30.56499],[-97.80181,30.56818],[-97.80199,30.5687],[-97.80223,30.5694],[-97.80232,30.56967],[-97.80236,30.56981],[-97.8026,30.57065],[-97.80263,30.57076],[-97.80286,30.57151],[-97.80319,30.57265],[-97.80344,30.5734],[-97.80362,30.57389],[-97.80448,30.57605],[-97.8047,30.57659],[-97.80482,30.57689],[-97.80516,30.57775],[-97.8052,30.57785],[-97.80609,30.58003],[-97.80649,30.58102],[-97.80698,30.58225],[-97.80746,30.58339],[-97.80793,30.58451],[-97.80803,30.58474],[-97.80849,30.58554],[-97.80865,30.58581],[-97.80944,30.58709],[-97.80953,30.58724],[-97.80958,30.58733],[-97.81003,30.58814],[-97.81035,30.58891],[-97.81046,30.5892],[-97.81054,30.58935],[-97.81133,30.59124],[-97.81185,30.59248],[-97.81227,30.5935],[-97.8128,30.59477],[-97.81291,30.59502],[-97.813,30.59526],[-97.81304,30.59534],[-97.81312,30.59554],[-97.81322,30.59578],[-97.81341,30.59621],[-97.81345,30.5963],[-97.8138,30.59715],[-97.81415,30.598],[-97.81474,30.59943],[-97.81495,30.5999],[-97.81509,30.60029],[-97.8152,30.60058],[-97.81528,30.60082],[-97.8153,30.60089],[-97.81533,30.60099],[-97.81535,30.60108],[-97.81575,30.60242],[-97.81631,30.60438],[-97.81685,30.60585],[-97.817,30.60626],[-97.81708,30.60647],[-97.8179,30.60872],[-97.81849,30.61035],[-97.81865,30.61079],[-97.81932,30.61241],[-97.81947,30.61273],[-97.82001,30.61394],[-97.82016,30.61427],[-97.82062,30.61531],[-97.82161,30.61738],[-97.82163,30.61742],[-97.82199,30.61825],[-97.82232,30.61903],[-97.82274,30.62005],[-97.82315,30.62111],[-97.82322,30.62127],[-97.82337,30.62159],[-97.82361,30.62222],[-97.82366,30.62232],[-97.82397,30.62313],[-97.82508,30.62602],[-97.82539,30.62683],[-97.82653,30.62973],[-97.82686,30.63055],[-97.82713,30.63152],[-97.82718,30.63168],[-97.82722,30.63185],[-97.82731,30.63224],[-97.82737,30.63257],[-97.82743,30.63294],[-97.82752,30.6338],[-97.82759,30.63514],[-97.82757,30.63559],[-97.8276,30.63595],[-97.82765,30.63632],[-97.82778,30.63728],[-97.82784,30.63769],[-97.82675,30.63766],[-97.82635,30.63765],[-97.82615,30.63765],[-97.82594,30.63765],[-97.82565,30.63764],[-97.81942,30.63754],[-97.81919,30.63754],[-97.81784,30.63751],[-97.81773,30.63751],[-97.81759,30.63751],[-97.81758,30.63764],[-97.81759,30.63781],[-97.81756,30.63869],[-97.81756,30.63874],[-97.81758,30.63903],[-97.81767,30.63941],[-97.81776,30.63963],[-97.81786,30.6398],[-97.81799,30.63996],[-97.81826,30.64023],[-97.81831,30.64027],[-97.81842,30.64037],[-97.81843,30.64038],[-97.81868,30.64054],[-97.81907,30.64074],[-97.81926,30.64083],[-97.82114,30.6417],[-97.82148,30.64187],[-97.82182,30.64205],[-97.82222,30.64231],[-97.82262,30.64267],[-97.82288,30.64298],[-97.82311,30.64337],[-97.82326,30.64368],[-97.82345,30.64403],[-97.82371,30.64438],[-97.82399,30.64467],[-97.82415,30.64481],[-97.82425,30.64488],[-97.82443,30.64501],[-97.82492,30.64527],[-97.82536,30.64544],[-97.82585,30.64557],[-97.82627,30.64562],[-97.82645,30.64563],[-97.82685,30.64563],[-97.82743,30.64559],[-97.82801,30.64549],[-97.82856,30.64535],[-97.8291,30.64514],[-97.82973,30.6449],[-97.82986,30.64485],[-97.83002,30.64516],[-97.83021,30.64549],[-97.8305,30.64593],[-97.83072,30.64622],[-97.83096,30.64651],[-97.83124,30.64685],[-97.83157,30.6472],[-97.83218,30.64789],[-97.83304,30.64883],[-97.83434,30.65028],[-97.83498,30.65101],[-97.83588,30.65211],[-97.83594,30.65221],[-97.83601,30.6523],[-97.83663,30.65318],[-97.83702,30.65377],[-97.83741,30.65439],[-97.83773,30.65498],[-97.83805,30.65559],[-97.83838,30.65629],[-97.83853,30.65664],[-97.83868,30.65701],[-97.83878,30.65726],[-97.83884,30.65742],[-97.83914,30.65822],[-97.83941,30.65904],[-97.83956,30.65956],[-97.83968,30.66011],[-97.83977,30.66068],[-97.83982,30.66112],[-97.83993,30.66207],[-97.84003,30.66319],[-97.84005,30.66353],[-97.84004,30.66359],[-97.84005,30.66373],[-97.84005,30.66401],[-97.84005,30.66408],[-97.84006,30.66568],[-97.84011,30.66747],[-97.84012,30.6688],[-97.84013,30.67026],[-97.84013,30.67089],[-97.84015,30.67228],[-97.84023,30.67363],[-97.8404,30.67488],[-97.84059,30.67593],[-97.84083,30.67692],[-97.84107,30.67776],[-97.8413,30.67844],[-97.84175,30.67972],[-97.84179,30.67985],[-97.84223,30.68106],[-97.84266,30.68229],[-97.84272,30.68248],[-97.84319,30.68382],[-97.84331,30.68416],[-97.84358,30.68492],[-97.84435,30.68708],[-97.84515,30.68933],[-97.84621,30.69225],[-97.84644,30.69282],[-97.84669,30.69336],[-97.84694,30.69385],[-97.84721,30.69433],[-97.84897,30.69723],[-97.84963,30.69829],[-97.85102,30.70045],[-97.8514,30.70109],[-97.85162,30.7015],[-97.85181,30.70206],[-97.85185,30.70247],[-97.8519,30.70304],[-97.85187,30.7034],[-97.85186,30.7035],[-97.85175,30.70404],[-97.85161,30.7046],[-97.85159,30.7047],[-97.85139,30.70466],[-97.85078,30.70455],[-97.84986,30.70439],[-97.84893,30.70421],[-97.848,30.70402],[-97.84757,30.70394],[-97.84719,30.70387],[-97.84654,30.70375],[-97.84603,30.70366],[-97.84176,30.70284],[-97.84145,30.70278],[-97.84091,30.70268],[-97.84071,30.70264],[-97.84036,30.70258],[-97.84014,30.70254],[-97.83976,30.7025],[-97.83946,30.70248],[-97.83938,30.70248],[-97.839,30.70249],[-97.83862,30.70251],[-97.8376,30.70259],[-97.83732,30.70261],[-97.83656,30.70267],[-97.83602,30.70272],[-97.83545,30.70276],[-97.83496,30.70278],[-97.83489,30.70279],[-97.83483,30.70279],[-97.83465,30.70281],[-97.8342,30.70286],[-97.83403,30.70287],[-97.83318,30.70294],[-97.83228,30.70302],[-97.8314,30.70309],[-97.82997,30.7032],[-97.82871,30.7033],[-97.82846,30.70332],[-97.82805,30.70335],[-97.82716,30.70342],[-97.82488,30.7036],[-97.82463,30.70362],[-97.82424,30.70364],[-97.82358,30.7037],[-97.82354,30.7037],[-97.82188,30.70384],[-97.82135,30.70392],[-97.82109,30.70397],[-97.82081,30.70404],[-97.82077,30.70405],[-97.82039,30.70415],[-97.81983,30.70433],[-97.81974,30.70437],[-97.81932,30.70454],[-97.81912,30.70464],[-97.81877,30.70483],[-97.81843,30.70503],[-97.81759,30.7056],[-97.81705,30.70596],[-97.81646,30.70636],[-97.81571,30.70691],[-97.81559,30.70699],[-97.8154,30.70712],[-97.81468,30.7076],[-97.81426,30.70789],[-97.81392,30.70812],[-97.81347,30.70843],[-97.81302,30.70874],[-97.81259,30.70904],[-97.81217,30.70932],[-97.81196,30.70947],[-97.81176,30.7096],[-97.81152,30.70974],[-97.81127,30.70988],[-97.81093,30.71006],[-97.8101,30.7105],[-97.80888,30.71114],[-97.80829,30.71145],[-97.80753,30.71185],[-97.80665,30.71232],[-97.8062,30.71255],[-97.80577,30.71278],[-97.8055,30.71291],[-97.80523,30.71304],[-97.80504,30.71312],[-97.80492,30.71316],[-97.8047,30.71323],[-97.80456,30.71327],[-97.80443,30.7133],[-97.80421,30.71335],[-97.80414,30.71336],[-97.80386,30.7134],[-97.80349,30.71344],[-97.80321,30.71344],[-97.80293,30.71343],[-97.80278,30.71341],[-97.80261,30.7134],[-97.80229,30.71335],[-97.80172,30.71327],[-97.80142,30.71323],[-97.80085,30.71314],[-97.80003,30.71302],[-97.79904,30.71287],[-97.79883,30.71284],[-97.79839,30.71286],[-97.79842,30.71278],[-97.79783,30.71269],[-97.79719,30.71262],[-97.79697,30.7126],[-97.79662,30.71257],[-97.79634,30.71254],[-97.79596,30.71252],[-97.79518,30.71246],[-97.7949,30.71244],[-97.79457,30.71241],[-97.79424,30.71239],[-97.79359,30.71233],[-97.79335,30.71231],[-97.79308,30.71227],[-97.79282,30.7122],[-97.79256,30.71213],[-97.79239,30.71206],[-97.79233,30.71203],[-97.79211,30.71193],[-97.79194,30.71184],[-97.79182,30.71176],[-97.79174,30.71172],[-97.79158,30.71162],[-97.79154,30.71158],[-97.79139,30.71148],[-97.79136,30.71145],[-97.79116,30.71132],[-97.7911,30.71127],[-97.79058,30.71093],[-97.7903,30.71075],[-97.78981,30.7104],[-97.7896,30.71028],[-97.7894,30.71015],[-97.78926,30.71006],[-97.78921,30.71004],[-97.78868,30.70969],[-97.78847,30.70955],[-97.78814,30.70934],[-97.78787,30.70917],[-97.78762,30.70902],[-97.7875,30.70894],[-97.7874,30.70887],[-97.78719,30.70871],[-97.78697,30.70854],[-97.78659,30.70819],[-97.78625,30.70786],[-97.78611,30.70772],[-97.78582,30.70743],[-97.7858,30.70741],[-97.7857,30.70731],[-97.78561,30.70723],[-97.7854,30.70706],[-97.78533,30.70701],[-97.78518,30.7069],[-97.78492,30.70675],[-97.78489,30.70673],[-97.78438,30.70649],[-97.78424,30.70642],[-97.78348,30.70604],[-97.78279,30.7057],[-97.78257,30.70559],[-97.78235,30.70548],[-97.78212,30.70538],[-97.78189,30.70531],[-97.78167,30.70525],[-97.78143,30.7052],[-97.78098,30.70512],[-97.78004,30.70497],[-97.77977,30.70494],[-97.77971,30.70493],[-97.77956,30.70492],[-97.7794,30.70492],[-97.7791,30.70493],[-97.77887,30.70495],[-97.77862,30.70499],[-97.77836,30.70504],[-97.77811,30.7051],[-97.77802,30.70513],[-97.7776,30.70529],[-97.77755,30.70531],[-97.77728,30.70541],[-97.77603,30.70587],[-97.77496,30.70627],[-97.77453,30.70643],[-97.77381,30.7067],[-97.77251,30.70718],[-97.77195,30.70739],[-97.77021,30.70802],[-97.77004,30.70809],[-97.76982,30.70818],[-97.7696,30.70826],[-97.769,30.70848],[-97.76876,30.70857],[-97.76847,30.70867],[-97.76655,30.70939],[-97.76477,30.71004],[-97.76443,30.71017],[-97.76422,30.71024],[-97.76385,30.71038],[-97.76333,30.71058],[-97.76327,30.71061],[-97.76295,30.71078],[-97.76275,30.71092],[-97.7626,30.71105],[-97.76254,30.71111],[-97.76237,30.71129],[-97.76222,30.71152],[-97.76212,30.71173],[-97.76203,30.71197],[-97.76202,30.71198],[-97.76196,30.71215],[-97.76148,30.712],[-97.76131,30.71194],[-97.7611,30.71186],[-97.76083,30.71175],[-97.76073,30.7117],[-97.7606,30.71163],[-97.76043,30.71156],[-97.76014,30.71139],[-97.75994,30.71128],[-97.75963,30.71106],[-97.7579,30.70991],[-97.7578,30.71001],[-97.7579,30.70991],[-97.75779,30.70983],[-97.75578,30.70839],[-97.75575,30.70838],[-97.7554,30.70812],[-97.75535,30.70809],[-97.75533,30.70808],[-97.75494,30.70783],[-97.75443,30.70752],[-97.75298,30.70674],[-97.75278,30.70663],[-97.75187,30.70615],[-97.75115,30.70576],[-97.75083,30.70558],[-97.7508,30.70557],[-97.75026,30.70529],[-97.74984,30.70506],[-97.74972,30.705],[-97.7494,30.70483],[-97.74894,30.70458],[-97.74878,30.7045],[-97.74855,30.70438],[-97.74853,30.70436],[-97.74833,30.70426],[-97.74832,30.70425],[-97.74793,30.70405],[-97.74787,30.70401],[-97.74761,30.70388],[-97.74738,30.70376],[-97.74716,30.70366],[-97.74687,30.70355],[-97.74664,30.70346],[-97.74637,30.70338],[-97.74604,30.7033],[-97.74562,30.7032],[-97.74514,30.70308],[-97.74505,30.70306],[-97.74371,30.70273],[-97.74367,30.70272],[-97.74362,30.70271],[-97.74328,30.70263],[-97.74305,30.70257],[-97.74287,30.70252],[-97.74285,30.70251],[-97.74263,30.70244],[-97.74242,30.70236],[-97.7422,30.70227],[-97.74204,30.70219],[-97.74186,30.7021],[-97.74166,30.70198],[-97.74163,30.70195],[-97.74141,30.70181],[-97.74115,30.70162],[-97.74084,30.70134],[-97.74063,30.70109],[-97.7406,30.70106],[-97.74044,30.70088],[-97.74032,30.70075],[-97.74023,30.70065],[-97.73996,30.70033],[-97.7395,30.69986],[-97.73874,30.69894],[-97.73843,30.69859],[-97.73801,30.69813],[-97.7377,30.69783],[-97.73755,30.69771],[-97.73733,30.69752],[-97.73727,30.69748],[-97.73706,30.69731],[-97.73685,30.69717],[-97.73661,30.69701],[-97.73634,30.69682],[-97.7358,30.69651],[-97.7352,30.69614],[-97.73412,30.6955],[-97.7331,30.6949],[-97.73176,30.6941],[-97.73024,30.69322],[-97.729,30.69246],[-97.7286,30.6922],[-97.72819,30.69192],[-97.72776,30.69163],[-97.72719,30.69125],[-97.72703,30.69114],[-97.72682,30.691],[-97.72629,30.69064],[-97.7262,30.69058],[-97.72572,30.69023],[-97.72515,30.68979],[-97.72505,30.68971],[-97.72487,30.68956],[-97.72479,30.68949],[-97.72464,30.68935],[-97.72436,30.68909],[-97.72413,30.68889],[-97.72342,30.68822],[-97.72332,30.68812],[-97.72317,30.68798],[-97.72295,30.68776],[-97.72252,30.6873],[-97.72246,30.68724],[-97.72186,30.68652],[-97.72174,30.68637],[-97.72099,30.68541],[-97.72091,30.68531],[-97.72084,30.68521],[-97.7205,30.68479],[-97.7202,30.68446],[-97.72004,30.68429],[-97.71994,30.6842],[-97.71974,30.68402],[-97.71958,30.6839],[-97.71938,30.68377],[-97.71919,30.68363],[-97.719,30.68352],[-97.71883,30.68342],[-97.71868,30.68333],[-97.71864,30.68332],[-97.7182,30.68312],[-97.71792,30.683],[-97.71783,30.68296],[-97.71769,30.6829],[-97.71757,30.68285],[-97.71708,30.68262],[-97.7168,30.6825],[-97.71666,30.68245],[-97.71618,30.68225],[-97.71606,30.6822],[-97.71594,30.68213],[-97.71587,30.6821],[-97.71572,30.68203],[-97.71524,30.68179],[-97.71519,30.68176],[-97.71446,30.68137],[-97.71398,30.68109],[-97.71392,30.68106],[-97.71209,30.67988],[-97.71098,30.67915],[-97.71092,30.67911],[-97.71033,30.67872],[-97.71012,30.67858],[-97.70983,30.67839],[-97.70949,30.67817],[-97.70915,30.67795],[-97.70914,30.67795],[-97.70906,30.67789],[-97.70867,30.67763],[-97.70807,30.67726],[-97.70794,30.67718],[-97.7078,30.6771],[-97.70703,30.67666],[-97.70694,30.6766],[-97.70593,30.67602],[-97.70522,30.67562],[-97.70449,30.6752],[-97.70414,30.67499],[-97.70402,30.67492],[-97.70385,30.67482],[-97.70369,30.67473],[-97.70355,30.67465],[-97.70324,30.67448],[-97.70295,30.67431],[-97.7029,30.67428],[-97.70261,30.67412],[-97.70232,30.67395],[-97.70207,30.67381],[-97.70139,30.67343],[-97.70091,30.67317],[-97.70061,30.673],[-97.7005,30.67292],[-97.70043,30.67287],[-97.70022,30.67273],[-97.70001,30.67257],[-97.69984,30.67243],[-97.6997,30.67229],[-97.6996,30.67219],[-97.69944,30.67203],[-97.69939,30.67198],[-97.69917,30.67173],[-97.69894,30.67145],[-97.69874,30.67119],[-97.69845,30.67084],[-97.69815,30.67049],[-97.69809,30.67041],[-97.69789,30.67018],[-97.69764,30.66988],[-97.69741,30.6696],[-97.69734,30.66952],[-97.69724,30.6694],[-97.69721,30.66936],[-97.69719,30.66933],[-97.69716,30.6693],[-97.69668,30.66872],[-97.69633,30.66829],[-97.69617,30.66812],[-97.69565,30.66747],[-97.69541,30.66718],[-97.69477,30.6664],[-97.69429,30.66584],[-97.69416,30.66568],[-97.69411,30.66562],[-97.69401,30.6655],[-97.69353,30.6649],[-97.69346,30.66481],[-97.69338,30.66472],[-97.69322,30.66453],[-97.69298,30.66426],[-97.69264,30.66384],[-97.69251,30.66369],[-97.6923,30.66343],[-97.69218,30.66329],[-97.69209,30.66318],[-97.69173,30.66275],[-97.69134,30.66229],[-97.69129,30.66222],[-97.69123,30.66215],[-97.69109,30.66198],[-97.69093,30.66179],[-97.69079,30.66161],[-97.69045,30.66121],[-97.69039,30.66114],[-97.69005,30.66073],[-97.68998,30.66064],[-97.68981,30.66045],[-97.68966,30.66029],[-97.68957,30.66019],[-97.68934,30.65995],[-97.68911,30.6597],[-97.689,30.65959],[-97.68877,30.65936],[-97.68861,30.65921],[-97.68855,30.65915],[-97.68852,30.65913],[-97.68819,30.65882],[-97.688,30.65865],[-97.68786,30.65853],[-97.68768,30.65837],[-97.68732,30.65805],[-97.6871,30.65785],[-97.68674,30.65754],[-97.68651,30.65735],[-97.68641,30.65725],[-97.68608,30.65694],[-97.68605,30.65691],[-97.68578,30.65663],[-97.68569,30.65653],[-97.68567,30.65649],[-97.68555,30.65636],[-97.68541,30.65619],[-97.68539,30.65618],[-97.68497,30.65562],[-97.68462,30.65519],[-97.68439,30.65489],[-97.6841,30.65451],[-97.68406,30.65446],[-97.68397,30.65436],[-97.68367,30.65401],[-97.68356,30.65386],[-97.68338,30.65365],[-97.68312,30.65332],[-97.68294,30.6531],[-97.68294,30.6531],[-97.68287,30.65302],[-97.68257,30.65265],[-97.68221,30.6522],[-97.68199,30.65193],[-97.68192,30.65184],[-97.68185,30.65176],[-97.68179,30.65168],[-97.68175,30.65163],[-97.68171,30.65159],[-97.68164,30.65151],[-97.68158,30.65143],[-97.68153,30.65138],[-97.68134,30.65119],[-97.68112,30.651],[-97.68109,30.65097],[-97.68101,30.65084],[-97.68088,30.65069],[-97.68058,30.65046],[-97.68037,30.65039],[-97.68016,30.65033],[-97.67998,30.65029],[-97.6798,30.65026],[-97.67898,30.64979],[-97.67875,30.64955],[-97.67867,30.64945],[-97.67844,30.64921],[-97.67808,30.64902],[-97.6779,30.64892],[-97.67754,30.64872],[-97.67765,30.6486],[-97.6778,30.64841],[-97.67788,30.6483],[-97.67793,30.64823],[-97.67805,30.64802],[-97.67816,30.64779],[-97.67824,30.64754],[-97.67829,30.64731],[-97.67831,30.64715],[-97.67832,30.64683],[-97.67839,30.64649],[-97.67831,30.6465],[-97.67831,30.64637],[-97.67831,30.64616],[-97.6783,30.64595],[-97.67826,30.64572],[-97.67825,30.64557],[-97.67823,30.64453],[-97.67822,30.64436],[-97.67822,30.64429],[-97.67822,30.64421],[-97.67821,30.64397],[-97.67821,30.64371],[-97.67822,30.64354],[-97.67819,30.64249],[-97.67816,30.64174],[-97.67815,30.64163],[-97.67802,30.64163],[-97.67782,30.64163],[-97.67771,30.64163],[-97.67711,30.64164],[-97.67705,30.64164],[-97.67655,30.64164],[-97.6764,30.64164],[-97.67611,30.64164],[-97.67517,30.64166],[-97.6742,30.64167],[-97.67414,30.64167],[-97.67325,30.6417],[-97.67305,30.64171],[-97.67301,30.64171],[-97.67234,30.64173],[-97.67222,30.64173],[-97.67127,30.64174],[-97.6703,30.64173],[-97.6703,30.64166],[-97.6703,30.64155],[-97.67029,30.64089],[-97.67028,30.64008],[-97.67027,30.63926],[-97.67027,30.63902],[-97.67027,30.63868],[-97.67026,30.63851],[-97.67026,30.63847],[-97.67026,30.63841],[-97.67026,30.63832],[-97.67025,30.63829],[-97.67025,30.63823],[-97.66998,30.63831],[-97.66971,30.63839],[-97.66954,30.63844],[-97.66928,30.63851],[-97.6692,30.63854],[-97.66879,30.63866],[-97.66854,30.63803],[-97.66839,30.63768],[-97.66828,30.63737],[-97.66816,30.63705],[-97.6681,30.63687],[-97.66807,30.63674],[-97.66804,30.63655],[-97.668,30.63615],[-97.66799,30.63586],[-97.66798,30.63559],[-97.66797,30.63497],[-97.66795,30.63419],[-97.66799,30.63397],[-97.66804,30.63361],[-97.66803,30.63347],[-97.66803,30.63334],[-97.66795,30.63334],[-97.66708,30.63336],[-97.66622,30.63336],[-97.66613,30.63336],[-97.6655,30.63337],[-97.66539,30.63337],[-97.6653,30.63337],[-97.66529,30.63337],[-97.66523,30.63337],[-97.66517,30.63337],[-97.66514,30.63337],[-97.66505,30.63338],[-97.66441,30.63339],[-97.66434,30.63339],[-97.66432,30.63339],[-97.66407,30.6334],[-97.66394,30.63341],[-97.6638,30.63342],[-97.66361,30.63345],[-97.66351,30.63346],[-97.66345,30.63347],[-97.66329,30.63349],[-97.66318,30.63351],[-97.66316,30.63351],[-97.66286,30.63357],[-97.66246,30.63367],[-97.66202,30.6338],[-97.66163,30.63392],[-97.66112,30.63409],[-97.66033,30.63432],[-97.66026,30.63435],[-97.65811,30.63501],[-97.65691,30.63539],[-97.65581,30.63573],[-97.65544,30.63584],[-97.65526,30.6359],[-97.65327,30.6365],[-97.65235,30.63678],[-97.65208,30.63684],[-97.65166,30.63694],[-97.65099,30.63709],[-97.65063,30.63716],[-97.65045,30.6372],[-97.64957,30.63738],[-97.64901,30.6375],[-97.6481,30.63768],[-97.64656,30.63802],[-97.64621,30.63809],[-97.64596,30.63814],[-97.6453,30.63826],[-97.64503,30.63832],[-97.64416,30.63849],[-97.64386,30.63855],[-97.64304,30.6387],[-97.63996,30.63935],[-97.63901,30.63955],[-97.63899,30.63956],[-97.63795,30.6398],[-97.63707,30.64006],[-97.63603,30.64035],[-97.63499,30.64066],[-97.63481,30.64072],[-97.63319,30.64121],[-97.63311,30.64124],[-97.63265,30.64139],[-97.63234,30.64149],[-97.63154,30.64174],[-97.63148,30.64176],[-97.63106,30.64188],[-97.63077,30.64197],[-97.62972,30.64228],[-97.62946,30.64236],[-97.63001,30.64366],[-97.63029,30.64427],[-97.63054,30.64471],[-97.63083,30.64515],[-97.63112,30.64559],[-97.63115,30.64564],[-97.63118,30.64568],[-97.63174,30.64655],[-97.63246,30.64762],[-97.63287,30.64836],[-97.63394,30.65015],[-97.63559,30.65325],[-97.63687,30.65569],[-97.6383,30.65853],[-97.63936,30.6605],[-97.64063,30.66275],[-97.64087,30.66315],[-97.64132,30.66441],[-97.64166,30.66521],[-97.64201,30.6658],[-97.64238,30.66636],[-97.64238,30.66648],[-97.64236,30.66656],[-97.64231,30.66662],[-97.6422,30.66675],[-97.64123,30.66706],[-97.63957,30.66765],[-97.63822,30.66808],[-97.63724,30.66838],[-97.63561,30.66882],[-97.63539,30.66888],[-97.63518,30.66896],[-97.63502,30.66903],[-97.63493,30.66907],[-97.63466,30.66921],[-97.63445,30.66934],[-97.63419,30.66952],[-97.634,30.66966],[-97.63379,30.66984],[-97.63361,30.67],[-97.63301,30.67054],[-97.63247,30.67097],[-97.63234,30.67107],[-97.63219,30.67118],[-97.63185,30.67141],[-97.63162,30.67156],[-97.6315,30.67164],[-97.63021,30.67241],[-97.63003,30.67252],[-97.62938,30.67291],[-97.62894,30.67318],[-97.62877,30.67328],[-97.62871,30.67332],[-97.62835,30.67353],[-97.62826,30.67359],[-97.62822,30.67362],[-97.62788,30.67381],[-97.62768,30.67393],[-97.62754,30.674],[-97.62751,30.67402],[-97.62737,30.6741],[-97.6273,30.67413],[-97.62718,30.67418],[-97.62707,30.67423],[-97.62684,30.67431],[-97.62683,30.67432],[-97.6266,30.67439],[-97.62656,30.6744],[-97.62636,30.67445],[-97.62617,30.67449],[-97.62457,30.67475],[-97.62358,30.67491],[-97.62244,30.67508],[-97.62165,30.67522],[-97.62104,30.67531],[-97.62074,30.67535],[-97.62013,30.67545],[-97.61959,30.67553],[-97.6192,30.67559],[-97.61879,30.67566],[-97.61837,30.67572],[-97.61734,30.67589],[-97.61647,30.676],[-97.61577,30.6761],[-97.61499,30.67619],[-97.61476,30.67622],[-97.6143,30.67628],[-97.61424,30.67629],[-97.61381,30.67634],[-97.61331,30.67639],[-97.61325,30.6764],[-97.61249,30.6765],[-97.61202,30.67656],[-97.61186,30.67658],[-97.61155,30.67661],[-97.61137,30.67663],[-97.61113,30.67663],[-97.61093,30.67662],[-97.61087,30.67662],[-97.61061,30.6766],[-97.61036,30.67655],[-97.61012,30.67649],[-97.60997,30.67644],[-97.6098,30.67638],[-97.60975,30.67637],[-97.60959,30.6763],[-97.60953,30.67628],[-97.60948,30.67625],[-97.60946,30.67624],[-97.60932,30.67617],[-97.6091,30.67605],[-97.60888,30.67591],[-97.60885,30.6759],[-97.60869,30.6758],[-97.60796,30.67534],[-97.60783,30.67526],[-97.60649,30.67442],[-97.60537,30.67373],[-97.60512,30.6736],[-97.60504,30.67356],[-97.60479,30.67346],[-97.60469,30.67343],[-97.60453,30.67337],[-97.6044,30.67334],[-97.60427,30.6733],[-97.60405,30.67327],[-97.60389,30.67324],[-97.6036,30.67321],[-97.60353,30.67321],[-97.60332,30.6732],[-97.60266,30.67323],[-97.60204,30.67327],[-97.60097,30.67333],[-97.5989,30.67345],[-97.59811,30.67349],[-97.59522,30.67367],[-97.59421,30.67374],[-97.59318,30.6738],[-97.59251,30.67384],[-97.59191,30.67387],[-97.59127,30.67391],[-97.5911,30.67392],[-97.59064,30.67397],[-97.59033,30.67401],[-97.58993,30.67409],[-97.5888,30.67432],[-97.58795,30.67449],[-97.58789,30.67451],[-97.58739,30.6746],[-97.58708,30.67465],[-97.58683,30.6747],[-97.58607,30.67484],[-97.58607,30.67484],[-97.58549,30.67496],[-97.58516,30.67502],[-97.58497,30.67506],[-97.58395,30.6753],[-97.58344,30.67542],[-97.58316,30.67547],[-97.58276,30.67556],[-97.58034,30.67608],[-97.57821,30.67653],[-97.57658,30.67688],[-97.57539,30.67713],[-97.57147,30.67797],[-97.56964,30.67836],[-97.56666,30.67899],[-97.56631,30.67907],[-97.56222,30.67994],[-97.5602,30.68038],[-97.5586,30.68072],[-97.55794,30.68086],[-97.55731,30.68098],[-97.5566,30.68114],[-97.55638,30.68119],[-97.55627,30.68121],[-97.55613,30.68124],[-97.55605,30.68126],[-97.55581,30.68131],[-97.55539,30.68142],[-97.55532,30.68144],[-97.55489,30.68154],[-97.55416,30.68173],[-97.55408,30.68175],[-97.55365,30.68186],[-97.55277,30.68211],[-97.5495,30.6831],[-97.54835,30.68345],[-97.54728,30.68382],[-97.54676,30.68403],[-97.54617,30.68429],[-97.54575,30.68447],[-97.54476,30.68499],[-97.54429,30.68526],[-97.54343,30.68579],[-97.54265,30.68628],[-97.54252,30.68635],[-97.54206,30.6866],[-97.54206,30.6866],[-97.54186,30.68668],[-97.54166,30.68675],[-97.54109,30.68694],[-97.5384,30.68778],[-97.53776,30.68798],[-97.53459,30.68908],[-97.534,30.68929],[-97.53372,30.68941],[-97.53344,30.68954],[-97.53335,30.68959],[-97.53324,30.68966],[-97.53289,30.68992],[-97.53251,30.69026],[-97.53203,30.69073],[-97.53158,30.69114],[-97.53122,30.69143],[-97.53102,30.69156],[-97.53081,30.69167],[-97.53059,30.69178],[-97.53036,30.69187],[-97.53012,30.69194],[-97.52987,30.69201],[-97.52961,30.69206],[-97.52935,30.69209],[-97.52908,30.69211],[-97.52881,30.69211],[-97.52854,30.6921],[-97.52827,30.69206],[-97.52799,30.69201],[-97.52771,30.69194],[-97.52744,30.69185],[-97.52667,30.69155],[-97.52651,30.6915],[-97.52612,30.69137],[-97.5258,30.69125],[-97.52532,30.69108],[-97.52447,30.69079],[-97.52395,30.69063],[-97.52358,30.69051],[-97.52312,30.69038],[-97.52246,30.69019],[-97.521,30.68978],[-97.51992,30.68949],[-97.51758,30.6888],[-97.51518,30.68808],[-97.51332,30.68752],[-97.51278,30.68736],[-97.51232,30.68724],[-97.51187,30.6871],[-97.51155,30.68701],[-97.51067,30.68674],[-97.50826,30.68603],[-97.50516,30.68511],[-97.50462,30.68494],[-97.50417,30.6848],[-97.50375,30.68468],[-97.50349,30.68463],[-97.50329,30.6846],[-97.50301,30.68458],[-97.50278,30.68457],[-97.50267,30.68458],[-97.50253,30.68459],[-97.50237,30.6846],[-97.50226,30.68461],[-97.50202,30.68465],[-97.50178,30.6847],[-97.50151,30.68477],[-97.50124,30.68486],[-97.50095,30.68498],[-97.50035,30.68522],[-97.50017,30.6853],[-97.49993,30.6854],[-97.49869,30.6859],[-97.49818,30.6861],[-97.49776,30.68627],[-97.4975,30.68637],[-97.49722,30.68649],[-97.49709,30.68653],[-97.49686,30.68663],[-97.49659,30.68674],[-97.49605,30.68696],[-97.49499,30.68738],[-97.49434,30.68763],[-97.49395,30.68776],[-97.49375,30.68783],[-97.49357,30.68788],[-97.49232,30.68827],[-97.49179,30.68844],[-97.49119,30.68863],[-97.49059,30.68884],[-97.49025,30.68898],[-97.4901,30.68905],[-97.48995,30.68914],[-97.48994,30.68916],[-97.48959,30.68939],[-97.48947,30.68949],[-97.48936,30.68959],[-97.48918,30.68977],[-97.48873,30.69039],[-97.48837,30.69086],[-97.48811,30.69122],[-97.48796,30.69146],[-97.48784,30.69168],[-97.48774,30.69191],[-97.48767,30.6921],[-97.48762,30.69231],[-97.48758,30.69252],[-97.48756,30.69278],[-97.48756,30.69291],[-97.48757,30.69319],[-97.48759,30.69333],[-97.48762,30.69347],[-97.48771,30.69379],[-97.48781,30.69405],[-97.48818,30.69493],[-97.48833,30.69531],[-97.4886,30.69597],[-97.48929,30.69761],[-97.48947,30.6981],[-97.48952,30.69829],[-97.48956,30.69848],[-97.48958,30.69868],[-97.48959,30.69888],[-97.48958,30.69925],[-97.48958,30.69928],[-97.48957,30.69943],[-97.48954,30.69967],[-97.4895,30.70017],[-97.48947,30.70031],[-97.48942,30.70049],[-97.48935,30.7007],[-97.48927,30.70089],[-97.48919,30.70103],[-97.48904,30.70126],[-97.48886,30.7015],[-97.48866,30.70172],[-97.48847,30.7019],[-97.48831,30.70204],[-97.48816,30.70215],[-97.48802,30.70224],[-97.48791,30.7023],[-97.48776,30.70238],[-97.48758,30.70247],[-97.48734,30.70256],[-97.48712,30.70263],[-97.48673,30.70274],[-97.48663,30.70276],[-97.48648,30.70278],[-97.48604,30.70282],[-97.48586,30.70282],[-97.48564,30.70282],[-97.48543,30.7028],[-97.48522,30.70277],[-97.48506,30.70274],[-97.48484,30.70269],[-97.48434,30.70254],[-97.48369,30.70231],[-97.48348,30.70225],[-97.48308,30.70212],[-97.48278,30.70204],[-97.48243,30.70198],[-97.48212,30.70193],[-97.48206,30.70193],[-97.48185,30.70192],[-97.48162,30.70192],[-97.48145,30.70193],[-97.48119,30.70196],[-97.48084,30.70202],[-97.48075,30.70204],[-97.48072,30.70205],[-97.48054,30.7021],[-97.48006,30.70225],[-97.47902,30.70258],[-97.47838,30.70278],[-97.4724,30.70468],[-97.47055,30.70528],[-97.4673,30.70632],[-97.46727,30.70634],[-97.46692,30.70647],[-97.46668,30.70658],[-97.46636,30.70675],[-97.46611,30.7069],[-97.46494,30.70762],[-97.46472,30.70774],[-97.46441,30.70788],[-97.46414,30.70798],[-97.46384,30.70807],[-97.46264,30.70839],[-97.46221,30.70852],[-97.46184,30.70866],[-97.46159,30.70877],[-97.46142,30.70885],[-97.4613,30.70893],[-97.46114,30.70904],[-97.46089,30.70922],[-97.46077,30.70931],[-97.46058,30.70948],[-97.46019,30.70988],[-97.45934,30.71073],[-97.45903,30.71103],[-97.45855,30.7115],[-97.45804,30.71199],[-97.45773,30.71229],[-97.45737,30.71259],[-97.45707,30.71282],[-97.45682,30.71298],[-97.45639,30.71322],[-97.45612,30.71336],[-97.45606,30.71339],[-97.4559,30.71348],[-97.45567,30.71358],[-97.45541,30.71368],[-97.45498,30.71382],[-97.45454,30.71395],[-97.45303,30.71434],[-97.45106,30.71483],[-97.45057,30.71497],[-97.45041,30.71502],[-97.44981,30.71527],[-97.44888,30.71566],[-97.44877,30.71571],[-97.44856,30.71578],[-97.44835,30.71584],[-97.44814,30.71589],[-97.44797,30.71592],[-97.44777,30.71595],[-97.44756,30.71597],[-97.44732,30.71598],[-97.44708,30.71597],[-97.44684,30.71596],[-97.44639,30.71592],[-97.44613,30.71589],[-97.4452,30.71581],[-97.44446,30.71574],[-97.4439,30.71569],[-97.44368,30.71567],[-97.44362,30.71566],[-97.44328,30.71563],[-97.44321,30.71625],[-97.44314,30.71667],[-97.4431,30.71714],[-97.44304,30.71758],[-97.44302,30.71771],[-97.44292,30.7177],[-97.44248,30.71766],[-97.44246,30.71777],[-97.44241,30.71811],[-97.44234,30.71816],[-97.4423,30.71819],[-97.44217,30.71819],[-97.442,30.71818],[-97.44197,30.71817],[-97.44176,30.71815],[-97.44177,30.71807],[-97.44179,30.71783],[-97.44181,30.71771],[-97.44182,30.71761],[-97.44175,30.7176],[-97.44146,30.71758],[-97.44065,30.71751],[-97.43987,30.71743],[-97.43953,30.7174],[-97.43838,30.71729],[-97.43833,30.71729],[-97.43724,30.71719],[-97.43622,30.7171],[-97.43602,30.71708],[-97.43556,30.71704],[-97.43531,30.71703],[-97.43517,30.71704],[-97.435,30.71705],[-97.43476,30.71708],[-97.43447,30.71713],[-97.43424,30.71718],[-97.43349,30.71742],[-97.43293,30.71759],[-97.43163,30.71802],[-97.43029,30.71846],[-97.42916,30.71883],[-97.42836,30.71909],[-97.42738,30.71942],[-97.42686,30.71958],[-97.42618,30.71979],[-97.42516,30.72012],[-97.42321,30.72073],[-97.42236,30.72101],[-97.42213,30.72108],[-97.42164,30.72124],[-97.42054,30.7216],[-97.42039,30.72165],[-97.41998,30.72178],[-97.41919,30.72204],[-97.41788,30.72247],[-97.41762,30.72255],[-97.41554,30.72324],[-97.4151,30.72338],[-97.4146,30.72354],[-97.41395,30.72374],[-97.40782,30.72567],[-97.40494,30.72658],[-97.40466,30.72666],[-97.40456,30.72668],[-97.40439,30.72672],[-97.4041,30.72676],[-97.40392,30.72678],[-97.40381,30.72678],[-97.40352,30.72679],[-97.40332,30.72678],[-97.40303,30.72675],[-97.40273,30.72669],[-97.40253,30.72665],[-97.40184,30.72647],[-97.40064,30.72619],[-97.39935,30.72587],[-97.39889,30.72574],[-97.39379,30.72423],[-97.39284,30.72394],[-97.39152,30.72354],[-97.39052,30.72323],[-97.38747,30.7223],[-97.38468,30.72144],[-97.38423,30.72133],[-97.38406,30.7213],[-97.38381,30.72126],[-97.38349,30.72125],[-97.38331,30.72125],[-97.38306,30.72126],[-97.38295,30.72127],[-97.38286,30.72129],[-97.3827,30.72131],[-97.38257,30.72134],[-97.3825,30.72135],[-97.38228,30.72141],[-97.38011,30.72209],[-97.37933,30.72233],[-97.37321,30.72426],[-97.37162,30.72476],[-97.37103,30.72501],[-97.37045,30.72533],[-97.36927,30.72614],[-97.36565,30.72857],[-97.36375,30.72985],[-97.3634,30.73008],[-97.36312,30.73027],[-97.36286,30.73044],[-97.35815,30.7336],[-97.35752,30.73401],[-97.35733,30.73412],[-97.35704,30.73426],[-97.35684,30.73435],[-97.35661,30.73442],[-97.35632,30.7345],[-97.35605,30.73455],[-97.35585,30.73458],[-97.35563,30.73459],[-97.35539,30.73459],[-97.35524,30.73459],[-97.35495,30.73458],[-97.35473,30.73455],[-97.35468,30.73454],[-97.35449,30.73451],[-97.35429,30.73446],[-97.35351,30.73423],[-97.35323,30.73415],[-97.35273,30.734],[-97.35146,30.73363],[-97.34899,30.73293],[-97.34858,30.73281],[-97.34719,30.73241],[-97.34708,30.73238],[-97.3449,30.73174],[-97.34479,30.73171],[-97.34398,30.73148],[-97.34215,30.73094],[-97.3407,30.73053],[-97.34046,30.73046],[-97.33964,30.73023],[-97.3394,30.73015],[-97.3384,30.72987],[-97.33763,30.72965],[-97.33666,30.72936],[-97.33629,30.72925],[-97.33454,30.72875],[-97.33414,30.72861],[-97.33393,30.72852],[-97.3336,30.72835],[-97.33338,30.72821],[-97.33301,30.72795],[-97.33182,30.72712],[-97.32999,30.72584],[-97.3297,30.72564],[-97.32929,30.72535],[-97.32853,30.72482],[-97.32673,30.72356],[-97.32543,30.72266],[-97.32528,30.72257],[-97.32474,30.72219],[-97.32383,30.72155],[-97.32346,30.7213],[-97.32236,30.72053],[-97.32164,30.72004],[-97.32103,30.71962],[-97.32134,30.71899],[-97.32175,30.71815],[-97.32213,30.7174],[-97.32989,30.70146],[-97.32999,30.70127],[-97.33757,30.6857],[-97.33787,30.68506],[-97.33793,30.68493],[-97.33804,30.68475],[-97.33825,30.68445],[-97.33972,30.68279],[-97.34015,30.68231],[-97.3402,30.68225],[-97.34075,30.68163],[-97.34109,30.68124],[-97.34143,30.68086],[-97.34221,30.68003],[-97.34255,30.67947],[-97.34261,30.67935],[-97.34268,30.67911],[-97.34272,30.67892],[-97.34273,30.67886],[-97.34275,30.67843],[-97.34238,30.67601],[-97.34257,30.67595],[-97.34622,30.67487],[-97.34958,30.67387],[-97.35055,30.67358],[-97.35072,30.67354],[-97.35096,30.67346],[-97.3512,30.67337],[-97.35156,30.67317],[-97.35181,30.67301],[-97.35339,30.67189],[-97.35405,30.6714],[-97.35418,30.67131],[-97.35631,30.66975],[-97.35693,30.66931],[-97.35756,30.66886],[-97.35807,30.66848],[-97.35836,30.66828],[-97.35953,30.66742],[-97.36066,30.6666],[-97.36139,30.66607],[-97.36181,30.66575],[-97.36305,30.66483],[-97.36367,30.66442],[-97.36373,30.6644],[-97.36413,30.66421],[-97.36456,30.664],[-97.36505,30.66374],[-97.36525,30.66364],[-97.36532,30.66361],[-97.36615,30.66319],[-97.36651,30.663],[-97.36706,30.66271],[-97.36757,30.66243],[-97.36789,30.66225],[-97.36851,30.66189],[-97.36888,30.66167],[-97.37055,30.6607],[-97.37076,30.66058],[-97.37164,30.66006],[-97.37967,30.65535],[-97.38019,30.65505],[-97.38089,30.65465],[-97.38109,30.65454],[-97.38123,30.65448],[-97.38137,30.65443],[-97.38152,30.65439],[-97.38167,30.65435],[-97.38345,30.65379],[-97.38347,30.65379],[-97.38478,30.65338],[-97.38512,30.65327],[-97.38524,30.65323],[-97.38599,30.653],[-97.38624,30.65292],[-97.39214,30.65104],[-97.39244,30.65095],[-97.3927,30.65089],[-97.39295,30.65085],[-97.39321,30.65082],[-97.3937,30.65079],[-97.39421,30.65074],[-97.39445,30.6507],[-97.39468,30.65064],[-97.3972,30.64987],[-97.39793,30.64964],[-97.40036,30.64889],[-97.40066,30.64879],[-97.40089,30.6487],[-97.40111,30.64858],[-97.40132,30.64845],[-97.40367,30.6468],[-97.40508,30.64577],[-97.407,30.64436],[-97.40718,30.64421],[-97.40734,30.64405],[-97.40749,30.64388],[-97.40762,30.6437],[-97.40795,30.64316],[-97.40861,30.64205],[-97.40875,30.64185],[-97.40891,30.64167],[-97.40909,30.6415],[-97.40919,30.64141],[-97.40928,30.64134],[-97.40949,30.64118],[-97.40971,30.64104],[-97.40994,30.64091],[-97.41019,30.6408],[-97.41044,30.64071],[-97.41078,30.64061],[-97.41397,30.63971],[-97.41826,30.63853],[-97.41856,30.63845],[-97.41888,30.6384],[-97.41915,30.63839],[-97.41928,30.6384],[-97.41942,30.63842],[-97.41955,30.63844],[-97.41968,30.63847],[-97.41981,30.63851],[-97.41994,30.63855],[-97.42006,30.63861],[-97.42018,30.63866],[-97.42029,30.63873],[-97.4209,30.63904],[-97.42096,30.63906],[-97.42122,30.63914],[-97.42141,30.6392],[-97.42155,30.63922],[-97.42168,30.63924],[-97.42182,30.63924],[-97.42196,30.63924],[-97.4221,30.63924],[-97.42219,30.63922],[-97.42221,30.63922],[-97.42237,30.6392],[-97.4225,30.63916],[-97.42467,30.63849],[-97.42569,30.63817],[-97.42623,30.638],[-97.42875,30.63722],[-97.42908,30.63712],[-97.42937,30.63703],[-97.43005,30.6368],[-97.43077,30.63659],[-97.43129,30.63642],[-97.4328,30.63595],[-97.43384,30.63562],[-97.43442,30.63543],[-97.43478,30.63531],[-97.43513,30.63521],[-97.43593,30.63498],[-97.43559,30.63387],[-97.43556,30.63374],[-97.43554,30.63363],[-97.43546,30.63311],[-97.43534,30.63233],[-97.43532,30.63223],[-97.43521,30.63171],[-97.4352,30.63162],[-97.4352,30.6315],[-97.43521,30.63142],[-97.43523,30.63133],[-97.43526,30.63125],[-97.43529,30.63118],[-97.43533,30.6311],[-97.43581,30.63045],[-97.43587,30.63036],[-97.43593,30.63026],[-97.43597,30.63016],[-97.436,30.63008],[-97.43601,30.63006],[-97.43604,30.62995],[-97.43605,30.62985],[-97.43606,30.62974],[-97.43606,30.62963],[-97.43606,30.62952],[-97.43604,30.62942],[-97.43598,30.62919],[-97.4359,30.62894],[-97.43573,30.62855],[-97.43507,30.62703],[-97.43402,30.62455],[-97.43386,30.62422],[-97.43368,30.62391],[-97.43291,30.62272],[-97.43285,30.62263],[-97.4321,30.62144],[-97.43207,30.62139],[-97.43059,30.61909],[-97.43044,30.61884],[-97.43036,30.61872],[-97.43002,30.61821],[-97.4297,30.61772],[-97.42863,30.61606],[-97.4282,30.6154],[-97.42739,30.61411],[-97.42632,30.6144],[-97.42545,30.6146],[-97.42475,30.61476],[-97.42428,30.61488],[-97.4238,30.61501],[-97.42273,30.61534],[-97.42221,30.6141],[-97.42164,30.61275],[-97.4215,30.61241],[-97.4214,30.61217],[-97.4211,30.61146],[-97.4208,30.61077],[-97.42024,30.60946],[-97.41991,30.60867],[-97.41949,30.60762],[-97.41938,30.60736],[-97.41925,30.60705],[-97.41921,30.60697],[-97.41886,30.60615],[-97.41866,30.6057],[-97.41855,30.60544],[-97.41852,30.60537],[-97.41844,30.60517],[-97.41843,30.60517],[-97.41812,30.60443],[-97.41767,30.60338],[-97.41762,30.60326],[-97.4175,30.60299],[-97.41742,30.60279],[-97.41732,30.60256],[-97.41725,30.6024],[-97.41701,30.60184],[-97.41677,30.60128],[-97.41672,30.60114],[-97.41639,30.60037],[-97.41621,30.59993],[-97.4162,30.59989],[-97.41602,30.59947],[-97.41569,30.59872],[-97.41548,30.59822],[-97.41532,30.59785],[-97.41526,30.59772],[-97.41519,30.59755],[-97.41512,30.59738],[-97.41477,30.59655],[-97.41474,30.5965],[-97.41427,30.59539],[-97.41411,30.59499],[-97.41405,30.59485],[-97.41367,30.5939],[-97.41363,30.59382],[-97.41339,30.59325],[-97.41325,30.5929],[-97.41317,30.59271],[-97.41313,30.59263],[-97.4128,30.59184],[-97.41257,30.5913],[-97.41247,30.59104],[-97.4124,30.59085],[-97.41226,30.59041],[-97.41222,30.59029],[-97.41219,30.5902],[-97.41214,30.59],[-97.41203,30.58963],[-97.41202,30.58956],[-97.41199,30.58944],[-97.41188,30.58897],[-97.41184,30.58872],[-97.41176,30.58822],[-97.41167,30.58762],[-97.41166,30.58751],[-97.41164,30.58732],[-97.41162,30.58717],[-97.4116,30.58703],[-97.41157,30.58682],[-97.41155,30.58671],[-97.41154,30.58659],[-97.41151,30.58637],[-97.4115,30.58625],[-97.41149,30.58618],[-97.41144,30.58586],[-97.41142,30.58564],[-97.41141,30.58556],[-97.41136,30.5852],[-97.41135,30.58511],[-97.41134,30.58502],[-97.41132,30.58486],[-97.4113,30.58473],[-97.41128,30.58464],[-97.41128,30.58458],[-97.41126,30.58443],[-97.41125,30.58433],[-97.41124,30.58422],[-97.4112,30.58398],[-97.41119,30.58387],[-97.41117,30.58378],[-97.41116,30.58364],[-97.41111,30.58328],[-97.4111,30.58318],[-97.41106,30.58282],[-97.41101,30.58247],[-97.41099,30.5824],[-97.41089,30.58153],[-97.41085,30.58125],[-97.41083,30.58104],[-97.41079,30.58078],[-97.41076,30.58055],[-97.41076,30.58048],[-97.41072,30.58022],[-97.41071,30.58014],[-97.41069,30.57999],[-97.41068,30.57993],[-97.41067,30.57983],[-97.41065,30.5797],[-97.41065,30.57966],[-97.41063,30.57953],[-97.41059,30.57918],[-97.41048,30.57816],[-97.41045,30.57798],[-97.41045,30.57796],[-97.41042,30.57764],[-97.41036,30.5771],[-97.41036,30.57704],[-97.41027,30.5762],[-97.41021,30.57568],[-97.41021,30.57561],[-97.41019,30.57545],[-97.41017,30.5753],[-97.41007,30.57439],[-97.41004,30.57405],[-97.41001,30.57368],[-97.41,30.5736],[-97.40999,30.5735],[-97.40998,30.57341],[-97.40991,30.57256],[-97.40981,30.57169],[-97.4098,30.5716],[-97.40979,30.5715],[-97.40971,30.57074],[-97.4097,30.57064],[-97.40957,30.57065],[-97.40949,30.57066],[-97.40913,30.57069],[-97.40912,30.57059],[-97.40911,30.57054],[-97.4091,30.57042],[-97.40905,30.57],[-97.40903,30.56981],[-97.40901,30.56973],[-97.40948,30.56969],[-97.40959,30.56968],[-97.40959,30.56962],[-97.40955,30.5692],[-97.4095,30.56883],[-97.40949,30.56869],[-97.40948,30.56857],[-97.40941,30.568],[-97.40913,30.56534],[-97.40905,30.56472],[-97.40905,30.56463],[-97.409,30.56417],[-97.40896,30.56381],[-97.40895,30.56375],[-97.40888,30.56313],[-97.40885,30.5629],[-97.4088,30.56237],[-97.40863,30.56084],[-97.40858,30.56039],[-97.4085,30.55962],[-97.40839,30.55861],[-97.40831,30.55794],[-97.40829,30.5578],[-97.40823,30.5572],[-97.40819,30.55687],[-97.40814,30.55639],[-97.4081,30.55602],[-97.40808,30.55586],[-97.40805,30.55555],[-97.40801,30.55522],[-97.40795,30.55466],[-97.40791,30.55429],[-97.40788,30.5539],[-97.40788,30.55332],[-97.40789,30.55312],[-97.40793,30.55284],[-97.40798,30.55259],[-97.408,30.55252],[-97.40806,30.55233],[-97.40814,30.55207],[-97.40827,30.55175],[-97.40843,30.55139],[-97.40848,30.55127],[-97.40855,30.55109],[-97.40861,30.55092],[-97.40866,30.55079],[-97.40875,30.55047],[-97.40882,30.55015],[-97.40886,30.54982],[-97.40889,30.54949],[-97.40889,30.54922],[-97.40889,30.54895],[-97.40887,30.54868],[-97.40883,30.54842],[-97.40873,30.548],[-97.40865,30.54774],[-97.40856,30.54748],[-97.40843,30.54716],[-97.4083,30.5469],[-97.40818,30.54669],[-97.40811,30.54657],[-97.4079,30.54625],[-97.40745,30.54559],[-97.40595,30.54333],[-97.4059,30.54327],[-97.40547,30.54264],[-97.40543,30.54258],[-97.40527,30.54234],[-97.40521,30.54225],[-97.40503,30.54197],[-97.40477,30.54158],[-97.40456,30.54126],[-97.40455,30.54124],[-97.40442,30.541],[-97.40429,30.54074],[-97.40418,30.54047],[-97.40409,30.5402],[-97.40402,30.53993],[-97.40395,30.53953],[-97.40392,30.53934],[-97.40389,30.53912],[-97.40383,30.53846],[-97.40378,30.53787],[-97.40374,30.53742],[-97.40372,30.5372],[-97.4037,30.53697],[-97.40364,30.53629],[-97.40358,30.53568],[-97.40317,30.53126],[-97.40313,30.53077],[-97.40307,30.53027],[-97.40299,30.52978],[-97.40291,30.52941],[-97.40285,30.5292],[-97.4028,30.52904],[-97.40268,30.52867],[-97.40255,30.52835],[-97.40145,30.52571],[-97.4011,30.52485],[-97.39847,30.51852],[-97.39756,30.51635],[-97.39749,30.51618],[-97.39737,30.51584],[-97.3973,30.51558],[-97.39723,30.51535],[-97.39721,30.51521],[-97.39719,30.51511],[-97.39715,30.5148],[-97.39713,30.5145],[-97.39713,30.51419],[-97.39714,30.51399],[-97.39715,30.51388],[-97.39738,30.51243],[-97.39765,30.5107],[-97.39781,30.50967],[-97.39781,30.50963],[-97.39784,30.50951],[-97.39822,30.5073],[-97.39877,30.50417],[-97.39907,30.50249],[-97.39928,30.50131],[-97.39942,30.50052],[-97.39949,30.50013],[-97.40057,30.49405],[-97.40114,30.49088],[-97.40123,30.49046],[-97.40135,30.49],[-97.40173,30.48879],[-97.40211,30.48755],[-97.40237,30.48669],[-97.40251,30.48623],[-97.4026,30.48585],[-97.4027,30.48533],[-97.40273,30.48518],[-97.40333,30.4819],[-97.40431,30.47658],[-97.40436,30.47625],[-97.4044,30.47587],[-97.40442,30.47549],[-97.40442,30.47508],[-97.40441,30.47498],[-97.4044,30.47474],[-97.40453,30.47471],[-97.40468,30.47468],[-97.40516,30.47458],[-97.40617,30.47435],[-97.40757,30.47403],[-97.41043,30.47336],[-97.41149,30.47307],[-97.412,30.47299],[-97.41228,30.47297],[-97.41256,30.47297],[-97.41275,30.47297],[-97.41377,30.47312],[-97.41381,30.47313],[-97.4162,30.47344],[-97.41757,30.47354],[-97.41804,30.47357],[-97.41851,30.47359],[-97.41989,30.47368],[-97.42062,30.47375],[-97.42172,30.47392],[-97.42298,30.47412],[-97.42346,30.47425],[-97.42393,30.47442],[-97.42485,30.47487],[-97.4254,30.47514],[-97.42629,30.47557],[-97.42672,30.47575],[-97.42694,30.47582],[-97.42777,30.47608],[-97.42851,30.47628],[-97.42928,30.47641],[-97.43037,30.47653],[-97.43175,30.47665],[-97.43181,30.47665],[-97.4319,30.47665],[-97.43216,30.47665],[-97.43343,30.47657],[-97.43495,30.47639],[-97.43548,30.47632],[-97.43548,30.47632],[-97.43596,30.47631],[-97.43798,30.47635],[-97.43833,30.47636],[-97.43922,30.47639],[-97.44042,30.47655],[-97.44289,30.47693],[-97.44402,30.47711],[-97.44426,30.47715],[-97.44574,30.47738],[-97.4478,30.47769],[-97.44792,30.47771],[-97.44856,30.47782],[-97.45039,30.4782],[-97.45367,30.479],[-97.45431,30.47918],[-97.45447,30.4792],[-97.45495,30.47926],[-97.45515,30.47928],[-97.45602,30.47936],[-97.45652,30.4794],[-97.45709,30.47955],[-97.45785,30.47985],[-97.45883,30.48026],[-97.45901,30.48034],[-97.45916,30.4804],[-97.45928,30.48044],[-97.45965,30.48058],[-97.45996,30.48068],[-97.46016,30.48073],[-97.46031,30.48077],[-97.4609,30.48084],[-97.4612,30.48085],[-97.46165,30.48082],[-97.46251,30.4807],[-97.46443,30.48039],[-97.46473,30.48034],[-97.46529,30.48026],[-97.46575,30.48022],[-97.46626,30.48024],[-97.46644,30.48027],[-97.46663,30.48029],[-97.46697,30.48037],[-97.46743,30.48052],[-97.46856,30.48104],[-97.47033,30.48185],[-97.47068,30.482],[-97.47113,30.48221],[-97.47321,30.48316],[-97.47472,30.48389],[-97.47573,30.48433],[-97.47618,30.48448],[-97.47647,30.48456],[-97.47742,30.48473],[-97.47834,30.48488],[-97.47875,30.48496],[-97.47933,30.48511],[-97.48069,30.48564],[-97.48164,30.48605],[-97.48207,30.48627],[-97.48258,30.48663],[-97.48429,30.48813],[-97.48479,30.48845],[-97.48519,30.48864],[-97.48549,30.48874],[-97.486,30.48888],[-97.48679,30.48902],[-97.48795,30.48923],[-97.48869,30.48954],[-97.48921,30.48986],[-97.48962,30.49021],[-97.48993,30.4906],[-97.49027,30.4912],[-97.49032,30.49128],[-97.49052,30.49167],[-97.49083,30.49209],[-97.4912,30.49245],[-97.49155,30.49272],[-97.49163,30.49277],[-97.49207,30.49302],[-97.4924,30.49316],[-97.49328,30.49353],[-97.49355,30.49365],[-97.49382,30.49375],[-97.49408,30.49384],[-97.49452,30.49397],[-97.49489,30.49408],[-97.49602,30.49441],[-97.49738,30.49483],[-97.49779,30.49498],[-97.49915,30.49542],[-97.49962,30.49558],[-97.49967,30.49559],[-97.49969,30.4956],[-97.50013,30.49577],[-97.50043,30.49592],[-97.50068,30.49605],[-97.50205,30.49683],[-97.50308,30.49741],[-97.50436,30.49814],[-97.5054,30.49873],[-97.50611,30.49913],[-97.5064,30.49929],[-97.50663,30.49941],[-97.50691,30.49953],[-97.50719,30.49963],[-97.50735,30.49968],[-97.50759,30.49974],[-97.50779,30.49978],[-97.50799,30.49981],[-97.50847,30.49988],[-97.50859,30.4999],[-97.50931,30.5],[-97.51094,30.50022],[-97.51138,30.50028],[-97.51194,30.50037],[-97.51235,30.50045],[-97.51259,30.50052],[-97.51277,30.50059],[-97.51292,30.50065],[-97.51351,30.50097],[-97.51452,30.50159],[-97.51542,30.50213],[-97.51618,30.50255],[-97.51662,30.5028],[-97.51725,30.5032],[-97.51884,30.50438],[-97.5197,30.50502],[-97.51991,30.50518],[-97.52027,30.50543],[-97.52054,30.50565],[-97.52077,30.50588],[-97.52092,30.50604],[-97.521,30.50613],[-97.52121,30.50642],[-97.52131,30.50661],[-97.52142,30.50687],[-97.52148,30.50709],[-97.52151,30.50724],[-97.5216,30.50767],[-97.52175,30.50834],[-97.52176,30.50836],[-97.52181,30.50854],[-97.52188,30.50877],[-97.52199,30.509],[-97.5221,30.50921],[-97.52224,30.50942],[-97.52239,30.50961],[-97.52256,30.5098],[-97.52275,30.50998],[-97.52295,30.51014],[-97.52345,30.51047],[-97.52438,30.51091],[-97.5254,30.51137],[-97.52562,30.51148],[-97.52702,30.51212],[-97.52736,30.51228],[-97.52763,30.5124],[-97.52818,30.51265],[-97.52849,30.51277],[-97.52882,30.51286],[-97.52923,30.51295],[-97.52934,30.51297],[-97.53007,30.51306],[-97.53023,30.51309],[-97.53089,30.51317],[-97.53217,30.51335],[-97.53262,30.5134],[-97.53282,30.51343],[-97.53308,30.51347],[-97.53337,30.51353],[-97.53346,30.51356],[-97.53383,30.5137],[-97.534,30.51378],[-97.53428,30.51392],[-97.53448,30.51405],[-97.53467,30.5142],[-97.5349,30.51443],[-97.53511,30.51471],[-97.53614,30.51616],[-97.53653,30.51672],[-97.53674,30.51701],[-97.5369,30.51724],[-97.53711,30.51751],[-97.53721,30.51761],[-97.53732,30.51771],[-97.53747,30.51783],[-97.53766,30.51795],[-97.53782,30.51805],[-97.53805,30.51816],[-97.53824,30.51822],[-97.53874,30.51835],[-97.54038,30.51876],[-97.54066,30.51883],[-97.5409,30.51891],[-97.54135,30.51906],[-97.54184,30.51925],[-97.5434,30.51994],[-97.54458,30.52043],[-97.54478,30.52053],[-97.54493,30.52062],[-97.54502,30.52069],[-97.54512,30.52076],[-97.5452,30.52082],[-97.54525,30.52088],[-97.54533,30.52096],[-97.54542,30.52105],[-97.54546,30.5211],[-97.54551,30.52117],[-97.54555,30.52123],[-97.5456,30.52132],[-97.54565,30.52144],[-97.54572,30.52156],[-97.54579,30.52173],[-97.54581,30.52184],[-97.54583,30.52197],[-97.54585,30.5221],[-97.54585,30.52224],[-97.54583,30.52238],[-97.54578,30.52272],[-97.54559,30.52372],[-97.54548,30.52463],[-97.54528,30.52566],[-97.54501,30.52711],[-97.54469,30.52882],[-97.54469,30.52883],[-97.54444,30.53008],[-97.54394,30.53273],[-97.54392,30.53283],[-97.5439,30.53293],[-97.54349,30.53499],[-97.54337,30.53571],[-97.54285,30.5384],[-97.54262,30.53963],[-97.5426,30.53973],[-97.54244,30.54053],[-97.54231,30.54123],[-97.54211,30.54227],[-97.54202,30.54287],[-97.54202,30.54327],[-97.54204,30.54346],[-97.54208,30.5437],[-97.54264,30.54361],[-97.54316,30.54352],[-97.54389,30.54339],[-97.54489,30.54322],[-97.54504,30.54319],[-97.54547,30.54312],[-97.54593,30.54305],[-97.54645,30.543],[-97.54638,30.5434],[-97.54631,30.54379],[-97.54631,30.54384],[-97.5463,30.54388],[-97.54625,30.54416],[-97.54606,30.54516],[-97.54588,30.54609],[-97.54573,30.54682],[-97.54561,30.54746],[-97.54544,30.54832],[-97.54532,30.54898],[-97.54511,30.55014],[-97.54508,30.5503],[-97.54491,30.55123],[-97.54482,30.55168],[-97.54481,30.55176],[-97.54459,30.55299],[-97.54457,30.55311],[-97.54443,30.55394],[-97.5444,30.55419],[-97.5444,30.55428],[-97.5444,30.55453],[-97.54442,30.55478],[-97.54448,30.55508],[-97.54453,30.55536],[-97.5446,30.5558],[-97.54468,30.55634],[-97.5447,30.55647],[-97.54471,30.55657],[-97.54472,30.55664],[-97.54472,30.55688],[-97.54454,30.55788],[-97.54448,30.55824],[-97.54442,30.55865],[-97.54438,30.5589],[-97.54434,30.55912],[-97.54432,30.55923],[-97.54423,30.55956],[-97.54406,30.5605],[-97.54403,30.5607],[-97.54378,30.56196],[-97.54359,30.56287],[-97.5433,30.56461],[-97.54314,30.56546],[-97.543,30.56625],[-97.54281,30.56716],[-97.54265,30.56796],[-97.54259,30.56831],[-97.54256,30.56854],[-97.54256,30.56862],[-97.54256,30.56867],[-97.54257,30.56894],[-97.54259,30.56918],[-97.54264,30.56941],[-97.54271,30.56964],[-97.54291,30.57015],[-97.54411,30.57294],[-97.54425,30.57325],[-97.54471,30.57431],[-97.54505,30.57517],[-97.54516,30.57543],[-97.54563,30.57657],[-97.54567,30.57667],[-97.54573,30.57683],[-97.54578,30.57695],[-97.54589,30.5772],[-97.54598,30.5774],[-97.54611,30.57774],[-97.54627,30.57814],[-97.54714,30.58019],[-97.54727,30.58051],[-97.54747,30.58096],[-97.54761,30.58132],[-97.54796,30.58215],[-97.54833,30.5831],[-97.54838,30.5833],[-97.54841,30.5835],[-97.54842,30.58374],[-97.54864,30.58385],[-97.54874,30.58408],[-97.54909,30.58488],[-97.54934,30.58544],[-97.54942,30.58563],[-97.5501,30.58543],[-97.55103,30.5876],[-97.55176,30.58929],[-97.55219,30.59031],[-97.55219,30.59031],[-97.55739,30.58867],[-97.55785,30.58853],[-97.55827,30.58844],[-97.5587,30.58836],[-97.55911,30.58831],[-97.55956,30.58826],[-97.55998,30.58825],[-97.56045,30.58826],[-97.56105,30.58829],[-97.56378,30.58848],[-97.56422,30.5885],[-97.56479,30.5885],[-97.56523,30.58848],[-97.56584,30.58842],[-97.56885,30.58792],[-97.57005,30.58773],[-97.57067,30.58766],[-97.57104,30.58763],[-97.57126,30.58763],[-97.5717,30.58764],[-97.57209,30.58766],[-97.57227,30.58767],[-97.5728,30.58774],[-97.57335,30.58784],[-97.57391,30.58798],[-97.57465,30.58823],[-97.57544,30.58853],[-97.57731,30.58923],[-97.57997,30.59024],[-97.58119,30.59077],[-97.58148,30.59089],[-97.58243,30.59127],[-97.58339,30.59165],[-97.58411,30.59193],[-97.58421,30.59196],[-97.58453,30.59207],[-97.58492,30.59218],[-97.58515,30.59222],[-97.58526,30.59225],[-97.58571,30.59232],[-97.5861,30.59237],[-97.58647,30.5924],[-97.58688,30.5924],[-97.58732,30.59239],[-97.58773,30.59235],[-97.58816,30.59228],[-97.58865,30.5922],[-97.58903,30.59211],[-97.58932,30.59202],[-97.58994,30.59183],[-97.59128,30.59141],[-97.59141,30.59137],[-97.59179,30.59125],[-97.59206,30.59116],[-97.59342,30.59073],[-97.59382,30.59062],[-97.59426,30.59048],[-97.59432,30.59046],[-97.59562,30.59003],[-97.59889,30.58904],[-97.59946,30.58891],[-97.60036,30.58864],[-97.60161,30.58826],[-97.60383,30.58758],[-97.60669,30.58676],[-97.60948,30.58595],[-97.61263,30.58497],[-97.61326,30.58478],[-97.61503,30.58423],[-97.62456,30.58125],[-97.62559,30.58093],[-97.62632,30.58068],[-97.62676,30.5805],[-97.62709,30.58036],[-97.62763,30.5801],[-97.62842,30.57963],[-97.62973,30.57877],[-97.63041,30.57832],[-97.6308,30.5781],[-97.63151,30.57776],[-97.63196,30.57758],[-97.6322,30.57749],[-97.63233,30.57746],[-97.63311,30.57719],[-97.63354,30.57707],[-97.63815,30.57572],[-97.63862,30.57557],[-97.63871,30.57555],[-97.63886,30.57549],[-97.63901,30.57545],[-97.6448,30.57375],[-97.64537,30.57358],[-97.64603,30.57339],[-97.64637,30.57331],[-97.64684,30.57319],[-97.64794,30.57299],[-97.64902,30.57282],[-97.64952,30.57277],[-97.64974,30.57274],[-97.65025,30.57267],[-97.65038,30.57266],[-97.6506,30.57263],[-97.65074,30.57262],[-97.6512,30.57256],[-97.65128,30.57255],[-97.65145,30.57253],[-97.6516,30.5725],[-97.65174,30.57246],[-97.65189,30.57241],[-97.65207,30.57234],[-97.65214,30.57231],[-97.65227,30.57225],[-97.65246,30.57216],[-97.65264,30.57205],[-97.65272,30.57199],[-97.65276,30.5719],[-97.65287,30.57181],[-97.65296,30.57174],[-97.65341,30.57134],[-97.65421,30.57065],[-97.65436,30.57053],[-97.65449,30.57045],[-97.65462,30.57036],[-97.65476,30.57029],[-97.65492,30.57021],[-97.65506,30.57014],[-97.65522,30.57009],[-97.65537,30.57004],[-97.65586,30.56989],[-97.65601,30.56984],[-97.65657,30.56968],[-97.65661,30.56966],[-97.65794,30.56927],[-97.65926,30.56888],[-97.65933,30.56885],[-97.65946,30.56882],[-97.66022,30.56859],[-97.66246,30.56792],[-97.66323,30.56769],[-97.66415,30.56742],[-97.6646,30.56728],[-97.66472,30.56725],[-97.66486,30.5672],[-97.66521,30.5671],[-97.66587,30.5669],[-97.6671,30.56654],[-97.668,30.56627],[-97.66902,30.56597],[-97.66922,30.56591],[-97.66935,30.56587],[-97.66948,30.56583],[-97.66962,30.56579],[-97.6697,30.56576],[-97.66973,30.56575],[-97.67105,30.56536],[-97.67159,30.5652],[-97.67191,30.5651],[-97.67231,30.56495],[-97.67269,30.56477],[-97.67277,30.56473],[-97.67297,30.56462],[-97.67313,30.56454],[-97.67332,30.56441],[-97.67344,30.56433],[-97.67366,30.56417],[-97.67419,30.5638],[-97.67435,30.56369],[-97.67443,30.56364],[-97.67492,30.56332],[-97.67526,30.56316],[-97.67538,30.56311],[-97.67578,30.56294],[-97.67617,30.5628],[-97.67627,30.56277],[-97.67641,30.56273],[-97.67681,30.56263],[-97.67714,30.56254],[-97.67776,30.56237],[-97.67848,30.56217],[-97.6786,30.56214],[-97.67876,30.56215],[-97.67924,30.56202],[-97.67946,30.56196],[-97.68022,30.56175],[-97.68036,30.5617],[-97.6805,30.56166],[-97.68128,30.56144],[-97.68233,30.56114],[-97.6829,30.561],[-97.68298,30.56097],[-97.68309,30.56094],[-97.68327,30.56089],[-97.68387,30.56071],[-97.68443,30.56054],[-97.68496,30.56039],[-97.68565,30.56018],[-97.68622,30.56002],[-97.68639,30.55967],[-97.68643,30.55979],[-97.68648,30.55994],[-97.68655,30.55992],[-97.68719,30.55972],[-97.68747,30.55962],[-97.68779,30.5595],[-97.68798,30.55944],[-97.68823,30.55936],[-97.68901,30.55911],[-97.68915,30.55907],[-97.68928,30.55903],[-97.69012,30.55877],[-97.69066,30.55864],[-97.69097,30.55858],[-97.69116,30.55854],[-97.69131,30.55848],[-97.69134,30.55846],[-97.69138,30.55844],[-97.69148,30.55836],[-97.69149,30.55836],[-97.69154,30.55832],[-97.69163,30.55826],[-97.6917,30.55823],[-97.69179,30.5582],[-97.69189,30.55816],[-97.69197,30.55815],[-97.69206,30.55814],[-97.69217,30.55814],[-97.69294,30.55814],[-97.69311,30.55815],[-97.69313,30.55815],[-97.6932,30.55816],[-97.6933,30.55819],[-97.69342,30.55822],[-97.69351,30.55824],[-97.6936,30.55826],[-97.69377,30.55827],[-97.69404,30.55827],[-97.69434,30.55826],[-97.69486,30.55825],[-97.69519,30.55824],[-97.69577,30.55823],[-97.69635,30.55822],[-97.69685,30.55821],[-97.69818,30.55816],[-97.69865,30.55811],[-97.69933,30.55811],[-97.69999,30.5581],[-97.70038,30.55808],[-97.70081,30.55806],[-97.70124,30.55802],[-97.70168,30.55797],[-97.70205,30.55792],[-97.70235,30.55788],[-97.70296,30.55778],[-97.70351,30.55768],[-97.70358,30.55767],[-97.70438,30.55752],[-97.71174,30.55614],[-97.71421,30.55571],[-97.71493,30.55558],[-97.71607,30.55538],[-97.71975,30.55473],[-97.724,30.55396],[-97.725,30.55376],[-97.72639,30.55351],[-97.72737,30.5533],[-97.72803,30.55315],[-97.72976,30.55265],[-97.73103,30.55229],[-97.73182,30.55205],[-97.73238,30.55189],[-97.73251,30.55185],[-97.73304,30.5517],[-97.73374,30.55151],[-97.73477,30.55121],[-97.73544,30.55102],[-97.73763,30.55039],[-97.73811,30.55025],[-97.73822,30.55022],[-97.73836,30.55018],[-97.73893,30.55001],[-97.7392,30.54994],[-97.74004,30.54969],[-97.74123,30.54935],[-97.74199,30.54914],[-97.74246,30.54901],[-97.74487,30.54831],[-97.74535,30.54818],[-97.74556,30.54812],[-97.74786,30.54748],[-97.74801,30.54744],[-97.74846,30.54731],[-97.75574,30.54532],[-97.75593,30.54528],[-97.75635,30.54516],[-97.75717,30.54496],[-97.7576,30.54493],[-97.75864,30.5447],[-97.75947,30.5445],[-97.75993,30.54439],[-97.76042,30.54426],[-97.76059,30.54422],[-97.76338,30.54338],[-97.76497,30.54292],[-97.76556,30.54274],[-97.76679,30.54238],[-97.7694,30.5416],[-97.76962,30.54153],[-97.77039,30.54127],[-97.77118,30.54095],[-97.77186,30.54067],[-97.7723,30.54045],[-97.77298,30.5401],[-97.77335,30.53987],[-97.77357,30.53975],[-97.77411,30.53941],[-97.77448,30.53916],[-97.77512,30.5387],[-97.77527,30.5386],[-97.77555,30.53839],[-97.77597,30.53809],[-97.77633,30.53783],[-97.77686,30.53745],[-97.777,30.53736],[-97.77754,30.53702],[-97.77808,30.53669],[-97.77845,30.53647],[-97.77916,30.53612],[-97.77968,30.53588],[-97.78013,30.53568],[-97.78086,30.53539],[-97.78142,30.53516],[-97.78176,30.53504],[-97.78186,30.53501],[-97.78217,30.5349],[-97.78249,30.5348],[-97.7826,30.53477],[-97.78276,30.53472],[-97.7828,30.5348]]}},{"type":"Feature","properties":{"route":"Sisterdale, Kendalia & Luckenbach Run","category":"German Towns & Culture","color":"#8e44ad","waypoints":["Boerne","Sisterdale","Kendalia","Luckenbach"],"via":"FM 1376 -> FM 473 -> Kendalia -> Luckenbach","distance_mi":54.0,"source":"road-snapped","id":"sisterdale-kendalia-luckenbach-run"},"geometry":{"type":"LineString","coordinates":[[-98.72993,29.79403],[-98.73023,29.79461],[-98.73051,29.79513],[-98.73083,29.79501],[-98.73102,29.79493],[-98.73123,29.79485],[-98.73131,29.79482],[-98.73211,29.7945],[-98.73239,29.79504],[-98.73255,29.79535],[-98.73257,29.79539],[-98.73262,29.79548],[-98.73268,29.7956],[-98.73274,29.79572],[-98.7329,29.79603],[-98.7332,29.79661],[-98.73345,29.7971],[-98.73352,29.79724],[-98.73375,29.79768],[-98.73401,29.79819],[-98.73411,29.79838],[-98.73419,29.79852],[-98.73463,29.79934],[-98.73465,29.79938],[-98.73496,29.79995],[-98.73544,29.8009],[-98.73581,29.80161],[-98.73592,29.80182],[-98.73615,29.80225],[-98.73624,29.80242],[-98.73638,29.80269],[-98.73647,29.80285],[-98.73651,29.80294],[-98.73659,29.80307],[-98.7367,29.80329],[-98.73675,29.80338],[-98.73682,29.8035],[-98.73685,29.80356],[-98.73687,29.80359],[-98.73703,29.80381],[-98.73726,29.80407],[-98.73732,29.80414],[-98.7376,29.80437],[-98.73759,29.8047],[-98.73761,29.8053],[-98.73761,29.8057],[-98.73761,29.80584],[-98.73761,29.80607],[-98.7376,29.80635],[-98.7376,29.80637],[-98.7376,29.80647],[-98.7376,29.80704],[-98.73759,29.80762],[-98.73756,29.80856],[-98.73754,29.80921],[-98.73752,29.80986],[-98.73749,29.81129],[-98.73751,29.81161],[-98.73752,29.81165],[-98.73756,29.81176],[-98.73764,29.81187],[-98.73778,29.81198],[-98.73783,29.81201],[-98.73793,29.81207],[-98.73781,29.81231],[-98.7377,29.81256],[-98.73756,29.81291],[-98.7375,29.81304],[-98.73744,29.81329],[-98.73739,29.81352],[-98.73735,29.81381],[-98.7373,29.81422],[-98.7373,29.81433],[-98.73729,29.8145],[-98.73728,29.81475],[-98.73728,29.81508],[-98.73727,29.81575],[-98.73725,29.8161],[-98.73726,29.81658],[-98.73726,29.81659],[-98.73725,29.81723],[-98.73725,29.81768],[-98.73725,29.81775],[-98.73725,29.81785],[-98.73724,29.81816],[-98.73724,29.81834],[-98.73725,29.81912],[-98.73725,29.81935],[-98.73723,29.82004],[-98.73723,29.82142],[-98.73722,29.82193],[-98.73722,29.82338],[-98.73722,29.82347],[-98.73721,29.82434],[-98.73721,29.82452],[-98.73721,29.82672],[-98.73721,29.82754],[-98.7372,29.8293],[-98.73719,29.82993],[-98.73718,29.83148],[-98.73721,29.83227],[-98.73722,29.8326],[-98.73723,29.83272],[-98.73728,29.83338],[-98.73729,29.83343],[-98.73732,29.83377],[-98.73759,29.83588],[-98.7377,29.83674],[-98.7377,29.83684],[-98.73771,29.83687],[-98.73773,29.83722],[-98.73772,29.8376],[-98.73772,29.83764],[-98.73772,29.83768],[-98.73765,29.83842],[-98.73747,29.83926],[-98.73741,29.83948],[-98.73731,29.83983],[-98.73708,29.84065],[-98.73686,29.84146],[-98.73654,29.84259],[-98.73648,29.84278],[-98.73617,29.84386],[-98.73607,29.84421],[-98.7358,29.84516],[-98.73564,29.84563],[-98.7355,29.84598],[-98.73533,29.84629],[-98.73513,29.84662],[-98.73499,29.84683],[-98.73492,29.84694],[-98.73462,29.8473],[-98.73437,29.84754],[-98.73413,29.84775],[-98.73412,29.84776],[-98.73369,29.84811],[-98.73306,29.84851],[-98.7328,29.84863],[-98.73238,29.84884],[-98.73188,29.84907],[-98.73104,29.84946],[-98.73082,29.84956],[-98.72935,29.85022],[-98.72898,29.85041],[-98.72863,29.85062],[-98.7282,29.85094],[-98.72782,29.85126],[-98.72751,29.85158],[-98.72724,29.85191],[-98.72702,29.85223],[-98.72687,29.85249],[-98.72665,29.8529],[-98.72646,29.8534],[-98.72617,29.85441],[-98.72616,29.85448],[-98.72596,29.85501],[-98.7257,29.8555],[-98.72537,29.85605],[-98.72493,29.8567],[-98.72466,29.8572],[-98.72449,29.85758],[-98.72437,29.8579],[-98.72428,29.85822],[-98.72421,29.85857],[-98.7242,29.8586],[-98.72419,29.85867],[-98.7241,29.85955],[-98.72409,29.86017],[-98.72411,29.86052],[-98.72421,29.86241],[-98.72424,29.86303],[-98.72432,29.8638],[-98.72435,29.86395],[-98.72439,29.86417],[-98.72441,29.86429],[-98.72444,29.86452],[-98.72447,29.86465],[-98.72448,29.86473],[-98.72462,29.86533],[-98.72464,29.86541],[-98.72466,29.86549],[-98.72481,29.86603],[-98.72499,29.86656],[-98.72523,29.86736],[-98.72526,29.86747],[-98.72542,29.86808],[-98.72551,29.86842],[-98.72558,29.86879],[-98.72572,29.86964],[-98.72572,29.86967],[-98.72578,29.86999],[-98.72582,29.87029],[-98.72585,29.87083],[-98.72584,29.87094],[-98.72583,29.87119],[-98.72582,29.87154],[-98.72577,29.87194],[-98.72573,29.87224],[-98.72561,29.87278],[-98.72558,29.87287],[-98.72518,29.87407],[-98.72502,29.87454],[-98.72496,29.8748],[-98.72486,29.87519],[-98.72478,29.8756],[-98.72474,29.87637],[-98.72472,29.87813],[-98.72472,29.87878],[-98.7247,29.87979],[-98.72466,29.88219],[-98.72466,29.88239],[-98.72467,29.8865],[-98.72467,29.89019],[-98.72467,29.89239],[-98.72469,29.89281],[-98.72471,29.89295],[-98.72475,29.89323],[-98.72487,29.8938],[-98.72499,29.89441],[-98.7251,29.89494],[-98.72519,29.89544],[-98.72522,29.89573],[-98.72522,29.89581],[-98.72523,29.89629],[-98.72522,29.89644],[-98.7252,29.89663],[-98.72514,29.897],[-98.725,29.89754],[-98.72419,29.89952],[-98.72401,29.89999],[-98.72398,29.90013],[-98.72381,29.9008],[-98.72372,29.90146],[-98.72369,29.90214],[-98.72371,29.90253],[-98.72371,29.90269],[-98.72379,29.90324],[-98.72408,29.90477],[-98.72413,29.90554],[-98.72412,29.90645],[-98.72408,29.90784],[-98.72401,29.90831],[-98.72389,29.90876],[-98.72382,29.90916],[-98.72365,29.90953],[-98.72349,29.90988],[-98.72346,29.90995],[-98.72327,29.91041],[-98.72277,29.91155],[-98.72266,29.91177],[-98.72253,29.91202],[-98.72226,29.91245],[-98.72207,29.9127],[-98.72182,29.91298],[-98.72165,29.91316],[-98.72145,29.91335],[-98.72126,29.91352],[-98.72107,29.91367],[-98.72023,29.9143],[-98.71982,29.91468],[-98.71976,29.91473],[-98.71944,29.91509],[-98.71925,29.91535],[-98.71908,29.91561],[-98.71878,29.91617],[-98.7186,29.91662],[-98.71844,29.91725],[-98.71838,29.91772],[-98.71836,29.91837],[-98.71839,29.92022],[-98.71847,29.92552],[-98.71847,29.92586],[-98.71847,29.92592],[-98.71847,29.92595],[-98.71847,29.92596],[-98.71848,29.92645],[-98.71849,29.92925],[-98.71849,29.92975],[-98.7185,29.93135],[-98.7185,29.93164],[-98.71851,29.93244],[-98.71854,29.93489],[-98.71867,29.94122],[-98.71867,29.94564],[-98.71867,29.94652],[-98.71868,29.94784],[-98.71866,29.94811],[-98.71859,29.94909],[-98.71852,29.9496],[-98.71848,29.94985],[-98.71842,29.95019],[-98.71823,29.95104],[-98.7179,29.95225],[-98.71762,29.95328],[-98.71746,29.95413],[-98.7174,29.95448],[-98.71734,29.95508],[-98.71729,29.95602],[-98.71723,29.95805],[-98.71716,29.95944],[-98.71707,29.9625],[-98.71702,29.96433],[-98.717,29.96473],[-98.71702,29.96506],[-98.71708,29.96547],[-98.7171,29.96559],[-98.7172,29.96598],[-98.71733,29.96636],[-98.71747,29.96668],[-98.71749,29.96673],[-98.71768,29.96707],[-98.71822,29.96811],[-98.71799,29.96828],[-98.71756,29.96858],[-98.71658,29.96924],[-98.71654,29.96926],[-98.7161,29.96949],[-98.71585,29.96958],[-98.71559,29.96966],[-98.71531,29.96973],[-98.71503,29.96978],[-98.71475,29.9698],[-98.71459,29.96981],[-98.71417,29.96979],[-98.71279,29.96965],[-98.71237,29.96965],[-98.71225,29.96966],[-98.71182,29.96971],[-98.71153,29.96977],[-98.71125,29.96985],[-98.71098,29.96995],[-98.71071,29.97007],[-98.71046,29.9702],[-98.71022,29.97035],[-98.71,29.97052],[-98.7098,29.97069],[-98.70966,29.97085],[-98.70954,29.97097],[-98.70933,29.97128],[-98.70913,29.97162],[-98.70895,29.97206],[-98.70859,29.97308],[-98.70808,29.97454],[-98.70808,29.97455],[-98.70786,29.97518],[-98.70775,29.97547],[-98.70762,29.97585],[-98.70701,29.97764],[-98.70658,29.97909],[-98.70603,29.98092],[-98.70591,29.98122],[-98.70569,29.98162],[-98.70551,29.98186],[-98.70545,29.98193],[-98.70535,29.98204],[-98.70516,29.98223],[-98.70514,29.98225],[-98.70494,29.98241],[-98.70155,29.98481],[-98.70136,29.98492],[-98.70115,29.98504],[-98.70086,29.98517],[-98.70041,29.98532],[-98.69993,29.98542],[-98.69959,29.98545],[-98.69877,29.98546],[-98.69517,29.98546],[-98.69495,29.98546],[-98.69439,29.98546],[-98.69267,29.98545],[-98.69178,29.98545],[-98.69132,29.98543],[-98.69115,29.98541],[-98.69106,29.9854],[-98.69073,29.98534],[-98.69064,29.98531],[-98.69028,29.98524],[-98.68983,29.98511],[-98.6886,29.98474],[-98.68797,29.98463],[-98.68739,29.98452],[-98.68682,29.98442],[-98.68647,29.98434],[-98.68545,29.98396],[-98.68442,29.98352],[-98.68407,29.98336],[-98.68384,29.98323],[-98.68361,29.98307],[-98.68338,29.98289],[-98.68305,29.98258],[-98.68284,29.98236],[-98.68275,29.98225],[-98.68264,29.98212],[-98.6826,29.98206],[-98.6823,29.98161],[-98.68217,29.98135],[-98.68153,29.97998],[-98.68144,29.9798],[-98.68127,29.97949],[-98.68105,29.9792],[-98.68089,29.97901],[-98.6807,29.97883],[-98.68049,29.97866],[-98.68027,29.97851],[-98.68024,29.97849],[-98.68004,29.97837],[-98.67979,29.97825],[-98.67895,29.9779],[-98.67835,29.97768],[-98.67792,29.97755],[-98.67764,29.9775],[-98.67737,29.97746],[-98.67698,29.97744],[-98.67672,29.97745],[-98.67644,29.97748],[-98.67634,29.9775],[-98.67609,29.97755],[-98.67569,29.97766],[-98.67543,29.97777],[-98.67451,29.9782],[-98.67423,29.97833],[-98.67375,29.97853],[-98.671,29.97962],[-98.66992,29.98004],[-98.66909,29.98035],[-98.66897,29.9804],[-98.66803,29.98076],[-98.66461,29.98203],[-98.66419,29.98216],[-98.66374,29.98227],[-98.66311,29.98237],[-98.66279,29.98239],[-98.66217,29.9824],[-98.66175,29.98238],[-98.66134,29.98233],[-98.66125,29.98231],[-98.66041,29.98214],[-98.65951,29.98195],[-98.65829,29.98166],[-98.65765,29.98147],[-98.65755,29.98144],[-98.65502,29.9806],[-98.6538,29.98018],[-98.65148,29.97936],[-98.65077,29.97915],[-98.6502,29.97905],[-98.64951,29.97899],[-98.64906,29.97899],[-98.6486,29.97901],[-98.64817,29.97906],[-98.64725,29.97922],[-98.64524,29.97955],[-98.64473,29.97962],[-98.64421,29.97967],[-98.64417,29.97967],[-98.64352,29.97966],[-98.64319,29.97963],[-98.6427,29.97957],[-98.64212,29.97947],[-98.64081,29.97926],[-98.63883,29.97894],[-98.63543,29.9784],[-98.63446,29.97824],[-98.63401,29.97818],[-98.63365,29.97815],[-98.63327,29.97813],[-98.6318,29.97817],[-98.62915,29.9783],[-98.62834,29.97836],[-98.62805,29.97837],[-98.62787,29.97842],[-98.62726,29.97855],[-98.62463,29.97923],[-98.62348,29.97949],[-98.62208,29.97976],[-98.61873,29.98028],[-98.61833,29.98032],[-98.61806,29.98033],[-98.6161,29.9803],[-98.61589,29.98032],[-98.61568,29.98035],[-98.61542,29.98042],[-98.61513,29.98053],[-98.6149,29.98065],[-98.61465,29.98083],[-98.61438,29.9811],[-98.61403,29.98157],[-98.61383,29.98182],[-98.61366,29.98198],[-98.61338,29.9822],[-98.61318,29.98231],[-98.61297,29.98241],[-98.61283,29.98245],[-98.61266,29.98251],[-98.61254,29.98253],[-98.61244,29.98255],[-98.61221,29.98258],[-98.61196,29.98258],[-98.60923,29.98256],[-98.60896,29.98257],[-98.60841,29.98262],[-98.60788,29.98269],[-98.60739,29.98278],[-98.6048,29.98342],[-98.60429,29.98353],[-98.60395,29.98357],[-98.60351,29.98364],[-98.6031,29.98367],[-98.60255,29.9837],[-98.60179,29.98369],[-98.59705,29.98362],[-98.59616,29.98361],[-98.59521,29.98364],[-98.59517,29.98365],[-98.59402,29.9837],[-98.5934,29.98373],[-98.59315,29.98376],[-98.59309,29.98377],[-98.59266,29.98383],[-98.59241,29.98389],[-98.59132,29.98417],[-98.59054,29.98441],[-98.5903,29.9845],[-98.58998,29.98464],[-98.58872,29.98529],[-98.58847,29.9854],[-98.58807,29.98554],[-98.58767,29.98564],[-98.58724,29.9857],[-98.58679,29.98574],[-98.58633,29.98574],[-98.58518,29.98572],[-98.58465,29.9857],[-98.58433,29.98569],[-98.58338,29.9856],[-98.58207,29.98543],[-98.5812,29.98537],[-98.578,29.98528],[-98.57674,29.98523],[-98.57475,29.98517],[-98.5732,29.98514],[-98.57201,29.98512],[-98.57127,29.98512],[-98.5692,29.98513],[-98.56776,29.98516],[-98.56687,29.98518],[-98.56635,29.98517],[-98.56587,29.98512],[-98.56557,29.98506],[-98.56498,29.98489],[-98.56456,29.98471],[-98.56353,29.98417],[-98.563,29.98392],[-98.56271,29.98382],[-98.56241,29.98373],[-98.56193,29.98364],[-98.56159,29.9836],[-98.56106,29.98358],[-98.56079,29.98357],[-98.55741,29.9835],[-98.5567,29.98349],[-98.55663,29.98349],[-98.55209,29.9834],[-98.55147,29.98335],[-98.55101,29.98325],[-98.55056,29.98309],[-98.55025,29.98293],[-98.55004,29.98282],[-98.54977,29.98263],[-98.54934,29.98226],[-98.54906,29.98192],[-98.54888,29.98163],[-98.54805,29.97989],[-98.54793,29.97967],[-98.54771,29.97935],[-98.54738,29.97898],[-98.54722,29.97884],[-98.54703,29.97866],[-98.54672,29.97844],[-98.54626,29.97816],[-98.54547,29.97782],[-98.54167,29.97633],[-98.5409,29.97603],[-98.54082,29.97601],[-98.54012,29.97574],[-98.53962,29.97559],[-98.53856,29.97533],[-98.53688,29.97486],[-98.534,29.97389],[-98.53281,29.97354],[-98.53226,29.97344],[-98.53197,29.97339],[-98.5314,29.97334],[-98.52859,29.97313],[-98.52811,29.97304],[-98.52764,29.97289],[-98.52728,29.97272],[-98.52695,29.97253],[-98.52667,29.97233],[-98.52644,29.97213],[-98.52627,29.97194],[-98.52612,29.97179],[-98.52592,29.9715],[-98.52589,29.97146],[-98.52472,29.96998],[-98.52447,29.9697],[-98.52433,29.96957],[-98.52423,29.9695],[-98.52398,29.96931],[-98.52365,29.96915],[-98.52351,29.96909],[-98.52338,29.96904],[-98.52307,29.96896],[-98.52298,29.96895],[-98.52291,29.96894],[-98.52274,29.96892],[-98.52248,29.9689],[-98.52226,29.96892],[-98.52205,29.96894],[-98.5219,29.96898],[-98.52165,29.96904],[-98.52131,29.96913],[-98.52153,29.96981],[-98.52158,29.97005],[-98.52156,29.97012],[-98.52155,29.97015],[-98.52141,29.97043],[-98.52094,29.97121],[-98.5202,29.97314],[-98.52017,29.97518],[-98.52052,29.97889],[-98.52074,29.98068],[-98.52104,29.98311],[-98.5211,29.98362],[-98.52154,29.98814],[-98.52163,29.98928],[-98.52175,29.99047],[-98.52187,29.99172],[-98.52191,29.99242],[-98.5232,29.99374],[-98.52487,29.99554],[-98.52652,29.99736],[-98.52718,29.99822],[-98.52756,29.99898],[-98.52764,29.99915],[-98.52765,29.99916],[-98.52775,29.99936],[-98.52788,29.99962],[-98.52805,30.00012],[-98.52809,30.00021],[-98.52893,30.00074],[-98.52914,30.00113],[-98.52933,30.00205],[-98.5283,30.00551],[-98.52812,30.00611],[-98.52809,30.00632],[-98.52809,30.00651],[-98.52811,30.0066],[-98.52818,30.00673],[-98.52845,30.00711],[-98.52905,30.0082],[-98.52906,30.00823],[-98.5292,30.0084],[-98.52996,30.00931],[-98.53006,30.00959],[-98.53017,30.00972],[-98.53041,30.01002],[-98.53159,30.01234],[-98.53183,30.01294],[-98.53222,30.0139],[-98.53393,30.01896],[-98.53441,30.0197],[-98.53599,30.02131],[-98.53642,30.02172],[-98.53646,30.02176],[-98.53675,30.02204],[-98.53696,30.0222],[-98.537,30.02232],[-98.53721,30.023],[-98.53747,30.02364],[-98.53787,30.02539],[-98.53812,30.02891],[-98.53925,30.03065],[-98.53959,30.03173],[-98.54088,30.0338],[-98.54099,30.03432],[-98.54098,30.03463],[-98.54096,30.03524],[-98.54078,30.03597],[-98.54041,30.03664],[-98.53988,30.03752],[-98.53979,30.03774],[-98.53958,30.03821],[-98.5394,30.03875],[-98.53923,30.0398],[-98.5392,30.04021],[-98.53963,30.04073],[-98.53994,30.04109],[-98.5401,30.0413],[-98.54053,30.04181],[-98.54058,30.0419],[-98.54063,30.04204],[-98.54062,30.04219],[-98.54056,30.04243],[-98.54039,30.04288],[-98.53978,30.04416],[-98.53947,30.04485],[-98.53921,30.04558],[-98.53897,30.04626],[-98.53883,30.04676],[-98.53882,30.04692],[-98.53879,30.04774],[-98.53874,30.04817],[-98.53863,30.04857],[-98.53853,30.0488],[-98.53801,30.04963],[-98.5378,30.05003],[-98.53777,30.05017],[-98.53775,30.05025],[-98.53766,30.0509],[-98.53761,30.0512],[-98.53771,30.05119],[-98.53783,30.05117],[-98.53803,30.05108],[-98.53818,30.051],[-98.53825,30.05096],[-98.53832,30.0509],[-98.53839,30.05085],[-98.53856,30.05069],[-98.53856,30.05069],[-98.53839,30.05085],[-98.53832,30.0509],[-98.53825,30.05096],[-98.53818,30.051],[-98.53803,30.05108],[-98.53783,30.05117],[-98.53771,30.05119],[-98.53761,30.0512],[-98.53753,30.052],[-98.53747,30.05241],[-98.53739,30.05304],[-98.53711,30.05415],[-98.53696,30.05469],[-98.53683,30.05519],[-98.53494,30.06172],[-98.53491,30.06179],[-98.53489,30.06197],[-98.53458,30.06577],[-98.5345,30.06678],[-98.53445,30.06796],[-98.53447,30.06819],[-98.53474,30.06943],[-98.53499,30.07055],[-98.53508,30.07094],[-98.53508,30.07111],[-98.53502,30.07128],[-98.5349,30.07145],[-98.53384,30.07261],[-98.53374,30.07271],[-98.53355,30.07287],[-98.53235,30.07381],[-98.53226,30.07388],[-98.53214,30.07396],[-98.53183,30.07427],[-98.53177,30.07435],[-98.53173,30.07444],[-98.5316,30.07502],[-98.53153,30.07537],[-98.53148,30.07552],[-98.53143,30.07566],[-98.53103,30.07649],[-98.53023,30.07819],[-98.53011,30.07843],[-98.53008,30.07848],[-98.52941,30.07989],[-98.52874,30.08126],[-98.52869,30.08134],[-98.52862,30.08142],[-98.52854,30.08149],[-98.52785,30.08205],[-98.52748,30.08232],[-98.52746,30.08234],[-98.52742,30.08238],[-98.52732,30.08246],[-98.52722,30.08253],[-98.52712,30.08258],[-98.52702,30.08263],[-98.52642,30.08289],[-98.52635,30.08293],[-98.52614,30.08302],[-98.52596,30.08309],[-98.52579,30.08314],[-98.52509,30.0833],[-98.52424,30.08346],[-98.52404,30.0835],[-98.52353,30.08359],[-98.52301,30.0837],[-98.52274,30.08375],[-98.52263,30.08377],[-98.52252,30.08381],[-98.52241,30.08386],[-98.52232,30.08391],[-98.52223,30.08398],[-98.52213,30.08403],[-98.52203,30.0841],[-98.52195,30.08416],[-98.52186,30.08424],[-98.52175,30.08436],[-98.52171,30.0844],[-98.52168,30.08444],[-98.52163,30.08454],[-98.5216,30.08464],[-98.5214,30.08613],[-98.52121,30.08737],[-98.52121,30.08744],[-98.52121,30.08752],[-98.5213,30.08809],[-98.52135,30.08836],[-98.52136,30.08844],[-98.52136,30.08854],[-98.52135,30.08875],[-98.52132,30.0889],[-98.52129,30.08904],[-98.52127,30.0891],[-98.52106,30.09027],[-98.52104,30.09043],[-98.52105,30.09064],[-98.5211,30.09119],[-98.52113,30.0915],[-98.52113,30.09172],[-98.52109,30.09276],[-98.52108,30.0929],[-98.52102,30.09327],[-98.52098,30.09343],[-98.52096,30.0935],[-98.52093,30.09356],[-98.5209,30.09362],[-98.52086,30.09367],[-98.52081,30.09372],[-98.52076,30.09376],[-98.52068,30.0938],[-98.52036,30.09388],[-98.51961,30.09396],[-98.51945,30.09397],[-98.5193,30.09399],[-98.51923,30.094],[-98.51915,30.09402],[-98.51853,30.09423],[-98.5182,30.09436],[-98.51808,30.09441],[-98.51798,30.09447],[-98.51789,30.09453],[-98.5178,30.09459],[-98.51772,30.09466],[-98.51764,30.09474],[-98.51757,30.09482],[-98.51747,30.09496],[-98.5174,30.0951],[-98.51733,30.09532],[-98.51723,30.09565],[-98.51722,30.0957],[-98.51704,30.0964],[-98.51691,30.0968],[-98.51687,30.0969],[-98.51684,30.09698],[-98.5168,30.09705],[-98.51676,30.09711],[-98.51671,30.09718],[-98.51664,30.09725],[-98.51656,30.09732],[-98.51607,30.09771],[-98.51592,30.09782],[-98.51572,30.09801],[-98.5155,30.09818],[-98.51531,30.0983],[-98.51512,30.09843],[-98.51474,30.09865],[-98.51435,30.09887],[-98.51404,30.09903],[-98.51355,30.09926],[-98.5129,30.09962],[-98.51239,30.09987],[-98.51229,30.09992],[-98.51219,30.09999],[-98.5121,30.10005],[-98.51201,30.10012],[-98.51195,30.10018],[-98.51189,30.10025],[-98.51185,30.10032],[-98.51182,30.10039],[-98.5118,30.10047],[-98.51178,30.10057],[-98.51178,30.10059],[-98.51178,30.10065],[-98.51178,30.10074],[-98.5118,30.10102],[-98.5118,30.10129],[-98.51179,30.10183],[-98.51179,30.1019],[-98.5118,30.10194],[-98.51186,30.10202],[-98.51197,30.10221],[-98.512,30.10226],[-98.51217,30.10223],[-98.51242,30.10222],[-98.51266,30.10224],[-98.51309,30.1021],[-98.51327,30.10205],[-98.51341,30.10202],[-98.51345,30.10201],[-98.51351,30.102],[-98.51376,30.10196],[-98.51399,30.10194],[-98.51401,30.10194],[-98.51427,30.10194],[-98.51452,30.10195],[-98.51591,30.10212],[-98.51616,30.10217],[-98.51623,30.10218],[-98.51646,30.10224],[-98.5166,30.10228],[-98.51675,30.10233],[-98.51704,30.10243],[-98.51733,30.10254],[-98.51784,30.10279],[-98.51855,30.10313],[-98.51878,30.10322],[-98.51902,30.1033],[-98.51914,30.10333],[-98.51926,30.10336],[-98.51951,30.1034],[-98.51976,30.10343],[-98.52001,30.10343],[-98.52045,30.10342],[-98.52052,30.10341],[-98.52076,30.10339],[-98.52106,30.10334],[-98.52136,30.10327],[-98.52163,30.10321],[-98.52369,30.10276],[-98.52421,30.10265],[-98.52489,30.1025],[-98.52567,30.10231],[-98.52599,30.10225],[-98.52619,30.10222],[-98.52637,30.1022],[-98.52657,30.1022],[-98.52688,30.10222],[-98.52707,30.10223],[-98.52726,30.10225],[-98.52746,30.10229],[-98.52767,30.10234],[-98.52786,30.1024],[-98.52804,30.10245],[-98.52823,30.10253],[-98.52843,30.10262],[-98.52865,30.10274],[-98.5288,30.10283],[-98.52937,30.10323],[-98.5295,30.10334],[-98.5299,30.1036],[-98.53005,30.10368],[-98.53044,30.10387],[-98.53059,30.10393],[-98.53123,30.10416],[-98.53142,30.10422],[-98.53192,30.10441],[-98.53204,30.10445],[-98.53228,30.10452],[-98.53253,30.10457],[-98.53277,30.1046],[-98.53302,30.10462],[-98.53327,30.10462],[-98.53358,30.1046],[-98.53388,30.10457],[-98.53418,30.10451],[-98.53447,30.10443],[-98.53476,30.10433],[-98.53482,30.1043],[-98.53523,30.10412],[-98.53559,30.10395],[-98.53586,30.10383],[-98.53614,30.10374],[-98.53643,30.10366],[-98.53672,30.1036],[-98.53696,30.10357],[-98.53706,30.10357],[-98.53721,30.10356],[-98.53745,30.10357],[-98.53821,30.10364],[-98.53909,30.10374],[-98.53913,30.10374],[-98.54046,30.10388],[-98.54188,30.10403],[-98.54226,30.10405],[-98.54264,30.10405],[-98.543,30.10403],[-98.54327,30.10401],[-98.54393,30.10397],[-98.54417,30.10396],[-98.54441,30.10397],[-98.54466,30.10399],[-98.54489,30.10403],[-98.5456,30.10419],[-98.54565,30.10419],[-98.54591,30.10423],[-98.54622,30.10424],[-98.54645,30.10424],[-98.54653,30.10424],[-98.54684,30.10422],[-98.5471,30.10418],[-98.54715,30.10417],[-98.54883,30.1038],[-98.5495,30.10366],[-98.54968,30.10363],[-98.54999,30.1036],[-98.5503,30.10358],[-98.55061,30.10359],[-98.55092,30.10362],[-98.5515,30.10373],[-98.55175,30.10377],[-98.55266,30.10393],[-98.5529,30.10396],[-98.55295,30.10397],[-98.55332,30.104],[-98.55432,30.10405],[-98.55457,30.10404],[-98.55481,30.10402],[-98.55506,30.10398],[-98.5553,30.10393],[-98.55532,30.10392],[-98.55568,30.10382],[-98.55601,30.10375],[-98.5563,30.10369],[-98.5566,30.10365],[-98.55691,30.10362],[-98.5572,30.10362],[-98.5581,30.1036],[-98.55959,30.10359],[-98.56013,30.10358],[-98.56256,30.10355],[-98.56418,30.10351],[-98.56508,30.10348],[-98.56564,30.10351],[-98.56615,30.1036],[-98.56663,30.10374],[-98.56707,30.10394],[-98.57088,30.1061],[-98.57148,30.1064],[-98.57189,30.10656],[-98.57219,30.10663],[-98.57262,30.10671],[-98.57299,30.10673],[-98.5733,30.10673],[-98.57357,30.10671],[-98.57378,30.10668],[-98.5739,30.10666],[-98.57415,30.10661],[-98.57452,30.10649],[-98.57522,30.10615],[-98.576,30.10576],[-98.57653,30.10549],[-98.578,30.10476],[-98.57876,30.10438],[-98.57948,30.10406],[-98.57993,30.10394],[-98.5804,30.10386],[-98.58087,30.10384],[-98.58103,30.10385],[-98.58135,30.10388],[-98.58166,30.10393],[-98.58197,30.10401],[-98.58454,30.10476],[-98.58584,30.10515],[-98.58652,30.10533],[-98.58686,30.1054],[-98.5906,30.10607],[-98.59208,30.10631],[-98.59826,30.10716],[-98.59881,30.10724],[-98.59933,30.10734],[-98.60068,30.10769],[-98.60295,30.10831],[-98.60446,30.10871],[-98.60559,30.10901],[-98.60839,30.10979],[-98.60928,30.11003],[-98.61183,30.11074],[-98.61219,30.11083],[-98.61256,30.11089],[-98.61311,30.11093],[-98.61366,30.11091],[-98.61419,30.11084],[-98.61479,30.11074],[-98.61548,30.11059],[-98.61593,30.11052],[-98.61629,30.11049],[-98.61653,30.11047],[-98.61664,30.11047],[-98.61699,30.11048],[-98.6173,30.1105],[-98.61746,30.11051],[-98.61793,30.11058],[-98.62005,30.11091],[-98.62074,30.11103],[-98.62148,30.11114],[-98.62215,30.11129],[-98.62279,30.11146],[-98.62314,30.11155],[-98.62379,30.11171],[-98.62452,30.1119],[-98.62486,30.11197],[-98.62519,30.11202],[-98.62582,30.11202],[-98.62659,30.11198],[-98.63071,30.11179],[-98.63116,30.11178],[-98.63164,30.11178],[-98.63199,30.11181],[-98.63233,30.11186],[-98.63281,30.11199],[-98.63511,30.11285],[-98.63686,30.1135],[-98.63733,30.11363],[-98.63778,30.11373],[-98.63822,30.1138],[-98.63852,30.11383],[-98.64074,30.11387],[-98.64135,30.11388],[-98.64232,30.11392],[-98.64236,30.11392],[-98.64287,30.11393],[-98.64331,30.11391],[-98.64372,30.11387],[-98.64417,30.1138],[-98.64584,30.1134],[-98.64597,30.11337],[-98.64621,30.11332],[-98.64659,30.11327],[-98.64715,30.11325],[-98.64753,30.11327],[-98.64777,30.11329],[-98.64791,30.11332],[-98.64808,30.11335],[-98.64859,30.11348],[-98.64951,30.11376],[-98.64981,30.11385],[-98.6501,30.11392],[-98.65033,30.11397],[-98.65086,30.11405],[-98.65121,30.11408],[-98.65157,30.11408],[-98.65247,30.11406],[-98.65457,30.11402],[-98.65497,30.11405],[-98.65506,30.11407],[-98.65549,30.11414],[-98.65567,30.11419],[-98.65597,30.11431],[-98.65628,30.11445],[-98.65664,30.11466],[-98.65693,30.11488],[-98.65735,30.11527],[-98.65953,30.11737],[-98.66058,30.11834],[-98.661,30.11871],[-98.66148,30.11906],[-98.66199,30.1194],[-98.66234,30.1196],[-98.66434,30.12063],[-98.66483,30.12091],[-98.66565,30.12147],[-98.6676,30.12302],[-98.66772,30.12313],[-98.66826,30.12351],[-98.66896,30.12396],[-98.67045,30.12485],[-98.67078,30.12508],[-98.67109,30.12532],[-98.6715,30.12572],[-98.67189,30.12616],[-98.67463,30.12989],[-98.67474,30.13002],[-98.67484,30.13015],[-98.67506,30.13039],[-98.67528,30.13061],[-98.6756,30.13089],[-98.67592,30.13113],[-98.67645,30.13147],[-98.67907,30.13296],[-98.67973,30.13331],[-98.68027,30.13356],[-98.68081,30.13377],[-98.687,30.13593],[-98.68739,30.13608],[-98.68763,30.13619],[-98.68785,30.13631],[-98.68815,30.13651],[-98.68833,30.13665],[-98.68858,30.13687],[-98.68959,30.13795],[-98.68994,30.13832],[-98.69017,30.13858],[-98.69064,30.13907],[-98.6921,30.14063],[-98.69244,30.14107],[-98.69273,30.14155],[-98.69289,30.14185],[-98.69305,30.14228],[-98.69356,30.14373],[-98.69404,30.14505],[-98.69439,30.14591],[-98.69457,30.1463],[-98.69482,30.14679],[-98.69532,30.14773],[-98.69628,30.14949],[-98.6964,30.14968],[-98.69654,30.14987],[-98.69669,30.15005],[-98.69683,30.15019],[-98.69694,30.15029],[-98.69714,30.15045],[-98.69734,30.15059],[-98.69756,30.15072],[-98.69782,30.15086],[-98.69799,30.15093],[-98.69821,30.15101],[-98.69847,30.15109],[-98.69878,30.15116],[-98.69921,30.15122],[-98.70139,30.15145],[-98.70183,30.15151],[-98.70211,30.15156],[-98.70252,30.15167],[-98.70292,30.15182],[-98.70342,30.15206],[-98.70389,30.15237],[-98.70423,30.15263],[-98.70544,30.15367],[-98.70586,30.15401],[-98.70615,30.15422],[-98.70642,30.1544],[-98.70678,30.15463],[-98.70714,30.15482],[-98.70755,30.15503],[-98.70791,30.15519],[-98.71028,30.15618],[-98.71115,30.15652],[-98.71255,30.15709],[-98.71289,30.15721],[-98.71319,30.15731],[-98.71348,30.15737],[-98.71383,30.15745],[-98.71414,30.15749],[-98.71439,30.15752],[-98.71471,30.15753],[-98.72079,30.15761],[-98.72113,30.15765],[-98.72145,30.1577],[-98.72177,30.15779],[-98.72209,30.1579],[-98.72239,30.15804],[-98.7228,30.15829],[-98.72306,30.15848],[-98.72328,30.15868],[-98.72368,30.15912],[-98.72436,30.15992],[-98.72643,30.16239],[-98.72662,30.16261],[-98.72685,30.16283],[-98.72719,30.16309],[-98.72743,30.16324],[-98.72768,30.16337],[-98.72806,30.16352],[-98.72846,30.16365],[-98.72875,30.16371],[-98.72907,30.16375],[-98.72948,30.16378],[-98.73178,30.16386],[-98.73255,30.16386],[-98.73315,30.16381],[-98.73529,30.16342],[-98.73563,30.16337],[-98.73598,30.16334],[-98.73664,30.16332],[-98.74077,30.16327],[-98.74232,30.16324],[-98.74233,30.16336],[-98.74237,30.16371],[-98.74241,30.16488],[-98.74246,30.16632],[-98.7426,30.16959],[-98.74262,30.1699],[-98.74266,30.17014],[-98.74276,30.17052],[-98.74282,30.17073],[-98.74288,30.17088],[-98.74308,30.17137],[-98.74319,30.17157],[-98.74334,30.17183],[-98.74399,30.17282],[-98.74418,30.17311],[-98.74545,30.17508],[-98.74566,30.17542],[-98.74622,30.17626],[-98.74696,30.17738],[-98.74719,30.17772],[-98.74753,30.17813],[-98.74768,30.17828],[-98.74801,30.17854],[-98.74837,30.17876],[-98.74887,30.17898],[-98.74917,30.17909],[-98.74948,30.17917],[-98.751,30.17948],[-98.75128,30.17954],[-98.75176,30.17964],[-98.75221,30.17975],[-98.75279,30.17991],[-98.75373,30.18023],[-98.75468,30.18057],[-98.75481,30.18062],[-98.75582,30.181],[-98.75602,30.18107],[-98.7561,30.18086],[-98.75611,30.18079],[-98.75671,30.1808],[-98.75668,30.18047],[-98.75668,30.18022],[-98.75674,30.18004],[-98.75689,30.17991]]}},{"type":"Feature","properties":{"route":"Pedernales Wine Country Sweep","category":"German Towns & Culture","color":"#8e44ad","waypoints":["Fredericksburg","Tivydale","Stonewall","Johnson City"],"via":"FM 2093 Tivydale -> US 290 Wine Road -> Stonewall","distance_mi":77.7,"source":"road-snapped","id":"pedernales-wine-country-sweep"},"geometry":{"type":"LineString","coordinates":[[-98.8721,30.2753],[-98.87219,30.2752],[-98.8723,30.27509],[-98.87239,30.27517],[-98.8732,30.27577],[-98.87357,30.27603],[-98.87391,30.27627],[-98.87404,30.27637],[-98.87414,30.27644],[-98.87422,30.2765],[-98.87433,30.27658],[-98.87495,30.27704],[-98.87531,30.27729],[-98.87562,30.27752],[-98.87571,30.27759],[-98.87579,30.27765],[-98.87594,30.27775],[-98.87727,30.27872],[-98.87738,30.2788],[-98.87746,30.27886],[-98.87904,30.28002],[-98.87936,30.28024],[-98.87942,30.28028],[-98.87964,30.28045],[-98.87978,30.28054],[-98.87986,30.2806],[-98.88033,30.28093],[-98.88071,30.2812],[-98.88119,30.28154],[-98.88147,30.28174],[-98.8824,30.28239],[-98.88299,30.28281],[-98.88333,30.28306],[-98.88407,30.28358],[-98.88445,30.28386],[-98.88479,30.2841],[-98.88495,30.28422],[-98.8851,30.28433],[-98.88552,30.28463],[-98.88571,30.28477],[-98.88583,30.28495],[-98.88603,30.2851],[-98.8861,30.28515],[-98.88628,30.28521],[-98.88644,30.28528],[-98.88658,30.28533],[-98.8868,30.28539],[-98.88681,30.28539],[-98.88689,30.28541],[-98.88698,30.28542],[-98.88707,30.28545],[-98.88716,30.28547],[-98.88728,30.2855],[-98.88751,30.28553],[-98.88763,30.2855],[-98.8879,30.28552],[-98.88816,30.28552],[-98.8884,30.28551],[-98.88869,30.28548],[-98.88892,30.28544],[-98.88916,30.28538],[-98.8894,30.28531],[-98.88951,30.28528],[-98.8909,30.28487],[-98.89126,30.28476],[-98.89326,30.28416],[-98.89451,30.28378],[-98.89475,30.2837],[-98.89518,30.28356],[-98.89543,30.2835],[-98.89616,30.28327],[-98.89712,30.28301],[-98.89809,30.28271],[-98.9028,30.28128],[-98.90414,30.28089],[-98.90556,30.28046],[-98.90583,30.28038],[-98.90644,30.2802],[-98.90747,30.2799],[-98.90785,30.27983],[-98.90823,30.27977],[-98.90893,30.27973],[-98.91333,30.27972],[-98.91484,30.27971],[-98.91679,30.27971],[-98.91913,30.2797],[-98.92039,30.27969],[-98.92061,30.27969],[-98.92304,30.27967],[-98.92344,30.27967],[-98.92601,30.27964],[-98.92705,30.27963],[-98.93107,30.27959],[-98.9328,30.27958],[-98.93379,30.27958],[-98.9345,30.2796],[-98.93494,30.27963],[-98.93543,30.27969],[-98.93568,30.27973],[-98.93637,30.27987],[-98.93661,30.27993],[-98.9371,30.28007],[-98.9382,30.28039],[-98.94119,30.28125],[-98.94641,30.28275],[-98.94739,30.28305],[-98.94776,30.28318],[-98.94812,30.28333],[-98.94895,30.28372],[-98.94978,30.28413],[-98.95318,30.28584],[-98.95516,30.28682],[-98.95656,30.28751],[-98.95758,30.28801],[-98.96022,30.28931],[-98.96264,30.29051],[-98.96482,30.29156],[-98.96526,30.29174],[-98.96592,30.29186],[-98.96659,30.2918],[-98.96775,30.29164],[-98.9693,30.29133],[-98.97096,30.29097],[-98.97166,30.29086],[-98.9724,30.29082],[-98.97324,30.29082],[-98.97345,30.29087],[-98.97486,30.29123],[-98.98111,30.29359],[-98.98449,30.29487],[-98.99062,30.29705],[-98.99152,30.29738],[-98.99238,30.29754],[-98.99356,30.29764],[-98.9944,30.29764],[-98.99533,30.29766],[-98.99572,30.29766],[-98.99715,30.29778],[-98.99781,30.29799],[-98.99949,30.29895],[-98.99976,30.29912],[-99.00019,30.29934],[-99.0005,30.29954],[-99.0008,30.29969],[-99.00114,30.29984],[-99.00169,30.30005],[-99.00262,30.30014],[-99.00323,30.30012],[-99.00418,30.29991],[-99.00481,30.29964],[-99.00632,30.29882],[-99.00728,30.29854],[-99.00907,30.2981],[-99.01005,30.29764],[-99.01118,30.29716],[-99.01485,30.29546],[-99.01572,30.2953],[-99.01677,30.29528],[-99.01806,30.29544],[-99.01969,30.29563],[-99.02316,30.29597],[-99.02367,30.29602],[-99.02714,30.29635],[-99.02782,30.2964],[-99.02839,30.29644],[-99.02838,30.29254],[-99.02838,30.29244],[-99.02836,30.28897],[-99.02836,30.28897],[-99.02838,30.29244],[-99.02838,30.29254],[-99.02839,30.29644],[-99.02888,30.29644],[-99.03313,30.29601],[-99.03318,30.29601],[-99.03522,30.29582],[-99.036,30.29579],[-99.03623,30.29581],[-99.03766,30.29598],[-99.03864,30.29629],[-99.03934,30.29658],[-99.03994,30.29694],[-99.04447,30.29972],[-99.04552,30.30032],[-99.04677,30.30086],[-99.04771,30.30113],[-99.05123,30.30191],[-99.05151,30.30199],[-99.05394,30.30254],[-99.05462,30.30266],[-99.05543,30.3027],[-99.0566,30.30269],[-99.05732,30.30269],[-99.05749,30.30269],[-99.05822,30.30264],[-99.05931,30.30254],[-99.06068,30.3024],[-99.06607,30.3018],[-99.07608,30.30076],[-99.08644,30.29958],[-99.0879,30.29943],[-99.08837,30.29938],[-99.09016,30.29939],[-99.09097,30.29939],[-99.09519,30.29944],[-99.09917,30.29945],[-99.10544,30.29944],[-99.11748,30.29948],[-99.12294,30.29946],[-99.13062,30.29948],[-99.13211,30.29948],[-99.13269,30.29944],[-99.13531,30.29922],[-99.13766,30.29906],[-99.14172,30.29877],[-99.14377,30.29863],[-99.14868,30.29825],[-99.15194,30.29796],[-99.15479,30.29776],[-99.15624,30.29766],[-99.15701,30.29758],[-99.15856,30.29748],[-99.16537,30.29699],[-99.16617,30.297],[-99.16698,30.29717],[-99.16776,30.29746],[-99.1686,30.29789],[-99.17096,30.2994],[-99.17184,30.29988],[-99.17235,30.30011],[-99.17297,30.30031],[-99.1736,30.30042],[-99.17417,30.30044],[-99.17695,30.3004],[-99.18578,30.30038],[-99.19242,30.30033],[-99.19482,30.30032],[-99.20731,30.30019],[-99.20863,30.3002],[-99.21013,30.30018],[-99.21387,30.30015],[-99.21584,30.30012],[-99.219,30.30009],[-99.22215,30.30008],[-99.22677,30.30005],[-99.23276,30.30002],[-99.23556,30.30001],[-99.23651,30.3],[-99.23981,30.29997],[-99.24109,30.29998],[-99.2419,30.29999],[-99.24221,30.3],[-99.24218,30.29982],[-99.24216,30.2997],[-99.24212,30.29952],[-99.24204,30.29921],[-99.24192,30.29893],[-99.24187,30.29882],[-99.24142,30.29796],[-99.24105,30.29727],[-99.24043,30.29609],[-99.24035,30.29593],[-99.23891,30.29322],[-99.23862,30.29275],[-99.2382,30.29225],[-99.23781,30.29188],[-99.23732,30.29149],[-99.23676,30.29113],[-99.23352,30.28925],[-99.23296,30.28892],[-99.2322,30.28847],[-99.23176,30.28821],[-99.22921,30.28673],[-99.2277,30.28585],[-99.22737,30.28569],[-99.22703,30.28554],[-99.22655,30.28538],[-99.22601,30.28524],[-99.22533,30.28507],[-99.22491,30.28496],[-99.2204,30.28385],[-99.21561,30.28267],[-99.21521,30.28257],[-99.21486,30.28246],[-99.21441,30.2823],[-99.21405,30.28214],[-99.21362,30.28191],[-99.21328,30.28171],[-99.21288,30.28142],[-99.2126,30.28119],[-99.21231,30.28091],[-99.20844,30.2766],[-99.2077,30.27582],[-99.20639,30.27436],[-99.20611,30.27411],[-99.20581,30.27386],[-99.2054,30.27358],[-99.20505,30.27337],[-99.20461,30.27316],[-99.20416,30.27297],[-99.2038,30.27286],[-99.20325,30.27272],[-99.20297,30.27268],[-99.18945,30.27001],[-99.18333,30.26879],[-99.18148,30.26849],[-99.17513,30.26749],[-99.17502,30.26747],[-99.17088,30.26683],[-99.1705,30.26674],[-99.17031,30.26669],[-99.17008,30.26661],[-99.16993,30.26655],[-99.16977,30.26647],[-99.16957,30.26637],[-99.1694,30.26626],[-99.16923,30.26614],[-99.16907,30.26602],[-99.16888,30.26586],[-99.1687,30.26569],[-99.16857,30.26554],[-99.16845,30.26538],[-99.16833,30.26518],[-99.16819,30.26493],[-99.1681,30.26472],[-99.16805,30.26453],[-99.16801,30.26439],[-99.16798,30.26426],[-99.16796,30.26413],[-99.16794,30.26393],[-99.16791,30.26145],[-99.16789,30.26104],[-99.16786,30.26084],[-99.16778,30.26056],[-99.16768,30.2603],[-99.16755,30.26004],[-99.16737,30.25975],[-99.16718,30.25951],[-99.16681,30.25916],[-99.16651,30.25893],[-99.16625,30.25877],[-99.16598,30.25863],[-99.16569,30.25851],[-99.1654,30.25842],[-99.16511,30.25835],[-99.16487,30.25831],[-99.16455,30.25828],[-99.16299,30.25826],[-99.15928,30.25826],[-99.1529,30.25806],[-99.14621,30.25792],[-99.14243,30.25784],[-99.14141,30.2578],[-99.14115,30.25777],[-99.14096,30.25776],[-99.14035,30.25769],[-99.13936,30.25754],[-99.13742,30.25722],[-99.13301,30.2565],[-99.12863,30.25579],[-99.12471,30.25513],[-99.12279,30.25481],[-99.12041,30.25443],[-99.11779,30.25401],[-99.11485,30.25352],[-99.11415,30.25339],[-99.11383,30.25331],[-99.11352,30.25323],[-99.11261,30.25292],[-99.11129,30.25244],[-99.10653,30.25072],[-99.10219,30.24914],[-99.10069,30.24861],[-99.10034,30.24849],[-99.09982,30.24835],[-99.09913,30.24821],[-99.09769,30.24796],[-99.09764,30.24795],[-99.0954,30.24756],[-99.09462,30.24743],[-99.09425,30.24739],[-99.09355,30.24736],[-99.09288,30.24738],[-99.09262,30.2474],[-99.09234,30.24744],[-99.09189,30.24752],[-99.09146,30.2476],[-99.0911,30.24767],[-99.0909,30.24771],[-99.08711,30.24845],[-99.08312,30.24921],[-99.08285,30.24926],[-99.08262,30.24928],[-99.08218,30.24929],[-99.08192,30.24927],[-99.08166,30.24923],[-99.08133,30.24916],[-99.07513,30.24747],[-99.07467,30.24736],[-99.07422,30.24726],[-99.07369,30.24719],[-99.07315,30.24714],[-99.07251,30.24711],[-99.07149,30.24704],[-99.07095,30.24702],[-99.07038,30.24699],[-99.06941,30.24694],[-99.06886,30.24688],[-99.06834,30.24679],[-99.06798,30.24672],[-99.06757,30.24663],[-99.06729,30.24655],[-99.0669,30.24642],[-99.06647,30.24627],[-99.06598,30.24608],[-99.06522,30.24579],[-99.06465,30.24556],[-99.06406,30.24536],[-99.06339,30.24518],[-99.06285,30.24507],[-99.06242,30.24501],[-99.06186,30.24495],[-99.06107,30.24491],[-99.06027,30.24487],[-99.05892,30.24481],[-99.05811,30.2448],[-99.05583,30.24483],[-99.05531,30.24484],[-99.05493,30.24483],[-99.05367,30.24472],[-99.05308,30.24468],[-99.05182,30.24457],[-99.05116,30.24447],[-99.05085,30.24441],[-99.05047,30.24433],[-99.04975,30.24415],[-99.04808,30.24373],[-99.04544,30.24306],[-99.04512,30.24299],[-99.0449,30.24297],[-99.04454,30.24296],[-99.04354,30.24298],[-99.04304,30.24301],[-99.04112,30.24306],[-99.03965,30.2431],[-99.0395,30.2431],[-99.03793,30.24314],[-99.03222,30.2433],[-99.03042,30.24334],[-99.02731,30.24343],[-99.02569,30.24347],[-99.02498,30.24349],[-99.02432,30.2435],[-99.02394,30.24351],[-99.02343,30.24351],[-99.02299,30.24348],[-99.02254,30.24342],[-99.02029,30.24312],[-99.01994,30.24307],[-99.01951,30.24303],[-99.0151,30.24271],[-99.01498,30.2427],[-99.01386,30.24262],[-99.00932,30.24228],[-99.00448,30.24192],[-99.00286,30.2418],[-99.00208,30.24174],[-99.00139,30.24164],[-99.00094,30.24155],[-99.00057,30.24146],[-99.00024,30.24136],[-98.99782,30.24055],[-98.99744,30.24045],[-98.99729,30.24041],[-98.99702,30.24037],[-98.99676,30.24035],[-98.9965,30.24036],[-98.99624,30.24037],[-98.99591,30.24042],[-98.99422,30.24086],[-98.993,30.24118],[-98.99246,30.24126],[-98.99216,30.2413],[-98.99136,30.24136],[-98.99062,30.24138],[-98.98659,30.24142],[-98.98494,30.24144],[-98.98243,30.24146],[-98.98184,30.24147],[-98.97869,30.24154],[-98.97634,30.24157],[-98.9761,30.24158],[-98.97391,30.2416],[-98.97379,30.2416],[-98.97343,30.24161],[-98.97253,30.24162],[-98.97176,30.24163],[-98.97146,30.24164],[-98.97116,30.24165],[-98.97059,30.24169],[-98.96977,30.24171],[-98.96963,30.24171],[-98.96923,30.24171],[-98.96889,30.24173],[-98.96824,30.24173],[-98.96695,30.24174],[-98.96529,30.24176],[-98.96404,30.24178],[-98.96282,30.24178],[-98.96196,30.24178],[-98.9606,30.24174],[-98.96045,30.24174],[-98.95762,30.24165],[-98.95698,30.24164],[-98.95653,30.24164],[-98.95623,30.24164],[-98.95619,30.24165],[-98.95611,30.24165],[-98.95595,30.24168],[-98.95574,30.24173],[-98.95556,30.2418],[-98.95539,30.24188],[-98.95524,30.24198],[-98.95516,30.24203],[-98.95508,30.24209],[-98.95498,30.24219],[-98.95486,30.24232],[-98.95477,30.24245],[-98.95469,30.24259],[-98.95462,30.24274],[-98.95457,30.24291],[-98.95455,30.24307],[-98.95454,30.24342],[-98.95454,30.24396],[-98.9545,30.24416],[-98.9544,30.24445],[-98.9543,30.24465],[-98.95421,30.24478],[-98.95399,30.24501],[-98.95371,30.24523],[-98.95356,30.24532],[-98.9534,30.24539],[-98.95323,30.24547],[-98.95299,30.24554],[-98.95281,30.24557],[-98.95263,30.2456],[-98.95134,30.24575],[-98.9502,30.24588],[-98.94925,30.24598],[-98.94683,30.24626],[-98.94635,30.24632],[-98.94589,30.24641],[-98.9455,30.2465],[-98.94509,30.24662],[-98.94424,30.24691],[-98.94384,30.24708],[-98.94261,30.24767],[-98.94235,30.24778],[-98.94203,30.24789],[-98.94164,30.248],[-98.94131,30.24807],[-98.94102,30.24813],[-98.94045,30.24819],[-98.93997,30.24821],[-98.93605,30.24819],[-98.93325,30.24819],[-98.93284,30.24819],[-98.93206,30.2482],[-98.93101,30.24825],[-98.93013,30.2483],[-98.92904,30.24838],[-98.92672,30.24853],[-98.9258,30.24858],[-98.92355,30.24873],[-98.92252,30.2488],[-98.92118,30.24885],[-98.92082,30.24885],[-98.92052,30.24885],[-98.91889,30.24888],[-98.91825,30.24889],[-98.91782,30.2489],[-98.91746,30.24892],[-98.91728,30.24895],[-98.91712,30.24899],[-98.91696,30.24903],[-98.91679,30.24909],[-98.9165,30.24922],[-98.91632,30.24934],[-98.91617,30.24945],[-98.91595,30.24966],[-98.91575,30.24989],[-98.91529,30.2506],[-98.91512,30.25082],[-98.91488,30.25107],[-98.91463,30.25128],[-98.91446,30.25138],[-98.91429,30.25147],[-98.91414,30.25155],[-98.91399,30.25161],[-98.9138,30.25166],[-98.91356,30.25172],[-98.91345,30.25174],[-98.91329,30.25176],[-98.91295,30.25176],[-98.91186,30.25177],[-98.90816,30.25174],[-98.90785,30.25174],[-98.9069,30.25173],[-98.90637,30.25172],[-98.90452,30.25172],[-98.90394,30.25172],[-98.90391,30.25172],[-98.90159,30.25172],[-98.9003,30.25173],[-98.89972,30.25172],[-98.89923,30.25172],[-98.89891,30.25171],[-98.89875,30.25171],[-98.89832,30.25169],[-98.89811,30.25167],[-98.89788,30.25166],[-98.89744,30.25163],[-98.89721,30.25162],[-98.89689,30.25159],[-98.89666,30.25158],[-98.89655,30.25157],[-98.89566,30.25151],[-98.89561,30.2515],[-98.89532,30.25148],[-98.89496,30.25145],[-98.89435,30.25139],[-98.89371,30.25136],[-98.89303,30.25132],[-98.8889,30.25103],[-98.88854,30.25104],[-98.88844,30.25105],[-98.88822,30.25107],[-98.88788,30.25114],[-98.88752,30.25126],[-98.88726,30.25137],[-98.88699,30.25151],[-98.88525,30.25271],[-98.88384,30.25367],[-98.88322,30.25409],[-98.88272,30.25443],[-98.88149,30.25527],[-98.88146,30.25528],[-98.88144,30.2553],[-98.88062,30.25586],[-98.88028,30.25601],[-98.88004,30.25609],[-98.87973,30.25616],[-98.87947,30.25618],[-98.87923,30.25618],[-98.87852,30.25616],[-98.87808,30.25615],[-98.87781,30.25613],[-98.87744,30.25611],[-98.87715,30.25612],[-98.87664,30.25613],[-98.87602,30.25613],[-98.87538,30.25612],[-98.87431,30.25611],[-98.87321,30.25609],[-98.87288,30.25608],[-98.87167,30.25608],[-98.87033,30.25606],[-98.86952,30.25606],[-98.86748,30.25606],[-98.86484,30.2561],[-98.86212,30.25607],[-98.86133,30.25606],[-98.8606,30.25607],[-98.85807,30.25612],[-98.8561,30.25614],[-98.85557,30.25615],[-98.85537,30.25614],[-98.85531,30.25613],[-98.8552,30.25611],[-98.85509,30.25609],[-98.85493,30.25604],[-98.85472,30.25592],[-98.8545,30.25576],[-98.85283,30.25434],[-98.85274,30.25427],[-98.85247,30.25404],[-98.85238,30.25398],[-98.85223,30.25388],[-98.85203,30.2538],[-98.85179,30.25374],[-98.85152,30.25372],[-98.85147,30.25372],[-98.85104,30.25372],[-98.84978,30.25372],[-98.84944,30.25372],[-98.84913,30.25372],[-98.84899,30.25372],[-98.84896,30.25362],[-98.84853,30.25238],[-98.84802,30.25088],[-98.84787,30.25048],[-98.84774,30.25001],[-98.84767,30.24978],[-98.8476,30.24956],[-98.84759,30.2495],[-98.84752,30.24925],[-98.84727,30.24854],[-98.84713,30.24812],[-98.84702,30.24776],[-98.847,30.24768],[-98.84699,30.24764],[-98.84697,30.2476],[-98.84673,30.24686],[-98.8466,30.24654],[-98.84644,30.24622],[-98.84627,30.24595],[-98.84606,30.24566],[-98.84584,30.24539],[-98.84518,30.24467],[-98.84416,30.24352],[-98.84337,30.24264],[-98.84309,30.2423],[-98.84246,30.24158],[-98.84187,30.241],[-98.84118,30.24043],[-98.84115,30.24041],[-98.84013,30.23977],[-98.83944,30.23933],[-98.83862,30.23881],[-98.83775,30.23825],[-98.83488,30.23648],[-98.83313,30.23538],[-98.83281,30.23518],[-98.83053,30.23373],[-98.83008,30.23345],[-98.82951,30.23309],[-98.82762,30.23183],[-98.82726,30.2316],[-98.82295,30.22875],[-98.82251,30.22849],[-98.82224,30.22835],[-98.82177,30.22812],[-98.82122,30.22792],[-98.82069,30.22776],[-98.8199,30.22758],[-98.81718,30.22699],[-98.8164,30.22682],[-98.81389,30.22627],[-98.81295,30.22606],[-98.8109,30.22563],[-98.81011,30.2255],[-98.80925,30.22542],[-98.80832,30.22539],[-98.80746,30.22536],[-98.80693,30.22535],[-98.8048,30.22528],[-98.80448,30.22527],[-98.80408,30.22525],[-98.80355,30.22524],[-98.80043,30.22514],[-98.79887,30.2251],[-98.79847,30.22508],[-98.79816,30.22507],[-98.79651,30.22501],[-98.79628,30.22499],[-98.79541,30.22491],[-98.79357,30.22474],[-98.79057,30.22442],[-98.79025,30.22438],[-98.79012,30.22437],[-98.7859,30.22388],[-98.78142,30.22337],[-98.77831,30.22302],[-98.77715,30.2228],[-98.77618,30.22259],[-98.77271,30.22186],[-98.77074,30.22166],[-98.7679,30.22143],[-98.76778,30.22142],[-98.76661,30.22133],[-98.76657,30.22133],[-98.76327,30.22105],[-98.76199,30.22095],[-98.76165,30.22092],[-98.76003,30.22081],[-98.75908,30.22075],[-98.75853,30.22076],[-98.75705,30.22079],[-98.75585,30.22081],[-98.75526,30.22082],[-98.75475,30.22082],[-98.75462,30.22083],[-98.75285,30.22089],[-98.7503,30.22097],[-98.74939,30.221],[-98.74921,30.22101],[-98.74891,30.22102],[-98.74812,30.22103],[-98.74773,30.22104],[-98.74733,30.22108],[-98.74548,30.22114],[-98.74509,30.22115],[-98.74399,30.22127],[-98.74304,30.22153],[-98.74198,30.2218],[-98.74051,30.22217],[-98.7375,30.22285],[-98.73741,30.22287],[-98.73541,30.22327],[-98.73452,30.22345],[-98.73319,30.22357],[-98.73206,30.22357],[-98.73134,30.22357],[-98.72989,30.22357],[-98.72853,30.22356],[-98.72841,30.22356],[-98.72748,30.22349],[-98.72714,30.22347],[-98.72698,30.22346],[-98.7262,30.22338],[-98.72612,30.22338],[-98.72601,30.22336],[-98.72594,30.22335],[-98.72476,30.22321],[-98.72453,30.22319],[-98.72391,30.22312],[-98.72317,30.22306],[-98.72313,30.22306],[-98.72185,30.22298],[-98.72181,30.22298],[-98.72062,30.22296],[-98.71957,30.22295],[-98.71896,30.22294],[-98.71828,30.2229],[-98.71759,30.22281],[-98.71745,30.22279],[-98.71706,30.22269],[-98.71591,30.22241],[-98.71578,30.22237],[-98.7133,30.22173],[-98.71078,30.22109],[-98.70981,30.22084],[-98.70936,30.22074],[-98.70886,30.22066],[-98.70816,30.22058],[-98.70723,30.22058],[-98.70663,30.22061],[-98.70576,30.2207],[-98.70433,30.2208],[-98.70192,30.22096],[-98.70047,30.22106],[-98.69879,30.22118],[-98.69801,30.22119],[-98.69576,30.22113],[-98.69476,30.2212],[-98.69388,30.22141],[-98.69338,30.22158],[-98.69299,30.22172],[-98.69039,30.22282],[-98.68527,30.22505],[-98.68411,30.22557],[-98.6837,30.22578],[-98.68313,30.22612],[-98.68257,30.22654],[-98.6823,30.22676],[-98.68178,30.22719],[-98.68071,30.22818],[-98.67988,30.22894],[-98.67969,30.22912],[-98.67918,30.2297],[-98.67892,30.23009],[-98.67818,30.23121],[-98.67751,30.23223],[-98.67732,30.23248],[-98.67704,30.23286],[-98.67641,30.23352],[-98.67563,30.23418],[-98.67481,30.23472],[-98.67405,30.23512],[-98.67302,30.23553],[-98.67179,30.23585],[-98.67118,30.23592],[-98.67063,30.23599],[-98.66905,30.236],[-98.66769,30.23595],[-98.66734,30.23595],[-98.66693,30.23593],[-98.66539,30.23586],[-98.66533,30.23586],[-98.66471,30.23585],[-98.66285,30.23579],[-98.66045,30.23574],[-98.65927,30.23569],[-98.65778,30.23563],[-98.65721,30.23561],[-98.65714,30.23561],[-98.6563,30.23559],[-98.65529,30.23555],[-98.65318,30.23546],[-98.65217,30.23542],[-98.65097,30.23538],[-98.64917,30.23532],[-98.6482,30.23528],[-98.64755,30.23526],[-98.64723,30.23525],[-98.64328,30.23512],[-98.6429,30.2351],[-98.6428,30.2351],[-98.64153,30.23505],[-98.64043,30.23501],[-98.63788,30.23491],[-98.63712,30.23486],[-98.63674,30.23487],[-98.63656,30.23487],[-98.63408,30.23477],[-98.63218,30.23469],[-98.6295,30.23463],[-98.62913,30.23462],[-98.62866,30.23461],[-98.62824,30.23459],[-98.62793,30.23458],[-98.62611,30.23451],[-98.62554,30.23449],[-98.62533,30.23449],[-98.6249,30.23448],[-98.62438,30.23446],[-98.62158,30.23437],[-98.61753,30.23422],[-98.61666,30.23424],[-98.61571,30.23428],[-98.6146,30.23442],[-98.61338,30.23463],[-98.61193,30.23495],[-98.6111,30.23513],[-98.61066,30.23522],[-98.6093,30.23547],[-98.60817,30.23568],[-98.60753,30.23582],[-98.59929,30.23743],[-98.59796,30.2377],[-98.5958,30.23814],[-98.59295,30.23862],[-98.5923,30.23874],[-98.58791,30.23952],[-98.58786,30.23953],[-98.5861,30.23986],[-98.58442,30.24015],[-98.58433,30.24017],[-98.58425,30.24018],[-98.58114,30.24073],[-98.58072,30.24081],[-98.58009,30.24092],[-98.5766,30.24154],[-98.57622,30.24161],[-98.57566,30.24171],[-98.57476,30.24187],[-98.57187,30.24239],[-98.57159,30.24243],[-98.57035,30.24265],[-98.56997,30.24271],[-98.56949,30.2428],[-98.56781,30.24308],[-98.56675,30.24325],[-98.56607,30.24335],[-98.56596,30.24336],[-98.56539,30.24342],[-98.56538,30.24342],[-98.56471,30.24347],[-98.56256,30.24357],[-98.5618,30.24361],[-98.56127,30.24363],[-98.56097,30.24365],[-98.56047,30.2437],[-98.55998,30.24378],[-98.5595,30.24388],[-98.55902,30.244],[-98.55855,30.24414],[-98.5575,30.24447],[-98.55678,30.24469],[-98.55518,30.24519],[-98.55426,30.24549],[-98.55384,30.2456],[-98.55342,30.2457],[-98.55299,30.24577],[-98.55278,30.2458],[-98.55256,30.24583],[-98.55212,30.24587],[-98.55168,30.24589],[-98.55147,30.24589],[-98.55124,30.2459],[-98.55069,30.24588],[-98.54792,30.24579],[-98.54634,30.24573],[-98.54413,30.24565],[-98.54268,30.2456],[-98.54168,30.24557],[-98.54125,30.24557],[-98.54081,30.24559],[-98.54038,30.24563],[-98.5402,30.24565],[-98.53992,30.2457],[-98.53953,30.2458],[-98.53917,30.2459],[-98.53882,30.24602],[-98.53868,30.24608],[-98.53831,30.24623],[-98.53798,30.24639],[-98.53766,30.24657],[-98.53736,30.24675],[-98.53706,30.24695],[-98.53678,30.24717],[-98.53668,30.24724],[-98.53664,30.24727],[-98.53562,30.24798],[-98.53455,30.24871],[-98.53216,30.25035],[-98.53139,30.25086],[-98.53079,30.25126],[-98.53052,30.25144],[-98.52958,30.25205],[-98.52922,30.25227],[-98.52877,30.25258],[-98.52799,30.25307],[-98.52783,30.25317],[-98.52756,30.2533],[-98.52725,30.25343],[-98.52693,30.25354],[-98.52663,30.25362],[-98.52633,30.25369],[-98.52602,30.25374],[-98.52572,30.25376],[-98.52539,30.25379],[-98.52508,30.25379],[-98.52477,30.25377],[-98.52377,30.25377],[-98.52314,30.25377],[-98.52263,30.25378],[-98.52054,30.2538],[-98.51976,30.2538],[-98.51757,30.25382],[-98.51606,30.25384],[-98.51583,30.25384],[-98.51509,30.25384],[-98.51404,30.25385],[-98.51388,30.25385],[-98.51386,30.25385],[-98.51251,30.25386],[-98.51022,30.25387],[-98.50916,30.25388],[-98.5063,30.2539],[-98.50432,30.25392],[-98.50327,30.25393],[-98.50006,30.25396],[-98.49855,30.25397],[-98.49789,30.25397],[-98.4976,30.25398],[-98.49756,30.25398],[-98.49712,30.25399],[-98.49668,30.25403],[-98.49625,30.25409],[-98.49581,30.25417],[-98.49539,30.25426],[-98.49497,30.25437],[-98.49456,30.2545],[-98.4915,30.25562],[-98.49077,30.25588],[-98.48732,30.25718],[-98.48667,30.25743],[-98.48352,30.25855],[-98.48062,30.25963],[-98.47844,30.26042],[-98.47798,30.26059],[-98.47452,30.26187],[-98.4732,30.26235],[-98.47217,30.26272],[-98.47213,30.26274],[-98.47113,30.26311],[-98.47077,30.26325],[-98.46862,30.26404],[-98.46762,30.2644],[-98.46613,30.26495],[-98.46583,30.26506],[-98.46255,30.26627],[-98.46069,30.26695],[-98.45928,30.26747],[-98.45872,30.26768],[-98.45616,30.26862],[-98.45602,30.26867],[-98.45575,30.26877],[-98.45545,30.26887],[-98.45493,30.26903],[-98.45429,30.26918],[-98.45364,30.2693],[-98.45235,30.26954],[-98.44929,30.27009],[-98.4486,30.27022],[-98.44684,30.27053],[-98.44391,30.27106],[-98.4435,30.27112],[-98.44332,30.27114],[-98.44289,30.27118],[-98.44246,30.27119],[-98.43976,30.27122],[-98.43932,30.27123],[-98.43844,30.27124],[-98.43788,30.27124],[-98.43759,30.27124],[-98.43694,30.27125],[-98.43446,30.27128],[-98.43368,30.27129],[-98.43358,30.27129],[-98.43341,30.27129],[-98.43288,30.27128],[-98.43227,30.27125],[-98.4305,30.27118],[-98.42976,30.27115],[-98.42819,30.27108],[-98.42776,30.27108],[-98.42732,30.2711],[-98.42689,30.27115],[-98.42665,30.27119],[-98.42628,30.27126],[-98.42592,30.27136],[-98.42591,30.27136],[-98.42556,30.27147],[-98.42529,30.27158],[-98.42522,30.27161],[-98.42488,30.27176],[-98.42461,30.2719],[-98.42434,30.27207],[-98.4243,30.2721],[-98.42412,30.27221],[-98.4236,30.27256],[-98.42253,30.2733],[-98.42211,30.27358],[-98.42143,30.27404],[-98.42093,30.27441],[-98.42087,30.27445],[-98.41966,30.27533],[-98.41946,30.27547],[-98.41925,30.2756],[-98.41897,30.27577],[-98.41867,30.27595],[-98.41828,30.27618],[-98.41812,30.27627],[-98.41797,30.27634],[-98.41778,30.27642],[-98.41758,30.2765],[-98.41742,30.27654],[-98.41729,30.27657],[-98.41718,30.27659],[-98.41715,30.2766],[-98.41704,30.27662],[-98.41688,30.27664],[-98.41674,30.27665],[-98.41657,30.27666],[-98.41643,30.27666],[-98.41534,30.27667],[-98.41423,30.27669],[-98.41316,30.2767],[-98.41199,30.27671],[-98.41192,30.27671],[-98.41147,30.27672],[-98.41089,30.27673],[-98.40979,30.27675],[-98.4098,30.277]]}},{"type":"Feature","properties":{"route":"German Heritage Trail","category":"German Towns & Culture","color":"#8e44ad","waypoints":["Fredericksburg","Old San Antonio Rd","Sisterdale","Blanco"],"via":"Old San Antonio Rd -> FM 473 -> Blanco","distance_mi":61.2,"source":"road-snapped","id":"german-heritage-trail"},"geometry":{"type":"LineString","coordinates":[[-98.8721,30.2753],[-98.87219,30.2752],[-98.8723,30.27509],[-98.87216,30.275],[-98.87068,30.27393],[-98.87059,30.27387],[-98.8705,30.27381],[-98.86901,30.27272],[-98.86894,30.27268],[-98.86885,30.27261],[-98.86786,30.27191],[-98.86736,30.27155],[-98.86728,30.27149],[-98.86718,30.27142],[-98.86617,30.27071],[-98.86598,30.27058],[-98.86571,30.27039],[-98.86563,30.27033],[-98.86553,30.27027],[-98.86527,30.27009],[-98.86509,30.26997],[-98.86497,30.26989],[-98.8647,30.2697],[-98.86441,30.2695],[-98.86423,30.26938],[-98.86391,30.26916],[-98.86345,30.26883],[-98.86326,30.2687],[-98.86294,30.26847],[-98.86289,30.26843],[-98.86275,30.26833],[-98.86235,30.26805],[-98.86175,30.26763],[-98.86116,30.26722],[-98.86035,30.26665],[-98.86027,30.2666],[-98.85941,30.26599],[-98.85851,30.26535],[-98.85829,30.26521],[-98.85816,30.26511],[-98.85797,30.26498],[-98.85757,30.26469],[-98.85739,30.2645],[-98.85738,30.26449],[-98.85727,30.26433],[-98.85721,30.26421],[-98.85717,30.26413],[-98.85715,30.26405],[-98.85706,30.26384],[-98.85701,30.26368],[-98.85694,30.26346],[-98.85686,30.26322],[-98.85685,30.26318],[-98.85674,30.26288],[-98.85647,30.26206],[-98.85634,30.26167],[-98.85631,30.26158],[-98.85628,30.2615],[-98.85619,30.26123],[-98.85605,30.26083],[-98.85596,30.26063],[-98.85583,30.26037],[-98.85577,30.26027],[-98.85569,30.26016],[-98.85563,30.26007],[-98.85556,30.25998],[-98.8554,30.25981],[-98.85531,30.25971],[-98.855,30.25945],[-98.85453,30.25912],[-98.8544,30.25904],[-98.85392,30.25872],[-98.85389,30.2587],[-98.85306,30.25814],[-98.85299,30.25809],[-98.85265,30.25787],[-98.85159,30.25716],[-98.85114,30.25686],[-98.85066,30.25648],[-98.85022,30.25606],[-98.84997,30.25575],[-98.84974,30.25544],[-98.84959,30.25519],[-98.84951,30.25506],[-98.84932,30.25468],[-98.84925,30.2545],[-98.84899,30.25372],[-98.84896,30.25362],[-98.84853,30.25238],[-98.84802,30.25088],[-98.84787,30.25048],[-98.84774,30.25001],[-98.84767,30.24978],[-98.8476,30.24956],[-98.84759,30.2495],[-98.84752,30.24925],[-98.84727,30.24854],[-98.84713,30.24812],[-98.84702,30.24776],[-98.847,30.24768],[-98.84699,30.24764],[-98.84697,30.2476],[-98.84673,30.24686],[-98.8466,30.24654],[-98.84644,30.24622],[-98.84627,30.24595],[-98.84606,30.24566],[-98.84584,30.24539],[-98.84518,30.24467],[-98.84416,30.24352],[-98.84337,30.24264],[-98.84309,30.2423],[-98.84316,30.24224],[-98.84321,30.24216],[-98.84324,30.24201],[-98.84325,30.24169],[-98.84321,30.24106],[-98.8431,30.24019],[-98.84307,30.23959],[-98.84298,30.23794],[-98.84301,30.23773],[-98.84306,30.23755],[-98.84313,30.23738],[-98.84325,30.23719],[-98.84338,30.23707],[-98.84384,30.2367],[-98.84399,30.23651],[-98.84407,30.23639],[-98.84414,30.23624],[-98.84419,30.23608],[-98.84468,30.23457],[-98.84495,30.23364],[-98.8451,30.23322],[-98.84513,30.23306],[-98.84511,30.23289],[-98.84504,30.23271],[-98.84399,30.23132],[-98.8434,30.23055],[-98.84325,30.23029],[-98.8432,30.23019],[-98.84315,30.23008],[-98.84311,30.22987],[-98.84309,30.22965],[-98.84307,30.22916],[-98.84303,30.22811],[-98.84306,30.22652],[-98.84305,30.22446],[-98.84306,30.22401],[-98.84307,30.22379],[-98.8431,30.22364],[-98.84315,30.22348],[-98.84325,30.22332],[-98.8434,30.22317],[-98.84385,30.22282],[-98.844,30.22267],[-98.84412,30.22249],[-98.84416,30.22234],[-98.84417,30.2222],[-98.84414,30.22208],[-98.8441,30.22197],[-98.84402,30.22184],[-98.84389,30.22167],[-98.84363,30.22139],[-98.84328,30.2211],[-98.8427,30.22058],[-98.84262,30.22043],[-98.84251,30.22012],[-98.84248,30.21994],[-98.84246,30.21387],[-98.84245,30.2127],[-98.84243,30.21142],[-98.84242,30.21124],[-98.84236,30.21112],[-98.84229,30.21103],[-98.84215,30.21091],[-98.84195,30.21083],[-98.84041,30.2103],[-98.84018,30.21018],[-98.84002,30.21005],[-98.83984,30.2098],[-98.83776,30.20606],[-98.83757,30.20582],[-98.83734,30.20558],[-98.83706,30.20536],[-98.83682,30.20518],[-98.83659,30.20505],[-98.83626,30.20493],[-98.83276,30.20382],[-98.83252,30.20373],[-98.83229,30.20362],[-98.83123,30.203],[-98.83095,30.20277],[-98.83073,30.20249],[-98.83061,30.20226],[-98.83056,30.20213],[-98.8305,30.20185],[-98.83043,30.20153],[-98.8304,30.20141],[-98.83034,30.20127],[-98.83023,30.20106],[-98.82941,30.19963],[-98.82841,30.1979],[-98.82823,30.1976],[-98.82805,30.1973],[-98.82733,30.19626],[-98.82661,30.19524],[-98.82611,30.19457],[-98.82605,30.19449],[-98.82558,30.19388],[-98.82538,30.19368],[-98.82515,30.19348],[-98.82479,30.19324],[-98.82362,30.19256],[-98.82332,30.19237],[-98.82313,30.19221],[-98.82292,30.19203],[-98.82248,30.19145],[-98.82227,30.19113],[-98.82203,30.19075],[-98.82191,30.1905],[-98.82157,30.18951],[-98.82143,30.18909],[-98.82128,30.18876],[-98.82107,30.18841],[-98.82093,30.18821],[-98.82013,30.18706],[-98.81997,30.18677],[-98.81992,30.1866],[-98.81991,30.18646],[-98.81994,30.18633],[-98.82001,30.18621],[-98.82018,30.18594],[-98.82213,30.18293],[-98.82223,30.18275],[-98.82228,30.18256],[-98.82232,30.18237],[-98.82234,30.1822],[-98.82237,30.1812],[-98.8224,30.18096],[-98.82243,30.18072],[-98.82278,30.17923],[-98.82301,30.17849],[-98.82348,30.17683],[-98.82359,30.17626],[-98.82363,30.17585],[-98.82364,30.17553],[-98.82366,30.17403],[-98.82368,30.17374],[-98.82373,30.17291],[-98.82378,30.17227],[-98.8238,30.17162],[-98.82376,30.17053],[-98.82374,30.1701],[-98.8237,30.16992],[-98.82364,30.16973],[-98.82355,30.16955],[-98.82337,30.16929],[-98.82327,30.16911],[-98.82319,30.16891],[-98.82315,30.16873],[-98.82309,30.16837],[-98.82263,30.16543],[-98.82255,30.16511],[-98.82205,30.16372],[-98.82184,30.16336],[-98.82089,30.16229],[-98.82078,30.16213],[-98.8207,30.16202],[-98.82057,30.16178],[-98.82042,30.16136],[-98.82036,30.16117],[-98.82035,30.16112],[-98.82025,30.1608],[-98.82023,30.16053],[-98.82018,30.15673],[-98.82017,30.15545],[-98.82017,30.15357],[-98.82015,30.15341],[-98.82012,30.15327],[-98.82008,30.15317],[-98.81511,30.15314],[-98.81362,30.15312],[-98.81171,30.15308],[-98.8103,30.15305],[-98.8096,30.15302],[-98.8091,30.15302],[-98.80861,30.15305],[-98.80818,30.15306],[-98.80767,30.15307],[-98.80705,30.15306],[-98.80573,30.15302],[-98.80485,30.15301],[-98.8046,30.15302],[-98.80447,30.15303],[-98.80435,30.15306],[-98.80379,30.15331],[-98.80364,30.15338],[-98.80344,30.15343],[-98.80318,30.15345],[-98.80301,30.15342],[-98.8027,30.15336],[-98.80221,30.15318],[-98.80183,30.15303],[-98.8014,30.15295],[-98.79988,30.15289],[-98.7989,30.15292],[-98.79799,30.15357],[-98.79771,30.15406],[-98.79719,30.15494],[-98.79626,30.15631],[-98.79554,30.1574],[-98.79513,30.15799],[-98.79494,30.15837],[-98.79468,30.15902],[-98.79444,30.15948],[-98.79416,30.15994],[-98.7937,30.16038],[-98.79361,30.16044],[-98.79313,30.16095],[-98.79261,30.16146],[-98.79209,30.16183],[-98.79185,30.16194],[-98.79137,30.16215],[-98.79078,30.16238],[-98.79046,30.16243],[-98.78968,30.16243],[-98.7891,30.16241],[-98.78886,30.16237],[-98.7886,30.16231],[-98.78829,30.16228],[-98.78803,30.16232],[-98.78751,30.16242],[-98.78648,30.16243],[-98.78538,30.16242],[-98.78491,30.16245],[-98.7846,30.16255],[-98.78416,30.16278],[-98.78354,30.16321],[-98.78319,30.16342],[-98.78295,30.1635],[-98.78268,30.16356],[-98.78222,30.16361],[-98.78133,30.16362],[-98.78111,30.16366],[-98.78083,30.16375],[-98.7804,30.16393],[-98.7794,30.16438],[-98.77891,30.16454],[-98.77818,30.16476],[-98.77766,30.16494],[-98.77688,30.16537],[-98.77648,30.16556],[-98.77592,30.16588],[-98.77504,30.16644],[-98.77471,30.16671],[-98.77414,30.16714],[-98.77383,30.16731],[-98.77364,30.16737],[-98.77342,30.16741],[-98.77313,30.16747],[-98.77286,30.16749],[-98.77208,30.16746],[-98.77181,30.16748],[-98.7716,30.16754],[-98.77125,30.16766],[-98.77018,30.1681],[-98.76937,30.16842],[-98.76915,30.16851],[-98.76888,30.16865],[-98.76852,30.16893],[-98.76828,30.16914],[-98.76789,30.16941],[-98.76761,30.16972],[-98.76728,30.17012],[-98.76706,30.17049],[-98.76698,30.17071],[-98.76696,30.1711],[-98.76702,30.17191],[-98.76699,30.17452],[-98.76696,30.17601],[-98.76695,30.17673],[-98.76694,30.17706],[-98.76688,30.17751],[-98.76681,30.178],[-98.76667,30.17879],[-98.76665,30.17899],[-98.76664,30.17924],[-98.76663,30.18005],[-98.76663,30.18027],[-98.76663,30.18133],[-98.76661,30.1817],[-98.76655,30.18192],[-98.7665,30.18202],[-98.76644,30.18212],[-98.76634,30.18223],[-98.76619,30.18236],[-98.76605,30.18244],[-98.76591,30.18249],[-98.76573,30.18254],[-98.76553,30.18257],[-98.76539,30.18259],[-98.76527,30.18261],[-98.76514,30.18265],[-98.76491,30.18276],[-98.76464,30.18293],[-98.76451,30.18303],[-98.76438,30.18315],[-98.76433,30.18324],[-98.76429,30.18333],[-98.76426,30.18348],[-98.76424,30.18394],[-98.76421,30.18407],[-98.76415,30.18421],[-98.76406,30.18413],[-98.7637,30.18385],[-98.76339,30.18366],[-98.76317,30.18355],[-98.76286,30.18342],[-98.76262,30.18334],[-98.76229,30.18326],[-98.76194,30.1832],[-98.76167,30.18318],[-98.76075,30.18315],[-98.76041,30.18313],[-98.76015,30.1831],[-98.75997,30.18305],[-98.75987,30.18304],[-98.75947,30.18293],[-98.75914,30.18279],[-98.75882,30.18262],[-98.75855,30.18243],[-98.75763,30.18175],[-98.75737,30.1816],[-98.75695,30.1814],[-98.75649,30.18125],[-98.75602,30.18107],[-98.75582,30.181],[-98.75481,30.18062],[-98.75468,30.18057],[-98.75373,30.18023],[-98.75279,30.17991],[-98.75221,30.17975],[-98.75176,30.17964],[-98.75128,30.17954],[-98.751,30.17948],[-98.74948,30.17917],[-98.74917,30.17909],[-98.74887,30.17898],[-98.74837,30.17876],[-98.74801,30.17854],[-98.74768,30.17828],[-98.74753,30.17813],[-98.74719,30.17772],[-98.74696,30.17738],[-98.74622,30.17626],[-98.74566,30.17542],[-98.74545,30.17508],[-98.74418,30.17311],[-98.74399,30.17282],[-98.74334,30.17183],[-98.74319,30.17157],[-98.74308,30.17137],[-98.74288,30.17088],[-98.74282,30.17073],[-98.74276,30.17052],[-98.74266,30.17014],[-98.74262,30.1699],[-98.7426,30.16959],[-98.74246,30.16632],[-98.74241,30.16488],[-98.74237,30.16371],[-98.74233,30.16336],[-98.74232,30.16324],[-98.74223,30.16286],[-98.74211,30.16249],[-98.74195,30.16216],[-98.74108,30.16069],[-98.74088,30.16032],[-98.74072,30.16],[-98.73973,30.15768],[-98.73692,30.15112],[-98.73678,30.15076],[-98.73672,30.1506],[-98.73666,30.15037],[-98.73662,30.15019],[-98.7366,30.14997],[-98.73656,30.14943],[-98.7365,30.14832],[-98.73643,30.14775],[-98.73639,30.14758],[-98.73633,30.1473],[-98.73618,30.14687],[-98.73603,30.14656],[-98.73585,30.14626],[-98.73551,30.14578],[-98.73286,30.14267],[-98.73232,30.14202],[-98.73219,30.14185],[-98.73176,30.14131],[-98.73151,30.14094],[-98.73107,30.14023],[-98.73005,30.13859],[-98.73002,30.13854],[-98.72999,30.13848],[-98.72964,30.13789],[-98.72942,30.13743],[-98.72917,30.13679],[-98.72899,30.13617],[-98.72894,30.13583],[-98.72887,30.13545],[-98.72883,30.1348],[-98.72886,30.13426],[-98.72897,30.13369],[-98.72911,30.13325],[-98.72936,30.13268],[-98.72959,30.13227],[-98.73007,30.13161],[-98.73085,30.13059],[-98.73233,30.12865],[-98.73258,30.12824],[-98.73277,30.12791],[-98.73296,30.12743],[-98.73307,30.127],[-98.73312,30.12677],[-98.73368,30.1227],[-98.73385,30.12182],[-98.734,30.12133],[-98.73425,30.12069],[-98.73457,30.12005],[-98.73486,30.11959],[-98.73519,30.11913],[-98.73544,30.11882],[-98.74066,30.11263],[-98.74115,30.11213],[-98.74154,30.11177],[-98.74202,30.1114],[-98.74241,30.11113],[-98.74282,30.11088],[-98.7434,30.11057],[-98.75021,30.10754],[-98.75076,30.10727],[-98.75108,30.10707],[-98.75151,30.10673],[-98.75176,30.10647],[-98.75196,30.10619],[-98.75214,30.10589],[-98.75228,30.10558],[-98.75241,30.10509],[-98.75243,30.10496],[-98.75245,30.10474],[-98.75244,30.10438],[-98.75243,30.10421],[-98.75239,30.10403],[-98.75236,30.10392],[-98.7523,30.10367],[-98.75145,30.1011],[-98.75109,30.09986],[-98.75088,30.09896],[-98.75082,30.09858],[-98.75078,30.09819],[-98.75077,30.0978],[-98.75078,30.09741],[-98.75083,30.09683],[-98.75153,30.09267],[-98.7516,30.09211],[-98.75161,30.09174],[-98.75159,30.09157],[-98.75158,30.09138],[-98.75155,30.09122],[-98.75151,30.09102],[-98.75143,30.09074],[-98.75133,30.09049],[-98.75117,30.09018],[-98.75088,30.0897],[-98.7506,30.08938],[-98.75043,30.08921],[-98.75011,30.08893],[-98.74901,30.08818],[-98.7486,30.08787],[-98.74818,30.08753],[-98.7475,30.08692],[-98.74712,30.08654],[-98.74677,30.08615],[-98.74674,30.08611],[-98.7463,30.08559],[-98.74596,30.08514],[-98.7455,30.08444],[-98.74464,30.08322],[-98.74325,30.08122],[-98.74248,30.08007],[-98.74229,30.07972],[-98.74212,30.07937],[-98.7419,30.07883],[-98.74128,30.07694],[-98.74114,30.07657],[-98.74098,30.07621],[-98.74069,30.0757],[-98.73946,30.07378],[-98.73917,30.0733],[-98.73906,30.07309],[-98.73892,30.0728],[-98.7388,30.07245],[-98.7387,30.0721],[-98.73863,30.07174],[-98.73862,30.07163],[-98.73859,30.07139],[-98.73855,30.07019],[-98.7385,30.06893],[-98.73847,30.06797],[-98.73845,30.06757],[-98.73842,30.06668],[-98.73844,30.06627],[-98.73848,30.06586],[-98.73859,30.06519],[-98.73866,30.06496],[-98.73876,30.06457],[-98.73894,30.0641],[-98.73913,30.06367],[-98.73935,30.06314],[-98.7397,30.06212],[-98.74017,30.06031],[-98.74053,30.05885],[-98.74066,30.05819],[-98.7407,30.05769],[-98.7407,30.05718],[-98.74062,30.0565],[-98.74051,30.05601],[-98.74042,30.05569],[-98.74027,30.05529],[-98.73981,30.05407],[-98.73977,30.05394],[-98.7397,30.0538],[-98.73955,30.05346],[-98.73852,30.05139],[-98.73849,30.05132],[-98.7382,30.05075],[-98.73811,30.05055],[-98.73792,30.05012],[-98.73789,30.05003],[-98.7376,30.04922],[-98.73737,30.04847],[-98.73629,30.04448],[-98.73596,30.04326],[-98.73496,30.03961],[-98.73477,30.03891],[-98.73428,30.03711],[-98.73416,30.03673],[-98.73402,30.03636],[-98.73386,30.03601],[-98.73374,30.03581],[-98.7336,30.03551],[-98.73339,30.03517],[-98.73322,30.03492],[-98.73256,30.03407],[-98.73145,30.0327],[-98.731,30.03213],[-98.73056,30.03152],[-98.73021,30.03091],[-98.72996,30.03036],[-98.72975,30.02977],[-98.72962,30.0293],[-98.7295,30.02864],[-98.72944,30.02797],[-98.72943,30.02676],[-98.72944,30.02648],[-98.72946,30.02582],[-98.72949,30.02548],[-98.72959,30.02497],[-98.72974,30.02441],[-98.72985,30.02408],[-98.73009,30.02324],[-98.73023,30.02263],[-98.73031,30.02208],[-98.73032,30.02196],[-98.73035,30.02127],[-98.73033,30.02093],[-98.7303,30.02039],[-98.73001,30.01845],[-98.72964,30.01562],[-98.72954,30.01465],[-98.72954,30.01423],[-98.72951,30.01109],[-98.7295,30.00784],[-98.72949,30.00405],[-98.72947,30.00351],[-98.72938,30.00265],[-98.7292,30.00179],[-98.72913,30.00155],[-98.729,30.00113],[-98.72874,30.00043],[-98.72838,29.9997],[-98.72805,29.99912],[-98.72768,29.99856],[-98.72737,29.99814],[-98.72639,29.99695],[-98.72607,29.9965],[-98.72592,29.99628],[-98.72567,29.99583],[-98.7255,29.99549],[-98.72534,29.99511],[-98.72519,29.9947],[-98.72503,29.99412],[-98.72494,29.99367],[-98.72488,29.99319],[-98.72486,29.99269],[-98.72499,29.98474],[-98.72497,29.98425],[-98.72489,29.98377],[-98.72481,29.98345],[-98.72468,29.98303],[-98.72452,29.98269],[-98.72434,29.98234],[-98.72389,29.98171],[-98.7227,29.98037],[-98.7225,29.9801],[-98.72235,29.97985],[-98.72224,29.97967],[-98.72217,29.97955],[-98.72198,29.97915],[-98.72182,29.97868],[-98.72171,29.97821],[-98.72166,29.97789],[-98.72159,29.97736],[-98.72142,29.97564],[-98.72126,29.97462],[-98.72102,29.97311],[-98.72097,29.97281],[-98.72093,29.97263],[-98.72085,29.97236],[-98.7207,29.97202],[-98.7205,29.97165],[-98.71997,29.97078],[-98.71996,29.97077],[-98.71947,29.96997],[-98.71912,29.96942],[-98.71865,29.96867],[-98.7184,29.96825],[-98.71829,29.96806],[-98.71822,29.96811],[-98.71799,29.96828],[-98.71756,29.96858],[-98.71658,29.96924],[-98.71654,29.96926],[-98.7161,29.96949],[-98.71585,29.96958],[-98.71559,29.96966],[-98.71531,29.96973],[-98.71503,29.96978],[-98.71475,29.9698],[-98.71459,29.96981],[-98.71417,29.96979],[-98.71279,29.96965],[-98.71237,29.96965],[-98.71225,29.96966],[-98.71182,29.96971],[-98.71153,29.96977],[-98.71125,29.96985],[-98.71098,29.96995],[-98.71071,29.97007],[-98.71046,29.9702],[-98.71022,29.97035],[-98.71,29.97052],[-98.7098,29.97069],[-98.70966,29.97085],[-98.70954,29.97097],[-98.70933,29.97128],[-98.70913,29.97162],[-98.70895,29.97206],[-98.70859,29.97308],[-98.70808,29.97454],[-98.70808,29.97455],[-98.70786,29.97518],[-98.70775,29.97547],[-98.70762,29.97585],[-98.70701,29.97764],[-98.70658,29.97909],[-98.70603,29.98092],[-98.70591,29.98122],[-98.70569,29.98162],[-98.70551,29.98186],[-98.70545,29.98193],[-98.70535,29.98204],[-98.70516,29.98223],[-98.70514,29.98225],[-98.70494,29.98241],[-98.70155,29.98481],[-98.70136,29.98492],[-98.70115,29.98504],[-98.70086,29.98517],[-98.70041,29.98532],[-98.69993,29.98542],[-98.69959,29.98545],[-98.69877,29.98546],[-98.69517,29.98546],[-98.69495,29.98546],[-98.69439,29.98546],[-98.69267,29.98545],[-98.69178,29.98545],[-98.69132,29.98543],[-98.69115,29.98541],[-98.69106,29.9854],[-98.69073,29.98534],[-98.69064,29.98531],[-98.69028,29.98524],[-98.68983,29.98511],[-98.6886,29.98474],[-98.68797,29.98463],[-98.68739,29.98452],[-98.68682,29.98442],[-98.68647,29.98434],[-98.68545,29.98396],[-98.68442,29.98352],[-98.68407,29.98336],[-98.68384,29.98323],[-98.68361,29.98307],[-98.68338,29.98289],[-98.68305,29.98258],[-98.68284,29.98236],[-98.68275,29.98225],[-98.68264,29.98212],[-98.6826,29.98206],[-98.6823,29.98161],[-98.68217,29.98135],[-98.68153,29.97998],[-98.68144,29.9798],[-98.68127,29.97949],[-98.68105,29.9792],[-98.68089,29.97901],[-98.6807,29.97883],[-98.68049,29.97866],[-98.68027,29.97851],[-98.68024,29.97849],[-98.68004,29.97837],[-98.67979,29.97825],[-98.67895,29.9779],[-98.67835,29.97768],[-98.67792,29.97755],[-98.67764,29.9775],[-98.67737,29.97746],[-98.67698,29.97744],[-98.67672,29.97745],[-98.67644,29.97748],[-98.67634,29.9775],[-98.67609,29.97755],[-98.67569,29.97766],[-98.67543,29.97777],[-98.67451,29.9782],[-98.67423,29.97833],[-98.67375,29.97853],[-98.671,29.97962],[-98.66992,29.98004],[-98.66909,29.98035],[-98.66897,29.9804],[-98.66803,29.98076],[-98.66461,29.98203],[-98.66419,29.98216],[-98.66374,29.98227],[-98.66311,29.98237],[-98.66279,29.98239],[-98.66217,29.9824],[-98.66175,29.98238],[-98.66134,29.98233],[-98.66125,29.98231],[-98.66041,29.98214],[-98.65951,29.98195],[-98.65829,29.98166],[-98.65765,29.98147],[-98.65755,29.98144],[-98.65502,29.9806],[-98.6538,29.98018],[-98.65148,29.97936],[-98.65077,29.97915],[-98.6502,29.97905],[-98.64951,29.97899],[-98.64906,29.97899],[-98.6486,29.97901],[-98.64817,29.97906],[-98.64725,29.97922],[-98.64524,29.97955],[-98.64473,29.97962],[-98.64421,29.97967],[-98.64417,29.97967],[-98.64352,29.97966],[-98.64319,29.97963],[-98.6427,29.97957],[-98.64212,29.97947],[-98.64081,29.97926],[-98.63883,29.97894],[-98.63543,29.9784],[-98.63446,29.97824],[-98.63401,29.97818],[-98.63365,29.97815],[-98.63327,29.97813],[-98.6318,29.97817],[-98.62915,29.9783],[-98.62834,29.97836],[-98.62805,29.97837],[-98.62787,29.97842],[-98.62726,29.97855],[-98.62463,29.97923],[-98.62348,29.97949],[-98.62208,29.97976],[-98.61873,29.98028],[-98.61833,29.98032],[-98.61806,29.98033],[-98.6161,29.9803],[-98.61589,29.98032],[-98.61568,29.98035],[-98.61542,29.98042],[-98.61513,29.98053],[-98.6149,29.98065],[-98.61465,29.98083],[-98.61438,29.9811],[-98.61403,29.98157],[-98.61383,29.98182],[-98.61366,29.98198],[-98.61338,29.9822],[-98.61318,29.98231],[-98.61297,29.98241],[-98.61283,29.98245],[-98.61266,29.98251],[-98.61254,29.98253],[-98.61244,29.98255],[-98.61221,29.98258],[-98.61196,29.98258],[-98.60923,29.98256],[-98.60896,29.98257],[-98.60841,29.98262],[-98.60788,29.98269],[-98.60739,29.98278],[-98.6048,29.98342],[-98.60429,29.98353],[-98.60395,29.98357],[-98.60351,29.98364],[-98.6031,29.98367],[-98.60255,29.9837],[-98.60179,29.98369],[-98.59705,29.98362],[-98.59616,29.98361],[-98.59521,29.98364],[-98.59517,29.98365],[-98.59402,29.9837],[-98.5934,29.98373],[-98.59315,29.98376],[-98.59309,29.98377],[-98.59266,29.98383],[-98.59241,29.98389],[-98.59132,29.98417],[-98.59054,29.98441],[-98.5903,29.9845],[-98.58998,29.98464],[-98.58872,29.98529],[-98.58847,29.9854],[-98.58807,29.98554],[-98.58767,29.98564],[-98.58724,29.9857],[-98.58679,29.98574],[-98.58633,29.98574],[-98.58518,29.98572],[-98.58465,29.9857],[-98.58433,29.98569],[-98.58338,29.9856],[-98.58207,29.98543],[-98.5812,29.98537],[-98.578,29.98528],[-98.57674,29.98523],[-98.57475,29.98517],[-98.5732,29.98514],[-98.57201,29.98512],[-98.57127,29.98512],[-98.5692,29.98513],[-98.56776,29.98516],[-98.56687,29.98518],[-98.56635,29.98517],[-98.56587,29.98512],[-98.56557,29.98506],[-98.56498,29.98489],[-98.56456,29.98471],[-98.56353,29.98417],[-98.563,29.98392],[-98.56271,29.98382],[-98.56241,29.98373],[-98.56193,29.98364],[-98.56159,29.9836],[-98.56106,29.98358],[-98.56079,29.98357],[-98.55741,29.9835],[-98.5567,29.98349],[-98.55663,29.98349],[-98.55209,29.9834],[-98.55147,29.98335],[-98.55101,29.98325],[-98.55056,29.98309],[-98.55025,29.98293],[-98.55004,29.98282],[-98.54977,29.98263],[-98.54934,29.98226],[-98.54906,29.98192],[-98.54888,29.98163],[-98.54805,29.97989],[-98.54793,29.97967],[-98.54771,29.97935],[-98.54738,29.97898],[-98.54722,29.97884],[-98.54703,29.97866],[-98.54672,29.97844],[-98.54626,29.97816],[-98.54547,29.97782],[-98.54167,29.97633],[-98.5409,29.97603],[-98.54082,29.97601],[-98.54012,29.97574],[-98.53962,29.97559],[-98.53856,29.97533],[-98.53688,29.97486],[-98.534,29.97389],[-98.53281,29.97354],[-98.53226,29.97344],[-98.53197,29.97339],[-98.5314,29.97334],[-98.52859,29.97313],[-98.52811,29.97304],[-98.52764,29.97289],[-98.52728,29.97272],[-98.52695,29.97253],[-98.52667,29.97233],[-98.52644,29.97213],[-98.52627,29.97194],[-98.52612,29.97179],[-98.52592,29.9715],[-98.52589,29.97146],[-98.52472,29.96998],[-98.52447,29.9697],[-98.52433,29.96957],[-98.52423,29.9695],[-98.52398,29.96931],[-98.52365,29.96915],[-98.52351,29.96909],[-98.52338,29.96904],[-98.52307,29.96896],[-98.52298,29.96895],[-98.52291,29.96894],[-98.52274,29.96892],[-98.52248,29.9689],[-98.52226,29.96892],[-98.52205,29.96894],[-98.5219,29.96898],[-98.52165,29.96904],[-98.52131,29.96913],[-98.52093,29.96922],[-98.52084,29.96925],[-98.52008,29.96944],[-98.51896,29.96972],[-98.5184,29.96989],[-98.51827,29.96992],[-98.51753,29.97025],[-98.51216,29.97304],[-98.51193,29.97314],[-98.51156,29.97325],[-98.51129,29.97328],[-98.51102,29.97329],[-98.51076,29.97327],[-98.51057,29.97322],[-98.51039,29.97317],[-98.51026,29.97312],[-98.51003,29.97303],[-98.50669,29.97147],[-98.50649,29.97139],[-98.50617,29.9713],[-98.50593,29.97126],[-98.50568,29.97124],[-98.5053,29.97126],[-98.50507,29.97131],[-98.50484,29.97139],[-98.5044,29.9716],[-98.50288,29.97238],[-98.50213,29.97277],[-98.50186,29.97289],[-98.50164,29.97297],[-98.5015,29.97301],[-98.50135,29.97303],[-98.50112,29.97305],[-98.50092,29.97304],[-98.50076,29.97303],[-98.50021,29.97293],[-98.49523,29.97186],[-98.49459,29.97181],[-98.49289,29.97171],[-98.49238,29.97164],[-98.49185,29.9715],[-98.49016,29.97094],[-98.48975,29.97083],[-98.48916,29.9707],[-98.48854,29.9706],[-98.48592,29.9702],[-98.4856,29.97016],[-98.48537,29.97013],[-98.48448,29.97],[-98.48349,29.96986],[-98.4826,29.96973],[-98.48182,29.96961],[-98.48133,29.96955],[-98.48064,29.96946],[-98.4801,29.96943],[-98.47954,29.96944],[-98.47735,29.96966],[-98.47694,29.96969],[-98.47669,29.96969],[-98.47635,29.96964],[-98.47614,29.9696],[-98.47603,29.96957],[-98.47554,29.96941],[-98.47451,29.96901],[-98.47418,29.96892],[-98.4738,29.96887],[-98.47349,29.96886],[-98.47316,29.96887],[-98.46977,29.96914],[-98.46966,29.96915],[-98.46931,29.96916],[-98.46877,29.96915],[-98.46836,29.96913],[-98.46797,29.96908],[-98.46541,29.96871],[-98.4648,29.96863],[-98.46443,29.96861],[-98.46395,29.96862],[-98.46361,29.96866],[-98.46342,29.96868],[-98.46011,29.96912],[-98.45971,29.96914],[-98.45953,29.96912],[-98.45923,29.96908],[-98.45895,29.96901],[-98.45867,29.96891],[-98.45839,29.96877],[-98.45813,29.9686],[-98.45362,29.96514],[-98.45278,29.96458],[-98.45184,29.96405],[-98.45163,29.96393],[-98.45104,29.96366],[-98.45078,29.96357],[-98.45039,29.96348],[-98.44972,29.96338],[-98.44876,29.96329],[-98.44818,29.96325],[-98.44644,29.96331],[-98.44582,29.96335],[-98.44531,29.96341],[-98.44456,29.96354],[-98.44401,29.96364],[-98.44374,29.9637],[-98.44355,29.96377],[-98.44327,29.9639],[-98.44309,29.96401],[-98.44293,29.96414],[-98.44268,29.96437],[-98.44226,29.96482],[-98.44124,29.96593],[-98.44104,29.96612],[-98.44082,29.96627],[-98.4407,29.96633],[-98.44046,29.96643],[-98.4401,29.96652],[-98.43977,29.96654],[-98.43939,29.96649],[-98.43921,29.96645],[-98.43891,29.96636],[-98.43858,29.96625],[-98.4384,29.96618],[-98.43817,29.96608],[-98.43788,29.96595],[-98.43592,29.96498],[-98.43581,29.96493],[-98.4357,29.96489],[-98.43559,29.96486],[-98.43547,29.96483],[-98.43542,29.96483],[-98.43535,29.96482],[-98.43523,29.96481],[-98.43511,29.96481],[-98.43493,29.96482],[-98.43481,29.96484],[-98.43469,29.96487],[-98.43457,29.96492],[-98.43446,29.96496],[-98.43435,29.96502],[-98.43425,29.96508],[-98.43416,29.96515],[-98.43407,29.96522],[-98.43398,29.9653],[-98.43305,29.96629],[-98.43246,29.96689],[-98.43167,29.96755],[-98.43153,29.96766],[-98.43138,29.96775],[-98.43126,29.96782],[-98.43122,29.96784],[-98.43105,29.96792],[-98.43088,29.96798],[-98.43059,29.96807],[-98.43053,29.96808],[-98.42955,29.96836],[-98.4289,29.96857],[-98.42874,29.96863],[-98.42863,29.96869],[-98.42853,29.96874],[-98.42839,29.96885],[-98.42826,29.96896],[-98.42815,29.96908],[-98.42812,29.96912],[-98.42715,29.97055],[-98.42711,29.97062],[-98.42677,29.97113],[-98.42668,29.97123],[-98.42663,29.9713],[-98.42647,29.97147],[-98.42629,29.97162],[-98.42615,29.97172],[-98.42611,29.97174],[-98.42595,29.97184],[-98.42559,29.97202],[-98.42519,29.97221],[-98.42513,29.97225],[-98.42431,29.97264],[-98.42387,29.97285],[-98.42259,29.97345],[-98.42236,29.97353],[-98.42213,29.9736],[-98.42189,29.97365],[-98.42159,29.97369],[-98.42061,29.97379],[-98.41997,29.97385],[-98.41967,29.9739],[-98.41938,29.97396],[-98.41909,29.97405],[-98.4185,29.97424],[-98.41822,29.97436],[-98.41796,29.97449],[-98.4177,29.97464],[-98.41746,29.9748],[-98.41696,29.9752],[-98.41556,29.97632],[-98.4153,29.97653],[-98.4152,29.9766],[-98.4151,29.97665],[-98.415,29.97671],[-98.41489,29.97675],[-98.41478,29.97679],[-98.41467,29.97682],[-98.41455,29.97684],[-98.41437,29.97687],[-98.41418,29.97689],[-98.414,29.97688],[-98.41381,29.97687],[-98.41296,29.97673],[-98.41221,29.97662],[-98.41203,29.97659],[-98.41197,29.97657],[-98.41185,29.97654],[-98.41168,29.97647],[-98.41158,29.97642],[-98.41081,29.97603],[-98.41068,29.97596],[-98.41034,29.9771],[-98.40949,29.97996],[-98.40933,29.9806],[-98.4092,29.98125],[-98.40909,29.9819],[-98.40813,29.98819],[-98.40788,29.98977],[-98.4078,29.99025],[-98.4077,29.99073],[-98.40757,29.99121],[-98.407,29.99304],[-98.40583,29.99676],[-98.40572,29.99718],[-98.40563,29.9976],[-98.40557,29.99798],[-98.40553,29.9984],[-98.4055,29.99888],[-98.40552,29.99985],[-98.40552,30.00034],[-98.40552,30.00116],[-98.40552,30.00133],[-98.40552,30.00162],[-98.40553,30.00179],[-98.40553,30.00198],[-98.40553,30.00227],[-98.40553,30.00269],[-98.40554,30.00469],[-98.40554,30.00542],[-98.40554,30.00635],[-98.40556,30.00748],[-98.40556,30.00784],[-98.40557,30.0098],[-98.40559,30.01085],[-98.40562,30.0127],[-98.40563,30.013],[-98.40566,30.01343],[-98.40571,30.01387],[-98.40578,30.0143],[-98.40583,30.01452],[-98.40608,30.01545],[-98.4062,30.01592],[-98.40643,30.01677],[-98.40708,30.01917],[-98.40736,30.02018],[-98.40843,30.02413],[-98.40875,30.02532],[-98.40967,30.02869],[-98.40974,30.02896],[-98.40998,30.02985],[-98.41021,30.03068],[-98.4105,30.03177],[-98.41066,30.03234],[-98.4109,30.03322],[-98.41096,30.03345],[-98.41129,30.03468],[-98.41145,30.03537],[-98.41154,30.0358],[-98.41156,30.036],[-98.41159,30.03623],[-98.41163,30.03669],[-98.41164,30.03677],[-98.41165,30.03726],[-98.41165,30.03759],[-98.41165,30.03762],[-98.41164,30.03795],[-98.41162,30.03858],[-98.4116,30.03946],[-98.41159,30.04031],[-98.41158,30.04073],[-98.41157,30.04119],[-98.41156,30.04181],[-98.41154,30.04414],[-98.41153,30.04494],[-98.4115,30.04585],[-98.41148,30.04697],[-98.41148,30.04728],[-98.41146,30.04785],[-98.41146,30.0479],[-98.41142,30.04971],[-98.41141,30.05029],[-98.41139,30.05066],[-98.41139,30.05108],[-98.41139,30.05127],[-98.41133,30.05348],[-98.41132,30.05391],[-98.41131,30.05493],[-98.4113,30.05545],[-98.41129,30.05571],[-98.41127,30.05653],[-98.41123,30.05687],[-98.41123,30.05817],[-98.41121,30.0595],[-98.4112,30.05995],[-98.41119,30.06056],[-98.41114,30.06226],[-98.4111,30.06323],[-98.41108,30.06382],[-98.41107,30.06406],[-98.41107,30.06413],[-98.41106,30.06415],[-98.41106,30.0642],[-98.41105,30.0645],[-98.41103,30.06514],[-98.41102,30.06529],[-98.41101,30.06573],[-98.41098,30.0666],[-98.41097,30.06708],[-98.41096,30.06737],[-98.4108,30.06897],[-98.41076,30.06952],[-98.41074,30.07016],[-98.41071,30.07087],[-98.41069,30.07158],[-98.41069,30.07181],[-98.41067,30.07208],[-98.41067,30.07235],[-98.4107,30.07262],[-98.41074,30.07289],[-98.41079,30.07315],[-98.41082,30.07326],[-98.41094,30.07355],[-98.41106,30.07386],[-98.41111,30.07397],[-98.41128,30.07442],[-98.41145,30.07474],[-98.41159,30.07501],[-98.41177,30.0753],[-98.41194,30.07555],[-98.41212,30.07579],[-98.41268,30.07645],[-98.41273,30.07651],[-98.41308,30.07692],[-98.41329,30.07717],[-98.41338,30.07727],[-98.41346,30.07737],[-98.4139,30.07789],[-98.41459,30.07868],[-98.41508,30.07924],[-98.41517,30.07935],[-98.41545,30.07968],[-98.41748,30.08204],[-98.41782,30.08245],[-98.41787,30.08251],[-98.41814,30.08289],[-98.41836,30.08319],[-98.41844,30.0833],[-98.41864,30.08361],[-98.41889,30.084],[-98.41899,30.08417],[-98.41916,30.08446],[-98.41993,30.08599],[-98.42038,30.0869],[-98.42044,30.08704],[-98.42084,30.08786],[-98.42085,30.08787],[-98.42113,30.08846],[-98.42194,30.09012],[-98.42264,30.09148],[-98.42326,30.09272],[-98.42336,30.09295],[-98.42343,30.09316],[-98.42348,30.09337],[-98.42352,30.09358],[-98.42355,30.09385],[-98.42355,30.09404],[-98.42354,30.09431],[-98.42351,30.09453],[-98.42348,30.09464],[-98.42347,30.09468],[-98.42343,30.09484],[-98.42336,30.09505],[-98.42329,30.0952],[-98.42292,30.09609],[-98.42287,30.09622],[-98.4228,30.09639],[-98.42255,30.09701],[-98.42219,30.09794],[-98.42181,30.09883],[-98.42129,30.09867]]}},{"type":"Feature","properties":{"route":"Fitzhugh & Hamilton Pool Craft Beverage Run","category":"German Towns & Culture","color":"#8e44ad","waypoints":["Bee Cave","Hamilton Pool","Fitzhugh Rd","Dripping Springs"],"via":"Hamilton Pool Rd -> Fitzhugh Rd -> Dripping Springs","distance_mi":15.9,"source":"road-snapped","id":"fitzhugh-hamilton-pool-craft-beverage-run"},"geometry":{"type":"LineString","coordinates":[[-97.93996,30.30608],[-97.94073,30.30639],[-97.94106,30.30582],[-97.94124,30.3059],[-97.94111,30.30604],[-97.94071,30.3068],[-97.94061,30.30697],[-97.94071,30.30701],[-97.94338,30.30802],[-97.94364,30.30811],[-97.94406,30.30825],[-97.94416,30.30828],[-97.94452,30.30838],[-97.9446,30.3084],[-97.94489,30.30845],[-97.9454,30.3085],[-97.94568,30.30853],[-97.94594,30.30854],[-97.94597,30.30854],[-97.94606,30.30854],[-97.94633,30.30853],[-97.94784,30.30846],[-97.94861,30.3084],[-97.94903,30.30831],[-97.94945,30.30829],[-97.94983,30.30826],[-97.9503,30.30823],[-97.95078,30.30821],[-97.95114,30.30818],[-97.95225,30.30812],[-97.95281,30.30808],[-97.9541,30.308],[-97.95462,30.308],[-97.95511,30.308],[-97.95556,30.30803],[-97.95619,30.30809],[-97.95662,30.30816],[-97.95735,30.3083],[-97.95946,30.30875],[-97.95984,30.30883],[-97.96021,30.30891],[-97.96057,30.30899],[-97.96106,30.30909],[-97.96122,30.30913],[-97.96151,30.30919],[-97.96156,30.3092],[-97.96203,30.3093],[-97.96248,30.30939],[-97.96297,30.3095],[-97.96302,30.30951],[-97.96319,30.30954],[-97.96338,30.30958],[-97.96369,30.30964],[-97.96388,30.30968],[-97.9639,30.30969],[-97.96473,30.30986],[-97.96531,30.30999],[-97.96545,30.31001],[-97.96568,30.30976],[-97.96584,30.30958],[-97.96594,30.30943],[-97.96598,30.30939],[-97.96613,30.30926],[-97.96641,30.30907],[-97.96662,30.30895],[-97.96681,30.30886],[-97.96914,30.30772],[-97.96978,30.3074],[-97.97005,30.3073],[-97.97024,30.30724],[-97.97026,30.30723],[-97.97061,30.30716],[-97.97092,30.30709],[-97.97118,30.30706],[-97.97146,30.30705],[-97.97158,30.30704],[-97.97192,30.30707],[-97.9721,30.30709],[-97.97233,30.30712],[-97.97281,30.30718],[-97.97316,30.30723],[-97.97363,30.30729],[-97.97417,30.30733],[-97.97477,30.30733],[-97.97491,30.30731],[-97.97536,30.30728],[-97.97591,30.30719],[-97.97639,30.30706],[-97.97676,30.30694],[-97.97688,30.3069],[-97.97744,30.30665],[-97.97777,30.30651],[-97.9782,30.30637],[-97.97872,30.30627],[-97.97925,30.30623],[-97.97935,30.30623],[-97.97979,30.30624],[-97.9803,30.30631],[-97.98079,30.30641],[-97.98127,30.30657],[-97.98128,30.30657],[-97.98173,30.30682],[-97.98212,30.30709],[-97.9826,30.30737],[-97.9829,30.30751],[-97.98318,30.30762],[-97.98324,30.30764],[-97.98332,30.30766],[-97.98354,30.30772],[-97.98395,30.30779],[-97.98447,30.30782],[-97.98469,30.30782],[-97.98511,30.30783],[-97.98568,30.30785],[-97.98599,30.30786],[-97.98613,30.30786],[-97.98645,30.30786],[-97.98661,30.30785],[-97.98679,30.30787],[-97.98699,30.30785],[-97.98716,30.30786],[-97.98796,30.30789],[-97.98803,30.30789],[-97.9884,30.3079],[-97.98918,30.30793],[-97.98941,30.30794],[-97.98962,30.30795],[-97.98992,30.30797],[-97.99042,30.30799],[-97.991,30.30799],[-97.99136,30.30794],[-97.99172,30.30786],[-97.99217,30.30771],[-97.99237,30.30762],[-97.99253,30.30755],[-97.9927,30.30747],[-97.99303,30.3073],[-97.99337,30.30712],[-97.99341,30.30711],[-97.99387,30.30688],[-97.99479,30.30643],[-97.99509,30.30628],[-97.99545,30.3061],[-97.99557,30.30606],[-97.99591,30.30588],[-97.99611,30.30578],[-97.99641,30.30563],[-97.99658,30.30552],[-97.99676,30.30541],[-97.99693,30.30527],[-97.99713,30.3051],[-97.99727,30.30493],[-97.99743,30.30474],[-97.99761,30.30446],[-97.99781,30.30405],[-97.99805,30.30355],[-97.99846,30.30265],[-97.99852,30.30252],[-97.99877,30.30197],[-97.99885,30.30183],[-97.99895,30.30164],[-97.99913,30.30139],[-97.99921,30.30127],[-97.99942,30.30102],[-97.99974,30.30072],[-97.99998,30.30049],[-98.00009,30.30041],[-98.00022,30.30031],[-98.00041,30.30019],[-98.0006,30.30007],[-98.00077,30.29997],[-98.00094,30.29988],[-98.00117,30.29978],[-98.00139,30.29969],[-98.00162,30.2996],[-98.00181,30.29954],[-98.00199,30.29949],[-98.00216,30.29945],[-98.00232,30.29941],[-98.00415,30.29902],[-98.00533,30.29877],[-98.00553,30.29872],[-98.00574,30.29866],[-98.00593,30.29859],[-98.00614,30.2985],[-98.00635,30.2984],[-98.00652,30.2983],[-98.00668,30.29819],[-98.00686,30.29807],[-98.00699,30.29796],[-98.00712,30.29784],[-98.00735,30.29761],[-98.00751,30.29742],[-98.00766,30.29724],[-98.00781,30.29708],[-98.00802,30.29691],[-98.00819,30.29678],[-98.00838,30.29666],[-98.00852,30.29658],[-98.00871,30.29648],[-98.00891,30.29638],[-98.00913,30.29631],[-98.00935,30.29624],[-98.00959,30.29618],[-98.00985,30.29612],[-98.01018,30.29609],[-98.01071,30.29604],[-98.01321,30.29586],[-98.01375,30.29581],[-98.01387,30.2958],[-98.01402,30.29578],[-98.01421,30.29574],[-98.01436,30.2957],[-98.01448,30.29567],[-98.01463,30.29562],[-98.01483,30.29554],[-98.01499,30.29547],[-98.01513,30.2954],[-98.01529,30.29531],[-98.01546,30.29521],[-98.01558,30.29514],[-98.01571,30.29503],[-98.01584,30.29492],[-98.01599,30.29479],[-98.01612,30.29466],[-98.01624,30.29452],[-98.01638,30.29431],[-98.01647,30.29418],[-98.01654,30.29406],[-98.01662,30.29392],[-98.01683,30.29345],[-98.01713,30.29276],[-98.0172,30.29261],[-98.01729,30.29244],[-98.01739,30.29227],[-98.01751,30.29212],[-98.01763,30.29198],[-98.01775,30.29186],[-98.01788,30.29174],[-98.01802,30.29161],[-98.01817,30.29149],[-98.01835,30.29137],[-98.01851,30.29127],[-98.01871,30.29117],[-98.01889,30.29108],[-98.01908,30.29101],[-98.01922,30.29096],[-98.01937,30.29091],[-98.01955,30.29087],[-98.01974,30.29083],[-98.01995,30.29079],[-98.02018,30.29076],[-98.0204,30.29074],[-98.02061,30.29073],[-98.0208,30.29072],[-98.02103,30.29072],[-98.02131,30.29073],[-98.02162,30.29075],[-98.02198,30.29079],[-98.02234,30.29085],[-98.02272,30.29092],[-98.02326,30.29102],[-98.02355,30.29108],[-98.02482,30.29133],[-98.02825,30.292],[-98.02868,30.29209],[-98.02917,30.29219],[-98.02962,30.29225],[-98.02999,30.29226],[-98.03064,30.29221],[-98.03186,30.29208],[-98.03245,30.292],[-98.03449,30.29172],[-98.03462,30.29169],[-98.03543,30.2916],[-98.03631,30.29149],[-98.03713,30.29136],[-98.038,30.29128],[-98.03838,30.29126],[-98.03844,30.29126],[-98.03856,30.29127],[-98.03888,30.29128],[-98.03894,30.29128],[-98.03908,30.29129],[-98.03943,30.29134],[-98.04036,30.29147],[-98.04096,30.29151],[-98.04112,30.29152],[-98.04142,30.29152],[-98.04191,30.29149],[-98.04235,30.29143],[-98.04289,30.29133],[-98.0436,30.29119],[-98.04474,30.29098],[-98.04529,30.29086],[-98.04574,30.29073],[-98.04678,30.29029],[-98.04836,30.28942],[-98.0491,30.28901],[-98.0492,30.28896],[-98.04971,30.28868],[-98.0498,30.28863],[-98.05004,30.2885],[-98.0502,30.28841],[-98.0512,30.28788],[-98.05127,30.28786],[-98.05177,30.28764],[-98.05228,30.28749],[-98.05251,30.28745],[-98.05285,30.28739],[-98.05351,30.28735],[-98.05513,30.28724],[-98.05614,30.28711],[-98.05646,30.28705],[-98.05721,30.28692],[-98.05751,30.28684],[-98.058,30.28673],[-98.05884,30.28653],[-98.05898,30.28649],[-98.06,30.28626],[-98.06131,30.28597],[-98.06187,30.28587],[-98.06242,30.28584],[-98.06261,30.28586],[-98.06292,30.28588],[-98.06345,30.28597],[-98.06348,30.28598],[-98.06384,30.28608],[-98.06472,30.28648],[-98.06488,30.28656],[-98.06504,30.2856],[-98.0651,30.28524],[-98.06522,30.28455],[-98.06565,30.28207],[-98.06584,30.28103],[-98.06603,30.28002],[-98.06644,30.27852],[-98.06655,30.27809],[-98.06678,30.27745],[-98.06703,30.27682],[-98.06727,30.27622],[-98.06746,30.27571],[-98.0675,30.27563],[-98.06793,30.27454],[-98.06826,30.27369],[-98.06837,30.27341],[-98.0684,30.27334],[-98.06843,30.27327],[-98.06844,30.27324],[-98.0685,30.27298],[-98.06854,30.2728],[-98.06855,30.27274],[-98.0686,30.2724],[-98.06862,30.27218],[-98.06863,30.27213],[-98.06862,30.27182],[-98.06857,30.27146],[-98.06856,30.27137],[-98.06853,30.27122],[-98.06846,30.2709],[-98.06824,30.27032],[-98.068,30.26992],[-98.06742,30.26915],[-98.06522,30.26674],[-98.06495,30.26645],[-98.06476,30.26623],[-98.06448,30.26592],[-98.06398,30.26538],[-98.06319,30.26454],[-98.06266,30.26401],[-98.06201,30.2635],[-98.06109,30.26276],[-98.06035,30.26215],[-98.06003,30.26185],[-98.05973,30.26148],[-98.05951,30.2611],[-98.05934,30.26072],[-98.05933,30.2607],[-98.05919,30.26032],[-98.05911,30.25986],[-98.0591,30.25973],[-98.05909,30.25959],[-98.05908,30.25952],[-98.0591,30.25908],[-98.05911,30.25901],[-98.05917,30.25774],[-98.05916,30.25733],[-98.05909,30.25693],[-98.05908,30.25689],[-98.05884,30.25608],[-98.05873,30.25569],[-98.05862,30.25535],[-98.05836,30.2545],[-98.0582,30.25397],[-98.05779,30.25263],[-98.05768,30.25228],[-98.05765,30.25219],[-98.05755,30.25185],[-98.0575,30.25148],[-98.0575,30.25144],[-98.0575,30.25126],[-98.05752,30.25105],[-98.05752,30.25103],[-98.05755,30.25083],[-98.05761,30.25057],[-98.05769,30.25031],[-98.05813,30.2495],[-98.05875,30.24855],[-98.05885,30.24839],[-98.05891,30.2483],[-98.05903,30.24813],[-98.05938,30.24758],[-98.05945,30.24748],[-98.06024,30.24627],[-98.06069,30.24558],[-98.06101,30.24508],[-98.06153,30.24427],[-98.06187,30.24374],[-98.06275,30.24239],[-98.06347,30.24128],[-98.06362,30.24105],[-98.06382,30.24072],[-98.06426,30.24008],[-98.06462,30.23954],[-98.06496,30.23914],[-98.06553,30.23862],[-98.06597,30.23831],[-98.06631,30.23811],[-98.06661,30.23795],[-98.0669,30.23782],[-98.06746,30.2376],[-98.06794,30.23747],[-98.06965,30.23705],[-98.07002,30.23692],[-98.07039,30.23672],[-98.07075,30.23647],[-98.07112,30.23618],[-98.07141,30.23585],[-98.0716,30.23558],[-98.07201,30.23497],[-98.07216,30.23474],[-98.07246,30.23429],[-98.07279,30.23379],[-98.07323,30.23314],[-98.07331,30.23302],[-98.07336,30.23295],[-98.07467,30.23104],[-98.0755,30.22991],[-98.07603,30.22945],[-98.07629,30.22922],[-98.07704,30.22873],[-98.07748,30.22844],[-98.07817,30.22789],[-98.07883,30.22713],[-98.07895,30.22697],[-98.07958,30.226],[-98.07983,30.22561],[-98.081,30.22384],[-98.08144,30.22316],[-98.08208,30.22181],[-98.08238,30.22089],[-98.08249,30.22056],[-98.0828,30.21956],[-98.08295,30.21908],[-98.08353,30.21721],[-98.08362,30.21693],[-98.08371,30.21661],[-98.08391,30.21603],[-98.08394,30.21595],[-98.08398,30.21584],[-98.08399,30.2158],[-98.08408,30.21553],[-98.08417,30.21534],[-98.08432,30.215],[-98.08438,30.21488],[-98.08453,30.21463],[-98.08507,30.21376],[-98.08522,30.21355],[-98.08572,30.21291],[-98.08669,30.21183],[-98.08678,30.21173],[-98.08708,30.21138],[-98.08715,30.2113],[-98.08731,30.21111],[-98.08765,30.21064],[-98.08778,30.21037],[-98.08787,30.21013],[-98.08795,30.20987],[-98.08796,30.20979],[-98.088,30.20961],[-98.08803,30.20935],[-98.088,30.20851],[-98.08795,30.20789],[-98.08792,30.20746],[-98.08791,30.20736],[-98.08788,30.2069],[-98.08787,30.20672],[-98.08783,30.20595],[-98.08782,30.20584],[-98.08782,30.2057],[-98.0878,30.20538],[-98.0878,30.20529],[-98.08779,30.20508],[-98.08779,30.20506],[-98.08777,30.20455],[-98.08774,30.20398],[-98.08771,30.20311],[-98.0877,30.20268],[-98.08769,30.20262],[-98.08768,30.20248],[-98.08765,30.20226],[-98.0876,30.20206],[-98.08746,30.20169],[-98.08736,30.20144],[-98.08727,30.20118],[-98.08724,30.20111],[-98.0872,30.201],[-98.08706,30.20062],[-98.08698,30.20022],[-98.08696,30.20003],[-98.08698,30.19963],[-98.08699,30.19948],[-98.08702,30.19907],[-98.08704,30.19879],[-98.08707,30.19838],[-98.0871,30.198],[-98.08712,30.19763],[-98.08715,30.19704],[-98.08721,30.19638],[-98.08723,30.19617],[-98.08729,30.19535],[-98.08733,30.19471],[-98.0874,30.19376],[-98.08743,30.19333],[-98.08746,30.19281],[-98.08747,30.19265],[-98.08747,30.19251],[-98.08748,30.19219],[-98.08749,30.19209],[-98.08749,30.19169],[-98.0875,30.19154],[-98.0875,30.19139],[-98.0875,30.19089],[-98.08748,30.19004]]}},{"type":"Feature","properties":{"route":"Leander to Luckenbach Loop","category":"German Towns & Culture","color":"#8e44ad","distance_mi":219.0,"waypoints":["Leander","Nameless Road","Lago Vista","Marble Falls","Willow City Loop","Fredericksburg","Luckenbach","Blanco","Johnson City","Cypress Mill","Shovel Mountain","Cow Creek Road","Liberty Hill"],"via":"Nameless Rd -> RM 1431 West -> US 281 South -> RM 1323 -> Willow City Loop -> TX 16 -> Fredericksburg -> RR 1376 -> Luckenbach -> RR 1888 -> Blanco -> US 281 -> CR 301 -> Shovel Mountain Rd -> TX 71 -> Marble Falls -> RM 1431 -> Cow Creek Rd (FM 1174) -> RM 1869 -> Liberty Hill","source":"road-snapped","id":"leander-to-luckenbach-loop"},"geometry":{"type":"LineString","coordinates":[[-97.85469,30.58305],[-97.85439,30.58236],[-97.85434,30.58223],[-97.85419,30.58188],[-97.85412,30.58171],[-97.85406,30.58154],[-97.85398,30.58134],[-97.85393,30.58121],[-97.85391,30.58117],[-97.85386,30.58106],[-97.85382,30.58096],[-97.85366,30.58056],[-97.85358,30.58037],[-97.85352,30.58022],[-97.85345,30.58005],[-97.85327,30.5796],[-97.85286,30.57868],[-97.85276,30.57846],[-97.85267,30.57827],[-97.85241,30.5777],[-97.85219,30.57719],[-97.85142,30.57532],[-97.85124,30.5749],[-97.85121,30.57483],[-97.85101,30.57434],[-97.85029,30.5726],[-97.84994,30.57177],[-97.84974,30.57128],[-97.84965,30.57107],[-97.8495,30.57069],[-97.84939,30.57045],[-97.84929,30.5702],[-97.8492,30.56997],[-97.84913,30.5698],[-97.84903,30.56957],[-97.84898,30.56946],[-97.84887,30.56918],[-97.84875,30.5689],[-97.84849,30.56827],[-97.8484,30.56807],[-97.84824,30.56767],[-97.84815,30.56745],[-97.84807,30.56727],[-97.84795,30.56697],[-97.84777,30.56654],[-97.84734,30.5655],[-97.84731,30.56544],[-97.84688,30.56441],[-97.84643,30.56331],[-97.84577,30.56173],[-97.84574,30.56166],[-97.84512,30.56017],[-97.84509,30.5601],[-97.84458,30.5589],[-97.84422,30.5581],[-97.84416,30.55797],[-97.8441,30.55785],[-97.84395,30.55755],[-97.84365,30.55693],[-97.84332,30.55629],[-97.84319,30.55601],[-97.84302,30.55568],[-97.84271,30.55506],[-97.84253,30.55469],[-97.84215,30.55393],[-97.84197,30.55357],[-97.8419,30.55342],[-97.84179,30.55312],[-97.8417,30.55279],[-97.84163,30.55236],[-97.84162,30.55207],[-97.84163,30.55176],[-97.84171,30.55043],[-97.84173,30.55003],[-97.84177,30.54943],[-97.84179,30.54901],[-97.8418,30.54892],[-97.84181,30.54869],[-97.8418,30.54832],[-97.84174,30.54792],[-97.8416,30.54744],[-97.84145,30.54709],[-97.84131,30.54677],[-97.84103,30.54612],[-97.84085,30.54572],[-97.84078,30.54558],[-97.84068,30.54534],[-97.84055,30.54505],[-97.84046,30.54483],[-97.84038,30.54466],[-97.84028,30.54442],[-97.84015,30.54414],[-97.84002,30.54385],[-97.83977,30.54328],[-97.83965,30.54303],[-97.83963,30.54297],[-97.83957,30.54284],[-97.83953,30.54274],[-97.83933,30.54225],[-97.83825,30.53978],[-97.8381,30.53944],[-97.83711,30.53721],[-97.83701,30.53698],[-97.83659,30.53605],[-97.83656,30.53599],[-97.83637,30.53554],[-97.83635,30.5355],[-97.83611,30.53496],[-97.8358,30.53426],[-97.8357,30.53402],[-97.83562,30.53385],[-97.83553,30.53365],[-97.83546,30.53348],[-97.83538,30.53329],[-97.83529,30.53309],[-97.83525,30.53298],[-97.8354,30.53293],[-97.83567,30.53284],[-97.83597,30.53274],[-97.83625,30.53263],[-97.83633,30.53254],[-97.83648,30.53248],[-97.83716,30.53225],[-97.83777,30.53206],[-97.83844,30.53184],[-97.83906,30.53164],[-97.83924,30.53158],[-97.84027,30.53125],[-97.84115,30.53098],[-97.84161,30.53084],[-97.84275,30.53049],[-97.84297,30.5305],[-97.84351,30.53035],[-97.84409,30.5302],[-97.84459,30.53007],[-97.84485,30.53],[-97.84491,30.52999],[-97.84499,30.52997],[-97.84513,30.52993],[-97.8453,30.52989],[-97.84602,30.52971],[-97.84678,30.52953],[-97.84755,30.52943],[-97.84802,30.52937],[-97.84886,30.52925],[-97.84978,30.52902],[-97.85046,30.5288],[-97.85087,30.52868],[-97.85158,30.52846],[-97.85225,30.52825],[-97.8528,30.52808],[-97.85322,30.52795],[-97.85383,30.52776],[-97.85427,30.52762],[-97.85453,30.52752],[-97.85483,30.5274],[-97.85532,30.52725],[-97.85542,30.52722],[-97.85554,30.52717],[-97.85566,30.52714],[-97.85617,30.52698],[-97.85684,30.52676],[-97.85699,30.52665],[-97.85725,30.52658],[-97.85817,30.52631],[-97.85856,30.52621],[-97.85952,30.52591],[-97.85954,30.5259],[-97.85977,30.52583],[-97.86065,30.52555],[-97.86267,30.52489],[-97.86294,30.52481],[-97.86415,30.52441],[-97.86442,30.52432],[-97.86469,30.52421],[-97.86495,30.52409],[-97.86514,30.52395],[-97.8652,30.5239],[-97.86534,30.52379],[-97.86558,30.52363],[-97.86575,30.52343],[-97.86589,30.52324],[-97.86605,30.52297],[-97.86626,30.5226],[-97.86641,30.52234],[-97.86645,30.52227],[-97.86669,30.52184],[-97.86685,30.52157],[-97.86702,30.52135],[-97.86727,30.52107],[-97.86755,30.5208],[-97.86768,30.52067],[-97.86803,30.52036],[-97.86815,30.52024],[-97.86833,30.52004],[-97.8685,30.51984],[-97.86868,30.51957],[-97.8688,30.5194],[-97.86892,30.51917],[-97.8691,30.51878],[-97.86934,30.51829],[-97.8695,30.51798],[-97.86974,30.51748],[-97.86988,30.51715],[-97.87006,30.51678],[-97.87015,30.51652],[-97.87021,30.51617],[-97.87022,30.51597],[-97.87022,30.51578],[-97.87078,30.51569],[-97.87132,30.51555],[-97.87185,30.51538],[-97.8719,30.51536],[-97.87323,30.51493],[-97.87501,30.51435],[-97.87677,30.51377],[-97.87684,30.51374],[-97.87752,30.51353],[-97.8782,30.5133],[-97.87892,30.51306],[-97.87921,30.51296],[-97.87925,30.51295],[-97.87986,30.51274],[-97.88039,30.51256],[-97.88144,30.51223],[-97.88185,30.5121],[-97.88235,30.51199],[-97.88283,30.51193],[-97.88324,30.51193],[-97.88365,30.51198],[-97.88403,30.51205],[-97.88441,30.51214],[-97.88499,30.51239],[-97.88512,30.5122],[-97.88499,30.51239],[-97.88541,30.51265],[-97.88544,30.51266],[-97.88589,30.51297],[-97.88631,30.51343],[-97.88653,30.51374],[-97.88672,30.51408],[-97.88683,30.51436],[-97.88699,30.51475],[-97.88716,30.5151],[-97.88732,30.5154],[-97.88755,30.51573],[-97.88761,30.51579],[-97.88782,30.51598],[-97.88804,30.51613],[-97.88911,30.51707],[-97.88931,30.51724],[-97.88949,30.51739],[-97.88974,30.51753],[-97.89012,30.51772],[-97.89064,30.5179],[-97.89096,30.51797],[-97.89116,30.51801],[-97.89353,30.51837],[-97.89421,30.51854],[-97.89495,30.5188],[-97.89554,30.51906],[-97.8966,30.51953],[-97.8967,30.51958],[-97.89691,30.51967],[-97.89705,30.51973],[-97.89731,30.51984],[-97.89737,30.51985],[-97.89764,30.51992],[-97.89797,30.51995],[-97.89836,30.51993],[-97.89874,30.51985],[-97.9006,30.51927],[-97.90167,30.51901],[-97.90196,30.51894],[-97.90273,30.51878],[-97.90299,30.51872],[-97.90324,30.51867],[-97.90342,30.51862],[-97.904,30.51847],[-97.90479,30.5183],[-97.90509,30.51821],[-97.90554,30.51807],[-97.90582,30.51796],[-97.90622,30.51776],[-97.90647,30.51761],[-97.90673,30.51746],[-97.90703,30.51728],[-97.90819,30.5166],[-97.9084,30.51649],[-97.90897,30.51618],[-97.90908,30.51612],[-97.90937,30.51592],[-97.9096,30.51569],[-97.90971,30.51555],[-97.90984,30.51536],[-97.91025,30.51441],[-97.91066,30.51344],[-97.91129,30.51205],[-97.91136,30.5119],[-97.91149,30.51162],[-97.91173,30.51113],[-97.91196,30.51043],[-97.91199,30.51033],[-97.91204,30.51013],[-97.91208,30.50996],[-97.91215,30.50956],[-97.91243,30.50801],[-97.91245,30.50788],[-97.9127,30.50714],[-97.91296,30.50649],[-97.91302,30.50634],[-97.91322,30.50591],[-97.91355,30.50539],[-97.91392,30.50484],[-97.91429,30.50437],[-97.91474,30.50396],[-97.9154,30.50342],[-97.91557,30.50332],[-97.91606,30.50312],[-97.9164,30.50304],[-97.91645,30.50303],[-97.91675,30.503],[-97.91715,30.503],[-97.91721,30.50301],[-97.91845,30.50308],[-97.9188,30.50308],[-97.9191,30.50303],[-97.91938,30.50294],[-97.91965,30.50283],[-97.91999,30.50261],[-97.92027,30.5024],[-97.92046,30.50221],[-97.92071,30.50182],[-97.92112,30.50114],[-97.92148,30.50061],[-97.92199,30.49988],[-97.92251,30.49909],[-97.92272,30.4988],[-97.92294,30.49845],[-97.92302,30.49828],[-97.92309,30.49814],[-97.92344,30.49742],[-97.92359,30.49712],[-97.92375,30.49674],[-97.92384,30.49653],[-97.92398,30.49626],[-97.92435,30.49547],[-97.9245,30.49512],[-97.92457,30.49483],[-97.92458,30.49461],[-97.92458,30.49453],[-97.92457,30.49445],[-97.92451,30.49424],[-97.92442,30.49402],[-97.92434,30.49385],[-97.92409,30.49329],[-97.924,30.49308],[-97.92385,30.49272],[-97.92374,30.49237],[-97.92369,30.49214],[-97.92368,30.49194],[-97.9237,30.49176],[-97.9238,30.49139],[-97.92397,30.49106],[-97.92401,30.49099],[-97.92422,30.49068],[-97.92445,30.49045],[-97.92475,30.49024],[-97.92507,30.49009],[-97.92679,30.48944],[-97.92736,30.48923],[-97.9277,30.4891],[-97.92783,30.48904],[-97.9281,30.4889],[-97.92838,30.48869],[-97.92867,30.48843],[-97.92894,30.48808],[-97.92905,30.4879],[-97.92919,30.48763],[-97.92932,30.48717],[-97.92945,30.48671],[-97.92951,30.48653],[-97.92957,30.48636],[-97.92976,30.48601],[-97.9298,30.48595],[-97.92989,30.48579],[-97.93013,30.4854],[-97.93042,30.4849],[-97.93102,30.48395],[-97.93155,30.48326],[-97.93157,30.48324],[-97.93186,30.48289],[-97.93216,30.48263],[-97.93257,30.48235],[-97.93294,30.48218],[-97.93337,30.48203],[-97.93356,30.482],[-97.93378,30.48196],[-97.93406,30.48194],[-97.93424,30.48194],[-97.93487,30.48195],[-97.93527,30.48198],[-97.93576,30.48195],[-97.93624,30.4819],[-97.93675,30.48176],[-97.93726,30.48157],[-97.93847,30.48113],[-97.93954,30.48073],[-97.94034,30.48048],[-97.94183,30.48008],[-97.94375,30.47958],[-97.94468,30.47937],[-97.9449,30.47907],[-97.94482,30.47914],[-97.94475,30.47923],[-97.94468,30.47937],[-97.947,30.47879],[-97.94787,30.47861],[-97.94923,30.47833],[-97.94975,30.4782],[-97.95159,30.47777],[-97.95193,30.47768],[-97.95201,30.47767],[-97.95304,30.47743],[-97.95344,30.47734],[-97.95489,30.47701],[-97.95503,30.47698],[-97.95514,30.47695],[-97.95557,30.47685],[-97.95584,30.4768],[-97.95609,30.47674],[-97.95668,30.4766],[-97.95705,30.47651],[-97.95738,30.4764],[-97.95767,30.47629],[-97.95796,30.47617],[-97.95828,30.47602],[-97.95851,30.47589],[-97.95887,30.47569],[-97.95892,30.47566],[-97.95932,30.47536],[-97.96096,30.47372],[-97.96135,30.47338],[-97.96167,30.47312],[-97.96215,30.47282],[-97.96266,30.47261],[-97.96354,30.47232],[-97.96635,30.47153],[-97.96648,30.47149],[-97.96743,30.47122],[-97.96855,30.4709],[-97.96906,30.47082],[-97.96956,30.47081],[-97.97016,30.47089],[-97.97062,30.47101],[-97.97097,30.47111],[-97.97132,30.4713],[-97.97252,30.47215],[-97.97252,30.47215],[-97.97286,30.47242],[-97.97356,30.47293],[-97.9737,30.47303],[-97.97397,30.47333],[-97.974,30.47337],[-97.97407,30.47345],[-97.97428,30.47376],[-97.97429,30.47376],[-97.97445,30.47415],[-97.97455,30.47456],[-97.97457,30.47472],[-97.9746,30.475],[-97.97461,30.47505],[-97.97463,30.47536],[-97.97464,30.47545],[-97.97471,30.47603],[-97.97473,30.47616],[-97.97482,30.47689],[-97.97494,30.4775],[-97.97501,30.47773],[-97.97511,30.47803],[-97.97543,30.47906],[-97.97552,30.47931],[-97.97566,30.47961],[-97.97588,30.48001],[-97.97595,30.48011],[-97.97614,30.48036],[-97.9765,30.48073],[-97.97747,30.48145],[-97.97767,30.48164],[-97.97788,30.48196],[-97.97802,30.48229],[-97.97808,30.48256],[-97.97808,30.48293],[-97.97803,30.48321],[-97.97791,30.48352],[-97.97778,30.48377],[-97.97759,30.48398],[-97.97756,30.48401],[-97.97732,30.48425],[-97.97632,30.48502],[-97.97524,30.48593],[-97.97504,30.48614],[-97.97492,30.48636],[-97.97483,30.48659],[-97.97477,30.48687],[-97.97479,30.48706],[-97.97484,30.48731],[-97.9749,30.48747],[-97.97507,30.48776],[-97.97551,30.48823],[-97.97602,30.48874],[-97.97639,30.48906],[-97.977,30.48946],[-97.97713,30.48956],[-97.97756,30.48983],[-97.97879,30.49061],[-97.97903,30.49083],[-97.97922,30.49107],[-97.97937,30.49133],[-97.97944,30.49157],[-97.97951,30.49191],[-97.97955,30.49259],[-97.97956,30.4929],[-97.97954,30.49331],[-97.9795,30.49366],[-97.97944,30.49399],[-97.9793,30.49445],[-97.97906,30.49515],[-97.979,30.49545],[-97.97899,30.49574],[-97.97901,30.4959],[-97.97911,30.49625],[-97.97919,30.49648],[-97.9793,30.49669],[-97.97957,30.49705],[-97.97973,30.49722],[-97.97992,30.49737],[-97.98084,30.4979],[-97.98119,30.49804],[-97.98151,30.49811],[-97.98174,30.49812],[-97.98211,30.49808],[-97.98242,30.498],[-97.98276,30.49783],[-97.98336,30.4974],[-97.98369,30.49724],[-97.98402,30.49715],[-97.98436,30.4971],[-97.98474,30.49708],[-97.98507,30.49711],[-97.98544,30.49719],[-97.98585,30.49736],[-97.9861,30.4975],[-97.98638,30.49772],[-97.98675,30.49815],[-97.98714,30.49873],[-97.98737,30.49907],[-97.98765,30.4994],[-97.98831,30.50003],[-97.98847,30.50018],[-97.98863,30.50042],[-97.98874,30.50072],[-97.98876,30.501],[-97.98872,30.50137],[-97.98869,30.50178],[-97.98871,30.50203],[-97.98877,30.50228],[-97.98892,30.50262],[-97.98914,30.50295],[-97.98936,30.50315],[-97.98956,30.50331],[-97.99035,30.5038],[-97.99062,30.50401],[-97.99096,30.50435],[-97.99123,30.50474],[-97.99146,30.50504],[-97.99168,30.50523],[-97.99202,30.50543],[-97.99234,30.50554],[-97.99311,30.5057],[-97.9936,30.50587],[-97.99396,30.50605],[-97.99478,30.50653],[-97.99567,30.50703],[-97.99608,30.50718],[-97.99638,30.50725],[-97.99674,30.50729],[-97.9971,30.50728],[-97.99747,30.50724],[-97.99806,30.50711],[-97.99843,30.50696],[-97.99868,30.50679],[-97.99894,30.50654],[-97.99916,30.50615],[-97.99965,30.50502],[-97.99982,30.50471],[-97.99997,30.50452],[-98.00021,30.5043],[-98.00047,30.50417],[-98.00079,30.50403],[-98.0011,30.50396],[-98.0014,30.50395],[-98.00147,30.50395],[-98.00183,30.504],[-98.00222,30.50413],[-98.00364,30.50487],[-98.00382,30.50497],[-98.00494,30.50552],[-98.00524,30.50567],[-98.00559,30.50579],[-98.00591,30.50584],[-98.00633,30.50585],[-98.00665,30.50582],[-98.00711,30.50569],[-98.00772,30.5054],[-98.0083,30.50509],[-98.00893,30.50466],[-98.01034,30.50343],[-98.01105,30.50286],[-98.01157,30.50258],[-98.01229,30.50222],[-98.01247,30.50213],[-98.01288,30.50194],[-98.01328,30.5018],[-98.01364,30.50171],[-98.01394,30.50165],[-98.01423,30.50161],[-98.01441,30.50159],[-98.01451,30.50158],[-98.01467,30.50157],[-98.015,30.50158],[-98.01598,30.50166],[-98.01628,30.50169],[-98.0165,30.50173],[-98.0167,30.5018],[-98.01689,30.50187],[-98.01701,30.50194],[-98.01717,30.50203],[-98.01744,30.50224],[-98.01778,30.50263],[-98.01822,30.5034],[-98.01832,30.50352],[-98.01839,30.50361],[-98.01855,30.50377],[-98.01862,30.50384],[-98.01885,30.50401],[-98.01911,30.50414],[-98.01945,30.50427],[-98.01964,30.50431],[-98.01981,30.50435],[-98.02033,30.50442],[-98.02073,30.50449],[-98.02117,30.50463],[-98.02163,30.50483],[-98.02182,30.5049],[-98.02212,30.50502],[-98.02243,30.5051],[-98.0228,30.50511],[-98.02286,30.5051],[-98.02302,30.50508],[-98.02327,30.50504],[-98.02376,30.50496],[-98.02412,30.50494],[-98.02451,30.505],[-98.02491,30.50511],[-98.02577,30.50541],[-98.0261,30.5055],[-98.02639,30.50555],[-98.02795,30.50568],[-98.02942,30.50581],[-98.03001,30.5059],[-98.03042,30.50602],[-98.031,30.50624],[-98.03191,30.50677],[-98.03226,30.50696],[-98.03252,30.50711],[-98.03362,30.50767],[-98.03427,30.50805],[-98.03456,30.50829],[-98.03568,30.50963],[-98.03591,30.50981],[-98.03612,30.50993],[-98.03632,30.51004],[-98.03669,30.51016],[-98.03691,30.51021],[-98.03727,30.51029],[-98.03803,30.51045],[-98.03887,30.5107],[-98.03925,30.51085],[-98.03963,30.51106],[-98.04003,30.51135],[-98.04036,30.51172],[-98.0406,30.51204],[-98.04084,30.51249],[-98.0414,30.5138],[-98.04144,30.5139],[-98.04171,30.51457],[-98.04267,30.51677],[-98.04282,30.51709],[-98.04309,30.51754],[-98.04325,30.51775],[-98.04341,30.51797],[-98.04499,30.51956],[-98.04547,30.52004],[-98.0459,30.52035],[-98.04602,30.52044],[-98.04656,30.5208],[-98.0471,30.52104],[-98.04795,30.52136],[-98.04996,30.52193],[-98.05325,30.52288],[-98.05412,30.52308],[-98.05439,30.52312],[-98.05454,30.52313],[-98.05523,30.52309],[-98.05591,30.52298],[-98.05639,30.52282],[-98.0566,30.5227],[-98.05707,30.52244],[-98.05766,30.52202],[-98.05873,30.52125],[-98.05943,30.52083],[-98.05996,30.52061],[-98.06064,30.52047],[-98.06092,30.52044],[-98.06102,30.52043],[-98.0616,30.52041],[-98.06266,30.52034],[-98.06378,30.5203],[-98.0641,30.52025],[-98.06458,30.52019],[-98.06525,30.52004],[-98.06697,30.51968],[-98.06774,30.51957],[-98.06886,30.51947],[-98.06945,30.51943],[-98.07144,30.51926],[-98.07225,30.51923],[-98.07267,30.51923],[-98.07325,30.51926],[-98.07393,30.51939],[-98.07459,30.51956],[-98.07524,30.51981],[-98.0777,30.52094],[-98.07781,30.52098],[-98.07907,30.52153],[-98.08043,30.52213],[-98.08189,30.52277],[-98.08335,30.52341],[-98.0836,30.52351],[-98.08436,30.52382],[-98.08537,30.52417],[-98.08653,30.52455],[-98.0878,30.52493],[-98.08865,30.52521],[-98.08914,30.52531],[-98.08953,30.52537],[-98.09126,30.52553],[-98.09194,30.5257],[-98.09224,30.52578],[-98.0926,30.52593],[-98.09414,30.5266],[-98.09445,30.52677],[-98.09521,30.52692],[-98.096,30.52708],[-98.09717,30.52712],[-98.0979,30.52714],[-98.09864,30.52717],[-98.09923,30.52728],[-98.09986,30.52749],[-98.10015,30.52764],[-98.10053,30.52785],[-98.10097,30.52819],[-98.10119,30.52846],[-98.10126,30.52855],[-98.10148,30.52884],[-98.10181,30.52946],[-98.10224,30.5303],[-98.1026,30.53086],[-98.10307,30.53139],[-98.10357,30.53175],[-98.1037,30.53185],[-98.10375,30.53187],[-98.1043,30.53208],[-98.10499,30.53229],[-98.10614,30.53248],[-98.10719,30.53272],[-98.1082,30.53322],[-98.10864,30.5336],[-98.10897,30.53397],[-98.10926,30.53444],[-98.10955,30.53513],[-98.11048,30.53726],[-98.11062,30.5376],[-98.11099,30.5384],[-98.11126,30.53897],[-98.1115,30.53946],[-98.11166,30.53992],[-98.11176,30.5403],[-98.11181,30.54059],[-98.11182,30.54077],[-98.11182,30.54081],[-98.11183,30.54099],[-98.11183,30.54119],[-98.11171,30.54196],[-98.11156,30.54242],[-98.11139,30.54272],[-98.11117,30.54313],[-98.11107,30.54334],[-98.11095,30.54356],[-98.11087,30.54371],[-98.11075,30.54392],[-98.11029,30.54479],[-98.11015,30.54506],[-98.10968,30.54593],[-98.10949,30.54659],[-98.10949,30.54741],[-98.10951,30.54748],[-98.10958,30.54774],[-98.10966,30.54801],[-98.11099,30.55047],[-98.11205,30.55245],[-98.11315,30.55449],[-98.11347,30.55528],[-98.11369,30.55585],[-98.11379,30.55626],[-98.11398,30.55693],[-98.11408,30.55726],[-98.11413,30.55744],[-98.11425,30.55791],[-98.1144,30.5585],[-98.11512,30.56131],[-98.11514,30.56137],[-98.11523,30.56166],[-98.11526,30.56177],[-98.11531,30.5619],[-98.11553,30.56249],[-98.11562,30.56264],[-98.11612,30.56356],[-98.11648,30.56414],[-98.11659,30.5643],[-98.11717,30.56524],[-98.11759,30.56593],[-98.11793,30.56652],[-98.11805,30.56675],[-98.11835,30.5672],[-98.11896,30.56815],[-98.11908,30.56833],[-98.11925,30.56853],[-98.11971,30.56904],[-98.12003,30.56938],[-98.12025,30.56959],[-98.12059,30.5699],[-98.12071,30.57001],[-98.12218,30.57137],[-98.12252,30.57171],[-98.12256,30.57174],[-98.12258,30.57177],[-98.12419,30.57325],[-98.12446,30.5735],[-98.12452,30.57355],[-98.12512,30.57411],[-98.1257,30.57469],[-98.12587,30.57486],[-98.12708,30.57609],[-98.1279,30.57684],[-98.12825,30.57713],[-98.12874,30.57746],[-98.12883,30.57753],[-98.12909,30.57771],[-98.12936,30.57784],[-98.12947,30.57789],[-98.12965,30.57797],[-98.12974,30.57801],[-98.12999,30.57809],[-98.13012,30.57813],[-98.13028,30.57817],[-98.13046,30.5782],[-98.13051,30.57821],[-98.13059,30.57822],[-98.13075,30.57824],[-98.13107,30.57826],[-98.13117,30.57825],[-98.13135,30.57825],[-98.1315,30.57824],[-98.1317,30.57822],[-98.13177,30.57822],[-98.13187,30.57821],[-98.1322,30.57814],[-98.13241,30.57808],[-98.13259,30.57801],[-98.13287,30.5779],[-98.13381,30.57739],[-98.1342,30.57708],[-98.13467,30.57656],[-98.13474,30.57648],[-98.13491,30.57626],[-98.13502,30.57608],[-98.13519,30.57575],[-98.13524,30.57562],[-98.13526,30.57559],[-98.1353,30.57549],[-98.13532,30.57539],[-98.13537,30.57522],[-98.13542,30.57498],[-98.13547,30.57455],[-98.13563,30.57283],[-98.13571,30.572],[-98.13575,30.57169],[-98.13593,30.57006],[-98.13598,30.5696],[-98.13611,30.56857],[-98.13616,30.56831],[-98.13635,30.56769],[-98.13647,30.5674],[-98.13661,30.56713],[-98.13693,30.56661],[-98.13715,30.56633],[-98.1372,30.56627],[-98.13745,30.56598],[-98.13776,30.56568],[-98.13816,30.56535],[-98.13846,30.56508],[-98.13875,30.56491],[-98.13914,30.56468],[-98.13936,30.56455],[-98.14039,30.56393],[-98.14196,30.56299],[-98.14254,30.56265],[-98.14321,30.56224],[-98.14449,30.56147],[-98.14475,30.56132],[-98.14495,30.5612],[-98.14504,30.56115],[-98.14596,30.5606],[-98.14639,30.56035],[-98.14685,30.56006],[-98.14763,30.55974],[-98.14778,30.55968],[-98.14845,30.55946],[-98.14924,30.55932],[-98.14978,30.55925],[-98.1504,30.55922],[-98.15254,30.55918],[-98.15488,30.55913],[-98.15512,30.55913],[-98.15567,30.55913],[-98.15625,30.55913],[-98.15672,30.55912],[-98.15874,30.55909],[-98.15898,30.55907],[-98.15922,30.55904],[-98.15945,30.55898],[-98.15968,30.55892],[-98.1599,30.55884],[-98.16149,30.55814],[-98.16171,30.55804],[-98.16198,30.55792],[-98.16222,30.55783],[-98.1625,30.55776],[-98.16269,30.55772],[-98.16305,30.55767],[-98.16335,30.55764],[-98.16349,30.55764],[-98.16366,30.55764],[-98.16378,30.55764],[-98.16408,30.55768],[-98.16506,30.55789],[-98.16641,30.55814],[-98.16725,30.55839],[-98.16752,30.55848],[-98.16778,30.55858],[-98.16803,30.55869],[-98.1683,30.55886],[-98.16837,30.55891],[-98.16866,30.55912],[-98.16935,30.55968],[-98.17018,30.56033],[-98.17048,30.56058],[-98.17067,30.56077],[-98.17093,30.56113],[-98.171,30.56127],[-98.17114,30.56148],[-98.17125,30.56174],[-98.17141,30.56227],[-98.17155,30.56281],[-98.17176,30.56372],[-98.17214,30.56579],[-98.17221,30.56611],[-98.17233,30.56668],[-98.17233,30.56673],[-98.17243,30.56717],[-98.17253,30.56765],[-98.17258,30.56815],[-98.17259,30.5687],[-98.17255,30.56914],[-98.17248,30.56946],[-98.17246,30.56957],[-98.17231,30.57003],[-98.17213,30.57038],[-98.172,30.57062],[-98.17189,30.57087],[-98.1716,30.57132],[-98.17152,30.57145],[-98.17084,30.57251],[-98.17033,30.5733],[-98.17027,30.5734],[-98.16983,30.5741],[-98.16963,30.57454],[-98.16952,30.57488],[-98.16945,30.57518],[-98.16942,30.5754],[-98.16946,30.57574],[-98.1695,30.57602],[-98.16962,30.57645],[-98.16975,30.57681],[-98.16989,30.57709],[-98.17001,30.57728],[-98.17016,30.57748],[-98.17037,30.57774],[-98.17047,30.57787],[-98.17066,30.57811],[-98.17078,30.57825],[-98.17113,30.57869],[-98.17165,30.57935],[-98.17184,30.57973],[-98.172,30.58012],[-98.17236,30.58141],[-98.17237,30.58147],[-98.17265,30.58248],[-98.17267,30.58254],[-98.17272,30.58272],[-98.17274,30.58281],[-98.1734,30.58512],[-98.17346,30.5854],[-98.17349,30.58556],[-98.17351,30.58563],[-98.17354,30.58611],[-98.17357,30.5865],[-98.17365,30.58759],[-98.17376,30.58801],[-98.17377,30.58807],[-98.17398,30.58845],[-98.17423,30.58887],[-98.17449,30.58916],[-98.17459,30.58926],[-98.17477,30.58947],[-98.17508,30.5897],[-98.17539,30.58988],[-98.17553,30.58997],[-98.17576,30.59007],[-98.17608,30.59021],[-98.1764,30.5903],[-98.17677,30.59038],[-98.17712,30.59041],[-98.17751,30.59042],[-98.17781,30.59041],[-98.17813,30.59038],[-98.17844,30.59033],[-98.1789,30.5902],[-98.17937,30.59],[-98.17943,30.58997],[-98.17989,30.58971],[-98.1802,30.58943],[-98.18043,30.58921],[-98.1812,30.58845],[-98.18158,30.58809],[-98.18201,30.5878],[-98.18248,30.58754],[-98.18295,30.58734],[-98.18343,30.58722],[-98.18389,30.58715],[-98.18391,30.58714],[-98.1844,30.5871],[-98.18586,30.58698],[-98.18628,30.58694],[-98.18714,30.58687],[-98.18872,30.58673],[-98.18896,30.58671],[-98.19003,30.58665],[-98.19045,30.58664],[-98.19088,30.58666],[-98.19129,30.5867],[-98.19183,30.58684],[-98.19228,30.58704],[-98.19276,30.58727],[-98.19332,30.58752],[-98.19352,30.58759],[-98.19388,30.58769],[-98.19428,30.58775],[-98.19507,30.58777],[-98.19557,30.58784],[-98.19601,30.58794],[-98.19676,30.5881],[-98.19722,30.5882],[-98.19811,30.5884],[-98.19875,30.58854],[-98.19986,30.5887],[-98.20063,30.58874],[-98.2018,30.58867],[-98.20309,30.58858],[-98.20391,30.58853],[-98.20458,30.58841],[-98.20515,30.58827],[-98.20516,30.58827],[-98.20581,30.58802],[-98.20761,30.58726],[-98.20858,30.58684],[-98.2091,30.58669],[-98.20952,30.58663],[-98.20961,30.58661],[-98.21085,30.58658],[-98.21307,30.58653],[-98.21463,30.58643],[-98.21572,30.58638],[-98.21605,30.58636],[-98.21721,30.58629],[-98.2181,30.58622],[-98.21848,30.58618],[-98.2194,30.58607],[-98.22094,30.58587],[-98.22194,30.58575],[-98.22257,30.58565],[-98.22263,30.58564],[-98.22316,30.58546],[-98.22345,30.58537],[-98.22375,30.58526],[-98.22412,30.58508],[-98.22444,30.5849],[-98.22562,30.58419],[-98.22621,30.58376],[-98.22652,30.58348],[-98.22656,30.58344],[-98.22676,30.58324],[-98.22801,30.58176],[-98.22881,30.58074],[-98.22928,30.5802],[-98.2298,30.57956],[-98.2304,30.57898],[-98.23064,30.57876],[-98.2322,30.57736],[-98.23266,30.57691],[-98.23336,30.57613],[-98.2337,30.57559],[-98.23408,30.57508],[-98.2341,30.57505],[-98.23431,30.57473],[-98.23604,30.57205],[-98.23621,30.57181],[-98.23653,30.5714],[-98.23667,30.57128],[-98.23684,30.57115],[-98.23707,30.57101],[-98.23709,30.571],[-98.2373,30.5709],[-98.23746,30.57082],[-98.23773,30.57074],[-98.23797,30.57069],[-98.23823,30.57067],[-98.23839,30.57067],[-98.23862,30.57066],[-98.23872,30.57067],[-98.23889,30.57068],[-98.23899,30.5707],[-98.23922,30.57074],[-98.23962,30.57084],[-98.23976,30.57089],[-98.24027,30.57102],[-98.24081,30.57115],[-98.24176,30.57138],[-98.24198,30.57143],[-98.24383,30.57192],[-98.24407,30.57199],[-98.24434,30.57209],[-98.2446,30.57222],[-98.24495,30.57242],[-98.24553,30.57274],[-98.24597,30.57295],[-98.24623,30.57303],[-98.24645,30.57308],[-98.24686,30.57314],[-98.24775,30.57327],[-98.24919,30.57343],[-98.2494,30.57347],[-98.24961,30.57352],[-98.24975,30.57355],[-98.24993,30.5736],[-98.25027,30.57368],[-98.25048,30.57375],[-98.25106,30.57401],[-98.25181,30.57434],[-98.25369,30.5752],[-98.25376,30.57523],[-98.25382,30.57526],[-98.25509,30.57582],[-98.25543,30.57596],[-98.25549,30.57599],[-98.25591,30.57617],[-98.25598,30.5762],[-98.25647,30.57641],[-98.25671,30.57649],[-98.25698,30.57656],[-98.25722,30.5766],[-98.25754,30.57662],[-98.25779,30.57662],[-98.25791,30.57662],[-98.25795,30.57662],[-98.25833,30.57659],[-98.25871,30.57655],[-98.25887,30.57654],[-98.25965,30.57641],[-98.26061,30.57629],[-98.26315,30.5759],[-98.26336,30.57587],[-98.26346,30.57586],[-98.2636,30.57584],[-98.26394,30.57579],[-98.2641,30.57577],[-98.26443,30.57572],[-98.26492,30.57566],[-98.26508,30.57563],[-98.26608,30.57548],[-98.26623,30.57546],[-98.26632,30.57545],[-98.26638,30.57544],[-98.2665,30.57544],[-98.26662,30.57544],[-98.26694,30.57548],[-98.26723,30.57554],[-98.26741,30.57562],[-98.26758,30.5757],[-98.2681,30.57597],[-98.26813,30.57598],[-98.26866,30.57625],[-98.26922,30.57654],[-98.26927,30.57656],[-98.26976,30.57679],[-98.2709,30.57736],[-98.27199,30.57787],[-98.27225,30.578],[-98.27246,30.5781],[-98.2725,30.57812],[-98.27265,30.5782],[-98.27282,30.57829],[-98.27289,30.57831],[-98.27294,30.57834],[-98.27294,30.57805],[-98.27294,30.57779],[-98.27295,30.57771],[-98.27297,30.5775],[-98.27302,30.57713],[-98.27306,30.57691],[-98.27314,30.57657],[-98.2733,30.57609],[-98.27351,30.57563],[-98.27364,30.5754],[-98.27381,30.57509],[-98.27404,30.57476],[-98.27422,30.57447],[-98.27442,30.57418],[-98.2746,30.5739],[-98.27469,30.57375],[-98.27479,30.57361],[-98.27502,30.57326],[-98.27536,30.57276],[-98.27538,30.57273],[-98.27561,30.57236],[-98.27594,30.57183],[-98.27597,30.57176],[-98.27614,30.57137],[-98.27618,30.5712],[-98.27622,30.57103],[-98.27627,30.57079],[-98.27629,30.57061],[-98.2763,30.57049],[-98.27629,30.57026],[-98.27627,30.56999],[-98.2762,30.56976],[-98.27617,30.5695],[-98.27605,30.5692],[-98.27596,30.56894],[-98.27572,30.56829],[-98.27477,30.56573],[-98.27465,30.5654],[-98.2746,30.56528],[-98.27458,30.56518],[-98.27457,30.56504],[-98.27456,30.56483],[-98.27456,30.56475],[-98.27456,30.56458],[-98.27457,30.56448],[-98.2746,30.56432],[-98.27458,30.56409],[-98.27466,30.56386],[-98.27473,30.56373],[-98.27481,30.56358],[-98.27496,30.56334],[-98.27515,30.56305],[-98.2752,30.56298],[-98.27548,30.56262],[-98.27581,30.5621],[-98.27597,30.56177],[-98.27608,30.56137],[-98.27613,30.56109],[-98.27616,30.56086],[-98.27615,30.56059],[-98.2761,30.56022],[-98.27596,30.55976],[-98.2757,30.55925],[-98.27556,30.55906],[-98.27538,30.55882],[-98.27459,30.55783],[-98.27444,30.55759],[-98.27418,30.5571],[-98.27411,30.55694],[-98.27397,30.55651],[-98.27391,30.55626],[-98.27385,30.5559],[-98.27383,30.55546],[-98.27384,30.5552],[-98.27387,30.55492],[-98.27393,30.5546],[-98.27402,30.55428],[-98.27412,30.55399],[-98.27455,30.55294],[-98.27463,30.55276],[-98.2747,30.55259],[-98.27489,30.55216],[-98.27562,30.55039],[-98.27585,30.54978],[-98.27606,30.54916],[-98.27621,30.54866],[-98.27631,30.54832],[-98.27643,30.54783],[-98.27651,30.54749],[-98.27659,30.54716],[-98.27671,30.54663],[-98.27681,30.54613],[-98.27695,30.54557],[-98.277,30.54534],[-98.27717,30.54459],[-98.27786,30.54179],[-98.27788,30.54173],[-98.27818,30.54087],[-98.27837,30.54047],[-98.27864,30.53987],[-98.27899,30.53919],[-98.28218,30.53311],[-98.28249,30.53255],[-98.28472,30.52832],[-98.28512,30.52755],[-98.28686,30.52426],[-98.2907,30.51683],[-98.29079,30.51666],[-98.29092,30.51635],[-98.29156,30.5152],[-98.29164,30.51508],[-98.29261,30.51377],[-98.29273,30.51362],[-98.29297,30.51329],[-98.29324,30.51295],[-98.29605,30.50946],[-98.29659,30.50878],[-98.29925,30.50548],[-98.29983,30.50476],[-98.3011,30.50318],[-98.30146,30.50263],[-98.30212,30.50158],[-98.30229,30.50132],[-98.3024,30.50108],[-98.30562,30.49713],[-98.30573,30.49701],[-98.30716,30.49518],[-98.30864,30.49329],[-98.31371,30.48699],[-98.3147,30.48577],[-98.31664,30.48334],[-98.31755,30.4822],[-98.31837,30.48118],[-98.31926,30.48007],[-98.32067,30.47829],[-98.32088,30.47801],[-98.32089,30.478],[-98.32091,30.47797],[-98.32093,30.47795],[-98.32096,30.4779],[-98.32114,30.47765],[-98.32143,30.47722],[-98.32187,30.47652],[-98.32193,30.47643],[-98.32249,30.4755],[-98.32258,30.47536],[-98.3245,30.47219],[-98.32527,30.47089],[-98.32545,30.47055],[-98.32576,30.46994],[-98.32619,30.46906],[-98.32684,30.46769],[-98.32693,30.46752],[-98.32855,30.46418],[-98.33,30.46116],[-98.33011,30.46096],[-98.33022,30.46076],[-98.33038,30.46047],[-98.33067,30.45999],[-98.33099,30.45951],[-98.33133,30.45901],[-98.3322,30.45775],[-98.33259,30.45718],[-98.33274,30.45697],[-98.33296,30.45665],[-98.33309,30.45647],[-98.33365,30.45564],[-98.33418,30.45488],[-98.33487,30.45387],[-98.33512,30.4535],[-98.33697,30.45082],[-98.3373,30.4503],[-98.3376,30.44977],[-98.33789,30.44924],[-98.33813,30.44874],[-98.33836,30.44823],[-98.3384,30.44812],[-98.33855,30.44772],[-98.33873,30.4472],[-98.33889,30.44668],[-98.339,30.44624],[-98.3393,30.44509],[-98.33935,30.44486],[-98.33957,30.44401],[-98.3397,30.44346],[-98.33987,30.44288],[-98.34006,30.4423],[-98.34027,30.44174],[-98.34121,30.43947],[-98.34235,30.43673],[-98.34252,30.43632],[-98.34289,30.43544],[-98.34339,30.43425],[-98.34358,30.43379],[-98.34373,30.43344],[-98.34395,30.43291],[-98.34447,30.43166],[-98.34451,30.43156],[-98.34551,30.42915],[-98.34618,30.42754],[-98.34665,30.42643],[-98.34674,30.42621],[-98.34719,30.42513],[-98.34764,30.42405],[-98.34791,30.4234],[-98.3485,30.42198],[-98.34902,30.42069],[-98.35062,30.41654],[-98.35065,30.41645],[-98.35185,30.41332],[-98.35233,30.41209],[-98.35258,30.41155],[-98.35284,30.41101],[-98.35411,30.40871],[-98.35441,30.40817],[-98.35508,30.40697],[-98.35609,30.40514],[-98.3576,30.40243],[-98.35809,30.40154],[-98.35855,30.4007],[-98.35902,30.39988],[-98.35931,30.39936],[-98.3598,30.39848],[-98.36112,30.3961],[-98.36125,30.39587],[-98.36232,30.39395],[-98.36245,30.39374],[-98.36257,30.39353],[-98.3638,30.39127],[-98.36437,30.39026],[-98.36522,30.38872],[-98.36557,30.38809],[-98.36572,30.38782],[-98.36598,30.38736],[-98.36665,30.38613],[-98.36836,30.38305],[-98.36891,30.38208],[-98.36989,30.38031],[-98.37021,30.37975],[-98.37048,30.37933],[-98.37082,30.37882],[-98.37084,30.3788],[-98.37178,30.37748],[-98.3721,30.37702],[-98.37237,30.3766],[-98.37267,30.37608],[-98.37292,30.37559],[-98.37323,30.37494],[-98.37347,30.37439],[-98.37363,30.37396],[-98.37381,30.37345],[-98.3743,30.37195],[-98.37477,30.37055],[-98.37493,30.37003],[-98.37519,30.36913],[-98.37529,30.36878],[-98.37589,30.36659],[-98.37618,30.36555],[-98.37627,30.36518],[-98.37635,30.36481],[-98.37644,30.36429],[-98.37679,30.36229],[-98.37681,30.36217],[-98.37698,30.36117],[-98.37721,30.3598],[-98.37731,30.35933],[-98.37849,30.35201],[-98.37884,30.35079],[-98.37925,30.34952],[-98.37973,30.34832],[-98.38016,30.34842],[-98.38009,30.34839],[-98.37973,30.34832],[-98.38016,30.34708],[-98.38116,30.34417],[-98.38119,30.34409],[-98.3817,30.34263],[-98.383,30.33884],[-98.38368,30.33687],[-98.38529,30.33217],[-98.38555,30.33144],[-98.38592,30.33036],[-98.38592,30.33035],[-98.38747,30.3258],[-98.38782,30.32478],[-98.38789,30.3246],[-98.38808,30.32405],[-98.38851,30.32281],[-98.38872,30.32219],[-98.38891,30.32165],[-98.38903,30.3213],[-98.3892,30.32081],[-98.38945,30.32006],[-98.38983,30.31897],[-98.39015,30.31802],[-98.3904,30.31728],[-98.39044,30.31716],[-98.39046,30.31713],[-98.39053,30.31692],[-98.39078,30.31625],[-98.39151,30.31447],[-98.3917,30.31401],[-98.39356,30.314],[-98.3944,30.31399],[-98.39478,30.31398],[-98.3949,30.31398],[-98.39508,30.31398],[-98.39513,30.31398],[-98.39524,30.31398],[-98.39639,30.31397],[-98.39713,30.31396],[-98.39776,30.31395],[-98.3985,30.31394],[-98.40102,30.31391],[-98.40207,30.31389],[-98.40294,30.31388],[-98.40368,30.31387],[-98.4037,30.31387],[-98.40545,30.31386],[-98.40589,30.31386],[-98.40635,30.31386],[-98.40727,30.31388],[-98.40796,30.31389],[-98.40999,30.31388],[-98.41099,30.31388],[-98.4117,30.31387],[-98.41291,30.31386],[-98.41399,30.31385],[-98.41424,30.31385],[-98.41464,30.31385],[-98.41495,30.31386],[-98.41526,30.3139],[-98.41556,30.31395],[-98.41574,30.314],[-98.41585,30.31403],[-98.41614,30.31414],[-98.41642,30.31426],[-98.41669,30.31439],[-98.41688,30.31452],[-98.41706,30.31465],[-98.41724,30.3148],[-98.4174,30.31496],[-98.41755,30.31512],[-98.41805,30.31575],[-98.41865,30.31652],[-98.41907,30.31705],[-98.41986,30.31805],[-98.42023,30.31851],[-98.42028,30.31857],[-98.42032,30.31862],[-98.42124,30.31982],[-98.42127,30.31986],[-98.4223,30.32116],[-98.42293,30.32198],[-98.42335,30.3225],[-98.4236,30.32287],[-98.42384,30.32325],[-98.42391,30.32338],[-98.42394,30.32344],[-98.42405,30.32364],[-98.42425,30.32408],[-98.4248,30.32542],[-98.42532,30.32671],[-98.42542,30.32696],[-98.42566,30.3276],[-98.42629,30.32912],[-98.42632,30.32919],[-98.42648,30.32957],[-98.42664,30.32996],[-98.42681,30.33037],[-98.4269,30.33058],[-98.42718,30.33129],[-98.42723,30.3314],[-98.42798,30.33328],[-98.42806,30.33353],[-98.42807,30.33356],[-98.42812,30.33379],[-98.42817,30.33405],[-98.42821,30.33443],[-98.42821,30.3348],[-98.4282,30.33512],[-98.42818,30.33532],[-98.42788,30.33794],[-98.42786,30.33832],[-98.42786,30.33869],[-98.42789,30.33901],[-98.42795,30.33939],[-98.42803,30.33976],[-98.42811,30.34008],[-98.42843,30.34118],[-98.42913,30.34362],[-98.42923,30.34392],[-98.42933,30.34417],[-98.42945,30.34441],[-98.4296,30.34464],[-98.42972,30.34482],[-98.42986,30.34499],[-98.43002,30.34514],[-98.43019,30.34529],[-98.4307,30.34567],[-98.43271,30.34715],[-98.43357,30.34778],[-98.43448,30.34844],[-98.43531,30.34901],[-98.43547,30.34911],[-98.43551,30.34913],[-98.43567,30.34921],[-98.43649,30.34956],[-98.43669,30.34964],[-98.4381,30.35001],[-98.43864,30.35014],[-98.43918,30.35024],[-98.44035,30.35041],[-98.44202,30.35067],[-98.44336,30.35087],[-98.4436,30.35092],[-98.44383,30.35099],[-98.44406,30.35108],[-98.44427,30.35118],[-98.44449,30.3513],[-98.44469,30.35143],[-98.44487,30.35158],[-98.445,30.3517],[-98.44503,30.35173],[-98.4452,30.35192],[-98.44534,30.3521],[-98.4454,30.3522],[-98.44594,30.35315],[-98.44617,30.35356],[-98.44719,30.35538],[-98.44812,30.35703],[-98.44869,30.35803],[-98.44994,30.36029],[-98.45015,30.36064],[-98.45075,30.36172],[-98.45079,30.36179],[-98.451,30.36215],[-98.45196,30.36387],[-98.45212,30.3641],[-98.45229,30.36432],[-98.45249,30.36452],[-98.45261,30.36463],[-98.45285,30.36481],[-98.45309,30.36497],[-98.45335,30.36511],[-98.45357,30.36521],[-98.45458,30.36556],[-98.45516,30.36576],[-98.45625,30.36612],[-98.45756,30.36656],[-98.45765,30.36659],[-98.45789,30.36665],[-98.45812,30.36669],[-98.45837,30.36672],[-98.45861,30.36672],[-98.45892,30.36671],[-98.45917,30.36668],[-98.45942,30.36663],[-98.46034,30.36629],[-98.46423,30.36482],[-98.46522,30.36444],[-98.46689,30.3638],[-98.4671,30.36369],[-98.46731,30.36358],[-98.46751,30.36345],[-98.46769,30.3633],[-98.46785,30.36316],[-98.46788,30.36313],[-98.46834,30.3627],[-98.46842,30.36262],[-98.46849,30.36255],[-98.46927,30.36172],[-98.46982,30.36116],[-98.47,30.36101],[-98.47015,30.36091],[-98.4703,30.36082],[-98.47046,30.36074],[-98.47063,30.36067],[-98.4708,30.36061],[-98.47098,30.36057],[-98.47116,30.36053],[-98.47134,30.36051],[-98.47449,30.36037],[-98.47689,30.36025],[-98.47751,30.36021],[-98.47813,30.36015],[-98.47875,30.36008],[-98.47918,30.36002],[-98.48009,30.35991],[-98.4808,30.35983],[-98.48162,30.35973],[-98.48204,30.3597],[-98.48247,30.35968],[-98.48296,30.35969],[-98.48493,30.35974],[-98.48554,30.35976],[-98.48653,30.35979],[-98.48726,30.35981],[-98.48751,30.35981],[-98.48776,30.35982],[-98.48801,30.35985],[-98.48826,30.3599],[-98.4885,30.35996],[-98.48873,30.36004],[-98.48896,30.36014],[-98.48907,30.3602],[-98.48927,30.36032],[-98.48954,30.36051],[-98.48965,30.3606],[-98.48982,30.36077],[-98.49027,30.36126],[-98.49042,30.36139],[-98.49059,30.36153],[-98.49079,30.36166],[-98.49099,30.36178],[-98.49121,30.36188],[-98.49143,30.36197],[-98.49166,30.36203],[-98.49348,30.36248],[-98.49436,30.36271],[-98.49519,30.3629],[-98.49547,30.36299],[-98.49574,30.36309],[-98.4959,30.36316],[-98.49604,30.36324],[-98.49616,30.3633],[-98.4964,30.36346],[-98.49659,30.3636],[-98.49815,30.36493],[-98.49903,30.36567],[-98.49987,30.36635],[-98.50061,30.36697],[-98.50065,30.367],[-98.50147,30.36768],[-98.50173,30.36791],[-98.5019,30.36808],[-98.50204,30.36826],[-98.50217,30.36844],[-98.50228,30.36864],[-98.50237,30.36885],[-98.50244,30.36905],[-98.50248,30.36927],[-98.50251,30.36949],[-98.50252,30.36976],[-98.50252,30.36981],[-98.50252,30.37141],[-98.50253,30.37156],[-98.50256,30.37513],[-98.50256,30.3754],[-98.50259,30.37567],[-98.50265,30.37593],[-98.50272,30.37619],[-98.50283,30.37645],[-98.50288,30.37656],[-98.50295,30.3767],[-98.50309,30.37693],[-98.50322,30.37712],[-98.50432,30.37885],[-98.50466,30.3794],[-98.50481,30.37964],[-98.50493,30.37987],[-98.50504,30.38012],[-98.50511,30.38037],[-98.50523,30.38079],[-98.50531,30.38107],[-98.50569,30.38246],[-98.50572,30.38256],[-98.50595,30.38336],[-98.50612,30.38395],[-98.50636,30.38465],[-98.50642,30.38491],[-98.50644,30.38502],[-98.50647,30.38518],[-98.50648,30.38546],[-98.50648,30.38556],[-98.50647,30.38583],[-98.5064,30.38655],[-98.50638,30.38673],[-98.50637,30.38693],[-98.50637,30.38715],[-98.5064,30.38737],[-98.50644,30.38759],[-98.5065,30.3878],[-98.50657,30.38801],[-98.50667,30.38821],[-98.50812,30.39091],[-98.50832,30.39125],[-98.50855,30.39158],[-98.5088,30.3919],[-98.50906,30.39221],[-98.5093,30.39247],[-98.50954,30.3927],[-98.50956,30.39272],[-98.51038,30.3934],[-98.51053,30.39353],[-98.51175,30.39451],[-98.51299,30.3955],[-98.51361,30.39597],[-98.51402,30.39629],[-98.5143,30.39649],[-98.51444,30.39657],[-98.51474,30.39674],[-98.51491,30.39682],[-98.51511,30.39689],[-98.51541,30.39697],[-98.51724,30.39737],[-98.51766,30.39746],[-98.51837,30.3976],[-98.52127,30.39821],[-98.5221,30.39838],[-98.52311,30.39858],[-98.5234,30.39864],[-98.52359,30.39866],[-98.52385,30.39868],[-98.5242,30.39869],[-98.52434,30.39869],[-98.52448,30.39867],[-98.52462,30.39865],[-98.52476,30.39863],[-98.52489,30.3986],[-98.52503,30.39856],[-98.52512,30.39852],[-98.52516,30.39851],[-98.52531,30.39845],[-98.52595,30.39818],[-98.52662,30.39793],[-98.52864,30.39708],[-98.52932,30.39681],[-98.5299,30.3966],[-98.53063,30.39632],[-98.53074,30.39628],[-98.53085,30.39626],[-98.53105,30.39622],[-98.53128,30.39619],[-98.5315,30.39618],[-98.53174,30.39619],[-98.53197,30.3962],[-98.53237,30.39625],[-98.53311,30.39636],[-98.53566,30.39671],[-98.5371,30.39692],[-98.5378,30.39702],[-98.5382,30.39706],[-98.5384,30.39707],[-98.53862,30.39706],[-98.53985,30.39703],[-98.54125,30.39697],[-98.54211,30.39694],[-98.54243,30.39694],[-98.5428,30.39697],[-98.54309,30.397],[-98.54399,30.39714],[-98.54508,30.3973],[-98.54551,30.39737],[-98.546,30.39745],[-98.5468,30.39756],[-98.54713,30.39759],[-98.54738,30.3976],[-98.54754,30.39759],[-98.54783,30.39757],[-98.54858,30.39751],[-98.54977,30.3974],[-98.55285,30.39709],[-98.55338,30.39703],[-98.55356,30.39701],[-98.55374,30.39698],[-98.55384,30.39696],[-98.55395,30.39693],[-98.55443,30.39678],[-98.55464,30.3967],[-98.55477,30.39664],[-98.55511,30.39648],[-98.55891,30.3945],[-98.55904,30.39443],[-98.55917,30.39438],[-98.5593,30.39434],[-98.55944,30.39431],[-98.55959,30.39428],[-98.55975,30.39426],[-98.56,30.39425],[-98.56025,30.39424],[-98.56039,30.39425],[-98.56052,30.39426],[-98.56065,30.39427],[-98.56076,30.3943],[-98.56091,30.39434],[-98.56106,30.39439],[-98.56128,30.39448],[-98.56211,30.39485],[-98.56334,30.39543],[-98.56357,30.39553],[-98.56372,30.39558],[-98.56399,30.39566],[-98.56442,30.39576],[-98.56469,30.3958],[-98.56493,30.39583],[-98.56504,30.39584],[-98.56523,30.39585],[-98.56592,30.39585],[-98.56926,30.39582],[-98.56967,30.39583],[-98.56985,30.39585],[-98.57006,30.39587],[-98.57039,30.39592],[-98.57057,30.39597],[-98.57216,30.39643],[-98.57342,30.39681],[-98.57372,30.39688],[-98.57402,30.39693],[-98.57433,30.39695],[-98.57464,30.39696],[-98.57495,30.39694],[-98.57526,30.3969],[-98.57881,30.39606],[-98.58098,30.39554],[-98.58205,30.39528],[-98.58254,30.39516],[-98.58316,30.39501],[-98.58357,30.39491],[-98.58409,30.39479],[-98.58475,30.39464],[-98.58668,30.39417],[-98.58692,30.3941],[-98.58715,30.39401],[-98.58737,30.3939],[-98.58758,30.39378],[-98.58778,30.39365],[-98.58797,30.39351],[-98.58814,30.39335],[-98.58963,30.3918],[-98.58986,30.39158],[-98.59017,30.39136],[-98.59042,30.39123],[-98.59073,30.39113],[-98.5909,30.39109],[-98.59113,30.39106],[-98.5918,30.39104],[-98.59629,30.3909],[-98.59679,30.39082],[-98.59788,30.39058],[-98.59831,30.39054],[-98.59876,30.39052],[-98.59988,30.39054],[-98.60025,30.39055],[-98.60492,30.39057],[-98.60552,30.39057],[-98.61151,30.39061],[-98.61366,30.39063],[-98.61725,30.39064],[-98.61752,30.39065],[-98.61885,30.39066],[-98.62072,30.39069],[-98.62158,30.39071],[-98.62701,30.39071],[-98.62733,30.3907],[-98.63022,30.3907],[-98.6326,30.39069],[-98.6346,30.39069],[-98.63533,30.39066],[-98.63736,30.39069],[-98.63751,30.39069],[-98.63782,30.39068],[-98.63812,30.39066],[-98.63842,30.39062],[-98.6387,30.39054],[-98.63897,30.39044],[-98.63922,30.39032],[-98.63956,30.39008],[-98.64074,30.38921],[-98.6419,30.38835],[-98.6426,30.38791],[-98.64318,30.38759],[-98.64424,30.38707],[-98.64449,30.38696],[-98.64644,30.38587],[-98.64708,30.38549],[-98.65036,30.38344],[-98.65079,30.38325],[-98.65102,30.38317],[-98.65139,30.38307],[-98.65185,30.38299],[-98.65232,30.38296],[-98.65537,30.38297],[-98.65554,30.38298],[-98.65817,30.38299],[-98.65903,30.38299],[-98.66053,30.38299],[-98.66153,30.38299],[-98.66177,30.38298],[-98.66567,30.38302],[-98.66715,30.38297],[-98.66789,30.38295],[-98.66824,30.38295],[-98.66846,30.38297],[-98.66869,30.38302],[-98.66891,30.38311],[-98.66914,30.38323],[-98.66931,30.38336],[-98.66948,30.38351],[-98.66962,30.38369],[-98.66974,30.38387],[-98.66986,30.38416],[-98.6699,30.38439],[-98.66991,30.38469],[-98.66993,30.38864],[-98.66995,30.39095],[-98.66996,30.39125],[-98.67001,30.39149],[-98.67009,30.39169],[-98.67024,30.39194],[-98.67041,30.39213],[-98.67061,30.3923],[-98.67076,30.3924],[-98.67096,30.3925],[-98.67118,30.39259],[-98.67139,30.39264],[-98.67161,30.39267],[-98.67188,30.39267],[-98.67217,30.39267],[-98.67223,30.39267],[-98.67508,30.39269],[-98.67957,30.39267],[-98.68224,30.39266],[-98.68295,30.39268],[-98.68323,30.39271],[-98.68353,30.39274],[-98.68383,30.39281],[-98.68413,30.39287],[-98.68501,30.39308],[-98.68555,30.39325],[-98.68587,30.39337],[-98.68618,30.39353],[-98.68699,30.39398],[-98.68734,30.39416],[-98.68771,30.39431],[-98.68809,30.39444],[-98.6888,30.39464],[-98.69165,30.39538],[-98.693,30.39572],[-98.69393,30.39602],[-98.69539,30.39653],[-98.69597,30.39671],[-98.69652,30.39682],[-98.69703,30.39687],[-98.69754,30.3969],[-98.69973,30.39696],[-98.7,30.39698],[-98.70025,30.39704],[-98.70048,30.39713],[-98.70062,30.3972],[-98.70081,30.39732],[-98.70097,30.39745],[-98.70111,30.3976],[-98.70125,30.39779],[-98.70145,30.39829],[-98.70145,30.39864],[-98.70146,30.40025],[-98.70146,30.40069],[-98.70146,30.4008],[-98.70146,30.40071],[-98.70413,30.40072],[-98.70478,30.40074],[-98.70495,30.40076],[-98.70533,30.40084],[-98.70611,30.40107],[-98.70635,30.40112],[-98.70654,30.40116],[-98.70673,30.40118],[-98.70699,30.40121],[-98.70803,30.40122],[-98.7083,30.40121],[-98.70945,30.40121],[-98.71078,30.40121],[-98.71125,30.40122],[-98.71159,30.40126],[-98.71191,30.40132],[-98.71221,30.40141],[-98.71248,30.4015],[-98.71276,30.40163],[-98.71311,30.40183],[-98.71331,30.40196],[-98.71378,30.40229],[-98.71409,30.40255],[-98.71436,30.40283],[-98.71451,30.40304],[-98.71464,30.40325],[-98.71481,30.40369],[-98.71487,30.40391],[-98.71489,30.40412],[-98.71491,30.4049],[-98.71494,30.40716],[-98.71497,30.40817],[-98.71495,30.4095],[-98.71496,30.40991],[-98.71497,30.4101],[-98.71499,30.41025],[-98.71504,30.41043],[-98.7151,30.41057],[-98.7152,30.41074],[-98.71531,30.41089],[-98.71542,30.41101],[-98.71557,30.41114],[-98.71579,30.41128],[-98.71593,30.41135],[-98.71608,30.41141],[-98.71634,30.41149],[-98.7165,30.41151],[-98.71678,30.41153],[-98.7194,30.4115],[-98.72196,30.41148],[-98.72444,30.41147],[-98.72625,30.41146],[-98.72655,30.41146],[-98.73024,30.41143],[-98.73054,30.41143],[-98.73085,30.41145],[-98.7312,30.4115],[-98.73135,30.41154],[-98.73146,30.41156],[-98.7317,30.41163],[-98.73204,30.41176],[-98.73281,30.41216],[-98.73302,30.41229],[-98.73375,30.41274],[-98.73397,30.41285],[-98.73427,30.41296],[-98.73477,30.41308],[-98.73603,30.41335],[-98.73665,30.41347],[-98.73665,30.41347],[-98.73657,30.40605],[-98.73656,30.40523],[-98.73658,30.40449],[-98.73666,30.40404],[-98.73678,30.40373],[-98.73679,30.4037],[-98.73699,30.40338],[-98.73768,30.40249],[-98.73791,30.40214],[-98.73807,30.4018],[-98.73821,30.40148],[-98.73838,30.40107],[-98.73866,30.40036],[-98.74112,30.39428],[-98.74208,30.39189],[-98.74238,30.39111],[-98.74282,30.38958],[-98.74411,30.38509],[-98.74439,30.38406],[-98.74462,30.3836],[-98.74513,30.38283],[-98.74535,30.38259],[-98.74576,30.38202],[-98.74827,30.37856],[-98.74913,30.3774],[-98.75027,30.37583],[-98.75361,30.37122],[-98.75433,30.37025],[-98.75474,30.36978],[-98.75521,30.36936],[-98.75572,30.36903],[-98.75873,30.36734],[-98.75947,30.36692],[-98.76023,30.36651],[-98.7606,30.3663],[-98.76861,30.36227],[-98.76885,30.36215],[-98.77041,30.36138],[-98.77174,30.36073],[-98.77468,30.35929],[-98.77614,30.35855],[-98.77693,30.35815],[-98.7773,30.35791],[-98.77765,30.35764],[-98.77798,30.35731],[-98.77832,30.35683],[-98.7785,30.35648],[-98.77861,30.35612],[-98.77894,30.35513],[-98.77933,30.354],[-98.77953,30.35342],[-98.77974,30.35308],[-98.77996,30.35284],[-98.78157,30.35133],[-98.78193,30.35093],[-98.78261,30.34999],[-98.78303,30.34937],[-98.78374,30.34836],[-98.78397,30.34803],[-98.78448,30.34731],[-98.78537,30.34605],[-98.78601,30.34502],[-98.78653,30.34415],[-98.78696,30.34358],[-98.78718,30.34331],[-98.78735,30.3431],[-98.78765,30.34271],[-98.79068,30.33898],[-98.79089,30.33874],[-98.79111,30.33855],[-98.79259,30.33733],[-98.79393,30.33625],[-98.79567,30.33483],[-98.79608,30.33438],[-98.79614,30.3343],[-98.79628,30.33406],[-98.79685,30.33265],[-98.79713,30.33193],[-98.79733,30.33153],[-98.79758,30.33115],[-98.79806,30.33051],[-98.79955,30.32922],[-98.80048,30.32842],[-98.80101,30.32794],[-98.80465,30.32485],[-98.80564,30.32395],[-98.80623,30.32333],[-98.80682,30.32253],[-98.80729,30.32188],[-98.80746,30.32164],[-98.80763,30.32142],[-98.80789,30.32101],[-98.80888,30.3196],[-98.80973,30.31845],[-98.81043,30.31744],[-98.81321,30.31342],[-98.81434,30.31197],[-98.81609,30.30979],[-98.81716,30.3085],[-98.8174,30.30828],[-98.8188,30.30717],[-98.81919,30.30687],[-98.81994,30.3062],[-98.82045,30.30562],[-98.821,30.30498],[-98.82189,30.30392],[-98.82218,30.30356],[-98.82235,30.30328],[-98.82255,30.30296],[-98.82353,30.30084],[-98.82383,30.30038],[-98.8242,30.2999],[-98.82456,30.29959],[-98.825,30.29926],[-98.82815,30.29741],[-98.829,30.29689],[-98.82911,30.29683],[-98.83131,30.29553],[-98.83206,30.29518],[-98.83326,30.29468],[-98.83438,30.29421],[-98.83478,30.29402],[-98.83504,30.2939],[-98.83612,30.29325],[-98.83729,30.29246],[-98.83844,30.29188],[-98.83902,30.29161],[-98.84004,30.29119],[-98.84012,30.29115],[-98.84017,30.29114],[-98.84092,30.29083],[-98.8422,30.29028],[-98.84457,30.28927],[-98.84674,30.28832],[-98.84794,30.28781],[-98.84878,30.2875],[-98.84935,30.28728],[-98.85036,30.28681],[-98.85074,30.2867],[-98.85118,30.28656],[-98.85277,30.28617],[-98.85411,30.28584],[-98.8543,30.28579],[-98.85469,30.28569],[-98.85498,30.28562],[-98.8559,30.2854],[-98.8581,30.28489],[-98.85897,30.28469],[-98.85956,30.28454],[-98.86032,30.28423],[-98.86046,30.28414],[-98.86069,30.28402],[-98.86103,30.28378],[-98.86154,30.28338],[-98.86192,30.283],[-98.86258,30.2823],[-98.86278,30.28209],[-98.86362,30.28122],[-98.86451,30.28029],[-98.86536,30.27936],[-98.86582,30.27887],[-98.86624,30.27843],[-98.8671,30.27749],[-98.86801,30.27654],[-98.86831,30.27676],[-98.86855,30.27693],[-98.86897,30.27723],[-98.86972,30.27775],[-98.87025,30.27721],[-98.87037,30.27709],[-98.87058,30.27687],[-98.87072,30.27672],[-98.87117,30.27625],[-98.87125,30.27617],[-98.87133,30.27609],[-98.87184,30.27556],[-98.87219,30.2752],[-98.8723,30.27509],[-98.87216,30.275],[-98.87207,30.27493],[-98.87068,30.27393],[-98.87059,30.27387],[-98.8705,30.27381],[-98.86901,30.27272],[-98.86894,30.27268],[-98.86885,30.27261],[-98.86786,30.27191],[-98.86736,30.27155],[-98.86728,30.27149],[-98.86718,30.27142],[-98.86617,30.27071],[-98.86598,30.27058],[-98.86571,30.27039],[-98.86563,30.27033],[-98.86553,30.27027],[-98.86527,30.27009],[-98.86509,30.26997],[-98.86497,30.26989],[-98.8647,30.2697],[-98.86441,30.2695],[-98.86423,30.26938],[-98.86391,30.26916],[-98.86345,30.26883],[-98.86326,30.2687],[-98.86294,30.26847],[-98.86289,30.26843],[-98.86275,30.26833],[-98.86235,30.26805],[-98.86175,30.26763],[-98.86116,30.26722],[-98.86035,30.26665],[-98.86027,30.2666],[-98.85941,30.26599],[-98.85851,30.26535],[-98.85829,30.26521],[-98.85816,30.26511],[-98.85797,30.26498],[-98.85757,30.26469],[-98.85739,30.2645],[-98.85738,30.26449],[-98.85727,30.26433],[-98.85721,30.26421],[-98.85717,30.26413],[-98.85715,30.26405],[-98.85706,30.26384],[-98.85701,30.26368],[-98.85694,30.26346],[-98.85686,30.26322],[-98.85685,30.26318],[-98.85674,30.26288],[-98.85647,30.26206],[-98.85634,30.26167],[-98.85631,30.26158],[-98.85628,30.2615],[-98.85619,30.26123],[-98.85605,30.26083],[-98.85596,30.26063],[-98.85583,30.26037],[-98.85577,30.26027],[-98.85569,30.26016],[-98.85563,30.26007],[-98.85556,30.25998],[-98.8554,30.25981],[-98.85531,30.25971],[-98.855,30.25945],[-98.85453,30.25912],[-98.8544,30.25904],[-98.85392,30.25872],[-98.85389,30.2587],[-98.85306,30.25814],[-98.85299,30.25809],[-98.85265,30.25787],[-98.85159,30.25716],[-98.85114,30.25686],[-98.85066,30.25648],[-98.85022,30.25606],[-98.84997,30.25575],[-98.84974,30.25544],[-98.84959,30.25519],[-98.84951,30.25506],[-98.84932,30.25468],[-98.84925,30.2545],[-98.84899,30.25372],[-98.84896,30.25362],[-98.84853,30.25238],[-98.84802,30.25088],[-98.84787,30.25048],[-98.84774,30.25001],[-98.84767,30.24978],[-98.8476,30.24956],[-98.84759,30.2495],[-98.84752,30.24925],[-98.84727,30.24854],[-98.84713,30.24812],[-98.84702,30.24776],[-98.847,30.24768],[-98.84699,30.24764],[-98.84697,30.2476],[-98.84673,30.24686],[-98.8466,30.24654],[-98.84644,30.24622],[-98.84627,30.24595],[-98.84606,30.24566],[-98.84584,30.24539],[-98.84518,30.24467],[-98.84416,30.24352],[-98.84337,30.24264],[-98.84309,30.2423],[-98.84246,30.24158],[-98.84187,30.241],[-98.84118,30.24043],[-98.84115,30.24041],[-98.84013,30.23977],[-98.83944,30.23933],[-98.83862,30.23881],[-98.83775,30.23825],[-98.83488,30.23648],[-98.83313,30.23538],[-98.83281,30.23518],[-98.83053,30.23373],[-98.83008,30.23345],[-98.82951,30.23309],[-98.82762,30.23183],[-98.82726,30.2316],[-98.82295,30.22875],[-98.82251,30.22849],[-98.82224,30.22835],[-98.82177,30.22812],[-98.82122,30.22792],[-98.82069,30.22776],[-98.8199,30.22758],[-98.81718,30.22699],[-98.8164,30.22682],[-98.81389,30.22627],[-98.81295,30.22606],[-98.8109,30.22563],[-98.81011,30.2255],[-98.80925,30.22542],[-98.80832,30.22539],[-98.80746,30.22536],[-98.80693,30.22535],[-98.8048,30.22528],[-98.80448,30.22527],[-98.80408,30.22525],[-98.80355,30.22524],[-98.80043,30.22514],[-98.79887,30.2251],[-98.79847,30.22508],[-98.79816,30.22507],[-98.79651,30.22501],[-98.79628,30.22499],[-98.79541,30.22491],[-98.79357,30.22474],[-98.79057,30.22442],[-98.79025,30.22438],[-98.79012,30.22437],[-98.7859,30.22388],[-98.78142,30.22337],[-98.77831,30.22302],[-98.77715,30.2228],[-98.77618,30.22259],[-98.77271,30.22186],[-98.77074,30.22166],[-98.7679,30.22143],[-98.76778,30.22142],[-98.76661,30.22133],[-98.76657,30.22133],[-98.76327,30.22105],[-98.76199,30.22095],[-98.76165,30.22092],[-98.76003,30.22081],[-98.76004,30.22049],[-98.76005,30.22019],[-98.76005,30.22016],[-98.76007,30.21932],[-98.76022,30.21347],[-98.75995,30.21299],[-98.75895,30.21228],[-98.75868,30.21171],[-98.7585,30.21074],[-98.75834,30.21038],[-98.75771,30.20976],[-98.75762,30.20971],[-98.75681,30.2093],[-98.75581,30.20845],[-98.75496,30.20733],[-98.75486,30.20705],[-98.75486,30.20699],[-98.75487,30.20691],[-98.75489,30.20643],[-98.75549,30.20561],[-98.75563,30.20527],[-98.75563,30.20476],[-98.75513,30.20302],[-98.75491,30.2027],[-98.7537,30.20035],[-98.75381,30.19969],[-98.75389,30.19917],[-98.75444,30.1977],[-98.75447,30.19667],[-98.75455,30.19655],[-98.75458,30.19548],[-98.75468,30.19523],[-98.75492,30.19504],[-98.75613,30.19474],[-98.7565,30.19385],[-98.75648,30.18367],[-98.75641,30.18305],[-98.75635,30.1826],[-98.75649,30.18125],[-98.75602,30.18107],[-98.75582,30.181],[-98.75481,30.18062],[-98.75468,30.18057],[-98.75373,30.18023],[-98.75279,30.17991],[-98.75221,30.17975],[-98.75176,30.17964],[-98.75128,30.17954],[-98.751,30.17948],[-98.74948,30.17917],[-98.74917,30.17909],[-98.74887,30.17898],[-98.74837,30.17876],[-98.74801,30.17854],[-98.74768,30.17828],[-98.74753,30.17813],[-98.74719,30.17772],[-98.74696,30.17738],[-98.74622,30.17626],[-98.74566,30.17542],[-98.74545,30.17508],[-98.74418,30.17311],[-98.74399,30.17282],[-98.74334,30.17183],[-98.74319,30.17157],[-98.74308,30.17137],[-98.74288,30.17088],[-98.74282,30.17073],[-98.74276,30.17052],[-98.74266,30.17014],[-98.74262,30.1699],[-98.7426,30.16959],[-98.74246,30.16632],[-98.74241,30.16488],[-98.74237,30.16371],[-98.74233,30.16336],[-98.74232,30.16324],[-98.74077,30.16327],[-98.73664,30.16332],[-98.73598,30.16334],[-98.73563,30.16337],[-98.73529,30.16342],[-98.73315,30.16381],[-98.73255,30.16386],[-98.73178,30.16386],[-98.72948,30.16378],[-98.72907,30.16375],[-98.72875,30.16371],[-98.72846,30.16365],[-98.72806,30.16352],[-98.72768,30.16337],[-98.72743,30.16324],[-98.72719,30.16309],[-98.72685,30.16283],[-98.72662,30.16261],[-98.72643,30.16239],[-98.72436,30.15992],[-98.72368,30.15912],[-98.72328,30.15868],[-98.72306,30.15848],[-98.7228,30.15829],[-98.72239,30.15804],[-98.72209,30.1579],[-98.72177,30.15779],[-98.72145,30.1577],[-98.72113,30.15765],[-98.72079,30.15761],[-98.71471,30.15753],[-98.71439,30.15752],[-98.71414,30.15749],[-98.71383,30.15745],[-98.71348,30.15737],[-98.71319,30.15731],[-98.71289,30.15721],[-98.71255,30.15709],[-98.71115,30.15652],[-98.71028,30.15618],[-98.70791,30.15519],[-98.70755,30.15503],[-98.70714,30.15482],[-98.70678,30.15463],[-98.70642,30.1544],[-98.70615,30.15422],[-98.70586,30.15401],[-98.70544,30.15367],[-98.70423,30.15263],[-98.70389,30.15237],[-98.70342,30.15206],[-98.70292,30.15182],[-98.70252,30.15167],[-98.70211,30.15156],[-98.70183,30.15151],[-98.70139,30.15145],[-98.69921,30.15122],[-98.69878,30.15116],[-98.69847,30.15109],[-98.69821,30.15101],[-98.69799,30.15093],[-98.69782,30.15086],[-98.69756,30.15072],[-98.69734,30.15059],[-98.69714,30.15045],[-98.69694,30.15029],[-98.69683,30.15019],[-98.69669,30.15005],[-98.69654,30.14987],[-98.6964,30.14968],[-98.69628,30.14949],[-98.69532,30.14773],[-98.69482,30.14679],[-98.69457,30.1463],[-98.69439,30.14591],[-98.69404,30.14505],[-98.69356,30.14373],[-98.69305,30.14228],[-98.69289,30.14185],[-98.69273,30.14155],[-98.69244,30.14107],[-98.6921,30.14063],[-98.69064,30.13907],[-98.69017,30.13858],[-98.68994,30.13832],[-98.68959,30.13795],[-98.68858,30.13687],[-98.68833,30.13665],[-98.68815,30.13651],[-98.68785,30.13631],[-98.68763,30.13619],[-98.68739,30.13608],[-98.687,30.13593],[-98.68081,30.13377],[-98.68027,30.13356],[-98.67973,30.13331],[-98.67907,30.13296],[-98.67645,30.13147],[-98.67592,30.13113],[-98.6756,30.13089],[-98.67528,30.13061],[-98.67506,30.13039],[-98.67484,30.13015],[-98.67474,30.13002],[-98.67463,30.12989],[-98.67189,30.12616],[-98.6715,30.12572],[-98.67109,30.12532],[-98.67078,30.12508],[-98.67045,30.12485],[-98.66896,30.12396],[-98.66826,30.12351],[-98.66772,30.12313],[-98.6676,30.12302],[-98.66565,30.12147],[-98.66483,30.12091],[-98.66434,30.12063],[-98.66234,30.1196],[-98.66199,30.1194],[-98.66148,30.11906],[-98.661,30.11871],[-98.66058,30.11834],[-98.65953,30.11737],[-98.65735,30.11527],[-98.65693,30.11488],[-98.65664,30.11466],[-98.65628,30.11445],[-98.65597,30.11431],[-98.65567,30.11419],[-98.65549,30.11414],[-98.65506,30.11407],[-98.65497,30.11405],[-98.65457,30.11402],[-98.65247,30.11406],[-98.65157,30.11408],[-98.65121,30.11408],[-98.65086,30.11405],[-98.65033,30.11397],[-98.6501,30.11392],[-98.64981,30.11385],[-98.64951,30.11376],[-98.64859,30.11348],[-98.64808,30.11335],[-98.64791,30.11332],[-98.64777,30.11329],[-98.64753,30.11327],[-98.64715,30.11325],[-98.64659,30.11327],[-98.64621,30.11332],[-98.64597,30.11337],[-98.64584,30.1134],[-98.64417,30.1138],[-98.64372,30.11387],[-98.64331,30.11391],[-98.64287,30.11393],[-98.64236,30.11392],[-98.64232,30.11392],[-98.64135,30.11388],[-98.64074,30.11387],[-98.63852,30.11383],[-98.63822,30.1138],[-98.63778,30.11373],[-98.63733,30.11363],[-98.63686,30.1135],[-98.63511,30.11285],[-98.63281,30.11199],[-98.63233,30.11186],[-98.63199,30.11181],[-98.63164,30.11178],[-98.63116,30.11178],[-98.63071,30.11179],[-98.62659,30.11198],[-98.62582,30.11202],[-98.62519,30.11202],[-98.62486,30.11197],[-98.62452,30.1119],[-98.62379,30.11171],[-98.62314,30.11155],[-98.62279,30.11146],[-98.62215,30.11129],[-98.62148,30.11114],[-98.62074,30.11103],[-98.62005,30.11091],[-98.61793,30.11058],[-98.61746,30.11051],[-98.6173,30.1105],[-98.61699,30.11048],[-98.61664,30.11047],[-98.61653,30.11047],[-98.61629,30.11049],[-98.61593,30.11052],[-98.61548,30.11059],[-98.61479,30.11074],[-98.61419,30.11084],[-98.61366,30.11091],[-98.61311,30.11093],[-98.61256,30.11089],[-98.61219,30.11083],[-98.61183,30.11074],[-98.60928,30.11003],[-98.60839,30.10979],[-98.60559,30.10901],[-98.60446,30.10871],[-98.60295,30.10831],[-98.60068,30.10769],[-98.59933,30.10734],[-98.59881,30.10724],[-98.59826,30.10716],[-98.59208,30.10631],[-98.5906,30.10607],[-98.58686,30.1054],[-98.58652,30.10533],[-98.58584,30.10515],[-98.58454,30.10476],[-98.58197,30.10401],[-98.58166,30.10393],[-98.58135,30.10388],[-98.58103,30.10385],[-98.58087,30.10384],[-98.5804,30.10386],[-98.57993,30.10394],[-98.57948,30.10406],[-98.57876,30.10438],[-98.578,30.10476],[-98.57653,30.10549],[-98.576,30.10576],[-98.57522,30.10615],[-98.57452,30.10649],[-98.57415,30.10661],[-98.5739,30.10666],[-98.57378,30.10668],[-98.57357,30.10671],[-98.5733,30.10673],[-98.57299,30.10673],[-98.57262,30.10671],[-98.57219,30.10663],[-98.57189,30.10656],[-98.57148,30.1064],[-98.57088,30.1061],[-98.56707,30.10394],[-98.56663,30.10374],[-98.56615,30.1036],[-98.56564,30.10351],[-98.56508,30.10348],[-98.56418,30.10351],[-98.56256,30.10355],[-98.56013,30.10358],[-98.55959,30.10359],[-98.5581,30.1036],[-98.5572,30.10362],[-98.55691,30.10362],[-98.5566,30.10365],[-98.5563,30.10369],[-98.55601,30.10375],[-98.55568,30.10382],[-98.55532,30.10392],[-98.5553,30.10393],[-98.55506,30.10398],[-98.55481,30.10402],[-98.55457,30.10404],[-98.55432,30.10405],[-98.55332,30.104],[-98.55295,30.10397],[-98.5529,30.10396],[-98.55266,30.10393],[-98.55175,30.10377],[-98.5515,30.10373],[-98.55092,30.10362],[-98.55061,30.10359],[-98.5503,30.10358],[-98.54999,30.1036],[-98.54968,30.10363],[-98.5495,30.10366],[-98.54883,30.1038],[-98.54715,30.10417],[-98.5471,30.10418],[-98.54684,30.10422],[-98.54653,30.10424],[-98.54645,30.10424],[-98.54622,30.10424],[-98.54591,30.10423],[-98.54565,30.10419],[-98.5456,30.10419],[-98.54489,30.10403],[-98.54466,30.10399],[-98.54441,30.10397],[-98.54417,30.10396],[-98.54393,30.10397],[-98.54327,30.10401],[-98.543,30.10403],[-98.54264,30.10405],[-98.54226,30.10405],[-98.54188,30.10403],[-98.54046,30.10388],[-98.53913,30.10374],[-98.53909,30.10374],[-98.53821,30.10364],[-98.53745,30.10357],[-98.53721,30.10356],[-98.53706,30.10357],[-98.53696,30.10357],[-98.53672,30.1036],[-98.53643,30.10366],[-98.53614,30.10374],[-98.53586,30.10383],[-98.53559,30.10395],[-98.53523,30.10412],[-98.53482,30.1043],[-98.53476,30.10433],[-98.53447,30.10443],[-98.53418,30.10451],[-98.53388,30.10457],[-98.53358,30.1046],[-98.53327,30.10462],[-98.53302,30.10462],[-98.53277,30.1046],[-98.53253,30.10457],[-98.53228,30.10452],[-98.53204,30.10445],[-98.53192,30.10441],[-98.53142,30.10422],[-98.53123,30.10416],[-98.53059,30.10393],[-98.53044,30.10387],[-98.53005,30.10368],[-98.5299,30.1036],[-98.5295,30.10334],[-98.52937,30.10323],[-98.52901,30.10299],[-98.5288,30.10283],[-98.52865,30.10274],[-98.52843,30.10262],[-98.52823,30.10253],[-98.52804,30.10245],[-98.52786,30.1024],[-98.52767,30.10234],[-98.52746,30.10229],[-98.52726,30.10225],[-98.52707,30.10223],[-98.52688,30.10222],[-98.52657,30.1022],[-98.52637,30.1022],[-98.52619,30.10222],[-98.52599,30.10225],[-98.52567,30.10231],[-98.52489,30.1025],[-98.52421,30.10265],[-98.52369,30.10276],[-98.52163,30.10321],[-98.52136,30.10327],[-98.52106,30.10334],[-98.52076,30.10339],[-98.52052,30.10341],[-98.52045,30.10342],[-98.52001,30.10343],[-98.51976,30.10343],[-98.51951,30.1034],[-98.51926,30.10336],[-98.51914,30.10333],[-98.51902,30.1033],[-98.51878,30.10322],[-98.51855,30.10313],[-98.51784,30.10279],[-98.51733,30.10254],[-98.51704,30.10243],[-98.51675,30.10233],[-98.5166,30.10228],[-98.51646,30.10224],[-98.51623,30.10218],[-98.51616,30.10217],[-98.51591,30.10212],[-98.51452,30.10195],[-98.51427,30.10194],[-98.51401,30.10194],[-98.51399,30.10194],[-98.51376,30.10196],[-98.51351,30.102],[-98.51345,30.10201],[-98.51341,30.10202],[-98.51327,30.10205],[-98.51309,30.1021],[-98.51266,30.10224],[-98.51228,30.10237],[-98.51095,30.10288],[-98.51086,30.10291],[-98.50993,30.1032],[-98.50894,30.1035],[-98.50669,30.10424],[-98.50642,30.10433],[-98.50606,30.10442],[-98.50586,30.10446],[-98.5057,30.10449],[-98.50533,30.10455],[-98.50496,30.10458],[-98.50465,30.1046],[-98.50427,30.10459],[-98.50395,30.10457],[-98.50389,30.10457],[-98.50351,30.10452],[-98.50262,30.10437],[-98.50237,30.10432],[-98.50222,30.1043],[-98.50159,30.10419],[-98.50146,30.1042],[-98.50133,30.10399],[-98.50103,30.10362],[-98.49996,30.1027],[-98.49983,30.10259],[-98.49968,30.10249],[-98.49952,30.10241],[-98.49935,30.10234],[-98.49917,30.10228],[-98.49899,30.10224],[-98.4988,30.10222],[-98.49862,30.10221],[-98.49843,30.10222],[-98.49824,30.10225],[-98.49806,30.1023],[-98.49748,30.10249],[-98.49674,30.10274],[-98.49645,30.10283],[-98.49615,30.10291],[-98.49585,30.10297],[-98.49555,30.10301],[-98.4953,30.10303],[-98.49525,30.10303],[-98.49518,30.10303],[-98.49471,30.10302],[-98.49398,30.103],[-98.49349,30.10296],[-98.493,30.10291],[-98.49252,30.10283],[-98.49107,30.10258],[-98.48991,30.1024],[-98.48961,30.10237],[-98.4893,30.10236],[-98.489,30.10237],[-98.48869,30.10239],[-98.48828,30.10243],[-98.48791,30.10249],[-98.4876,30.10255],[-98.48724,30.10264],[-98.48694,30.10274],[-98.48683,30.10278],[-98.48665,30.10285],[-98.48643,30.10294],[-98.4861,30.10311],[-98.48579,30.10329],[-98.4857,30.10335],[-98.48548,30.10349],[-98.48519,30.10369],[-98.48492,30.10392],[-98.4844,30.10438],[-98.48382,30.10489],[-98.48319,30.10545],[-98.4828,30.10572],[-98.48233,30.10603],[-98.48142,30.10659],[-98.48126,30.10666],[-98.48109,30.10673],[-98.48092,30.10677],[-98.48074,30.1068],[-98.48015,30.10687],[-98.47991,30.10691],[-98.47966,30.10693],[-98.47942,30.10693],[-98.47917,30.10692],[-98.47892,30.10688],[-98.47842,30.1068],[-98.4782,30.10675],[-98.47804,30.10671],[-98.4779,30.10667],[-98.47767,30.10659],[-98.47746,30.1065],[-98.47725,30.10639],[-98.47706,30.10627],[-98.47692,30.10617],[-98.47631,30.10561],[-98.47491,30.10428],[-98.47456,30.10398],[-98.47419,30.10368],[-98.47356,30.10324],[-98.47332,30.10308],[-98.47289,30.10282],[-98.47241,30.10253],[-98.47205,30.10235],[-98.47182,30.10226],[-98.47148,30.10214],[-98.47112,30.10204],[-98.471,30.10201],[-98.47076,30.10195],[-98.4704,30.10188],[-98.47009,30.10185],[-98.46977,30.10184],[-98.46952,30.10184],[-98.46935,30.10186],[-98.46917,30.10188],[-98.46884,30.10195],[-98.46847,30.10203],[-98.46822,30.10209],[-98.46787,30.10216],[-98.46756,30.1022],[-98.46724,30.10223],[-98.46697,30.10223],[-98.46693,30.10223],[-98.46668,30.10222],[-98.46636,30.10219],[-98.46605,30.10214],[-98.46575,30.10208],[-98.46428,30.10184],[-98.46398,30.1018],[-98.4638,30.10179],[-98.46368,30.10178],[-98.46338,30.10178],[-98.46307,30.1018],[-98.46277,30.10184],[-98.46247,30.10189],[-98.46217,30.10196],[-98.46185,30.10205],[-98.46171,30.10209],[-98.46169,30.1021],[-98.46064,30.10255],[-98.4598,30.10288],[-98.45956,30.10298],[-98.45865,30.10333],[-98.45837,30.10345],[-98.4581,30.10356],[-98.45781,30.10366],[-98.45752,30.10374],[-98.45737,30.10377],[-98.45722,30.1038],[-98.45675,30.10388],[-98.45638,30.10393],[-98.45601,30.10396],[-98.45545,30.10399],[-98.45526,30.10399],[-98.45504,30.10398],[-98.45495,30.10397],[-98.45464,30.10394],[-98.45433,30.10389],[-98.45336,30.10366],[-98.45177,30.10324],[-98.45,30.10278],[-98.4496,30.10268],[-98.44957,30.10267],[-98.44928,30.10258],[-98.44914,30.10253],[-98.449,30.10248],[-98.44872,30.10236],[-98.4487,30.10235],[-98.44846,30.10223],[-98.44809,30.102],[-98.4473,30.10141],[-98.44711,30.10128],[-98.4469,30.10116],[-98.44669,30.10105],[-98.44647,30.10096],[-98.44624,30.10087],[-98.44601,30.10081],[-98.44577,30.10075],[-98.44553,30.10072],[-98.44528,30.10069],[-98.44426,30.10057],[-98.44406,30.10054],[-98.44322,30.10044],[-98.443,30.10042],[-98.44182,30.10029],[-98.44059,30.10018],[-98.43956,30.10014],[-98.43921,30.10014],[-98.43899,30.10014],[-98.43888,30.10015],[-98.43847,30.10017],[-98.43837,30.10017],[-98.43806,30.10022],[-98.43775,30.10029],[-98.43745,30.10037],[-98.43734,30.10041],[-98.43729,30.10043],[-98.43716,30.10047],[-98.43688,30.10059],[-98.43666,30.1007],[-98.4366,30.10072],[-98.43633,30.10087],[-98.43618,30.10096],[-98.43558,30.10123],[-98.43528,30.10132],[-98.43497,30.10139],[-98.43488,30.1014],[-98.43477,30.10142],[-98.43466,30.10143],[-98.43458,30.10144],[-98.43435,30.10146],[-98.43429,30.10146],[-98.43398,30.10145],[-98.43367,30.10142],[-98.43337,30.10138],[-98.43312,30.10132],[-98.43251,30.10113],[-98.43194,30.10095],[-98.43129,30.10074],[-98.43095,30.10062],[-98.43024,30.10038],[-98.43017,30.10036],[-98.43005,30.10031],[-98.42839,30.09979],[-98.4282,30.09973],[-98.42799,30.09967],[-98.42703,30.09938],[-98.42619,30.09914],[-98.42519,30.09884],[-98.42416,30.09853],[-98.42377,30.09841],[-98.42321,30.09824],[-98.42219,30.09794],[-98.42205,30.0979],[-98.42204,30.09789],[-98.42112,30.09761],[-98.4207,30.09849],[-98.42181,30.09883],[-98.42145,30.09969],[-98.42111,30.10054],[-98.42075,30.10142],[-98.42038,30.1023],[-98.42003,30.10316],[-98.41968,30.10402],[-98.41945,30.10455],[-98.4193,30.10487],[-98.41917,30.10518],[-98.41895,30.10571],[-98.41859,30.10655],[-98.41851,30.10673],[-98.41816,30.10756],[-98.41813,30.10763],[-98.41748,30.10913],[-98.41743,30.10924],[-98.41699,30.11027],[-98.41688,30.11053],[-98.41678,30.11075],[-98.41663,30.1111],[-98.41631,30.11184],[-98.41621,30.11208],[-98.41608,30.11237],[-98.41579,30.11303],[-98.41562,30.11342],[-98.41546,30.11382],[-98.41543,30.1139],[-98.41527,30.11431],[-98.41479,30.11555],[-98.4143,30.11683],[-98.41363,30.11854],[-98.41201,30.12261],[-98.41135,30.12429],[-98.41124,30.12453],[-98.41115,30.12474],[-98.41093,30.12518],[-98.41072,30.12556],[-98.4106,30.12578],[-98.41045,30.12601],[-98.41023,30.12633],[-98.40995,30.12669],[-98.40966,30.12705],[-98.40908,30.12769],[-98.40766,30.12921],[-98.40688,30.13005],[-98.40622,30.13076],[-98.40506,30.13198],[-98.40445,30.13264],[-98.40428,30.13283],[-98.40384,30.13335],[-98.40356,30.13371],[-98.4033,30.13407],[-98.40306,30.13445],[-98.40283,30.13483],[-98.40247,30.13554],[-98.40192,30.13669],[-98.40147,30.13762],[-98.40072,30.13914],[-98.40071,30.13916],[-98.40027,30.1401],[-98.39979,30.14107],[-98.39919,30.14229],[-98.39812,30.14448],[-98.39773,30.14528],[-98.39762,30.14549],[-98.39744,30.14582],[-98.39713,30.14635],[-98.39688,30.14675],[-98.39686,30.14678],[-98.39654,30.14725],[-98.3962,30.14771],[-98.39584,30.14816],[-98.39361,30.15085],[-98.39312,30.15143],[-98.39236,30.15234],[-98.39228,30.15244],[-98.39209,30.15266],[-98.39133,30.15358],[-98.39022,30.15496],[-98.38826,30.1573],[-98.38701,30.15877],[-98.3857,30.16034],[-98.38508,30.16111],[-98.38479,30.16153],[-98.38453,30.16195],[-98.38429,30.16239],[-98.38407,30.16283],[-98.38389,30.16323],[-98.38374,30.16364],[-98.3836,30.16406],[-98.38354,30.16427],[-98.38295,30.16626],[-98.38276,30.16688],[-98.38206,30.16924],[-98.38205,30.16929],[-98.38198,30.16952],[-98.3813,30.17182],[-98.38118,30.17227],[-98.38116,30.17233],[-98.38086,30.17344],[-98.38036,30.17506],[-98.38035,30.17519],[-98.38022,30.17568],[-98.38008,30.17632],[-98.38001,30.17671],[-98.37996,30.17695],[-98.3798,30.17796],[-98.37925,30.18126],[-98.37916,30.18187],[-98.37903,30.18266],[-98.37891,30.18343],[-98.37877,30.18423],[-98.37863,30.18509],[-98.37847,30.18608],[-98.3782,30.1877],[-98.37808,30.18827],[-98.37798,30.18872],[-98.37795,30.18884],[-98.37781,30.1893],[-98.37753,30.19012],[-98.3773,30.19073],[-98.37719,30.19102],[-98.37717,30.19107],[-98.37685,30.19201],[-98.37634,30.19342],[-98.37601,30.19435],[-98.37589,30.19468],[-98.37574,30.19514],[-98.37568,30.19535],[-98.37557,30.19598],[-98.37549,30.19652],[-98.37543,30.19714],[-98.37542,30.19737],[-98.37542,30.19772],[-98.37548,30.19866],[-98.3756,30.19933],[-98.37567,30.19982],[-98.37584,30.20076],[-98.37602,30.20187],[-98.37625,30.20334],[-98.37637,30.20402],[-98.37645,30.20447],[-98.37675,30.20592],[-98.377,30.20686],[-98.37717,30.20742],[-98.37761,30.2088],[-98.37767,30.20897],[-98.37836,30.21114],[-98.37879,30.21258],[-98.37893,30.21311],[-98.37905,30.21364],[-98.37914,30.21412],[-98.37922,30.21476],[-98.37945,30.21657],[-98.37949,30.21698],[-98.37957,30.21771],[-98.37961,30.21802],[-98.37967,30.21849],[-98.37979,30.21956],[-98.3802,30.22294],[-98.38028,30.22343],[-98.38042,30.22417],[-98.38052,30.22458],[-98.38067,30.22509],[-98.38075,30.22535],[-98.38089,30.22576],[-98.38099,30.22602],[-98.38128,30.22674],[-98.38243,30.22937],[-98.38264,30.22981],[-98.38359,30.23199],[-98.38428,30.23356],[-98.38496,30.23514],[-98.38519,30.23568],[-98.38541,30.23625],[-98.38562,30.23682],[-98.38576,30.23729],[-98.38588,30.23777],[-98.38592,30.23792],[-98.38602,30.23841],[-98.38609,30.23883],[-98.38642,30.24127],[-98.38659,30.24249],[-98.38674,30.24365],[-98.3869,30.24481],[-98.3869,30.24484],[-98.38717,30.24682],[-98.38728,30.24746],[-98.38739,30.24794],[-98.38752,30.24841],[-98.38781,30.24932],[-98.38786,30.24946],[-98.3884,30.25097],[-98.38875,30.25194],[-98.38885,30.25222],[-98.38928,30.25341],[-98.38934,30.25359],[-98.38942,30.25379],[-98.38956,30.25417],[-98.3897,30.25457],[-98.38999,30.25537],[-98.39039,30.25647],[-98.39096,30.25803],[-98.39126,30.25888],[-98.39177,30.26025],[-98.39199,30.26077],[-98.39223,30.26127],[-98.3924,30.26161],[-98.39249,30.26177],[-98.39277,30.26226],[-98.39289,30.26246],[-98.39293,30.26253],[-98.39305,30.26272],[-98.39317,30.2629],[-98.3934,30.26323],[-98.39362,30.26354],[-98.39376,30.26373],[-98.39407,30.26412],[-98.39417,30.26424],[-98.39429,30.26439],[-98.39497,30.26521],[-98.39516,30.26544],[-98.39527,30.26557],[-98.39536,30.26568],[-98.39557,30.26593],[-98.39591,30.26635],[-98.39609,30.26649],[-98.39726,30.26796],[-98.39748,30.26824],[-98.39791,30.26878],[-98.39815,30.26908],[-98.39827,30.26924],[-98.39845,30.26948],[-98.39875,30.26986],[-98.39897,30.27014],[-98.399,30.27017],[-98.39935,30.27062],[-98.40012,30.27161],[-98.40018,30.27168],[-98.40024,30.27177],[-98.40058,30.27224],[-98.40162,30.27384],[-98.40176,30.27407],[-98.40191,30.2743],[-98.40208,30.27457],[-98.4026,30.27533],[-98.40261,30.27537],[-98.40271,30.27551],[-98.40281,30.27566],[-98.40311,30.27612],[-98.40323,30.27631],[-98.4033,30.27641],[-98.40359,30.27685],[-98.40384,30.27687],[-98.40487,30.27686],[-98.40512,30.27686],[-98.40573,30.27684],[-98.4059,30.27681],[-98.40612,30.27681],[-98.40759,30.27679],[-98.40867,30.27677],[-98.40915,30.27676],[-98.40939,30.27676],[-98.40979,30.27675],[-98.41089,30.27673],[-98.41089,30.27667],[-98.41088,30.27637],[-98.41088,30.276],[-98.41088,30.27594],[-98.41088,30.27577],[-98.41195,30.27576],[-98.41198,30.27577],[-98.41199,30.27671],[-98.41202,30.27771],[-98.41202,30.27774],[-98.41202,30.27786],[-98.41202,30.27855],[-98.41202,30.27864],[-98.41203,30.27955],[-98.41203,30.27975],[-98.41203,30.28017],[-98.41202,30.28042],[-98.412,30.28056],[-98.41196,30.28082],[-98.41188,30.28112],[-98.41187,30.28118],[-98.41185,30.28122],[-98.4118,30.28138],[-98.41176,30.2815],[-98.41173,30.28156],[-98.41172,30.28161],[-98.4117,30.28164],[-98.41159,30.28188],[-98.4114,30.28223],[-98.41124,30.28246],[-98.41119,30.28252],[-98.4111,30.28262],[-98.41106,30.28268],[-98.41079,30.28297],[-98.41054,30.2832],[-98.41028,30.28342],[-98.41009,30.28357],[-98.40964,30.28393],[-98.40915,30.28431],[-98.40831,30.28497],[-98.40826,30.285],[-98.40799,30.28522],[-98.40745,30.28564],[-98.40721,30.28582],[-98.40618,30.28664],[-98.40613,30.28667],[-98.40551,30.28716],[-98.40541,30.28722],[-98.40534,30.28725],[-98.40528,30.28727],[-98.40522,30.28728],[-98.40516,30.28728],[-98.4051,30.28728],[-98.40502,30.28725],[-98.40492,30.2872],[-98.40477,30.28719],[-98.40453,30.28753],[-98.40449,30.2876],[-98.40436,30.28778],[-98.4042,30.28799],[-98.4041,30.28812],[-98.40398,30.28826],[-98.4037,30.28856],[-98.40359,30.28869],[-98.40345,30.28881],[-98.40332,30.28894],[-98.40323,30.28903],[-98.40319,30.28907],[-98.40306,30.28918],[-98.40293,30.28929],[-98.40279,30.28942],[-98.40263,30.28956],[-98.40261,30.28958],[-98.4025,30.28968],[-98.40233,30.28982],[-98.40169,30.29039],[-98.40124,30.29078],[-98.39972,30.29211],[-98.39941,30.29237],[-98.3991,30.29266],[-98.39873,30.29303],[-98.39838,30.29341],[-98.3982,30.29364],[-98.39817,30.29367],[-98.39789,30.29405],[-98.39759,30.29449],[-98.39745,30.29471],[-98.39735,30.29487],[-98.39729,30.29499],[-98.39714,30.29527],[-98.3969,30.29575],[-98.39671,30.29617],[-98.39653,30.29663],[-98.3964,30.29705],[-98.39618,30.29783],[-98.39609,30.29821],[-98.39603,30.29858],[-98.3957,30.30109],[-98.3957,30.30116],[-98.39568,30.30133],[-98.39564,30.30167],[-98.3956,30.30199],[-98.39558,30.30207],[-98.3955,30.30274],[-98.39544,30.30326],[-98.39537,30.30369],[-98.39529,30.30408],[-98.39522,30.30433],[-98.39521,30.3044],[-98.3951,30.30477],[-98.39509,30.3048],[-98.39479,30.30575],[-98.39465,30.30617],[-98.39451,30.30659],[-98.39395,30.30831],[-98.39375,30.3089],[-98.39357,30.30941],[-98.39327,30.31014],[-98.39281,30.31127],[-98.39277,30.31137],[-98.39252,30.312],[-98.39208,30.31192],[-98.39217,30.31192],[-98.39252,30.312],[-98.39228,30.31257],[-98.39199,30.31329],[-98.3917,30.31401],[-98.39151,30.31447],[-98.39078,30.31625],[-98.39053,30.31692],[-98.39046,30.31713],[-98.39044,30.31716],[-98.3904,30.31728],[-98.39015,30.31802],[-98.38983,30.31897],[-98.38945,30.32006],[-98.3892,30.32081],[-98.38903,30.3213],[-98.38891,30.32165],[-98.38872,30.32219],[-98.38851,30.32281],[-98.38808,30.32405],[-98.38789,30.3246],[-98.38782,30.32478],[-98.38747,30.3258],[-98.38592,30.33035],[-98.38592,30.33036],[-98.38555,30.33144],[-98.38529,30.33217],[-98.38368,30.33687],[-98.383,30.33884],[-98.3817,30.34263],[-98.38119,30.34409],[-98.38116,30.34417],[-98.38016,30.34708],[-98.37973,30.34832],[-98.37925,30.34952],[-98.37884,30.35079],[-98.37849,30.35201],[-98.37731,30.35933],[-98.37721,30.3598],[-98.37698,30.36117],[-98.37681,30.36217],[-98.37679,30.36229],[-98.37644,30.36429],[-98.37635,30.36481],[-98.37627,30.36518],[-98.37618,30.36555],[-98.37589,30.36659],[-98.37529,30.36878],[-98.37519,30.36913],[-98.37493,30.37003],[-98.37477,30.37055],[-98.3743,30.37195],[-98.37381,30.37345],[-98.37363,30.37396],[-98.37347,30.37439],[-98.37323,30.37494],[-98.37292,30.37559],[-98.37267,30.37608],[-98.37237,30.3766],[-98.3721,30.37702],[-98.37178,30.37748],[-98.37084,30.3788],[-98.37082,30.37882],[-98.37048,30.37933],[-98.37021,30.37975],[-98.36989,30.38031],[-98.36891,30.38208],[-98.36836,30.38305],[-98.36665,30.38613],[-98.36598,30.38736],[-98.36572,30.38782],[-98.36557,30.38809],[-98.36522,30.38872],[-98.36437,30.39026],[-98.3638,30.39127],[-98.36257,30.39353],[-98.36245,30.39374],[-98.36232,30.39395],[-98.36125,30.39587],[-98.36112,30.3961],[-98.3598,30.39848],[-98.35931,30.39936],[-98.35902,30.39988],[-98.35855,30.4007],[-98.35809,30.40154],[-98.3576,30.40243],[-98.35609,30.40514],[-98.35508,30.40697],[-98.35441,30.40817],[-98.35411,30.40871],[-98.35284,30.41101],[-98.35258,30.41155],[-98.35233,30.41209],[-98.35185,30.41332],[-98.35065,30.41645],[-98.35062,30.41654],[-98.34902,30.42069],[-98.3485,30.42198],[-98.34791,30.4234],[-98.34764,30.42405],[-98.34719,30.42513],[-98.34674,30.42621],[-98.34665,30.42643],[-98.34618,30.42754],[-98.34551,30.42915],[-98.34456,30.42914],[-98.34419,30.42915],[-98.34392,30.42916],[-98.3425,30.42921],[-98.34214,30.42922],[-98.34111,30.42926],[-98.3399,30.42931],[-98.33925,30.42934],[-98.33807,30.42937],[-98.33773,30.42938],[-98.33721,30.42939],[-98.33644,30.4294],[-98.33591,30.42941],[-98.33521,30.42943],[-98.33481,30.42944],[-98.33463,30.42943],[-98.33445,30.42941],[-98.33427,30.42937],[-98.3341,30.42932],[-98.33402,30.42929],[-98.33393,30.42925],[-98.33377,30.42917],[-98.33366,30.42912],[-98.33331,30.42899],[-98.33297,30.42887],[-98.33285,30.42884],[-98.33261,30.42877],[-98.33154,30.42853],[-98.33093,30.42839],[-98.33076,30.42834],[-98.33059,30.42827],[-98.33046,30.42821],[-98.33044,30.42819],[-98.33029,30.4281],[-98.33016,30.428],[-98.33001,30.42788],[-98.32943,30.42739],[-98.32901,30.42703],[-98.32861,30.42668],[-98.32837,30.42648],[-98.32733,30.42561],[-98.32652,30.42482],[-98.32634,30.42467],[-98.32616,30.42453],[-98.32596,30.42441],[-98.32492,30.42384],[-98.32257,30.42257],[-98.32175,30.42214],[-98.32146,30.42199],[-98.32109,30.42181],[-98.3184,30.42061],[-98.31725,30.42008],[-98.31683,30.41986],[-98.31642,30.41962],[-98.31584,30.41923],[-98.31533,30.41885],[-98.31457,30.4183],[-98.31441,30.41821],[-98.31425,30.41812],[-98.31409,30.41804],[-98.31391,30.41798],[-98.31345,30.41784],[-98.31311,30.41774],[-98.31239,30.41755],[-98.31096,30.41718],[-98.31072,30.41714],[-98.31062,30.41712],[-98.3101,30.41696],[-98.30952,30.41677],[-98.30938,30.41672],[-98.30884,30.41654],[-98.30817,30.41632],[-98.3078,30.41619],[-98.30768,30.41614],[-98.30724,30.41603],[-98.30659,30.41588],[-98.30598,30.41574],[-98.30534,30.41559],[-98.3042,30.41533],[-98.30418,30.41532],[-98.30393,30.41525],[-98.30353,30.41512],[-98.30278,30.41486],[-98.30263,30.41482],[-98.30193,30.41462],[-98.30176,30.41457],[-98.30165,30.41453],[-98.30159,30.41451],[-98.30146,30.41445],[-98.30138,30.4144],[-98.30127,30.41434],[-98.30113,30.41425],[-98.3009,30.41408],[-98.2999,30.41325],[-98.29933,30.41279],[-98.29878,30.41234],[-98.29607,30.4101],[-98.29537,30.4095],[-98.29459,30.40887],[-98.29439,30.40873],[-98.29419,30.40861],[-98.29398,30.40849],[-98.29191,30.40762],[-98.29136,30.40741],[-98.28915,30.40655],[-98.28888,30.40643],[-98.28861,30.40628],[-98.28634,30.40486],[-98.28605,30.40469],[-98.28589,30.4046],[-98.28537,30.40431],[-98.28412,30.4037],[-98.28376,30.40353],[-98.28246,30.40291],[-98.28185,30.40263],[-98.28006,30.40184],[-98.27898,30.40136],[-98.27822,30.40103],[-98.27752,30.40072],[-98.27579,30.39996],[-98.27551,30.39984],[-98.27523,30.39975],[-98.27494,30.39968],[-98.2734,30.39939],[-98.27177,30.39905],[-98.27093,30.39884],[-98.2701,30.39864],[-98.26963,30.39851],[-98.26915,30.39841],[-98.26737,30.39809],[-98.26575,30.3978],[-98.2649,30.39764],[-98.2646,30.39757],[-98.26431,30.39748],[-98.26369,30.39729],[-98.26244,30.3969],[-98.26183,30.3967],[-98.26176,30.39667],[-98.26153,30.3966],[-98.26148,30.39658],[-98.26131,30.39654],[-98.26108,30.39649],[-98.26085,30.39647],[-98.26043,30.39641],[-98.26014,30.39635],[-98.25985,30.39627],[-98.2593,30.39608],[-98.2588,30.39589],[-98.25744,30.39537],[-98.25592,30.39479],[-98.2557,30.39469],[-98.2554,30.3945],[-98.25549,30.39457],[-98.25543,30.39465],[-98.2554,30.39472],[-98.25538,30.3948],[-98.25538,30.39484],[-98.25519,30.39604],[-98.2551,30.39667],[-98.25506,30.39681],[-98.25501,30.39696],[-98.25494,30.3971],[-98.25396,30.39881],[-98.25368,30.39929],[-98.25364,30.39939],[-98.25361,30.3995],[-98.25359,30.39966],[-98.25361,30.40055],[-98.25363,30.40141],[-98.25363,30.40201],[-98.25365,30.403],[-98.25365,30.40319],[-98.25366,30.40394],[-98.25366,30.40483],[-98.25366,30.40498],[-98.25366,30.40534],[-98.25367,30.40594],[-98.25369,30.40695],[-98.2537,30.4079],[-98.25371,30.40855],[-98.25372,30.40925],[-98.25372,30.40941],[-98.25372,30.40945],[-98.25373,30.41121],[-98.25373,30.41161],[-98.25374,30.41225],[-98.25372,30.41434],[-98.25372,30.41521],[-98.25372,30.41532],[-98.25374,30.41543],[-98.25377,30.41553],[-98.25381,30.41564],[-98.25398,30.41598],[-98.25438,30.41685],[-98.25556,30.41936],[-98.25577,30.41983],[-98.25604,30.42043],[-98.25763,30.42381],[-98.25764,30.42384],[-98.25787,30.42432],[-98.2585,30.42565],[-98.25989,30.42861],[-98.26024,30.42938],[-98.26092,30.43078],[-98.26125,30.43151],[-98.26198,30.43302],[-98.26219,30.43346],[-98.26252,30.43421],[-98.26276,30.43472],[-98.26278,30.4348],[-98.26281,30.43484],[-98.26286,30.43491],[-98.26292,30.43497],[-98.26299,30.43502],[-98.26307,30.43506],[-98.26403,30.43543],[-98.26433,30.43556],[-98.26502,30.43586],[-98.26509,30.4359],[-98.2652,30.43599],[-98.26528,30.43607],[-98.26534,30.43615],[-98.26539,30.43624],[-98.26544,30.43634],[-98.26619,30.43745],[-98.26646,30.43789],[-98.2665,30.43799],[-98.26653,30.43809],[-98.26654,30.4382],[-98.26654,30.43826],[-98.26653,30.43836],[-98.2665,30.43847],[-98.2659,30.43993],[-98.26582,30.4401],[-98.26576,30.44026],[-98.26569,30.44041],[-98.26563,30.4405],[-98.26553,30.44063],[-98.26543,30.44076],[-98.26536,30.44085],[-98.26531,30.44094],[-98.26526,30.44103],[-98.26525,30.44106],[-98.26522,30.44113],[-98.2652,30.44123],[-98.26519,30.44129],[-98.26495,30.44202],[-98.26472,30.44269],[-98.26438,30.44383],[-98.26389,30.44536],[-98.26354,30.44656],[-98.26331,30.44724],[-98.26315,30.44783],[-98.26311,30.44793],[-98.26305,30.44803],[-98.26305,30.44803],[-98.26299,30.44812],[-98.26215,30.44911],[-98.26003,30.45159],[-98.26,30.45163],[-98.25996,30.45171],[-98.25993,30.4518],[-98.25992,30.45189],[-98.25996,30.4539],[-98.26,30.45752],[-98.26,30.45828],[-98.26001,30.45932],[-98.26001,30.45966],[-98.26001,30.45975],[-98.26004,30.45983],[-98.26008,30.45991],[-98.2601,30.45995],[-98.26036,30.46027],[-98.2604,30.46035],[-98.26042,30.4604],[-98.26045,30.46049],[-98.26067,30.46225],[-98.26074,30.46281],[-98.26113,30.46342],[-98.26155,30.46412],[-98.26162,30.46427],[-98.26165,30.46442],[-98.26166,30.46614],[-98.26169,30.46633],[-98.26172,30.46644],[-98.26182,30.46662],[-98.26189,30.46672],[-98.26198,30.46681],[-98.26307,30.46782],[-98.26443,30.4691],[-98.2646,30.46925],[-98.26468,30.46934],[-98.26478,30.46949],[-98.26484,30.46962],[-98.26488,30.46971],[-98.26491,30.46983],[-98.26492,30.47002],[-98.26486,30.47194],[-98.26475,30.47368],[-98.26476,30.47402],[-98.26482,30.47436],[-98.26502,30.47476],[-98.2651,30.47494],[-98.26513,30.47503],[-98.26516,30.47514],[-98.2652,30.47543],[-98.26524,30.47574],[-98.26527,30.47584],[-98.26537,30.47603],[-98.26543,30.47612],[-98.2655,30.4762],[-98.26558,30.47628],[-98.26632,30.47687],[-98.26717,30.47754],[-98.26871,30.47857],[-98.26887,30.47865],[-98.26905,30.47872],[-98.26924,30.47877],[-98.2707,30.47903],[-98.2715,30.47913],[-98.2729,30.47936],[-98.27332,30.47945],[-98.27378,30.47956],[-98.27568,30.48012],[-98.27685,30.48045],[-98.27715,30.48053],[-98.27724,30.48057],[-98.27734,30.48063],[-98.27742,30.48071],[-98.27748,30.48078],[-98.27754,30.48089],[-98.27757,30.48099],[-98.27758,30.48106],[-98.27757,30.48114],[-98.27761,30.48163],[-98.27763,30.48199],[-98.27759,30.4827],[-98.27756,30.48297],[-98.27752,30.48321],[-98.27749,30.48351],[-98.27748,30.48364],[-98.27749,30.48476],[-98.27753,30.48726],[-98.27756,30.48854],[-98.27751,30.4889],[-98.27744,30.48906],[-98.27671,30.49044],[-98.27653,30.49074],[-98.27636,30.49095],[-98.27591,30.49141],[-98.26731,30.50006],[-98.27315,30.50277],[-98.27504,30.50363],[-98.27539,30.50378],[-98.27585,30.50396],[-98.27632,30.50411],[-98.2768,30.50426],[-98.28386,30.50609],[-98.28453,30.50627],[-98.2891,30.50744],[-98.29078,30.50786],[-98.29235,30.50827],[-98.29313,30.50861],[-98.29337,30.50875],[-98.29349,30.50887],[-98.2936,30.50902],[-98.2937,30.50918],[-98.29377,30.50937],[-98.2938,30.50953],[-98.29379,30.50967],[-98.29376,30.50986],[-98.2933,30.51163],[-98.29313,30.5121],[-98.29278,30.51287],[-98.29266,30.51317],[-98.29248,30.51349],[-98.29164,30.51508],[-98.29156,30.5152],[-98.29092,30.51635],[-98.29079,30.51666],[-98.2907,30.51683],[-98.28686,30.52426],[-98.28512,30.52755],[-98.28472,30.52832],[-98.28249,30.53255],[-98.28218,30.53311],[-98.27899,30.53919],[-98.27864,30.53987],[-98.27837,30.54047],[-98.27818,30.54087],[-98.27788,30.54173],[-98.27786,30.54179],[-98.27717,30.54459],[-98.277,30.54534],[-98.27695,30.54557],[-98.27681,30.54613],[-98.27671,30.54663],[-98.27659,30.54716],[-98.27651,30.54749],[-98.27643,30.54783],[-98.27631,30.54832],[-98.27621,30.54866],[-98.27606,30.54916],[-98.27585,30.54978],[-98.27562,30.55039],[-98.27489,30.55216],[-98.2747,30.55259],[-98.27463,30.55276],[-98.27455,30.55294],[-98.27412,30.55399],[-98.27402,30.55428],[-98.27393,30.5546],[-98.27387,30.55492],[-98.27384,30.5552],[-98.27383,30.55546],[-98.27385,30.5559],[-98.27391,30.55626],[-98.27397,30.55651],[-98.27411,30.55694],[-98.27418,30.5571],[-98.27444,30.55759],[-98.27459,30.55783],[-98.27538,30.55882],[-98.27556,30.55906],[-98.2757,30.55925],[-98.27596,30.55976],[-98.2761,30.56022],[-98.27615,30.56059],[-98.27616,30.56086],[-98.27613,30.56109],[-98.27608,30.56137],[-98.27597,30.56177],[-98.27581,30.5621],[-98.27548,30.56262],[-98.2752,30.56298],[-98.27515,30.56305],[-98.27496,30.56334],[-98.27481,30.56358],[-98.27473,30.56373],[-98.27466,30.56386],[-98.27458,30.56409],[-98.27446,30.56428],[-98.27441,30.56454],[-98.27441,30.56488],[-98.27443,30.56507],[-98.27446,30.56526],[-98.27451,30.56549],[-98.2746,30.56579],[-98.27557,30.56833],[-98.27576,30.5688],[-98.27588,30.56912],[-98.27592,30.56923],[-98.276,30.56947],[-98.27605,30.56957],[-98.2762,30.56976],[-98.27627,30.56999],[-98.27629,30.57026],[-98.2763,30.57049],[-98.27629,30.57061],[-98.27627,30.57079],[-98.27622,30.57103],[-98.27618,30.5712],[-98.27614,30.57137],[-98.27597,30.57176],[-98.27594,30.57183],[-98.27561,30.57236],[-98.27538,30.57273],[-98.27536,30.57276],[-98.27502,30.57326],[-98.27479,30.57361],[-98.27469,30.57375],[-98.2746,30.5739],[-98.27442,30.57418],[-98.27422,30.57447],[-98.27404,30.57476],[-98.27381,30.57509],[-98.27364,30.5754],[-98.27351,30.57563],[-98.2733,30.57609],[-98.27314,30.57657],[-98.27306,30.57691],[-98.27302,30.57713],[-98.27297,30.5775],[-98.27295,30.57771],[-98.27294,30.57779],[-98.27294,30.57805],[-98.27294,30.57834],[-98.27289,30.57831],[-98.27282,30.57829],[-98.27265,30.5782],[-98.2725,30.57812],[-98.27246,30.5781],[-98.27225,30.578],[-98.27199,30.57787],[-98.2709,30.57736],[-98.26976,30.57679],[-98.26927,30.57656],[-98.26922,30.57654],[-98.26866,30.57625],[-98.26813,30.57598],[-98.2681,30.57597],[-98.26758,30.5757],[-98.26741,30.57562],[-98.26723,30.57554],[-98.26694,30.57548],[-98.26662,30.57544],[-98.2665,30.57544],[-98.26638,30.57544],[-98.26632,30.57545],[-98.26623,30.57546],[-98.26608,30.57548],[-98.26508,30.57563],[-98.26492,30.57566],[-98.26443,30.57572],[-98.2641,30.57577],[-98.26394,30.57579],[-98.2636,30.57584],[-98.26346,30.57586],[-98.26336,30.57587],[-98.26315,30.5759],[-98.26061,30.57629],[-98.25965,30.57641],[-98.25887,30.57654],[-98.25871,30.57655],[-98.25833,30.57659],[-98.25795,30.57662],[-98.25791,30.57662],[-98.25779,30.57662],[-98.25754,30.57662],[-98.25722,30.5766],[-98.25698,30.57656],[-98.25671,30.57649],[-98.25647,30.57641],[-98.25598,30.5762],[-98.25591,30.57617],[-98.25549,30.57599],[-98.25543,30.57596],[-98.25509,30.57582],[-98.25382,30.57526],[-98.25376,30.57523],[-98.25369,30.5752],[-98.25181,30.57434],[-98.25106,30.57401],[-98.25048,30.57375],[-98.25027,30.57368],[-98.24993,30.5736],[-98.24975,30.57355],[-98.24961,30.57352],[-98.2494,30.57347],[-98.24919,30.57343],[-98.24775,30.57327],[-98.24686,30.57314],[-98.24645,30.57308],[-98.24623,30.57303],[-98.24597,30.57295],[-98.24553,30.57274],[-98.24495,30.57242],[-98.2446,30.57222],[-98.24434,30.57209],[-98.24407,30.57199],[-98.24383,30.57192],[-98.24198,30.57143],[-98.24176,30.57138],[-98.24081,30.57115],[-98.24027,30.57102],[-98.23976,30.57089],[-98.23962,30.57084],[-98.23922,30.57074],[-98.23899,30.5707],[-98.23889,30.57068],[-98.23872,30.57067],[-98.23862,30.57066],[-98.23839,30.57067],[-98.23823,30.57067],[-98.23797,30.57069],[-98.23773,30.57074],[-98.23746,30.57082],[-98.2373,30.5709],[-98.23709,30.571],[-98.23707,30.57101],[-98.23684,30.57115],[-98.23667,30.57128],[-98.23653,30.5714],[-98.23621,30.57181],[-98.23604,30.57205],[-98.23431,30.57473],[-98.2341,30.57505],[-98.23408,30.57508],[-98.2337,30.57559],[-98.23336,30.57613],[-98.23266,30.57691],[-98.2322,30.57736],[-98.23064,30.57876],[-98.2304,30.57898],[-98.2298,30.57956],[-98.22928,30.5802],[-98.22881,30.58074],[-98.22801,30.58176],[-98.22676,30.58324],[-98.22656,30.58344],[-98.22652,30.58348],[-98.22621,30.58376],[-98.22562,30.58419],[-98.22444,30.5849],[-98.22412,30.58508],[-98.22375,30.58526],[-98.22345,30.58537],[-98.22316,30.58546],[-98.22263,30.58564],[-98.22257,30.58565],[-98.22194,30.58575],[-98.22094,30.58587],[-98.2194,30.58607],[-98.21848,30.58618],[-98.2181,30.58622],[-98.21721,30.58629],[-98.21605,30.58636],[-98.21572,30.58638],[-98.21463,30.58643],[-98.21307,30.58653],[-98.21085,30.58658],[-98.20961,30.58661],[-98.20952,30.58663],[-98.2091,30.58669],[-98.20858,30.58684],[-98.20761,30.58726],[-98.20581,30.58802],[-98.20516,30.58827],[-98.20515,30.58827],[-98.20458,30.58841],[-98.20391,30.58853],[-98.20309,30.58858],[-98.2018,30.58867],[-98.20063,30.58874],[-98.19986,30.5887],[-98.19875,30.58854],[-98.19811,30.5884],[-98.19722,30.5882],[-98.19676,30.5881],[-98.19601,30.58794],[-98.19557,30.58784],[-98.19507,30.58777],[-98.19428,30.58775],[-98.19388,30.58769],[-98.19352,30.58759],[-98.19332,30.58752],[-98.19276,30.58727],[-98.19228,30.58704],[-98.19183,30.58684],[-98.19129,30.5867],[-98.19088,30.58666],[-98.19045,30.58664],[-98.19003,30.58665],[-98.18896,30.58671],[-98.18872,30.58673],[-98.18714,30.58687],[-98.18628,30.58694],[-98.18586,30.58698],[-98.1844,30.5871],[-98.18391,30.58714],[-98.18389,30.58715],[-98.18343,30.58722],[-98.18295,30.58734],[-98.18248,30.58754],[-98.18201,30.5878],[-98.18158,30.58809],[-98.1812,30.58845],[-98.18043,30.58921],[-98.1802,30.58943],[-98.17989,30.58971],[-98.17943,30.58997],[-98.17937,30.59],[-98.1789,30.5902],[-98.17844,30.59033],[-98.17813,30.59038],[-98.17781,30.59041],[-98.17751,30.59042],[-98.17712,30.59041],[-98.17677,30.59038],[-98.1764,30.5903],[-98.17608,30.59021],[-98.17576,30.59007],[-98.17553,30.58997],[-98.17539,30.58988],[-98.17508,30.5897],[-98.17477,30.58947],[-98.17459,30.58926],[-98.17449,30.58916],[-98.17423,30.58887],[-98.17398,30.58845],[-98.17377,30.58807],[-98.17376,30.58801],[-98.17365,30.58759],[-98.17357,30.5865],[-98.17354,30.58611],[-98.17351,30.58563],[-98.17349,30.58556],[-98.17346,30.5854],[-98.1734,30.58512],[-98.17274,30.58281],[-98.17272,30.58272],[-98.17267,30.58254],[-98.17265,30.58248],[-98.17237,30.58147],[-98.17236,30.58141],[-98.172,30.58012],[-98.17184,30.57973],[-98.17165,30.57935],[-98.17113,30.57869],[-98.17078,30.57825],[-98.17066,30.57811],[-98.17047,30.57787],[-98.17037,30.57774],[-98.17016,30.57748],[-98.17001,30.57728],[-98.16989,30.57709],[-98.16975,30.57681],[-98.16962,30.57645],[-98.1695,30.57602],[-98.16946,30.57574],[-98.16942,30.5754],[-98.16945,30.57518],[-98.16952,30.57488],[-98.16963,30.57454],[-98.16983,30.5741],[-98.17027,30.5734],[-98.17033,30.5733],[-98.17084,30.57251],[-98.17152,30.57145],[-98.1716,30.57132],[-98.17189,30.57087],[-98.172,30.57062],[-98.17213,30.57038],[-98.17231,30.57003],[-98.17246,30.56957],[-98.17248,30.56946],[-98.17255,30.56914],[-98.17259,30.5687],[-98.17258,30.56815],[-98.17253,30.56765],[-98.17243,30.56717],[-98.17233,30.56673],[-98.17233,30.56668],[-98.17221,30.56611],[-98.17214,30.56579],[-98.17176,30.56372],[-98.17155,30.56281],[-98.17141,30.56227],[-98.17125,30.56174],[-98.17114,30.56148],[-98.171,30.56127],[-98.17093,30.56113],[-98.17067,30.56077],[-98.17048,30.56058],[-98.17018,30.56033],[-98.16935,30.55968],[-98.16866,30.55912],[-98.16837,30.55891],[-98.1683,30.55886],[-98.16803,30.55869],[-98.16778,30.55858],[-98.16752,30.55848],[-98.16725,30.55839],[-98.16641,30.55814],[-98.16506,30.55789],[-98.16408,30.55768],[-98.16378,30.55764],[-98.16366,30.55764],[-98.16349,30.55764],[-98.16335,30.55764],[-98.16305,30.55767],[-98.16269,30.55772],[-98.1625,30.55776],[-98.16222,30.55783],[-98.16198,30.55792],[-98.16171,30.55804],[-98.16149,30.55814],[-98.1599,30.55884],[-98.15968,30.55892],[-98.15945,30.55898],[-98.15922,30.55904],[-98.15898,30.55907],[-98.15874,30.55909],[-98.15672,30.55912],[-98.15625,30.55913],[-98.15567,30.55913],[-98.15512,30.55913],[-98.15488,30.55913],[-98.15254,30.55918],[-98.1504,30.55922],[-98.14978,30.55925],[-98.14924,30.55932],[-98.14845,30.55946],[-98.14778,30.55968],[-98.14763,30.55974],[-98.14685,30.56006],[-98.14639,30.56035],[-98.14596,30.5606],[-98.14504,30.56115],[-98.14495,30.5612],[-98.14475,30.56132],[-98.14449,30.56147],[-98.14321,30.56224],[-98.14254,30.56265],[-98.14196,30.56299],[-98.14039,30.56393],[-98.13936,30.56455],[-98.13914,30.56468],[-98.13875,30.56491],[-98.13846,30.56508],[-98.13816,30.56535],[-98.13776,30.56568],[-98.13745,30.56598],[-98.1372,30.56627],[-98.13715,30.56633],[-98.13693,30.56661],[-98.13661,30.56713],[-98.13647,30.5674],[-98.13635,30.56769],[-98.13616,30.56831],[-98.13611,30.56857],[-98.13598,30.5696],[-98.13593,30.57006],[-98.13575,30.57169],[-98.13571,30.572],[-98.13563,30.57283],[-98.13547,30.57455],[-98.13542,30.57498],[-98.13537,30.57522],[-98.13532,30.57539],[-98.1353,30.57549],[-98.13526,30.57559],[-98.13524,30.57562],[-98.13519,30.57575],[-98.13502,30.57608],[-98.13491,30.57626],[-98.13474,30.57648],[-98.13467,30.57656],[-98.1342,30.57708],[-98.13381,30.57739],[-98.13287,30.5779],[-98.13259,30.57801],[-98.13241,30.57808],[-98.1322,30.57814],[-98.13187,30.57821],[-98.13177,30.57822],[-98.1317,30.57822],[-98.1315,30.57824],[-98.13135,30.57825],[-98.13117,30.57825],[-98.13107,30.57826],[-98.13075,30.57824],[-98.13059,30.57822],[-98.13051,30.57821],[-98.13046,30.5782],[-98.13028,30.57817],[-98.13012,30.57813],[-98.12999,30.57809],[-98.12974,30.57801],[-98.12965,30.57797],[-98.12947,30.57789],[-98.12936,30.57784],[-98.12909,30.57771],[-98.12883,30.57753],[-98.12874,30.57746],[-98.12825,30.57713],[-98.1279,30.57684],[-98.12708,30.57609],[-98.12708,30.57609],[-98.12688,30.57626],[-98.12644,30.57652],[-98.12618,30.57663],[-98.1256,30.57685],[-98.12551,30.57688],[-98.12386,30.57744],[-98.12369,30.57749],[-98.12358,30.57753],[-98.12241,30.57792],[-98.12219,30.578],[-98.12196,30.57808],[-98.12186,30.57812],[-98.12141,30.57828],[-98.12102,30.57843],[-98.12056,30.57864],[-98.12023,30.57881],[-98.12014,30.57885],[-98.11986,30.57902],[-98.11981,30.57905],[-98.11919,30.57945],[-98.11894,30.57961],[-98.11893,30.57962],[-98.1181,30.58015],[-98.11741,30.58062],[-98.11725,30.58073],[-98.11702,30.58087],[-98.11588,30.58149],[-98.11577,30.58156],[-98.11532,30.5818],[-98.11511,30.58191],[-98.11477,30.58209],[-98.11425,30.58238],[-98.11398,30.58255],[-98.11389,30.58261],[-98.11357,30.58288],[-98.11323,30.58322],[-98.11313,30.58335],[-98.11291,30.58368],[-98.11276,30.58402],[-98.11272,30.58412],[-98.1127,30.58417],[-98.11264,30.5844],[-98.1126,30.58455],[-98.11253,30.58507],[-98.11214,30.58744],[-98.11207,30.58788],[-98.112,30.5882],[-98.11192,30.58845],[-98.11181,30.58866],[-98.1118,30.58868],[-98.11151,30.58912],[-98.11137,30.5893],[-98.11122,30.58946],[-98.11089,30.58978],[-98.10879,30.59134],[-98.10655,30.59302],[-98.10617,30.5933],[-98.10591,30.59351],[-98.10579,30.59361],[-98.10534,30.594],[-98.10393,30.59517],[-98.10352,30.59542],[-98.10328,30.59553],[-98.10288,30.59567],[-98.10229,30.59575],[-98.10176,30.59582],[-98.10141,30.59592],[-98.10112,30.59605],[-98.10085,30.59623],[-98.10036,30.59669],[-98.09938,30.59761],[-98.09931,30.59767],[-98.09861,30.59831],[-98.09817,30.59865],[-98.0981,30.59869],[-98.09768,30.59897],[-98.09724,30.59921],[-98.09696,30.59934],[-98.09657,30.59948],[-98.09589,30.59971],[-98.09546,30.59985],[-98.09528,30.60022],[-98.09528,30.60008],[-98.09526,30.59992],[-98.09463,30.60015],[-98.09437,30.60025],[-98.09417,30.60037],[-98.09397,30.6005],[-98.09304,30.60104],[-98.09248,30.60137],[-98.09147,30.60198],[-98.09122,30.60211],[-98.09093,30.60223],[-98.0908,30.60227],[-98.09065,30.60233],[-98.09029,30.60242],[-98.0899,30.60247],[-98.08896,30.60253],[-98.08863,30.60258],[-98.08835,30.60265],[-98.08831,30.60266],[-98.08766,30.60285],[-98.08749,30.6029],[-98.08705,30.60302],[-98.08683,30.60311],[-98.08669,30.60317],[-98.08648,30.60328],[-98.08635,30.60336],[-98.08628,30.6034],[-98.08582,30.60376],[-98.08575,30.60383],[-98.08549,30.6041],[-98.08533,30.60429],[-98.08511,30.60465],[-98.08504,30.60483],[-98.08457,30.60617],[-98.08424,30.6071],[-98.08414,30.60741],[-98.08401,30.60778],[-98.08382,30.60826],[-98.08367,30.60852],[-98.08362,30.60862],[-98.08333,30.6091],[-98.0828,30.60984],[-98.08221,30.61065],[-98.08154,30.6116],[-98.08101,30.61235],[-98.08084,30.61259],[-98.08024,30.61344],[-98.07982,30.61402],[-98.07909,30.61504],[-98.07777,30.6169],[-98.07733,30.61752],[-98.07687,30.61816],[-98.07644,30.61876],[-98.07587,30.61955],[-98.07473,30.62112],[-98.0745,30.62145],[-98.07392,30.62228],[-98.07373,30.62254],[-98.07344,30.62302],[-98.07323,30.62353],[-98.07298,30.62441],[-98.07267,30.62587],[-98.07262,30.62609],[-98.07239,30.62721],[-98.07213,30.62836],[-98.07208,30.62867],[-98.07205,30.62915],[-98.07205,30.62955],[-98.07214,30.63019],[-98.07246,30.6317],[-98.07248,30.63204],[-98.07249,30.6321],[-98.07246,30.63238],[-98.07244,30.63255],[-98.07234,30.63285],[-98.07228,30.63305],[-98.07216,30.63327],[-98.07207,30.63346],[-98.07186,30.63378],[-98.07182,30.63383],[-98.07058,30.63557],[-98.0705,30.63569],[-98.07004,30.63633],[-98.06985,30.63664],[-98.06968,30.63691],[-98.06942,30.63742],[-98.06919,30.63806],[-98.06906,30.63886],[-98.06892,30.63987],[-98.0688,30.64062],[-98.06875,30.64094],[-98.06854,30.64238],[-98.06853,30.64241],[-98.06846,30.64291],[-98.06832,30.64393],[-98.06822,30.64472],[-98.06817,30.64507],[-98.06815,30.64523],[-98.06815,30.64526],[-98.06811,30.64566],[-98.06812,30.64576],[-98.06814,30.64615],[-98.0682,30.64655],[-98.06822,30.64667],[-98.06832,30.64711],[-98.06888,30.64844],[-98.06916,30.6491],[-98.06922,30.64925],[-98.06952,30.65001],[-98.06994,30.651],[-98.07046,30.65222],[-98.07114,30.65386],[-98.06461,30.65586],[-98.06262,30.65646],[-98.06053,30.65708],[-98.05973,30.65732],[-98.05936,30.65746],[-98.05898,30.65762],[-98.05836,30.65787],[-98.05528,30.65911],[-98.05431,30.65945],[-98.05372,30.65965],[-98.05005,30.66083],[-98.04981,30.66091],[-98.04915,30.66112],[-98.04357,30.6628],[-98.0432,30.66289],[-98.04283,30.66295],[-98.04254,30.66298],[-98.0397,30.66309],[-98.03957,30.6631],[-98.03577,30.66325],[-98.0354,30.66326],[-98.03506,30.66325],[-98.03475,30.66321],[-98.03442,30.66316],[-98.03416,30.6631],[-98.03391,30.66302],[-98.0336,30.66289],[-98.03348,30.66282],[-98.03328,30.6627],[-98.03293,30.66245],[-98.03274,30.66231],[-98.03034,30.66045],[-98.03019,30.66032],[-98.02805,30.65811],[-98.02787,30.65794],[-98.02766,30.65779],[-98.02735,30.65758],[-98.02714,30.65747],[-98.0268,30.65732],[-98.02649,30.65722],[-98.02611,30.65712],[-98.0236,30.65661],[-98.02186,30.65624],[-98.02066,30.65599],[-98.01977,30.65578],[-98.01945,30.65568],[-98.01754,30.655],[-98.01693,30.65478],[-98.01662,30.65471],[-98.01621,30.65466],[-98.01595,30.65464],[-98.01562,30.65464],[-98.01534,30.65467],[-98.01491,30.65473],[-98.01461,30.65482],[-98.01423,30.65492],[-98.01338,30.65519],[-98.01218,30.65556],[-98.0113,30.65583],[-98.01069,30.65602],[-98.01055,30.65606],[-98.01029,30.65612],[-98.01003,30.65617],[-98.00979,30.65619],[-98.00949,30.6562],[-98.00919,30.65619],[-98.00892,30.65617],[-98.00871,30.65613],[-98.00849,30.65609],[-98.00826,30.65603],[-98.00739,30.65576],[-98.00668,30.65556],[-98.00603,30.65536],[-98.00578,30.65528],[-98.00509,30.65507],[-98.00328,30.65452],[-98.00292,30.65443],[-98.00253,30.65437],[-98.00228,30.65435],[-98.00195,30.65433],[-98.00164,30.65433],[-98.00137,30.65435],[-98.00116,30.65437],[-98.00087,30.65443],[-97.9992,30.65474],[-97.99837,30.65489],[-97.99668,30.65521],[-97.99639,30.65524],[-97.99615,30.65527],[-97.99586,30.65526],[-97.99561,30.65526],[-97.99534,30.65522],[-97.995,30.65516],[-97.9947,30.65508],[-97.99433,30.65495],[-97.99284,30.65439],[-97.98938,30.65302],[-97.989,30.65286],[-97.98845,30.65265],[-97.98748,30.65227],[-97.9874,30.65224],[-97.98575,30.65159],[-97.98375,30.6508],[-97.98342,30.65069],[-97.98292,30.65054],[-97.98257,30.65047],[-97.98217,30.65042],[-97.98181,30.6504],[-97.98139,30.65043],[-97.98078,30.65051],[-97.9795,30.65071],[-97.9708,30.652],[-97.96818,30.65238],[-97.96747,30.6525],[-97.96726,30.65254],[-97.96709,30.65258],[-97.96664,30.65272],[-97.9665,30.65277],[-97.96626,30.65287],[-97.96598,30.65302],[-97.9657,30.65319],[-97.9654,30.65339],[-97.96507,30.65365],[-97.96498,30.6537],[-97.96417,30.65437],[-97.96395,30.65451],[-97.96367,30.6547],[-97.96035,30.65656],[-97.95989,30.65678],[-97.95949,30.65695],[-97.95911,30.65709],[-97.95847,30.65729],[-97.9571,30.6577],[-97.95657,30.65786],[-97.9541,30.65861],[-97.95082,30.65958],[-97.94874,30.66021],[-97.94841,30.6603],[-97.94809,30.66037],[-97.94755,30.66045],[-97.9474,30.66047],[-97.94725,30.66048],[-97.94718,30.66047],[-97.94687,30.66047],[-97.94619,30.66044],[-97.94566,30.66041],[-97.94518,30.66038],[-97.94495,30.66036],[-97.94382,30.6603],[-97.94353,30.6603],[-97.9428,30.66026],[-97.94224,30.66023],[-97.94187,30.66021],[-97.94141,30.66018],[-97.94119,30.66015],[-97.93992,30.65996],[-97.93964,30.65994],[-97.93929,30.65993],[-97.93888,30.65997],[-97.93826,30.66005],[-97.93754,30.66014],[-97.93677,30.66024],[-97.93636,30.66029],[-97.93589,30.66037],[-97.93511,30.66061],[-97.93487,30.66069],[-97.93378,30.66105],[-97.93343,30.66118],[-97.93328,30.66125],[-97.933,30.66137],[-97.93265,30.66153],[-97.93207,30.66179],[-97.93189,30.66188],[-97.93177,30.66193],[-97.93167,30.66196],[-97.93159,30.662],[-97.93116,30.66214],[-97.93086,30.66222],[-97.9306,30.66229],[-97.93015,30.66241],[-97.92959,30.66256],[-97.92879,30.66275],[-97.9281,30.66297],[-97.92791,30.66305],[-97.92785,30.66308],[-97.92682,30.66353],[-97.92644,30.66369],[-97.92634,30.66373],[-97.92593,30.66387],[-97.92543,30.66403],[-97.92463,30.66428],[-97.92434,30.66438],[-97.92411,30.66445],[-97.92376,30.66455],[-97.92325,30.66471],[-97.92273,30.6649],[-97.92244,30.66449],[-97.92227,30.6643],[-97.92199,30.664],[-97.92192,30.66393],[-97.92182,30.66381],[-97.92173,30.66373],[-97.92168,30.66368],[-97.92155,30.66356],[-97.92145,30.66349],[-97.92142,30.66345],[-97.92137,30.66339],[-97.92136,30.66334],[-97.92136,30.66333],[-97.92134,30.6633],[-97.9213,30.66327],[-97.92126,30.66324],[-97.9212,30.66324],[-97.92114,30.66325],[-97.92109,30.66327],[-97.92108,30.66329],[-97.92106,30.66331],[-97.92099,30.66333],[-97.92077,30.66334],[-97.92069,30.66338],[-97.92058,30.66339],[-97.92032,30.66342],[-97.91925,30.66356],[-97.91902,30.6636],[-97.91884,30.66362],[-97.91831,30.6637],[-97.91691,30.66391],[-97.91626,30.66401],[-97.91557,30.66409],[-97.91541,30.6641],[-97.91506,30.66411],[-97.91493,30.66412],[-97.91463,30.66415],[-97.9145,30.66416],[-97.91428,30.66423],[-97.91413,30.66433],[-97.91404,30.66443],[-97.91388,30.66457],[-97.91378,30.66463],[-97.91359,30.66471],[-97.91133,30.6654],[-97.91123,30.66542],[-97.91101,30.66549],[-97.91077,30.66557],[-97.9107,30.66559],[-97.91066,30.6656],[-97.91034,30.66569],[-97.91028,30.6657],[-97.9101,30.66574],[-97.90991,30.66575],[-97.90974,30.66574],[-97.90961,30.66572],[-97.90937,30.66567],[-97.90935,30.66567],[-97.90923,30.66564],[-97.90905,30.66561],[-97.90868,30.66553],[-97.90814,30.66542],[-97.90805,30.6654],[-97.90772,30.66531],[-97.90762,30.66529],[-97.9072,30.66518],[-97.9068,30.6651],[-97.9067,30.66509],[-97.90661,30.66511],[-97.90655,30.66515],[-97.90634,30.66544],[-97.90614,30.66534],[-97.90567,30.6651],[-97.90526,30.66489],[-97.90512,30.66483],[-97.90446,30.66452],[-97.90272,30.66372],[-97.90217,30.66348],[-97.90146,30.66314],[-97.90111,30.66299],[-97.90089,30.6629],[-97.90057,30.66276],[-97.90005,30.66254],[-97.89885,30.66204],[-97.89853,30.6619],[-97.898,30.66167],[-97.8978,30.66159],[-97.89749,30.66146],[-97.89714,30.66132],[-97.89689,30.66122],[-97.8968,30.66118],[-97.89629,30.66097],[-97.89618,30.66093],[-97.89558,30.66069],[-97.89533,30.66059],[-97.89524,30.66055],[-97.89522,30.66054],[-97.89473,30.66034],[-97.89433,30.66019],[-97.89388,30.66004],[-97.89297,30.65968],[-97.89142,30.65905],[-97.89094,30.65886],[-97.89089,30.65884],[-97.89086,30.65883],[-97.89038,30.65864],[-97.89004,30.65851],[-97.88956,30.65833],[-97.8895,30.6583],[-97.88936,30.65825],[-97.88873,30.65801],[-97.88865,30.65799],[-97.88806,30.65778],[-97.88727,30.65751],[-97.8869,30.65738],[-97.88651,30.65724],[-97.88495,30.65671],[-97.88417,30.65643],[-97.88271,30.65591],[-97.8822,30.65573],[-97.88138,30.65545],[-97.87976,30.65489],[-97.87894,30.65458],[-97.87838,30.65437],[-97.87752,30.65405],[-97.87737,30.65399],[-97.87665,30.65373],[-97.8764,30.65309],[-97.8761,30.65236],[-97.87577,30.65154],[-97.87569,30.65135],[-97.87524,30.65029],[-97.87493,30.64955],[-97.8743,30.64804],[-97.87277,30.64437],[-97.87262,30.64401],[-97.87254,30.64381],[-97.87239,30.64346],[-97.87224,30.64311],[-97.87202,30.64266],[-97.8714,30.64149],[-97.87022,30.63964],[-97.86989,30.63914],[-97.86951,30.63857],[-97.8691,30.63784],[-97.86882,30.63735],[-97.86852,30.63671],[-97.86812,30.63582],[-97.8681,30.63578],[-97.86732,30.63383],[-97.86725,30.63369],[-97.86699,30.63308],[-97.86669,30.63235],[-97.86641,30.63167],[-97.86572,30.63001],[-97.86549,30.62952],[-97.86529,30.629],[-97.86516,30.62868],[-97.86514,30.62862],[-97.86507,30.62847],[-97.86485,30.62795],[-97.8648,30.62785],[-97.8645,30.62711],[-97.86429,30.6267],[-97.86395,30.62602],[-97.86354,30.62523],[-97.86347,30.62511],[-97.86311,30.62439],[-97.86291,30.62399],[-97.86279,30.62375],[-97.86274,30.62367],[-97.86242,30.62303],[-97.86167,30.62152],[-97.86106,30.62035],[-97.86068,30.61955],[-97.86053,30.61917],[-97.86043,30.61883],[-97.86039,30.61868],[-97.86031,30.61836],[-97.86024,30.61796],[-97.86019,30.61749],[-97.86019,30.61702],[-97.86022,30.61653],[-97.86028,30.6161],[-97.86088,30.6126],[-97.86111,30.61125],[-97.86118,30.61074],[-97.86123,30.61034],[-97.86123,30.61029],[-97.86126,30.60985],[-97.86128,30.60934],[-97.86128,30.60892],[-97.86127,30.60857],[-97.86123,30.60801],[-97.86119,30.6075],[-97.86115,30.60723],[-97.86101,30.60633],[-97.86087,30.6058],[-97.86084,30.60567],[-97.86078,30.60544],[-97.86112,30.60535],[-97.86117,30.60533],[-97.86125,30.60529],[-97.86138,30.6052],[-97.86145,30.60515],[-97.8615,30.6051],[-97.86159,30.60498],[-97.86161,30.60495],[-97.86164,30.60489],[-97.86167,30.60482],[-97.86169,30.60476],[-97.86171,30.60472],[-97.86172,30.60465],[-97.86173,30.60444],[-97.86173,30.60437],[-97.86171,30.6043],[-97.86168,30.60419],[-97.86164,30.60406],[-97.86157,30.60387],[-97.8615,30.60368],[-97.86141,30.60347],[-97.8613,30.60326],[-97.86128,30.60322],[-97.86121,30.60301],[-97.86112,30.6027],[-97.86111,30.60264],[-97.86102,30.60226],[-97.86101,30.602],[-97.86101,30.60196],[-97.86103,30.60157],[-97.86104,30.60154],[-97.86113,30.60113],[-97.86126,30.60078],[-97.86127,30.60076],[-97.86155,30.60026],[-97.86171,30.59995],[-97.86181,30.59973],[-97.86187,30.59959],[-97.86191,30.59948],[-97.86194,30.59937],[-97.86197,30.59926],[-97.86199,30.59916],[-97.86201,30.59905],[-97.86203,30.59893],[-97.86204,30.5988],[-97.86204,30.59866],[-97.86205,30.59852],[-97.86204,30.5984],[-97.86203,30.5983],[-97.86202,30.59817],[-97.862,30.59807],[-97.86197,30.59796],[-97.86194,30.59784],[-97.86187,30.59765],[-97.86183,30.59755],[-97.86177,30.59741],[-97.86171,30.59728],[-97.86163,30.59714],[-97.86154,30.597],[-97.86142,30.59683],[-97.86127,30.59665],[-97.86113,30.59649],[-97.86076,30.59608],[-97.86066,30.59596],[-97.86056,30.59583],[-97.86046,30.59569],[-97.86038,30.59556],[-97.8603,30.59543],[-97.8602,30.59526],[-97.86014,30.59514],[-97.86007,30.59499],[-97.85992,30.59462],[-97.85954,30.59374],[-97.85912,30.5927],[-97.85886,30.59205],[-97.85865,30.59155],[-97.85805,30.59012],[-97.85791,30.58976],[-97.85779,30.58948],[-97.85747,30.58871],[-97.85734,30.58839],[-97.85724,30.58815],[-97.85717,30.58799],[-97.85703,30.58769],[-97.8569,30.58746],[-97.85685,30.58737],[-97.85664,30.58702],[-97.8564,30.58666],[-97.85622,30.58642],[-97.85596,30.58602],[-97.85583,30.5858],[-97.85573,30.58558],[-97.85561,30.58531],[-97.85541,30.58482],[-97.85517,30.58421],[-97.855,30.58379],[-97.85475,30.58319],[-97.85469,30.58305]]}},{"type":"Feature","properties":{"route":"North Gabriel River Sweep","category":"Savannah & Prairie Sweeps","color":"#27ae60","waypoints":["TX 29 @ CR 200","North Gabriel River","Liberty Hill","US 183"],"via":"TX 29 @ CR 200 -> CR 200 -> CR 201 -> CR 214 -> RM 243 -> CR 210 -> US 183","distance_mi":22.1,"source":"road-snapped","id":"north-gabriel-river-sweep"},"geometry":{"type":"LineString","coordinates":[[-97.93201,30.67492],[-97.93217,30.67552],[-97.93234,30.67631],[-97.93237,30.67652],[-97.93277,30.67803],[-97.93344,30.6803],[-97.93354,30.68067],[-97.93369,30.68117],[-97.93381,30.68158],[-97.93394,30.682],[-97.9341,30.68247],[-97.93449,30.6833],[-97.93496,30.68448],[-97.93611,30.68717],[-97.93639,30.68781],[-97.93647,30.68805],[-97.93657,30.68838],[-97.93661,30.68855],[-97.9366,30.6887],[-97.93655,30.68893],[-97.93645,30.68926],[-97.93639,30.68942],[-97.93631,30.68963],[-97.93689,30.68988],[-97.93711,30.68999],[-97.93729,30.69008],[-97.9377,30.69029],[-97.93791,30.69036],[-97.93807,30.69037],[-97.93824,30.69035],[-97.93852,30.69025],[-97.939,30.69009],[-97.93919,30.69002],[-97.93954,30.68993],[-97.93972,30.68991],[-97.93985,30.68991],[-97.94009,30.68995],[-97.94019,30.68998],[-97.94027,30.69003],[-97.94055,30.69026],[-97.94081,30.6905],[-97.94092,30.69062],[-97.94103,30.69082],[-97.94136,30.69155],[-97.94193,30.69293],[-97.94224,30.69366],[-97.94225,30.69369],[-97.94237,30.69398],[-97.94239,30.69404],[-97.94312,30.69576],[-97.94315,30.69584],[-97.94332,30.69626],[-97.94334,30.6963],[-97.94356,30.69685],[-97.94366,30.6971],[-97.94371,30.69722],[-97.94385,30.69756],[-97.94439,30.69887],[-97.94448,30.69909],[-97.9445,30.69912],[-97.94455,30.69925],[-97.94459,30.69934],[-97.94483,30.69993],[-97.94495,30.70024],[-97.94497,30.70028],[-97.945,30.70034],[-97.94511,30.70055],[-97.94526,30.70081],[-97.94533,30.7009],[-97.94536,30.70095],[-97.94567,30.70133],[-97.94589,30.7016],[-97.94592,30.70163],[-97.94597,30.70169],[-97.94684,30.70274],[-97.94705,30.703],[-97.94764,30.70373],[-97.94803,30.70422],[-97.94855,30.70486],[-97.94875,30.70514],[-97.94911,30.70563],[-97.94959,30.70625],[-97.94974,30.70643],[-97.94992,30.70665],[-97.95045,30.70718],[-97.95046,30.70719],[-97.95076,30.70752],[-97.95103,30.70781],[-97.95128,30.70811],[-97.95134,30.7082],[-97.95142,30.70828],[-97.95156,30.70845],[-97.95229,30.70932],[-97.95244,30.70946],[-97.95265,30.70956],[-97.95285,30.70966],[-97.95307,30.70973],[-97.95368,30.70996],[-97.95473,30.71033],[-97.95577,30.7107],[-97.95651,30.71097],[-97.95682,30.71104],[-97.95753,30.71123],[-97.95797,30.71132],[-97.95839,30.7114],[-97.95849,30.71143],[-97.95871,30.71147],[-97.95888,30.71151],[-97.95909,30.71157],[-97.95936,30.71172],[-97.95968,30.71199],[-97.96053,30.71281],[-97.96085,30.71312],[-97.96103,30.71325],[-97.96107,30.71328],[-97.96138,30.71345],[-97.96165,30.71355],[-97.96203,30.7137],[-97.96254,30.71391],[-97.96277,30.71404],[-97.96278,30.71405],[-97.96288,30.71411],[-97.96303,30.71428],[-97.96314,30.71442],[-97.96355,30.71514],[-97.96367,30.71533],[-97.96393,30.71576],[-97.9645,30.71674],[-97.96501,30.71759],[-97.96543,30.71835],[-97.96568,30.71883],[-97.96614,30.71971],[-97.96635,30.72016],[-97.96643,30.72031],[-97.96655,30.72051],[-97.96685,30.72093],[-97.96693,30.72106],[-97.96797,30.72262],[-97.96879,30.72383],[-97.96931,30.7246],[-97.96959,30.72502],[-97.96986,30.72542],[-97.97023,30.72598],[-97.97031,30.7261],[-97.97094,30.72705],[-97.97176,30.7283],[-97.97223,30.72901],[-97.97232,30.72911],[-97.97241,30.72917],[-97.97258,30.72925],[-97.97351,30.72947],[-97.97381,30.72955],[-97.9741,30.72966],[-97.97446,30.72983],[-97.97507,30.73029],[-97.97509,30.73031],[-97.97572,30.7308],[-97.97628,30.7313],[-97.97651,30.73151],[-97.97695,30.73194],[-97.97697,30.73196],[-97.97705,30.73204],[-97.97713,30.73211],[-97.97732,30.7323],[-97.97734,30.73232],[-97.97761,30.73252],[-97.97782,30.73267],[-97.97811,30.73289],[-97.97832,30.73306],[-97.97837,30.73309],[-97.97845,30.73315],[-97.97851,30.73323],[-97.97857,30.73331],[-97.97859,30.73336],[-97.97882,30.734],[-97.97912,30.73474],[-97.97922,30.73491],[-97.9795,30.73542],[-97.97952,30.73546],[-97.97975,30.73591],[-97.98014,30.73683],[-97.98027,30.73703],[-97.98042,30.73722],[-97.98057,30.73735],[-97.9808,30.7375],[-97.98099,30.73761],[-97.98142,30.73783],[-97.98158,30.73793],[-97.98168,30.73799],[-97.98176,30.73806],[-97.98182,30.73815],[-97.98188,30.73823],[-97.98194,30.73831],[-97.98202,30.73848],[-97.98212,30.73867],[-97.98224,30.73885],[-97.98227,30.73888],[-97.98238,30.73903],[-97.98257,30.73926],[-97.98271,30.73941],[-97.98289,30.73963],[-97.983,30.73975],[-97.9838,30.74055],[-97.9845,30.74125],[-97.98456,30.74131],[-97.98474,30.74149],[-97.98504,30.7418],[-97.98537,30.74213],[-97.9855,30.74225],[-97.98565,30.74235],[-97.98574,30.74242],[-97.98584,30.74249],[-97.98602,30.74261],[-97.98651,30.74292],[-97.98714,30.74334],[-97.98768,30.7437],[-97.98819,30.74403],[-97.98938,30.74482],[-97.98957,30.74496],[-97.98967,30.74506],[-97.98975,30.74517],[-97.99005,30.74581],[-97.99049,30.74674],[-97.99076,30.74728],[-97.99083,30.74739],[-97.99095,30.74761],[-97.99169,30.74862],[-97.99179,30.74877],[-97.99203,30.74904],[-97.99234,30.74936],[-97.99483,30.75176],[-97.99608,30.75296],[-97.99646,30.75332],[-97.99742,30.75422],[-97.99796,30.75472],[-97.99825,30.75499],[-98.0001,30.75665],[-98.00019,30.75673],[-98.00025,30.75679],[-98.00069,30.75718],[-98.00118,30.75762],[-98.00164,30.75804],[-98.00258,30.75887],[-98.00263,30.75892],[-98.00333,30.75954],[-98.00341,30.75962],[-98.00352,30.75971],[-98.00393,30.76009],[-98.00405,30.76018],[-98.00422,30.76035],[-98.00426,30.76038],[-98.0044,30.76051],[-98.00445,30.76056],[-98.00507,30.76111],[-98.00535,30.76136],[-98.00545,30.76145],[-98.00552,30.7615],[-98.00576,30.76166],[-98.00582,30.7617],[-98.00605,30.76184],[-98.00616,30.76191],[-98.00629,30.76199],[-98.00678,30.76228],[-98.00732,30.76262],[-98.00735,30.76264],[-98.00741,30.76268],[-98.00751,30.76275],[-98.00764,30.76283],[-98.00784,30.76297],[-98.00797,30.76305],[-98.00798,30.76305],[-98.00817,30.76317],[-98.00831,30.76326],[-98.00857,30.76343],[-98.00878,30.76356],[-98.00884,30.76359],[-98.00895,30.76366],[-98.00929,30.76388],[-98.00964,30.76409],[-98.00999,30.76431],[-98.01001,30.76432],[-98.01005,30.76434],[-98.01057,30.76467],[-98.0107,30.76475],[-98.01079,30.7648],[-98.0109,30.76487],[-98.01132,30.76508],[-98.01168,30.76526],[-98.01179,30.76531],[-98.01206,30.76544],[-98.01224,30.76553],[-98.01229,30.76555],[-98.01244,30.76563],[-98.01246,30.76564],[-98.01319,30.76599],[-98.01329,30.76604],[-98.01335,30.76607],[-98.01357,30.76619],[-98.01362,30.76621],[-98.01366,30.76623],[-98.01427,30.76653],[-98.01548,30.76712],[-98.0156,30.76717],[-98.01696,30.7678],[-98.01739,30.76806],[-98.01493,30.76897],[-98.01366,30.76952],[-98.01305,30.76985],[-98.01174,30.77056],[-98.0116,30.77062],[-98.01065,30.77101],[-98.01026,30.77117],[-98.00991,30.77131],[-98.00861,30.77185],[-98.00593,30.77294],[-98.00343,30.77398],[-98.00304,30.77414],[-98.00116,30.7749],[-97.99993,30.77541],[-97.99891,30.77582],[-97.99682,30.77664],[-97.9961,30.77692],[-97.99398,30.77777],[-97.99396,30.77778],[-97.99301,30.77822],[-97.9926,30.77846],[-97.99247,30.7786],[-97.99238,30.77868],[-97.99152,30.77959],[-97.99023,30.78093],[-97.98986,30.78131],[-97.98976,30.78141],[-97.9893,30.78184],[-97.98923,30.7819],[-97.9886,30.78239],[-97.98851,30.78246],[-97.98843,30.78251],[-97.98825,30.78262],[-97.98813,30.78269],[-97.98806,30.78274],[-97.97859,30.78815],[-97.97701,30.78904],[-97.97541,30.78995],[-97.9734,30.79108],[-97.97238,30.79166],[-97.97186,30.79196],[-97.97051,30.79273],[-97.96906,30.79356],[-97.96887,30.79367],[-97.96873,30.79375],[-97.9684,30.79395],[-97.96763,30.79439],[-97.96739,30.79451],[-97.96725,30.79459],[-97.96686,30.79477],[-97.96634,30.79498],[-97.96586,30.79516],[-97.96572,30.79521],[-97.96431,30.79567],[-97.96401,30.79585],[-97.96379,30.79605],[-97.9636,30.7963],[-97.96349,30.79654],[-97.96341,30.79684],[-97.96334,30.79725],[-97.96342,30.79744],[-97.96368,30.79807],[-97.96388,30.79844],[-97.96393,30.79854],[-97.96434,30.79918],[-97.96506,30.80022],[-97.96507,30.80024],[-97.9651,30.80028],[-97.96563,30.80113],[-97.96604,30.80213],[-97.96609,30.80225],[-97.96637,30.80284],[-97.96728,30.80501],[-97.96736,30.80519],[-97.96763,30.8058],[-97.96776,30.80633],[-97.9678,30.80696],[-97.96775,30.80769],[-97.96769,30.80835],[-97.96757,30.80873],[-97.96716,30.80968],[-97.96706,30.81006],[-97.96703,30.81044],[-97.96702,30.81108],[-97.96702,30.81123],[-97.96702,30.81125],[-97.96698,30.81183],[-97.96683,30.81247],[-97.96655,30.81314],[-97.96607,30.81378],[-97.9657,30.81424],[-97.96531,30.81473],[-97.96264,30.81807],[-97.96233,30.81842],[-97.96198,30.81867],[-97.9618,30.81884],[-97.96128,30.81908],[-97.96031,30.81942],[-97.95951,30.81963],[-97.9592,30.81967],[-97.95876,30.81972],[-97.95741,30.81977],[-97.95726,30.81977],[-97.95703,30.81977],[-97.95598,30.81983],[-97.95547,30.81977],[-97.9551,30.81969],[-97.95453,30.81939],[-97.95405,30.81918],[-97.95373,30.8191],[-97.95357,30.81905],[-97.95351,30.81905],[-97.9532,30.81904],[-97.95303,30.81903],[-97.95291,30.81902],[-97.95255,30.81906],[-97.95067,30.81928],[-97.95008,30.81935],[-97.94963,30.81939],[-97.94932,30.81935],[-97.94921,30.81934],[-97.94894,30.81925],[-97.94791,30.8189],[-97.94679,30.81855],[-97.94639,30.81847],[-97.94579,30.81836],[-97.94407,30.81806],[-97.94324,30.81797],[-97.94264,30.81797],[-97.9426,30.81797],[-97.94187,30.81812],[-97.93984,30.81868],[-97.93921,30.81885],[-97.93838,30.81908],[-97.93735,30.81939],[-97.93672,30.81965],[-97.93617,30.81997],[-97.93542,30.82054],[-97.93481,30.82093],[-97.93471,30.82099],[-97.93451,30.82108],[-97.93419,30.82119],[-97.93403,30.82123],[-97.93324,30.82144],[-97.9324,30.82166],[-97.93178,30.82184],[-97.92951,30.82256],[-97.92806,30.82304],[-97.92781,30.82316],[-97.92761,30.82326],[-97.92733,30.8235],[-97.9271,30.82379],[-97.92703,30.82397],[-97.92693,30.82426],[-97.92691,30.82459],[-97.92699,30.825],[-97.92751,30.82639],[-97.92853,30.82909],[-97.92856,30.82925],[-97.92857,30.82952],[-97.92851,30.82975],[-97.92841,30.83],[-97.92832,30.83019],[-97.92822,30.83033],[-97.92802,30.83054],[-97.92763,30.83077],[-97.92745,30.83085],[-97.9212,30.83259],[-97.92035,30.83283],[-97.91767,30.83359],[-97.91491,30.83438],[-97.91289,30.83495],[-97.91242,30.8351],[-97.91201,30.83527],[-97.91166,30.83542],[-97.9115,30.83548],[-97.91132,30.83556],[-97.9106,30.83585],[-97.91014,30.83603],[-97.90822,30.83665],[-97.90673,30.8371],[-97.90419,30.83788],[-97.90297,30.83824],[-97.90317,30.83876],[-97.90319,30.83879],[-97.90366,30.83991],[-97.90432,30.84141],[-97.90442,30.84172],[-97.90488,30.84322],[-97.90511,30.84401],[-97.90515,30.84417],[-97.90605,30.847],[-97.90648,30.84809],[-97.9066,30.84839],[-97.9072,30.84986],[-97.90789,30.85155],[-97.9085,30.85287],[-97.91035,30.85743],[-97.91164,30.86046],[-97.91177,30.86075],[-97.91427,30.86645],[-97.91439,30.86673],[-97.91515,30.86849],[-97.91828,30.87627],[-97.91995,30.88023],[-97.92009,30.88055],[-97.92038,30.88125],[-97.92078,30.88218],[-97.92092,30.8825],[-97.921,30.88266],[-97.92107,30.88278],[-97.92113,30.8829],[-97.9213,30.88318],[-97.92142,30.88335],[-97.92155,30.88351],[-97.92168,30.88368],[-97.92183,30.88384],[-97.92202,30.88403],[-97.9222,30.88419],[-97.92239,30.88436],[-97.92257,30.88451],[-97.92275,30.88464],[-97.92298,30.88479],[-97.92312,30.88488],[-97.92318,30.88492],[-97.92339,30.88504],[-97.92445,30.88564],[-97.92493,30.88591],[-97.92593,30.88646],[-97.92645,30.88674],[-97.92739,30.88728],[-97.92739,30.8873]]}},{"type":"Feature","properties":{"route":"Oakalla & Berry Creek Valley Run","category":"Savannah & Prairie Sweeps","color":"#27ae60","waypoints":["US 183","Oakalla","Berry Creek Valley","Burnet"],"via":"US 183 -> FM 963 North to Oakalla -> FM 963 West through Berry Creek Valley -> Burnet","distance_mi":35.5,"source":"road-snapped","id":"oakalla-berry-creek-valley-run"},"geometry":{"type":"LineString","coordinates":[[-97.92739,30.8873],[-97.9274,30.88745],[-97.9274,30.88754],[-97.92744,30.88763],[-97.92799,30.88902],[-97.92744,30.88919],[-97.92674,30.88941],[-97.92556,30.8898],[-97.92543,30.88984],[-97.92528,30.88988],[-97.92516,30.88992],[-97.92508,30.88996],[-97.92482,30.89003],[-97.92289,30.89064],[-97.92179,30.89097],[-97.92101,30.89122],[-97.92045,30.8914],[-97.91985,30.89159],[-97.91953,30.89169],[-97.91827,30.89207],[-97.9169,30.8925],[-97.91533,30.89298],[-97.91403,30.89339],[-97.91294,30.89373],[-97.91264,30.89382],[-97.91245,30.89389],[-97.91175,30.8941],[-97.91108,30.89431],[-97.91072,30.89442],[-97.9103,30.89455],[-97.91013,30.8946],[-97.909,30.89495],[-97.90783,30.89531],[-97.90733,30.89546],[-97.90648,30.89572],[-97.9059,30.8959],[-97.90501,30.89619],[-97.90414,30.89644],[-97.90387,30.89654],[-97.90359,30.89667],[-97.90334,30.89681],[-97.9031,30.89697],[-97.90286,30.89713],[-97.90269,30.8973],[-97.90251,30.89748],[-97.90244,30.89761],[-97.90233,30.89776],[-97.90218,30.89799],[-97.90202,30.89832],[-97.90186,30.89872],[-97.90173,30.89908],[-97.90145,30.89985],[-97.90065,30.90202],[-97.90052,30.90242],[-97.90041,30.90279],[-97.90034,30.90319],[-97.90028,30.90357],[-97.90027,30.90376],[-97.90021,30.90476],[-97.90021,30.90487],[-97.90012,30.90677],[-97.90004,30.90789],[-97.89999,30.90897],[-97.89997,30.9093],[-97.89993,30.90955],[-97.89988,30.90979],[-97.89981,30.91002],[-97.89972,30.91024],[-97.89956,30.91054],[-97.89937,30.91082],[-97.89918,30.91104],[-97.89901,30.9112],[-97.89871,30.91145],[-97.8978,30.91213],[-97.8973,30.91252],[-97.8971,30.91267],[-97.8968,30.91291],[-97.89659,30.91308],[-97.89639,30.91328],[-97.89624,30.91343],[-97.89614,30.91358],[-97.89602,30.91375],[-97.89592,30.91393],[-97.89583,30.91411],[-97.89575,30.91434],[-97.89567,30.91461],[-97.89562,30.91488],[-97.89561,30.91506],[-97.8956,30.91531],[-97.89561,30.91552],[-97.89564,30.91575],[-97.89567,30.91589],[-97.89575,30.91611],[-97.89581,30.9163],[-97.89585,30.91637],[-97.89661,30.91816],[-97.89667,30.9183],[-97.89749,30.92013],[-97.89766,30.92049],[-97.89857,30.92261],[-97.8998,30.92543],[-97.90031,30.92661],[-97.90034,30.92668],[-97.90112,30.92849],[-97.9014,30.92914],[-97.90145,30.92927],[-97.90167,30.92976],[-97.9022,30.93104],[-97.90258,30.93189],[-97.90286,30.93256],[-97.90544,30.93887],[-97.90581,30.9397],[-97.90591,30.94],[-97.90597,30.94024],[-97.906,30.94059],[-97.90601,30.94078],[-97.90601,30.94088],[-97.90601,30.94091],[-97.90599,30.94124],[-97.90591,30.94163],[-97.90574,30.942],[-97.90554,30.94235],[-97.90529,30.94265],[-97.90494,30.94301],[-97.90446,30.94339],[-97.90427,30.94348],[-97.904,30.94361],[-97.90274,30.94405],[-97.90267,30.94407],[-97.90242,30.94415],[-97.90161,30.9444],[-97.90157,30.94441],[-97.90012,30.94486],[-97.89932,30.94513],[-97.89888,30.94527],[-97.89813,30.94552],[-97.89788,30.94561],[-97.89771,30.94568],[-97.8975,30.9458],[-97.89719,30.946],[-97.89717,30.946],[-97.89696,30.94619],[-97.89689,30.94625],[-97.89671,30.9464],[-97.89644,30.94672],[-97.89626,30.94702],[-97.89603,30.9475],[-97.89591,30.94795],[-97.89587,30.9483],[-97.89587,30.94864],[-97.89589,30.94893],[-97.89597,30.94925],[-97.89608,30.94955],[-97.89629,30.95008],[-97.89781,30.95362],[-97.89874,30.95583],[-97.89916,30.95683],[-97.89922,30.95695],[-97.89936,30.95723],[-97.89955,30.95755],[-97.89986,30.95793],[-97.90032,30.9584],[-97.90082,30.95882],[-97.90125,30.9591],[-97.90132,30.95915],[-97.90136,30.95917],[-97.90309,30.96015],[-97.90341,30.96034],[-97.90371,30.96053],[-97.90399,30.96072],[-97.90428,30.96094],[-97.90449,30.96112],[-97.90473,30.96136],[-97.90499,30.96163],[-97.90522,30.96194],[-97.9054,30.9622],[-97.90563,30.96256],[-97.90605,30.96327],[-97.90689,30.96463],[-97.90743,30.96554],[-97.90755,30.96576],[-97.9079,30.96634],[-97.90814,30.96673],[-97.90868,30.96763],[-97.90919,30.9685],[-97.90975,30.9693],[-97.91056,30.97032],[-97.91105,30.97083],[-97.91214,30.97191],[-97.91345,30.97321],[-97.91378,30.97352],[-97.9144,30.97414],[-97.91569,30.9754],[-97.91575,30.97546],[-97.91579,30.9755],[-97.91588,30.97559],[-97.91765,30.97733],[-97.91815,30.97789],[-97.91844,30.97835],[-97.9188,30.97894],[-97.91922,30.97973],[-97.91945,30.98015],[-97.91946,30.98016],[-97.91969,30.98066],[-97.9197,30.98068],[-97.91989,30.98128],[-97.92,30.98126],[-97.92011,30.98125],[-97.9202,30.98126],[-97.92028,30.98129],[-97.9204,30.9814],[-97.92047,30.98153],[-97.92058,30.98173],[-97.92059,30.98175],[-97.92089,30.98243],[-97.92099,30.98265],[-97.92108,30.98285],[-97.92122,30.98319],[-97.92133,30.98337],[-97.92149,30.98355],[-97.9216,30.98364],[-97.92181,30.9838],[-97.92203,30.98398],[-97.92222,30.9842],[-97.92233,30.98435],[-97.92249,30.98462],[-97.92283,30.98515],[-97.92304,30.98544],[-97.92334,30.98582],[-97.92343,30.98592],[-97.92364,30.98614],[-97.9237,30.9862],[-97.92378,30.98627],[-97.92391,30.98636],[-97.92408,30.98643],[-97.92415,30.98645],[-97.92419,30.98645],[-97.9243,30.98647],[-97.92446,30.98647],[-97.92459,30.98647],[-97.9247,30.98646],[-97.92487,30.98643],[-97.92502,30.9864],[-97.92516,30.98636],[-97.92524,30.98634],[-97.92538,30.98628],[-97.92552,30.98623],[-97.92564,30.98617],[-97.92616,30.98583],[-97.92644,30.98564],[-97.92717,30.98514],[-97.92742,30.98498],[-97.9293,30.98371],[-97.92952,30.98355],[-97.92975,30.98333],[-97.92987,30.98322],[-97.9306,30.98243],[-97.93084,30.98221],[-97.93128,30.98186],[-97.93233,30.98112],[-97.93265,30.98086],[-97.9328,30.98073],[-97.93294,30.9806],[-97.9331,30.9804],[-97.9332,30.98025],[-97.93333,30.98],[-97.9334,30.97984],[-97.93382,30.97866],[-97.93418,30.97769],[-97.9343,30.97742],[-97.93438,30.97728],[-97.93454,30.97702],[-97.9347,30.97678],[-97.93493,30.97652],[-97.93543,30.97601],[-97.93557,30.97587],[-97.93609,30.97538],[-97.93622,30.97525],[-97.93641,30.97509],[-97.93669,30.97493],[-97.93698,30.97478],[-97.93724,30.97467],[-97.9375,30.97459],[-97.93781,30.97452],[-97.93842,30.97443],[-97.93984,30.9742],[-97.94015,30.97415],[-97.94197,30.97386],[-97.944,30.97354],[-97.946,30.97322],[-97.94634,30.97311],[-97.94653,30.97305],[-97.94683,30.97292],[-97.94706,30.97278],[-97.94712,30.97275],[-97.94726,30.97266],[-97.94803,30.97212],[-97.94858,30.97174],[-97.94887,30.97152],[-97.94938,30.97112],[-97.94966,30.97087],[-97.9499,30.9706],[-97.95009,30.97038],[-97.95027,30.97013],[-97.95064,30.96963],[-97.95193,30.96793],[-97.95226,30.96749],[-97.95298,30.96654],[-97.95364,30.96569],[-97.95435,30.96474],[-97.95439,30.96468],[-97.95527,30.96353],[-97.95613,30.96238],[-97.95615,30.96235],[-97.95626,30.96223],[-97.95628,30.9622],[-97.95644,30.96203],[-97.95651,30.96198],[-97.95659,30.96192],[-97.95673,30.96183],[-97.9569,30.96173],[-97.9571,30.96164],[-97.95802,30.96116],[-97.95833,30.96103],[-97.95843,30.96097],[-97.95852,30.9609],[-97.95866,30.96077],[-97.95869,30.96074],[-97.95879,30.96063],[-97.95891,30.9604],[-97.959,30.96009],[-97.95902,30.95984],[-97.95903,30.95966],[-97.95901,30.95923],[-97.959,30.95848],[-97.95905,30.95817],[-97.95908,30.95805],[-97.95917,30.95786],[-97.95931,30.95766],[-97.95948,30.95749],[-97.95964,30.95736],[-97.96054,30.95687],[-97.96097,30.95662],[-97.9618,30.95605],[-97.96229,30.95573],[-97.96243,30.95564],[-97.96256,30.95555],[-97.96272,30.95541],[-97.96286,30.95522],[-97.96298,30.95496],[-97.963,30.9549],[-97.96305,30.95468],[-97.96306,30.95442],[-97.96295,30.95393],[-97.96267,30.95283],[-97.96265,30.95261],[-97.96267,30.95239],[-97.96275,30.95216],[-97.96278,30.9521],[-97.96283,30.95201],[-97.96292,30.95186],[-97.96315,30.95163],[-97.96335,30.95151],[-97.96357,30.95141],[-97.96363,30.95138],[-97.96413,30.95122],[-97.96505,30.95098],[-97.9674,30.95033],[-97.96856,30.95001],[-97.96932,30.9498],[-97.97162,30.94914],[-97.97262,30.94885],[-97.97285,30.94877],[-97.97306,30.94867],[-97.97335,30.94851],[-97.97365,30.9483],[-97.97461,30.94757],[-97.97487,30.94742],[-97.97508,30.94732],[-97.97537,30.94719],[-97.97578,30.94706],[-97.97646,30.94691],[-97.97669,30.94687],[-97.97697,30.94681],[-97.9772,30.94675],[-97.97788,30.94664],[-97.97849,30.94652],[-97.9801,30.94618],[-97.98033,30.94611],[-97.98063,30.94597],[-97.98085,30.94583],[-97.98156,30.94531],[-97.98257,30.94461],[-97.98275,30.94452],[-97.983,30.94443],[-97.98321,30.9444],[-97.9834,30.94438],[-97.98364,30.94439],[-97.98388,30.94442],[-97.98406,30.94446],[-97.98411,30.94448],[-97.98421,30.94451],[-97.9844,30.9446],[-97.9845,30.94466],[-97.98469,30.94482],[-97.98547,30.94567],[-97.98647,30.9466],[-97.98658,30.94669],[-97.98677,30.94681],[-97.98694,30.94691],[-97.98711,30.94699],[-97.98739,30.9471],[-97.98758,30.94715],[-97.98785,30.94718],[-97.98832,30.9472],[-97.98874,30.94713],[-97.9891,30.94702],[-97.98924,30.94698],[-97.98983,30.94675],[-97.99084,30.94637],[-97.99109,30.94625],[-97.99131,30.94607],[-97.99146,30.94592],[-97.99158,30.94573],[-97.99165,30.94556],[-97.99168,30.94546],[-97.99172,30.94529],[-97.99173,30.94499],[-97.99174,30.9445],[-97.99182,30.94427],[-97.99193,30.94406],[-97.99205,30.94391],[-97.99218,30.94378],[-97.99233,30.94367],[-97.99255,30.94354],[-97.99421,30.94295],[-97.9943,30.94292],[-97.99491,30.94271],[-97.99526,30.94261],[-97.99591,30.94241],[-97.99654,30.94226],[-97.99735,30.94202],[-97.9984,30.94165],[-97.99884,30.94148],[-97.99904,30.94138],[-97.99924,30.94127],[-97.99942,30.94113],[-97.99957,30.94101],[-97.99967,30.94091],[-97.99976,30.94079],[-97.99995,30.9405],[-97.99999,30.9404],[-98.00001,30.94034],[-98.0003,30.93976],[-98.00042,30.93963],[-98.00053,30.9395],[-98.00083,30.93926],[-98.0009,30.93921],[-98.00102,30.93913],[-98.0012,30.93905],[-98.00154,30.9389],[-98.00169,30.93886],[-98.00172,30.93885],[-98.00191,30.93879],[-98.00482,30.93789],[-98.00503,30.93782],[-98.00513,30.93779],[-98.00732,30.93711],[-98.00784,30.93695],[-98.00873,30.93665],[-98.01031,30.93617],[-98.01037,30.93616],[-98.0122,30.93558],[-98.01313,30.93532],[-98.01356,30.93515],[-98.01399,30.93492],[-98.01418,30.93475],[-98.01431,30.9346],[-98.01449,30.93433],[-98.01503,30.93333],[-98.01522,30.93308],[-98.01533,30.93296],[-98.0154,30.93287],[-98.01562,30.93266],[-98.01595,30.93237],[-98.01616,30.93221],[-98.01636,30.93207],[-98.0183,30.93089],[-98.0189,30.93052],[-98.02123,30.92908],[-98.02175,30.92876],[-98.02201,30.9286],[-98.02214,30.92853],[-98.02313,30.92792],[-98.0235,30.9277],[-98.02373,30.92754],[-98.02377,30.92752],[-98.02388,30.92747],[-98.02402,30.92739],[-98.02417,30.92729],[-98.02428,30.92719],[-98.02442,30.92705],[-98.0245,30.92694],[-98.0246,30.9268],[-98.02523,30.92604],[-98.02581,30.92536],[-98.02636,30.92472],[-98.02694,30.92405],[-98.0275,30.92341],[-98.02786,30.923],[-98.02951,30.92105],[-98.02988,30.92058],[-98.0303,30.92011],[-98.03107,30.91914],[-98.03111,30.91909],[-98.03149,30.91857],[-98.03341,30.91596],[-98.03484,30.91403],[-98.03558,30.913],[-98.0358,30.91272],[-98.0359,30.9126],[-98.036,30.91248],[-98.03604,30.91244],[-98.03641,30.91203],[-98.03661,30.91182],[-98.03698,30.91148],[-98.03852,30.91003],[-98.03871,30.90984],[-98.03942,30.90911],[-98.03953,30.90895],[-98.03981,30.90855],[-98.04032,30.90782],[-98.04062,30.90731],[-98.04107,30.90655],[-98.04142,30.90593],[-98.04157,30.90562],[-98.04216,30.9043],[-98.04225,30.90409],[-98.04261,30.9034],[-98.04265,30.90332],[-98.04268,30.90328],[-98.0429,30.90289],[-98.04396,30.90126],[-98.04432,30.9007],[-98.04457,30.9003],[-98.04488,30.89982],[-98.04503,30.89959],[-98.04609,30.89808],[-98.04619,30.89793],[-98.0463,30.89777],[-98.04673,30.89707],[-98.04685,30.89683],[-98.04702,30.89642],[-98.04717,30.89605],[-98.0477,30.89446],[-98.04803,30.89349],[-98.04811,30.8933],[-98.04818,30.89313],[-98.04838,30.89272],[-98.04857,30.89238],[-98.04877,30.89205],[-98.049,30.89173],[-98.04938,30.89128],[-98.04967,30.89093],[-98.05007,30.89047],[-98.0501,30.89043],[-98.05022,30.8903],[-98.05048,30.89002],[-98.05061,30.88987],[-98.05074,30.88971],[-98.05076,30.88969],[-98.051,30.88937],[-98.05114,30.88916],[-98.05142,30.88872],[-98.0516,30.88838],[-98.05173,30.88812],[-98.05177,30.88802],[-98.05197,30.88753],[-98.05206,30.88725],[-98.05217,30.88688],[-98.05225,30.88652],[-98.05228,30.88636],[-98.05233,30.8861],[-98.05237,30.88574],[-98.05239,30.8855],[-98.05239,30.88546],[-98.05239,30.88508],[-98.05238,30.88485],[-98.05236,30.88455],[-98.05223,30.8841],[-98.0522,30.88395],[-98.05219,30.88389],[-98.05206,30.88337],[-98.05193,30.88298],[-98.05176,30.88253],[-98.05158,30.88213],[-98.05141,30.88172],[-98.05103,30.88087],[-98.05086,30.88024],[-98.05072,30.87994],[-98.04983,30.87791],[-98.04878,30.87549],[-98.04731,30.8721],[-98.04722,30.87194],[-98.04711,30.87167],[-98.04703,30.87144],[-98.04697,30.87116],[-98.04695,30.87078],[-98.04694,30.87064],[-98.04698,30.87027],[-98.04702,30.87011],[-98.04708,30.8699],[-98.04715,30.8697],[-98.04724,30.86949],[-98.04735,30.86929],[-98.04746,30.86911],[-98.04761,30.86892],[-98.04775,30.86876],[-98.04792,30.86858],[-98.0481,30.86842],[-98.04829,30.86829],[-98.04849,30.86815],[-98.0487,30.86803],[-98.04892,30.86793],[-98.0492,30.86782],[-98.05023,30.86752],[-98.05274,30.86666],[-98.05501,30.86592],[-98.05895,30.86462],[-98.05972,30.86438],[-98.06156,30.86381],[-98.06244,30.86353],[-98.06389,30.86307],[-98.06507,30.86271],[-98.06575,30.86254],[-98.06636,30.86244],[-98.06739,30.86225],[-98.06833,30.86212],[-98.06967,30.86203],[-98.07097,30.86197],[-98.07417,30.86185],[-98.07642,30.86174],[-98.07655,30.86173],[-98.08212,30.8615],[-98.08267,30.86148],[-98.08736,30.8613],[-98.0874,30.8613],[-98.0924,30.86108],[-98.09295,30.86106],[-98.09566,30.86095],[-98.0957,30.86095],[-98.09684,30.8609],[-98.09808,30.86085],[-98.09919,30.8608],[-98.10114,30.86073],[-98.10344,30.86063],[-98.10407,30.86058],[-98.1047,30.86052],[-98.10493,30.86048],[-98.10545,30.86041],[-98.10581,30.86035],[-98.10614,30.8603],[-98.10629,30.86027],[-98.10678,30.86017],[-98.10688,30.86014],[-98.10739,30.86002],[-98.10774,30.85993],[-98.10799,30.85985],[-98.10871,30.85959],[-98.1106,30.85903],[-98.11069,30.859],[-98.11209,30.85854],[-98.11641,30.85722],[-98.11765,30.85683],[-98.11803,30.85671],[-98.11957,30.85623],[-98.11967,30.85619],[-98.12119,30.85572],[-98.12163,30.85558],[-98.12242,30.85534],[-98.12281,30.85523],[-98.12428,30.85474],[-98.12672,30.85411],[-98.12713,30.85397],[-98.12776,30.85375],[-98.12875,30.85346],[-98.12941,30.85324],[-98.13016,30.853],[-98.13127,30.85264],[-98.13334,30.85198],[-98.1337,30.85186],[-98.1361,30.85109],[-98.13657,30.85094],[-98.13765,30.85061],[-98.13894,30.8502],[-98.1431,30.84888],[-98.14409,30.84857],[-98.14435,30.84848],[-98.14447,30.84845],[-98.1453,30.84818],[-98.14598,30.84797],[-98.1467,30.84774],[-98.14719,30.84758],[-98.14777,30.84742],[-98.14803,30.84737],[-98.14832,30.84732],[-98.14869,30.84728],[-98.14905,30.84726],[-98.14936,30.84725],[-98.14964,30.84726],[-98.14974,30.84726],[-98.1501,30.84729],[-98.1505,30.84734],[-98.1508,30.8474],[-98.1512,30.84749],[-98.15424,30.84848],[-98.15521,30.84879],[-98.15624,30.84911],[-98.15695,30.84924],[-98.15756,30.84929],[-98.15808,30.84929],[-98.15875,30.84924],[-98.15912,30.84918],[-98.15948,30.8491],[-98.15966,30.84905],[-98.1599,30.84899],[-98.16109,30.8486],[-98.16348,30.84784],[-98.16358,30.8478],[-98.1646,30.84748],[-98.16516,30.84731],[-98.16598,30.84706],[-98.16619,30.84699],[-98.16643,30.84694],[-98.16683,30.84687],[-98.16716,30.84681],[-98.16762,30.84678],[-98.16797,30.84677],[-98.16866,30.8468],[-98.16951,30.8468],[-98.1706,30.84674],[-98.17097,30.84669],[-98.17132,30.84662],[-98.17168,30.84652],[-98.17202,30.84641],[-98.17208,30.84639],[-98.17256,30.8462],[-98.17272,30.84611],[-98.17287,30.84604],[-98.17303,30.84594],[-98.17325,30.8458],[-98.17331,30.84576],[-98.17365,30.84554],[-98.17371,30.84549],[-98.17454,30.84482],[-98.17537,30.84415],[-98.17554,30.84401],[-98.17629,30.84336],[-98.17729,30.84248],[-98.17805,30.84182],[-98.17838,30.84153],[-98.17913,30.84089],[-98.18017,30.83997],[-98.18032,30.83983],[-98.1819,30.83846],[-98.18268,30.83778],[-98.18366,30.83705],[-98.18396,30.83684],[-98.18405,30.83678],[-98.18558,30.83577],[-98.18665,30.83506],[-98.18712,30.83477],[-98.1875,30.83451],[-98.18833,30.83403],[-98.18847,30.83394],[-98.19036,30.83301],[-98.19076,30.83281],[-98.19211,30.83201],[-98.19235,30.83187],[-98.1928,30.83161],[-98.19331,30.83127],[-98.19355,30.83107],[-98.1937,30.83091],[-98.19394,30.83066],[-98.19411,30.83044],[-98.19428,30.83019],[-98.1944,30.82992],[-98.1945,30.82966],[-98.19454,30.82954],[-98.19458,30.82941],[-98.19462,30.82914],[-98.19463,30.8291],[-98.19467,30.82857],[-98.19481,30.8276],[-98.19482,30.82757],[-98.19535,30.82623],[-98.19582,30.82554],[-98.196,30.82517],[-98.19621,30.82468],[-98.19636,30.82423],[-98.19655,30.8235],[-98.19679,30.82258],[-98.19701,30.82164],[-98.19704,30.82153],[-98.19729,30.82051],[-98.19759,30.81939],[-98.19786,30.81831],[-98.19792,30.81808],[-98.19794,30.81804],[-98.19816,30.8174],[-98.19819,30.81731],[-98.19826,30.81714],[-98.19838,30.81691],[-98.1985,30.8167],[-98.19866,30.81646],[-98.19893,30.81606],[-98.19933,30.81536],[-98.19965,30.81477],[-98.19982,30.81444],[-98.19985,30.81435],[-98.1999,30.81424],[-98.20065,30.81255],[-98.20072,30.8124],[-98.20081,30.81221],[-98.20173,30.81019],[-98.20207,30.80947],[-98.20228,30.80908],[-98.20297,30.8077],[-98.20304,30.80758],[-98.20328,30.80706],[-98.20333,30.80697],[-98.20378,30.80607],[-98.20386,30.80585],[-98.20429,30.80502],[-98.20473,30.80413],[-98.20515,30.80329],[-98.20529,30.803],[-98.20557,30.8024],[-98.20563,30.80224],[-98.20574,30.80198],[-98.20589,30.80163],[-98.20606,30.80123],[-98.20612,30.8011],[-98.20643,30.80035],[-98.2069,30.7992],[-98.20699,30.79901],[-98.20708,30.79885],[-98.20721,30.79866],[-98.20732,30.79853],[-98.20735,30.79848],[-98.20752,30.79831],[-98.2077,30.79815],[-98.20788,30.79802],[-98.20809,30.79789],[-98.2083,30.79778],[-98.20852,30.79768],[-98.20918,30.79744],[-98.21004,30.79713],[-98.21092,30.7968],[-98.21134,30.79666],[-98.21162,30.79653],[-98.2119,30.79639],[-98.21216,30.79623],[-98.2123,30.79612],[-98.21248,30.79597],[-98.21259,30.79586],[-98.2128,30.79562],[-98.21296,30.79546],[-98.2133,30.79465],[-98.21346,30.79427],[-98.2142,30.79252],[-98.21434,30.79214],[-98.21459,30.79152],[-98.21475,30.79114],[-98.21516,30.79019],[-98.21531,30.78984],[-98.21537,30.7897],[-98.21549,30.78941],[-98.21549,30.7894],[-98.21576,30.78876],[-98.21606,30.78799],[-98.21619,30.78766],[-98.21628,30.78737],[-98.21629,30.78735],[-98.21636,30.78704],[-98.21643,30.78672],[-98.21645,30.78642],[-98.21645,30.78599],[-98.21644,30.78573],[-98.21642,30.78552],[-98.21638,30.78517],[-98.2163,30.7847],[-98.21627,30.78452],[-98.21617,30.78378],[-98.21617,30.78377],[-98.21615,30.78346],[-98.21614,30.78293],[-98.21615,30.78289],[-98.21618,30.78238],[-98.21624,30.78173],[-98.21639,30.77988],[-98.21641,30.77936],[-98.21637,30.77809],[-98.21637,30.77749],[-98.2164,30.77707],[-98.21641,30.77698],[-98.21645,30.7767],[-98.21652,30.77636],[-98.21661,30.77598],[-98.21679,30.77546],[-98.21699,30.77494],[-98.217,30.77493],[-98.21714,30.77466],[-98.21731,30.77434],[-98.21757,30.77385],[-98.21762,30.77374],[-98.21769,30.77362],[-98.21806,30.77298],[-98.21841,30.7723],[-98.21895,30.77144],[-98.21915,30.77121],[-98.21918,30.77119]]}},{"type":"Feature","properties":{"route":"Lost Pines & Bastrop State Park Loop","category":"Savannah & Prairie Sweeps","color":"#27ae60","waypoints":["Bastrop","Lost Pines","Buescher State Park"],"via":"FM 1441 -> Park Road 1 -> Smithville -> Bastrop","distance_mi":27.8,"source":"road-snapped","id":"lost-pines-bastrop-state-park-loop"},"geometry":{"type":"LineString","coordinates":[[-97.31506,30.11001],[-97.31507,30.11031],[-97.31507,30.11053],[-97.31508,30.11059],[-97.31501,30.11059],[-97.31485,30.11059],[-97.31457,30.1106],[-97.31392,30.11061],[-97.31385,30.11061],[-97.31381,30.11061],[-97.31327,30.11062],[-97.31311,30.11062],[-97.31266,30.11063],[-97.31253,30.11063],[-97.31249,30.11063],[-97.31221,30.11064],[-97.31172,30.11064],[-97.3114,30.11065],[-97.31066,30.11066],[-97.31041,30.11066],[-97.31026,30.11066],[-97.31016,30.11066],[-97.31011,30.11066],[-97.30998,30.11067],[-97.30976,30.11067],[-97.30929,30.11067],[-97.30875,30.11068],[-97.30868,30.11068],[-97.30848,30.11069],[-97.30819,30.11069],[-97.30753,30.11071],[-97.30756,30.11147],[-97.30757,30.11164],[-97.30757,30.11181],[-97.30758,30.11193],[-97.30763,30.11243],[-97.30767,30.11288],[-97.30782,30.11488],[-97.30784,30.11528],[-97.30796,30.11662],[-97.308,30.11695],[-97.30801,30.11707],[-97.30804,30.1175],[-97.30807,30.11767],[-97.30818,30.11828],[-97.30818,30.1183],[-97.30829,30.11867],[-97.30835,30.11888],[-97.3085,30.11928],[-97.30856,30.11942],[-97.30872,30.11978],[-97.30877,30.11989],[-97.3089,30.12013],[-97.30938,30.12096],[-97.30947,30.12113],[-97.31141,30.12455],[-97.31177,30.12519],[-97.3119,30.12543],[-97.31225,30.12605],[-97.31324,30.12778],[-97.31389,30.12892],[-97.31416,30.12939],[-97.31426,30.12957],[-97.31482,30.13056],[-97.31502,30.13095],[-97.31519,30.13135],[-97.31537,30.13181],[-97.31541,30.13193],[-97.31552,30.13229],[-97.31565,30.13276],[-97.31571,30.13303],[-97.31573,30.13324],[-97.31577,30.13362],[-97.3158,30.1339],[-97.31586,30.13426],[-97.31595,30.13483],[-97.3161,30.13575],[-97.31625,30.13663],[-97.31639,30.13769],[-97.31641,30.13782],[-97.31668,30.13974],[-97.31679,30.14043],[-97.31696,30.14178],[-97.31702,30.14221],[-97.31709,30.14273],[-97.31716,30.1432],[-97.3172,30.1435],[-97.31727,30.14403],[-97.31754,30.1459],[-97.31774,30.14735],[-97.31786,30.14816],[-97.31789,30.14841],[-97.31802,30.14932],[-97.31803,30.14941],[-97.31807,30.14972],[-97.31809,30.14991],[-97.3181,30.14997],[-97.31812,30.15015],[-97.31821,30.15086],[-97.31824,30.151],[-97.31833,30.15166],[-97.31837,30.15187],[-97.31843,30.15227],[-97.31848,30.15265],[-97.31849,30.15272],[-97.31852,30.1529],[-97.31852,30.15293],[-97.31858,30.15333],[-97.31861,30.15371],[-97.31865,30.15392],[-97.31871,30.15425],[-97.31877,30.15479],[-97.31881,30.1553],[-97.31884,30.15577],[-97.31884,30.15584],[-97.31883,30.1566],[-97.3188,30.15725],[-97.31879,30.15733],[-97.31878,30.15751],[-97.31872,30.158],[-97.31862,30.1587],[-97.31859,30.15897],[-97.3185,30.15966],[-97.3185,30.1597],[-97.3184,30.16045],[-97.31838,30.16064],[-97.31836,30.1608],[-97.31831,30.16124],[-97.3183,30.1613],[-97.31822,30.16194],[-97.31817,30.16231],[-97.31811,30.16279],[-97.31802,30.16347],[-97.31792,30.16429],[-97.31786,30.16479],[-97.31779,30.16531],[-97.31777,30.1655],[-97.31773,30.16575],[-97.3177,30.16599],[-97.31766,30.16637],[-97.31761,30.16676],[-97.31748,30.16773],[-97.31732,30.16903],[-97.31728,30.16932],[-97.31726,30.1695],[-97.31724,30.16965],[-97.31705,30.17112],[-97.31699,30.17165],[-97.31694,30.17202],[-97.31682,30.17302],[-97.31681,30.1731],[-97.31678,30.17324],[-97.31669,30.17402],[-97.31668,30.1741],[-97.3166,30.17474],[-97.31653,30.17527],[-97.31649,30.17553],[-97.31637,30.17644],[-97.316,30.17929],[-97.31587,30.18038],[-97.31586,30.18045],[-97.31578,30.18104],[-97.31574,30.18141],[-97.31566,30.18202],[-97.31533,30.18458],[-97.3152,30.18568],[-97.31519,30.18575],[-97.31438,30.19217],[-97.3143,30.19275],[-97.31425,30.19318],[-97.31424,30.19325],[-97.31403,30.19492],[-97.31384,30.1964],[-97.31379,30.19673],[-97.31374,30.19719],[-97.31372,30.19733],[-97.31369,30.19762],[-97.31358,30.19853],[-97.31354,30.19898],[-97.31353,30.19902],[-97.3135,30.19934],[-97.31347,30.19979],[-97.31347,30.19984],[-97.31345,30.20021],[-97.31345,30.20047],[-97.31344,30.20069],[-97.31343,30.20105],[-97.31343,30.20124],[-97.31344,30.20197],[-97.3121,30.20202],[-97.31203,30.20202],[-97.31172,30.20202],[-97.31161,30.20202],[-97.31135,30.20201],[-97.31097,30.20197],[-97.3106,30.20192],[-97.31024,30.20185],[-97.30988,30.20177],[-97.30952,30.20166],[-97.30917,30.20154],[-97.30883,30.20141],[-97.3085,30.20126],[-97.30715,30.20055],[-97.30706,30.2005],[-97.30688,30.2004],[-97.30662,30.20027],[-97.30634,30.20015],[-97.30606,30.20005],[-97.30577,30.19996],[-97.30548,30.19988],[-97.30485,30.19977],[-97.303,30.19945],[-97.30245,30.19935],[-97.30174,30.19925],[-97.30142,30.1992],[-97.30118,30.19916],[-97.3007,30.19908],[-97.30054,30.19906],[-97.29984,30.19893],[-97.29844,30.19867],[-97.2977,30.19855],[-97.29728,30.19847],[-97.29647,30.19834],[-97.29436,30.19798],[-97.29192,30.19755],[-97.29208,30.19679],[-97.29212,30.19658],[-97.29215,30.19647],[-97.29221,30.19618],[-97.29232,30.1957],[-97.29249,30.19494],[-97.29266,30.19418],[-97.29279,30.19363],[-97.29295,30.19293],[-97.29301,30.19267],[-97.29305,30.1924],[-97.2932,30.19164],[-97.29208,30.19146],[-97.29174,30.19139],[-97.29139,30.19132],[-97.29168,30.19002],[-97.29188,30.18919],[-97.29208,30.18851],[-97.29224,30.18805],[-97.29247,30.18745],[-97.29276,30.1868],[-97.29356,30.18519],[-97.29392,30.18452],[-97.29463,30.18323],[-97.29469,30.18311],[-97.29521,30.18207],[-97.29534,30.18187],[-97.2955,30.18129],[-97.2955,30.1812],[-97.29541,30.18072],[-97.29501,30.17985],[-97.29488,30.17944],[-97.29481,30.17887],[-97.29474,30.17852],[-97.29459,30.17824],[-97.29427,30.17776],[-97.29421,30.17768],[-97.29407,30.17747],[-97.29381,30.17712],[-97.29329,30.17639],[-97.29325,30.17633],[-97.2931,30.17611],[-97.29278,30.17565],[-97.2922,30.17474],[-97.29206,30.17457],[-97.29202,30.17456],[-97.29184,30.17452],[-97.29038,30.17462],[-97.28961,30.17465],[-97.28961,30.17465],[-97.2886,30.17472],[-97.28789,30.17475],[-97.2878,30.17475],[-97.2873,30.17484],[-97.28684,30.17486],[-97.28655,30.17487],[-97.28624,30.17489],[-97.28585,30.1749],[-97.28476,30.17494],[-97.28465,30.17494],[-97.28363,30.17494],[-97.28349,30.17494],[-97.28322,30.17494],[-97.28299,30.17494],[-97.28268,30.17494],[-97.28226,30.17494],[-97.28161,30.17494],[-97.28088,30.17493],[-97.28035,30.17492],[-97.27986,30.17492],[-97.27926,30.17492],[-97.27849,30.17493],[-97.27723,30.17494],[-97.27569,30.17495],[-97.27507,30.17496],[-97.27465,30.17498],[-97.27374,30.17501],[-97.27263,30.17506],[-97.27226,30.17506],[-97.27189,30.17505],[-97.26966,30.17491],[-97.2695,30.1749],[-97.26888,30.17489],[-97.26889,30.17457],[-97.2677,30.17453],[-97.26704,30.17452],[-97.26522,30.1745],[-97.26372,30.17449],[-97.26247,30.17447],[-97.26157,30.17447],[-97.26098,30.17447],[-97.26047,30.17446],[-97.26013,30.17445],[-97.26003,30.17444],[-97.2596,30.1744],[-97.25911,30.17433],[-97.25899,30.17431],[-97.25863,30.17424],[-97.25828,30.17415],[-97.25793,30.17404],[-97.25759,30.17391],[-97.25649,30.17344],[-97.25642,30.17341],[-97.25479,30.17266],[-97.25347,30.17208],[-97.25185,30.17135],[-97.24882,30.17],[-97.24738,30.16936],[-97.24692,30.16916],[-97.24586,30.16868],[-97.24491,30.16826],[-97.24425,30.16797],[-97.24389,30.16781],[-97.24231,30.16711],[-97.24062,30.16635],[-97.23985,30.166],[-97.23952,30.16584],[-97.23921,30.16566],[-97.23891,30.16546],[-97.23861,30.16526],[-97.23834,30.16504],[-97.23807,30.16481],[-97.23796,30.16471],[-97.23736,30.16409],[-97.23714,30.16386],[-97.23564,30.16224],[-97.23382,30.16033],[-97.23338,30.15986],[-97.23326,30.15973],[-97.23167,30.15805],[-97.2311,30.15744],[-97.23096,30.15729],[-97.22939,30.15562],[-97.22933,30.15556],[-97.22883,30.15504],[-97.22634,30.15239],[-97.22622,30.15227],[-97.22597,30.152],[-97.22574,30.15174],[-97.22664,30.15122],[-97.22734,30.1508],[-97.22741,30.15076],[-97.22855,30.15008],[-97.22947,30.14954],[-97.23095,30.14866],[-97.23243,30.14778],[-97.23245,30.14776],[-97.233,30.14744],[-97.23392,30.14689],[-97.2344,30.14661],[-97.23533,30.14606],[-97.23607,30.14562],[-97.23613,30.14559],[-97.23669,30.14529],[-97.23684,30.14521],[-97.23716,30.14504],[-97.23749,30.1449],[-97.23783,30.14476],[-97.23821,30.14464],[-97.23855,30.14454],[-97.239,30.14442],[-97.24041,30.14405],[-97.24174,30.1437],[-97.2432,30.14332],[-97.24494,30.14286],[-97.24573,30.14266],[-97.2465,30.14246],[-97.24814,30.14203],[-97.24837,30.14197],[-97.24884,30.14182],[-97.24913,30.14172],[-97.24917,30.14171],[-97.2493,30.14166],[-97.24975,30.14147],[-97.25015,30.14128],[-97.2505,30.14111],[-97.25056,30.14107],[-97.25086,30.14091],[-97.25091,30.14087],[-97.25121,30.14069],[-97.25155,30.14045],[-97.25182,30.14025],[-97.25193,30.14017],[-97.25224,30.1399],[-97.25257,30.13961],[-97.25283,30.13933],[-97.25349,30.13859],[-97.25421,30.13779],[-97.25502,30.13691],[-97.25515,30.13677],[-97.25544,30.13649],[-97.25574,30.13623],[-97.25606,30.13598],[-97.25633,30.13578],[-97.25644,30.13571],[-97.25678,30.13548],[-97.25714,30.13528],[-97.25751,30.13509],[-97.2579,30.13491],[-97.25879,30.13455],[-97.2595,30.13425],[-97.25983,30.13411],[-97.26051,30.13378],[-97.26186,30.13312],[-97.26282,30.13263],[-97.26333,30.13232],[-97.26372,30.13205],[-97.26379,30.132],[-97.26409,30.13177],[-97.26512,30.13092],[-97.26551,30.1306],[-97.26802,30.12854],[-97.26925,30.12753],[-97.26993,30.12698],[-97.27115,30.12598],[-97.27205,30.12524],[-97.27286,30.12457],[-97.27395,30.12367],[-97.27399,30.12364],[-97.27503,30.12279],[-97.27668,30.12144],[-97.2773,30.12093],[-97.27835,30.12005],[-97.27909,30.11947],[-97.27962,30.11902],[-97.28233,30.11678],[-97.28346,30.11587],[-97.28441,30.11509],[-97.28446,30.11504],[-97.28482,30.11475],[-97.28519,30.11445],[-97.28558,30.11417],[-97.28598,30.11391],[-97.28637,30.11368],[-97.28663,30.11355],[-97.28706,30.11335],[-97.28751,30.11316],[-97.28796,30.113],[-97.28967,30.11246],[-97.28986,30.11239],[-97.2906,30.11214],[-97.29063,30.11213],[-97.29123,30.11193],[-97.29192,30.11171],[-97.29233,30.11157],[-97.29254,30.1115],[-97.2927,30.11145],[-97.29311,30.11132],[-97.29351,30.11122],[-97.29357,30.11121],[-97.29381,30.11116],[-97.2943,30.11107],[-97.29426,30.11097],[-97.29422,30.11087],[-97.29417,30.11078],[-97.29409,30.11068],[-97.29406,30.11064],[-97.29398,30.11056],[-97.29394,30.11052],[-97.29391,30.1105],[-97.29386,30.11047],[-97.29367,30.11036],[-97.29297,30.11004],[-97.29279,30.10995],[-97.29278,30.10995],[-97.29225,30.1097],[-97.29089,30.10907],[-97.28984,30.10859],[-97.28947,30.10839],[-97.2891,30.10817],[-97.28862,30.10785],[-97.28833,30.10764],[-97.28805,30.10741],[-97.28801,30.10738],[-97.2877,30.1071],[-97.28741,30.10681],[-97.28734,30.10672],[-97.28707,30.10641],[-97.28706,30.1064],[-97.28698,30.1063],[-97.2866,30.10583],[-97.28647,30.10567],[-97.28581,30.10485],[-97.28555,30.10453],[-97.2853,30.10422],[-97.28509,30.10394],[-97.28484,30.10365],[-97.28435,30.10315],[-97.28427,30.103],[-97.28423,30.10291],[-97.28421,30.10284],[-97.2842,30.10276],[-97.2842,30.10273],[-97.2842,30.1027],[-97.28421,30.10265],[-97.28438,30.10211],[-97.28422,30.10206],[-97.28406,30.10201],[-97.28333,30.10183],[-97.28108,30.1012],[-97.2804,30.10104],[-97.27954,30.10084],[-97.27914,30.10076],[-97.27864,30.10061],[-97.27806,30.1004],[-97.27757,30.10029],[-97.27696,30.10003],[-97.27653,30.09984],[-97.27481,30.09911],[-97.27191,30.09787],[-97.27152,30.09768],[-97.27115,30.09748],[-97.27079,30.09727],[-97.27044,30.09704],[-97.27011,30.09679],[-97.26978,30.09653],[-97.26869,30.09559],[-97.26733,30.09442],[-97.26692,30.09405],[-97.26659,30.0938],[-97.26625,30.09356],[-97.2659,30.09334],[-97.26553,30.09313],[-97.26515,30.09295],[-97.26475,30.09278],[-97.26435,30.09263],[-97.26394,30.0925],[-97.26352,30.09239],[-97.262,30.09199],[-97.25915,30.09121],[-97.25832,30.09099],[-97.25683,30.09057],[-97.25588,30.09031],[-97.25457,30.08994],[-97.25411,30.08977],[-97.25366,30.08958],[-97.25322,30.08937],[-97.2528,30.08915],[-97.25238,30.08891],[-97.25222,30.0888],[-97.24863,30.08655],[-97.24756,30.08623],[-97.24843,30.08677],[-97.24971,30.08757],[-97.25126,30.08853],[-97.25145,30.08865],[-97.25203,30.08901],[-97.25317,30.08973],[-97.25358,30.08995],[-97.25393,30.09013],[-97.254,30.09017],[-97.25439,30.09034],[-97.25479,30.09049],[-97.25519,30.09063],[-97.2557,30.09078],[-97.25697,30.0911],[-97.25814,30.09139],[-97.25986,30.09181],[-97.261,30.0921],[-97.26187,30.09232],[-97.26241,30.09245],[-97.26307,30.0926],[-97.26376,30.09277],[-97.26412,30.09286],[-97.26448,30.09297],[-97.26482,30.0931],[-97.26515,30.09324],[-97.26548,30.09341],[-97.2658,30.09359],[-97.2661,30.09378],[-97.26639,30.09399],[-97.26666,30.09421],[-97.26701,30.09452],[-97.26845,30.09577],[-97.26969,30.09684],[-97.27017,30.09725],[-97.27041,30.09743],[-97.27066,30.09759],[-97.27092,30.09774],[-97.27118,30.09787],[-97.27146,30.098],[-97.27169,30.09808],[-97.27421,30.09916],[-97.27529,30.09964],[-97.27613,30.09998],[-97.27682,30.10027],[-97.2774,30.10052],[-97.27791,30.10071],[-97.27843,30.10089],[-97.27889,30.10102],[-97.27967,30.10122],[-97.28138,30.10169],[-97.28244,30.10197],[-97.28384,30.10236],[-97.28463,30.10258],[-97.28765,30.10343],[-97.28862,30.1037],[-97.28968,30.104],[-97.29045,30.1042],[-97.29083,30.1043],[-97.29259,30.10475],[-97.29296,30.10483],[-97.29338,30.10491],[-97.29362,30.10495],[-97.29417,30.10504],[-97.29429,30.10506],[-97.29515,30.10515],[-97.29534,30.10517],[-97.29608,30.10523],[-97.29626,30.10524],[-97.29744,30.10525],[-97.3005,30.10521],[-97.30244,30.10518],[-97.30329,30.10528],[-97.30396,30.10534],[-97.30459,30.10539],[-97.30515,30.1054],[-97.30615,30.10543],[-97.30651,30.10542],[-97.30679,30.10542],[-97.30706,30.10552],[-97.30715,30.10556],[-97.30717,30.10557],[-97.30723,30.10561],[-97.30729,30.1057],[-97.30744,30.1059],[-97.30744,30.10601],[-97.30745,30.1063],[-97.30746,30.1067],[-97.30746,30.10699],[-97.30747,30.10743],[-97.30749,30.10857],[-97.30751,30.10944],[-97.30752,30.10976],[-97.30752,30.10996],[-97.30752,30.11017],[-97.30753,30.11071],[-97.30819,30.11069],[-97.30848,30.11069],[-97.30868,30.11068],[-97.30875,30.11068],[-97.30929,30.11067],[-97.30976,30.11067],[-97.30998,30.11067],[-97.31011,30.11066],[-97.31016,30.11066],[-97.31026,30.11066],[-97.31041,30.11066],[-97.31066,30.11066],[-97.3114,30.11065],[-97.31172,30.11064],[-97.31221,30.11064],[-97.31249,30.11063],[-97.31253,30.11063],[-97.31266,30.11063],[-97.31311,30.11062],[-97.31327,30.11062],[-97.31381,30.11061],[-97.31385,30.11061],[-97.31392,30.11061],[-97.31457,30.1106],[-97.31485,30.11059],[-97.31501,30.11059],[-97.31508,30.11059],[-97.31507,30.11053],[-97.31507,30.11031],[-97.31506,30.11001]]}},{"type":"Feature","properties":{"route":"Round Top & Fayetteville Country Lane","category":"Savannah & Prairie Sweeps","color":"#27ae60","waypoints":["Fayetteville","Round Top","Shelby"],"via":"FM 1291 -> Round Top -> FM 2503 -> Shelby","distance_mi":28.3,"source":"road-snapped","id":"round-top-fayetteville-country-lane"},"geometry":{"type":"LineString","coordinates":[[-96.67798,29.90402],[-96.67822,29.90422],[-96.67867,29.90457],[-96.67932,29.9051],[-96.67938,29.90514],[-96.67951,29.90519],[-96.6796,29.90523],[-96.67968,29.90525],[-96.67976,29.90526],[-96.68032,29.90524],[-96.68077,29.90525],[-96.68164,29.90525],[-96.6823,29.90525],[-96.6826,29.90525],[-96.68269,29.90526],[-96.68282,29.90528],[-96.68293,29.90531],[-96.68305,29.90535],[-96.68319,29.9054],[-96.68333,29.90547],[-96.68347,29.90553],[-96.68445,29.906],[-96.68761,29.9075],[-96.68842,29.90787],[-96.68905,29.90818],[-96.68927,29.9083],[-96.6896,29.90851],[-96.68998,29.90881],[-96.69371,29.91187],[-96.69458,29.91258],[-96.69472,29.91269],[-96.69655,29.91412],[-96.69793,29.91518],[-96.69834,29.91551],[-96.69931,29.91628],[-96.70014,29.91692],[-96.7002,29.91697],[-96.70077,29.9174],[-96.70131,29.91786],[-96.70185,29.9184],[-96.70221,29.91883],[-96.70263,29.91941],[-96.70287,29.91982],[-96.70317,29.92037],[-96.70345,29.92111],[-96.70356,29.92152],[-96.70366,29.92193],[-96.70376,29.92259],[-96.70381,29.92332],[-96.70392,29.92526],[-96.70417,29.92956],[-96.70424,29.93051],[-96.70426,29.93094],[-96.70436,29.93148],[-96.70451,29.93211],[-96.70474,29.93277],[-96.705,29.93331],[-96.70522,29.93375],[-96.7055,29.93418],[-96.70579,29.93458],[-96.70623,29.93511],[-96.70656,29.93544],[-96.70716,29.93595],[-96.70807,29.9367],[-96.70929,29.93767],[-96.71048,29.93862],[-96.71103,29.93908],[-96.71195,29.93981],[-96.71265,29.94036],[-96.71304,29.94068],[-96.71347,29.94104],[-96.71439,29.94179],[-96.71555,29.94271],[-96.71674,29.94365],[-96.71786,29.94456],[-96.71855,29.9451],[-96.71895,29.94541],[-96.72012,29.94637],[-96.72186,29.94777],[-96.72269,29.94845],[-96.72363,29.9492],[-96.72391,29.94941],[-96.72428,29.9497],[-96.72456,29.9499],[-96.72487,29.9501],[-96.72505,29.95021],[-96.72527,29.95034],[-96.72552,29.95047],[-96.72598,29.95069],[-96.72644,29.95088],[-96.72684,29.95103],[-96.72774,29.95129],[-96.72837,29.95141],[-96.72936,29.95154],[-96.73019,29.95162],[-96.73108,29.9517],[-96.73327,29.95192],[-96.73421,29.95208],[-96.73511,29.95226],[-96.73517,29.95227],[-96.73552,29.95236],[-96.737,29.95281],[-96.73897,29.95358],[-96.74047,29.95421],[-96.74098,29.9544],[-96.74248,29.9549],[-96.74323,29.9551],[-96.7433,29.95511],[-96.74469,29.95539],[-96.74485,29.95541],[-96.7454,29.9555],[-96.74618,29.95558],[-96.74732,29.95566],[-96.74802,29.95566],[-96.74833,29.95567],[-96.74883,29.95566],[-96.74943,29.95565],[-96.75043,29.95561],[-96.75124,29.95556],[-96.75197,29.95553],[-96.75271,29.95549],[-96.75359,29.95546],[-96.75396,29.95545],[-96.75487,29.95541],[-96.75593,29.95536],[-96.75705,29.95531],[-96.75836,29.95524],[-96.75901,29.95526],[-96.7596,29.9553],[-96.76008,29.95536],[-96.76054,29.95543],[-96.76115,29.95556],[-96.76169,29.95573],[-96.76194,29.95581],[-96.76241,29.95599],[-96.76292,29.95619],[-96.76322,29.95634],[-96.76387,29.95673],[-96.76439,29.95708],[-96.76527,29.95775],[-96.76611,29.95839],[-96.76683,29.95895],[-96.76772,29.95968],[-96.7679,29.95982],[-96.76885,29.96055],[-96.76943,29.96101],[-96.77039,29.96179],[-96.77302,29.96385],[-96.77371,29.9644],[-96.77534,29.96566],[-96.7755,29.96585],[-96.77556,29.96598],[-96.77559,29.96617],[-96.77559,29.96632],[-96.77556,29.96649],[-96.77518,29.96687],[-96.77515,29.9669],[-96.77508,29.96697],[-96.7741,29.96788],[-96.77238,29.96954],[-96.7701,29.97174],[-96.76957,29.97224],[-96.76884,29.97296],[-96.7687,29.97309],[-96.76823,29.97353],[-96.76789,29.97388],[-96.76766,29.97412],[-96.767,29.97481],[-96.76688,29.97495],[-96.76649,29.97538],[-96.76642,29.97545],[-96.76596,29.97607],[-96.76586,29.97623],[-96.76482,29.97759],[-96.76458,29.97789],[-96.76415,29.97834],[-96.76404,29.97845],[-96.76369,29.9788],[-96.76317,29.97934],[-96.76235,29.98017],[-96.76155,29.98096],[-96.76153,29.98098],[-96.75967,29.98288],[-96.75881,29.98378],[-96.75847,29.98412],[-96.75811,29.9845],[-96.75776,29.98484],[-96.7574,29.98522],[-96.75701,29.98575],[-96.75631,29.98662],[-96.75615,29.98683],[-96.7552,29.98808],[-96.75314,29.99073],[-96.7516,29.99273],[-96.75134,29.99307],[-96.75077,29.99381],[-96.75011,29.99463],[-96.75002,29.99475],[-96.74905,29.99598],[-96.74827,29.99699],[-96.7481,29.99721],[-96.74706,29.99853],[-96.74671,29.99899],[-96.74668,29.99902],[-96.74661,29.99911],[-96.74651,29.99923],[-96.7464,29.99937],[-96.74522,30.00088],[-96.74464,30.0017],[-96.74449,30.00195],[-96.74404,30.00284],[-96.74382,30.0034],[-96.74349,30.00429],[-96.74255,30.00667],[-96.74225,30.00734],[-96.74189,30.00796],[-96.74133,30.00862],[-96.7411,30.00886],[-96.74055,30.0094],[-96.73804,30.01181],[-96.73687,30.01292],[-96.73675,30.01303],[-96.73616,30.01361],[-96.73559,30.01415],[-96.73507,30.01464],[-96.73472,30.01498],[-96.73444,30.01525],[-96.73435,30.01534],[-96.7342,30.01547],[-96.73387,30.01579],[-96.73339,30.01624],[-96.73338,30.01626],[-96.73279,30.01685],[-96.73195,30.01766],[-96.73173,30.01789],[-96.7317,30.01792],[-96.73119,30.01842],[-96.73037,30.01919],[-96.72983,30.01968],[-96.72947,30.02003],[-96.72916,30.02033],[-96.72825,30.0212],[-96.72733,30.02206],[-96.72647,30.02288],[-96.72619,30.02268],[-96.72604,30.02257],[-96.72585,30.02241],[-96.72571,30.0223],[-96.72559,30.02223],[-96.72545,30.02216],[-96.72515,30.02199],[-96.725,30.02192],[-96.72492,30.02189],[-96.72485,30.02186],[-96.72452,30.02172],[-96.72434,30.02168],[-96.7241,30.02164],[-96.72371,30.02155],[-96.72335,30.02146],[-96.72292,30.02134],[-96.72252,30.02121],[-96.72223,30.02107],[-96.72184,30.02091],[-96.72169,30.0208],[-96.72164,30.02077],[-96.72149,30.02068],[-96.72131,30.02056],[-96.72106,30.02036],[-96.72006,30.01942],[-96.71971,30.01913],[-96.71952,30.01897],[-96.71895,30.01844],[-96.71864,30.01817],[-96.71825,30.01786],[-96.71796,30.01764],[-96.71763,30.0174],[-96.71737,30.01723],[-96.71724,30.01714],[-96.71686,30.01693],[-96.71622,30.01653],[-96.71599,30.01639],[-96.71506,30.01583],[-96.71398,30.01517],[-96.71321,30.01468],[-96.71263,30.01434],[-96.71205,30.01399],[-96.71166,30.01377],[-96.71134,30.01362],[-96.711,30.01347],[-96.71076,30.0134],[-96.71049,30.01332],[-96.70986,30.0132],[-96.70949,30.01315],[-96.70852,30.01306],[-96.70802,30.01301],[-96.70699,30.01295],[-96.70456,30.01273],[-96.70437,30.01271],[-96.70405,30.01266],[-96.70329,30.01249],[-96.70277,30.01234],[-96.70199,30.01202],[-96.70121,30.01173],[-96.70078,30.01157],[-96.70021,30.01138],[-96.69942,30.01124],[-96.69895,30.01121],[-96.69844,30.01116],[-96.69651,30.01111],[-96.69633,30.01111],[-96.69591,30.01111],[-96.69533,30.01107],[-96.69487,30.01101],[-96.69438,30.01091],[-96.69404,30.01083],[-96.69367,30.01072],[-96.69322,30.01056],[-96.69152,30.0099],[-96.6884,30.00866],[-96.68705,30.00813],[-96.68609,30.0078],[-96.68434,30.00724],[-96.67686,30.00486],[-96.67496,30.00426],[-96.67462,30.00415],[-96.6728,30.00357],[-96.67246,30.00345],[-96.67206,30.0033],[-96.6715,30.00303],[-96.67098,30.0027],[-96.67049,30.00231],[-96.67018,30.00202],[-96.66735,29.999],[-96.66697,29.99862],[-96.6667,29.99837],[-96.66622,29.998],[-96.66571,29.99769],[-96.66512,29.99741],[-96.66467,29.99723],[-96.66427,29.99712],[-96.66375,29.99701],[-96.66288,29.99686],[-96.66224,29.99675],[-96.66212,29.99674],[-96.6616,29.99665],[-96.66133,29.99661],[-96.66069,29.9965],[-96.66001,29.99635],[-96.65996,29.99633],[-96.65935,29.99613],[-96.65872,29.99586],[-96.65784,29.99539],[-96.65773,29.99533],[-96.65712,29.99507],[-96.65648,29.99487],[-96.65582,29.99473],[-96.65543,29.99467],[-96.6539,29.99448],[-96.65306,29.99435],[-96.65291,29.99433],[-96.65196,29.99422],[-96.65113,29.99412],[-96.64992,29.99395],[-96.64961,29.99391],[-96.64834,29.99378],[-96.64771,29.99374],[-96.64518,29.99365],[-96.64495,29.99365],[-96.64437,29.99361],[-96.64411,29.99358],[-96.64396,29.99357],[-96.64354,29.9935],[-96.64299,29.99338],[-96.64242,29.99318],[-96.64194,29.99296],[-96.64137,29.99261],[-96.6408,29.99223],[-96.63939,29.99125],[-96.63851,29.99066],[-96.63797,29.99027],[-96.63761,29.99001],[-96.6364,29.98918],[-96.63566,29.98869],[-96.63492,29.98825],[-96.63452,29.98803],[-96.6341,29.98785],[-96.63362,29.98765],[-96.63294,29.9874],[-96.63218,29.98716],[-96.63183,29.98703],[-96.6293,29.98615],[-96.62862,29.98589],[-96.62782,29.98552],[-96.62702,29.98511],[-96.62623,29.98469],[-96.62538,29.98425],[-96.62452,29.98382],[-96.6228,29.98293],[-96.62239,29.98271],[-96.62086,29.9819],[-96.62032,29.98162],[-96.62002,29.98147],[-96.61852,29.9807],[-96.61795,29.98039],[-96.61734,29.98008],[-96.61687,29.97985],[-96.61648,29.97965],[-96.61604,29.97941],[-96.61551,29.97913],[-96.61486,29.9788],[-96.61434,29.97853],[-96.61373,29.97817],[-96.61324,29.9779],[-96.613,29.97777],[-96.61287,29.9777],[-96.61197,29.97715],[-96.61101,29.9766],[-96.61062,29.9764],[-96.61018,29.97619],[-96.61008,29.97614],[-96.60976,29.976],[-96.60941,29.97588],[-96.60907,29.97576],[-96.60904,29.97575],[-96.60866,29.97561],[-96.60823,29.97547],[-96.60787,29.97532],[-96.60743,29.97511],[-96.60701,29.97487],[-96.60657,29.97457],[-96.60648,29.9745],[-96.60567,29.97383],[-96.60536,29.97358],[-96.60473,29.97301],[-96.60397,29.97237],[-96.60329,29.97178],[-96.60205,29.97072],[-96.60118,29.96997],[-96.60094,29.96977],[-96.60059,29.96942],[-96.60028,29.96904],[-96.60003,29.96863],[-96.59998,29.96854],[-96.59984,29.96819],[-96.59975,29.96793],[-96.59968,29.96768],[-96.59964,29.96744],[-96.60026,29.96645],[-96.60084,29.96638],[-96.60142,29.96629],[-96.60207,29.96617],[-96.60257,29.96606],[-96.60307,29.96594],[-96.6035,29.96583],[-96.60391,29.96571],[-96.60429,29.9656],[-96.60471,29.96545],[-96.6056,29.96512],[-96.60607,29.96493],[-96.60658,29.9647],[-96.60696,29.96451],[-96.60747,29.96426],[-96.60787,29.96403],[-96.60842,29.96371],[-96.60889,29.96341],[-96.60967,29.96286],[-96.61038,29.96238],[-96.61088,29.96199],[-96.61203,29.96116],[-96.61346,29.96012],[-96.61393,29.95978],[-96.61473,29.9592],[-96.61627,29.95808],[-96.61663,29.95781],[-96.6172,29.9574],[-96.61733,29.9573],[-96.61756,29.95714],[-96.61775,29.95702],[-96.61807,29.95683],[-96.61836,29.95668],[-96.6187,29.95654],[-96.6196,29.95622],[-96.62059,29.95586],[-96.62262,29.95511],[-96.6239,29.95465],[-96.62492,29.95431],[-96.62556,29.95405],[-96.62621,29.95379],[-96.62656,29.95363],[-96.62707,29.95335],[-96.62801,29.95261],[-96.62874,29.952],[-96.6289,29.95186],[-96.62927,29.95153],[-96.62956,29.95129],[-96.63006,29.95088],[-96.63068,29.95033],[-96.63125,29.94985],[-96.63216,29.94908],[-96.63268,29.94861],[-96.63287,29.94843],[-96.63407,29.94736],[-96.63482,29.94668],[-96.63544,29.9461],[-96.63589,29.94569],[-96.63614,29.94548],[-96.63628,29.94534],[-96.63642,29.94516],[-96.63657,29.94495],[-96.63682,29.94455],[-96.63683,29.94453],[-96.63688,29.9444],[-96.63695,29.94419],[-96.63701,29.94395],[-96.63705,29.94373],[-96.63707,29.94349],[-96.63709,29.94297],[-96.6371,29.94274],[-96.63708,29.94205],[-96.6371,29.94116],[-96.63711,29.94075],[-96.63727,29.93961],[-96.63751,29.93851],[-96.63756,29.93829],[-96.63759,29.93817],[-96.63797,29.937],[-96.63825,29.9363],[-96.63853,29.93569],[-96.63923,29.93444],[-96.63929,29.93435],[-96.64007,29.93322],[-96.64017,29.93308],[-96.64098,29.93212],[-96.641,29.93209],[-96.64167,29.93144],[-96.64187,29.9312],[-96.64243,29.9307],[-96.64287,29.93031],[-96.64353,29.92976],[-96.64418,29.92921],[-96.64531,29.92827],[-96.64622,29.9275],[-96.64701,29.92685],[-96.64765,29.9263],[-96.6483,29.92575],[-96.64964,29.92465],[-96.64999,29.92437],[-96.65315,29.92169],[-96.65418,29.92083],[-96.65443,29.92063],[-96.65546,29.91975],[-96.65628,29.91906],[-96.65752,29.91803],[-96.65808,29.91755],[-96.65881,29.91694],[-96.66011,29.91585],[-96.66063,29.91543],[-96.66075,29.91532],[-96.66116,29.91496],[-96.66162,29.91458],[-96.66243,29.91402],[-96.66325,29.91347],[-96.66455,29.91261],[-96.66473,29.91249],[-96.66553,29.91196],[-96.66634,29.91144],[-96.66684,29.91108],[-96.66756,29.9106],[-96.66838,29.91008],[-96.66873,29.90985],[-96.6688,29.90981],[-96.66936,29.90943],[-96.66995,29.90902],[-96.67047,29.90868],[-96.67076,29.90845],[-96.67185,29.90745],[-96.67225,29.90707],[-96.67284,29.9065],[-96.67361,29.90575],[-96.67435,29.90506],[-96.6751,29.90432],[-96.67518,29.90424],[-96.67571,29.90375],[-96.67583,29.90363],[-96.67647,29.90304],[-96.67653,29.903],[-96.6766,29.90299],[-96.67668,29.903],[-96.67672,29.90303],[-96.67739,29.90356],[-96.67798,29.90402]]}},{"type":"Feature","properties":{"route":"Mason Mountain Ridge Run","category":"Savannah & Prairie Sweeps","color":"#27ae60","waypoints":["Mason","Art","Streeter"],"via":"TX 29 West -> Art Road -> US 87 -> Mason","distance_mi":57.3,"source":"road-snapped","id":"mason-mountain-ridge-run"},"geometry":{"type":"LineString","coordinates":[[-99.22912,30.74798],[-99.22915,30.74712],[-99.22916,30.747],[-99.22916,30.74696],[-99.2292,30.74678],[-99.22921,30.74677],[-99.22932,30.74665],[-99.22828,30.74562],[-99.22818,30.74551],[-99.22668,30.74405],[-99.22588,30.74328],[-99.22459,30.74209],[-99.22423,30.74183],[-99.22395,30.74166],[-99.22382,30.74161],[-99.22371,30.74157],[-99.22312,30.74141],[-99.22287,30.74137],[-99.22205,30.74126],[-99.22154,30.74116],[-99.22083,30.74096],[-99.22021,30.74069],[-99.21971,30.74038],[-99.21927,30.74003],[-99.21888,30.73954],[-99.21841,30.73889],[-99.21809,30.73838],[-99.21773,30.73767],[-99.21713,30.73662],[-99.21681,30.73604],[-99.21635,30.73536],[-99.21609,30.73506],[-99.21567,30.73453],[-99.21362,30.73251],[-99.21241,30.73135],[-99.21187,30.73087],[-99.2081,30.72787],[-99.20465,30.72514],[-99.2016,30.72279],[-99.20092,30.72217],[-99.20005,30.72128],[-99.19762,30.71868],[-99.19723,30.71827],[-99.19592,30.71692],[-99.1946,30.71555],[-99.19275,30.71361],[-99.19242,30.71316],[-99.18507,30.70536],[-99.18412,30.70448],[-99.18348,30.70396],[-99.18154,30.70273],[-99.17595,30.69934],[-99.16972,30.69558],[-99.16815,30.69456],[-99.16741,30.6942],[-99.16592,30.6936],[-99.15914,30.69125],[-99.15669,30.69044],[-99.15446,30.68969],[-99.15111,30.68861],[-99.14431,30.68631],[-99.14065,30.68512],[-99.13881,30.68444],[-99.13783,30.68402],[-99.13691,30.68352],[-99.13478,30.68222],[-99.13095,30.67986],[-99.12661,30.67724],[-99.12545,30.6765],[-99.12438,30.67584],[-99.12202,30.6743],[-99.11815,30.67207],[-99.1167,30.67124],[-99.11574,30.6706],[-99.11484,30.66977],[-99.11438,30.66927],[-99.11383,30.6685],[-99.11227,30.66566],[-99.1113,30.66386],[-99.11111,30.66352],[-99.11046,30.6623],[-99.10923,30.66005],[-99.10887,30.65939],[-99.10863,30.65893],[-99.10854,30.65879],[-99.10834,30.65846],[-99.10779,30.65762],[-99.10653,30.65584],[-99.10372,30.65182],[-99.10264,30.65026],[-99.10143,30.64851],[-99.10023,30.6468],[-99.09977,30.64626],[-99.09937,30.64586],[-99.09889,30.64537],[-99.09862,30.6451],[-99.09839,30.64477],[-99.09831,30.64463],[-99.09821,30.64438],[-99.09816,30.64413],[-99.09814,30.64385],[-99.09813,30.64339],[-99.09802,30.63688],[-99.09793,30.63185],[-99.09784,30.62579],[-99.09786,30.62504],[-99.09794,30.62454],[-99.09801,30.62429],[-99.0981,30.62405],[-99.09834,30.62356],[-99.10029,30.62017],[-99.10124,30.61851],[-99.10165,30.61783],[-99.10209,30.61723],[-99.10563,30.61274],[-99.10601,30.6122],[-99.10627,30.61169],[-99.1064,30.61138],[-99.10654,30.61096],[-99.10763,30.60708],[-99.10765,30.60704],[-99.10873,30.60336],[-99.10909,30.60214],[-99.10921,30.60165],[-99.10939,30.60048],[-99.10954,30.59988],[-99.11243,30.59012],[-99.11264,30.58947],[-99.11275,30.58916],[-99.11286,30.58894],[-99.11305,30.5886],[-99.11322,30.58833],[-99.11354,30.5879],[-99.11441,30.58684],[-99.11455,30.58665],[-99.11527,30.58578],[-99.11588,30.58505],[-99.11608,30.58475],[-99.11623,30.58451],[-99.11643,30.58402],[-99.11657,30.58349],[-99.11663,30.58304],[-99.11666,30.57913],[-99.11667,30.57888],[-99.11672,30.57847],[-99.11683,30.57806],[-99.11698,30.57767],[-99.11737,30.57694],[-99.11781,30.57611],[-99.118,30.57569],[-99.11819,30.57513],[-99.1183,30.57457],[-99.11854,30.57138],[-99.11896,30.56756],[-99.11898,30.56695],[-99.11895,30.56636],[-99.11884,30.56504],[-99.11883,30.56473],[-99.11888,30.56433],[-99.11896,30.56401],[-99.11904,30.56378],[-99.11923,30.56336],[-99.11945,30.56305],[-99.121,30.56121],[-99.12316,30.55868],[-99.12359,30.55823],[-99.1249,30.55703],[-99.12543,30.55648],[-99.12559,30.55627],[-99.12571,30.55609],[-99.12632,30.55513],[-99.1265,30.55489],[-99.12678,30.55461],[-99.12705,30.5544],[-99.12734,30.5542],[-99.12899,30.55319],[-99.12957,30.55285],[-99.12998,30.55264],[-99.1304,30.55245],[-99.13205,30.5518],[-99.13259,30.55156],[-99.13285,30.55143],[-99.13316,30.55123],[-99.1336,30.55085],[-99.1338,30.55062],[-99.13397,30.55039],[-99.13413,30.55013],[-99.13423,30.54991],[-99.13438,30.54946],[-99.13469,30.54818],[-99.13476,30.54781],[-99.1348,30.54743],[-99.1348,30.54705],[-99.13475,30.54669],[-99.13469,30.54642],[-99.13462,30.54616],[-99.13419,30.5451],[-99.13405,30.54472],[-99.13393,30.54425],[-99.13387,30.54372],[-99.13386,30.54319],[-99.13388,30.54266],[-99.13388,30.54217],[-99.13389,30.54117],[-99.13381,30.53897],[-99.13377,30.53673],[-99.13375,30.53568],[-99.13374,30.53457],[-99.13375,30.53401],[-99.13379,30.53346],[-99.13392,30.53267],[-99.13457,30.52932],[-99.13474,30.52855],[-99.13603,30.52397],[-99.13736,30.51846],[-99.13821,30.51558],[-99.13831,30.51505],[-99.13832,30.51452],[-99.13828,30.51417],[-99.1382,30.51378],[-99.13801,30.51328],[-99.13773,30.51265],[-99.13767,30.51252],[-99.13762,30.5124],[-99.13581,30.50824],[-99.13505,30.5065],[-99.13472,30.50573],[-99.1325,30.50061],[-99.13205,30.49952],[-99.1317,30.49878],[-99.13161,30.49858],[-99.13093,30.49699],[-99.13069,30.49641],[-99.13053,30.49593],[-99.13045,30.49549],[-99.13044,30.49518],[-99.13045,30.49489],[-99.13079,30.49229],[-99.1308,30.49213],[-99.13081,30.49158],[-99.13079,30.49112],[-99.13075,30.49076],[-99.13043,30.489],[-99.13031,30.48811],[-99.1303,30.48748],[-99.13027,30.48411],[-99.13027,30.48392],[-99.13028,30.4815],[-99.12966,30.48113],[-99.12607,30.47905],[-99.12561,30.4788],[-99.12529,30.47859],[-99.12501,30.47834],[-99.12475,30.47799],[-99.12442,30.47746],[-99.12439,30.47731],[-99.12432,30.47699],[-99.12412,30.47679],[-99.12388,30.47662],[-99.12351,30.47646],[-99.12317,30.47633],[-99.12274,30.47612],[-99.12243,30.47577],[-99.12186,30.47501],[-99.12051,30.47267],[-99.11961,30.471],[-99.11959,30.47082],[-99.11876,30.46921],[-99.11858,30.46898],[-99.11847,30.46866],[-99.11813,30.46818],[-99.1181,30.46797],[-99.11741,30.46662],[-99.11519,30.46474],[-99.11236,30.46293],[-99.11215,30.46266],[-99.11177,30.46254],[-99.1095,30.46112],[-99.10908,30.46103],[-99.10881,30.46708],[-99.10836,30.46841],[-99.10707,30.47213],[-99.10678,30.47247],[-99.10326,30.47426],[-99.09707,30.47855],[-99.09657,30.47875],[-99.09651,30.47889],[-99.09329,30.48116],[-99.09247,30.48162],[-99.09081,30.48274],[-99.09005,30.48321],[-99.09003,30.48336],[-99.09002,30.48348],[-99.09008,30.48358],[-99.09015,30.48362],[-99.09026,30.48364],[-99.09031,30.48366],[-99.09034,30.4837],[-99.09039,30.4838],[-99.0904,30.48383],[-99.09034,30.4837],[-99.09031,30.48366],[-99.09026,30.48364],[-99.09015,30.48362],[-99.09008,30.48358],[-99.09002,30.48348],[-99.09003,30.48336],[-99.09005,30.48321],[-99.08942,30.4838],[-99.08622,30.48666],[-99.08577,30.48769],[-99.08564,30.48827],[-99.0845,30.49148],[-99.08453,30.4926],[-99.08466,30.49322],[-99.08509,30.49416],[-99.08551,30.49478],[-99.08559,30.4951],[-99.08585,30.49576],[-99.08588,30.49615],[-99.08601,30.4962],[-99.08615,30.49663],[-99.08702,30.49838],[-99.08704,30.49856],[-99.08705,30.49862],[-99.08706,30.4987],[-99.08697,30.49886],[-99.08696,30.49893],[-99.08679,30.49929],[-99.08662,30.50019],[-99.08662,30.5018],[-99.0872,30.50292],[-99.08903,30.50572],[-99.08906,30.50769],[-99.09009,30.50932],[-99.0912,30.51071],[-99.09211,30.51202],[-99.09226,30.51236],[-99.09224,30.51259],[-99.09179,30.51326],[-99.09083,30.51273],[-99.09012,30.51262],[-99.08887,30.51265],[-99.08816,30.51266],[-99.08717,30.51288],[-99.0871,30.51289],[-99.08636,30.51321],[-99.08583,30.51358],[-99.0858,30.51372],[-99.08528,30.5139],[-99.08329,30.51526],[-99.08266,30.51569],[-99.08228,30.51606],[-99.07959,30.52273],[-99.07938,30.52304],[-99.07933,30.52312],[-99.07932,30.52314],[-99.07923,30.52328],[-99.07909,30.52354],[-99.07906,30.52362],[-99.07905,30.52374],[-99.07907,30.52387],[-99.07934,30.52462],[-99.07937,30.52484],[-99.07929,30.52518],[-99.07652,30.53006],[-99.07614,30.5308],[-99.0758,30.53139],[-99.07551,30.53169],[-99.07495,30.53215],[-99.07221,30.53471],[-99.07125,30.5355],[-99.07091,30.53588],[-99.07079,30.53621],[-99.07065,30.53736],[-99.07048,30.5376],[-99.07016,30.53776],[-99.06956,30.5378],[-99.06903,30.53766],[-99.06745,30.537],[-99.06578,30.5361],[-99.06175,30.53418],[-99.06087,30.53416],[-99.06049,30.53407],[-99.06021,30.53387],[-99.05917,30.53261],[-99.05818,30.53145],[-99.05791,30.53124],[-99.05761,30.53114],[-99.0573,30.5311],[-99.05558,30.53108],[-99.05293,30.53072],[-99.05214,30.53057],[-99.0519,30.53045],[-99.05111,30.52933],[-99.05052,30.52882],[-99.05003,30.52853],[-99.04959,30.52824],[-99.04919,30.52803],[-99.04497,30.52695],[-99.04301,30.52653],[-99.04232,30.5263],[-99.04193,30.52606],[-99.04011,30.52442],[-99.0394,30.52373],[-99.03914,30.52356],[-99.03681,30.52262],[-99.03214,30.52078],[-99.03154,30.52066],[-99.03066,30.52065],[-99.02416,30.52069],[-99.02363,30.52072],[-99.01901,30.52184],[-99.01407,30.52305],[-99.01414,30.52424],[-99.01409,30.5254],[-99.01396,30.52661],[-99.01368,30.52899],[-99.01358,30.53003],[-99.01326,30.53267],[-99.01262,30.53828],[-99.01236,30.54062],[-99.012,30.54258],[-99.01104,30.5482],[-99.00988,30.55496],[-99.00972,30.55613],[-99.00969,30.55766],[-99.00976,30.55967],[-99.00984,30.56483],[-99.01008,30.56598],[-99.0102,30.56653],[-99.01045,30.56743],[-99.01057,30.56787],[-99.01191,30.57275],[-99.01285,30.57626],[-99.01467,30.58292],[-99.01494,30.58395],[-99.0152,30.58469],[-99.01545,30.58532],[-99.01602,30.58609],[-99.01672,30.58679],[-99.02597,30.59412],[-99.027,30.5948],[-99.02826,30.59544],[-99.03141,30.5965],[-99.03269,30.59697],[-99.03502,30.5978],[-99.03859,30.59906],[-99.04025,30.59985],[-99.04214,30.60081],[-99.04726,30.60354],[-99.05178,30.60601],[-99.05379,30.60705],[-99.05396,30.60714],[-99.05563,30.60808],[-99.05653,30.60872],[-99.05729,30.60942],[-99.05786,30.61011],[-99.05835,30.6108],[-99.06302,30.61715],[-99.06581,30.6209],[-99.06821,30.62412],[-99.06863,30.62475],[-99.06927,30.62555],[-99.06992,30.62637],[-99.07084,30.62724],[-99.07175,30.62786],[-99.07601,30.63045],[-99.07739,30.63129],[-99.07924,30.63246],[-99.07975,30.63278],[-99.08174,30.63428],[-99.08307,30.63517],[-99.08429,30.63597],[-99.08624,30.63708],[-99.08825,30.63838],[-99.08971,30.63936],[-99.09148,30.64058],[-99.09332,30.64187],[-99.09396,30.64232],[-99.09495,30.64302],[-99.09644,30.64405],[-99.09743,30.64474],[-99.09878,30.64575],[-99.09911,30.64602],[-99.09964,30.64655],[-99.10019,30.64726],[-99.10087,30.64828],[-99.10394,30.65267],[-99.10708,30.65714],[-99.10812,30.65868],[-99.10825,30.6589],[-99.10848,30.6593],[-99.10867,30.65963],[-99.1089,30.66008],[-99.11015,30.6624],[-99.11083,30.66364],[-99.11198,30.66576],[-99.11252,30.66679],[-99.11366,30.66877],[-99.11412,30.6694],[-99.11454,30.66993],[-99.11463,30.67005],[-99.11498,30.67039],[-99.11557,30.67088],[-99.11641,30.6714],[-99.11711,30.67187],[-99.118,30.67234],[-99.11977,30.6734],[-99.12138,30.67418],[-99.12238,30.67469],[-99.12438,30.67584],[-99.12545,30.6765],[-99.12661,30.67724],[-99.13095,30.67986],[-99.13478,30.68222],[-99.13691,30.68352],[-99.13783,30.68402],[-99.13881,30.68444],[-99.14065,30.68512],[-99.14431,30.68631],[-99.15111,30.68861],[-99.15446,30.68969],[-99.15669,30.69044],[-99.15914,30.69125],[-99.16592,30.6936],[-99.16741,30.6942],[-99.16815,30.69456],[-99.16972,30.69558],[-99.17595,30.69934],[-99.18154,30.70273],[-99.18348,30.70396],[-99.18412,30.70448],[-99.18507,30.70536],[-99.19242,30.71316],[-99.19275,30.71361],[-99.1946,30.71555],[-99.19592,30.71692],[-99.19723,30.71827],[-99.19762,30.71868],[-99.20005,30.72128],[-99.20092,30.72217],[-99.2016,30.72279],[-99.20465,30.72514],[-99.2081,30.72787],[-99.21187,30.73087],[-99.21241,30.73135],[-99.21362,30.73251],[-99.21567,30.73453],[-99.21609,30.73506],[-99.21635,30.73536],[-99.21681,30.73604],[-99.21713,30.73662],[-99.21773,30.73767],[-99.21809,30.73838],[-99.21841,30.73889],[-99.21888,30.73954],[-99.21927,30.74003],[-99.21971,30.74038],[-99.22021,30.74069],[-99.22083,30.74096],[-99.22154,30.74116],[-99.22205,30.74126],[-99.22287,30.74137],[-99.22312,30.74141],[-99.22371,30.74157],[-99.22382,30.74161],[-99.22395,30.74166],[-99.22423,30.74183],[-99.22459,30.74209],[-99.22588,30.74328],[-99.22668,30.74405],[-99.22818,30.74551],[-99.22828,30.74562],[-99.22932,30.74665],[-99.22921,30.74677],[-99.2292,30.74678],[-99.22916,30.74696],[-99.22916,30.747],[-99.22915,30.74712],[-99.22912,30.74798]]}},{"type":"Feature","properties":{"route":"Lake Victor & Burnet Backcountry Sweep","category":"Savannah & Prairie Sweeps","color":"#27ae60","waypoints":["Burnet","RM 2340","Lake Victor"],"via":"RM 2340 -> Lake Victor -> Watson -> Burnet","distance_mi":25.0,"source":"road-snapped","id":"lake-victor-burnet-backcountry-sweep"},"geometry":{"type":"LineString","coordinates":[[-98.2287,30.75812],[-98.22874,30.75811],[-98.22887,30.75859],[-98.22894,30.75888],[-98.22899,30.7591],[-98.22909,30.75948],[-98.22918,30.75984],[-98.22923,30.76003],[-98.22931,30.76041],[-98.22938,30.76065],[-98.22945,30.76094],[-98.22952,30.76121],[-98.22968,30.76187],[-98.23009,30.76347],[-98.23018,30.76385],[-98.23069,30.76585],[-98.23111,30.76752],[-98.23118,30.76781],[-98.23125,30.76809],[-98.23128,30.76822],[-98.2313,30.76831],[-98.23146,30.76893],[-98.23194,30.77082],[-98.23206,30.77129],[-98.23215,30.77167],[-98.23235,30.77247],[-98.23258,30.77339],[-98.23283,30.77435],[-98.23305,30.77526],[-98.23329,30.7762],[-98.23354,30.77715],[-98.23355,30.77719],[-98.23373,30.7779],[-98.23397,30.77886],[-98.23415,30.77949],[-98.23419,30.77966],[-98.23438,30.78039],[-98.23466,30.78147],[-98.23491,30.78244],[-98.2356,30.78487],[-98.23562,30.78495],[-98.23617,30.7869],[-98.2362,30.78702],[-98.23635,30.78752],[-98.23636,30.78755],[-98.23661,30.78848],[-98.23666,30.78866],[-98.23678,30.78918],[-98.23685,30.78943],[-98.23709,30.79049],[-98.2372,30.79098],[-98.23729,30.79135],[-98.2375,30.79226],[-98.23764,30.79279],[-98.23767,30.79293],[-98.23785,30.79373],[-98.23787,30.7938],[-98.23794,30.79419],[-98.23808,30.79471],[-98.2382,30.79528],[-98.23828,30.79559],[-98.2383,30.79569],[-98.23856,30.79679],[-98.23881,30.79788],[-98.23892,30.79833],[-98.23898,30.7986],[-98.23933,30.8001],[-98.23934,30.80017],[-98.23965,30.80149],[-98.23978,30.80205],[-98.23991,30.80269],[-98.24,30.80326],[-98.24002,30.80348],[-98.24004,30.80371],[-98.24005,30.8042],[-98.24005,30.80469],[-98.23994,30.8062],[-98.23993,30.80629],[-98.23986,30.80709],[-98.23977,30.80816],[-98.23974,30.8087],[-98.23972,30.8089],[-98.23971,30.80909],[-98.23968,30.80935],[-98.23943,30.81277],[-98.23932,30.81394],[-98.23931,30.81407],[-98.23922,30.8153],[-98.23922,30.81534],[-98.23914,30.81651],[-98.23911,30.8168],[-98.23906,30.81726],[-98.23904,30.81753],[-98.23878,30.8209],[-98.2386,30.82321],[-98.23847,30.82486],[-98.23847,30.82498],[-98.23843,30.82546],[-98.23809,30.82961],[-98.23808,30.82981],[-98.23777,30.83375],[-98.23776,30.83387],[-98.23771,30.83447],[-98.23752,30.83708],[-98.23724,30.8405],[-98.23719,30.84122],[-98.23676,30.84678],[-98.23637,30.85175],[-98.23546,30.86317],[-98.23539,30.86426],[-98.23499,30.86936],[-98.23492,30.87019],[-98.23488,30.871],[-98.23493,30.87217],[-98.23498,30.87265],[-98.23516,30.87437],[-98.23533,30.87568],[-98.23538,30.87614],[-98.23578,30.87969],[-98.23596,30.88129],[-98.23606,30.88229],[-98.23654,30.88647],[-98.23686,30.88937],[-98.23688,30.8895],[-98.23727,30.89288],[-98.23754,30.89531],[-98.23693,30.89588],[-98.23553,30.89631],[-98.23428,30.8967],[-98.23403,30.89678],[-98.23306,30.89717],[-98.23164,30.89773],[-98.23064,30.89812],[-98.2292,30.89867],[-98.22917,30.89868],[-98.2254,30.90017],[-98.22519,30.90025],[-98.22351,30.9009],[-98.22306,30.90107],[-98.21775,30.90316],[-98.21573,30.90395],[-98.21565,30.90398],[-98.21544,30.90406],[-98.21476,30.90433],[-98.21354,30.90482],[-98.21264,30.90518],[-98.2118,30.90552],[-98.21165,30.90558],[-98.21052,30.90607],[-98.20905,30.90683],[-98.20562,30.90862],[-98.20516,30.90878],[-98.2047,30.90887],[-98.20446,30.9089],[-98.20424,30.90892],[-98.20312,30.90886],[-98.20259,30.90882],[-98.20222,30.90882],[-98.20191,30.90884],[-98.20156,30.90889],[-98.20123,30.90897],[-98.20097,30.90904],[-98.20095,30.90904],[-98.19969,30.90946],[-98.19937,30.90958],[-98.19905,30.90968],[-98.19869,30.90974],[-98.19826,30.90978],[-98.19786,30.90976],[-98.1975,30.90973],[-98.19636,30.90953],[-98.19516,30.90931],[-98.19396,30.9091],[-98.19334,30.90898],[-98.19316,30.90894],[-98.193,30.90889],[-98.19281,30.90881],[-98.19252,30.90864],[-98.19196,30.90817],[-98.1887,30.90545],[-98.18834,30.90516],[-98.18812,30.90493],[-98.18793,30.90472],[-98.18776,30.90449],[-98.18761,30.9043],[-98.18744,30.90408],[-98.18704,30.9036],[-98.18651,30.90295],[-98.18581,30.90208],[-98.18506,30.90114],[-98.1843,30.9002],[-98.1843,30.9002],[-98.1837,30.89945],[-98.18351,30.89921],[-98.18249,30.8979],[-98.18232,30.8977],[-98.18167,30.89693],[-98.18141,30.89652],[-98.18128,30.89626],[-98.18108,30.89577],[-98.18104,30.89554],[-98.181,30.89523],[-98.181,30.89492],[-98.181,30.89487],[-98.18108,30.89397],[-98.18109,30.89382],[-98.18114,30.89325],[-98.18139,30.89045],[-98.18152,30.88899],[-98.18157,30.88845],[-98.18166,30.88755],[-98.1817,30.88722],[-98.1817,30.88664],[-98.18168,30.88636],[-98.18159,30.88593],[-98.18149,30.88561],[-98.18122,30.88495],[-98.18108,30.88463],[-98.18106,30.88458],[-98.18091,30.8842],[-98.17998,30.88195],[-98.17981,30.88152],[-98.17972,30.88129],[-98.17856,30.87853],[-98.17838,30.8781],[-98.17747,30.87595],[-98.17745,30.87588],[-98.177,30.87483],[-98.17696,30.87472],[-98.17686,30.87441],[-98.17675,30.87393],[-98.17679,30.87333],[-98.17684,30.87302],[-98.177,30.87243],[-98.17742,30.87121],[-98.17779,30.87015],[-98.17785,30.86996],[-98.17788,30.86986],[-98.17824,30.86875],[-98.1783,30.86831],[-98.1783,30.86784],[-98.17814,30.86725],[-98.17633,30.86307],[-98.1752,30.86043],[-98.1745,30.8588],[-98.17422,30.85818],[-98.17369,30.85695],[-98.17354,30.85665],[-98.17339,30.85637],[-98.1732,30.8561],[-98.17255,30.85527],[-98.17211,30.85467],[-98.17179,30.85413],[-98.17139,30.85324],[-98.17135,30.85316],[-98.16898,30.84773],[-98.16867,30.84702],[-98.16866,30.8468],[-98.1687,30.8468],[-98.16951,30.8468],[-98.1706,30.84674],[-98.17097,30.84669],[-98.17132,30.84662],[-98.17168,30.84652],[-98.17202,30.84641],[-98.17208,30.84639],[-98.17256,30.8462],[-98.17272,30.84611],[-98.17287,30.84604],[-98.17303,30.84594],[-98.17325,30.8458],[-98.17331,30.84576],[-98.17365,30.84554],[-98.17371,30.84549],[-98.17454,30.84482],[-98.17537,30.84415],[-98.17554,30.84401],[-98.17629,30.84336],[-98.17729,30.84248],[-98.17805,30.84182],[-98.17838,30.84153],[-98.17913,30.84089],[-98.18017,30.83997],[-98.18032,30.83983],[-98.1819,30.83846],[-98.18268,30.83778],[-98.18366,30.83705],[-98.18396,30.83684],[-98.18405,30.83678],[-98.18558,30.83577],[-98.18665,30.83506],[-98.18712,30.83477],[-98.1875,30.83451],[-98.18833,30.83403],[-98.18847,30.83394],[-98.19036,30.83301],[-98.19076,30.83281],[-98.19211,30.83201],[-98.19235,30.83187],[-98.1928,30.83161],[-98.19331,30.83127],[-98.19355,30.83107],[-98.1937,30.83091],[-98.19394,30.83066],[-98.19411,30.83044],[-98.19428,30.83019],[-98.1944,30.82992],[-98.1945,30.82966],[-98.19454,30.82954],[-98.19458,30.82941],[-98.19462,30.82914],[-98.19463,30.8291],[-98.19467,30.82857],[-98.19481,30.8276],[-98.19482,30.82757],[-98.19535,30.82623],[-98.19582,30.82554],[-98.196,30.82517],[-98.19621,30.82468],[-98.19636,30.82423],[-98.19655,30.8235],[-98.19679,30.82258],[-98.19701,30.82164],[-98.19704,30.82153],[-98.19729,30.82051],[-98.19759,30.81939],[-98.19786,30.81831],[-98.19792,30.81808],[-98.19794,30.81804],[-98.19816,30.8174],[-98.19819,30.81731],[-98.19826,30.81714],[-98.19838,30.81691],[-98.1985,30.8167],[-98.19866,30.81646],[-98.19893,30.81606],[-98.19933,30.81536],[-98.19965,30.81477],[-98.19982,30.81444],[-98.19985,30.81435],[-98.1999,30.81424],[-98.20065,30.81255],[-98.20072,30.8124],[-98.20081,30.81221],[-98.20173,30.81019],[-98.20207,30.80947],[-98.20228,30.80908],[-98.20297,30.8077],[-98.20304,30.80758],[-98.20328,30.80706],[-98.20333,30.80697],[-98.20378,30.80607],[-98.20386,30.80585],[-98.20429,30.80502],[-98.20473,30.80413],[-98.20515,30.80329],[-98.20529,30.803],[-98.20557,30.8024],[-98.20563,30.80224],[-98.20574,30.80198],[-98.20589,30.80163],[-98.20606,30.80123],[-98.20612,30.8011],[-98.20643,30.80035],[-98.2069,30.7992],[-98.20699,30.79901],[-98.20708,30.79885],[-98.20721,30.79866],[-98.20732,30.79853],[-98.20735,30.79848],[-98.20752,30.79831],[-98.2077,30.79815],[-98.20788,30.79802],[-98.20809,30.79789],[-98.2083,30.79778],[-98.20852,30.79768],[-98.20918,30.79744],[-98.21004,30.79713],[-98.21092,30.7968],[-98.21134,30.79666],[-98.21162,30.79653],[-98.2119,30.79639],[-98.21216,30.79623],[-98.2123,30.79612],[-98.21248,30.79597],[-98.21259,30.79586],[-98.2128,30.79562],[-98.21296,30.79546],[-98.2133,30.79465],[-98.21346,30.79427],[-98.2142,30.79252],[-98.21434,30.79214],[-98.21459,30.79152],[-98.21475,30.79114],[-98.21516,30.79019],[-98.21531,30.78984],[-98.21537,30.7897],[-98.21549,30.78941],[-98.21549,30.7894],[-98.21576,30.78876],[-98.21606,30.78799],[-98.21619,30.78766],[-98.21628,30.78737],[-98.21629,30.78735],[-98.21636,30.78704],[-98.21643,30.78672],[-98.21645,30.78642],[-98.21645,30.78599],[-98.21644,30.78573],[-98.21642,30.78552],[-98.21638,30.78517],[-98.2163,30.7847],[-98.21627,30.78452],[-98.21617,30.78378],[-98.21617,30.78377],[-98.21615,30.78346],[-98.21614,30.78293],[-98.21615,30.78289],[-98.21618,30.78238],[-98.21624,30.78173],[-98.21639,30.77988],[-98.21641,30.77936],[-98.21637,30.77809],[-98.21637,30.77749],[-98.2164,30.77707],[-98.21641,30.77698],[-98.21645,30.7767],[-98.21652,30.77636],[-98.21661,30.77598],[-98.21679,30.77546],[-98.21699,30.77494],[-98.217,30.77493],[-98.21714,30.77466],[-98.21731,30.77434],[-98.21757,30.77385],[-98.21762,30.77374],[-98.21769,30.77362],[-98.21806,30.77298],[-98.21841,30.7723],[-98.21895,30.77144],[-98.21915,30.77121],[-98.2196,30.77082],[-98.21983,30.77065],[-98.22017,30.77044],[-98.22085,30.77015],[-98.2228,30.76952],[-98.22394,30.76916],[-98.22438,30.76905],[-98.22466,30.76898],[-98.22572,30.76877],[-98.22588,30.76875],[-98.22631,30.76867],[-98.22681,30.76858],[-98.22707,30.76854],[-98.22758,30.76845],[-98.22804,30.76837],[-98.22857,30.76827],[-98.22865,30.76826],[-98.22912,30.76817],[-98.23024,30.76796],[-98.23118,30.76781],[-98.23111,30.76752],[-98.23069,30.76585],[-98.23018,30.76385],[-98.23009,30.76347],[-98.22968,30.76187],[-98.22952,30.76121],[-98.22945,30.76094],[-98.22938,30.76065],[-98.22931,30.76041],[-98.22923,30.76003],[-98.22918,30.75984],[-98.22909,30.75948],[-98.22899,30.7591],[-98.22894,30.75888],[-98.22887,30.75859],[-98.22874,30.75811],[-98.2287,30.75812]]}},{"type":"Feature","properties":{"route":"Bertram, RM 1174 & RM 963 Loop","category":"Savannah & Prairie Sweeps","color":"#27ae60","waypoints":["183 / TX 29 Crossing","Bertram","RM 1174","RM 963","US 183"],"via":"TX 29 West -> Bertram -> RM 1174 North -> RM 963 East -> US 183 South","distance_mi":54.6,"source":"road-snapped","id":"bertram-rm-1174-rm-963-loop"},"geometry":{"coordinates":[[-97.87744,30.65402],[-97.87752,30.65405],[-97.87838,30.65437],[-97.87894,30.65458],[-97.87976,30.65489],[-97.88138,30.65545],[-97.8822,30.65573],[-97.88271,30.65591],[-97.88417,30.65643],[-97.88495,30.65671],[-97.88651,30.65724],[-97.8869,30.65738],[-97.88727,30.65751],[-97.88806,30.65778],[-97.88865,30.65799],[-97.88873,30.65801],[-97.88936,30.65825],[-97.8895,30.6583],[-97.88956,30.65833],[-97.89004,30.65851],[-97.89038,30.65864],[-97.89086,30.65883],[-97.89089,30.65884],[-97.89094,30.65886],[-97.89142,30.65905],[-97.89297,30.65968],[-97.89388,30.66004],[-97.89433,30.66019],[-97.89473,30.66034],[-97.89522,30.66054],[-97.89524,30.66055],[-97.89533,30.66059],[-97.89558,30.66069],[-97.89618,30.66093],[-97.89629,30.66097],[-97.8968,30.66118],[-97.89689,30.66122],[-97.89714,30.66132],[-97.89749,30.66146],[-97.8978,30.66159],[-97.898,30.66167],[-97.89853,30.6619],[-97.89885,30.66204],[-97.90005,30.66254],[-97.90057,30.66276],[-97.90089,30.6629],[-97.90111,30.66299],[-97.90146,30.66314],[-97.90217,30.66348],[-97.90272,30.66372],[-97.90446,30.66452],[-97.90512,30.66483],[-97.90526,30.66489],[-97.90567,30.6651],[-97.90614,30.66534],[-97.90634,30.66544],[-97.9064,30.66547],[-97.9066,30.66557],[-97.9069,30.66573],[-97.90765,30.66611],[-97.9078,30.66618],[-97.90861,30.6666],[-97.90896,30.66678],[-97.90915,30.66687],[-97.9095,30.66705],[-97.90993,30.66727],[-97.91038,30.6675],[-97.91078,30.66769],[-97.91107,30.66784],[-97.91111,30.66785],[-97.91157,30.6681],[-97.91201,30.66832],[-97.9123,30.66847],[-97.91237,30.6685],[-97.91245,30.66855],[-97.91265,30.66864],[-97.9128,30.66872],[-97.91292,30.66878],[-97.91302,30.66883],[-97.91316,30.66891],[-97.91375,30.66921],[-97.91433,30.6695],[-97.91465,30.66966],[-97.91481,30.66974],[-97.91492,30.6698],[-97.91509,30.66989],[-97.91527,30.66998],[-97.91559,30.67014],[-97.91596,30.67033],[-97.91604,30.67037],[-97.91626,30.67048],[-97.91689,30.6708],[-97.91728,30.671],[-97.91739,30.67105],[-97.91759,30.67115],[-97.91792,30.67133],[-97.91852,30.67165],[-97.91858,30.67168],[-97.91915,30.67195],[-97.91974,30.67224],[-97.92033,30.67253],[-97.92038,30.67255],[-97.92057,30.67265],[-97.92103,30.67289],[-97.9212,30.67298],[-97.92163,30.6732],[-97.92226,30.67352],[-97.92286,30.67382],[-97.923,30.6739],[-97.92332,30.67406],[-97.92338,30.67409],[-97.92371,30.67426],[-97.92374,30.67428],[-97.92426,30.67453],[-97.9246,30.67467],[-97.92488,30.67478],[-97.92511,30.67484],[-97.92519,30.67486],[-97.92554,30.67496],[-97.92565,30.67498],[-97.92584,30.67503],[-97.92592,30.67505],[-97.92597,30.67506],[-97.92623,30.67511],[-97.92629,30.67513],[-97.92644,30.67515],[-97.92687,30.6752],[-97.92747,30.67522],[-97.92761,30.67522],[-97.92777,30.67522],[-97.92779,30.67522],[-97.92785,30.67522],[-97.92796,30.67521],[-97.92841,30.67518],[-97.92874,30.67515],[-97.92894,30.67512],[-97.92897,30.67512],[-97.92904,30.67511],[-97.93014,30.67495],[-97.93108,30.67481],[-97.93112,30.67481],[-97.93195,30.67469],[-97.93214,30.67468],[-97.93244,30.67465],[-97.93259,30.67464],[-97.93291,30.67464],[-97.93327,30.67463],[-97.93354,30.67463],[-97.93391,30.67465],[-97.93411,30.67468],[-97.93415,30.67468],[-97.93451,30.67472],[-97.93455,30.67473],[-97.93497,30.6748],[-97.9356,30.6749],[-97.93617,30.67501],[-97.93707,30.6752],[-97.93738,30.67527],[-97.93796,30.67539],[-97.93819,30.67545],[-97.93826,30.67547],[-97.93874,30.6756],[-97.93898,30.67567],[-97.93914,30.67571],[-97.93971,30.67589],[-97.93991,30.67596],[-97.94034,30.67612],[-97.94042,30.67615],[-97.94057,30.67621],[-97.94115,30.67645],[-97.94136,30.67654],[-97.94166,30.67666],[-97.94185,30.67675],[-97.94223,30.67691],[-97.94245,30.677],[-97.94285,30.67717],[-97.94378,30.67757],[-97.94477,30.67799],[-97.94549,30.6783],[-97.94613,30.67857],[-97.94644,30.67869],[-97.94675,30.6788],[-97.94701,30.67889],[-97.94735,30.67901],[-97.94774,30.6791],[-97.94818,30.67922],[-97.94847,30.67929],[-97.94894,30.67939],[-97.94967,30.67953],[-97.94992,30.67958],[-97.94997,30.67959],[-97.95062,30.6797],[-97.951,30.67977],[-97.95129,30.67983],[-97.9522,30.68],[-97.95246,30.68004],[-97.95328,30.68021],[-97.95368,30.68029],[-97.95408,30.68039],[-97.95415,30.68041],[-97.95442,30.68048],[-97.95522,30.68074],[-97.95575,30.68093],[-97.95624,30.68113],[-97.95652,30.68125],[-97.95701,30.68149],[-97.95758,30.68178],[-97.95784,30.68192],[-97.95794,30.68197],[-97.95847,30.6823],[-97.95865,30.68241],[-97.95947,30.68293],[-97.96025,30.68343],[-97.96053,30.68363],[-97.96126,30.6841],[-97.96214,30.68465],[-97.96217,30.68467],[-97.96291,30.68515],[-97.96318,30.68532],[-97.96322,30.68535],[-97.96409,30.68592],[-97.96457,30.68622],[-97.96537,30.68674],[-97.96736,30.68802],[-97.9685,30.68876],[-97.96901,30.68907],[-97.96928,30.68924],[-97.96959,30.68942],[-97.96974,30.68951],[-97.97022,30.68977],[-97.97081,30.69006],[-97.97141,30.69033],[-97.97182,30.69051],[-97.97582,30.69224],[-97.9764,30.6925],[-97.97643,30.6925],[-97.97708,30.69281],[-97.97913,30.69382],[-97.97918,30.69385],[-97.97926,30.69389],[-97.98075,30.69461],[-97.98158,30.69499],[-97.98214,30.69523],[-97.98239,30.69534],[-97.98246,30.69536],[-97.98326,30.69569],[-97.98369,30.69587],[-97.98532,30.69652],[-97.98702,30.6972],[-97.98715,30.69726],[-97.98725,30.6973],[-97.9878,30.69755],[-97.98817,30.69774],[-97.98844,30.69788],[-97.98854,30.69794],[-97.98888,30.69816],[-97.98903,30.69826],[-97.99007,30.69906],[-97.99019,30.69915],[-97.99106,30.69984],[-97.99192,30.70053],[-97.99333,30.70165],[-97.99442,30.70246],[-97.99454,30.70254],[-97.99579,30.70346],[-97.99724,30.7045],[-97.99844,30.70535],[-97.9994,30.70601],[-98.00015,30.70654],[-98.00077,30.70706],[-98.00116,30.70739],[-98.00153,30.70774],[-98.00207,30.70829],[-98.00221,30.70844],[-98.00374,30.7103],[-98.00427,30.71088],[-98.00471,30.71137],[-98.00503,30.71175],[-98.00512,30.71185],[-98.00571,30.71255],[-98.00607,30.71298],[-98.00648,30.71347],[-98.00698,30.71407],[-98.00737,30.71454],[-98.00757,30.71477],[-98.00762,30.71483],[-98.0077,30.71492],[-98.00772,30.71495],[-98.00804,30.71533],[-98.00861,30.716],[-98.00864,30.71604],[-98.00868,30.71609],[-98.00909,30.71658],[-98.00936,30.7169],[-98.00989,30.71754],[-98.01072,30.71852],[-98.01151,30.71945],[-98.01159,30.71954],[-98.01193,30.71991],[-98.01203,30.72002],[-98.01245,30.72042],[-98.01267,30.72064],[-98.01273,30.72069],[-98.01294,30.72088],[-98.01347,30.72136],[-98.01357,30.72143],[-98.01504,30.72252],[-98.01566,30.72298],[-98.01619,30.72337],[-98.01686,30.72385],[-98.01716,30.72407],[-98.01905,30.72545],[-98.01916,30.72552],[-98.0193,30.72563],[-98.01946,30.72575],[-98.01957,30.72584],[-98.02112,30.72695],[-98.02198,30.72756],[-98.02424,30.72918],[-98.02438,30.72929],[-98.02482,30.72961],[-98.02526,30.72994],[-98.02586,30.73038],[-98.02648,30.73084],[-98.02746,30.73156],[-98.0283,30.73218],[-98.02845,30.73229],[-98.02874,30.7325],[-98.02897,30.73267],[-98.02963,30.73315],[-98.03053,30.73379],[-98.03083,30.734],[-98.03103,30.73412],[-98.03136,30.7343],[-98.03161,30.7344],[-98.03189,30.73451],[-98.03222,30.73462],[-98.03252,30.7347],[-98.03284,30.73477],[-98.0331,30.73481],[-98.03333,30.73484],[-98.0336,30.73486],[-98.03386,30.73487],[-98.03391,30.73486],[-98.03419,30.73486],[-98.03429,30.73485],[-98.03526,30.73479],[-98.03584,30.73477],[-98.03614,30.73478],[-98.03628,30.73478],[-98.03678,30.73482],[-98.03708,30.73486],[-98.03743,30.73492],[-98.03783,30.73503],[-98.03801,30.73508],[-98.03813,30.73513],[-98.03846,30.73524],[-98.03898,30.73547],[-98.03969,30.73579],[-98.04007,30.73596],[-98.04024,30.73604],[-98.0412,30.73647],[-98.04168,30.7367],[-98.04228,30.73697],[-98.04246,30.73705],[-98.04295,30.73728],[-98.043,30.7373],[-98.04334,30.73746],[-98.04364,30.73759],[-98.04422,30.73786],[-98.04498,30.73819],[-98.04551,30.73843],[-98.04701,30.73912],[-98.04747,30.73933],[-98.04802,30.73958],[-98.04819,30.73966],[-98.0483,30.73971],[-98.0489,30.73998],[-98.04904,30.74005],[-98.04923,30.74013],[-98.04946,30.74024],[-98.04971,30.74035],[-98.05002,30.74049],[-98.05019,30.74057],[-98.05033,30.74064],[-98.05052,30.74072],[-98.05065,30.74078],[-98.05075,30.74084],[-98.05083,30.74088],[-98.05118,30.74108],[-98.05132,30.74117],[-98.05162,30.74134],[-98.05197,30.74159],[-98.05224,30.7418],[-98.05267,30.74213],[-98.05288,30.74231],[-98.05313,30.74251],[-98.05319,30.74256],[-98.05329,30.74264],[-98.05384,30.7431],[-98.05423,30.74342],[-98.05457,30.74363],[-98.0547,30.74371],[-98.05528,30.74398],[-98.05536,30.74401],[-98.05521,30.74427],[-98.05515,30.74436],[-98.05506,30.74452],[-98.05496,30.74466],[-98.05487,30.74479],[-98.05478,30.74492],[-98.05453,30.74534],[-98.05429,30.74573],[-98.05409,30.74608],[-98.05406,30.74611],[-98.05396,30.74621],[-98.05396,30.74621],[-98.0538,30.74629],[-98.0536,30.74637],[-98.05338,30.74646],[-98.05201,30.74697],[-98.0504,30.74756],[-98.05012,30.74771],[-98.05023,30.74797],[-98.05054,30.74871],[-98.05062,30.74892],[-98.05065,30.74898],[-98.05098,30.74977],[-98.05113,30.75012],[-98.05158,30.75119],[-98.05188,30.75187],[-98.05218,30.75261],[-98.05225,30.75278],[-98.05243,30.7532],[-98.05258,30.75356],[-98.05276,30.75396],[-98.05335,30.7554],[-98.05349,30.75568],[-98.05371,30.75627],[-98.05397,30.75688],[-98.05488,30.75905],[-98.05489,30.75907],[-98.05495,30.75919],[-98.05515,30.75969],[-98.05651,30.76284],[-98.0572,30.76449],[-98.05751,30.76521],[-98.05753,30.76525],[-98.05759,30.76538],[-98.05796,30.76628],[-98.05797,30.76632],[-98.05816,30.76675],[-98.05853,30.76761],[-98.05885,30.76835],[-98.05893,30.76854],[-98.05972,30.77038],[-98.06029,30.77171],[-98.06142,30.77439],[-98.06152,30.77461],[-98.06389,30.78016],[-98.06438,30.7813],[-98.06445,30.78147],[-98.06475,30.78217],[-98.06518,30.78312],[-98.06533,30.78344],[-98.06591,30.78473],[-98.06628,30.78555],[-98.06694,30.78701],[-98.06699,30.78711],[-98.06723,30.78766],[-98.06752,30.78828],[-98.06833,30.79037],[-98.0687,30.79133],[-98.06871,30.79136],[-98.0689,30.79184],[-98.06909,30.79229],[-98.0691,30.79233],[-98.06952,30.79342],[-98.06954,30.79346],[-98.07002,30.79473],[-98.07013,30.79502],[-98.07022,30.7955],[-98.07021,30.79586],[-98.0702,30.796],[-98.07018,30.79629],[-98.07,30.79691],[-98.06974,30.79734],[-98.06904,30.79834],[-98.06888,30.79856],[-98.06817,30.79955],[-98.06684,30.80143],[-98.06642,30.80203],[-98.06626,30.80231],[-98.06606,30.80285],[-98.06602,30.80325],[-98.06605,30.80383],[-98.06626,30.80435],[-98.0668,30.80521],[-98.06716,30.80573],[-98.06749,30.80612],[-98.06783,30.8065],[-98.06841,30.8072],[-98.06865,30.80756],[-98.06889,30.80797],[-98.06958,30.8093],[-98.06986,30.80978],[-98.07,30.81002],[-98.07059,30.81081],[-98.07103,30.8114],[-98.07259,30.81347],[-98.07295,30.81382],[-98.07326,30.81406],[-98.07374,30.81436],[-98.07436,30.81458],[-98.07736,30.81541],[-98.07823,30.81564],[-98.07871,30.81586],[-98.07877,30.81589],[-98.07893,30.81596],[-98.07948,30.81641],[-98.08005,30.81728],[-98.08042,30.81825],[-98.08199,30.8219],[-98.08236,30.8228],[-98.08246,30.82303],[-98.08259,30.82326],[-98.08271,30.82344],[-98.08288,30.82365],[-98.08311,30.8239],[-98.08315,30.82394],[-98.08327,30.82406],[-98.08331,30.82409],[-98.08346,30.8242],[-98.08364,30.82433],[-98.08385,30.82445],[-98.08417,30.82461],[-98.08571,30.82533],[-98.08583,30.82538],[-98.08674,30.82578],[-98.08758,30.82614],[-98.08843,30.82655],[-98.08874,30.82673],[-98.08904,30.82692],[-98.08932,30.82713],[-98.08949,30.82727],[-98.08966,30.82745],[-98.08981,30.82763],[-98.08993,30.82779],[-98.08995,30.82781],[-98.09007,30.82801],[-98.09015,30.82815],[-98.09026,30.82841],[-98.09028,30.82846],[-98.09033,30.82862],[-98.09043,30.82896],[-98.0907,30.82998],[-98.09072,30.83006],[-98.09081,30.83042],[-98.09109,30.83144],[-98.09128,30.83194],[-98.09142,30.83223],[-98.09176,30.83284],[-98.09317,30.83487],[-98.09332,30.83511],[-98.09439,30.83674],[-98.09446,30.83685],[-98.09472,30.83724],[-98.09493,30.83759],[-98.09499,30.83771],[-98.09525,30.83824],[-98.09542,30.83867],[-98.09591,30.84012],[-98.09623,30.84106],[-98.09651,30.8416],[-98.09677,30.84194],[-98.09691,30.84211],[-98.09726,30.8425],[-98.09779,30.84308],[-98.0981,30.84345],[-98.09814,30.8435],[-98.09817,30.84354],[-98.09827,30.84369],[-98.09841,30.84393],[-98.09875,30.84461],[-98.09921,30.84549],[-98.09942,30.84586],[-98.09959,30.84613],[-98.09966,30.84621],[-98.10042,30.84709],[-98.10124,30.84785],[-98.10201,30.84858],[-98.10336,30.84985],[-98.10625,30.85259],[-98.10662,30.85293],[-98.10703,30.8533],[-98.10783,30.85404],[-98.10787,30.85407],[-98.10794,30.85413],[-98.10816,30.8543],[-98.10846,30.8545],[-98.10871,30.85465],[-98.10875,30.85468],[-98.10915,30.85494],[-98.10945,30.85517],[-98.10973,30.85541],[-98.1098,30.85547],[-98.10989,30.85556],[-98.10992,30.85559],[-98.11011,30.85579],[-98.11031,30.85603],[-98.11055,30.85636],[-98.11094,30.8569],[-98.11099,30.85697],[-98.11147,30.85763],[-98.11209,30.85854],[-98.11209,30.85854],[-98.11069,30.859],[-98.1106,30.85903],[-98.10871,30.85959],[-98.10799,30.85985],[-98.10774,30.85993],[-98.10739,30.86002],[-98.10688,30.86014],[-98.10678,30.86017],[-98.10629,30.86027],[-98.10614,30.8603],[-98.10581,30.86035],[-98.10545,30.86041],[-98.10493,30.86048],[-98.1047,30.86052],[-98.10407,30.86058],[-98.10344,30.86063],[-98.10114,30.86073],[-98.09919,30.8608],[-98.09808,30.86085],[-98.09684,30.8609],[-98.0957,30.86095],[-98.09566,30.86095],[-98.09295,30.86106],[-98.0924,30.86108],[-98.08736,30.8613],[-98.08267,30.86148],[-98.08212,30.8615],[-98.07655,30.86173],[-98.07642,30.86174],[-98.07417,30.86185],[-98.07097,30.86197],[-98.06967,30.86203],[-98.06833,30.86212],[-98.06739,30.86225],[-98.06636,30.86244],[-98.06575,30.86254],[-98.06507,30.86271],[-98.06389,30.86307],[-98.06244,30.86353],[-98.06156,30.86381],[-98.05972,30.86438],[-98.05895,30.86462],[-98.05501,30.86592],[-98.05274,30.86666],[-98.05023,30.86752],[-98.0492,30.86782],[-98.04892,30.86793],[-98.0487,30.86803],[-98.04849,30.86815],[-98.04829,30.86829],[-98.0481,30.86842],[-98.04792,30.86858],[-98.04775,30.86876],[-98.04761,30.86892],[-98.04746,30.86911],[-98.04735,30.86929],[-98.04724,30.86949],[-98.04715,30.8697],[-98.04708,30.8699],[-98.04702,30.87011],[-98.04698,30.87027],[-98.04694,30.87064],[-98.04695,30.87078],[-98.04697,30.87116],[-98.04703,30.87144],[-98.04711,30.87167],[-98.04722,30.87194],[-98.04731,30.8721],[-98.04878,30.87549],[-98.04983,30.87791],[-98.05072,30.87994],[-98.05086,30.88024],[-98.05103,30.88087],[-98.05141,30.88172],[-98.05158,30.88213],[-98.05176,30.88253],[-98.05193,30.88298],[-98.05206,30.88337],[-98.05219,30.88389],[-98.0522,30.88395],[-98.05223,30.8841],[-98.05236,30.88455],[-98.05238,30.88485],[-98.05239,30.88508],[-98.05239,30.88546],[-98.05239,30.8855],[-98.05237,30.88574],[-98.05233,30.8861],[-98.05228,30.88636],[-98.05225,30.88652],[-98.05217,30.88688],[-98.05206,30.88725],[-98.05197,30.88753],[-98.05177,30.88802],[-98.05173,30.88812],[-98.0516,30.88838],[-98.05142,30.88872],[-98.05114,30.88916],[-98.051,30.88937],[-98.05076,30.88969],[-98.05074,30.88971],[-98.05061,30.88987],[-98.05048,30.89002],[-98.05022,30.8903],[-98.0501,30.89043],[-98.05007,30.89047],[-98.04967,30.89093],[-98.04938,30.89128],[-98.049,30.89173],[-98.04877,30.89205],[-98.04857,30.89238],[-98.04838,30.89272],[-98.04818,30.89313],[-98.04811,30.8933],[-98.04803,30.89349],[-98.0477,30.89446],[-98.04717,30.89605],[-98.04702,30.89642],[-98.04685,30.89683],[-98.04673,30.89707],[-98.0463,30.89777],[-98.04619,30.89793],[-98.04609,30.89808],[-98.04503,30.89959],[-98.04488,30.89982],[-98.04457,30.9003],[-98.04432,30.9007],[-98.04396,30.90126],[-98.0429,30.90289],[-98.04268,30.90328],[-98.04265,30.90332],[-98.04261,30.9034],[-98.04225,30.90409],[-98.04216,30.9043],[-98.04157,30.90562],[-98.04142,30.90593],[-98.04107,30.90655],[-98.04062,30.90731],[-98.04032,30.90782],[-98.03981,30.90855],[-98.03953,30.90895],[-98.03942,30.90911],[-98.03871,30.90984],[-98.03852,30.91003],[-98.03698,30.91148],[-98.03661,30.91182],[-98.03641,30.91203],[-98.03604,30.91244],[-98.036,30.91248],[-98.0359,30.9126],[-98.0358,30.91272],[-98.03558,30.913],[-98.03484,30.91403],[-98.03341,30.91596],[-98.03149,30.91857],[-98.03111,30.91909],[-98.03107,30.91914],[-98.0303,30.92011],[-98.02988,30.92058],[-98.02951,30.92105],[-98.02786,30.923],[-98.0275,30.92341],[-98.02694,30.92405],[-98.02636,30.92472],[-98.02581,30.92536],[-98.02523,30.92604],[-98.0246,30.9268],[-98.0245,30.92694],[-98.02442,30.92705],[-98.02428,30.92719],[-98.02417,30.92729],[-98.02402,30.92739],[-98.02388,30.92747],[-98.02377,30.92752],[-98.02373,30.92754],[-98.0235,30.9277],[-98.02313,30.92792],[-98.02214,30.92853],[-98.02201,30.9286],[-98.02175,30.92876],[-98.02123,30.92908],[-98.0189,30.93052],[-98.0183,30.93089],[-98.01636,30.93207],[-98.01616,30.93221],[-98.01595,30.93237],[-98.01562,30.93266],[-98.0154,30.93287],[-98.01533,30.93296],[-98.01522,30.93308],[-98.01503,30.93333],[-98.01449,30.93432],[-98.01449,30.93433],[-98.01368,30.93399],[-98.00695,30.93034],[-98.00628,30.92997],[-98.00585,30.92974],[-98.00502,30.92932],[-98.00417,30.929],[-98.00367,30.92883],[-98.00316,30.92868],[-98.00244,30.9285],[-98.00204,30.9284],[-98.00156,30.92829],[-98.00092,30.92815],[-97.99985,30.92799],[-97.99903,30.92789],[-97.99895,30.92788],[-97.99645,30.92758],[-97.99638,30.92757],[-97.99528,30.92743],[-97.99513,30.92741],[-97.99366,30.92723],[-97.99347,30.92721],[-97.99201,30.92704],[-97.99106,30.92692],[-97.99091,30.9269],[-97.99009,30.92677],[-97.98977,30.9267],[-97.98955,30.92664],[-97.98942,30.9266],[-97.98921,30.92653],[-97.98892,30.92641],[-97.98866,30.92629],[-97.98838,30.92614],[-97.98813,30.92598],[-97.98787,30.92579],[-97.98766,30.92562],[-97.98744,30.92542],[-97.9871,30.92506],[-97.98646,30.92437],[-97.9856,30.92343],[-97.98476,30.92252],[-97.9846,30.92236],[-97.98387,30.92157],[-97.98219,30.91974],[-97.98163,30.91914],[-97.98154,30.91904],[-97.98012,30.91747],[-97.97896,30.91623],[-97.97796,30.91515],[-97.9763,30.91336],[-97.97603,30.91306],[-97.97579,30.91281],[-97.97571,30.91271],[-97.97545,30.91241],[-97.97524,30.91215],[-97.97496,30.91174],[-97.97236,30.90751],[-97.97156,30.90621],[-97.97093,30.9051],[-97.97014,30.90396],[-97.96965,30.90332],[-97.9689,30.90248],[-97.9627,30.89595],[-97.96141,30.89459],[-97.96105,30.89426],[-97.96067,30.8939],[-97.9603,30.89357],[-97.95971,30.89315],[-97.95882,30.89266],[-97.95867,30.89257],[-97.95842,30.89247],[-97.95655,30.89168],[-97.95406,30.89072],[-97.95361,30.89058],[-97.953,30.89043],[-97.95247,30.89034],[-97.9523,30.89031],[-97.95178,30.89024],[-97.95166,30.89022],[-97.95096,30.89019],[-97.94897,30.89014],[-97.94582,30.89008],[-97.94235,30.88999],[-97.94047,30.88995],[-97.93983,30.88994],[-97.9354,30.88993],[-97.9353,30.88993],[-97.93513,30.88993],[-97.93454,30.88993],[-97.93431,30.88992],[-97.9339,30.8899],[-97.93358,30.88987],[-97.9333,30.88982],[-97.93302,30.88977],[-97.93272,30.8897],[-97.93239,30.88961],[-97.93205,30.88949],[-97.93191,30.88944],[-97.93171,30.88936],[-97.93134,30.88921],[-97.93116,30.88913],[-97.93007,30.88866],[-97.92969,30.88849],[-97.92933,30.88833],[-97.92902,30.88817],[-97.92863,30.88797],[-97.92839,30.88784],[-97.92769,30.88745],[-97.92739,30.88728],[-97.92645,30.88674],[-97.92593,30.88646],[-97.92493,30.88591],[-97.92445,30.88564],[-97.92339,30.88504],[-97.92318,30.88492],[-97.92312,30.88488],[-97.92298,30.88479],[-97.92275,30.88464],[-97.92257,30.88451],[-97.92239,30.88436],[-97.9222,30.88419],[-97.92202,30.88403],[-97.92183,30.88384],[-97.92168,30.88368],[-97.92155,30.88351],[-97.92142,30.88335],[-97.9213,30.88318],[-97.92113,30.8829],[-97.92107,30.88278],[-97.921,30.88266],[-97.92092,30.8825],[-97.92078,30.88218],[-97.92038,30.88125],[-97.92009,30.88055],[-97.91995,30.88023],[-97.91828,30.87627],[-97.91515,30.86849],[-97.91439,30.86673],[-97.91427,30.86645],[-97.91177,30.86075],[-97.91164,30.86046],[-97.91035,30.85743],[-97.9085,30.85287],[-97.90789,30.85155],[-97.9072,30.84986],[-97.9066,30.84839],[-97.90648,30.84809],[-97.90605,30.847],[-97.90515,30.84417],[-97.90511,30.84401],[-97.90488,30.84322],[-97.90442,30.84172],[-97.90432,30.84141],[-97.90366,30.83991],[-97.90319,30.83879],[-97.90317,30.83876],[-97.90297,30.83824],[-97.90223,30.83645],[-97.90196,30.83581],[-97.90165,30.83513],[-97.90075,30.8329],[-97.89984,30.83065],[-97.89875,30.82807],[-97.8986,30.82767],[-97.89842,30.82724],[-97.8984,30.8272],[-97.89826,30.82685],[-97.89767,30.82544],[-97.89763,30.82532],[-97.89756,30.82516],[-97.89743,30.82485],[-97.89738,30.82472],[-97.89735,30.82465],[-97.89734,30.82463],[-97.89732,30.82459],[-97.89712,30.82411],[-97.89702,30.82386],[-97.89662,30.8229],[-97.89658,30.82279],[-97.89634,30.82223],[-97.89585,30.82105],[-97.89583,30.82099],[-97.89569,30.82066],[-97.89545,30.82007],[-97.89532,30.81975],[-97.89485,30.81865],[-97.89474,30.81838],[-97.89456,30.81795],[-97.89445,30.81768],[-97.89441,30.81759],[-97.89432,30.81738],[-97.89408,30.8168],[-97.89167,30.81098],[-97.89164,30.81092],[-97.89155,30.8107],[-97.89115,30.8097],[-97.88932,30.80529],[-97.8872,30.80017],[-97.88629,30.79798],[-97.88569,30.79655],[-97.88543,30.79593],[-97.88522,30.79541],[-97.8835,30.79124],[-97.88264,30.78917],[-97.88228,30.78829],[-97.8822,30.78809],[-97.88022,30.78332],[-97.88019,30.78325],[-97.87877,30.77984],[-97.87837,30.77886],[-97.87818,30.7784],[-97.87803,30.77802],[-97.87761,30.77696],[-97.87745,30.77648],[-97.8773,30.77595],[-97.87717,30.77542],[-97.87708,30.7749],[-97.87692,30.77385],[-97.87689,30.77347],[-97.87686,30.77309],[-97.87682,30.77129],[-97.87672,30.76211],[-97.87671,30.76159],[-97.87671,30.76139],[-97.8767,30.76048],[-97.87665,30.75714],[-97.87665,30.75666],[-97.87664,30.75618],[-97.87662,30.75421],[-97.87658,30.75114],[-97.87658,30.7509],[-97.87652,30.74582],[-97.87646,30.7417],[-97.87646,30.74144],[-97.87645,30.74072],[-97.87645,30.7399],[-97.87642,30.73832],[-97.87642,30.73808],[-97.87641,30.73728],[-97.87641,30.73717],[-97.87639,30.73607],[-97.87637,30.73514],[-97.87637,30.73407],[-97.87636,30.73268],[-97.87635,30.73264],[-97.87634,30.73177],[-97.87629,30.72915],[-97.87627,30.72594],[-97.87628,30.72524],[-97.8764,30.7228],[-97.87642,30.72245],[-97.87646,30.72172],[-97.87649,30.72124],[-97.87651,30.72085],[-97.87654,30.72033],[-97.8766,30.71936],[-97.87674,30.71725],[-97.87681,30.71582],[-97.87686,30.71492],[-97.87691,30.71428],[-97.87692,30.71413],[-97.87703,30.7122],[-97.87709,30.71131],[-97.87717,30.70998],[-97.87723,30.70898],[-97.87728,30.70824],[-97.87735,30.70705],[-97.87741,30.70574],[-97.87742,30.70559],[-97.87746,30.70523],[-97.87748,30.70504],[-97.87751,30.70451],[-97.87757,30.70356],[-97.87762,30.70251],[-97.87767,30.70157],[-97.87776,30.70019],[-97.87778,30.69984],[-97.8778,30.69947],[-97.87784,30.69883],[-97.87791,30.69765],[-97.87792,30.69756],[-97.87794,30.69719],[-97.87796,30.69708],[-97.87802,30.69656],[-97.87811,30.696],[-97.87823,30.69526],[-97.8783,30.69484],[-97.87849,30.69369],[-97.87873,30.69222],[-97.87873,30.6922],[-97.8788,30.69175],[-97.87885,30.69134],[-97.87891,30.69087],[-97.87894,30.69054],[-97.87897,30.69001],[-97.87897,30.68957],[-97.87897,30.68933],[-97.87897,30.68885],[-97.87899,30.6879],[-97.879,30.68707],[-97.87901,30.68609],[-97.87901,30.68351],[-97.87901,30.68143],[-97.87901,30.68117],[-97.87901,30.68109],[-97.87902,30.67983],[-97.87903,30.67905],[-97.87905,30.67866],[-97.87905,30.67836],[-97.87908,30.678],[-97.8791,30.67758],[-97.87911,30.6775],[-97.87911,30.67746],[-97.87918,30.67696],[-97.87933,30.67577],[-97.87953,30.6741],[-97.87969,30.6727],[-97.87969,30.67266],[-97.87975,30.67222],[-97.87998,30.67033],[-97.88,30.67016],[-97.88012,30.66916],[-97.88022,30.66836],[-97.88038,30.66708],[-97.88039,30.6668],[-97.88039,30.66662],[-97.88036,30.66611],[-97.88025,30.66545],[-97.88006,30.66464],[-97.88001,30.6643],[-97.87991,30.66387],[-97.87982,30.66349],[-97.87977,30.66325],[-97.8797,30.66292],[-97.8796,30.66235],[-97.87932,30.6606],[-97.87919,30.66014],[-97.87904,30.65964],[-97.87868,30.65856],[-97.87814,30.6573],[-97.87808,30.65715],[-97.87772,30.65626],[-97.87757,30.65589],[-97.87741,30.65552],[-97.87712,30.65487],[-97.87701,30.65458],[-97.87697,30.6545],[-97.87665,30.65373],[-97.87737,30.65399],[-97.87744,30.65402]],"type":"LineString"}},{"type":"Feature","properties":{"route":"Briggs, Oakalla & RM 963 Loop","category":"Savannah & Prairie Sweeps","color":"#27ae60","waypoints":["US 183 / CR 218","Briggs","FM 2657","Oakalla","RM 963","Watson","US 183"],"via":"US 183 -> Briggs -> FM 2657 North -> Oakalla -> RM 963 West -> Watson -> US 183 South","distance_mi":23.1,"source":"road-snapped","id":"briggs-oakalla-rm-963-loop"},"geometry":{"coordinates":[[-97.92458,30.88571],[-97.92493,30.88591],[-97.92593,30.88646],[-97.92645,30.88674],[-97.92739,30.88728],[-97.9274,30.88745],[-97.9274,30.88754],[-97.92744,30.88763],[-97.92799,30.88902],[-97.92744,30.88919],[-97.92674,30.88941],[-97.92556,30.8898],[-97.92543,30.88984],[-97.92528,30.88988],[-97.92516,30.88992],[-97.92508,30.88996],[-97.92482,30.89003],[-97.92289,30.89064],[-97.92179,30.89097],[-97.92101,30.89122],[-97.92045,30.8914],[-97.91985,30.89159],[-97.91953,30.89169],[-97.91827,30.89207],[-97.9169,30.8925],[-97.91533,30.89298],[-97.91403,30.89339],[-97.91294,30.89373],[-97.91264,30.89382],[-97.91245,30.89389],[-97.91175,30.8941],[-97.91108,30.89431],[-97.91072,30.89442],[-97.9103,30.89455],[-97.91013,30.8946],[-97.909,30.89495],[-97.90783,30.89531],[-97.90733,30.89546],[-97.90648,30.89572],[-97.9059,30.8959],[-97.90501,30.89619],[-97.90414,30.89644],[-97.90387,30.89654],[-97.90359,30.89667],[-97.90334,30.89681],[-97.9031,30.89697],[-97.90286,30.89713],[-97.90269,30.8973],[-97.90251,30.89748],[-97.90244,30.89761],[-97.90233,30.89776],[-97.90218,30.89799],[-97.90202,30.89832],[-97.90186,30.89872],[-97.90173,30.89908],[-97.90145,30.89985],[-97.90065,30.90202],[-97.90052,30.90242],[-97.90041,30.90279],[-97.90034,30.90319],[-97.90028,30.90357],[-97.90027,30.90376],[-97.90021,30.90476],[-97.90021,30.90487],[-97.90012,30.90677],[-97.90004,30.90789],[-97.89999,30.90897],[-97.89997,30.9093],[-97.89993,30.90955],[-97.89988,30.90979],[-97.89981,30.91002],[-97.89972,30.91024],[-97.89956,30.91054],[-97.89937,30.91082],[-97.89918,30.91104],[-97.89901,30.9112],[-97.89871,30.91145],[-97.8978,30.91213],[-97.8973,30.91252],[-97.8971,30.91267],[-97.8968,30.91291],[-97.89659,30.91308],[-97.89639,30.91328],[-97.89624,30.91343],[-97.89614,30.91358],[-97.89602,30.91375],[-97.89592,30.91393],[-97.89583,30.91411],[-97.89575,30.91434],[-97.89567,30.91461],[-97.89562,30.91488],[-97.89561,30.91506],[-97.8956,30.91531],[-97.89561,30.91552],[-97.89564,30.91575],[-97.89567,30.91589],[-97.89575,30.91611],[-97.89581,30.9163],[-97.89585,30.91637],[-97.89661,30.91816],[-97.89667,30.9183],[-97.89749,30.92013],[-97.89766,30.92049],[-97.89857,30.92261],[-97.8998,30.92543],[-97.90031,30.92661],[-97.90034,30.92668],[-97.90112,30.92849],[-97.9014,30.92914],[-97.90145,30.92927],[-97.90167,30.92976],[-97.9022,30.93104],[-97.90258,30.93189],[-97.90286,30.93256],[-97.90544,30.93887],[-97.90581,30.9397],[-97.90591,30.94],[-97.90597,30.94024],[-97.906,30.94059],[-97.90601,30.94078],[-97.90601,30.94088],[-97.90601,30.94091],[-97.90599,30.94124],[-97.90591,30.94163],[-97.90574,30.942],[-97.90554,30.94235],[-97.90529,30.94265],[-97.90494,30.94301],[-97.90446,30.94339],[-97.90427,30.94348],[-97.904,30.94361],[-97.90274,30.94405],[-97.90267,30.94407],[-97.90242,30.94415],[-97.90161,30.9444],[-97.90157,30.94441],[-97.90012,30.94486],[-97.89932,30.94513],[-97.89888,30.94527],[-97.89813,30.94552],[-97.89788,30.94561],[-97.89771,30.94568],[-97.8975,30.9458],[-97.89719,30.946],[-97.89717,30.946],[-97.89696,30.94619],[-97.89689,30.94625],[-97.89671,30.9464],[-97.89644,30.94672],[-97.89626,30.94702],[-97.89603,30.9475],[-97.89591,30.94795],[-97.89587,30.9483],[-97.89587,30.94864],[-97.89589,30.94893],[-97.89597,30.94925],[-97.89608,30.94955],[-97.89629,30.95008],[-97.89781,30.95362],[-97.89874,30.95583],[-97.89916,30.95683],[-97.89922,30.95695],[-97.89936,30.95723],[-97.89955,30.95755],[-97.89986,30.95793],[-97.90032,30.9584],[-97.90082,30.95882],[-97.90125,30.9591],[-97.90132,30.95915],[-97.90136,30.95917],[-97.90309,30.96015],[-97.90341,30.96034],[-97.90371,30.96053],[-97.90399,30.96072],[-97.90428,30.96094],[-97.90449,30.96112],[-97.90473,30.96136],[-97.90499,30.96163],[-97.90522,30.96194],[-97.9054,30.9622],[-97.90563,30.96256],[-97.90605,30.96327],[-97.90689,30.96463],[-97.90743,30.96554],[-97.90755,30.96576],[-97.9079,30.96634],[-97.90814,30.96673],[-97.90868,30.96763],[-97.90919,30.9685],[-97.90975,30.9693],[-97.91056,30.97032],[-97.91105,30.97083],[-97.91214,30.97191],[-97.91345,30.97321],[-97.91378,30.97352],[-97.9144,30.97414],[-97.91569,30.9754],[-97.91575,30.97546],[-97.91579,30.9755],[-97.91588,30.97559],[-97.91765,30.97733],[-97.91815,30.97789],[-97.91844,30.97835],[-97.9188,30.97894],[-97.91922,30.97973],[-97.91945,30.98015],[-97.91946,30.98016],[-97.91969,30.98066],[-97.9197,30.98068],[-97.91989,30.98128],[-97.92,30.98126],[-97.92011,30.98125],[-97.9202,30.98126],[-97.92028,30.98129],[-97.9204,30.9814],[-97.92047,30.98153],[-97.92058,30.98173],[-97.92059,30.98175],[-97.92089,30.98243],[-97.92099,30.98265],[-97.92108,30.98285],[-97.92122,30.98319],[-97.92133,30.98337],[-97.92149,30.98355],[-97.9216,30.98364],[-97.92181,30.9838],[-97.92203,30.98398],[-97.92222,30.9842],[-97.92233,30.98435],[-97.92249,30.98462],[-97.92283,30.98515],[-97.92304,30.98544],[-97.92334,30.98582],[-97.92343,30.98592],[-97.92364,30.98614],[-97.9237,30.9862],[-97.92378,30.98627],[-97.92391,30.98636],[-97.92408,30.98643],[-97.92415,30.98645],[-97.9243,30.98647],[-97.92446,30.98647],[-97.92459,30.98647],[-97.9247,30.98646],[-97.92487,30.98643],[-97.92502,30.9864],[-97.92516,30.98636],[-97.92524,30.98634],[-97.9253,30.98631],[-97.92538,30.98628],[-97.92552,30.98623],[-97.92564,30.98617],[-97.92616,30.98583],[-97.92644,30.98564],[-97.92717,30.98514],[-97.92742,30.98498],[-97.9293,30.98371],[-97.92952,30.98355],[-97.92975,30.98333],[-97.92987,30.98322],[-97.9306,30.98243],[-97.93084,30.98221],[-97.93128,30.98186],[-97.93233,30.98112],[-97.93265,30.98086],[-97.9328,30.98073],[-97.93294,30.9806],[-97.9331,30.9804],[-97.9332,30.98025],[-97.93333,30.98],[-97.9334,30.97984],[-97.93382,30.97866],[-97.93418,30.97769],[-97.9343,30.97742],[-97.93438,30.97728],[-97.93454,30.97702],[-97.9347,30.97678],[-97.93493,30.97652],[-97.93543,30.97601],[-97.93557,30.97587],[-97.93609,30.97538],[-97.93622,30.97525],[-97.93641,30.97509],[-97.93669,30.97493],[-97.93698,30.97478],[-97.93724,30.97467],[-97.9375,30.97459],[-97.93781,30.97452],[-97.93842,30.97443],[-97.93984,30.9742],[-97.94015,30.97415],[-97.94197,30.97386],[-97.944,30.97354],[-97.946,30.97322],[-97.94634,30.97311],[-97.94653,30.97305],[-97.94683,30.97292],[-97.94706,30.97278],[-97.94712,30.97275],[-97.94726,30.97266],[-97.94803,30.97212],[-97.94858,30.97174],[-97.94887,30.97152],[-97.94938,30.97112],[-97.94966,30.97087],[-97.9499,30.9706],[-97.95009,30.97038],[-97.95027,30.97013],[-97.95064,30.96963],[-97.95193,30.96793],[-97.95226,30.96749],[-97.95298,30.96654],[-97.95364,30.96569],[-97.95435,30.96474],[-97.95439,30.96468],[-97.95527,30.96353],[-97.95613,30.96238],[-97.95615,30.96235],[-97.95626,30.96223],[-97.95628,30.9622],[-97.95644,30.96203],[-97.95651,30.96198],[-97.95659,30.96192],[-97.95673,30.96183],[-97.9569,30.96173],[-97.9571,30.96164],[-97.95802,30.96116],[-97.95833,30.96103],[-97.95843,30.96097],[-97.95852,30.9609],[-97.95866,30.96077],[-97.95869,30.96074],[-97.95879,30.96063],[-97.95891,30.9604],[-97.959,30.96009],[-97.95902,30.95984],[-97.95903,30.95966],[-97.95901,30.95923],[-97.959,30.95848],[-97.95905,30.95817],[-97.95908,30.95805],[-97.95917,30.95786],[-97.95931,30.95766],[-97.95948,30.95749],[-97.95964,30.95736],[-97.96054,30.95687],[-97.96097,30.95662],[-97.9618,30.95605],[-97.96229,30.95573],[-97.96243,30.95564],[-97.96256,30.95555],[-97.96272,30.95541],[-97.96286,30.95522],[-97.96298,30.95496],[-97.963,30.9549],[-97.96305,30.95468],[-97.96306,30.95442],[-97.96295,30.95393],[-97.96267,30.95283],[-97.96265,30.95261],[-97.96267,30.95239],[-97.96275,30.95216],[-97.96278,30.9521],[-97.96283,30.95201],[-97.96292,30.95186],[-97.96315,30.95163],[-97.96335,30.95151],[-97.96357,30.95141],[-97.96363,30.95138],[-97.96413,30.95122],[-97.96505,30.95098],[-97.9674,30.95033],[-97.96856,30.95001],[-97.96932,30.9498],[-97.97162,30.94914],[-97.97262,30.94885],[-97.97285,30.94877],[-97.97306,30.94867],[-97.97335,30.94851],[-97.97365,30.9483],[-97.97461,30.94757],[-97.97487,30.94742],[-97.97508,30.94732],[-97.97537,30.94719],[-97.97578,30.94706],[-97.97646,30.94691],[-97.97669,30.94687],[-97.97697,30.94681],[-97.9772,30.94675],[-97.97788,30.94664],[-97.97849,30.94652],[-97.9801,30.94618],[-97.98033,30.94611],[-97.98063,30.94597],[-97.98085,30.94583],[-97.98156,30.94531],[-97.98257,30.94461],[-97.98275,30.94452],[-97.983,30.94443],[-97.98321,30.9444],[-97.9834,30.94438],[-97.98364,30.94439],[-97.98388,30.94442],[-97.98406,30.94446],[-97.98411,30.94448],[-97.98421,30.94451],[-97.9844,30.9446],[-97.9845,30.94466],[-97.98469,30.94482],[-97.98547,30.94567],[-97.98647,30.9466],[-97.98658,30.94669],[-97.98677,30.94681],[-97.98694,30.94691],[-97.98711,30.94699],[-97.98739,30.9471],[-97.98758,30.94715],[-97.98785,30.94718],[-97.98832,30.9472],[-97.98874,30.94713],[-97.9891,30.94702],[-97.98924,30.94698],[-97.98983,30.94675],[-97.99084,30.94637],[-97.99109,30.94625],[-97.99131,30.94607],[-97.99146,30.94592],[-97.99158,30.94573],[-97.99165,30.94556],[-97.99168,30.94546],[-97.99172,30.94529],[-97.99173,30.94499],[-97.99174,30.9445],[-97.99182,30.94427],[-97.99193,30.94406],[-97.99205,30.94391],[-97.99218,30.94378],[-97.99233,30.94367],[-97.99255,30.94354],[-97.99421,30.94295],[-97.9943,30.94292],[-97.99491,30.94271],[-97.99526,30.94261],[-97.99591,30.94241],[-97.99654,30.94226],[-97.99735,30.94202],[-97.9984,30.94165],[-97.99884,30.94148],[-97.99904,30.94138],[-97.99924,30.94127],[-97.99942,30.94113],[-97.99957,30.94101],[-97.99967,30.94091],[-97.99976,30.94079],[-97.99995,30.9405],[-97.99999,30.9404],[-98.00001,30.94034],[-98.0003,30.93976],[-98.00042,30.93963],[-98.00053,30.9395],[-98.00083,30.93926],[-98.0009,30.93921],[-98.00102,30.93913],[-98.0012,30.93905],[-98.00154,30.9389],[-98.00169,30.93886],[-98.00172,30.93885],[-98.00191,30.93879],[-98.00482,30.93789],[-98.00503,30.93782],[-98.00513,30.93779],[-98.00732,30.93711],[-98.00784,30.93695],[-98.00873,30.93665],[-98.01031,30.93617],[-98.01037,30.93616],[-98.0122,30.93558],[-98.01313,30.93532],[-98.01356,30.93515],[-98.01399,30.93492],[-98.01418,30.93475],[-98.01431,30.9346],[-98.01449,30.93433],[-98.01449,30.93433],[-98.01368,30.93399],[-98.00695,30.93034],[-98.00628,30.92997],[-98.00585,30.92974],[-98.00502,30.92932],[-98.00417,30.929],[-98.00367,30.92883],[-98.00316,30.92868],[-98.00244,30.9285],[-98.00204,30.9284],[-98.00156,30.92829],[-98.00092,30.92815],[-97.99985,30.92799],[-97.99903,30.92789],[-97.99895,30.92788],[-97.99645,30.92758],[-97.99638,30.92757],[-97.99528,30.92743],[-97.99513,30.92741],[-97.99366,30.92723],[-97.99347,30.92721],[-97.99201,30.92704],[-97.99106,30.92692],[-97.99091,30.9269],[-97.99009,30.92677],[-97.98977,30.9267],[-97.98955,30.92664],[-97.98942,30.9266],[-97.98921,30.92653],[-97.98892,30.92641],[-97.98866,30.92629],[-97.98838,30.92614],[-97.98813,30.92598],[-97.98787,30.92579],[-97.98766,30.92562],[-97.98744,30.92542],[-97.9871,30.92506],[-97.98646,30.92437],[-97.9856,30.92343],[-97.98476,30.92252],[-97.9846,30.92236],[-97.98387,30.92157],[-97.98219,30.91974],[-97.98163,30.91914],[-97.98154,30.91904],[-97.98012,30.91747],[-97.97896,30.91623],[-97.97796,30.91515],[-97.9763,30.91336],[-97.97603,30.91306],[-97.97579,30.91281],[-97.97571,30.91271],[-97.97545,30.91241],[-97.97524,30.91215],[-97.97496,30.91174],[-97.97236,30.90751],[-97.97156,30.90621],[-97.97093,30.9051],[-97.97014,30.90396],[-97.96965,30.90332],[-97.9689,30.90248],[-97.9627,30.89595],[-97.96141,30.89459],[-97.96105,30.89426],[-97.96067,30.8939],[-97.9603,30.89357],[-97.95971,30.89315],[-97.95882,30.89266],[-97.95867,30.89257],[-97.95842,30.89247],[-97.95655,30.89168],[-97.95406,30.89072],[-97.95361,30.89058],[-97.953,30.89043],[-97.95247,30.89034],[-97.9523,30.89031],[-97.95178,30.89024],[-97.95166,30.89022],[-97.95096,30.89019],[-97.94897,30.89014],[-97.94582,30.89008],[-97.94235,30.88999],[-97.94047,30.88995],[-97.93983,30.88994],[-97.9354,30.88993],[-97.9353,30.88993],[-97.93513,30.88993],[-97.93454,30.88993],[-97.93431,30.88992],[-97.9339,30.8899],[-97.93358,30.88987],[-97.9333,30.88982],[-97.93302,30.88977],[-97.93272,30.8897],[-97.93239,30.88961],[-97.93205,30.88949],[-97.93191,30.88944],[-97.93171,30.88936],[-97.93134,30.88921],[-97.93116,30.88913],[-97.93007,30.88866],[-97.92969,30.88849],[-97.92933,30.88833],[-97.92902,30.88817],[-97.92863,30.88797],[-97.92839,30.88784],[-97.92769,30.88745],[-97.92739,30.88728],[-97.92645,30.88674],[-97.92593,30.88646],[-97.92493,30.88591],[-97.92458,30.88571]],"type":"LineString"}}]}