{
  "type": "FeatureCollection",
  "features": [
    {
      "type": "Feature",
      "properties": {
        "route": "Austin to Llano - Hill Country Blast",
        "category": "Twisties & Canyons",
        "color": "#e74c3c",
        "distance_mi": 179.5,
        "waypoints": [
          "Austin (Four Points)",
          "Mansfield Dam",
          "Bee Cave",
          "Spicewood",
          "Llano",
          "Inks Lake",
          "Park Road 4",
          "Longhorn Cavern",
          "Burnet",
          "Cow Creek Road",
          "Balcones Canyonlands",
          "Lime Creek Road",
          "Volente"
        ],
        "via": "RM 620 South -> TX 71 West -> Llano -> TX 29 East -> RM 1431 -> Park Road 4 (Inks Lake & Longhorn Cavern) -> US 281 North -> Burnet -> RM 1174 South (Cow Creek Rd) -> RM 1431 East -> Lime Creek Rd -> Volente -> Bullick Hollow Rd",
        "source": "road-snapped"
      },
      "geometry": {
        "type": "LineString",
        "coordinates": [
          [
            -97.850484,
            30.41066
          ],
          [
            -97.850534,
            30.410561
          ],
          [
            -97.850545,
            30.410539
          ],
          [
            -97.850625,
            30.410382
          ],
          [
            -97.850712,
            30.410209
          ],
          [
            -97.850799,
            30.410036
          ],
          [
            -97.850905,
            30.409824
          ],
          [
            -97.850947,
            30.409741
          ],
          [
            -97.85109,
            30.409458
          ],
          [
            -97.851138,
            30.409361
          ],
          [
            -97.851196,
            30.409246
          ],
          [
            -97.851205,
            30.409229
          ],
          [
            -97.851329,
            30.408979
          ],
          [
            -97.85142,
            30.408796
          ],
          [
            -97.851456,
            30.408724
          ],
          [
            -97.851554,
            30.408525
          ],
          [
            -97.851594,
            30.408445
          ],
          [
            -97.851637,
            30.408359
          ],
          [
            -97.851724,
            30.408183
          ],
          [
            -97.851795,
            30.408041
          ],
          [
            -97.851851,
            30.40793
          ],
          [
            -97.852112,
            30.407404
          ],
          [
            -97.85215,
            30.407327
          ],
          [
            -97.852271,
            30.407078
          ],
          [
            -97.852443,
            30.406723
          ],
          [
            -97.852473,
            30.406661
          ],
          [
            -97.852531,
            30.406558
          ],
          [
            -97.852589,
            30.406455
          ],
          [
            -97.852697,
            30.406251
          ],
          [
            -97.853186,
            30.405327
          ],
          [
            -97.853415,
            30.404899
          ],
          [
            -97.853555,
            30.404627
          ],
          [
            -97.853705,
            30.404333
          ],
          [
            -97.853838,
            30.404073
          ],
          [
            -97.853994,
            30.403786
          ],
          [
            -97.854064,
            30.403653
          ],
          [
            -97.854111,
            30.403563
          ],
          [
            -97.854243,
            30.40331
          ],
          [
            -97.854417,
            30.402978
          ],
          [
            -97.854476,
            30.402865
          ],
          [
            -97.854599,
            30.402631
          ],
          [
            -97.854779,
            30.402286
          ],
          [
            -97.854814,
            30.40222
          ],
          [
            -97.854937,
            30.401985
          ],
          [
            -97.854992,
            30.401879
          ],
          [
            -97.855051,
            30.401766
          ],
          [
            -97.855155,
            30.401568
          ],
          [
            -97.855413,
            30.401076
          ],
          [
            -97.855598,
            30.400721
          ],
          [
            -97.855683,
            30.400558
          ],
          [
            -97.855781,
            30.400372
          ],
          [
            -97.855996,
            30.399961
          ],
          [
            -97.856325,
            30.399333
          ],
          [
            -97.856648,
            30.398715
          ],
          [
            -97.856857,
            30.398317
          ],
          [
            -97.856917,
            30.398213
          ],
          [
            -97.85701,
            30.398138
          ],
          [
            -97.857146,
            30.397958
          ],
          [
            -97.857259,
            30.397817
          ],
          [
            -97.857371,
            30.397699
          ],
          [
            -97.857554,
            30.397535
          ],
          [
            -97.857752,
            30.397384
          ],
          [
            -97.857903,
            30.397279
          ],
          [
            -97.858077,
            30.397178
          ],
          [
            -97.858233,
            30.397104
          ],
          [
            -97.858478,
            30.397001
          ],
          [
            -97.858756,
            30.396909
          ],
          [
            -97.861188,
            30.396173
          ],
          [
            -97.861265,
            30.39609
          ],
          [
            -97.862658,
            30.395669
          ],
          [
            -97.86281,
            30.395623
          ],
          [
            -97.863894,
            30.395361
          ],
          [
            -97.864158,
            30.39531
          ],
          [
            -97.864254,
            30.395343
          ],
          [
            -97.864579,
            30.395281
          ],
          [
            -97.866491,
            30.394917
          ],
          [
            -97.866776,
            30.394863
          ],
          [
            -97.866961,
            30.394829
          ],
          [
            -97.867502,
            30.394727
          ],
          [
            -97.868163,
            30.394597
          ],
          [
            -97.868734,
            30.39448
          ],
          [
            -97.869031,
            30.394416
          ],
          [
            -97.869189,
            30.394333
          ],
          [
            -97.869724,
            30.394216
          ],
          [
            -97.869872,
            30.394185
          ],
          [
            -97.874108,
            30.393264
          ],
          [
            -97.874515,
            30.393176
          ],
          [
            -97.874892,
            30.393099
          ],
          [
            -97.875219,
            30.392998
          ],
          [
            -97.876318,
            30.39261
          ],
          [
            -97.877152,
            30.39224
          ],
          [
            -97.877699,
            30.391967
          ],
          [
            -97.878338,
            30.391614
          ],
          [
            -97.878755,
            30.391319
          ],
          [
            -97.879625,
            30.390702
          ],
          [
            -97.880265,
            30.39029
          ],
          [
            -97.880653,
            30.390087
          ],
          [
            -97.881249,
            30.389882
          ],
          [
            -97.881703,
            30.389813
          ],
          [
            -97.882148,
            30.389783
          ],
          [
            -97.882167,
            30.389782
          ],
          [
            -97.882337,
            30.389782
          ],
          [
            -97.882706,
            30.3898
          ],
          [
            -97.883583,
            30.389958
          ],
          [
            -97.883665,
            30.389991
          ],
          [
            -97.884543,
            30.390338
          ],
          [
            -97.884581,
            30.390352
          ],
          [
            -97.884779,
            30.390423
          ],
          [
            -97.885762,
            30.390792
          ],
          [
            -97.88593,
            30.390855
          ],
          [
            -97.886156,
            30.390915
          ],
          [
            -97.886681,
            30.391015
          ],
          [
            -97.886986,
            30.391018
          ],
          [
            -97.887265,
            30.391025
          ],
          [
            -97.887633,
            30.391012
          ],
          [
            -97.888053,
            30.390953
          ],
          [
            -97.888402,
            30.390863
          ],
          [
            -97.888806,
            30.390707
          ],
          [
            -97.889024,
            30.39059
          ],
          [
            -97.889135,
            30.39053
          ],
          [
            -97.88926,
            30.390463
          ],
          [
            -97.889429,
            30.390361
          ],
          [
            -97.889913,
            30.389982
          ],
          [
            -97.890461,
            30.389529
          ],
          [
            -97.890531,
            30.389471
          ],
          [
            -97.890811,
            30.389254
          ],
          [
            -97.890866,
            30.389212
          ],
          [
            -97.891286,
            30.388938
          ],
          [
            -97.891758,
            30.388619
          ],
          [
            -97.892213,
            30.388377
          ],
          [
            -97.892536,
            30.388191
          ],
          [
            -97.893183,
            30.387931
          ],
          [
            -97.894101,
            30.387694
          ],
          [
            -97.895063,
            30.387494
          ],
          [
            -97.895714,
            30.387445
          ],
          [
            -97.896417,
            30.387436
          ],
          [
            -97.896923,
            30.387478
          ],
          [
            -97.897051,
            30.387488
          ],
          [
            -97.897098,
            30.387493
          ],
          [
            -97.897393,
            30.387528
          ],
          [
            -97.89749,
            30.387538
          ],
          [
            -97.898558,
            30.387654
          ],
          [
            -97.899068,
            30.387653
          ],
          [
            -97.899578,
            30.387609
          ],
          [
            -97.900008,
            30.387566
          ],
          [
            -97.903507,
            30.387222
          ],
          [
            -97.904027,
            30.387171
          ],
          [
            -97.9045,
            30.387164
          ],
          [
            -97.905006,
            30.387203
          ],
          [
            -97.905386,
            30.387262
          ],
          [
            -97.905788,
            30.387364
          ],
          [
            -97.906169,
            30.387495
          ],
          [
            -97.906504,
            30.38762
          ],
          [
            -97.906887,
            30.387798
          ],
          [
            -97.907559,
            30.388276
          ],
          [
            -97.907843,
            30.38855
          ],
          [
            -97.908086,
            30.388817
          ],
          [
            -97.908375,
            30.389212
          ],
          [
            -97.910832,
            30.392972
          ],
          [
            -97.91124,
            30.3935
          ],
          [
            -97.911504,
            30.3938
          ],
          [
            -97.911866,
            30.394155
          ],
          [
            -97.912236,
            30.394462
          ],
          [
            -97.91257,
            30.394724
          ],
          [
            -97.913184,
            30.39512
          ],
          [
            -97.913631,
            30.395339
          ],
          [
            -97.913914,
            30.395469
          ],
          [
            -97.914688,
            30.395752
          ],
          [
            -97.91526,
            30.39595
          ],
          [
            -97.915406,
            30.395998
          ],
          [
            -97.915887,
            30.396157
          ],
          [
            -97.916176,
            30.396252
          ],
          [
            -97.916581,
            30.396386
          ],
          [
            -97.916624,
            30.396396
          ],
          [
            -97.917183,
            30.396523
          ],
          [
            -97.917752,
            30.396616
          ],
          [
            -97.918178,
            30.396659
          ],
          [
            -97.918744,
            30.396682
          ],
          [
            -97.920384,
            30.396691
          ],
          [
            -97.920776,
            30.396685
          ],
          [
            -97.921986,
            30.396707
          ],
          [
            -97.922784,
            30.396763
          ],
          [
            -97.923104,
            30.39679
          ],
          [
            -97.923342,
            30.39681
          ],
          [
            -97.924835,
            30.397019
          ],
          [
            -97.925131,
            30.397069
          ],
          [
            -97.926299,
            30.397283
          ],
          [
            -97.926602,
            30.39733
          ],
          [
            -97.92737,
            30.397449
          ],
          [
            -97.927688,
            30.397499
          ],
          [
            -97.92823,
            30.397569
          ],
          [
            -97.928894,
            30.397636
          ],
          [
            -97.929417,
            30.397649
          ],
          [
            -97.929621,
            30.397632
          ],
          [
            -97.929824,
            30.397615
          ],
          [
            -97.930143,
            30.397561
          ],
          [
            -97.930359,
            30.397508
          ],
          [
            -97.93068,
            30.397407
          ],
          [
            -97.930911,
            30.397303
          ],
          [
            -97.931418,
            30.397077
          ],
          [
            -97.931736,
            30.396888
          ],
          [
            -97.931768,
            30.396869
          ],
          [
            -97.931943,
            30.396766
          ],
          [
            -97.93214,
            30.396612
          ],
          [
            -97.932305,
            30.396482
          ],
          [
            -97.93234,
            30.396443
          ],
          [
            -97.932575,
            30.396187
          ],
          [
            -97.932637,
            30.39612
          ],
          [
            -97.932877,
            30.395858
          ],
          [
            -97.933041,
            30.395658
          ],
          [
            -97.933806,
            30.394723
          ],
          [
            -97.933886,
            30.394631
          ],
          [
            -97.933967,
            30.394538
          ],
          [
            -97.934328,
            30.394125
          ],
          [
            -97.934774,
            30.393614
          ],
          [
            -97.934805,
            30.393579
          ],
          [
            -97.934857,
            30.393533
          ],
          [
            -97.935007,
            30.393399
          ],
          [
            -97.935483,
            30.392974
          ],
          [
            -97.936074,
            30.392474
          ],
          [
            -97.936764,
            30.392002
          ],
          [
            -97.937102,
            30.391781
          ],
          [
            -97.937322,
            30.391654
          ],
          [
            -97.938299,
            30.391119
          ],
          [
            -97.938568,
            30.390969
          ],
          [
            -97.938823,
            30.390827
          ],
          [
            -97.938913,
            30.390773
          ],
          [
            -97.939773,
            30.390312
          ],
          [
            -97.940064,
            30.390115
          ],
          [
            -97.940147,
            30.390051
          ],
          [
            -97.940411,
            30.389844
          ],
          [
            -97.940719,
            30.389567
          ],
          [
            -97.940812,
            30.389448
          ],
          [
            -97.941051,
            30.389136
          ],
          [
            -97.941417,
            30.388585
          ],
          [
            -97.94164,
            30.388247
          ],
          [
            -97.942252,
            30.387395
          ],
          [
            -97.942404,
            30.387096
          ],
          [
            -97.942568,
            30.386744
          ],
          [
            -97.942624,
            30.38645
          ],
          [
            -97.942669,
            30.386292
          ],
          [
            -97.942684,
            30.386179
          ],
          [
            -97.942712,
            30.385968
          ],
          [
            -97.942715,
            30.385327
          ],
          [
            -97.942715,
            30.385279
          ],
          [
            -97.942715,
            30.385217
          ],
          [
            -97.942775,
            30.384615
          ],
          [
            -97.942924,
            30.383778
          ],
          [
            -97.942985,
            30.38341
          ],
          [
            -97.943,
            30.383321
          ],
          [
            -97.943008,
            30.383275
          ],
          [
            -97.943014,
            30.383241
          ],
          [
            -97.943154,
            30.382719
          ],
          [
            -97.943242,
            30.382506
          ],
          [
            -97.94332,
            30.382318
          ],
          [
            -97.943555,
            30.381973
          ],
          [
            -97.943603,
            30.381902
          ],
          [
            -97.943692,
            30.381793
          ],
          [
            -97.943833,
            30.381618
          ],
          [
            -97.943883,
            30.381557
          ],
          [
            -97.944017,
            30.38139
          ],
          [
            -97.944067,
            30.381332
          ],
          [
            -97.944167,
            30.381213
          ],
          [
            -97.944405,
            30.380933
          ],
          [
            -97.944834,
            30.380427
          ],
          [
            -97.945291,
            30.379821
          ],
          [
            -97.945635,
            30.379279
          ],
          [
            -97.945733,
            30.379085
          ],
          [
            -97.945932,
            30.378681
          ],
          [
            -97.946037,
            30.378419
          ],
          [
            -97.946157,
            30.378119
          ],
          [
            -97.946253,
            30.377832
          ],
          [
            -97.9463,
            30.377692
          ],
          [
            -97.946318,
            30.377639
          ],
          [
            -97.946521,
            30.376897
          ],
          [
            -97.946622,
            30.37652
          ],
          [
            -97.946734,
            30.376068
          ],
          [
            -97.946799,
            30.375817
          ],
          [
            -97.946864,
            30.375563
          ],
          [
            -97.947007,
            30.375006
          ],
          [
            -97.947183,
            30.374322
          ],
          [
            -97.947208,
            30.374227
          ],
          [
            -97.947577,
            30.372844
          ],
          [
            -97.947725,
            30.372291
          ],
          [
            -97.947842,
            30.371837
          ],
          [
            -97.947927,
            30.371563
          ],
          [
            -97.948013,
            30.371285
          ],
          [
            -97.948329,
            30.37058
          ],
          [
            -97.948575,
            30.370106
          ],
          [
            -97.948733,
            30.36986
          ],
          [
            -97.949038,
            30.369385
          ],
          [
            -97.949147,
            30.369218
          ],
          [
            -97.949442,
            30.368767
          ],
          [
            -97.949841,
            30.368115
          ],
          [
            -97.950303,
            30.367458
          ],
          [
            -97.950404,
            30.367302
          ],
          [
            -97.950542,
            30.367089
          ],
          [
            -97.950663,
            30.366902
          ],
          [
            -97.950806,
            30.366683
          ],
          [
            -97.950922,
            30.366504
          ],
          [
            -97.951103,
            30.366224
          ],
          [
            -97.951129,
            30.366183
          ],
          [
            -97.951256,
            30.365982
          ],
          [
            -97.951347,
            30.365837
          ],
          [
            -97.951371,
            30.365799
          ],
          [
            -97.951441,
            30.365689
          ],
          [
            -97.951614,
            30.365388
          ],
          [
            -97.951709,
            30.365223
          ],
          [
            -97.951783,
            30.365095
          ],
          [
            -97.951896,
            30.364899
          ],
          [
            -97.951933,
            30.364826
          ],
          [
            -97.951964,
            30.364764
          ],
          [
            -97.952012,
            30.364639
          ],
          [
            -97.95218,
            30.364208
          ],
          [
            -97.952261,
            30.363981
          ],
          [
            -97.952461,
            30.363484
          ],
          [
            -97.952838,
            30.362592
          ],
          [
            -97.953039,
            30.362116
          ],
          [
            -97.953248,
            30.36162
          ],
          [
            -97.953471,
            30.361099
          ],
          [
            -97.953664,
            30.360587
          ],
          [
            -97.953826,
            30.360254
          ],
          [
            -97.953954,
            30.360064
          ],
          [
            -97.954071,
            30.35989
          ],
          [
            -97.954264,
            30.359667
          ],
          [
            -97.95449,
            30.359408
          ],
          [
            -97.954792,
            30.359165
          ],
          [
            -97.955141,
            30.358957
          ],
          [
            -97.955323,
            30.358928
          ],
          [
            -97.955646,
            30.358778
          ],
          [
            -97.956269,
            30.358516
          ],
          [
            -97.956573,
            30.358378
          ],
          [
            -97.956846,
            30.358253
          ],
          [
            -97.956951,
            30.358206
          ],
          [
            -97.9571,
            30.358142
          ],
          [
            -97.957332,
            30.358045
          ],
          [
            -97.957427,
            30.358004
          ],
          [
            -97.95766,
            30.357901
          ],
          [
            -97.957895,
            30.35778
          ],
          [
            -97.958098,
            30.357664
          ],
          [
            -97.958298,
            30.357531
          ],
          [
            -97.958427,
            30.357349
          ],
          [
            -97.958664,
            30.357145
          ],
          [
            -97.959809,
            30.35599
          ],
          [
            -97.960527,
            30.355226
          ],
          [
            -97.960599,
            30.355153
          ],
          [
            -97.960716,
            30.355038
          ],
          [
            -97.960839,
            30.354915
          ],
          [
            -97.961223,
            30.354483
          ],
          [
            -97.961446,
            30.354249
          ],
          [
            -97.961542,
            30.354107
          ],
          [
            -97.961646,
            30.354057
          ],
          [
            -97.962049,
            30.353368
          ],
          [
            -97.962294,
            30.352938
          ],
          [
            -97.962701,
            30.352226
          ],
          [
            -97.962738,
            30.352161
          ],
          [
            -97.962852,
            30.351934
          ],
          [
            -97.962927,
            30.351766
          ],
          [
            -97.963067,
            30.35147
          ],
          [
            -97.963148,
            30.351213
          ],
          [
            -97.963163,
            30.351163
          ],
          [
            -97.963257,
            30.350849
          ],
          [
            -97.963275,
            30.350781
          ],
          [
            -97.963383,
            30.350383
          ],
          [
            -97.963464,
            30.350052
          ],
          [
            -97.963494,
            30.349959
          ],
          [
            -97.96351,
            30.34991
          ],
          [
            -97.963561,
            30.349698
          ],
          [
            -97.963587,
            30.349611
          ],
          [
            -97.963595,
            30.349581
          ],
          [
            -97.963609,
            30.349524
          ],
          [
            -97.963622,
            30.349475
          ],
          [
            -97.963699,
            30.349188
          ],
          [
            -97.963713,
            30.349128
          ],
          [
            -97.963762,
            30.348928
          ],
          [
            -97.963822,
            30.348739
          ],
          [
            -97.963874,
            30.348538
          ],
          [
            -97.963913,
            30.348399
          ],
          [
            -97.964056,
            30.347891
          ],
          [
            -97.96412,
            30.347712
          ],
          [
            -97.96419,
            30.347535
          ],
          [
            -97.964248,
            30.34739
          ],
          [
            -97.964375,
            30.347118
          ],
          [
            -97.96452,
            30.346832
          ],
          [
            -97.964565,
            30.346764
          ],
          [
            -97.964831,
            30.346305
          ],
          [
            -97.96495,
            30.346129
          ],
          [
            -97.96498,
            30.346089
          ],
          [
            -97.965022,
            30.346033
          ],
          [
            -97.965126,
            30.345881
          ],
          [
            -97.965182,
            30.345803
          ],
          [
            -97.965219,
            30.345751
          ],
          [
            -97.965318,
            30.34561
          ],
          [
            -97.965604,
            30.345201
          ],
          [
            -97.965622,
            30.345082
          ],
          [
            -97.965698,
            30.34498
          ],
          [
            -97.96616,
            30.344312
          ],
          [
            -97.966575,
            30.343756
          ],
          [
            -97.96679,
            30.343445
          ],
          [
            -97.966971,
            30.343194
          ],
          [
            -97.967055,
            30.343076
          ],
          [
            -97.967101,
            30.343011
          ],
          [
            -97.96725,
            30.342817
          ],
          [
            -97.967296,
            30.342754
          ],
          [
            -97.967751,
            30.34212
          ],
          [
            -97.967807,
            30.342041
          ],
          [
            -97.967974,
            30.341816
          ],
          [
            -97.968076,
            30.341676
          ],
          [
            -97.968541,
            30.341045
          ],
          [
            -97.968608,
            30.340954
          ],
          [
            -97.968688,
            30.340854
          ],
          [
            -97.969184,
            30.340128
          ],
          [
            -97.969436,
            30.339689
          ],
          [
            -97.969756,
            30.338806
          ],
          [
            -97.969853,
            30.338408
          ],
          [
            -97.969879,
            30.33788
          ],
          [
            -97.969856,
            30.337253
          ],
          [
            -97.969755,
            30.336635
          ],
          [
            -97.969563,
            30.335958
          ],
          [
            -97.969366,
            30.335473
          ],
          [
            -97.968939,
            30.334601
          ],
          [
            -97.96889,
            30.334496
          ],
          [
            -97.968324,
            30.333243
          ],
          [
            -97.968015,
            30.33256
          ],
          [
            -97.967966,
            30.332445
          ],
          [
            -97.96759,
            30.331622
          ],
          [
            -97.967374,
            30.331168
          ],
          [
            -97.96729,
            30.330991
          ],
          [
            -97.967107,
            30.33071
          ],
          [
            -97.966928,
            30.330436
          ],
          [
            -97.966413,
            30.32991
          ],
          [
            -97.96572,
            30.329279
          ],
          [
            -97.965173,
            30.32858
          ],
          [
            -97.964423,
            30.327622
          ],
          [
            -97.96433,
            30.327511
          ],
          [
            -97.964288,
            30.327459
          ],
          [
            -97.96404,
            30.327149
          ],
          [
            -97.963944,
            30.327053
          ],
          [
            -97.963796,
            30.326904
          ],
          [
            -97.963613,
            30.326754
          ],
          [
            -97.963209,
            30.326461
          ],
          [
            -97.962795,
            30.326267
          ],
          [
            -97.96221,
            30.326076
          ],
          [
            -97.961576,
            30.3259
          ],
          [
            -97.960641,
            30.3257
          ],
          [
            -97.960166,
            30.325598
          ],
          [
            -97.959527,
            30.325461
          ],
          [
            -97.959393,
            30.325434
          ],
          [
            -97.959084,
            30.325373
          ],
          [
            -97.958788,
            30.325264
          ],
          [
            -97.958626,
            30.325204
          ],
          [
            -97.958243,
            30.325014
          ],
          [
            -97.958116,
            30.324952
          ],
          [
            -97.957749,
            30.324712
          ],
          [
            -97.957543,
            30.32448
          ],
          [
            -97.957379,
            30.324307
          ],
          [
            -97.957331,
            30.324256
          ],
          [
            -97.957235,
            30.324142
          ],
          [
            -97.957066,
            30.323936
          ],
          [
            -97.957057,
            30.323925
          ],
          [
            -97.956993,
            30.323836
          ],
          [
            -97.956847,
            30.32363
          ],
          [
            -97.956693,
            30.323415
          ],
          [
            -97.956026,
            30.322479
          ],
          [
            -97.95585,
            30.322232
          ],
          [
            -97.955653,
            30.321995
          ],
          [
            -97.955458,
            30.321758
          ],
          [
            -97.955092,
            30.321478
          ],
          [
            -97.95426,
            30.320896
          ],
          [
            -97.954194,
            30.320844
          ],
          [
            -97.95383,
            30.320602
          ],
          [
            -97.95338,
            30.320304
          ],
          [
            -97.952957,
            30.320023
          ],
          [
            -97.952773,
            30.3199
          ],
          [
            -97.952538,
            30.319744
          ],
          [
            -97.951803,
            30.319236
          ],
          [
            -97.951524,
            30.319044
          ],
          [
            -97.951289,
            30.318881
          ],
          [
            -97.950926,
            30.31857
          ],
          [
            -97.950655,
            30.318338
          ],
          [
            -97.950469,
            30.318106
          ],
          [
            -97.95033,
            30.317931
          ],
          [
            -97.950221,
            30.317795
          ],
          [
            -97.950082,
            30.317516
          ],
          [
            -97.949973,
            30.317299
          ],
          [
            -97.949699,
            30.316495
          ],
          [
            -97.949664,
            30.316372
          ],
          [
            -97.949296,
            30.316449
          ],
          [
            -97.948938,
            30.31649
          ],
          [
            -97.948664,
            30.316505
          ],
          [
            -97.948372,
            30.316497
          ],
          [
            -97.948047,
            30.316461
          ],
          [
            -97.947728,
            30.316395
          ],
          [
            -97.947429,
            30.316297
          ],
          [
            -97.947102,
            30.316158
          ],
          [
            -97.946867,
            30.316035
          ],
          [
            -97.946628,
            30.315868
          ],
          [
            -97.946388,
            30.315673
          ],
          [
            -97.946198,
            30.315472
          ],
          [
            -97.946043,
            30.315283
          ],
          [
            -97.945922,
            30.315097
          ],
          [
            -97.945704,
            30.314748
          ],
          [
            -97.9452,
            30.313938
          ],
          [
            -97.944619,
            30.313005
          ],
          [
            -97.94449,
            30.312819
          ],
          [
            -97.944377,
            30.312684
          ],
          [
            -97.944235,
            30.31253
          ],
          [
            -97.944042,
            30.312357
          ],
          [
            -97.943712,
            30.312112
          ],
          [
            -97.943507,
            30.312
          ],
          [
            -97.943256,
            30.311886
          ],
          [
            -97.94296,
            30.311774
          ],
          [
            -97.942608,
            30.31168
          ],
          [
            -97.942611,
            30.311655
          ],
          [
            -97.942622,
            30.311562
          ],
          [
            -97.942743,
            30.31128
          ],
          [
            -97.942742,
            30.31115
          ],
          [
            -97.942005,
            30.310864
          ],
          [
            -97.94103,
            30.310486
          ],
          [
            -97.940087,
            30.31011
          ],
          [
            -97.939967,
            30.310064
          ],
          [
            -97.939787,
            30.309994
          ],
          [
            -97.939498,
            30.309882
          ],
          [
            -97.940057,
            30.308846
          ],
          [
            -97.940341,
            30.308333
          ],
          [
            -97.940398,
            30.308219
          ],
          [
            -97.94041,
            30.308159
          ],
          [
            -97.940386,
            30.308089
          ],
          [
            -97.940335,
            30.307988
          ],
          [
            -97.940379,
            30.307964
          ],
          [
            -97.940415,
            30.307932
          ],
          [
            -97.940441,
            30.307893
          ],
          [
            -97.940457,
            30.307837
          ],
          [
            -97.940451,
            30.307779
          ],
          [
            -97.940425,
            30.307726
          ],
          [
            -97.940381,
            30.307683
          ],
          [
            -97.940438,
            30.307574
          ],
          [
            -97.940537,
            30.307387
          ],
          [
            -97.940712,
            30.307009
          ],
          [
            -97.943378,
            30.308015
          ],
          [
            -97.943638,
            30.308113
          ],
          [
            -97.944063,
            30.308254
          ],
          [
            -97.944156,
            30.308284
          ],
          [
            -97.944519,
            30.308378
          ],
          [
            -97.944605,
            30.308396
          ],
          [
            -97.94489,
            30.308454
          ],
          [
            -97.945395,
            30.308502
          ],
          [
            -97.945678,
            30.308528
          ],
          [
            -97.945935,
            30.308542
          ],
          [
            -97.945972,
            30.308541
          ],
          [
            -97.94606,
            30.308539
          ],
          [
            -97.946328,
            30.308534
          ],
          [
            -97.947843,
            30.30846
          ],
          [
            -97.948607,
            30.3084
          ],
          [
            -97.949029,
            30.308314
          ],
          [
            -97.949448,
            30.308286
          ],
          [
            -97.949826,
            30.308263
          ],
          [
            -97.950302,
            30.308233
          ],
          [
            -97.950781,
            30.308205
          ],
          [
            -97.951137,
            30.308184
          ],
          [
            -97.952255,
            30.308118
          ],
          [
            -97.95281,
            30.308079
          ],
          [
            -97.9541,
            30.308
          ],
          [
            -97.954623,
            30.307996
          ],
          [
            -97.955105,
            30.308003
          ],
          [
            -97.955562,
            30.308026
          ],
          [
            -97.956194,
            30.308093
          ],
          [
            -97.956616,
            30.308157
          ],
          [
            -97.957347,
            30.308295
          ],
          [
            -97.959462,
            30.308751
          ],
          [
            -97.959839,
            30.308833
          ],
          [
            -97.960211,
            30.308913
          ],
          [
            -97.960567,
            30.30899
          ],
          [
            -97.961058,
            30.309094
          ],
          [
            -97.961222,
            30.309129
          ],
          [
            -97.961512,
            30.30919
          ],
          [
            -97.961562,
            30.309201
          ],
          [
            -97.962032,
            30.3093
          ],
          [
            -97.962482,
            30.309395
          ],
          [
            -97.962968,
            30.309498
          ],
          [
            -97.963023,
            30.30951
          ],
          [
            -97.96319,
            30.309543
          ],
          [
            -97.963377,
            30.30958
          ],
          [
            -97.963693,
            30.309642
          ],
          [
            -97.963875,
            30.309681
          ],
          [
            -97.963904,
            30.309687
          ],
          [
            -97.964731,
            30.30986
          ],
          [
            -97.965311,
            30.309987
          ],
          [
            -97.965452,
            30.310014
          ],
          [
            -97.966034,
            30.310138
          ],
          [
            -97.96618,
            30.31017
          ],
          [
            -97.966576,
            30.310255
          ],
          [
            -97.967375,
            30.310426
          ],
          [
            -97.967463,
            30.310444
          ],
          [
            -97.969209,
            30.31082
          ],
          [
            -97.969329,
            30.310846
          ],
          [
            -97.969938,
            30.310977
          ],
          [
            -97.970128,
            30.311018
          ],
          [
            -97.970308,
            30.311053
          ],
          [
            -97.970712,
            30.311143
          ],
          [
            -97.970784,
            30.31116
          ],
          [
            -97.971108,
            30.311234
          ],
          [
            -97.971494,
            30.311328
          ],
          [
            -97.972046,
            30.31153
          ],
          [
            -97.972658,
            30.311798
          ],
          [
            -97.973081,
            30.312022
          ],
          [
            -97.973559,
            30.312325
          ],
          [
            -97.973838,
            30.312525
          ],
          [
            -97.973975,
            30.312623
          ],
          [
            -97.974271,
            30.312862
          ],
          [
            -97.976501,
            30.314721
          ],
          [
            -97.977417,
            30.315485
          ],
          [
            -97.977726,
            30.315721
          ],
          [
            -97.977856,
            30.315821
          ],
          [
            -97.978239,
            30.316073
          ],
          [
            -97.978347,
            30.316126
          ],
          [
            -97.97846,
            30.316181
          ],
          [
            -97.978909,
            30.316399
          ],
          [
            -97.979176,
            30.316492
          ],
          [
            -97.979211,
            30.316505
          ],
          [
            -97.979615,
            30.316646
          ],
          [
            -97.979828,
            30.316704
          ],
          [
            -97.9801,
            30.316778
          ],
          [
            -97.980303,
            30.316812
          ],
          [
            -97.980411,
            30.316831
          ],
          [
            -97.98065,
            30.316871
          ],
          [
            -97.980972,
            30.31691
          ],
          [
            -97.981967,
            30.31702
          ],
          [
            -97.984481,
            30.317263
          ],
          [
            -97.984825,
            30.317295
          ],
          [
            -97.984875,
            30.317298
          ],
          [
            -97.985259,
            30.31734
          ],
          [
            -97.986887,
            30.3175
          ],
          [
            -97.988725,
            30.317695
          ],
          [
            -97.990174,
            30.317834
          ],
          [
            -97.990383,
            30.317854
          ],
          [
            -97.990782,
            30.317887
          ],
          [
            -97.99132,
            30.317947
          ],
          [
            -97.991719,
            30.317991
          ],
          [
            -97.992184,
            30.318043
          ],
          [
            -97.992341,
            30.318065
          ],
          [
            -97.992656,
            30.318094
          ],
          [
            -97.993557,
            30.318172
          ],
          [
            -97.994397,
            30.318223
          ],
          [
            -97.994521,
            30.318222
          ],
          [
            -97.994631,
            30.318222
          ],
          [
            -97.995124,
            30.318228
          ],
          [
            -97.995941,
            30.318213
          ],
          [
            -97.996821,
            30.318154
          ],
          [
            -97.997604,
            30.318083
          ],
          [
            -97.999452,
            30.317828
          ],
          [
            -98.000605,
            30.317672
          ],
          [
            -98.000918,
            30.31763
          ],
          [
            -98.001157,
            30.317604
          ],
          [
            -98.00142,
            30.317584
          ],
          [
            -98.001617,
            30.317579
          ],
          [
            -98.001816,
            30.317579
          ],
          [
            -98.001992,
            30.317586
          ],
          [
            -98.002174,
            30.317598
          ],
          [
            -98.002489,
            30.317645
          ],
          [
            -98.002749,
            30.317693
          ],
          [
            -98.002987,
            30.317752
          ],
          [
            -98.00318,
            30.317807
          ],
          [
            -98.003447,
            30.317896
          ],
          [
            -98.003636,
            30.31798
          ],
          [
            -98.004001,
            30.318142
          ],
          [
            -98.004175,
            30.318245
          ],
          [
            -98.004334,
            30.318339
          ],
          [
            -98.004683,
            30.318572
          ],
          [
            -98.005555,
            30.319208
          ],
          [
            -98.005831,
            30.319409
          ],
          [
            -98.006992,
            30.320249
          ],
          [
            -98.007115,
            30.32034
          ],
          [
            -98.011283,
            30.323353
          ],
          [
            -98.011366,
            30.323414
          ],
          [
            -98.011469,
            30.323488
          ],
          [
            -98.011797,
            30.323725
          ],
          [
            -98.011858,
            30.323769
          ],
          [
            -98.012016,
            30.323883
          ],
          [
            -98.012946,
            30.324555
          ],
          [
            -98.016836,
            30.327365
          ],
          [
            -98.01715,
            30.327563
          ],
          [
            -98.01746,
            30.327754
          ],
          [
            -98.018458,
            30.328326
          ],
          [
            -98.019118,
            30.328671
          ],
          [
            -98.019404,
            30.32882
          ],
          [
            -98.019811,
            30.329014
          ],
          [
            -98.020015,
            30.329102
          ],
          [
            -98.020418,
            30.329276
          ],
          [
            -98.02056,
            30.329334
          ],
          [
            -98.021015,
            30.329508
          ],
          [
            -98.021518,
            30.3297
          ],
          [
            -98.022667,
            30.330086
          ],
          [
            -98.022746,
            30.330112
          ],
          [
            -98.023126,
            30.330288
          ],
          [
            -98.023288,
            30.330379
          ],
          [
            -98.023556,
            30.33055
          ],
          [
            -98.023827,
            30.330755
          ],
          [
            -98.024095,
            30.331003
          ],
          [
            -98.02452,
            30.331435
          ],
          [
            -98.02463,
            30.331539
          ],
          [
            -98.024779,
            30.331695
          ],
          [
            -98.024846,
            30.331765
          ],
          [
            -98.025007,
            30.331912
          ],
          [
            -98.025159,
            30.332035
          ],
          [
            -98.025296,
            30.33214
          ],
          [
            -98.025423,
            30.332235
          ],
          [
            -98.025578,
            30.332341
          ],
          [
            -98.025889,
            30.332519
          ],
          [
            -98.026067,
            30.332607
          ],
          [
            -98.026381,
            30.332752
          ],
          [
            -98.027101,
            30.333041
          ],
          [
            -98.027485,
            30.333234
          ],
          [
            -98.02783,
            30.333438
          ],
          [
            -98.028201,
            30.333704
          ],
          [
            -98.029086,
            30.334507
          ],
          [
            -98.029405,
            30.334786
          ],
          [
            -98.029674,
            30.334975
          ],
          [
            -98.029931,
            30.335123
          ],
          [
            -98.030232,
            30.335271
          ],
          [
            -98.031337,
            30.335719
          ],
          [
            -98.031906,
            30.336007
          ],
          [
            -98.032332,
            30.336288
          ],
          [
            -98.033408,
            30.337103
          ],
          [
            -98.033892,
            30.337492
          ],
          [
            -98.034734,
            30.338097
          ],
          [
            -98.035378,
            30.33856
          ],
          [
            -98.035527,
            30.338667
          ],
          [
            -98.035891,
            30.338931
          ],
          [
            -98.036448,
            30.339286
          ],
          [
            -98.036654,
            30.33941
          ],
          [
            -98.036805,
            30.3395
          ],
          [
            -98.037334,
            30.339712
          ],
          [
            -98.037495,
            30.339771
          ],
          [
            -98.03769,
            30.339835
          ],
          [
            -98.037848,
            30.339878
          ],
          [
            -98.038027,
            30.339916
          ],
          [
            -98.03823,
            30.339957
          ],
          [
            -98.038383,
            30.339982
          ],
          [
            -98.038521,
            30.340004
          ],
          [
            -98.03894,
            30.340039
          ],
          [
            -98.039146,
            30.340042
          ],
          [
            -98.039271,
            30.340045
          ],
          [
            -98.0393,
            30.340045
          ],
          [
            -98.03953,
            30.340047
          ],
          [
            -98.04035,
            30.340055
          ],
          [
            -98.040877,
            30.340114
          ],
          [
            -98.041459,
            30.340253
          ],
          [
            -98.041784,
            30.340384
          ],
          [
            -98.041897,
            30.34043
          ],
          [
            -98.042247,
            30.340611
          ],
          [
            -98.042566,
            30.340813
          ],
          [
            -98.042977,
            30.341108
          ],
          [
            -98.043944,
            30.341864
          ],
          [
            -98.044696,
            30.342417
          ],
          [
            -98.04604,
            30.343406
          ],
          [
            -98.046643,
            30.34385
          ],
          [
            -98.046885,
            30.34403
          ],
          [
            -98.046923,
            30.344058
          ],
          [
            -98.047256,
            30.344307
          ],
          [
            -98.048127,
            30.344955
          ],
          [
            -98.048602,
            30.345298
          ],
          [
            -98.049671,
            30.346007
          ],
          [
            -98.050888,
            30.346657
          ],
          [
            -98.051664,
            30.346992
          ],
          [
            -98.052029,
            30.347104
          ],
          [
            -98.052828,
            30.347332
          ],
          [
            -98.05346,
            30.347456
          ],
          [
            -98.054306,
            30.347588
          ],
          [
            -98.056417,
            30.347876
          ],
          [
            -98.057903,
            30.348094
          ],
          [
            -98.058307,
            30.348101
          ],
          [
            -98.059333,
            30.348326
          ],
          [
            -98.059567,
            30.348436
          ],
          [
            -98.060471,
            30.348863
          ],
          [
            -98.060739,
            30.349012
          ],
          [
            -98.06108,
            30.349202
          ],
          [
            -98.061194,
            30.349266
          ],
          [
            -98.061953,
            30.349963
          ],
          [
            -98.06264,
            30.35067
          ],
          [
            -98.062959,
            30.35102
          ],
          [
            -98.063083,
            30.351169
          ],
          [
            -98.063468,
            30.351659
          ],
          [
            -98.063722,
            30.351982
          ],
          [
            -98.063757,
            30.352028
          ],
          [
            -98.063804,
            30.352087
          ],
          [
            -98.063963,
            30.352282
          ],
          [
            -98.064178,
            30.352547
          ],
          [
            -98.064295,
            30.35269
          ],
          [
            -98.06449,
            30.352931
          ],
          [
            -98.064892,
            30.353404
          ],
          [
            -98.065125,
            30.353679
          ],
          [
            -98.065407,
            30.354015
          ],
          [
            -98.065609,
            30.354254
          ],
          [
            -98.066035,
            30.354753
          ],
          [
            -98.066489,
            30.355287
          ],
          [
            -98.066758,
            30.355604
          ],
          [
            -98.067495,
            30.35647
          ],
          [
            -98.068131,
            30.357308
          ],
          [
            -98.068331,
            30.357606
          ],
          [
            -98.068391,
            30.357695
          ],
          [
            -98.068729,
            30.358337
          ],
          [
            -98.068792,
            30.358455
          ],
          [
            -98.068887,
            30.358695
          ],
          [
            -98.068998,
            30.358972
          ],
          [
            -98.069163,
            30.359896
          ],
          [
            -98.069204,
            30.360186
          ],
          [
            -98.069212,
            30.360424
          ],
          [
            -98.069217,
            30.36057
          ],
          [
            -98.069229,
            30.360913
          ],
          [
            -98.069261,
            30.361854
          ],
          [
            -98.069347,
            30.362396
          ],
          [
            -98.069356,
            30.36245
          ],
          [
            -98.069453,
            30.363061
          ],
          [
            -98.069739,
            30.363607
          ],
          [
            -98.069903,
            30.363864
          ],
          [
            -98.070068,
            30.364121
          ],
          [
            -98.07014,
            30.364234
          ],
          [
            -98.07068,
            30.365058
          ],
          [
            -98.071749,
            30.366677
          ],
          [
            -98.071933,
            30.366957
          ],
          [
            -98.072601,
            30.367969
          ],
          [
            -98.072694,
            30.368109
          ],
          [
            -98.073166,
            30.368632
          ],
          [
            -98.073765,
            30.369131
          ],
          [
            -98.074008,
            30.369286
          ],
          [
            -98.074341,
            30.369491
          ],
          [
            -98.074798,
            30.369713
          ],
          [
            -98.075151,
            30.369895
          ],
          [
            -98.076275,
            30.370567
          ],
          [
            -98.076699,
            30.370968
          ],
          [
            -98.076877,
            30.371189
          ],
          [
            -98.077048,
            30.371403
          ],
          [
            -98.077485,
            30.37206
          ],
          [
            -98.077747,
            30.372455
          ],
          [
            -98.077887,
            30.372669
          ],
          [
            -98.077993,
            30.372829
          ],
          [
            -98.078174,
            30.373122
          ],
          [
            -98.078762,
            30.374002
          ],
          [
            -98.078949,
            30.374288
          ],
          [
            -98.079208,
            30.374681
          ],
          [
            -98.079306,
            30.374831
          ],
          [
            -98.079872,
            30.375777
          ],
          [
            -98.079882,
            30.375792
          ],
          [
            -98.080157,
            30.376204
          ],
          [
            -98.080386,
            30.376548
          ],
          [
            -98.080699,
            30.377008
          ],
          [
            -98.081808,
            30.378727
          ],
          [
            -98.0831,
            30.380716
          ],
          [
            -98.085171,
            30.383847
          ],
          [
            -98.085442,
            30.384234
          ],
          [
            -98.085525,
            30.384412
          ],
          [
            -98.085605,
            30.384584
          ],
          [
            -98.085984,
            30.3854
          ],
          [
            -98.086128,
            30.385787
          ],
          [
            -98.086341,
            30.386491
          ],
          [
            -98.086465,
            30.387126
          ],
          [
            -98.086462,
            30.387279
          ],
          [
            -98.08644,
            30.388472
          ],
          [
            -98.086307,
            30.391026
          ],
          [
            -98.086238,
            30.391853
          ],
          [
            -98.086264,
            30.392484
          ],
          [
            -98.086489,
            30.393341
          ],
          [
            -98.08674,
            30.393927
          ],
          [
            -98.086985,
            30.394338
          ],
          [
            -98.087391,
            30.394845
          ],
          [
            -98.088801,
            30.396488
          ],
          [
            -98.089394,
            30.397179
          ],
          [
            -98.089602,
            30.397408
          ],
          [
            -98.089966,
            30.397809
          ],
          [
            -98.090731,
            30.398651
          ],
          [
            -98.090964,
            30.398907
          ],
          [
            -98.0919,
            30.400204
          ],
          [
            -98.091925,
            30.400234
          ],
          [
            -98.092649,
            30.400966
          ],
          [
            -98.093175,
            30.401497
          ],
          [
            -98.093603,
            30.40193
          ],
          [
            -98.09377,
            30.40205
          ],
          [
            -98.094884,
            30.402835
          ],
          [
            -98.095574,
            30.403301
          ],
          [
            -98.098522,
            30.404427
          ],
          [
            -98.09866,
            30.404477
          ],
          [
            -98.099165,
            30.404673
          ],
          [
            -98.099189,
            30.404682
          ],
          [
            -98.100353,
            30.405104
          ],
          [
            -98.100884,
            30.405297
          ],
          [
            -98.102407,
            30.405997
          ],
          [
            -98.103732,
            30.406785
          ],
          [
            -98.105627,
            30.407912
          ],
          [
            -98.106359,
            30.408348
          ],
          [
            -98.107287,
            30.408787
          ],
          [
            -98.108175,
            30.409371
          ],
          [
            -98.108834,
            30.409758
          ],
          [
            -98.108861,
            30.409773
          ],
          [
            -98.109228,
            30.409979
          ],
          [
            -98.111056,
            30.411048
          ],
          [
            -98.112351,
            30.411794
          ],
          [
            -98.113084,
            30.412216
          ],
          [
            -98.117139,
            30.414552
          ],
          [
            -98.117867,
            30.414964
          ],
          [
            -98.117925,
            30.414997
          ],
          [
            -98.118233,
            30.415171
          ],
          [
            -98.120235,
            30.416305
          ],
          [
            -98.121977,
            30.417313
          ],
          [
            -98.122303,
            30.417546
          ],
          [
            -98.12322,
            30.418203
          ],
          [
            -98.123986,
            30.418848
          ],
          [
            -98.124345,
            30.419173
          ],
          [
            -98.124688,
            30.419484
          ],
          [
            -98.125348,
            30.420081
          ],
          [
            -98.126412,
            30.421089
          ],
          [
            -98.127709,
            30.422385
          ],
          [
            -98.127881,
            30.422533
          ],
          [
            -98.127988,
            30.422625
          ],
          [
            -98.129072,
            30.423557
          ],
          [
            -98.129361,
            30.423818
          ],
          [
            -98.129493,
            30.423937
          ],
          [
            -98.129719,
            30.424112
          ],
          [
            -98.129959,
            30.424273
          ],
          [
            -98.130213,
            30.424418
          ],
          [
            -98.13047,
            30.424548
          ],
          [
            -98.130741,
            30.424668
          ],
          [
            -98.131017,
            30.424771
          ],
          [
            -98.13138,
            30.424895
          ],
          [
            -98.131616,
            30.424975
          ],
          [
            -98.131956,
            30.42509
          ],
          [
            -98.132904,
            30.425428
          ],
          [
            -98.132963,
            30.425449
          ],
          [
            -98.133284,
            30.425589
          ],
          [
            -98.133558,
            30.425726
          ],
          [
            -98.133875,
            30.425909
          ],
          [
            -98.134184,
            30.426106
          ],
          [
            -98.134429,
            30.426284
          ],
          [
            -98.136797,
            30.428192
          ],
          [
            -98.137077,
            30.428423
          ],
          [
            -98.138335,
            30.429463
          ],
          [
            -98.138499,
            30.429602
          ],
          [
            -98.13854,
            30.429633
          ],
          [
            -98.138836,
            30.429875
          ],
          [
            -98.1392,
            30.430166
          ],
          [
            -98.139473,
            30.430384
          ],
          [
            -98.14067,
            30.431358
          ],
          [
            -98.141016,
            30.431694
          ],
          [
            -98.141462,
            30.432167
          ],
          [
            -98.141629,
            30.432359
          ],
          [
            -98.141872,
            30.432677
          ],
          [
            -98.142094,
            30.433
          ],
          [
            -98.142331,
            30.433396
          ],
          [
            -98.14238,
            30.433487
          ],
          [
            -98.142509,
            30.43373
          ],
          [
            -98.142664,
            30.434068
          ],
          [
            -98.143336,
            30.435689
          ],
          [
            -98.143806,
            30.43678
          ],
          [
            -98.144052,
            30.437318
          ],
          [
            -98.144186,
            30.437581
          ],
          [
            -98.144197,
            30.437601
          ],
          [
            -98.144336,
            30.437851
          ],
          [
            -98.144976,
            30.438893
          ],
          [
            -98.145261,
            30.439374
          ],
          [
            -98.146269,
            30.440978
          ],
          [
            -98.146759,
            30.44175
          ],
          [
            -98.146949,
            30.442095
          ],
          [
            -98.147178,
            30.44255
          ],
          [
            -98.147357,
            30.442957
          ],
          [
            -98.147508,
            30.443358
          ],
          [
            -98.147544,
            30.443466
          ],
          [
            -98.147701,
            30.443942
          ],
          [
            -98.147814,
            30.444365
          ],
          [
            -98.14784,
            30.444489
          ],
          [
            -98.147885,
            30.444767
          ],
          [
            -98.147942,
            30.445086
          ],
          [
            -98.147967,
            30.445225
          ],
          [
            -98.147983,
            30.445314
          ],
          [
            -98.148013,
            30.445534
          ],
          [
            -98.148126,
            30.446364
          ],
          [
            -98.148403,
            30.448392
          ],
          [
            -98.14859,
            30.449757
          ],
          [
            -98.148645,
            30.450286
          ],
          [
            -98.148672,
            30.450458
          ],
          [
            -98.148685,
            30.450573
          ],
          [
            -98.148766,
            30.451042
          ],
          [
            -98.148884,
            30.45155
          ],
          [
            -98.148954,
            30.451807
          ],
          [
            -98.149063,
            30.452125
          ],
          [
            -98.149186,
            30.452416
          ],
          [
            -98.149336,
            30.452712
          ],
          [
            -98.149504,
            30.452999
          ],
          [
            -98.149808,
            30.453438
          ],
          [
            -98.149975,
            30.453658
          ],
          [
            -98.150179,
            30.453904
          ],
          [
            -98.150417,
            30.454164
          ],
          [
            -98.150664,
            30.454404
          ],
          [
            -98.150845,
            30.45456
          ],
          [
            -98.15112,
            30.454797
          ],
          [
            -98.15244,
            30.455923
          ],
          [
            -98.153214,
            30.456586
          ],
          [
            -98.153715,
            30.457004
          ],
          [
            -98.153882,
            30.457146
          ],
          [
            -98.154023,
            30.457263
          ],
          [
            -98.154327,
            30.457514
          ],
          [
            -98.154624,
            30.457775
          ],
          [
            -98.155071,
            30.458155
          ],
          [
            -98.155568,
            30.458577
          ],
          [
            -98.156617,
            30.459471
          ],
          [
            -98.156905,
            30.459716
          ],
          [
            -98.157022,
            30.459811
          ],
          [
            -98.157503,
            30.460202
          ],
          [
            -98.157911,
            30.46052
          ],
          [
            -98.158548,
            30.460971
          ],
          [
            -98.158848,
            30.461168
          ],
          [
            -98.159017,
            30.461273
          ],
          [
            -98.159064,
            30.461302
          ],
          [
            -98.159111,
            30.461331
          ],
          [
            -98.159528,
            30.461583
          ],
          [
            -98.159416,
            30.461939
          ],
          [
            -98.159528,
            30.461583
          ],
          [
            -98.159834,
            30.461767
          ],
          [
            -98.159971,
            30.46185
          ],
          [
            -98.160572,
            30.462177
          ],
          [
            -98.160916,
            30.46235
          ],
          [
            -98.161464,
            30.462625
          ],
          [
            -98.162113,
            30.462951
          ],
          [
            -98.163083,
            30.463448
          ],
          [
            -98.163903,
            30.463869
          ],
          [
            -98.165372,
            30.464635
          ],
          [
            -98.165678,
            30.464794
          ],
          [
            -98.167154,
            30.465542
          ],
          [
            -98.167207,
            30.46557
          ],
          [
            -98.167251,
            30.465592
          ],
          [
            -98.167752,
            30.465857
          ],
          [
            -98.168388,
            30.466188
          ],
          [
            -98.169764,
            30.466897
          ],
          [
            -98.172114,
            30.468119
          ],
          [
            -98.174931,
            30.469594
          ],
          [
            -98.181039,
            30.472735
          ],
          [
            -98.182039,
            30.473255
          ],
          [
            -98.182132,
            30.473303
          ],
          [
            -98.184741,
            30.474645
          ],
          [
            -98.185103,
            30.474829
          ],
          [
            -98.185272,
            30.474916
          ],
          [
            -98.185801,
            30.475188
          ],
          [
            -98.186172,
            30.475382
          ],
          [
            -98.186291,
            30.475443
          ],
          [
            -98.186939,
            30.475775
          ],
          [
            -98.187344,
            30.475983
          ],
          [
            -98.188012,
            30.476325
          ],
          [
            -98.191524,
            30.478126
          ],
          [
            -98.192285,
            30.478515
          ],
          [
            -98.193335,
            30.479055
          ],
          [
            -98.195379,
            30.480101
          ],
          [
            -98.195401,
            30.480112
          ],
          [
            -98.196158,
            30.480501
          ],
          [
            -98.196542,
            30.480698
          ],
          [
            -98.196898,
            30.480881
          ],
          [
            -98.197244,
            30.481059
          ],
          [
            -98.198083,
            30.48149
          ],
          [
            -98.198733,
            30.481806
          ],
          [
            -98.198903,
            30.481889
          ],
          [
            -98.199703,
            30.482253
          ],
          [
            -98.200057,
            30.482414
          ],
          [
            -98.200576,
            30.482645
          ],
          [
            -98.200964,
            30.482809
          ],
          [
            -98.201974,
            30.483239
          ],
          [
            -98.202575,
            30.483495
          ],
          [
            -98.203073,
            30.483713
          ],
          [
            -98.20389,
            30.484071
          ],
          [
            -98.204335,
            30.484266
          ],
          [
            -98.205062,
            30.484586
          ],
          [
            -98.206141,
            30.485049
          ],
          [
            -98.207598,
            30.485675
          ],
          [
            -98.208238,
            30.48595
          ],
          [
            -98.208394,
            30.486017
          ],
          [
            -98.209584,
            30.486528
          ],
          [
            -98.21094,
            30.48711
          ],
          [
            -98.211347,
            30.487265
          ],
          [
            -98.211508,
            30.487322
          ],
          [
            -98.211904,
            30.487461
          ],
          [
            -98.212404,
            30.487607
          ],
          [
            -98.213179,
            30.487793
          ],
          [
            -98.213673,
            30.487896
          ],
          [
            -98.214343,
            30.488035
          ],
          [
            -98.214737,
            30.48812
          ],
          [
            -98.21596,
            30.488384
          ],
          [
            -98.222762,
            30.489857
          ],
          [
            -98.226305,
            30.490613
          ],
          [
            -98.227327,
            30.490833
          ],
          [
            -98.232502,
            30.491951
          ],
          [
            -98.233817,
            30.492225
          ],
          [
            -98.234813,
            30.492444
          ],
          [
            -98.235472,
            30.492573
          ],
          [
            -98.23615,
            30.492678
          ],
          [
            -98.236657,
            30.492741
          ],
          [
            -98.237987,
            30.492889
          ],
          [
            -98.239058,
            30.493015
          ],
          [
            -98.241094,
            30.493237
          ],
          [
            -98.241863,
            30.493293
          ],
          [
            -98.245225,
            30.493642
          ],
          [
            -98.246226,
            30.493747
          ],
          [
            -98.248811,
            30.494017
          ],
          [
            -98.249385,
            30.494081
          ],
          [
            -98.249876,
            30.494153
          ],
          [
            -98.250381,
            30.494243
          ],
          [
            -98.250799,
            30.494341
          ],
          [
            -98.251601,
            30.494549
          ],
          [
            -98.261436,
            30.497516
          ],
          [
            -98.261941,
            30.497684
          ],
          [
            -98.262729,
            30.497966
          ],
          [
            -98.263749,
            30.498398
          ],
          [
            -98.263894,
            30.49846
          ],
          [
            -98.267307,
            30.500061
          ],
          [
            -98.273154,
            30.502765
          ],
          [
            -98.275035,
            30.503631
          ],
          [
            -98.275388,
            30.503779
          ],
          [
            -98.275852,
            30.503957
          ],
          [
            -98.276317,
            30.504111
          ],
          [
            -98.276801,
            30.504256
          ],
          [
            -98.283856,
            30.506095
          ],
          [
            -98.284527,
            30.50627
          ],
          [
            -98.289096,
            30.507438
          ],
          [
            -98.290784,
            30.507865
          ],
          [
            -98.292347,
            30.50827
          ],
          [
            -98.29469,
            30.508871
          ],
          [
            -98.294381,
            30.508872
          ],
          [
            -98.29469,
            30.508871
          ],
          [
            -98.294983,
            30.50894
          ],
          [
            -98.295567,
            30.509089
          ],
          [
            -98.296629,
            30.509365
          ],
          [
            -98.296725,
            30.50939
          ],
          [
            -98.297436,
            30.50958
          ],
          [
            -98.299713,
            30.510172
          ],
          [
            -98.299876,
            30.510218
          ],
          [
            -98.301119,
            30.510523
          ],
          [
            -98.302347,
            30.510851
          ],
          [
            -98.30247,
            30.510883
          ],
          [
            -98.304494,
            30.511404
          ],
          [
            -98.304591,
            30.511429
          ],
          [
            -98.305958,
            30.511778
          ],
          [
            -98.306075,
            30.511808
          ],
          [
            -98.313021,
            30.513592
          ],
          [
            -98.31314,
            30.51362
          ],
          [
            -98.314085,
            30.513856
          ],
          [
            -98.314738,
            30.513999
          ],
          [
            -98.315357,
            30.514116
          ],
          [
            -98.315975,
            30.514213
          ],
          [
            -98.316637,
            30.514295
          ],
          [
            -98.326712,
            30.515353
          ],
          [
            -98.33714,
            30.516445
          ],
          [
            -98.341345,
            30.516881
          ],
          [
            -98.343131,
            30.517067
          ],
          [
            -98.346405,
            30.517406
          ],
          [
            -98.347319,
            30.517501
          ],
          [
            -98.347549,
            30.517515
          ],
          [
            -98.347883,
            30.517535
          ],
          [
            -98.348458,
            30.517547
          ],
          [
            -98.349011,
            30.517536
          ],
          [
            -98.349517,
            30.517505
          ],
          [
            -98.350097,
            30.517447
          ],
          [
            -98.351092,
            30.517288
          ],
          [
            -98.35155,
            30.517169
          ],
          [
            -98.353463,
            30.516693
          ],
          [
            -98.356619,
            30.515928
          ],
          [
            -98.360077,
            30.515098
          ],
          [
            -98.363338,
            30.5143
          ],
          [
            -98.363946,
            30.51417
          ],
          [
            -98.365168,
            30.513929
          ],
          [
            -98.367436,
            30.513519
          ],
          [
            -98.370353,
            30.513023
          ],
          [
            -98.371522,
            30.512833
          ],
          [
            -98.372269,
            30.512724
          ],
          [
            -98.372771,
            30.512672
          ],
          [
            -98.373276,
            30.512641
          ],
          [
            -98.373846,
            30.512628
          ],
          [
            -98.374258,
            30.512634
          ],
          [
            -98.374417,
            30.512636
          ],
          [
            -98.374987,
            30.512664
          ],
          [
            -98.375355,
            30.512696
          ],
          [
            -98.376665,
            30.512825
          ],
          [
            -98.377146,
            30.512871
          ],
          [
            -98.379079,
            30.513046
          ],
          [
            -98.379273,
            30.513065
          ],
          [
            -98.380087,
            30.513145
          ],
          [
            -98.382157,
            30.513349
          ],
          [
            -98.389454,
            30.514028
          ],
          [
            -98.394298,
            30.514495
          ],
          [
            -98.394519,
            30.514523
          ],
          [
            -98.394902,
            30.514572
          ],
          [
            -98.395503,
            30.514668
          ],
          [
            -98.39595,
            30.514753
          ],
          [
            -98.396345,
            30.514847
          ],
          [
            -98.397051,
            30.515057
          ],
          [
            -98.398003,
            30.515332
          ],
          [
            -98.400217,
            30.515952
          ],
          [
            -98.402503,
            30.516576
          ],
          [
            -98.403438,
            30.516839
          ],
          [
            -98.40414,
            30.517023
          ],
          [
            -98.404596,
            30.517181
          ],
          [
            -98.405289,
            30.517452
          ],
          [
            -98.405396,
            30.5175
          ],
          [
            -98.40562,
            30.517599
          ],
          [
            -98.406111,
            30.517832
          ],
          [
            -98.409784,
            30.51962
          ],
          [
            -98.41206,
            30.520711
          ],
          [
            -98.412468,
            30.520936
          ],
          [
            -98.412844,
            30.521159
          ],
          [
            -98.413222,
            30.521402
          ],
          [
            -98.413547,
            30.52163
          ],
          [
            -98.415713,
            30.52322
          ],
          [
            -98.418626,
            30.525359
          ],
          [
            -98.419258,
            30.525761
          ],
          [
            -98.419793,
            30.526069
          ],
          [
            -98.420386,
            30.526367
          ],
          [
            -98.421042,
            30.526681
          ],
          [
            -98.42345,
            30.527777
          ],
          [
            -98.423968,
            30.52801
          ],
          [
            -98.427121,
            30.529435
          ],
          [
            -98.427718,
            30.52967
          ],
          [
            -98.42834,
            30.529887
          ],
          [
            -98.436485,
            30.532506
          ],
          [
            -98.436925,
            30.532678
          ],
          [
            -98.437301,
            30.532831
          ],
          [
            -98.437728,
            30.53303
          ],
          [
            -98.438107,
            30.533219
          ],
          [
            -98.438481,
            30.533426
          ],
          [
            -98.438841,
            30.533641
          ],
          [
            -98.439206,
            30.533871
          ],
          [
            -98.439579,
            30.53412
          ],
          [
            -98.443035,
            30.536664
          ],
          [
            -98.444635,
            30.537839
          ],
          [
            -98.445135,
            30.538206
          ],
          [
            -98.447543,
            30.539973
          ],
          [
            -98.448096,
            30.540357
          ],
          [
            -98.448743,
            30.540743
          ],
          [
            -98.449407,
            30.541092
          ],
          [
            -98.450088,
            30.541404
          ],
          [
            -98.455255,
            30.543594
          ],
          [
            -98.45571,
            30.543806
          ],
          [
            -98.456208,
            30.544062
          ],
          [
            -98.45678,
            30.544396
          ],
          [
            -98.457256,
            30.544707
          ],
          [
            -98.457679,
            30.545009
          ],
          [
            -98.458122,
            30.545357
          ],
          [
            -98.46972,
            30.555379
          ],
          [
            -98.47039,
            30.55596
          ],
          [
            -98.470831,
            30.556342
          ],
          [
            -98.471327,
            30.55677
          ],
          [
            -98.472219,
            30.55754
          ],
          [
            -98.473424,
            30.558581
          ],
          [
            -98.485335,
            30.568861
          ],
          [
            -98.486705,
            30.570047
          ],
          [
            -98.487265,
            30.570564
          ],
          [
            -98.487748,
            30.571046
          ],
          [
            -98.494906,
            30.578633
          ],
          [
            -98.496513,
            30.580315
          ],
          [
            -98.496881,
            30.580738
          ],
          [
            -98.497181,
            30.581107
          ],
          [
            -98.497605,
            30.58168
          ],
          [
            -98.498325,
            30.582731
          ],
          [
            -98.499979,
            30.585181
          ],
          [
            -98.502281,
            30.588526
          ],
          [
            -98.503507,
            30.590303
          ],
          [
            -98.503824,
            30.59075
          ],
          [
            -98.504134,
            30.591164
          ],
          [
            -98.505583,
            30.593031
          ],
          [
            -98.508038,
            30.596202
          ],
          [
            -98.51233,
            30.601738
          ],
          [
            -98.513994,
            30.603892
          ],
          [
            -98.514287,
            30.604287
          ],
          [
            -98.514751,
            30.60497
          ],
          [
            -98.514907,
            30.605224
          ],
          [
            -98.518547,
            30.611448
          ],
          [
            -98.527045,
            30.625988
          ],
          [
            -98.527259,
            30.626372
          ],
          [
            -98.527459,
            30.626781
          ],
          [
            -98.527631,
            30.627145
          ],
          [
            -98.527795,
            30.62749
          ],
          [
            -98.528563,
            30.629139
          ],
          [
            -98.528811,
            30.629671
          ],
          [
            -98.529239,
            30.630589
          ],
          [
            -98.529403,
            30.630919
          ],
          [
            -98.529565,
            30.631196
          ],
          [
            -98.529771,
            30.631521
          ],
          [
            -98.529964,
            30.631788
          ],
          [
            -98.53022,
            30.632107
          ],
          [
            -98.530485,
            30.632394
          ],
          [
            -98.530779,
            30.632668
          ],
          [
            -98.531053,
            30.632914
          ],
          [
            -98.53969,
            30.639948
          ],
          [
            -98.540095,
            30.640293
          ],
          [
            -98.540476,
            30.640663
          ],
          [
            -98.540843,
            30.641077
          ],
          [
            -98.541169,
            30.641504
          ],
          [
            -98.541467,
            30.641939
          ],
          [
            -98.54174,
            30.64241
          ],
          [
            -98.541968,
            30.642893
          ],
          [
            -98.542158,
            30.64339
          ],
          [
            -98.543289,
            30.646837
          ],
          [
            -98.545038,
            30.652188
          ],
          [
            -98.545189,
            30.652583
          ],
          [
            -98.545362,
            30.652976
          ],
          [
            -98.545562,
            30.653361
          ],
          [
            -98.54579,
            30.653727
          ],
          [
            -98.545872,
            30.653849
          ],
          [
            -98.545942,
            30.653955
          ],
          [
            -98.546035,
            30.654093
          ],
          [
            -98.546297,
            30.654439
          ],
          [
            -98.546578,
            30.654779
          ],
          [
            -98.546868,
            30.655096
          ],
          [
            -98.548697,
            30.656956
          ],
          [
            -98.549048,
            30.657367
          ],
          [
            -98.549349,
            30.657781
          ],
          [
            -98.549643,
            30.658236
          ],
          [
            -98.549904,
            30.65871
          ],
          [
            -98.550133,
            30.659217
          ],
          [
            -98.550328,
            30.659747
          ],
          [
            -98.550477,
            30.660286
          ],
          [
            -98.550575,
            30.660836
          ],
          [
            -98.550674,
            30.661532
          ],
          [
            -98.551397,
            30.666906
          ],
          [
            -98.551482,
            30.667319
          ],
          [
            -98.551581,
            30.667698
          ],
          [
            -98.551699,
            30.668094
          ],
          [
            -98.551843,
            30.668479
          ],
          [
            -98.552013,
            30.66886
          ],
          [
            -98.552206,
            30.669239
          ],
          [
            -98.552429,
            30.669609
          ],
          [
            -98.552636,
            30.669927
          ],
          [
            -98.556228,
            30.674706
          ],
          [
            -98.556444,
            30.675007
          ],
          [
            -98.556622,
            30.675301
          ],
          [
            -98.556805,
            30.675612
          ],
          [
            -98.556975,
            30.675941
          ],
          [
            -98.557109,
            30.676248
          ],
          [
            -98.557237,
            30.676586
          ],
          [
            -98.557358,
            30.676923
          ],
          [
            -98.557452,
            30.677301
          ],
          [
            -98.559174,
            30.683694
          ],
          [
            -98.559256,
            30.683936
          ],
          [
            -98.559895,
            30.68562
          ],
          [
            -98.562079,
            30.691513
          ],
          [
            -98.562326,
            30.692146
          ],
          [
            -98.562484,
            30.692475
          ],
          [
            -98.562703,
            30.692861
          ],
          [
            -98.562941,
            30.69325
          ],
          [
            -98.563117,
            30.693517
          ],
          [
            -98.563418,
            30.693918
          ],
          [
            -98.566711,
            30.698282
          ],
          [
            -98.567671,
            30.699554
          ],
          [
            -98.570486,
            30.703285
          ],
          [
            -98.570754,
            30.703603
          ],
          [
            -98.571039,
            30.70389
          ],
          [
            -98.571322,
            30.704122
          ],
          [
            -98.571651,
            30.704354
          ],
          [
            -98.572,
            30.704574
          ],
          [
            -98.572407,
            30.704796
          ],
          [
            -98.572784,
            30.704964
          ],
          [
            -98.573195,
            30.705112
          ],
          [
            -98.573608,
            30.705228
          ],
          [
            -98.574014,
            30.705316
          ],
          [
            -98.574461,
            30.705381
          ],
          [
            -98.574901,
            30.705414
          ],
          [
            -98.575366,
            30.705419
          ],
          [
            -98.575824,
            30.705395
          ],
          [
            -98.576235,
            30.705345
          ],
          [
            -98.576764,
            30.705244
          ],
          [
            -98.577232,
            30.705099
          ],
          [
            -98.578107,
            30.704796
          ],
          [
            -98.578418,
            30.704688
          ],
          [
            -98.58014,
            30.704093
          ],
          [
            -98.58217,
            30.703387
          ],
          [
            -98.583071,
            30.703078
          ],
          [
            -98.583384,
            30.702983
          ],
          [
            -98.583707,
            30.702899
          ],
          [
            -98.584032,
            30.702826
          ],
          [
            -98.58436,
            30.702766
          ],
          [
            -98.584701,
            30.702724
          ],
          [
            -98.585045,
            30.702694
          ],
          [
            -98.585391,
            30.702676
          ],
          [
            -98.585745,
            30.70267
          ],
          [
            -98.589796,
            30.7028
          ],
          [
            -98.590332,
            30.702847
          ],
          [
            -98.590831,
            30.702926
          ],
          [
            -98.591335,
            30.703047
          ],
          [
            -98.591812,
            30.703199
          ],
          [
            -98.593058,
            30.70364
          ],
          [
            -98.593347,
            30.703755
          ],
          [
            -98.593601,
            30.703867
          ],
          [
            -98.593873,
            30.704005
          ],
          [
            -98.594117,
            30.704136
          ],
          [
            -98.594366,
            30.704295
          ],
          [
            -98.594587,
            30.704446
          ],
          [
            -98.594808,
            30.704612
          ],
          [
            -98.595036,
            30.704794
          ],
          [
            -98.598466,
            30.707688
          ],
          [
            -98.598769,
            30.707927
          ],
          [
            -98.599055,
            30.708139
          ],
          [
            -98.59938,
            30.708346
          ],
          [
            -98.599727,
            30.70855
          ],
          [
            -98.600071,
            30.708718
          ],
          [
            -98.600426,
            30.708867
          ],
          [
            -98.600785,
            30.708993
          ],
          [
            -98.601158,
            30.709107
          ],
          [
            -98.608527,
            30.71115
          ],
          [
            -98.60894,
            30.711282
          ],
          [
            -98.609329,
            30.711419
          ],
          [
            -98.609678,
            30.711556
          ],
          [
            -98.610104,
            30.711735
          ],
          [
            -98.610512,
            30.711916
          ],
          [
            -98.613518,
            30.713316
          ],
          [
            -98.614007,
            30.713538
          ],
          [
            -98.61453,
            30.713728
          ],
          [
            -98.615074,
            30.713902
          ],
          [
            -98.615612,
            30.71404
          ],
          [
            -98.616171,
            30.714149
          ],
          [
            -98.616718,
            30.714226
          ],
          [
            -98.617262,
            30.714271
          ],
          [
            -98.617818,
            30.714289
          ],
          [
            -98.627317,
            30.714276
          ],
          [
            -98.62769,
            30.714275
          ],
          [
            -98.628094,
            30.7143
          ],
          [
            -98.628496,
            30.714339
          ],
          [
            -98.628892,
            30.714392
          ],
          [
            -98.629286,
            30.714459
          ],
          [
            -98.629687,
            30.714547
          ],
          [
            -98.630064,
            30.714645
          ],
          [
            -98.630448,
            30.714757
          ],
          [
            -98.630817,
            30.714882
          ],
          [
            -98.638088,
            30.717626
          ],
          [
            -98.638435,
            30.717772
          ],
          [
            -98.638803,
            30.717936
          ],
          [
            -98.639175,
            30.718117
          ],
          [
            -98.639526,
            30.718314
          ],
          [
            -98.639849,
            30.718521
          ],
          [
            -98.640176,
            30.718749
          ],
          [
            -98.640485,
            30.718976
          ],
          [
            -98.640789,
            30.719228
          ],
          [
            -98.641084,
            30.719493
          ],
          [
            -98.641358,
            30.719755
          ],
          [
            -98.649108,
            30.727307
          ],
          [
            -98.652138,
            30.730213
          ],
          [
            -98.652579,
            30.730556
          ],
          [
            -98.652966,
            30.730841
          ],
          [
            -98.653378,
            30.731119
          ],
          [
            -98.653835,
            30.731382
          ],
          [
            -98.654316,
            30.731612
          ],
          [
            -98.65479,
            30.731811
          ],
          [
            -98.655224,
            30.731969
          ],
          [
            -98.655609,
            30.732095
          ],
          [
            -98.657503,
            30.732651
          ],
          [
            -98.662611,
            30.734108
          ],
          [
            -98.663458,
            30.734357
          ],
          [
            -98.663931,
            30.734494
          ],
          [
            -98.665391,
            30.734906
          ],
          [
            -98.665762,
            30.735019
          ],
          [
            -98.666489,
            30.73524
          ],
          [
            -98.666944,
            30.73537
          ],
          [
            -98.668198,
            30.73573
          ],
          [
            -98.669511,
            30.736098
          ],
          [
            -98.672335,
            30.736919
          ],
          [
            -98.672591,
            30.736994
          ],
          [
            -98.673034,
            30.737121
          ],
          [
            -98.673622,
            30.73729
          ],
          [
            -98.673976,
            30.737391
          ],
          [
            -98.674168,
            30.737446
          ],
          [
            -98.674859,
            30.737645
          ],
          [
            -98.67505,
            30.737751
          ],
          [
            -98.675615,
            30.737912
          ],
          [
            -98.675747,
            30.737978
          ],
          [
            -98.67585,
            30.738044
          ],
          [
            -98.675926,
            30.738114
          ],
          [
            -98.675985,
            30.738182
          ],
          [
            -98.676044,
            30.738268
          ],
          [
            -98.67609,
            30.738367
          ],
          [
            -98.676119,
            30.738474
          ],
          [
            -98.676132,
            30.738592
          ],
          [
            -98.676112,
            30.73879
          ],
          [
            -98.676044,
            30.738963
          ],
          [
            -98.675997,
            30.739111
          ],
          [
            -98.675955,
            30.739288
          ],
          [
            -98.67592,
            30.739493
          ],
          [
            -98.675901,
            30.739707
          ],
          [
            -98.67589,
            30.739897
          ],
          [
            -98.67592,
            30.740098
          ],
          [
            -98.675912,
            30.740397
          ],
          [
            -98.675906,
            30.741423
          ],
          [
            -98.6759,
            30.742402
          ],
          [
            -98.675917,
            30.743361
          ],
          [
            -98.675905,
            30.743797
          ],
          [
            -98.675908,
            30.744345
          ],
          [
            -98.675915,
            30.745317
          ],
          [
            -98.675922,
            30.746319
          ],
          [
            -98.675918,
            30.746879
          ],
          [
            -98.675923,
            30.74718
          ],
          [
            -98.675926,
            30.747299
          ],
          [
            -98.675927,
            30.747616
          ],
          [
            -98.675928,
            30.747682
          ],
          [
            -98.675931,
            30.748257
          ],
          [
            -98.675934,
            30.749271
          ],
          [
            -98.675934,
            30.749549
          ],
          [
            -98.675934,
            30.750075
          ],
          [
            -98.675934,
            30.75029
          ],
          [
            -98.675937,
            30.750819
          ],
          [
            -98.67594,
            30.751267
          ],
          [
            -98.675916,
            30.751697
          ],
          [
            -98.675905,
            30.751876
          ],
          [
            -98.675779,
            30.754404
          ],
          [
            -98.675746,
            30.754886
          ],
          [
            -98.675739,
            30.755143
          ],
          [
            -98.675734,
            30.75522
          ],
          [
            -98.67572,
            30.75551
          ],
          [
            -98.675717,
            30.755564
          ],
          [
            -98.675715,
            30.755604
          ],
          [
            -98.675706,
            30.756011
          ],
          [
            -98.675676,
            30.756416
          ],
          [
            -98.675672,
            30.756489
          ],
          [
            -98.67566,
            30.756552
          ],
          [
            -98.675635,
            30.756707
          ],
          [
            -98.675596,
            30.756857
          ],
          [
            -98.675419,
            30.757459
          ],
          [
            -98.675338,
            30.757702
          ],
          [
            -98.675284,
            30.757933
          ],
          [
            -98.675269,
            30.758031
          ],
          [
            -98.67522,
            30.758344
          ],
          [
            -98.675206,
            30.758473
          ],
          [
            -98.675193,
            30.758633
          ],
          [
            -98.675184,
            30.758927
          ],
          [
            -98.675183,
            30.759155
          ],
          [
            -98.675085,
            30.759324
          ],
          [
            -98.675016,
            30.75939
          ],
          [
            -98.674863,
            30.759472
          ],
          [
            -98.674707,
            30.759513
          ],
          [
            -98.674489,
            30.75951
          ],
          [
            -98.673684,
            30.759512
          ],
          [
            -98.672159,
            30.759494
          ],
          [
            -98.669952,
            30.759468
          ],
          [
            -98.669592,
            30.759465
          ],
          [
            -98.669143,
            30.759474
          ],
          [
            -98.668526,
            30.759468
          ],
          [
            -98.667646,
            30.759468
          ],
          [
            -98.666082,
            30.759453
          ],
          [
            -98.665127,
            30.759447
          ],
          [
            -98.664578,
            30.759444
          ],
          [
            -98.66344,
            30.759434
          ],
          [
            -98.663267,
            30.759437
          ],
          [
            -98.663114,
            30.759443
          ],
          [
            -98.662818,
            30.759447
          ],
          [
            -98.662493,
            30.759466
          ],
          [
            -98.662228,
            30.759491
          ],
          [
            -98.661514,
            30.759594
          ],
          [
            -98.661221,
            30.759651
          ],
          [
            -98.660443,
            30.759811
          ],
          [
            -98.660142,
            30.759878
          ],
          [
            -98.658338,
            30.760289
          ],
          [
            -98.658093,
            30.76034
          ],
          [
            -98.657947,
            30.760379
          ],
          [
            -98.657757,
            30.760438
          ],
          [
            -98.657437,
            30.760515
          ],
          [
            -98.657174,
            30.760567
          ],
          [
            -98.656237,
            30.760786
          ],
          [
            -98.655108,
            30.761028
          ],
          [
            -98.654278,
            30.761222
          ],
          [
            -98.653569,
            30.761378
          ],
          [
            -98.653056,
            30.761481
          ],
          [
            -98.652337,
            30.761602
          ],
          [
            -98.652024,
            30.761631
          ],
          [
            -98.651676,
            30.761677
          ],
          [
            -98.651465,
            30.761699
          ],
          [
            -98.65122,
            30.761724
          ],
          [
            -98.650618,
            30.761769
          ],
          [
            -98.650096,
            30.76179
          ],
          [
            -98.649867,
            30.761801
          ],
          [
            -98.648582,
            30.761798
          ],
          [
            -98.64694,
            30.761789
          ],
          [
            -98.645755,
            30.761783
          ],
          [
            -98.645202,
            30.761774
          ],
          [
            -98.640108,
            30.761745
          ],
          [
            -98.639696,
            30.761746
          ],
          [
            -98.639077,
            30.761734
          ],
          [
            -98.636583,
            30.761721
          ],
          [
            -98.636008,
            30.761718
          ],
          [
            -98.633589,
            30.7617
          ],
          [
            -98.632211,
            30.761692
          ],
          [
            -98.631628,
            30.761676
          ],
          [
            -98.630982,
            30.761659
          ],
          [
            -98.63038,
            30.761609
          ],
          [
            -98.629829,
            30.761541
          ],
          [
            -98.629336,
            30.761464
          ],
          [
            -98.627955,
            30.761206
          ],
          [
            -98.623789,
            30.760446
          ],
          [
            -98.623485,
            30.760398
          ],
          [
            -98.623008,
            30.760339
          ],
          [
            -98.622619,
            30.760304
          ],
          [
            -98.62233,
            30.760284
          ],
          [
            -98.622016,
            30.760278
          ],
          [
            -98.621611,
            30.760287
          ],
          [
            -98.621457,
            30.760291
          ],
          [
            -98.621035,
            30.760315
          ],
          [
            -98.620429,
            30.760375
          ],
          [
            -98.619686,
            30.760513
          ],
          [
            -98.619272,
            30.760611
          ],
          [
            -98.618844,
            30.760729
          ],
          [
            -98.61863,
            30.760796
          ],
          [
            -98.618309,
            30.760908
          ],
          [
            -98.617843,
            30.761085
          ],
          [
            -98.616421,
            30.761664
          ],
          [
            -98.615537,
            30.762035
          ],
          [
            -98.613835,
            30.762728
          ],
          [
            -98.613642,
            30.762798
          ],
          [
            -98.613268,
            30.762928
          ],
          [
            -98.612802,
            30.76306
          ],
          [
            -98.612563,
            30.763118
          ],
          [
            -98.611939,
            30.763217
          ],
          [
            -98.611255,
            30.763263
          ],
          [
            -98.610247,
            30.763285
          ],
          [
            -98.609975,
            30.763304
          ],
          [
            -98.609638,
            30.763344
          ],
          [
            -98.609341,
            30.763396
          ],
          [
            -98.60888,
            30.763496
          ],
          [
            -98.608669,
            30.763551
          ],
          [
            -98.608332,
            30.76366
          ],
          [
            -98.608133,
            30.763732
          ],
          [
            -98.607995,
            30.763789
          ],
          [
            -98.607698,
            30.763931
          ],
          [
            -98.607541,
            30.764
          ],
          [
            -98.606057,
            30.764805
          ],
          [
            -98.605741,
            30.764982
          ],
          [
            -98.604557,
            30.765619
          ],
          [
            -98.602647,
            30.766687
          ],
          [
            -98.602014,
            30.767033
          ],
          [
            -98.600873,
            30.767642
          ],
          [
            -98.600141,
            30.768041
          ],
          [
            -98.5975,
            30.769481
          ],
          [
            -98.594126,
            30.771326
          ],
          [
            -98.591404,
            30.772811
          ],
          [
            -98.589547,
            30.773824
          ],
          [
            -98.588122,
            30.774598
          ],
          [
            -98.585379,
            30.776095
          ],
          [
            -98.581166,
            30.778394
          ],
          [
            -98.581102,
            30.778426
          ],
          [
            -98.58079,
            30.778584
          ],
          [
            -98.580405,
            30.778759
          ],
          [
            -98.580011,
            30.778918
          ],
          [
            -98.579609,
            30.779061
          ],
          [
            -98.579073,
            30.779221
          ],
          [
            -98.57837,
            30.779405
          ],
          [
            -98.574076,
            30.780438
          ],
          [
            -98.572967,
            30.780682
          ],
          [
            -98.571535,
            30.780941
          ],
          [
            -98.570136,
            30.781158
          ],
          [
            -98.568954,
            30.781314
          ],
          [
            -98.568026,
            30.781444
          ],
          [
            -98.567412,
            30.781522
          ],
          [
            -98.566671,
            30.781624
          ],
          [
            -98.566435,
            30.781652
          ],
          [
            -98.565997,
            30.781687
          ],
          [
            -98.565619,
            30.781699
          ],
          [
            -98.565179,
            30.781692
          ],
          [
            -98.564802,
            30.781668
          ],
          [
            -98.564428,
            30.781627
          ],
          [
            -98.564056,
            30.78157
          ],
          [
            -98.563688,
            30.781497
          ],
          [
            -98.563325,
            30.781408
          ],
          [
            -98.562909,
            30.781283
          ],
          [
            -98.562559,
            30.78116
          ],
          [
            -98.562101,
            30.780974
          ],
          [
            -98.561766,
            30.780817
          ],
          [
            -98.561442,
            30.780643
          ],
          [
            -98.56113,
            30.780454
          ],
          [
            -98.560831,
            30.78025
          ],
          [
            -98.560384,
            30.779906
          ],
          [
            -98.559361,
            30.779074
          ],
          [
            -98.556865,
            30.777079
          ],
          [
            -98.556837,
            30.77706
          ],
          [
            -98.55612,
            30.776479
          ],
          [
            -98.555636,
            30.776094
          ],
          [
            -98.554559,
            30.775218
          ],
          [
            -98.554145,
            30.774896
          ],
          [
            -98.553523,
            30.77439
          ],
          [
            -98.550285,
            30.771794
          ],
          [
            -98.549391,
            30.771109
          ],
          [
            -98.548669,
            30.770581
          ],
          [
            -98.548021,
            30.770138
          ],
          [
            -98.547208,
            30.769608
          ],
          [
            -98.54638,
            30.769096
          ],
          [
            -98.545625,
            30.768659
          ],
          [
            -98.544853,
            30.768232
          ],
          [
            -98.540743,
            30.766087
          ],
          [
            -98.54064,
            30.766039
          ],
          [
            -98.540322,
            30.765868
          ],
          [
            -98.540076,
            30.765735
          ],
          [
            -98.536761,
            30.764011
          ],
          [
            -98.53629,
            30.76374
          ],
          [
            -98.535833,
            30.763451
          ],
          [
            -98.535391,
            30.763146
          ],
          [
            -98.534965,
            30.762824
          ],
          [
            -98.534472,
            30.762413
          ],
          [
            -98.534125,
            30.762093
          ],
          [
            -98.533793,
            30.761761
          ],
          [
            -98.533478,
            30.761418
          ],
          [
            -98.533382,
            30.761305
          ],
          [
            -98.533166,
            30.761047
          ],
          [
            -98.532659,
            30.760385
          ],
          [
            -98.532388,
            30.759958
          ],
          [
            -98.532108,
            30.759474
          ],
          [
            -98.531876,
            30.75903
          ],
          [
            -98.531665,
            30.758575
          ],
          [
            -98.531478,
            30.758112
          ],
          [
            -98.531333,
            30.757694
          ],
          [
            -98.531207,
            30.757272
          ],
          [
            -98.530671,
            30.755116
          ],
          [
            -98.530034,
            30.752553
          ],
          [
            -98.529931,
            30.752182
          ],
          [
            -98.529808,
            30.751815
          ],
          [
            -98.529665,
            30.751454
          ],
          [
            -98.529502,
            30.7511
          ],
          [
            -98.529319,
            30.750752
          ],
          [
            -98.529118,
            30.750412
          ],
          [
            -98.528898,
            30.750081
          ],
          [
            -98.52866,
            30.74976
          ],
          [
            -98.528405,
            30.749449
          ],
          [
            -98.528133,
            30.749148
          ],
          [
            -98.527844,
            30.748859
          ],
          [
            -98.52754,
            30.748582
          ],
          [
            -98.527221,
            30.748318
          ],
          [
            -98.52681,
            30.748009
          ],
          [
            -98.5253,
            30.746919
          ],
          [
            -98.522966,
            30.745255
          ],
          [
            -98.5221,
            30.744622
          ],
          [
            -98.520116,
            30.743197
          ],
          [
            -98.517812,
            30.741557
          ],
          [
            -98.516244,
            30.740432
          ],
          [
            -98.514884,
            30.739447
          ],
          [
            -98.514611,
            30.739226
          ],
          [
            -98.514356,
            30.738991
          ],
          [
            -98.514118,
            30.738741
          ],
          [
            -98.513901,
            30.738479
          ],
          [
            -98.513703,
            30.738204
          ],
          [
            -98.51346,
            30.737814
          ],
          [
            -98.513225,
            30.737363
          ],
          [
            -98.513057,
            30.737024
          ],
          [
            -98.512871,
            30.736623
          ],
          [
            -98.512735,
            30.736376
          ],
          [
            -98.512583,
            30.736136
          ],
          [
            -98.512414,
            30.735904
          ],
          [
            -98.51223,
            30.735681
          ],
          [
            -98.512031,
            30.735469
          ],
          [
            -98.511817,
            30.735267
          ],
          [
            -98.511733,
            30.735196
          ],
          [
            -98.511589,
            30.735076
          ],
          [
            -98.511349,
            30.734898
          ],
          [
            -98.511008,
            30.734673
          ],
          [
            -98.510909,
            30.734613
          ],
          [
            -98.510415,
            30.73431
          ],
          [
            -98.51004,
            30.734096
          ],
          [
            -98.509444,
            30.733755
          ],
          [
            -98.509071,
            30.733556
          ],
          [
            -98.508687,
            30.733373
          ],
          [
            -98.508295,
            30.733204
          ],
          [
            -98.507843,
            30.733033
          ],
          [
            -98.507497,
            30.732929
          ],
          [
            -98.507257,
            30.732862
          ],
          [
            -98.507084,
            30.732813
          ],
          [
            -98.506724,
            30.73273
          ],
          [
            -98.506359,
            30.732662
          ],
          [
            -98.505991,
            30.732612
          ],
          [
            -98.50562,
            30.732577
          ],
          [
            -98.504976,
            30.732548
          ],
          [
            -98.504115,
            30.73256
          ],
          [
            -98.501751,
            30.732601
          ],
          [
            -98.500768,
            30.732625
          ],
          [
            -98.498902,
            30.732669
          ],
          [
            -98.497133,
            30.732689
          ],
          [
            -98.496013,
            30.73269
          ],
          [
            -98.493959,
            30.732768
          ],
          [
            -98.492548,
            30.732777
          ],
          [
            -98.489507,
            30.732821
          ],
          [
            -98.487027,
            30.732861
          ],
          [
            -98.48684,
            30.732868
          ],
          [
            -98.486714,
            30.732867
          ],
          [
            -98.486197,
            30.732881
          ],
          [
            -98.48595,
            30.732888
          ],
          [
            -98.484279,
            30.732921
          ],
          [
            -98.484289,
            30.733242
          ],
          [
            -98.48429,
            30.733114
          ],
          [
            -98.484291,
            30.732991
          ],
          [
            -98.484279,
            30.732921
          ],
          [
            -98.48065,
            30.732971
          ],
          [
            -98.478783,
            30.733016
          ],
          [
            -98.477709,
            30.733033
          ],
          [
            -98.476329,
            30.733072
          ],
          [
            -98.47431,
            30.733086
          ],
          [
            -98.472997,
            30.733117
          ],
          [
            -98.472157,
            30.733125
          ],
          [
            -98.471067,
            30.733159
          ],
          [
            -98.469423,
            30.73318
          ],
          [
            -98.468441,
            30.733204
          ],
          [
            -98.467447,
            30.733216
          ],
          [
            -98.467065,
            30.733223
          ],
          [
            -98.465887,
            30.733246
          ],
          [
            -98.465919,
            30.732938
          ],
          [
            -98.466151,
            30.731259
          ],
          [
            -98.466259,
            30.730533
          ],
          [
            -98.466357,
            30.72974
          ],
          [
            -98.466619,
            30.72779
          ],
          [
            -98.466791,
            30.726553
          ],
          [
            -98.466936,
            30.725619
          ],
          [
            -98.466952,
            30.725486
          ],
          [
            -98.466971,
            30.725331
          ],
          [
            -98.466992,
            30.725163
          ],
          [
            -98.467227,
            30.723401
          ],
          [
            -98.467698,
            30.719942
          ],
          [
            -98.467745,
            30.719604
          ],
          [
            -98.467882,
            30.718654
          ],
          [
            -98.46804,
            30.717506
          ],
          [
            -98.468096,
            30.716773
          ],
          [
            -98.46811,
            30.716304
          ],
          [
            -98.468017,
            30.714432
          ],
          [
            -98.467831,
            30.71319
          ],
          [
            -98.46762,
            30.711926
          ],
          [
            -98.467576,
            30.711647
          ],
          [
            -98.467505,
            30.710944
          ],
          [
            -98.467474,
            30.710324
          ],
          [
            -98.467471,
            30.710263
          ],
          [
            -98.467476,
            30.710178
          ],
          [
            -98.46753,
            30.709304
          ],
          [
            -98.467602,
            30.708679
          ],
          [
            -98.467692,
            30.707644
          ],
          [
            -98.467714,
            30.707398
          ],
          [
            -98.467717,
            30.707339
          ],
          [
            -98.467738,
            30.706963
          ],
          [
            -98.467703,
            30.706463
          ],
          [
            -98.467557,
            30.70598
          ],
          [
            -98.467349,
            30.705554
          ],
          [
            -98.46705,
            30.705132
          ],
          [
            -98.466754,
            30.704851
          ],
          [
            -98.4661,
            30.704274
          ],
          [
            -98.465582,
            30.703837
          ],
          [
            -98.465366,
            30.703636
          ],
          [
            -98.465164,
            30.703425
          ],
          [
            -98.464975,
            30.703204
          ],
          [
            -98.464801,
            30.702975
          ],
          [
            -98.464363,
            30.702316
          ],
          [
            -98.463819,
            30.701466
          ],
          [
            -98.463292,
            30.700664
          ],
          [
            -98.462909,
            30.699996
          ],
          [
            -98.462464,
            30.699171
          ],
          [
            -98.462199,
            30.698626
          ],
          [
            -98.461801,
            30.697727
          ],
          [
            -98.46159,
            30.697209
          ],
          [
            -98.461576,
            30.697175
          ],
          [
            -98.461373,
            30.696617
          ],
          [
            -98.46133,
            30.696489
          ],
          [
            -98.46117,
            30.695938
          ],
          [
            -98.461049,
            30.695465
          ],
          [
            -98.460924,
            30.694886
          ],
          [
            -98.46083,
            30.694254
          ],
          [
            -98.460748,
            30.693622
          ],
          [
            -98.460609,
            30.692366
          ],
          [
            -98.460588,
            30.691991
          ],
          [
            -98.460587,
            30.691616
          ],
          [
            -98.460598,
            30.691349
          ],
          [
            -98.460753,
            30.689599
          ],
          [
            -98.460959,
            30.687143
          ],
          [
            -98.461047,
            30.686044
          ],
          [
            -98.46111,
            30.684027
          ],
          [
            -98.461106,
            30.683652
          ],
          [
            -98.461079,
            30.683278
          ],
          [
            -98.460949,
            30.682286
          ],
          [
            -98.460895,
            30.681812
          ],
          [
            -98.460843,
            30.681496
          ],
          [
            -98.460758,
            30.681127
          ],
          [
            -98.460661,
            30.68081
          ],
          [
            -98.46054,
            30.680499
          ],
          [
            -98.460395,
            30.680197
          ],
          [
            -98.460236,
            30.679911
          ],
          [
            -98.459915,
            30.679313
          ],
          [
            -98.459618,
            30.678707
          ],
          [
            -98.459529,
            30.678543
          ],
          [
            -98.45937,
            30.678257
          ],
          [
            -98.459063,
            30.677742
          ],
          [
            -98.458316,
            30.676604
          ],
          [
            -98.457888,
            30.675966
          ],
          [
            -98.457378,
            30.675171
          ],
          [
            -98.457158,
            30.674805
          ],
          [
            -98.456508,
            30.675124
          ],
          [
            -98.45587,
            30.675462
          ],
          [
            -98.455507,
            30.675678
          ],
          [
            -98.455287,
            30.675823
          ],
          [
            -98.455148,
            30.675928
          ],
          [
            -98.454967,
            30.676064
          ],
          [
            -98.454452,
            30.676484
          ],
          [
            -98.453778,
            30.67706
          ],
          [
            -98.453738,
            30.677098
          ],
          [
            -98.453649,
            30.677164
          ],
          [
            -98.453549,
            30.677217
          ],
          [
            -98.453521,
            30.677227
          ],
          [
            -98.45344,
            30.677255
          ],
          [
            -98.453383,
            30.677269
          ],
          [
            -98.453267,
            30.677284
          ],
          [
            -98.45315,
            30.677283
          ],
          [
            -98.453091,
            30.677276
          ],
          [
            -98.452971,
            30.677274
          ],
          [
            -98.452852,
            30.67726
          ],
          [
            -98.452736,
            30.677232
          ],
          [
            -98.45241,
            30.677119
          ],
          [
            -98.452301,
            30.67709
          ],
          [
            -98.45219,
            30.677068
          ],
          [
            -98.452077,
            30.677055
          ],
          [
            -98.449355,
            30.676925
          ],
          [
            -98.449268,
            30.676924
          ],
          [
            -98.448606,
            30.676909
          ],
          [
            -98.448301,
            30.676884
          ],
          [
            -98.447938,
            30.676834
          ],
          [
            -98.446464,
            30.676513
          ],
          [
            -98.445513,
            30.676322
          ],
          [
            -98.445239,
            30.676607
          ],
          [
            -98.445153,
            30.676466
          ],
          [
            -98.445056,
            30.676331
          ],
          [
            -98.445005,
            30.676231
          ],
          [
            -98.444739,
            30.676177
          ],
          [
            -98.444662,
            30.676133
          ],
          [
            -98.444528,
            30.676048
          ],
          [
            -98.444706,
            30.675898
          ],
          [
            -98.444915,
            30.675701
          ],
          [
            -98.444988,
            30.675611
          ],
          [
            -98.445129,
            30.675415
          ],
          [
            -98.445154,
            30.67538
          ],
          [
            -98.445299,
            30.675138
          ],
          [
            -98.445422,
            30.674886
          ],
          [
            -98.445503,
            30.674673
          ],
          [
            -98.445683,
            30.674241
          ],
          [
            -98.44581,
            30.673914
          ],
          [
            -98.446015,
            30.673389
          ],
          [
            -98.446112,
            30.673139
          ],
          [
            -98.446191,
            30.67293
          ],
          [
            -98.446274,
            30.672704
          ],
          [
            -98.446389,
            30.672347
          ],
          [
            -98.446508,
            30.671908
          ],
          [
            -98.446526,
            30.671792
          ],
          [
            -98.446624,
            30.671257
          ],
          [
            -98.446681,
            30.670906
          ],
          [
            -98.446839,
            30.670271
          ],
          [
            -98.446889,
            30.670145
          ],
          [
            -98.447005,
            30.669895
          ],
          [
            -98.447142,
            30.669653
          ],
          [
            -98.447301,
            30.669421
          ],
          [
            -98.447657,
            30.66906
          ],
          [
            -98.447816,
            30.668898
          ],
          [
            -98.448027,
            30.668744
          ],
          [
            -98.448225,
            30.668604
          ],
          [
            -98.44856,
            30.668359
          ],
          [
            -98.44878,
            30.66817
          ],
          [
            -98.448905,
            30.668065
          ],
          [
            -98.449108,
            30.667897
          ],
          [
            -98.449297,
            30.66772
          ],
          [
            -98.449535,
            30.667499
          ],
          [
            -98.449578,
            30.667458
          ],
          [
            -98.44969,
            30.667354
          ],
          [
            -98.450588,
            30.666563
          ],
          [
            -98.450312,
            30.666228
          ],
          [
            -98.450157,
            30.66604
          ],
          [
            -98.449165,
            30.664833
          ],
          [
            -98.448115,
            30.663554
          ],
          [
            -98.447806,
            30.663177
          ],
          [
            -98.446792,
            30.661975
          ],
          [
            -98.446497,
            30.66163
          ],
          [
            -98.446329,
            30.66145
          ],
          [
            -98.446073,
            30.661184
          ],
          [
            -98.445471,
            30.660597
          ],
          [
            -98.445286,
            30.660414
          ],
          [
            -98.445225,
            30.660354
          ],
          [
            -98.445092,
            30.660223
          ],
          [
            -98.444959,
            30.66011
          ],
          [
            -98.444944,
            30.660099
          ],
          [
            -98.444593,
            30.659842
          ],
          [
            -98.444307,
            30.659632
          ],
          [
            -98.444024,
            30.659454
          ],
          [
            -98.44388,
            30.659369
          ],
          [
            -98.443516,
            30.659192
          ],
          [
            -98.443297,
            30.659093
          ],
          [
            -98.443258,
            30.659076
          ],
          [
            -98.443202,
            30.659054
          ],
          [
            -98.443081,
            30.659007
          ],
          [
            -98.44289,
            30.658937
          ],
          [
            -98.442721,
            30.658877
          ],
          [
            -98.442411,
            30.658776
          ],
          [
            -98.441851,
            30.658596
          ],
          [
            -98.441751,
            30.658564
          ],
          [
            -98.441339,
            30.658432
          ],
          [
            -98.44099,
            30.658342
          ],
          [
            -98.440717,
            30.658287
          ],
          [
            -98.440574,
            30.658265
          ],
          [
            -98.440451,
            30.658252
          ],
          [
            -98.440226,
            30.658236
          ],
          [
            -98.440019,
            30.658233
          ],
          [
            -98.439772,
            30.658244
          ],
          [
            -98.439588,
            30.658262
          ],
          [
            -98.439382,
            30.658294
          ],
          [
            -98.439081,
            30.658358
          ],
          [
            -98.438786,
            30.658438
          ],
          [
            -98.438497,
            30.658536
          ],
          [
            -98.438205,
            30.658655
          ],
          [
            -98.438124,
            30.6587
          ],
          [
            -98.438006,
            30.658735
          ],
          [
            -98.436698,
            30.659271
          ],
          [
            -98.436573,
            30.659309
          ],
          [
            -98.435947,
            30.659569
          ],
          [
            -98.435857,
            30.659603
          ],
          [
            -98.435638,
            30.659675
          ],
          [
            -98.435413,
            30.65973
          ],
          [
            -98.435355,
            30.659741
          ],
          [
            -98.435119,
            30.659774
          ],
          [
            -98.43488,
            30.659789
          ],
          [
            -98.434671,
            30.659786
          ],
          [
            -98.434505,
            30.659773
          ],
          [
            -98.434319,
            30.659745
          ],
          [
            -98.434136,
            30.659703
          ],
          [
            -98.433896,
            30.659633
          ],
          [
            -98.433854,
            30.659617
          ],
          [
            -98.432809,
            30.659175
          ],
          [
            -98.432681,
            30.659122
          ],
          [
            -98.432284,
            30.658966
          ],
          [
            -98.431878,
            30.658828
          ],
          [
            -98.431466,
            30.658706
          ],
          [
            -98.430662,
            30.658501
          ],
          [
            -98.430529,
            30.658458
          ],
          [
            -98.429999,
            30.658313
          ],
          [
            -98.427617,
            30.657653
          ],
          [
            -98.427226,
            30.657527
          ],
          [
            -98.426903,
            30.657412
          ],
          [
            -98.426851,
            30.657393
          ],
          [
            -98.426646,
            30.657308
          ],
          [
            -98.426362,
            30.657189
          ],
          [
            -98.425795,
            30.65689
          ],
          [
            -98.424234,
            30.65848
          ],
          [
            -98.422451,
            30.660319
          ],
          [
            -98.42025,
            30.662593
          ],
          [
            -98.419857,
            30.662982
          ],
          [
            -98.419626,
            30.663201
          ],
          [
            -98.418711,
            30.664027
          ],
          [
            -98.418647,
            30.664085
          ],
          [
            -98.417711,
            30.664943
          ],
          [
            -98.417374,
            30.665246
          ],
          [
            -98.416483,
            30.666049
          ],
          [
            -98.415731,
            30.666473
          ],
          [
            -98.415423,
            30.666619
          ],
          [
            -98.415151,
            30.666712
          ],
          [
            -98.415034,
            30.666751
          ],
          [
            -98.414926,
            30.666783
          ],
          [
            -98.413859,
            30.667082
          ],
          [
            -98.412378,
            30.667496
          ],
          [
            -98.411612,
            30.667712
          ],
          [
            -98.410032,
            30.668145
          ],
          [
            -98.408998,
            30.668438
          ],
          [
            -98.408605,
            30.668549
          ],
          [
            -98.407739,
            30.668795
          ],
          [
            -98.407151,
            30.668962
          ],
          [
            -98.406814,
            30.669054
          ],
          [
            -98.406563,
            30.669121
          ],
          [
            -98.405409,
            30.669412
          ],
          [
            -98.40466,
            30.669629
          ],
          [
            -98.403791,
            30.669877
          ],
          [
            -98.403524,
            30.66995
          ],
          [
            -98.402243,
            30.67029
          ],
          [
            -98.399796,
            30.670978
          ],
          [
            -98.399573,
            30.671038
          ],
          [
            -98.399543,
            30.671046
          ],
          [
            -98.398954,
            30.671208
          ],
          [
            -98.397576,
            30.671585
          ],
          [
            -98.396182,
            30.671966
          ],
          [
            -98.395957,
            30.672035
          ],
          [
            -98.395491,
            30.672178
          ],
          [
            -98.395136,
            30.672309
          ],
          [
            -98.394627,
            30.672571
          ],
          [
            -98.394291,
            30.672806
          ],
          [
            -98.394037,
            30.673036
          ],
          [
            -98.393871,
            30.673218
          ],
          [
            -98.393667,
            30.673514
          ],
          [
            -98.393485,
            30.673813
          ],
          [
            -98.393429,
            30.673951
          ],
          [
            -98.393325,
            30.674175
          ],
          [
            -98.393186,
            30.674723
          ],
          [
            -98.393059,
            30.675282
          ],
          [
            -98.392593,
            30.677327
          ],
          [
            -98.392433,
            30.67803
          ],
          [
            -98.392282,
            30.678687
          ],
          [
            -98.392031,
            30.679784
          ],
          [
            -98.391659,
            30.681407
          ],
          [
            -98.391536,
            30.681829
          ],
          [
            -98.391396,
            30.682239
          ],
          [
            -98.391359,
            30.68232
          ],
          [
            -98.390919,
            30.683293
          ],
          [
            -98.390252,
            30.684763
          ],
          [
            -98.390106,
            30.685078
          ],
          [
            -98.389742,
            30.685861
          ],
          [
            -98.389459,
            30.68647
          ],
          [
            -98.389201,
            30.686898
          ],
          [
            -98.388819,
            30.687373
          ],
          [
            -98.388396,
            30.687815
          ],
          [
            -98.387469,
            30.688723
          ],
          [
            -98.386848,
            30.689332
          ],
          [
            -98.386345,
            30.689826
          ],
          [
            -98.38587,
            30.690291
          ],
          [
            -98.38572,
            30.690438
          ],
          [
            -98.385284,
            30.690866
          ],
          [
            -98.384239,
            30.691868
          ],
          [
            -98.384182,
            30.691927
          ],
          [
            -98.384039,
            30.692079
          ],
          [
            -98.383895,
            30.692245
          ],
          [
            -98.383771,
            30.692402
          ],
          [
            -98.383612,
            30.692627
          ],
          [
            -98.383469,
            30.692863
          ],
          [
            -98.383364,
            30.693057
          ],
          [
            -98.383269,
            30.693243
          ],
          [
            -98.382234,
            30.695544
          ],
          [
            -98.381899,
            30.696482
          ],
          [
            -98.381844,
            30.69667
          ],
          [
            -98.381791,
            30.696887
          ],
          [
            -98.381431,
            30.698431
          ],
          [
            -98.381016,
            30.700305
          ],
          [
            -98.380765,
            30.700361
          ],
          [
            -98.380555,
            30.699885
          ],
          [
            -98.380536,
            30.69982
          ],
          [
            -98.38051,
            30.699658
          ],
          [
            -98.380487,
            30.69946
          ],
          [
            -98.380502,
            30.699191
          ],
          [
            -98.380582,
            30.6989
          ],
          [
            -98.380619,
            30.69853
          ],
          [
            -98.380578,
            30.698229
          ],
          [
            -98.380499,
            30.697893
          ],
          [
            -98.380408,
            30.697608
          ],
          [
            -98.380269,
            30.697364
          ],
          [
            -98.380064,
            30.697102
          ],
          [
            -98.379791,
            30.696873
          ],
          [
            -98.379523,
            30.696703
          ],
          [
            -98.3792,
            30.696564
          ],
          [
            -98.378872,
            30.696463
          ],
          [
            -98.378544,
            30.696414
          ],
          [
            -98.377572,
            30.696245
          ],
          [
            -98.377184,
            30.696195
          ],
          [
            -98.376765,
            30.696186
          ],
          [
            -98.376321,
            30.696231
          ],
          [
            -98.375843,
            30.696298
          ],
          [
            -98.375447,
            30.696402
          ],
          [
            -98.375194,
            30.696492
          ],
          [
            -98.374788,
            30.696728
          ],
          [
            -98.374597,
            30.696813
          ],
          [
            -98.374354,
            30.696878
          ],
          [
            -98.374039,
            30.696914
          ],
          [
            -98.373726,
            30.696937
          ],
          [
            -98.373425,
            30.696933
          ],
          [
            -98.37322,
            30.69691
          ],
          [
            -98.373194,
            30.696907
          ],
          [
            -98.372914,
            30.696837
          ],
          [
            -98.372573,
            30.696702
          ],
          [
            -98.372323,
            30.696569
          ],
          [
            -98.372104,
            30.696503
          ],
          [
            -98.371957,
            30.696459
          ],
          [
            -98.371738,
            30.696406
          ],
          [
            -98.371508,
            30.696378
          ],
          [
            -98.370642,
            30.696315
          ],
          [
            -98.369937,
            30.696283
          ],
          [
            -98.369556,
            30.69626
          ],
          [
            -98.369057,
            30.696253
          ],
          [
            -98.368495,
            30.696261
          ],
          [
            -98.367838,
            30.696306
          ],
          [
            -98.36658,
            30.696413
          ],
          [
            -98.364035,
            30.696607
          ],
          [
            -98.363141,
            30.696645
          ],
          [
            -98.36214,
            30.696672
          ],
          [
            -98.362108,
            30.696673
          ],
          [
            -98.361011,
            30.696713
          ],
          [
            -98.360466,
            30.69672
          ],
          [
            -98.360353,
            30.696722
          ],
          [
            -98.359706,
            30.696712
          ],
          [
            -98.359346,
            30.69669
          ],
          [
            -98.359077,
            30.696655
          ],
          [
            -98.358834,
            30.696611
          ],
          [
            -98.358771,
            30.696601
          ],
          [
            -98.358494,
            30.696531
          ],
          [
            -98.35828,
            30.696462
          ],
          [
            -98.358041,
            30.696373
          ],
          [
            -98.35782,
            30.696268
          ],
          [
            -98.357548,
            30.696112
          ],
          [
            -98.357322,
            30.695969
          ],
          [
            -98.357102,
            30.695803
          ],
          [
            -98.356832,
            30.695565
          ],
          [
            -98.356671,
            30.695392
          ],
          [
            -98.356575,
            30.695281
          ],
          [
            -98.356462,
            30.695141
          ],
          [
            -98.356261,
            30.694857
          ],
          [
            -98.356169,
            30.694727
          ],
          [
            -98.355996,
            30.694438
          ],
          [
            -98.355424,
            30.693402
          ],
          [
            -98.355182,
            30.692923
          ],
          [
            -98.354658,
            30.691712
          ],
          [
            -98.354158,
            30.690634
          ],
          [
            -98.353628,
            30.689688
          ],
          [
            -98.353286,
            30.68913
          ],
          [
            -98.352717,
            30.688353
          ],
          [
            -98.351542,
            30.686835
          ],
          [
            -98.351327,
            30.686521
          ],
          [
            -98.351179,
            30.686231
          ],
          [
            -98.351077,
            30.685993
          ],
          [
            -98.350995,
            30.685798
          ],
          [
            -98.350861,
            30.685603
          ],
          [
            -98.350721,
            30.685491
          ],
          [
            -98.35057,
            30.685392
          ],
          [
            -98.350406,
            30.685294
          ],
          [
            -98.349983,
            30.685019
          ],
          [
            -98.349577,
            30.684755
          ],
          [
            -98.349376,
            30.684629
          ],
          [
            -98.34923,
            30.684541
          ],
          [
            -98.349092,
            30.684462
          ],
          [
            -98.348942,
            30.684399
          ],
          [
            -98.348762,
            30.684337
          ],
          [
            -98.348597,
            30.684298
          ],
          [
            -98.348109,
            30.684199
          ],
          [
            -98.347707,
            30.6841
          ],
          [
            -98.347548,
            30.684061
          ],
          [
            -98.347022,
            30.68385
          ],
          [
            -98.346427,
            30.683584
          ],
          [
            -98.346048,
            30.683481
          ],
          [
            -98.345754,
            30.683426
          ],
          [
            -98.345505,
            30.683396
          ],
          [
            -98.345329,
            30.683384
          ],
          [
            -98.345104,
            30.683389
          ],
          [
            -98.344879,
            30.6834
          ],
          [
            -98.3426,
            30.683604
          ],
          [
            -98.341988,
            30.683659
          ],
          [
            -98.341755,
            30.683683
          ],
          [
            -98.341537,
            30.683718
          ],
          [
            -98.341322,
            30.683763
          ],
          [
            -98.341059,
            30.683859
          ],
          [
            -98.340867,
            30.683954
          ],
          [
            -98.34063,
            30.684105
          ],
          [
            -98.34046,
            30.684258
          ],
          [
            -98.340134,
            30.684587
          ],
          [
            -98.340002,
            30.684693
          ],
          [
            -98.339904,
            30.684752
          ],
          [
            -98.339787,
            30.684827
          ],
          [
            -98.339573,
            30.684913
          ],
          [
            -98.339381,
            30.684961
          ],
          [
            -98.339223,
            30.684982
          ],
          [
            -98.339044,
            30.684993
          ],
          [
            -98.33886,
            30.684981
          ],
          [
            -98.338663,
            30.684947
          ],
          [
            -98.338461,
            30.684891
          ],
          [
            -98.338077,
            30.684719
          ],
          [
            -98.337579,
            30.684485
          ],
          [
            -98.33741,
            30.684414
          ],
          [
            -98.337238,
            30.684366
          ],
          [
            -98.336924,
            30.684309
          ],
          [
            -98.336754,
            30.684289
          ],
          [
            -98.336401,
            30.684259
          ],
          [
            -98.335386,
            30.684191
          ],
          [
            -98.335131,
            30.68416
          ],
          [
            -98.334872,
            30.684116
          ],
          [
            -98.334718,
            30.684083
          ],
          [
            -98.334646,
            30.684063
          ],
          [
            -98.333834,
            30.68383
          ],
          [
            -98.332994,
            30.683591
          ],
          [
            -98.332326,
            30.683394
          ],
          [
            -98.331472,
            30.683181
          ],
          [
            -98.331318,
            30.683142
          ],
          [
            -98.330526,
            30.682965
          ],
          [
            -98.330334,
            30.682937
          ],
          [
            -98.330172,
            30.68289
          ],
          [
            -98.329957,
            30.682838
          ],
          [
            -98.329796,
            30.682777
          ],
          [
            -98.329392,
            30.682563
          ],
          [
            -98.329196,
            30.68246
          ],
          [
            -98.328808,
            30.682231
          ],
          [
            -98.328703,
            30.682169
          ],
          [
            -98.328534,
            30.682056
          ],
          [
            -98.328257,
            30.681912
          ],
          [
            -98.328099,
            30.681833
          ],
          [
            -98.327926,
            30.681747
          ],
          [
            -98.327744,
            30.681664
          ],
          [
            -98.327489,
            30.681548
          ],
          [
            -98.32708,
            30.681396
          ],
          [
            -98.326489,
            30.681186
          ],
          [
            -98.326165,
            30.681071
          ],
          [
            -98.325401,
            30.680803
          ],
          [
            -98.325237,
            30.680746
          ],
          [
            -98.325149,
            30.680715
          ],
          [
            -98.325111,
            30.680702
          ],
          [
            -98.324673,
            30.680555
          ],
          [
            -98.323988,
            30.680338
          ],
          [
            -98.323823,
            30.680296
          ],
          [
            -98.323488,
            30.680212
          ],
          [
            -98.322915,
            30.680085
          ],
          [
            -98.32252,
            30.679997
          ],
          [
            -98.322071,
            30.679898
          ],
          [
            -98.321807,
            30.679839
          ],
          [
            -98.320518,
            30.679646
          ],
          [
            -98.320484,
            30.679642
          ],
          [
            -98.320219,
            30.679609
          ],
          [
            -98.319987,
            30.67958
          ],
          [
            -98.319703,
            30.679562
          ],
          [
            -98.319504,
            30.679552
          ],
          [
            -98.31904,
            30.679529
          ],
          [
            -98.318445,
            30.679517
          ],
          [
            -98.317823,
            30.679513
          ],
          [
            -98.317782,
            30.679514
          ],
          [
            -98.316802,
            30.67953
          ],
          [
            -98.316669,
            30.679528
          ],
          [
            -98.316429,
            30.67956
          ],
          [
            -98.316148,
            30.679613
          ],
          [
            -98.315912,
            30.679678
          ],
          [
            -98.315664,
            30.67976
          ],
          [
            -98.315541,
            30.679813
          ],
          [
            -98.315339,
            30.6799
          ],
          [
            -98.31508,
            30.680031
          ],
          [
            -98.314728,
            30.68024
          ],
          [
            -98.314626,
            30.68031
          ],
          [
            -98.314288,
            30.680604
          ],
          [
            -98.313384,
            30.681434
          ],
          [
            -98.313265,
            30.681529
          ],
          [
            -98.313115,
            30.681606
          ],
          [
            -98.313013,
            30.681646
          ],
          [
            -98.312961,
            30.681667
          ],
          [
            -98.312796,
            30.681714
          ],
          [
            -98.312649,
            30.681741
          ],
          [
            -98.312567,
            30.681752
          ],
          [
            -98.31239,
            30.681749
          ],
          [
            -98.311746,
            30.681742
          ],
          [
            -98.311452,
            30.681767
          ],
          [
            -98.311371,
            30.681778
          ],
          [
            -98.311185,
            30.681804
          ],
          [
            -98.30622,
            30.682762
          ],
          [
            -98.304105,
            30.683162
          ],
          [
            -98.296899,
            30.684551
          ],
          [
            -98.29122,
            30.685646
          ],
          [
            -98.283954,
            30.687111
          ],
          [
            -98.283417,
            30.687224
          ],
          [
            -98.281751,
            30.687515
          ],
          [
            -98.280937,
            30.687657
          ],
          [
            -98.280045,
            30.687813
          ],
          [
            -98.278422,
            30.688096
          ],
          [
            -98.277337,
            30.688285
          ],
          [
            -98.27621,
            30.688453
          ],
          [
            -98.27502,
            30.688627
          ],
          [
            -98.274326,
            30.688729
          ],
          [
            -98.27287,
            30.688943
          ],
          [
            -98.272782,
            30.688956
          ],
          [
            -98.272259,
            30.689033
          ],
          [
            -98.270282,
            30.68932
          ],
          [
            -98.268778,
            30.689604
          ],
          [
            -98.266801,
            30.689979
          ],
          [
            -98.265372,
            30.690251
          ],
          [
            -98.263223,
            30.690659
          ],
          [
            -98.261537,
            30.690979
          ],
          [
            -98.261245,
            30.691035
          ],
          [
            -98.261089,
            30.691064
          ],
          [
            -98.260503,
            30.691173
          ],
          [
            -98.260018,
            30.691264
          ],
          [
            -98.259881,
            30.691287
          ],
          [
            -98.258364,
            30.691538
          ],
          [
            -98.258291,
            30.69155
          ],
          [
            -98.257955,
            30.691605
          ],
          [
            -98.257594,
            30.691665
          ],
          [
            -98.257347,
            30.691694
          ],
          [
            -98.257158,
            30.69171
          ],
          [
            -98.256973,
            30.691716
          ],
          [
            -98.256737,
            30.691701
          ],
          [
            -98.256455,
            30.691674
          ],
          [
            -98.256006,
            30.69159
          ],
          [
            -98.255978,
            30.691584
          ],
          [
            -98.255018,
            30.69142
          ],
          [
            -98.255062,
            30.691155
          ],
          [
            -98.255018,
            30.69142
          ],
          [
            -98.254964,
            30.691704
          ],
          [
            -98.254671,
            30.692883
          ],
          [
            -98.254472,
            30.693511
          ],
          [
            -98.254208,
            30.694228
          ],
          [
            -98.253677,
            30.69551
          ],
          [
            -98.253363,
            30.696269
          ],
          [
            -98.252779,
            30.697685
          ],
          [
            -98.252599,
            30.698138
          ],
          [
            -98.252121,
            30.699321
          ],
          [
            -98.251495,
            30.700862
          ],
          [
            -98.247153,
            30.711243
          ],
          [
            -98.243821,
            30.719215
          ],
          [
            -98.24378,
            30.719313
          ],
          [
            -98.243522,
            30.71994
          ],
          [
            -98.243248,
            30.720604
          ],
          [
            -98.241534,
            30.72467
          ],
          [
            -98.240278,
            30.727675
          ],
          [
            -98.239995,
            30.72837
          ],
          [
            -98.238773,
            30.731282
          ],
          [
            -98.238564,
            30.731803
          ],
          [
            -98.238542,
            30.731859
          ],
          [
            -98.238308,
            30.732389
          ],
          [
            -98.238245,
            30.732544
          ],
          [
            -98.238018,
            30.733086
          ],
          [
            -98.237914,
            30.733347
          ],
          [
            -98.237225,
            30.734989
          ],
          [
            -98.237135,
            30.735221
          ],
          [
            -98.236876,
            30.735839
          ],
          [
            -98.236792,
            30.73604
          ],
          [
            -98.236659,
            30.736349
          ],
          [
            -98.236633,
            30.736417
          ],
          [
            -98.236546,
            30.736629
          ],
          [
            -98.236422,
            30.736919
          ],
          [
            -98.236101,
            30.737684
          ],
          [
            -98.235927,
            30.738075
          ],
          [
            -98.235807,
            30.738346
          ],
          [
            -98.235513,
            30.738963
          ],
          [
            -98.2353,
            30.739398
          ],
          [
            -98.234918,
            30.740126
          ],
          [
            -98.234642,
            30.740596
          ],
          [
            -98.234584,
            30.740695
          ],
          [
            -98.234468,
            30.740893
          ],
          [
            -98.234067,
            30.741575
          ],
          [
            -98.233931,
            30.741807
          ],
          [
            -98.233489,
            30.742486
          ],
          [
            -98.233359,
            30.742678
          ],
          [
            -98.233193,
            30.742908
          ],
          [
            -98.232791,
            30.743471
          ],
          [
            -98.232475,
            30.743912
          ],
          [
            -98.23235,
            30.744077
          ],
          [
            -98.232186,
            30.744303
          ],
          [
            -98.232065,
            30.744479
          ],
          [
            -98.231812,
            30.744836
          ],
          [
            -98.231763,
            30.744902
          ],
          [
            -98.231343,
            30.745479
          ],
          [
            -98.230791,
            30.746236
          ],
          [
            -98.230297,
            30.746914
          ],
          [
            -98.23005,
            30.747257
          ],
          [
            -98.229904,
            30.747462
          ],
          [
            -98.229508,
            30.748088
          ],
          [
            -98.229453,
            30.748185
          ],
          [
            -98.229285,
            30.748513
          ],
          [
            -98.229152,
            30.748783
          ],
          [
            -98.228969,
            30.749148
          ],
          [
            -98.228731,
            30.749616
          ],
          [
            -98.228628,
            30.749835
          ],
          [
            -98.228381,
            30.75034
          ],
          [
            -98.228149,
            30.750818
          ],
          [
            -98.228005,
            30.751117
          ],
          [
            -98.227775,
            30.751616
          ],
          [
            -98.227732,
            30.751688
          ],
          [
            -98.227654,
            30.751885
          ],
          [
            -98.227578,
            30.752155
          ],
          [
            -98.227494,
            30.752546
          ],
          [
            -98.22749,
            30.752835
          ],
          [
            -98.227505,
            30.753082
          ],
          [
            -98.22751,
            30.753133
          ],
          [
            -98.227519,
            30.753223
          ],
          [
            -98.22754,
            30.753296
          ],
          [
            -98.227579,
            30.753487
          ],
          [
            -98.227669,
            30.753831
          ],
          [
            -98.227704,
            30.753971
          ],
          [
            -98.227812,
            30.754414
          ],
          [
            -98.227823,
            30.754454
          ],
          [
            -98.227914,
            30.754785
          ],
          [
            -98.227976,
            30.755029
          ],
          [
            -98.228062,
            30.755362
          ],
          [
            -98.22813,
            30.755655
          ],
          [
            -98.228291,
            30.756292
          ],
          [
            -98.228517,
            30.757195
          ],
          [
            -98.228277,
            30.757242
          ],
          [
            -98.228024,
            30.757281
          ],
          [
            -98.227557,
            30.757362
          ],
          [
            -98.227464,
            30.757356
          ],
          [
            -98.22743,
            30.757293
          ],
          [
            -98.227335,
            30.756934
          ],
          [
            -98.227246,
            30.7566
          ],
          [
            -98.227251,
            30.756502
          ],
          [
            -98.227184,
            30.756557
          ],
          [
            -98.226353,
            30.756718
          ],
          [
            -98.226245,
            30.756709
          ],
          [
            -98.226091,
            30.756697
          ],
          [
            -98.225611,
            30.756796
          ],
          [
            -98.22529,
            30.756856
          ],
          [
            -98.225126,
            30.756887
          ],
          [
            -98.225248,
            30.75737
          ],
          [
            -98.225287,
            30.757527
          ],
          [
            -98.225323,
            30.75767
          ],
          [
            -98.225356,
            30.757801
          ],
          [
            -98.225609,
            30.758795
          ],
          [
            -98.225169,
            30.758873
          ],
          [
            -98.224514,
            30.758989
          ],
          [
            -98.224368,
            30.759015
          ],
          [
            -98.2241,
            30.759063
          ],
          [
            -98.224,
            30.759081
          ],
          [
            -98.223439,
            30.759158
          ],
          [
            -98.223149,
            30.759208
          ],
          [
            -98.22239,
            30.759344
          ],
          [
            -98.221963,
            30.759426
          ],
          [
            -98.221594,
            30.759489
          ],
          [
            -98.221243,
            30.759551
          ],
          [
            -98.220861,
            30.75963
          ],
          [
            -98.220522,
            30.759695
          ],
          [
            -98.219895,
            30.759825
          ],
          [
            -98.219219,
            30.759911
          ],
          [
            -98.218938,
            30.759931
          ],
          [
            -98.218723,
            30.759942
          ],
          [
            -98.218635,
            30.759946
          ],
          [
            -98.218382,
            30.759952
          ],
          [
            -98.218108,
            30.759948
          ],
          [
            -98.217719,
            30.759928
          ],
          [
            -98.217576,
            30.75992
          ],
          [
            -98.217483,
            30.759911
          ],
          [
            -98.217167,
            30.759883
          ],
          [
            -98.217052,
            30.759866
          ],
          [
            -98.216651,
            30.759807
          ],
          [
            -98.216553,
            30.759793
          ],
          [
            -98.216195,
            30.759721
          ],
          [
            -98.215819,
            30.759638
          ],
          [
            -98.215589,
            30.759576
          ],
          [
            -98.215517,
            30.759556
          ],
          [
            -98.21512,
            30.75944
          ],
          [
            -98.214636,
            30.759267
          ],
          [
            -98.214579,
            30.759242
          ],
          [
            -98.214471,
            30.759195
          ],
          [
            -98.214248,
            30.759106
          ],
          [
            -98.214072,
            30.759024
          ],
          [
            -98.213641,
            30.758832
          ],
          [
            -98.213437,
            30.758741
          ],
          [
            -98.213286,
            30.758683
          ],
          [
            -98.212997,
            30.758544
          ],
          [
            -98.212822,
            30.75846
          ],
          [
            -98.212536,
            30.758322
          ],
          [
            -98.212158,
            30.75815
          ],
          [
            -98.211895,
            30.758029
          ],
          [
            -98.211652,
            30.757917
          ],
          [
            -98.211168,
            30.757692
          ],
          [
            -98.210608,
            30.757432
          ],
          [
            -98.210414,
            30.75734
          ],
          [
            -98.210117,
            30.757207
          ],
          [
            -98.210029,
            30.757165
          ],
          [
            -98.209829,
            30.757073
          ],
          [
            -98.20934,
            30.756846
          ],
          [
            -98.208963,
            30.756672
          ],
          [
            -98.2088,
            30.7566
          ],
          [
            -98.208737,
            30.75657
          ],
          [
            -98.20861,
            30.756508
          ],
          [
            -98.208505,
            30.756459
          ],
          [
            -98.207846,
            30.756154
          ],
          [
            -98.206876,
            30.755705
          ],
          [
            -98.206783,
            30.755662
          ],
          [
            -98.206513,
            30.755532
          ],
          [
            -98.206423,
            30.75549
          ],
          [
            -98.205404,
            30.755026
          ],
          [
            -98.204125,
            30.754435
          ],
          [
            -98.20391,
            30.754336
          ],
          [
            -98.202845,
            30.753861
          ],
          [
            -98.201671,
            30.753346
          ],
          [
            -98.201463,
            30.753273
          ],
          [
            -98.20093,
            30.753086
          ],
          [
            -98.200731,
            30.753028
          ],
          [
            -98.200699,
            30.753018
          ],
          [
            -98.200559,
            30.752973
          ],
          [
            -98.199932,
            30.752806
          ],
          [
            -98.1995,
            30.752708
          ],
          [
            -98.199377,
            30.752685
          ],
          [
            -98.198963,
            30.752608
          ],
          [
            -98.198839,
            30.752593
          ],
          [
            -98.198433,
            30.752522
          ],
          [
            -98.197867,
            30.752469
          ],
          [
            -98.197349,
            30.752428
          ],
          [
            -98.197025,
            30.7524
          ],
          [
            -98.196517,
            30.752356
          ],
          [
            -98.195576,
            30.752266
          ],
          [
            -98.195538,
            30.752263
          ],
          [
            -98.194961,
            30.752217
          ],
          [
            -98.194529,
            30.752175
          ],
          [
            -98.193708,
            30.752095
          ],
          [
            -98.19231,
            30.751959
          ],
          [
            -98.191587,
            30.751895
          ],
          [
            -98.190255,
            30.751765
          ],
          [
            -98.18808,
            30.751571
          ],
          [
            -98.187806,
            30.751546
          ],
          [
            -98.18764,
            30.751532
          ],
          [
            -98.18695,
            30.751466
          ],
          [
            -98.186493,
            30.751422
          ],
          [
            -98.185784,
            30.751361
          ],
          [
            -98.185531,
            30.751337
          ],
          [
            -98.185448,
            30.751329
          ],
          [
            -98.185297,
            30.751314
          ],
          [
            -98.185083,
            30.751293
          ],
          [
            -98.185016,
            30.751287
          ],
          [
            -98.184926,
            30.751279
          ],
          [
            -98.184614,
            30.75125
          ],
          [
            -98.184352,
            30.751226
          ],
          [
            -98.184091,
            30.751203
          ],
          [
            -98.184059,
            30.7512
          ],
          [
            -98.183725,
            30.75117
          ],
          [
            -98.183088,
            30.751112
          ],
          [
            -98.18266,
            30.751071
          ],
          [
            -98.182257,
            30.751032
          ],
          [
            -98.182016,
            30.751004
          ],
          [
            -98.181938,
            30.750995
          ],
          [
            -98.181618,
            30.750969
          ],
          [
            -98.181564,
            30.750965
          ],
          [
            -98.181248,
            30.750938
          ],
          [
            -98.180954,
            30.750901
          ],
          [
            -98.180624,
            30.750873
          ],
          [
            -98.179983,
            30.750818
          ],
          [
            -98.177108,
            30.75055
          ],
          [
            -98.174061,
            30.750265
          ],
          [
            -98.173878,
            30.750251
          ],
          [
            -98.173577,
            30.750223
          ],
          [
            -98.172676,
            30.750139
          ],
          [
            -98.171951,
            30.750071
          ],
          [
            -98.170966,
            30.74998
          ],
          [
            -98.170587,
            30.749945
          ],
          [
            -98.170274,
            30.749921
          ],
          [
            -98.169922,
            30.749884
          ],
          [
            -98.168557,
            30.749758
          ],
          [
            -98.168071,
            30.749713
          ],
          [
            -98.167816,
            30.74969
          ],
          [
            -98.167703,
            30.749679
          ],
          [
            -98.166169,
            30.749538
          ],
          [
            -98.165748,
            30.749499
          ],
          [
            -98.165029,
            30.749456
          ],
          [
            -98.165005,
            30.749454
          ],
          [
            -98.164675,
            30.749433
          ],
          [
            -98.164455,
            30.749429
          ],
          [
            -98.163505,
            30.749411
          ],
          [
            -98.162499,
            30.749411
          ],
          [
            -98.160871,
            30.749411
          ],
          [
            -98.159617,
            30.749415
          ],
          [
            -98.159142,
            30.749414
          ],
          [
            -98.158666,
            30.749412
          ],
          [
            -98.15764,
            30.749417
          ],
          [
            -98.155328,
            30.749419
          ],
          [
            -98.151883,
            30.749414
          ],
          [
            -98.14842,
            30.749429
          ],
          [
            -98.147797,
            30.74943
          ],
          [
            -98.147172,
            30.749432
          ],
          [
            -98.146768,
            30.749431
          ],
          [
            -98.146606,
            30.749431
          ],
          [
            -98.146465,
            30.749431
          ],
          [
            -98.146096,
            30.74945
          ],
          [
            -98.145728,
            30.749485
          ],
          [
            -98.145364,
            30.749539
          ],
          [
            -98.145123,
            30.749584
          ],
          [
            -98.144756,
            30.749674
          ],
          [
            -98.144524,
            30.749745
          ],
          [
            -98.144041,
            30.74992
          ],
          [
            -98.143391,
            30.750156
          ],
          [
            -98.143019,
            30.750291
          ],
          [
            -98.142983,
            30.750304
          ],
          [
            -98.14222,
            30.750525
          ],
          [
            -98.141052,
            30.75093
          ],
          [
            -98.139313,
            30.751532
          ],
          [
            -98.13882,
            30.751697
          ],
          [
            -98.138416,
            30.751846
          ],
          [
            -98.137965,
            30.75199
          ],
          [
            -98.137611,
            30.752086
          ],
          [
            -98.137563,
            30.752099
          ],
          [
            -98.137484,
            30.752117
          ],
          [
            -98.137156,
            30.752193
          ],
          [
            -98.13697,
            30.752232
          ],
          [
            -98.136588,
            30.752283
          ],
          [
            -98.136259,
            30.752307
          ],
          [
            -98.135846,
            30.752325
          ],
          [
            -98.135798,
            30.752324
          ],
          [
            -98.135687,
            30.752322
          ],
          [
            -98.13538,
            30.752312
          ],
          [
            -98.135014,
            30.752286
          ],
          [
            -98.134594,
            30.752232
          ],
          [
            -98.13396,
            30.752121
          ],
          [
            -98.132864,
            30.75193
          ],
          [
            -98.132202,
            30.751809
          ],
          [
            -98.131476,
            30.751683
          ],
          [
            -98.130741,
            30.751556
          ],
          [
            -98.130693,
            30.751545
          ],
          [
            -98.129977,
            30.751422
          ],
          [
            -98.129773,
            30.751387
          ],
          [
            -98.129527,
            30.751345
          ],
          [
            -98.129345,
            30.751312
          ],
          [
            -98.128073,
            30.751093
          ],
          [
            -98.127599,
            30.751011
          ],
          [
            -98.126966,
            30.750901
          ],
          [
            -98.126854,
            30.750882
          ],
          [
            -98.12653,
            30.750828
          ],
          [
            -98.126184,
            30.750769
          ],
          [
            -98.126158,
            30.750765
          ],
          [
            -98.125045,
            30.750571
          ],
          [
            -98.124817,
            30.750531
          ],
          [
            -98.124619,
            30.750496
          ],
          [
            -98.123117,
            30.750234
          ],
          [
            -98.120864,
            30.749817
          ],
          [
            -98.120741,
            30.749796
          ],
          [
            -98.12045,
            30.749748
          ],
          [
            -98.118551,
            30.749412
          ],
          [
            -98.116145,
            30.749002
          ],
          [
            -98.115831,
            30.748946
          ],
          [
            -98.11537,
            30.748865
          ],
          [
            -98.114141,
            30.748649
          ],
          [
            -98.113249,
            30.748493
          ],
          [
            -98.110589,
            30.748033
          ],
          [
            -98.107572,
            30.747536
          ],
          [
            -98.10497,
            30.747079
          ],
          [
            -98.104423,
            30.746983
          ],
          [
            -98.103563,
            30.746832
          ],
          [
            -98.102589,
            30.746661
          ],
          [
            -98.100533,
            30.7463
          ],
          [
            -98.100152,
            30.746247
          ],
          [
            -98.099746,
            30.746198
          ],
          [
            -98.0994,
            30.746181
          ],
          [
            -98.098985,
            30.74618
          ],
          [
            -98.098505,
            30.746215
          ],
          [
            -98.098035,
            30.746281
          ],
          [
            -98.097741,
            30.746334
          ],
          [
            -98.097224,
            30.746452
          ],
          [
            -98.092444,
            30.7476
          ],
          [
            -98.089499,
            30.748295
          ],
          [
            -98.088928,
            30.748419
          ],
          [
            -98.088466,
            30.74851
          ],
          [
            -98.087817,
            30.748551
          ],
          [
            -98.087365,
            30.748543
          ],
          [
            -98.085769,
            30.748434
          ],
          [
            -98.085179,
            30.748395
          ],
          [
            -98.083338,
            30.74828
          ],
          [
            -98.082248,
            30.748212
          ],
          [
            -98.081366,
            30.748158
          ],
          [
            -98.081223,
            30.748149
          ],
          [
            -98.081127,
            30.748143
          ],
          [
            -98.080594,
            30.748113
          ],
          [
            -98.079886,
            30.748069
          ],
          [
            -98.079569,
            30.748049
          ],
          [
            -98.077907,
            30.747943
          ],
          [
            -98.075723,
            30.747813
          ],
          [
            -98.073344,
            30.747671
          ],
          [
            -98.072199,
            30.747603
          ],
          [
            -98.070539,
            30.747504
          ],
          [
            -98.070227,
            30.747485
          ],
          [
            -98.070073,
            30.747476
          ],
          [
            -98.069205,
            30.747424
          ],
          [
            -98.068781,
            30.747399
          ],
          [
            -98.068605,
            30.747388
          ],
          [
            -98.0679,
            30.747346
          ],
          [
            -98.067595,
            30.747328
          ],
          [
            -98.067128,
            30.7473
          ],
          [
            -98.066749,
            30.747278
          ],
          [
            -98.066442,
            30.74726
          ],
          [
            -98.066267,
            30.747249
          ],
          [
            -98.065851,
            30.747226
          ],
          [
            -98.064372,
            30.747139
          ],
          [
            -98.064178,
            30.747128
          ],
          [
            -98.063057,
            30.747034
          ],
          [
            -98.062688,
            30.74698
          ],
          [
            -98.062352,
            30.746922
          ],
          [
            -98.061968,
            30.746836
          ],
          [
            -98.061082,
            30.74657
          ],
          [
            -98.060811,
            30.746477
          ],
          [
            -98.060267,
            30.746261
          ],
          [
            -98.058055,
            30.745246
          ],
          [
            -98.057028,
            30.744774
          ],
          [
            -98.056929,
            30.744729
          ],
          [
            -98.056504,
            30.744533
          ],
          [
            -98.056195,
            30.744404
          ],
          [
            -98.05559,
            30.74412
          ],
          [
            -98.05536,
            30.744014
          ],
          [
            -98.055282,
            30.74398
          ],
          [
            -98.054702,
            30.743707
          ],
          [
            -98.054567,
            30.743628
          ],
          [
            -98.054231,
            30.743421
          ],
          [
            -98.053838,
            30.743097
          ],
          [
            -98.053291,
            30.742643
          ],
          [
            -98.053192,
            30.742562
          ],
          [
            -98.053132,
            30.742512
          ],
          [
            -98.052883,
            30.742306
          ],
          [
            -98.052667,
            30.742134
          ],
          [
            -98.052241,
            30.741796
          ],
          [
            -98.051972,
            30.741587
          ],
          [
            -98.051616,
            30.741338
          ],
          [
            -98.051321,
            30.741168
          ],
          [
            -98.051712,
            30.740532
          ],
          [
            -98.051884,
            30.740244
          ],
          [
            -98.052168,
            30.739768
          ],
          [
            -98.052583,
            30.739075
          ],
          [
            -98.052641,
            30.738978
          ],
          [
            -98.052733,
            30.738823
          ],
          [
            -98.052786,
            30.738715
          ],
          [
            -98.052904,
            30.738472
          ],
          [
            -98.053074,
            30.738076
          ],
          [
            -98.053088,
            30.738036
          ],
          [
            -98.053129,
            30.737915
          ],
          [
            -98.053242,
            30.73751
          ],
          [
            -98.053307,
            30.737112
          ],
          [
            -98.05332,
            30.737032
          ],
          [
            -98.053325,
            30.736694
          ],
          [
            -98.053326,
            30.736373
          ],
          [
            -98.053323,
            30.736328
          ],
          [
            -98.053301,
            30.736144
          ],
          [
            -98.053241,
            30.735903
          ],
          [
            -98.053239,
            30.735896
          ],
          [
            -98.053177,
            30.735702
          ],
          [
            -98.052886,
            30.735007
          ],
          [
            -98.052788,
            30.734774
          ],
          [
            -98.052777,
            30.734748
          ],
          [
            -98.052732,
            30.73464
          ],
          [
            -98.052656,
            30.734422
          ],
          [
            -98.0526,
            30.734283
          ],
          [
            -98.052414,
            30.733817
          ],
          [
            -98.052301,
            30.733532
          ],
          [
            -98.052173,
            30.733212
          ],
          [
            -98.051718,
            30.732073
          ],
          [
            -98.051664,
            30.731937
          ],
          [
            -98.051603,
            30.731785
          ],
          [
            -98.051004,
            30.730262
          ],
          [
            -98.050659,
            30.729464
          ],
          [
            -98.050547,
            30.729156
          ],
          [
            -98.050513,
            30.729064
          ],
          [
            -98.050369,
            30.728666
          ],
          [
            -98.050027,
            30.727825
          ],
          [
            -98.049829,
            30.727337
          ],
          [
            -98.049696,
            30.72701
          ],
          [
            -98.049381,
            30.726237
          ],
          [
            -98.049361,
            30.726185
          ],
          [
            -98.049232,
            30.725848
          ],
          [
            -98.049012,
            30.725271
          ],
          [
            -98.048832,
            30.72482
          ],
          [
            -98.048731,
            30.724564
          ],
          [
            -98.04859,
            30.724212
          ],
          [
            -98.048543,
            30.724093
          ],
          [
            -98.048438,
            30.72383
          ],
          [
            -98.048262,
            30.723395
          ],
          [
            -98.047932,
            30.72258
          ],
          [
            -98.047735,
            30.722093
          ],
          [
            -98.047322,
            30.72114
          ],
          [
            -98.047188,
            30.720733
          ],
          [
            -98.047152,
            30.720513
          ],
          [
            -98.047113,
            30.720188
          ],
          [
            -98.047126,
            30.719808
          ],
          [
            -98.047182,
            30.719457
          ],
          [
            -98.047326,
            30.71902
          ],
          [
            -98.047437,
            30.718766
          ],
          [
            -98.047615,
            30.71848
          ],
          [
            -98.047743,
            30.718296
          ],
          [
            -98.047912,
            30.718103
          ],
          [
            -98.048122,
            30.717879
          ],
          [
            -98.048415,
            30.717645
          ],
          [
            -98.049612,
            30.716719
          ],
          [
            -98.049702,
            30.71665
          ],
          [
            -98.050625,
            30.715922
          ],
          [
            -98.05092,
            30.71569
          ],
          [
            -98.051203,
            30.715466
          ],
          [
            -98.051564,
            30.715182
          ],
          [
            -98.051903,
            30.714915
          ],
          [
            -98.054327,
            30.713005
          ],
          [
            -98.054659,
            30.712767
          ],
          [
            -98.055163,
            30.712382
          ],
          [
            -98.055548,
            30.712057
          ],
          [
            -98.055587,
            30.712024
          ],
          [
            -98.05603,
            30.711713
          ],
          [
            -98.056381,
            30.71151
          ],
          [
            -98.056677,
            30.71135
          ],
          [
            -98.057055,
            30.711184
          ],
          [
            -98.057344,
            30.711068
          ],
          [
            -98.057709,
            30.71095
          ],
          [
            -98.058256,
            30.710803
          ],
          [
            -98.059453,
            30.710485
          ],
          [
            -98.061387,
            30.709982
          ],
          [
            -98.062818,
            30.709599
          ],
          [
            -98.063075,
            30.70953
          ],
          [
            -98.063498,
            30.70937
          ],
          [
            -98.063759,
            30.709237
          ],
          [
            -98.064154,
            30.708982
          ],
          [
            -98.064453,
            30.708746
          ],
          [
            -98.064708,
            30.708478
          ],
          [
            -98.064944,
            30.708185
          ],
          [
            -98.065136,
            30.707861
          ],
          [
            -98.065215,
            30.707633
          ],
          [
            -98.065316,
            30.707338
          ],
          [
            -98.065365,
            30.707111
          ],
          [
            -98.065408,
            30.706835
          ],
          [
            -98.065368,
            30.70649
          ],
          [
            -98.065367,
            30.706288
          ],
          [
            -98.065342,
            30.706114
          ],
          [
            -98.065299,
            30.705884
          ],
          [
            -98.065217,
            30.705604
          ],
          [
            -98.064755,
            30.704515
          ],
          [
            -98.064338,
            30.703441
          ],
          [
            -98.064245,
            30.703218
          ],
          [
            -98.064127,
            30.702944
          ],
          [
            -98.062906,
            30.700008
          ],
          [
            -98.062698,
            30.699503
          ],
          [
            -98.061981,
            30.697769
          ],
          [
            -98.061683,
            30.697047
          ],
          [
            -98.06096,
            30.69534
          ],
          [
            -98.060908,
            30.695218
          ],
          [
            -98.060708,
            30.694746
          ],
          [
            -98.06069,
            30.694703
          ],
          [
            -98.060567,
            30.694412
          ],
          [
            -98.060111,
            30.69324
          ],
          [
            -98.06,
            30.692923
          ],
          [
            -98.059938,
            30.692722
          ],
          [
            -98.059857,
            30.692188
          ],
          [
            -98.059837,
            30.692046
          ],
          [
            -98.059761,
            30.691572
          ],
          [
            -98.059684,
            30.691102
          ],
          [
            -98.059395,
            30.689163
          ],
          [
            -98.059278,
            30.688456
          ],
          [
            -98.059015,
            30.686874
          ],
          [
            -98.058968,
            30.686139
          ],
          [
            -98.059003,
            30.685507
          ],
          [
            -98.059119,
            30.684961
          ],
          [
            -98.059164,
            30.684807
          ],
          [
            -98.059271,
            30.684502
          ],
          [
            -98.059504,
            30.683978
          ],
          [
            -98.059752,
            30.683565
          ],
          [
            -98.060626,
            30.682315
          ],
          [
            -98.062809,
            30.679215
          ],
          [
            -98.063806,
            30.677808
          ],
          [
            -98.064174,
            30.677289
          ],
          [
            -98.064522,
            30.676799
          ],
          [
            -98.064624,
            30.676655
          ],
          [
            -98.065173,
            30.675881
          ],
          [
            -98.06625,
            30.674361
          ],
          [
            -98.066491,
            30.674022
          ],
          [
            -98.066565,
            30.673913
          ],
          [
            -98.066827,
            30.673525
          ],
          [
            -98.06733,
            30.672937
          ],
          [
            -98.067973,
            30.67217
          ],
          [
            -98.068421,
            30.671729
          ],
          [
            -98.074432,
            30.66593
          ],
          [
            -98.074567,
            30.665773
          ],
          [
            -98.074824,
            30.665343
          ],
          [
            -98.074943,
            30.66508
          ],
          [
            -98.074999,
            30.664978
          ],
          [
            -98.07509,
            30.66461
          ],
          [
            -98.075125,
            30.664353
          ],
          [
            -98.075145,
            30.664113
          ],
          [
            -98.075129,
            30.663883
          ],
          [
            -98.075109,
            30.66355
          ],
          [
            -98.075015,
            30.663133
          ],
          [
            -98.07491,
            30.662897
          ],
          [
            -98.073509,
            30.659522
          ],
          [
            -98.071827,
            30.655413
          ],
          [
            -98.07174,
            30.655225
          ],
          [
            -98.071142,
            30.65386
          ],
          [
            -98.070461,
            30.652215
          ],
          [
            -98.069937,
            30.650996
          ],
          [
            -98.069525,
            30.650007
          ],
          [
            -98.069223,
            30.649249
          ],
          [
            -98.06916,
            30.6491
          ],
          [
            -98.068884,
            30.648442
          ],
          [
            -98.068324,
            30.647108
          ],
          [
            -98.068222,
            30.646667
          ],
          [
            -98.068195,
            30.64655
          ],
          [
            -98.068136,
            30.646145
          ],
          [
            -98.068118,
            30.645759
          ],
          [
            -98.068114,
            30.645663
          ],
          [
            -98.068149,
            30.645264
          ],
          [
            -98.068152,
            30.645232
          ],
          [
            -98.068174,
            30.645066
          ],
          [
            -98.068219,
            30.644717
          ],
          [
            -98.068321,
            30.643934
          ],
          [
            -98.068463,
            30.64291
          ],
          [
            -98.068533,
            30.642407
          ],
          [
            -98.068536,
            30.642382
          ],
          [
            -98.06875,
            30.640936
          ],
          [
            -98.068799,
            30.640623
          ],
          [
            -98.068916,
            30.639872
          ],
          [
            -98.069055,
            30.638859
          ],
          [
            -98.069195,
            30.638059
          ],
          [
            -98.069423,
            30.637419
          ],
          [
            -98.069679,
            30.63691
          ],
          [
            -98.069847,
            30.636642
          ],
          [
            -98.07004,
            30.636333
          ],
          [
            -98.0705,
            30.635688
          ],
          [
            -98.070584,
            30.63557
          ],
          [
            -98.071823,
            30.633834
          ],
          [
            -98.071858,
            30.633785
          ],
          [
            -98.072068,
            30.633456
          ],
          [
            -98.072161,
            30.633265
          ],
          [
            -98.072278,
            30.633047
          ],
          [
            -98.072341,
            30.632848
          ],
          [
            -98.072436,
            30.632547
          ],
          [
            -98.072456,
            30.632379
          ],
          [
            -98.072489,
            30.632102
          ],
          [
            -98.072484,
            30.632038
          ],
          [
            -98.072458,
            30.6317
          ],
          [
            -98.072135,
            30.630187
          ],
          [
            -98.072046,
            30.629545
          ],
          [
            -98.072046,
            30.629152
          ],
          [
            -98.072082,
            30.628671
          ],
          [
            -98.072127,
            30.628361
          ],
          [
            -98.072393,
            30.627211
          ],
          [
            -98.072623,
            30.626086
          ],
          [
            -98.072667,
            30.625868
          ],
          [
            -98.072979,
            30.62441
          ],
          [
            -98.073228,
            30.623532
          ],
          [
            -98.073441,
            30.623019
          ],
          [
            -98.073734,
            30.622537
          ],
          [
            -98.073922,
            30.622284
          ],
          [
            -98.074499,
            30.621446
          ],
          [
            -98.07473,
            30.621118
          ],
          [
            -98.075874,
            30.619549
          ],
          [
            -98.076436,
            30.618763
          ],
          [
            -98.076866,
            30.618161
          ],
          [
            -98.077326,
            30.617517
          ],
          [
            -98.077769,
            30.616896
          ],
          [
            -98.079094,
            30.61504
          ],
          [
            -98.079818,
            30.614016
          ],
          [
            -98.080235,
            30.613438
          ],
          [
            -98.080845,
            30.612593
          ],
          [
            -98.081013,
            30.612354
          ],
          [
            -98.08154,
            30.611602
          ],
          [
            -98.082212,
            30.610654
          ],
          [
            -98.082801,
            30.609837
          ],
          [
            -98.083333,
            30.609097
          ],
          [
            -98.083624,
            30.608621
          ],
          [
            -98.083675,
            30.608524
          ],
          [
            -98.083815,
            30.608258
          ],
          [
            -98.084006,
            30.607784
          ],
          [
            -98.084137,
            30.607406
          ],
          [
            -98.084243,
            30.607099
          ],
          [
            -98.084566,
            30.606165
          ],
          [
            -98.085038,
            30.604826
          ],
          [
            -98.085107,
            30.604652
          ],
          [
            -98.085334,
            30.604285
          ],
          [
            -98.085492,
            30.604097
          ],
          [
            -98.085753,
            30.603829
          ],
          [
            -98.085816,
            30.603764
          ],
          [
            -98.08628,
            30.603401
          ],
          [
            -98.086353,
            30.603357
          ],
          [
            -98.086481,
            30.603281
          ],
          [
            -98.086694,
            30.603166
          ],
          [
            -98.08683,
            30.603109
          ],
          [
            -98.087049,
            30.603018
          ],
          [
            -98.087485,
            30.602895
          ],
          [
            -98.08766,
            30.602846
          ],
          [
            -98.08831,
            30.602663
          ],
          [
            -98.08835,
            30.602651
          ],
          [
            -98.088629,
            30.602581
          ],
          [
            -98.088957,
            30.602529
          ],
          [
            -98.089897,
            30.602469
          ],
          [
            -98.090289,
            30.60242
          ],
          [
            -98.090652,
            30.602328
          ],
          [
            -98.090803,
            30.602273
          ],
          [
            -98.090927,
            30.602228
          ],
          [
            -98.09122,
            30.602109
          ],
          [
            -98.091466,
            30.601979
          ],
          [
            -98.092482,
            30.60137
          ],
          [
            -98.093041,
            30.601036
          ],
          [
            -98.09397,
            30.600499
          ],
          [
            -98.094167,
            30.600365
          ],
          [
            -98.094374,
            30.60025
          ],
          [
            -98.094626,
            30.600147
          ],
          [
            -98.095256,
            30.599922
          ],
          [
            -98.095462,
            30.599848
          ],
          [
            -98.095886,
            30.599706
          ],
          [
            -98.096571,
            30.599477
          ],
          [
            -98.096963,
            30.599336
          ],
          [
            -98.097242,
            30.599208
          ],
          [
            -98.097677,
            30.598966
          ],
          [
            -98.098102,
            30.598691
          ],
          [
            -98.09817,
            30.598647
          ],
          [
            -98.098611,
            30.598314
          ],
          [
            -98.099314,
            30.597674
          ],
          [
            -98.099378,
            30.597614
          ],
          [
            -98.100357,
            30.596693
          ],
          [
            -98.10085,
            30.596229
          ],
          [
            -98.101121,
            30.596047
          ],
          [
            -98.101411,
            30.595923
          ],
          [
            -98.101762,
            30.595824
          ],
          [
            -98.102289,
            30.595749
          ],
          [
            -98.102879,
            30.595665
          ],
          [
            -98.10328,
            30.595532
          ],
          [
            -98.103519,
            30.595423
          ],
          [
            -98.103926,
            30.595172
          ],
          [
            -98.10534,
            30.594003
          ],
          [
            -98.105786,
            30.593615
          ],
          [
            -98.105907,
            30.593512
          ],
          [
            -98.106167,
            30.593302
          ],
          [
            -98.106548,
            30.593017
          ],
          [
            -98.108792,
            30.591337
          ],
          [
            -98.110889,
            30.589778
          ],
          [
            -98.111222,
            30.589462
          ],
          [
            -98.111373,
            30.589297
          ],
          [
            -98.111506,
            30.589118
          ],
          [
            -98.111795,
            30.588684
          ],
          [
            -98.111814,
            30.588656
          ],
          [
            -98.111922,
            30.588446
          ],
          [
            -98.112004,
            30.5882
          ],
          [
            -98.112073,
            30.587882
          ],
          [
            -98.11214,
            30.587441
          ],
          [
            -98.112534,
            30.585071
          ],
          [
            -98.112601,
            30.584552
          ],
          [
            -98.112643,
            30.584399
          ],
          [
            -98.112704,
            30.584172
          ],
          [
            -98.112722,
            30.584122
          ],
          [
            -98.11276,
            30.584019
          ],
          [
            -98.112913,
            30.583683
          ],
          [
            -98.113128,
            30.583351
          ],
          [
            -98.113228,
            30.583221
          ],
          [
            -98.113574,
            30.582875
          ],
          [
            -98.113891,
            30.582608
          ],
          [
            -98.113985,
            30.582548
          ],
          [
            -98.114254,
            30.582378
          ],
          [
            -98.11477,
            30.58209
          ],
          [
            -98.115111,
            30.581913
          ],
          [
            -98.115318,
            30.581805
          ],
          [
            -98.115766,
            30.581559
          ],
          [
            -98.115884,
            30.581494
          ],
          [
            -98.117017,
            30.580871
          ],
          [
            -98.11725,
            30.580732
          ],
          [
            -98.117414,
            30.58062
          ],
          [
            -98.118104,
            30.580151
          ],
          [
            -98.118928,
            30.579619
          ],
          [
            -98.118938,
            30.579613
          ],
          [
            -98.119194,
            30.579448
          ],
          [
            -98.11981,
            30.57905
          ],
          [
            -98.119857,
            30.579022
          ],
          [
            -98.120142,
            30.578852
          ],
          [
            -98.120225,
            30.578809
          ],
          [
            -98.120557,
            30.578639
          ],
          [
            -98.121017,
            30.57843
          ],
          [
            -98.121414,
            30.578284
          ],
          [
            -98.121864,
            30.578118
          ],
          [
            -98.12196,
            30.578082
          ],
          [
            -98.122185,
            30.577999
          ],
          [
            -98.122412,
            30.577922
          ],
          [
            -98.123577,
            30.577529
          ],
          [
            -98.123694,
            30.577489
          ],
          [
            -98.123855,
            30.577435
          ],
          [
            -98.125505,
            30.576879
          ],
          [
            -98.125599,
            30.576847
          ],
          [
            -98.126182,
            30.576635
          ],
          [
            -98.126443,
            30.576515
          ],
          [
            -98.126877,
            30.576264
          ],
          [
            -98.127081,
            30.576087
          ],
          [
            -98.125865,
            30.57486
          ],
          [
            -98.125696,
            30.574689
          ],
          [
            -98.12512,
            30.574108
          ],
          [
            -98.124521,
            30.573549
          ],
          [
            -98.124462,
            30.573495
          ],
          [
            -98.124192,
            30.573246
          ],
          [
            -98.122584,
            30.571768
          ],
          [
            -98.122556,
            30.57174
          ],
          [
            -98.122525,
            30.571709
          ],
          [
            -98.122181,
            30.571369
          ],
          [
            -98.120708,
            30.57001
          ],
          [
            -98.120585,
            30.569897
          ],
          [
            -98.12025,
            30.569588
          ],
          [
            -98.120026,
            30.569381
          ],
          [
            -98.119709,
            30.56904
          ],
          [
            -98.119252,
            30.568527
          ],
          [
            -98.11908,
            30.568333
          ],
          [
            -98.118963,
            30.568152
          ],
          [
            -98.118346,
            30.567202
          ],
          [
            -98.118048,
            30.566754
          ],
          [
            -98.117927,
            30.566521
          ],
          [
            -98.11759,
            30.565932
          ],
          [
            -98.117167,
            30.56524
          ],
          [
            -98.116585,
            30.564304
          ],
          [
            -98.116479,
            30.564138
          ],
          [
            -98.116117,
            30.563558
          ],
          [
            -98.115615,
            30.562637
          ],
          [
            -98.115534,
            30.562489
          ],
          [
            -98.115311,
            30.561899
          ],
          [
            -98.115262,
            30.561769
          ],
          [
            -98.115227,
            30.561664
          ],
          [
            -98.115141,
            30.561372
          ],
          [
            -98.115124,
            30.561313
          ],
          [
            -98.114403,
            30.558495
          ],
          [
            -98.114254,
            30.557912
          ],
          [
            -98.114129,
            30.557437
          ],
          [
            -98.114077,
            30.557255
          ],
          [
            -98.113983,
            30.556932
          ],
          [
            -98.113791,
            30.556265
          ],
          [
            -98.113688,
            30.555845
          ],
          [
            -98.113474,
            30.555281
          ],
          [
            -98.113149,
            30.554494
          ],
          [
            -98.112051,
            30.552446
          ],
          [
            -98.110994,
            30.550472
          ],
          [
            -98.109658,
            30.548007
          ],
          [
            -98.109581,
            30.547738
          ],
          [
            -98.109507,
            30.547482
          ],
          [
            -98.109487,
            30.547412
          ],
          [
            -98.109486,
            30.546593
          ],
          [
            -98.109677,
            30.545925
          ],
          [
            -98.110146,
            30.545056
          ],
          [
            -98.11029,
            30.544787
          ],
          [
            -98.110753,
            30.54392
          ],
          [
            -98.110875,
            30.54371
          ],
          [
            -98.110948,
            30.543557
          ],
          [
            -98.111068,
            30.543339
          ],
          [
            -98.111167,
            30.543135
          ],
          [
            -98.111389,
            30.542723
          ],
          [
            -98.111556,
            30.542424
          ],
          [
            -98.111706,
            30.541964
          ],
          [
            -98.111834,
            30.541188
          ],
          [
            -98.111835,
            30.540993
          ],
          [
            -98.111825,
            30.540814
          ],
          [
            -98.111821,
            30.540771
          ],
          [
            -98.111806,
            30.540594
          ],
          [
            -98.111757,
            30.540298
          ],
          [
            -98.111662,
            30.539923
          ],
          [
            -98.111497,
            30.539455
          ],
          [
            -98.111264,
            30.538968
          ],
          [
            -98.110991,
            30.538399
          ],
          [
            -98.110622,
            30.5376
          ],
          [
            -98.110476,
            30.537262
          ],
          [
            -98.109554,
            30.535129
          ],
          [
            -98.109256,
            30.534441
          ],
          [
            -98.108967,
            30.533972
          ],
          [
            -98.108638,
            30.533603
          ],
          [
            -98.1082,
            30.533216
          ],
          [
            -98.107194,
            30.532717
          ],
          [
            -98.106138,
            30.532476
          ],
          [
            -98.104992,
            30.532288
          ],
          [
            -98.104305,
            30.532081
          ],
          [
            -98.103754,
            30.531873
          ],
          [
            -98.103697,
            30.531851
          ],
          [
            -98.103565,
            30.531753
          ],
          [
            -98.103069,
            30.531386
          ],
          [
            -98.102601,
            30.530864
          ],
          [
            -98.102244,
            30.530299
          ],
          [
            -98.101814,
            30.529464
          ],
          [
            -98.101483,
            30.528839
          ],
          [
            -98.101262,
            30.528545
          ],
          [
            -98.101188,
            30.528456
          ],
          [
            -98.100967,
            30.528192
          ],
          [
            -98.100531,
            30.527853
          ],
          [
            -98.100151,
            30.527644
          ],
          [
            -98.099855,
            30.527491
          ],
          [
            -98.099226,
            30.527282
          ],
          [
            -98.098635,
            30.527175
          ],
          [
            -98.097903,
            30.527136
          ],
          [
            -98.097173,
            30.527116
          ],
          [
            -98.096002,
            30.527083
          ],
          [
            -98.095206,
            30.526922
          ],
          [
            -98.094452,
            30.52677
          ],
          [
            -98.094139,
            30.526599
          ],
          [
            -98.092603,
            30.525933
          ],
          [
            -98.092244,
            30.525777
          ],
          [
            -98.091941,
            30.525704
          ],
          [
            -98.091261,
            30.525526
          ],
          [
            -98.089528,
            30.525367
          ],
          [
            -98.089139,
            30.525313
          ],
          [
            -98.088646,
            30.525207
          ],
          [
            -98.087801,
            30.524935
          ],
          [
            -98.087919,
            30.524555
          ],
          [
            -98.087801,
            30.524935
          ],
          [
            -98.086535,
            30.524552
          ],
          [
            -98.085369,
            30.524174
          ],
          [
            -98.084355,
            30.523822
          ],
          [
            -98.083596,
            30.523514
          ],
          [
            -98.083352,
            30.523407
          ],
          [
            -98.08189,
            30.522768
          ],
          [
            -98.080429,
            30.522128
          ],
          [
            -98.079066,
            30.521532
          ],
          [
            -98.077807,
            30.520982
          ],
          [
            -98.077704,
            30.520935
          ],
          [
            -98.075237,
            30.519806
          ],
          [
            -98.074586,
            30.519563
          ],
          [
            -98.07393,
            30.519394
          ],
          [
            -98.073252,
            30.519263
          ],
          [
            -98.072665,
            30.51923
          ],
          [
            -98.072255,
            30.519231
          ],
          [
            -98.071445,
            30.519264
          ],
          [
            -98.069446,
            30.519427
          ],
          [
            -98.068857,
            30.519475
          ],
          [
            -98.067739,
            30.519574
          ],
          [
            -98.066968,
            30.519683
          ],
          [
            -98.065251,
            30.520041
          ],
          [
            -98.06458,
            30.520192
          ],
          [
            -98.064099,
            30.520255
          ],
          [
            -98.063779,
            30.520297
          ],
          [
            -98.062662,
            30.520337
          ],
          [
            -98.061604,
            30.520406
          ],
          [
            -98.061022,
            30.520429
          ],
          [
            -98.060925,
            30.520438
          ],
          [
            -98.060643,
            30.520465
          ],
          [
            -98.059959,
            30.520609
          ],
          [
            -98.059429,
            30.520833
          ],
          [
            -98.058729,
            30.521249
          ],
          [
            -98.057656,
            30.522017
          ],
          [
            -98.057071,
            30.522436
          ],
          [
            -98.056597,
            30.522704
          ],
          [
            -98.056385,
            30.522824
          ],
          [
            -98.055913,
            30.522979
          ],
          [
            -98.055227,
            30.52309
          ],
          [
            -98.05454,
            30.523134
          ],
          [
            -98.054389,
            30.523116
          ],
          [
            -98.054119,
            30.523083
          ],
          [
            -98.053253,
            30.522882
          ],
          [
            -98.049963,
            30.521935
          ],
          [
            -98.047954,
            30.521356
          ],
          [
            -98.047098,
            30.52104
          ],
          [
            -98.046561,
            30.520803
          ],
          [
            -98.046023,
            30.520442
          ],
          [
            -98.045897,
            30.520351
          ],
          [
            -98.045473,
            30.520044
          ],
          [
            -98.044989,
            30.519559
          ],
          [
            -98.043414,
            30.517966
          ],
          [
            -98.043249,
            30.517749
          ],
          [
            -98.043091,
            30.517542
          ],
          [
            -98.042824,
            30.517088
          ],
          [
            -98.042668,
            30.51677
          ],
          [
            -98.041714,
            30.514568
          ],
          [
            -98.04144,
            30.513904
          ],
          [
            -98.041397,
            30.5138
          ],
          [
            -98.040836,
            30.512485
          ],
          [
            -98.040598,
            30.512036
          ],
          [
            -98.040356,
            30.511725
          ],
          [
            -98.040031,
            30.511352
          ],
          [
            -98.039629,
            30.511064
          ],
          [
            -98.039248,
            30.510851
          ],
          [
            -98.038873,
            30.510699
          ],
          [
            -98.038029,
            30.510454
          ],
          [
            -98.03727,
            30.510289
          ],
          [
            -98.036909,
            30.510211
          ],
          [
            -98.036693,
            30.510163
          ],
          [
            -98.03632,
            30.510037
          ],
          [
            -98.036118,
            30.509935
          ],
          [
            -98.035913,
            30.50981
          ],
          [
            -98.035684,
            30.509626
          ],
          [
            -98.034556,
            30.508292
          ],
          [
            -98.034268,
            30.508046
          ],
          [
            -98.033618,
            30.507668
          ],
          [
            -98.032516,
            30.50711
          ],
          [
            -98.032257,
            30.506962
          ],
          [
            -98.031912,
            30.506765
          ],
          [
            -98.030997,
            30.506243
          ],
          [
            -98.030417,
            30.506015
          ],
          [
            -98.030005,
            30.505901
          ],
          [
            -98.029417,
            30.505813
          ],
          [
            -98.027948,
            30.505678
          ],
          [
            -98.026388,
            30.505553
          ],
          [
            -98.026096,
            30.505501
          ],
          [
            -98.025772,
            30.505411
          ],
          [
            -98.024907,
            30.505105
          ],
          [
            -98.024511,
            30.505001
          ],
          [
            -98.024117,
            30.50494
          ],
          [
            -98.023761,
            30.504959
          ],
          [
            -98.023275,
            30.505037
          ],
          [
            -98.023021,
            30.505079
          ],
          [
            -98.022857,
            30.505102
          ],
          [
            -98.022796,
            30.505112
          ],
          [
            -98.02243,
            30.505096
          ],
          [
            -98.022124,
            30.505015
          ],
          [
            -98.021817,
            30.504902
          ],
          [
            -98.021632,
            30.504825
          ],
          [
            -98.021166,
            30.504629
          ],
          [
            -98.020729,
            30.504492
          ],
          [
            -98.020327,
            30.504415
          ],
          [
            -98.019812,
            30.50435
          ],
          [
            -98.019636,
            30.504309
          ],
          [
            -98.019449,
            30.504265
          ],
          [
            -98.019108,
            30.504139
          ],
          [
            -98.018854,
            30.504008
          ],
          [
            -98.018616,
            30.503839
          ],
          [
            -98.018548,
            30.503771
          ],
          [
            -98.018392,
            30.503614
          ],
          [
            -98.018321,
            30.503523
          ],
          [
            -98.018222,
            30.503397
          ],
          [
            -98.01778,
            30.502633
          ],
          [
            -98.017444,
            30.502236
          ],
          [
            -98.017166,
            30.502029
          ],
          [
            -98.017006,
            30.501937
          ],
          [
            -98.016887,
            30.501869
          ],
          [
            -98.016698,
            30.501799
          ],
          [
            -98.016495,
            30.50173
          ],
          [
            -98.016279,
            30.50169
          ],
          [
            -98.015976,
            30.50166
          ],
          [
            -98.014999,
            30.501581
          ],
          [
            -98.014666,
            30.501575
          ],
          [
            -98.014508,
            30.50158
          ],
          [
            -98.014411,
            30.501587
          ],
          [
            -98.014229,
            30.501612
          ],
          [
            -98.013937,
            30.501651
          ],
          [
            -98.013643,
            30.501707
          ],
          [
            -98.013278,
            30.501803
          ],
          [
            -98.012882,
            30.50194
          ],
          [
            -98.012467,
            30.502129
          ],
          [
            -98.012286,
            30.50222
          ],
          [
            -98.011571,
            30.502576
          ],
          [
            -98.011052,
            30.502864
          ],
          [
            -98.01034,
            30.503435
          ],
          [
            -98.008925,
            30.504664
          ],
          [
            -98.008302,
            30.505091
          ],
          [
            -98.007717,
            30.505404
          ],
          [
            -98.007108,
            30.50569
          ],
          [
            -98.006648,
            30.505818
          ],
          [
            -98.006325,
            30.50585
          ],
          [
            -98.00591,
            30.505841
          ],
          [
            -98.005589,
            30.505787
          ],
          [
            -98.00524,
            30.505666
          ],
          [
            -98.004938,
            30.50552
          ],
          [
            -98.003822,
            30.504968
          ],
          [
            -98.003638,
            30.504873
          ],
          [
            -98.002217,
            30.504133
          ],
          [
            -98.001829,
            30.504001
          ],
          [
            -98.001472,
            30.503952
          ],
          [
            -98.001402,
            30.503954
          ],
          [
            -98.001098,
            30.503963
          ],
          [
            -98.000793,
            30.504032
          ],
          [
            -98.000466,
            30.504171
          ],
          [
            -98.000211,
            30.504303
          ],
          [
            -97.999966,
            30.50452
          ],
          [
            -97.999817,
            30.504709
          ],
          [
            -97.99965,
            30.505015
          ],
          [
            -97.99916,
            30.506147
          ],
          [
            -97.998938,
            30.506539
          ],
          [
            -97.998678,
            30.506794
          ],
          [
            -97.998427,
            30.506963
          ],
          [
            -97.998063,
            30.507108
          ],
          [
            -97.99747,
            30.507242
          ],
          [
            -97.997098,
            30.507284
          ],
          [
            -97.996735,
            30.507294
          ],
          [
            -97.996381,
            30.507245
          ],
          [
            -97.996083,
            30.507179
          ],
          [
            -97.995669,
            30.50703
          ],
          [
            -97.994777,
            30.506534
          ],
          [
            -97.993963,
            30.506051
          ],
          [
            -97.993602,
            30.505872
          ],
          [
            -97.993112,
            30.505699
          ],
          [
            -97.992343,
            30.505539
          ],
          [
            -97.992017,
            30.505426
          ],
          [
            -97.991679,
            30.505231
          ],
          [
            -97.991457,
            30.505036
          ],
          [
            -97.991234,
            30.504737
          ],
          [
            -97.99096,
            30.50435
          ],
          [
            -97.990621,
            30.504011
          ],
          [
            -97.990349,
            30.503799
          ],
          [
            -97.989564,
            30.503312
          ],
          [
            -97.989356,
            30.503147
          ],
          [
            -97.98914,
            30.502949
          ],
          [
            -97.988925,
            30.502622
          ],
          [
            -97.988768,
            30.502276
          ],
          [
            -97.988706,
            30.502034
          ],
          [
            -97.988691,
            30.501779
          ],
          [
            -97.98872,
            30.501374
          ],
          [
            -97.988758,
            30.500997
          ],
          [
            -97.988742,
            30.500722
          ],
          [
            -97.98863,
            30.500421
          ],
          [
            -97.988466,
            30.500176
          ],
          [
            -97.98831,
            30.500028
          ],
          [
            -97.987646,
            30.4994
          ],
          [
            -97.987368,
            30.499065
          ],
          [
            -97.98714,
            30.498735
          ],
          [
            -97.986748,
            30.498151
          ],
          [
            -97.986382,
            30.497716
          ],
          [
            -97.986102,
            30.497496
          ],
          [
            -97.985853,
            30.497365
          ],
          [
            -97.985441,
            30.497189
          ],
          [
            -97.985066,
            30.497106
          ],
          [
            -97.984738,
            30.497081
          ],
          [
            -97.984362,
            30.497098
          ],
          [
            -97.984016,
            30.497147
          ],
          [
            -97.983694,
            30.497243
          ],
          [
            -97.98336,
            30.4974
          ],
          [
            -97.982757,
            30.497831
          ],
          [
            -97.98242,
            30.497996
          ],
          [
            -97.982115,
            30.498076
          ],
          [
            -97.981743,
            30.498117
          ],
          [
            -97.981507,
            30.498114
          ],
          [
            -97.981186,
            30.498038
          ],
          [
            -97.98084,
            30.497896
          ],
          [
            -97.979924,
            30.497366
          ],
          [
            -97.979728,
            30.497221
          ],
          [
            -97.979573,
            30.497053
          ],
          [
            -97.979299,
            30.496691
          ],
          [
            -97.979194,
            30.496479
          ],
          [
            -97.979106,
            30.496246
          ],
          [
            -97.979011,
            30.495896
          ],
          [
            -97.978992,
            30.495736
          ],
          [
            -97.979002,
            30.495448
          ],
          [
            -97.979057,
            30.495154
          ],
          [
            -97.979304,
            30.494448
          ],
          [
            -97.979436,
            30.493986
          ],
          [
            -97.9795,
            30.493655
          ],
          [
            -97.97954,
            30.49331
          ],
          [
            -97.979559,
            30.492896
          ],
          [
            -97.979546,
            30.492588
          ],
          [
            -97.979507,
            30.491906
          ],
          [
            -97.979443,
            30.491572
          ],
          [
            -97.979368,
            30.491326
          ],
          [
            -97.979219,
            30.491066
          ],
          [
            -97.979029,
            30.490825
          ],
          [
            -97.978794,
            30.490613
          ],
          [
            -97.977565,
            30.489826
          ],
          [
            -97.977133,
            30.48956
          ],
          [
            -97.977001,
            30.489464
          ],
          [
            -97.976393,
            30.489061
          ],
          [
            -97.976024,
            30.488739
          ],
          [
            -97.975511,
            30.488231
          ],
          [
            -97.975074,
            30.487759
          ],
          [
            -97.974898,
            30.487471
          ],
          [
            -97.974836,
            30.48731
          ],
          [
            -97.974788,
            30.48706
          ],
          [
            -97.974775,
            30.486868
          ],
          [
            -97.974827,
            30.486594
          ],
          [
            -97.974917,
            30.486358
          ],
          [
            -97.975044,
            30.486136
          ],
          [
            -97.975237,
            30.48593
          ],
          [
            -97.976322,
            30.485024
          ],
          [
            -97.977318,
            30.484245
          ],
          [
            -97.977565,
            30.484006
          ],
          [
            -97.977591,
            30.48398
          ],
          [
            -97.97778,
            30.483768
          ],
          [
            -97.977905,
            30.483518
          ],
          [
            -97.978025,
            30.483212
          ],
          [
            -97.978076,
            30.482926
          ],
          [
            -97.978077,
            30.482556
          ],
          [
            -97.978024,
            30.482289
          ],
          [
            -97.977884,
            30.481957
          ],
          [
            -97.977672,
            30.481636
          ],
          [
            -97.97747,
            30.481452
          ],
          [
            -97.976499,
            30.480726
          ],
          [
            -97.976143,
            30.480358
          ],
          [
            -97.975952,
            30.480111
          ],
          [
            -97.975877,
            30.480014
          ],
          [
            -97.975655,
            30.47961
          ],
          [
            -97.97552,
            30.479306
          ],
          [
            -97.975429,
            30.479058
          ],
          [
            -97.975114,
            30.478029
          ],
          [
            -97.975014,
            30.477727
          ],
          [
            -97.974939,
            30.477501
          ],
          [
            -97.974815,
            30.476888
          ],
          [
            -97.974726,
            30.476157
          ],
          [
            -97.97471,
            30.476026
          ],
          [
            -97.97464,
            30.475445
          ],
          [
            -97.97463,
            30.475362
          ],
          [
            -97.974611,
            30.475048
          ],
          [
            -97.974605,
            30.475
          ],
          [
            -97.974569,
            30.474717
          ],
          [
            -97.974549,
            30.47456
          ],
          [
            -97.97445,
            30.474151
          ],
          [
            -97.974757,
            30.474105
          ],
          [
            -97.97445,
            30.474151
          ],
          [
            -97.974289,
            30.473763
          ],
          [
            -97.974284,
            30.473755
          ],
          [
            -97.974068,
            30.473452
          ],
          [
            -97.973999,
            30.473366
          ],
          [
            -97.973966,
            30.473329
          ],
          [
            -97.973695,
            30.473031
          ],
          [
            -97.973561,
            30.472933
          ],
          [
            -97.972862,
            30.472422
          ],
          [
            -97.972522,
            30.472154
          ],
          [
            -97.972515,
            30.47215
          ],
          [
            -97.971318,
            30.471304
          ],
          [
            -97.970974,
            30.471109
          ],
          [
            -97.97062,
            30.471008
          ],
          [
            -97.970158,
            30.470887
          ],
          [
            -97.969557,
            30.470813
          ],
          [
            -97.969062,
            30.470824
          ],
          [
            -97.968554,
            30.470902
          ],
          [
            -97.967435,
            30.471215
          ],
          [
            -97.966483,
            30.471489
          ],
          [
            -97.96635,
            30.471528
          ],
          [
            -97.963543,
            30.472321
          ],
          [
            -97.96266,
            30.472605
          ],
          [
            -97.962147,
            30.472824
          ],
          [
            -97.96167,
            30.473116
          ],
          [
            -97.96135,
            30.473377
          ],
          [
            -97.960964,
            30.473717
          ],
          [
            -97.959321,
            30.475356
          ],
          [
            -97.958915,
            30.475659
          ],
          [
            -97.958865,
            30.475688
          ],
          [
            -97.958513,
            30.475888
          ],
          [
            -97.958283,
            30.476016
          ],
          [
            -97.957964,
            30.476167
          ],
          [
            -97.957674,
            30.476288
          ],
          [
            -97.957376,
            30.476403
          ],
          [
            -97.957048,
            30.476506
          ],
          [
            -97.956675,
            30.476601
          ],
          [
            -97.956087,
            30.476736
          ],
          [
            -97.95584,
            30.476796
          ],
          [
            -97.95557,
            30.476854
          ],
          [
            -97.955139,
            30.476952
          ],
          [
            -97.955033,
            30.476976
          ],
          [
            -97.954893,
            30.477008
          ],
          [
            -97.953436,
            30.47734
          ],
          [
            -97.953036,
            30.477432
          ],
          [
            -97.952006,
            30.477666
          ],
          [
            -97.95193,
            30.477684
          ],
          [
            -97.951591,
            30.477766
          ],
          [
            -97.949749,
            30.478204
          ],
          [
            -97.94923,
            30.478327
          ],
          [
            -97.94787,
            30.478612
          ],
          [
            -97.947004,
            30.478794
          ],
          [
            -97.944684,
            30.47937
          ],
          [
            -97.943751,
            30.479584
          ],
          [
            -97.941833,
            30.480085
          ],
          [
            -97.940339,
            30.480476
          ],
          [
            -97.939541,
            30.480735
          ],
          [
            -97.938471,
            30.481128
          ],
          [
            -97.937259,
            30.481574
          ],
          [
            -97.936749,
            30.481761
          ],
          [
            -97.936239,
            30.481895
          ],
          [
            -97.935757,
            30.48195
          ],
          [
            -97.935272,
            30.481976
          ],
          [
            -97.93487,
            30.481951
          ],
          [
            -97.934236,
            30.481938
          ],
          [
            -97.934063,
            30.481935
          ],
          [
            -97.933779,
            30.481963
          ],
          [
            -97.933563,
            30.482001
          ],
          [
            -97.933373,
            30.482034
          ],
          [
            -97.932944,
            30.482182
          ],
          [
            -97.932569,
            30.482353
          ],
          [
            -97.932163,
            30.48263
          ],
          [
            -97.931856,
            30.482891
          ],
          [
            -97.93157,
            30.483239
          ],
          [
            -97.93155,
            30.483264
          ],
          [
            -97.931017,
            30.483952
          ],
          [
            -97.930422,
            30.484897
          ],
          [
            -97.930127,
            30.485395
          ],
          [
            -97.929892,
            30.485789
          ],
          [
            -97.929799,
            30.485946
          ],
          [
            -97.929762,
            30.486009
          ],
          [
            -97.929575,
            30.486365
          ],
          [
            -97.929508,
            30.486533
          ],
          [
            -97.929453,
            30.486705
          ],
          [
            -97.929323,
            30.487169
          ],
          [
            -97.929191,
            30.487632
          ],
          [
            -97.929054,
            30.487896
          ],
          [
            -97.928943,
            30.488084
          ],
          [
            -97.928667,
            30.488429
          ],
          [
            -97.928379,
            30.488693
          ],
          [
            -97.928096,
            30.488898
          ],
          [
            -97.927832,
            30.489044
          ],
          [
            -97.927696,
            30.489104
          ],
          [
            -97.927364,
            30.489226
          ],
          [
            -97.926791,
            30.489444
          ],
          [
            -97.925068,
            30.490085
          ],
          [
            -97.925059,
            30.490089
          ],
          [
            -97.924748,
            30.490243
          ],
          [
            -97.92445,
            30.490448
          ],
          [
            -97.924221,
            30.490676
          ],
          [
            -97.924013,
            30.490994
          ],
          [
            -97.923966,
            30.49106
          ],
          [
            -97.923802,
            30.491388
          ],
          [
            -97.923701,
            30.491756
          ],
          [
            -97.923678,
            30.491944
          ],
          [
            -97.923688,
            30.492136
          ],
          [
            -97.923744,
            30.492371
          ],
          [
            -97.923846,
            30.492722
          ],
          [
            -97.924003,
            30.493078
          ],
          [
            -97.924095,
            30.493287
          ],
          [
            -97.924342,
            30.493848
          ],
          [
            -97.924425,
            30.494024
          ],
          [
            -97.924513,
            30.494238
          ],
          [
            -97.924573,
            30.494453
          ],
          [
            -97.924576,
            30.494533
          ],
          [
            -97.924579,
            30.494613
          ],
          [
            -97.92457,
            30.494827
          ],
          [
            -97.924504,
            30.495122
          ],
          [
            -97.924349,
            30.495475
          ],
          [
            -97.923982,
            30.496264
          ],
          [
            -97.923844,
            30.496531
          ],
          [
            -97.923752,
            30.496741
          ],
          [
            -97.923585,
            30.497117
          ],
          [
            -97.923438,
            30.497419
          ],
          [
            -97.923087,
            30.498142
          ],
          [
            -97.923018,
            30.498284
          ],
          [
            -97.922936,
            30.498453
          ],
          [
            -97.922723,
            30.498803
          ],
          [
            -97.922513,
            30.499092
          ],
          [
            -97.921989,
            30.499884
          ],
          [
            -97.921481,
            30.500605
          ],
          [
            -97.921119,
            30.501138
          ],
          [
            -97.920709,
            30.501822
          ],
          [
            -97.920459,
            30.502208
          ],
          [
            -97.920266,
            30.502399
          ],
          [
            -97.919994,
            30.502607
          ],
          [
            -97.919651,
            30.50283
          ],
          [
            -97.919382,
            30.502944
          ],
          [
            -97.919096,
            30.503025
          ],
          [
            -97.918799,
            30.503076
          ],
          [
            -97.918451,
            30.503081
          ],
          [
            -97.917215,
            30.503005
          ],
          [
            -97.917147,
            30.503001
          ],
          [
            -97.916746,
            30.503001
          ],
          [
            -97.916454,
            30.503029
          ],
          [
            -97.916403,
            30.503041
          ],
          [
            -97.916062,
            30.503124
          ],
          [
            -97.915566,
            30.503316
          ],
          [
            -97.915395,
            30.503422
          ],
          [
            -97.914742,
            30.503959
          ],
          [
            -97.914293,
            30.504374
          ],
          [
            -97.913921,
            30.504841
          ],
          [
            -97.913548,
            30.505388
          ],
          [
            -97.913223,
            30.505907
          ],
          [
            -97.913023,
            30.506341
          ],
          [
            -97.912956,
            30.506487
          ],
          [
            -97.912702,
            30.50714
          ],
          [
            -97.91245,
            30.507879
          ],
          [
            -97.912426,
            30.508012
          ],
          [
            -97.912148,
            30.509559
          ],
          [
            -97.912076,
            30.509959
          ],
          [
            -97.912036,
            30.510128
          ],
          [
            -97.911988,
            30.510326
          ],
          [
            -97.911956,
            30.510425
          ],
          [
            -97.911727,
            30.511132
          ],
          [
            -97.911487,
            30.51162
          ],
          [
            -97.911358,
            30.511901
          ],
          [
            -97.911291,
            30.512047
          ],
          [
            -97.910656,
            30.513443
          ],
          [
            -97.910248,
            30.514409
          ],
          [
            -97.909836,
            30.515362
          ],
          [
            -97.909714,
            30.515548
          ],
          [
            -97.909604,
            30.515686
          ],
          [
            -97.909369,
            30.515917
          ],
          [
            -97.909077,
            30.516119
          ],
          [
            -97.908973,
            30.516176
          ],
          [
            -97.908399,
            30.516489
          ],
          [
            -97.908189,
            30.516603
          ],
          [
            -97.907033,
            30.517276
          ],
          [
            -97.906728,
            30.517458
          ],
          [
            -97.906471,
            30.517611
          ],
          [
            -97.906217,
            30.517762
          ],
          [
            -97.905818,
            30.517956
          ],
          [
            -97.905538,
            30.518068
          ],
          [
            -97.905088,
            30.518211
          ],
          [
            -97.904794,
            30.518301
          ],
          [
            -97.904004,
            30.51847
          ],
          [
            -97.903424,
            30.518615
          ],
          [
            -97.90324,
            30.518666
          ],
          [
            -97.902988,
            30.518725
          ],
          [
            -97.902731,
            30.51878
          ],
          [
            -97.901964,
            30.518944
          ],
          [
            -97.901673,
            30.519011
          ],
          [
            -97.900602,
            30.519272
          ],
          [
            -97.898737,
            30.519851
          ],
          [
            -97.898363,
            30.519927
          ],
          [
            -97.897968,
            30.519946
          ],
          [
            -97.89764,
            30.519919
          ],
          [
            -97.897374,
            30.519851
          ],
          [
            -97.897308,
            30.519837
          ],
          [
            -97.897054,
            30.519733
          ],
          [
            -97.89691,
            30.519671
          ],
          [
            -97.896699,
            30.519583
          ],
          [
            -97.896602,
            30.519528
          ],
          [
            -97.895539,
            30.519057
          ],
          [
            -97.89495,
            30.518797
          ],
          [
            -97.894212,
            30.518537
          ],
          [
            -97.893535,
            30.51837
          ],
          [
            -97.891162,
            30.518006
          ],
          [
            -97.890964,
            30.517967
          ],
          [
            -97.890639,
            30.517903
          ],
          [
            -97.890124,
            30.517717
          ],
          [
            -97.889737,
            30.517529
          ],
          [
            -97.889495,
            30.517392
          ],
          [
            -97.889306,
            30.517244
          ],
          [
            -97.889112,
            30.517073
          ],
          [
            -97.888037,
            30.516128
          ],
          [
            -97.887713,
            30.515658
          ],
          [
            -97.887639,
            30.51555
          ],
          [
            -97.887386,
            30.515106
          ],
          [
            -97.8872,
            30.514622
          ],
          [
            -97.887069,
            30.514282
          ],
          [
            -97.887006,
            30.514118
          ],
          [
            -97.886792,
            30.513692
          ],
          [
            -97.886556,
            30.513388
          ],
          [
            -97.886161,
            30.512932
          ],
          [
            -97.885748,
            30.512574
          ],
          [
            -97.88512,
            30.512203
          ],
          [
            -97.884493,
            30.511964
          ],
          [
            -97.884139,
            30.511853
          ],
          [
            -97.883653,
            30.511771
          ],
          [
            -97.883318,
            30.511734
          ],
          [
            -97.882906,
            30.511719
          ],
          [
            -97.88271,
            30.511735
          ],
          [
            -97.882508,
            30.511751
          ],
          [
            -97.882423,
            30.511765
          ],
          [
            -97.881982,
            30.511834
          ],
          [
            -97.8815,
            30.511973
          ],
          [
            -97.881382,
            30.512016
          ],
          [
            -97.881017,
            30.512149
          ],
          [
            -97.879238,
            30.512693
          ],
          [
            -97.879144,
            30.512722
          ],
          [
            -97.876817,
            30.513507
          ],
          [
            -97.876754,
            30.513534
          ],
          [
            -97.875644,
            30.513887
          ],
          [
            -97.873124,
            30.514716
          ],
          [
            -97.871326,
            30.515333
          ],
          [
            -97.8709,
            30.515448
          ],
          [
            -97.870567,
            30.515513
          ],
          [
            -97.870192,
            30.515563
          ],
          [
            -97.870084,
            30.515572
          ],
          [
            -97.869754,
            30.515597
          ],
          [
            -97.869344,
            30.515596
          ],
          [
            -97.868958,
            30.515559
          ],
          [
            -97.868443,
            30.515476
          ],
          [
            -97.867938,
            30.515347
          ],
          [
            -97.867391,
            30.515153
          ],
          [
            -97.866887,
            30.514903
          ],
          [
            -97.866447,
            30.514635
          ],
          [
            -97.866082,
            30.514395
          ],
          [
            -97.865976,
            30.514296
          ],
          [
            -97.865648,
            30.513979
          ],
          [
            -97.865082,
            30.513423
          ],
          [
            -97.864709,
            30.513045
          ],
          [
            -97.864308,
            30.512723
          ],
          [
            -97.864226,
            30.512657
          ],
          [
            -97.863795,
            30.512382
          ],
          [
            -97.863309,
            30.512175
          ],
          [
            -97.863134,
            30.512093
          ],
          [
            -97.862907,
            30.512001
          ],
          [
            -97.862688,
            30.511932
          ],
          [
            -97.862538,
            30.511885
          ],
          [
            -97.862317,
            30.51183
          ],
          [
            -97.862011,
            30.511765
          ],
          [
            -97.86193,
            30.511753
          ],
          [
            -97.861681,
            30.511715
          ],
          [
            -97.861383,
            30.511686
          ],
          [
            -97.861043,
            30.511673
          ],
          [
            -97.860586,
            30.511682
          ],
          [
            -97.860165,
            30.511727
          ],
          [
            -97.859672,
            30.511825
          ],
          [
            -97.859343,
            30.511912
          ],
          [
            -97.859166,
            30.51192
          ],
          [
            -97.85897,
            30.511935
          ],
          [
            -97.858624,
            30.512039
          ],
          [
            -97.85841,
            30.512098
          ],
          [
            -97.858257,
            30.512103
          ],
          [
            -97.858167,
            30.512094
          ],
          [
            -97.858134,
            30.512083
          ],
          [
            -97.858063,
            30.512018
          ],
          [
            -97.858014,
            30.511897
          ],
          [
            -97.857985,
            30.511803
          ],
          [
            -97.857922,
            30.511745
          ],
          [
            -97.857913,
            30.511712
          ],
          [
            -97.857811,
            30.511326
          ],
          [
            -97.857695,
            30.510933
          ],
          [
            -97.857408,
            30.509961
          ],
          [
            -97.857184,
            30.509227
          ],
          [
            -97.857085,
            30.508968
          ],
          [
            -97.85697,
            30.508517
          ],
          [
            -97.856835,
            30.507989
          ],
          [
            -97.856789,
            30.507661
          ],
          [
            -97.856781,
            30.507469
          ],
          [
            -97.856777,
            30.507214
          ],
          [
            -97.856759,
            30.506817
          ],
          [
            -97.856744,
            30.506506
          ],
          [
            -97.856717,
            30.506014
          ],
          [
            -97.856709,
            30.505587
          ],
          [
            -97.856714,
            30.505407
          ],
          [
            -97.856732,
            30.505273
          ],
          [
            -97.85676,
            30.505139
          ],
          [
            -97.856815,
            30.504946
          ],
          [
            -97.857067,
            30.504409
          ],
          [
            -97.857298,
            30.503912
          ],
          [
            -97.857504,
            30.503474
          ],
          [
            -97.857513,
            30.503294
          ],
          [
            -97.857755,
            30.502801
          ],
          [
            -97.858206,
            30.501884
          ],
          [
            -97.858251,
            30.501706
          ],
          [
            -97.8583,
            30.501469
          ],
          [
            -97.858323,
            30.50135
          ],
          [
            -97.858328,
            30.500927
          ],
          [
            -97.858301,
            30.500679
          ],
          [
            -97.857211,
            30.497803
          ],
          [
            -97.857194,
            30.497633
          ],
          [
            -97.857155,
            30.497521
          ],
          [
            -97.85711,
            30.497254
          ],
          [
            -97.857111,
            30.497038
          ],
          [
            -97.85715,
            30.496847
          ],
          [
            -97.857209,
            30.496669
          ],
          [
            -97.857367,
            30.496403
          ],
          [
            -97.857642,
            30.496008
          ],
          [
            -97.858021,
            30.495471
          ],
          [
            -97.858096,
            30.49536
          ],
          [
            -97.859303,
            30.493506
          ],
          [
            -97.859556,
            30.493211
          ],
          [
            -97.859761,
            30.492962
          ],
          [
            -97.859887,
            30.492772
          ],
          [
            -97.860049,
            30.492542
          ],
          [
            -97.860182,
            30.492318
          ],
          [
            -97.860273,
            30.492135
          ],
          [
            -97.860379,
            30.491885
          ],
          [
            -97.860433,
            30.491707
          ],
          [
            -97.860478,
            30.491526
          ],
          [
            -97.860518,
            30.491311
          ],
          [
            -97.86054,
            30.491143
          ],
          [
            -97.860542,
            30.491124
          ],
          [
            -97.860548,
            30.490918
          ],
          [
            -97.860537,
            30.490756
          ],
          [
            -97.860534,
            30.490716
          ],
          [
            -97.860512,
            30.490538
          ],
          [
            -97.860467,
            30.490342
          ],
          [
            -97.860408,
            30.490153
          ],
          [
            -97.860543,
            30.490118
          ],
          [
            -97.860785,
            30.490056
          ],
          [
            -97.86096,
            30.490016
          ],
          [
            -97.861142,
            30.489963
          ],
          [
            -97.861181,
            30.489945
          ],
          [
            -97.861328,
            30.489879
          ],
          [
            -97.861505,
            30.489786
          ],
          [
            -97.861835,
            30.489591
          ],
          [
            -97.86232,
            30.489292
          ],
          [
            -97.862821,
            30.489012
          ],
          [
            -97.863119,
            30.488848
          ],
          [
            -97.863338,
            30.488736
          ],
          [
            -97.863535,
            30.48861
          ],
          [
            -97.863707,
            30.488484
          ],
          [
            -97.863873,
            30.488353
          ],
          [
            -97.864194,
            30.488087
          ],
          [
            -97.864835,
            30.487559
          ],
          [
            -97.866135,
            30.486488
          ],
          [
            -97.866798,
            30.485955
          ],
          [
            -97.867122,
            30.48569
          ],
          [
            -97.867459,
            30.485424
          ],
          [
            -97.868214,
            30.484802
          ],
          [
            -97.868585,
            30.484493
          ],
          [
            -97.868767,
            30.484341
          ],
          [
            -97.868863,
            30.484266
          ],
          [
            -97.868958,
            30.484196
          ],
          [
            -97.869064,
            30.484124
          ],
          [
            -97.869175,
            30.484051
          ],
          [
            -97.869283,
            30.483991
          ],
          [
            -97.869399,
            30.483932
          ],
          [
            -97.869578,
            30.483853
          ],
          [
            -97.86959,
            30.483848
          ],
          [
            -97.869757,
            30.48378
          ],
          [
            -97.870116,
            30.483632
          ],
          [
            -97.870477,
            30.483488
          ],
          [
            -97.870571,
            30.483452
          ],
          [
            -97.870847,
            30.483344
          ],
          [
            -97.871427,
            30.483111
          ],
          [
            -97.871708,
            30.482997
          ],
          [
            -97.87186,
            30.482948
          ],
          [
            -97.872013,
            30.482906
          ],
          [
            -97.872103,
            30.48289
          ],
          [
            -97.872192,
            30.48288
          ],
          [
            -97.872286,
            30.482883
          ],
          [
            -97.872373,
            30.48289
          ],
          [
            -97.872565,
            30.482923
          ],
          [
            -97.872757,
            30.482965
          ],
          [
            -97.873017,
            30.483024
          ],
          [
            -97.873145,
            30.483052
          ],
          [
            -97.873277,
            30.483074
          ],
          [
            -97.873384,
            30.483089
          ],
          [
            -97.873496,
            30.483095
          ],
          [
            -97.873713,
            30.483095
          ],
          [
            -97.876395,
            30.483008
          ],
          [
            -97.877069,
            30.482978
          ],
          [
            -97.877735,
            30.482944
          ],
          [
            -97.878405,
            30.482914
          ],
          [
            -97.878744,
            30.482902
          ],
          [
            -97.879079,
            30.482895
          ],
          [
            -97.879453,
            30.482903
          ],
          [
            -97.87964,
            30.482914
          ],
          [
            -97.879745,
            30.482928
          ],
          [
            -97.879824,
            30.482939
          ],
          [
            -97.88014,
            30.483003
          ],
          [
            -97.880453,
            30.483085
          ],
          [
            -97.88096,
            30.483233
          ],
          [
            -97.88122,
            30.483308
          ],
          [
            -97.881467,
            30.483399
          ],
          [
            -97.881827,
            30.483547
          ],
          [
            -97.882008,
            30.483621
          ],
          [
            -97.882552,
            30.483849
          ],
          [
            -97.882779,
            30.483918
          ],
          [
            -97.88295,
            30.483962
          ],
          [
            -97.883,
            30.483975
          ],
          [
            -97.883477,
            30.484056
          ],
          [
            -97.883908,
            30.484118
          ],
          [
            -97.883959,
            30.484125
          ],
          [
            -97.884201,
            30.484168
          ],
          [
            -97.884439,
            30.484222
          ],
          [
            -97.884587,
            30.484262
          ],
          [
            -97.884735,
            30.484311
          ],
          [
            -97.884804,
            30.484336
          ],
          [
            -97.884874,
            30.484361
          ],
          [
            -97.885007,
            30.48442
          ],
          [
            -97.885226,
            30.484535
          ],
          [
            -97.88525,
            30.484548
          ],
          [
            -97.885374,
            30.484633
          ],
          [
            -97.885427,
            30.484683
          ],
          [
            -97.885485,
            30.484738
          ],
          [
            -97.885574,
            30.484836
          ],
          [
            -97.885648,
            30.48494
          ],
          [
            -97.885784,
            30.48516
          ],
          [
            -97.885854,
            30.485269
          ],
          [
            -97.885928,
            30.485373
          ],
          [
            -97.886012,
            30.485474
          ],
          [
            -97.886099,
            30.485569
          ],
          [
            -97.886242,
            30.485699
          ],
          [
            -97.886399,
            30.48581
          ],
          [
            -97.886623,
            30.485937
          ],
          [
            -97.886852,
            30.486052
          ],
          [
            -97.887319,
            30.486279
          ],
          [
            -97.887689,
            30.486475
          ],
          [
            -97.887771,
            30.486519
          ],
          [
            -97.888137,
            30.486742
          ],
          [
            -97.888492,
            30.486985
          ],
          [
            -97.888739,
            30.487174
          ],
          [
            -97.888988,
            30.4873
          ],
          [
            -97.889374,
            30.487426
          ],
          [
            -97.889914,
            30.487493
          ],
          [
            -97.890515,
            30.487499
          ],
          [
            -97.890876,
            30.48744
          ],
          [
            -97.891306,
            30.487293
          ],
          [
            -97.892187,
            30.486881
          ],
          [
            -97.892395,
            30.486656
          ],
          [
            -97.89255,
            30.486338
          ],
          [
            -97.892678,
            30.485857
          ],
          [
            -97.892756,
            30.485554
          ],
          [
            -97.892876,
            30.485258
          ],
          [
            -97.893125,
            30.484999
          ],
          [
            -97.893525,
            30.484635
          ],
          [
            -97.893745,
            30.484303
          ],
          [
            -97.893923,
            30.483912
          ],
          [
            -97.894019,
            30.483609
          ],
          [
            -97.894107,
            30.483334
          ],
          [
            -97.894309,
            30.482751
          ],
          [
            -97.894361,
            30.482529
          ],
          [
            -97.894352,
            30.482344
          ],
          [
            -97.894232,
            30.482041
          ],
          [
            -97.894053,
            30.481721
          ],
          [
            -97.893983,
            30.48153
          ],
          [
            -97.893988,
            30.481437
          ],
          [
            -97.893991,
            30.48136
          ],
          [
            -97.894077,
            30.481227
          ],
          [
            -97.894263,
            30.481141
          ],
          [
            -97.894585,
            30.481085
          ],
          [
            -97.894715,
            30.481083
          ],
          [
            -97.89516,
            30.481078
          ],
          [
            -97.895571,
            30.481079
          ],
          [
            -97.895778,
            30.481048
          ],
          [
            -97.896,
            30.481005
          ],
          [
            -97.89619,
            30.480907
          ],
          [
            -97.896824,
            30.480524
          ],
          [
            -97.897202,
            30.480273
          ],
          [
            -97.897433,
            30.480169
          ],
          [
            -97.897674,
            30.480147
          ],
          [
            -97.897923,
            30.480214
          ],
          [
            -97.89824,
            30.480369
          ],
          [
            -97.898558,
            30.480487
          ],
          [
            -97.898875,
            30.480495
          ],
          [
            -97.899167,
            30.480458
          ],
          [
            -97.899442,
            30.480347
          ],
          [
            -97.899488,
            30.480306
          ],
          [
            -97.899595,
            30.480204
          ],
          [
            -97.899656,
            30.480147
          ],
          [
            -97.899981,
            30.479593
          ],
          [
            -97.90028,
            30.479093
          ],
          [
            -97.900412,
            30.478952
          ],
          [
            -97.900927,
            30.478579
          ],
          [
            -97.901304,
            30.478291
          ],
          [
            -97.901403,
            30.478173
          ],
          [
            -97.901467,
            30.478054
          ],
          [
            -97.901504,
            30.477841
          ],
          [
            -97.901477,
            30.477583
          ],
          [
            -97.901423,
            30.477277
          ],
          [
            -97.90135,
            30.476974
          ],
          [
            -97.901329,
            30.476832
          ],
          [
            -97.901347,
            30.476689
          ],
          [
            -97.901499,
            30.476371
          ],
          [
            -97.901664,
            30.476023
          ],
          [
            -97.901905,
            30.475317
          ],
          [
            -97.902006,
            30.475142
          ],
          [
            -97.902336,
            30.474572
          ],
          [
            -97.902353,
            30.474372
          ],
          [
            -97.902311,
            30.474216
          ],
          [
            -97.90225,
            30.474059
          ],
          [
            -97.902192,
            30.473966
          ],
          [
            -97.90191,
            30.473516
          ],
          [
            -97.901909,
            30.473514
          ],
          [
            -97.901723,
            30.47329
          ],
          [
            -97.901511,
            30.473059
          ],
          [
            -97.901134,
            30.47281
          ],
          [
            -97.900459,
            30.472442
          ],
          [
            -97.900143,
            30.47231
          ],
          [
            -97.899708,
            30.472203
          ],
          [
            -97.899525,
            30.472211
          ],
          [
            -97.89933,
            30.47224
          ],
          [
            -97.899047,
            30.472384
          ],
          [
            -97.898768,
            30.472589
          ],
          [
            -97.89847,
            30.472879
          ],
          [
            -97.898333,
            30.473003
          ],
          [
            -97.898174,
            30.473079
          ],
          [
            -97.898084,
            30.473091
          ],
          [
            -97.897987,
            30.47308
          ],
          [
            -97.897893,
            30.473037
          ],
          [
            -97.897813,
            30.472985
          ],
          [
            -97.897697,
            30.472855
          ],
          [
            -97.897632,
            30.47272
          ],
          [
            -97.897596,
            30.472574
          ],
          [
            -97.89751,
            30.472036
          ],
          [
            -97.89744,
            30.47182
          ],
          [
            -97.89735,
            30.47169
          ],
          [
            -97.897225,
            30.47157
          ],
          [
            -97.896796,
            30.471226
          ],
          [
            -97.896767,
            30.471202
          ],
          [
            -97.896292,
            30.47081
          ],
          [
            -97.896218,
            30.470737
          ],
          [
            -97.896152,
            30.470599
          ],
          [
            -97.896145,
            30.470504
          ],
          [
            -97.896182,
            30.470435
          ],
          [
            -97.896276,
            30.470359
          ],
          [
            -97.89639,
            30.470325
          ],
          [
            -97.896741,
            30.47028
          ],
          [
            -97.897067,
            30.470236
          ],
          [
            -97.897284,
            30.470175
          ],
          [
            -97.8975,
            30.470079
          ],
          [
            -97.897847,
            30.469874
          ],
          [
            -97.897927,
            30.469797
          ],
          [
            -97.897978,
            30.469713
          ],
          [
            -97.89801,
            30.469593
          ],
          [
            -97.898017,
            30.469471
          ],
          [
            -97.897972,
            30.469183
          ],
          [
            -97.897819,
            30.468724
          ],
          [
            -97.897598,
            30.468067
          ],
          [
            -97.897575,
            30.467956
          ],
          [
            -97.897573,
            30.467856
          ],
          [
            -97.897595,
            30.4678
          ],
          [
            -97.897639,
            30.467735
          ],
          [
            -97.897701,
            30.467692
          ],
          [
            -97.897765,
            30.467676
          ],
          [
            -97.897873,
            30.467675
          ],
          [
            -97.898081,
            30.467742
          ],
          [
            -97.898361,
            30.467932
          ],
          [
            -97.898637,
            30.468182
          ],
          [
            -97.898867,
            30.468387
          ],
          [
            -97.899038,
            30.46857
          ],
          [
            -97.89919,
            30.468829
          ],
          [
            -97.899318,
            30.469026
          ],
          [
            -97.899457,
            30.469198
          ],
          [
            -97.899643,
            30.469365
          ],
          [
            -97.899836,
            30.469477
          ],
          [
            -97.900021,
            30.469553
          ],
          [
            -97.900223,
            30.469613
          ],
          [
            -97.900472,
            30.469648
          ],
          [
            -97.900715,
            30.469667
          ],
          [
            -97.900957,
            30.469649
          ],
          [
            -97.90114,
            30.469608
          ],
          [
            -97.901302,
            30.469545
          ],
          [
            -97.901439,
            30.469466
          ],
          [
            -97.901555,
            30.469378
          ],
          [
            -97.901742,
            30.469199
          ],
          [
            -97.901953,
            30.469025
          ],
          [
            -97.902128,
            30.468955
          ],
          [
            -97.902264,
            30.468949
          ],
          [
            -97.902375,
            30.468964
          ],
          [
            -97.902557,
            30.46904
          ],
          [
            -97.902746,
            30.469184
          ],
          [
            -97.90299,
            30.469416
          ],
          [
            -97.903249,
            30.469609
          ],
          [
            -97.903514,
            30.46971
          ],
          [
            -97.903804,
            30.469784
          ],
          [
            -97.904162,
            30.469843
          ],
          [
            -97.90449,
            30.469841
          ],
          [
            -97.904892,
            30.469753
          ],
          [
            -97.905261,
            30.469576
          ],
          [
            -97.905428,
            30.46944
          ],
          [
            -97.905561,
            30.469295
          ],
          [
            -97.905714,
            30.4691
          ],
          [
            -97.90581,
            30.468888
          ],
          [
            -97.905939,
            30.468474
          ],
          [
            -97.905973,
            30.468023
          ],
          [
            -97.905956,
            30.467564
          ],
          [
            -97.905879,
            30.467246
          ],
          [
            -97.90569,
            30.466706
          ],
          [
            -97.905527,
            30.466314
          ],
          [
            -97.904816,
            30.465633
          ],
          [
            -97.904683,
            30.465506
          ],
          [
            -97.904437,
            30.46513
          ],
          [
            -97.904274,
            30.464746
          ],
          [
            -97.904034,
            30.464457
          ],
          [
            -97.903647,
            30.464169
          ],
          [
            -97.902918,
            30.463658
          ],
          [
            -97.902789,
            30.463458
          ],
          [
            -97.902746,
            30.463194
          ],
          [
            -97.9027,
            30.46302
          ],
          [
            -97.902622,
            30.462866
          ],
          [
            -97.902497,
            30.462698
          ],
          [
            -97.902356,
            30.462542
          ],
          [
            -97.902141,
            30.462338
          ],
          [
            -97.901931,
            30.462161
          ],
          [
            -97.901599,
            30.461814
          ],
          [
            -97.901306,
            30.461407
          ],
          [
            -97.901095,
            30.461104
          ],
          [
            -97.900981,
            30.460941
          ],
          [
            -97.900897,
            30.460797
          ],
          [
            -97.90089,
            30.460712
          ],
          [
            -97.900918,
            30.460645
          ],
          [
            -97.90097,
            30.460596
          ],
          [
            -97.901047,
            30.460543
          ],
          [
            -97.901139,
            30.46053
          ],
          [
            -97.90127,
            30.460536
          ],
          [
            -97.90142,
            30.46056
          ],
          [
            -97.90156,
            30.460616
          ],
          [
            -97.901836,
            30.460784
          ],
          [
            -97.902198,
            30.460989
          ],
          [
            -97.9026,
            30.461172
          ],
          [
            -97.902897,
            30.46127
          ],
          [
            -97.903177,
            30.46134
          ],
          [
            -97.90349,
            30.461385
          ],
          [
            -97.903784,
            30.461392
          ],
          [
            -97.904015,
            30.461375
          ],
          [
            -97.904222,
            30.46132
          ],
          [
            -97.904414,
            30.461217
          ],
          [
            -97.904566,
            30.461098
          ],
          [
            -97.905373,
            30.460358
          ],
          [
            -97.905527,
            30.460307
          ],
          [
            -97.905725,
            30.460321
          ],
          [
            -97.905879,
            30.460381
          ],
          [
            -97.906128,
            30.460484
          ],
          [
            -97.906325,
            30.460617
          ],
          [
            -97.906385,
            30.460802
          ],
          [
            -97.906343,
            30.460972
          ],
          [
            -97.906023,
            30.461507
          ],
          [
            -97.905977,
            30.461642
          ],
          [
            -97.905953,
            30.461781
          ],
          [
            -97.905982,
            30.461934
          ],
          [
            -97.906078,
            30.462083
          ],
          [
            -97.906188,
            30.462201
          ],
          [
            -97.906729,
            30.462585
          ],
          [
            -97.907145,
            30.462841
          ],
          [
            -97.907418,
            30.46296
          ],
          [
            -97.907547,
            30.462984
          ],
          [
            -97.90769,
            30.46301
          ],
          [
            -97.908325,
            30.46299
          ],
          [
            -97.90912,
            30.463016
          ],
          [
            -97.909822,
            30.463038
          ],
          [
            -97.910148,
            30.463024
          ],
          [
            -97.910527,
            30.462985
          ],
          [
            -97.911079,
            30.462888
          ],
          [
            -97.911504,
            30.462841
          ],
          [
            -97.911797,
            30.462783
          ],
          [
            -97.912093,
            30.462574
          ],
          [
            -97.912652,
            30.462046
          ],
          [
            -97.912937,
            30.461724
          ],
          [
            -97.912969,
            30.461676
          ],
          [
            -97.913046,
            30.461561
          ],
          [
            -97.91312,
            30.461422
          ],
          [
            -97.913108,
            30.461273
          ],
          [
            -97.913053,
            30.461138
          ],
          [
            -97.912835,
            30.460825
          ],
          [
            -97.912764,
            30.460689
          ],
          [
            -97.912742,
            30.460521
          ],
          [
            -97.912809,
            30.460333
          ],
          [
            -97.913381,
            30.459712
          ],
          [
            -97.913524,
            30.45964
          ],
          [
            -97.913659,
            30.459624
          ],
          [
            -97.913827,
            30.459652
          ],
          [
            -97.913969,
            30.459725
          ],
          [
            -97.914161,
            30.459844
          ],
          [
            -97.914325,
            30.4599
          ],
          [
            -97.914665,
            30.459941
          ],
          [
            -97.914912,
            30.459942
          ],
          [
            -97.914994,
            30.459942
          ],
          [
            -97.915671,
            30.459656
          ],
          [
            -97.915761,
            30.459609
          ],
          [
            -97.915982,
            30.459496
          ],
          [
            -97.916163,
            30.459404
          ],
          [
            -97.916362,
            30.459302
          ],
          [
            -97.916593,
            30.459183
          ],
          [
            -97.916788,
            30.459074
          ],
          [
            -97.91694,
            30.458989
          ],
          [
            -97.9171,
            30.458861
          ],
          [
            -97.917118,
            30.458846
          ],
          [
            -97.917219,
            30.458688
          ],
          [
            -97.917264,
            30.458562
          ],
          [
            -97.917283,
            30.45844
          ],
          [
            -97.917277,
            30.458317
          ],
          [
            -97.917267,
            30.458288
          ],
          [
            -97.917234,
            30.458196
          ],
          [
            -97.917148,
            30.458058
          ],
          [
            -97.916995,
            30.457873
          ],
          [
            -97.916773,
            30.457717
          ],
          [
            -97.916644,
            30.457597
          ],
          [
            -97.916576,
            30.457533
          ],
          [
            -97.916353,
            30.457344
          ],
          [
            -97.916328,
            30.457311
          ],
          [
            -97.916204,
            30.457144
          ],
          [
            -97.916156,
            30.457053
          ],
          [
            -97.915904,
            30.456573
          ],
          [
            -97.91585,
            30.45648
          ],
          [
            -97.9157,
            30.456218
          ],
          [
            -97.915643,
            30.456118
          ],
          [
            -97.915599,
            30.456041
          ],
          [
            -97.915585,
            30.456017
          ],
          [
            -97.915389,
            30.455792
          ],
          [
            -97.915295,
            30.455727
          ],
          [
            -97.915223,
            30.455663
          ],
          [
            -97.915006,
            30.455513
          ],
          [
            -97.914916,
            30.455467
          ],
          [
            -97.914734,
            30.455356
          ],
          [
            -97.914723,
            30.455349
          ],
          [
            -97.91434,
            30.455211
          ],
          [
            -97.914205,
            30.455173
          ],
          [
            -97.914015,
            30.455119
          ],
          [
            -97.913811,
            30.455016
          ],
          [
            -97.913712,
            30.454949
          ],
          [
            -97.913675,
            30.454923
          ],
          [
            -97.91358,
            30.45482
          ],
          [
            -97.913488,
            30.454674
          ],
          [
            -97.913484,
            30.454662
          ],
          [
            -97.913435,
            30.454523
          ],
          [
            -97.913417,
            30.454104
          ],
          [
            -97.913413,
            30.453999
          ],
          [
            -97.91341,
            30.453976
          ],
          [
            -97.913346,
            30.453498
          ],
          [
            -97.913159,
            30.452734
          ],
          [
            -97.913018,
            30.452591
          ],
          [
            -97.912814,
            30.452469
          ],
          [
            -97.912503,
            30.452331
          ],
          [
            -97.912017,
            30.452131
          ],
          [
            -97.911703,
            30.452002
          ],
          [
            -97.910827,
            30.451547
          ],
          [
            -97.910377,
            30.451333
          ],
          [
            -97.910203,
            30.451272
          ],
          [
            -97.909992,
            30.451212
          ],
          [
            -97.90959,
            30.451082
          ],
          [
            -97.909233,
            30.450965
          ],
          [
            -97.9091,
            30.450913
          ],
          [
            -97.908998,
            30.450869
          ],
          [
            -97.908889,
            30.450813
          ],
          [
            -97.908817,
            30.450754
          ],
          [
            -97.90864,
            30.450613
          ],
          [
            -97.908438,
            30.450425
          ],
          [
            -97.908267,
            30.450288
          ],
          [
            -97.908226,
            30.450264
          ],
          [
            -97.908004,
            30.450135
          ],
          [
            -97.907952,
            30.450111
          ],
          [
            -97.907735,
            30.450011
          ],
          [
            -97.907434,
            30.449891
          ],
          [
            -97.907096,
            30.449771
          ],
          [
            -97.906943,
            30.449724
          ],
          [
            -97.906803,
            30.449695
          ],
          [
            -97.906618,
            30.449681
          ],
          [
            -97.906477,
            30.449678
          ],
          [
            -97.906465,
            30.449677
          ],
          [
            -97.905747,
            30.449697
          ],
          [
            -97.905127,
            30.449695
          ],
          [
            -97.904987,
            30.449679
          ],
          [
            -97.904816,
            30.449635
          ],
          [
            -97.904709,
            30.449567
          ],
          [
            -97.904645,
            30.449487
          ],
          [
            -97.904629,
            30.44939
          ],
          [
            -97.904652,
            30.449312
          ],
          [
            -97.904714,
            30.449234
          ],
          [
            -97.905089,
            30.448904
          ],
          [
            -97.905351,
            30.448678
          ],
          [
            -97.905484,
            30.448515
          ],
          [
            -97.905707,
            30.448089
          ],
          [
            -97.905793,
            30.447891
          ],
          [
            -97.905903,
            30.447694
          ],
          [
            -97.905959,
            30.447651
          ],
          [
            -97.906032,
            30.447593
          ],
          [
            -97.906191,
            30.447529
          ],
          [
            -97.906512,
            30.447507
          ],
          [
            -97.907173,
            30.447463
          ],
          [
            -97.907939,
            30.447342
          ],
          [
            -97.908347,
            30.447256
          ],
          [
            -97.908847,
            30.447076
          ],
          [
            -97.909095,
            30.446941
          ],
          [
            -97.909215,
            30.446845
          ],
          [
            -97.909339,
            30.446747
          ],
          [
            -97.909533,
            30.446502
          ],
          [
            -97.90981,
            30.446073
          ],
          [
            -97.909967,
            30.445914
          ],
          [
            -97.910164,
            30.445751
          ],
          [
            -97.910686,
            30.445473
          ],
          [
            -97.910859,
            30.445354
          ],
          [
            -97.911047,
            30.445174
          ],
          [
            -97.91118,
            30.444999
          ],
          [
            -97.911291,
            30.444812
          ],
          [
            -97.911359,
            30.444601
          ],
          [
            -97.911385,
            30.444108
          ],
          [
            -97.911331,
            30.443598
          ],
          [
            -97.911353,
            30.443471
          ],
          [
            -97.911372,
            30.443402
          ],
          [
            -97.911415,
            30.4433
          ],
          [
            -97.911522,
            30.443092
          ],
          [
            -97.911998,
            30.442471
          ],
          [
            -97.912139,
            30.442286
          ],
          [
            -97.912266,
            30.442113
          ],
          [
            -97.912427,
            30.441864
          ],
          [
            -97.912347,
            30.441738
          ],
          [
            -97.912046,
            30.441429
          ],
          [
            -97.911587,
            30.441134
          ],
          [
            -97.911031,
            30.440778
          ],
          [
            -97.910249,
            30.440265
          ],
          [
            -97.910101,
            30.440202
          ],
          [
            -97.909843,
            30.440102
          ],
          [
            -97.909775,
            30.440076
          ],
          [
            -97.909409,
            30.439951
          ],
          [
            -97.908964,
            30.439799
          ],
          [
            -97.908574,
            30.439629
          ],
          [
            -97.908372,
            30.43949
          ],
          [
            -97.907927,
            30.439146
          ],
          [
            -97.90773,
            30.439031
          ],
          [
            -97.907466,
            30.43891
          ],
          [
            -97.907109,
            30.438806
          ],
          [
            -97.906902,
            30.438768
          ],
          [
            -97.906702,
            30.43874
          ],
          [
            -97.906533,
            30.438735
          ],
          [
            -97.906151,
            30.438764
          ],
          [
            -97.905936,
            30.438792
          ],
          [
            -97.905536,
            30.438843
          ],
          [
            -97.905307,
            30.438873
          ],
          [
            -97.905106,
            30.438925
          ],
          [
            -97.905036,
            30.438943
          ],
          [
            -97.904829,
            30.439034
          ],
          [
            -97.904439,
            30.439224
          ],
          [
            -97.904326,
            30.439253
          ],
          [
            -97.904283,
            30.439264
          ],
          [
            -97.904127,
            30.439283
          ],
          [
            -97.90396,
            30.439265
          ],
          [
            -97.903732,
            30.439181
          ],
          [
            -97.903446,
            30.439037
          ],
          [
            -97.903196,
            30.438868
          ],
          [
            -97.903113,
            30.438778
          ],
          [
            -97.903095,
            30.438687
          ],
          [
            -97.903096,
            30.438651
          ],
          [
            -97.903099,
            30.438554
          ],
          [
            -97.903264,
            30.437986
          ],
          [
            -97.90337,
            30.4378
          ],
          [
            -97.903894,
            30.437125
          ],
          [
            -97.904187,
            30.436582
          ],
          [
            -97.904283,
            30.436341
          ],
          [
            -97.904327,
            30.436165
          ],
          [
            -97.904328,
            30.435889
          ],
          [
            -97.904278,
            30.435141
          ],
          [
            -97.904223,
            30.434732
          ],
          [
            -97.90418,
            30.434566
          ],
          [
            -97.904057,
            30.434081
          ],
          [
            -97.904001,
            30.433906
          ],
          [
            -97.903917,
            30.433766
          ],
          [
            -97.903803,
            30.433661
          ],
          [
            -97.903629,
            30.433558
          ],
          [
            -97.903413,
            30.433476
          ],
          [
            -97.903099,
            30.433369
          ],
          [
            -97.902837,
            30.433316
          ],
          [
            -97.902602,
            30.433269
          ],
          [
            -97.902296,
            30.433246
          ],
          [
            -97.902103,
            30.433258
          ],
          [
            -97.901863,
            30.433285
          ],
          [
            -97.901667,
            30.433335
          ],
          [
            -97.901378,
            30.433451
          ],
          [
            -97.901278,
            30.433504
          ],
          [
            -97.901233,
            30.433527
          ],
          [
            -97.901075,
            30.433585
          ],
          [
            -97.900848,
            30.43368
          ],
          [
            -97.900424,
            30.433793
          ],
          [
            -97.900045,
            30.433841
          ],
          [
            -97.89983,
            30.43386
          ],
          [
            -97.899547,
            30.433885
          ],
          [
            -97.899273,
            30.433901
          ],
          [
            -97.899188,
            30.433906
          ],
          [
            -97.898739,
            30.433964
          ],
          [
            -97.898504,
            30.434003
          ],
          [
            -97.89847,
            30.434008
          ],
          [
            -97.897707,
            30.4342
          ],
          [
            -97.897378,
            30.43424
          ],
          [
            -97.897028,
            30.434228
          ],
          [
            -97.89668,
            30.434202
          ],
          [
            -97.895926,
            30.434144
          ],
          [
            -97.894218,
            30.433919
          ],
          [
            -97.89228,
            30.43362
          ],
          [
            -97.892126,
            30.433596
          ],
          [
            -97.891172,
            30.433474
          ],
          [
            -97.890793,
            30.433431
          ],
          [
            -97.890219,
            30.433367
          ],
          [
            -97.889405,
            30.433263
          ],
          [
            -97.889057,
            30.433197
          ],
          [
            -97.88884,
            30.433114
          ],
          [
            -97.888608,
            30.43299
          ],
          [
            -97.88806,
            30.432619
          ],
          [
            -97.887802,
            30.432468
          ],
          [
            -97.887616,
            30.432373
          ],
          [
            -97.887486,
            30.432326
          ],
          [
            -97.887304,
            30.432276
          ],
          [
            -97.88708,
            30.432235
          ],
          [
            -97.886667,
            30.43223
          ],
          [
            -97.886247,
            30.432261
          ],
          [
            -97.885962,
            30.432282
          ],
          [
            -97.885309,
            30.432352
          ],
          [
            -97.88492,
            30.432407
          ],
          [
            -97.884818,
            30.432422
          ],
          [
            -97.884495,
            30.432528
          ],
          [
            -97.884314,
            30.432626
          ],
          [
            -97.884267,
            30.432651
          ],
          [
            -97.884087,
            30.432768
          ],
          [
            -97.883997,
            30.43284
          ],
          [
            -97.883944,
            30.432883
          ],
          [
            -97.883864,
            30.432991
          ],
          [
            -97.883816,
            30.433056
          ],
          [
            -97.88364,
            30.43331
          ],
          [
            -97.883623,
            30.433335
          ],
          [
            -97.883538,
            30.433523
          ],
          [
            -97.883501,
            30.433605
          ],
          [
            -97.883448,
            30.433775
          ],
          [
            -97.883405,
            30.434011
          ],
          [
            -97.883401,
            30.434198
          ],
          [
            -97.883402,
            30.434387
          ],
          [
            -97.883403,
            30.434533
          ],
          [
            -97.883424,
            30.435438
          ],
          [
            -97.883431,
            30.435719
          ],
          [
            -97.883473,
            30.436007
          ],
          [
            -97.883518,
            30.436209
          ],
          [
            -97.883587,
            30.436375
          ],
          [
            -97.883713,
            30.436631
          ],
          [
            -97.883744,
            30.436692
          ],
          [
            -97.883767,
            30.43683
          ],
          [
            -97.88377,
            30.436959
          ],
          [
            -97.883772,
            30.437022
          ],
          [
            -97.883694,
            30.437298
          ],
          [
            -97.883565,
            30.437541
          ],
          [
            -97.883469,
            30.43769
          ],
          [
            -97.883363,
            30.437786
          ],
          [
            -97.883208,
            30.437915
          ],
          [
            -97.882913,
            30.438121
          ],
          [
            -97.882749,
            30.438275
          ],
          [
            -97.882527,
            30.438498
          ],
          [
            -97.882451,
            30.438575
          ],
          [
            -97.882027,
            30.439122
          ],
          [
            -97.881858,
            30.43929
          ],
          [
            -97.881757,
            30.439362
          ],
          [
            -97.881705,
            30.439398
          ],
          [
            -97.881518,
            30.439476
          ],
          [
            -97.881361,
            30.439485
          ],
          [
            -97.881101,
            30.439481
          ],
          [
            -97.880513,
            30.439383
          ],
          [
            -97.880354,
            30.439358
          ],
          [
            -97.880137,
            30.439319
          ],
          [
            -97.87986,
            30.439245
          ],
          [
            -97.879788,
            30.439201
          ],
          [
            -97.879742,
            30.439173
          ],
          [
            -97.879632,
            30.439046
          ],
          [
            -97.879616,
            30.43902
          ],
          [
            -97.879578,
            30.438957
          ],
          [
            -97.879557,
            30.438813
          ],
          [
            -97.879586,
            30.437825
          ],
          [
            -97.87962,
            30.437603
          ],
          [
            -97.879652,
            30.437452
          ],
          [
            -97.879697,
            30.437324
          ],
          [
            -97.879779,
            30.437092
          ],
          [
            -97.879817,
            30.436929
          ],
          [
            -97.879842,
            30.436718
          ],
          [
            -97.879859,
            30.436457
          ],
          [
            -97.879849,
            30.436188
          ],
          [
            -97.879803,
            30.435932
          ],
          [
            -97.879742,
            30.435747
          ],
          [
            -97.879617,
            30.435533
          ],
          [
            -97.879287,
            30.435144
          ],
          [
            -97.879192,
            30.434955
          ],
          [
            -97.879011,
            30.434528
          ],
          [
            -97.878951,
            30.43444
          ],
          [
            -97.878891,
            30.434351
          ],
          [
            -97.878728,
            30.434238
          ],
          [
            -97.878449,
            30.434127
          ],
          [
            -97.878211,
            30.434094
          ],
          [
            -97.877951,
            30.434113
          ],
          [
            -97.877766,
            30.434146
          ],
          [
            -97.877401,
            30.434275
          ],
          [
            -97.877118,
            30.43444
          ],
          [
            -97.876935,
            30.434619
          ],
          [
            -97.876811,
            30.43477
          ],
          [
            -97.876528,
            30.435114
          ],
          [
            -97.876389,
            30.435347
          ],
          [
            -97.876312,
            30.435533
          ],
          [
            -97.876256,
            30.435789
          ],
          [
            -97.876116,
            30.436631
          ],
          [
            -97.876056,
            30.436912
          ],
          [
            -97.875977,
            30.437149
          ],
          [
            -97.875839,
            30.437491
          ],
          [
            -97.875798,
            30.437705
          ],
          [
            -97.875767,
            30.437952
          ],
          [
            -97.875689,
            30.438128
          ],
          [
            -97.875563,
            30.438301
          ],
          [
            -97.875301,
            30.43858
          ],
          [
            -97.874802,
            30.439025
          ],
          [
            -97.874237,
            30.43948
          ],
          [
            -97.873967,
            30.439692
          ],
          [
            -97.873724,
            30.439854
          ],
          [
            -97.873271,
            30.43897
          ],
          [
            -97.873167,
            30.43851
          ],
          [
            -97.873157,
            30.438227
          ],
          [
            -97.873163,
            30.438131
          ],
          [
            -97.873207,
            30.437814
          ],
          [
            -97.873408,
            30.436984
          ],
          [
            -97.873412,
            30.436927
          ],
          [
            -97.873174,
            30.436983
          ],
          [
            -97.873027,
            30.437034
          ],
          [
            -97.872835,
            30.437016
          ],
          [
            -97.872724,
            30.43699
          ],
          [
            -97.872682,
            30.436945
          ],
          [
            -97.872682,
            30.436844
          ],
          [
            -97.872675,
            30.436717
          ],
          [
            -97.872623,
            30.43652
          ],
          [
            -97.872505,
            30.436171
          ],
          [
            -97.872409,
            30.436038
          ],
          [
            -97.872142,
            30.435809
          ],
          [
            -97.871883,
            30.435684
          ],
          [
            -97.871176,
            30.435422
          ],
          [
            -97.870928,
            30.435319
          ],
          [
            -97.870446,
            30.435085
          ],
          [
            -97.870096,
            30.434947
          ],
          [
            -97.870043,
            30.434925
          ],
          [
            -97.869988,
            30.434901
          ],
          [
            -97.869938,
            30.434831
          ],
          [
            -97.869923,
            30.43473
          ],
          [
            -97.870033,
            30.434506
          ],
          [
            -97.870102,
            30.434434
          ],
          [
            -97.87017,
            30.434424
          ],
          [
            -97.870233,
            30.434434
          ],
          [
            -97.870479,
            30.434565
          ],
          [
            -97.870661,
            30.434636
          ],
          [
            -97.871457,
            30.434844
          ],
          [
            -97.871525,
            30.434852
          ],
          [
            -97.871592,
            30.43485
          ],
          [
            -97.871649,
            30.434829
          ],
          [
            -97.871622,
            30.434574
          ],
          [
            -97.871705,
            30.434273
          ],
          [
            -97.871898,
            30.434058
          ],
          [
            -97.87222,
            30.433822
          ],
          [
            -97.872432,
            30.433693
          ],
          [
            -97.872713,
            30.433524
          ],
          [
            -97.872957,
            30.433334
          ],
          [
            -97.873247,
            30.433006
          ],
          [
            -97.873397,
            30.432719
          ],
          [
            -97.873654,
            30.431929
          ],
          [
            -97.873708,
            30.431493
          ],
          [
            -97.873696,
            30.431151
          ],
          [
            -97.873821,
            30.430649
          ],
          [
            -97.873909,
            30.430194
          ],
          [
            -97.873891,
            30.429731
          ],
          [
            -97.873711,
            30.429389
          ],
          [
            -97.873142,
            30.428963
          ],
          [
            -97.87292,
            30.42864
          ],
          [
            -97.872751,
            30.428128
          ],
          [
            -97.872718,
            30.427917
          ],
          [
            -97.872625,
            30.427303
          ],
          [
            -97.872496,
            30.426054
          ],
          [
            -97.872525,
            30.425205
          ],
          [
            -97.872414,
            30.424839
          ],
          [
            -97.872351,
            30.424634
          ],
          [
            -97.871917,
            30.423961
          ],
          [
            -97.87142,
            30.423017
          ],
          [
            -97.871231,
            30.422729
          ],
          [
            -97.870289,
            30.42168
          ],
          [
            -97.869959,
            30.421292
          ],
          [
            -97.869608,
            30.420782
          ],
          [
            -97.869267,
            30.420073
          ],
          [
            -97.868939,
            30.418847
          ],
          [
            -97.868902,
            30.417031
          ],
          [
            -97.868768,
            30.416608
          ],
          [
            -97.868518,
            30.416196
          ],
          [
            -97.867641,
            30.415037
          ],
          [
            -97.867303,
            30.414591
          ],
          [
            -97.866775,
            30.413541
          ],
          [
            -97.866322,
            30.413055
          ],
          [
            -97.865965,
            30.412854
          ],
          [
            -97.865851,
            30.412797
          ],
          [
            -97.865651,
            30.412696
          ],
          [
            -97.865296,
            30.412541
          ],
          [
            -97.864975,
            30.412376
          ],
          [
            -97.864717,
            30.412217
          ],
          [
            -97.864467,
            30.412035
          ],
          [
            -97.864221,
            30.411767
          ],
          [
            -97.864104,
            30.411595
          ],
          [
            -97.864026,
            30.411474
          ],
          [
            -97.863973,
            30.411391
          ],
          [
            -97.863675,
            30.410604
          ],
          [
            -97.863392,
            30.409849
          ],
          [
            -97.863175,
            30.409444
          ],
          [
            -97.862888,
            30.409035
          ],
          [
            -97.862293,
            30.408505
          ],
          [
            -97.861579,
            30.408042
          ],
          [
            -97.860523,
            30.407628
          ],
          [
            -97.860133,
            30.407444
          ],
          [
            -97.859793,
            30.407284
          ],
          [
            -97.858543,
            30.406541
          ],
          [
            -97.857895,
            30.406048
          ],
          [
            -97.857626,
            30.405884
          ],
          [
            -97.856293,
            30.405303
          ],
          [
            -97.855875,
            30.405071
          ],
          [
            -97.855437,
            30.404806
          ],
          [
            -97.855034,
            30.404516
          ],
          [
            -97.854614,
            30.404214
          ],
          [
            -97.854456,
            30.404101
          ],
          [
            -97.854433,
            30.404085
          ],
          [
            -97.854324,
            30.404007
          ],
          [
            -97.853994,
            30.403786
          ],
          [
            -97.853838,
            30.404073
          ],
          [
            -97.853705,
            30.404333
          ],
          [
            -97.853555,
            30.404627
          ],
          [
            -97.853415,
            30.404899
          ],
          [
            -97.853186,
            30.405327
          ],
          [
            -97.852697,
            30.406251
          ],
          [
            -97.852589,
            30.406455
          ],
          [
            -97.852531,
            30.406558
          ],
          [
            -97.852473,
            30.406661
          ],
          [
            -97.852443,
            30.406723
          ],
          [
            -97.852271,
            30.407078
          ],
          [
            -97.85215,
            30.407327
          ],
          [
            -97.852112,
            30.407404
          ],
          [
            -97.851851,
            30.40793
          ],
          [
            -97.851795,
            30.408041
          ],
          [
            -97.851724,
            30.408183
          ],
          [
            -97.851637,
            30.408359
          ],
          [
            -97.851594,
            30.408445
          ],
          [
            -97.851554,
            30.408525
          ],
          [
            -97.851456,
            30.408724
          ],
          [
            -97.85142,
            30.408796
          ],
          [
            -97.851329,
            30.408979
          ],
          [
            -97.851205,
            30.409229
          ],
          [
            -97.851196,
            30.409246
          ],
          [
            -97.851138,
            30.409361
          ],
          [
            -97.85109,
            30.409458
          ],
          [
            -97.850947,
            30.409741
          ],
          [
            -97.850905,
            30.409824
          ],
          [
            -97.850799,
            30.410036
          ],
          [
            -97.850712,
            30.410209
          ],
          [
            -97.850625,
            30.410382
          ],
          [
            -97.850545,
            30.410539
          ],
          [
            -97.850534,
            30.410561
          ],
          [
            -97.850484,
            30.41066
          ]
        ]
      }
    }
  ]
}
