{
  "type": "FeatureCollection",
  "features": [
    {
      "type": "Feature",
      "properties": {
        "route": "Blanco River Valley & FM 165 Loop",
        "category": "Lakes & Rivers",
        "color": "#2980b9",
        "waypoints": [
          "Blanco",
          "Henly",
          "Wimberley"
        ],
        "via": "FM 165 -> Henly -> Wimberley -> RM 2325",
        "distance_mi": 70.6,
        "source": "road-snapped"
      },
      "geometry": {
        "type": "LineString",
        "coordinates": [
          [
            -98.421289,
            30.098672
          ],
          [
            -98.421805,
            30.098829
          ],
          [
            -98.421454,
            30.099686
          ],
          [
            -98.421106,
            30.100538
          ],
          [
            -98.420749,
            30.101419
          ],
          [
            -98.420384,
            30.102297
          ],
          [
            -98.420031,
            30.103162
          ],
          [
            -98.419684,
            30.104016
          ],
          [
            -98.419447,
            30.104551
          ],
          [
            -98.419303,
            30.104874
          ],
          [
            -98.419172,
            30.105183
          ],
          [
            -98.41895,
            30.105707
          ],
          [
            -98.418591,
            30.106548
          ],
          [
            -98.418512,
            30.106732
          ],
          [
            -98.418162,
            30.10756
          ],
          [
            -98.418133,
            30.107626
          ],
          [
            -98.417477,
            30.109127
          ],
          [
            -98.417431,
            30.109235
          ],
          [
            -98.416987,
            30.110274
          ],
          [
            -98.416877,
            30.110532
          ],
          [
            -98.416783,
            30.110747
          ],
          [
            -98.416628,
            30.111104
          ],
          [
            -98.41631,
            30.111839
          ],
          [
            -98.416206,
            30.112079
          ],
          [
            -98.416079,
            30.112371
          ],
          [
            -98.415792,
            30.113035
          ],
          [
            -98.415624,
            30.113422
          ],
          [
            -98.41546,
            30.113822
          ],
          [
            -98.415431,
            30.113896
          ],
          [
            -98.415271,
            30.11431
          ],
          [
            -98.414792,
            30.115548
          ],
          [
            -98.414296,
            30.116829
          ],
          [
            -98.413635,
            30.118537
          ],
          [
            -98.41201,
            30.122613
          ],
          [
            -98.411354,
            30.124286
          ],
          [
            -98.411245,
            30.12453
          ],
          [
            -98.411154,
            30.124735
          ],
          [
            -98.410934,
            30.125176
          ],
          [
            -98.41072,
            30.125563
          ],
          [
            -98.410599,
            30.125782
          ],
          [
            -98.410446,
            30.126012
          ],
          [
            -98.410226,
            30.126325
          ],
          [
            -98.409951,
            30.12669
          ],
          [
            -98.409659,
            30.127047
          ],
          [
            -98.409075,
            30.127693
          ],
          [
            -98.40766,
            30.129207
          ],
          [
            -98.406878,
            30.130046
          ],
          [
            -98.406215,
            30.130757
          ],
          [
            -98.405063,
            30.131979
          ],
          [
            -98.404454,
            30.132644
          ],
          [
            -98.40428,
            30.132831
          ],
          [
            -98.403843,
            30.133351
          ],
          [
            -98.403563,
            30.133707
          ],
          [
            -98.403301,
            30.134073
          ],
          [
            -98.403058,
            30.134449
          ],
          [
            -98.402835,
            30.134835
          ],
          [
            -98.402472,
            30.135539
          ],
          [
            -98.401918,
            30.136692
          ],
          [
            -98.401465,
            30.137621
          ],
          [
            -98.400724,
            30.139141
          ],
          [
            -98.400714,
            30.139163
          ],
          [
            -98.400271,
            30.140099
          ],
          [
            -98.399791,
            30.141074
          ],
          [
            -98.399191,
            30.142294
          ],
          [
            -98.398117,
            30.144478
          ],
          [
            -98.397727,
            30.145276
          ],
          [
            -98.397615,
            30.145489
          ],
          [
            -98.397442,
            30.145817
          ],
          [
            -98.397133,
            30.146348
          ],
          [
            -98.396881,
            30.146749
          ],
          [
            -98.396861,
            30.146781
          ],
          [
            -98.39654,
            30.147252
          ],
          [
            -98.3962,
            30.147714
          ],
          [
            -98.395839,
            30.148164
          ],
          [
            -98.393607,
            30.150845
          ],
          [
            -98.393117,
            30.151434
          ],
          [
            -98.392365,
            30.152337
          ],
          [
            -98.392284,
            30.152435
          ],
          [
            -98.392093,
            30.152664
          ],
          [
            -98.391334,
            30.153575
          ],
          [
            -98.390216,
            30.154957
          ],
          [
            -98.388255,
            30.157302
          ],
          [
            -98.387006,
            30.158772
          ],
          [
            -98.385702,
            30.160338
          ],
          [
            -98.38508,
            30.161106
          ],
          [
            -98.384793,
            30.161527
          ],
          [
            -98.384532,
            30.161952
          ],
          [
            -98.384291,
            30.162386
          ],
          [
            -98.38407,
            30.16283
          ],
          [
            -98.383892,
            30.163232
          ],
          [
            -98.383735,
            30.163641
          ],
          [
            -98.3836,
            30.164056
          ],
          [
            -98.383541,
            30.164265
          ],
          [
            -98.382947,
            30.16626
          ],
          [
            -98.382762,
            30.166882
          ],
          [
            -98.38206,
            30.169243
          ],
          [
            -98.382046,
            30.16929
          ],
          [
            -98.38198,
            30.169515
          ],
          [
            -98.381299,
            30.171825
          ],
          [
            -98.381178,
            30.172266
          ],
          [
            -98.381159,
            30.172334
          ],
          [
            -98.380857,
            30.173439
          ],
          [
            -98.380365,
            30.175055
          ],
          [
            -98.380349,
            30.175194
          ],
          [
            -98.380224,
            30.175682
          ],
          [
            -98.380082,
            30.176317
          ],
          [
            -98.380009,
            30.176713
          ],
          [
            -98.379964,
            30.176953
          ],
          [
            -98.379798,
            30.177957
          ],
          [
            -98.379251,
            30.181264
          ],
          [
            -98.379157,
            30.18187
          ],
          [
            -98.379033,
            30.182662
          ],
          [
            -98.378905,
            30.183433
          ],
          [
            -98.378773,
            30.184227
          ],
          [
            -98.378627,
            30.185087
          ],
          [
            -98.37847,
            30.186079
          ],
          [
            -98.378201,
            30.187703
          ],
          [
            -98.378085,
            30.188272
          ],
          [
            -98.377977,
            30.188717
          ],
          [
            -98.377947,
            30.18884
          ],
          [
            -98.377811,
            30.189302
          ],
          [
            -98.377528,
            30.190119
          ],
          [
            -98.3773,
            30.190732
          ],
          [
            -98.377194,
            30.191016
          ],
          [
            -98.377174,
            30.191073
          ],
          [
            -98.376847,
            30.192011
          ],
          [
            -98.376344,
            30.193418
          ],
          [
            -98.376009,
            30.194353
          ],
          [
            -98.375889,
            30.194678
          ],
          [
            -98.375735,
            30.195136
          ],
          [
            -98.375684,
            30.195347
          ],
          [
            -98.375572,
            30.195982
          ],
          [
            -98.375486,
            30.196515
          ],
          [
            -98.375426,
            30.197141
          ],
          [
            -98.375418,
            30.197369
          ],
          [
            -98.375422,
            30.197716
          ],
          [
            -98.375477,
            30.198659
          ],
          [
            -98.375598,
            30.199334
          ],
          [
            -98.375673,
            30.199816
          ],
          [
            -98.375614,
            30.200103
          ],
          [
            -98.375556,
            30.200269
          ],
          [
            -98.375502,
            30.200387
          ],
          [
            -98.375414,
            30.200529
          ],
          [
            -98.375326,
            30.200654
          ],
          [
            -98.37512,
            30.200866
          ],
          [
            -98.375059,
            30.200921
          ],
          [
            -98.374956,
            30.200998
          ],
          [
            -98.374878,
            30.201045
          ],
          [
            -98.374727,
            30.201131
          ],
          [
            -98.374563,
            30.201199
          ],
          [
            -98.374376,
            30.201258
          ],
          [
            -98.374127,
            30.201312
          ],
          [
            -98.373904,
            30.201334
          ],
          [
            -98.373655,
            30.201326
          ],
          [
            -98.373198,
            30.201263
          ],
          [
            -98.372502,
            30.201186
          ],
          [
            -98.371816,
            30.201137
          ],
          [
            -98.371009,
            30.201019
          ],
          [
            -98.366319,
            30.200235
          ],
          [
            -98.364382,
            30.199912
          ],
          [
            -98.36187,
            30.199494
          ],
          [
            -98.361362,
            30.199434
          ],
          [
            -98.360858,
            30.199403
          ],
          [
            -98.360513,
            30.199391
          ],
          [
            -98.360057,
            30.199396
          ],
          [
            -98.359749,
            30.199415
          ],
          [
            -98.359236,
            30.199457
          ],
          [
            -98.358858,
            30.199505
          ],
          [
            -98.358472,
            30.199572
          ],
          [
            -98.358125,
            30.199642
          ],
          [
            -98.35777,
            30.199729
          ],
          [
            -98.357426,
            30.199833
          ],
          [
            -98.357041,
            30.199953
          ],
          [
            -98.356589,
            30.200108
          ],
          [
            -98.351922,
            30.201694
          ],
          [
            -98.351503,
            30.201825
          ],
          [
            -98.351078,
            30.20194
          ],
          [
            -98.350707,
            30.202017
          ],
          [
            -98.35033,
            30.202071
          ],
          [
            -98.349935,
            30.202108
          ],
          [
            -98.349616,
            30.202121
          ],
          [
            -98.349332,
            30.202118
          ],
          [
            -98.349068,
            30.202109
          ],
          [
            -98.348783,
            30.202088
          ],
          [
            -98.348501,
            30.202052
          ],
          [
            -98.348198,
            30.202
          ],
          [
            -98.347851,
            30.201922
          ],
          [
            -98.347514,
            30.201829
          ],
          [
            -98.347205,
            30.201726
          ],
          [
            -98.346832,
            30.201583
          ],
          [
            -98.346471,
            30.201416
          ],
          [
            -98.346143,
            30.201247
          ],
          [
            -98.336181,
            30.196037
          ],
          [
            -98.336014,
            30.195957
          ],
          [
            -98.335819,
            30.195862
          ],
          [
            -98.335629,
            30.195778
          ],
          [
            -98.335314,
            30.195655
          ],
          [
            -98.335055,
            30.195566
          ],
          [
            -98.334846,
            30.195507
          ],
          [
            -98.334303,
            30.195387
          ],
          [
            -98.333815,
            30.195314
          ],
          [
            -98.33352,
            30.195289
          ],
          [
            -98.333306,
            30.195284
          ],
          [
            -98.333032,
            30.195281
          ],
          [
            -98.332834,
            30.19529
          ],
          [
            -98.332429,
            30.195321
          ],
          [
            -98.332038,
            30.195381
          ],
          [
            -98.331638,
            30.195469
          ],
          [
            -98.331258,
            30.195569
          ],
          [
            -98.331008,
            30.195656
          ],
          [
            -98.330615,
            30.195801
          ],
          [
            -98.330192,
            30.195981
          ],
          [
            -98.326223,
            30.197652
          ],
          [
            -98.325647,
            30.197867
          ],
          [
            -98.32492,
            30.198107
          ],
          [
            -98.324295,
            30.198289
          ],
          [
            -98.323624,
            30.198461
          ],
          [
            -98.323615,
            30.198464
          ],
          [
            -98.319997,
            30.199324
          ],
          [
            -98.319553,
            30.199452
          ],
          [
            -98.319165,
            30.199588
          ],
          [
            -98.318791,
            30.199733
          ],
          [
            -98.318396,
            30.199908
          ],
          [
            -98.318016,
            30.200089
          ],
          [
            -98.31673,
            30.199862
          ],
          [
            -98.316625,
            30.199943
          ],
          [
            -98.316375,
            30.20011
          ],
          [
            -98.316247,
            30.200185
          ],
          [
            -98.316139,
            30.200242
          ],
          [
            -98.316038,
            30.200287
          ],
          [
            -98.315964,
            30.200313
          ],
          [
            -98.315889,
            30.200331
          ],
          [
            -98.315775,
            30.200348
          ],
          [
            -98.315624,
            30.200361
          ],
          [
            -98.315371,
            30.200362
          ],
          [
            -98.315281,
            30.200377
          ],
          [
            -98.315173,
            30.200409
          ],
          [
            -98.315095,
            30.200445
          ],
          [
            -98.315029,
            30.200498
          ],
          [
            -98.314991,
            30.200542
          ],
          [
            -98.314957,
            30.200593
          ],
          [
            -98.314925,
            30.200654
          ],
          [
            -98.314889,
            30.200738
          ],
          [
            -98.314838,
            30.200884
          ],
          [
            -98.314823,
            30.20095
          ],
          [
            -98.314806,
            30.201102
          ],
          [
            -98.314784,
            30.201559
          ],
          [
            -98.314786,
            30.201674
          ],
          [
            -98.314795,
            30.201799
          ],
          [
            -98.314822,
            30.201906
          ],
          [
            -98.31489,
            30.202002
          ],
          [
            -98.312763,
            30.203343
          ],
          [
            -98.310078,
            30.205019
          ],
          [
            -98.309677,
            30.205268
          ],
          [
            -98.307319,
            30.206767
          ],
          [
            -98.307134,
            30.206878
          ],
          [
            -98.306942,
            30.206985
          ],
          [
            -98.306694,
            30.207111
          ],
          [
            -98.306305,
            30.207291
          ],
          [
            -98.305984,
            30.207429
          ],
          [
            -98.305722,
            30.207529
          ],
          [
            -98.305313,
            30.207674
          ],
          [
            -98.305,
            30.207775
          ],
          [
            -98.304647,
            30.207873
          ],
          [
            -98.30425,
            30.207965
          ],
          [
            -98.30386,
            30.208036
          ],
          [
            -98.303463,
            30.208101
          ],
          [
            -98.30173,
            30.208336
          ],
          [
            -98.30015,
            30.208546
          ],
          [
            -98.294698,
            30.209281
          ],
          [
            -98.28549,
            30.210522
          ],
          [
            -98.28513,
            30.210569
          ],
          [
            -98.283046,
            30.210854
          ],
          [
            -98.282137,
            30.210971
          ],
          [
            -98.282063,
            30.210981
          ],
          [
            -98.281715,
            30.211018
          ],
          [
            -98.281302,
            30.211043
          ],
          [
            -98.280841,
            30.211048
          ],
          [
            -98.280408,
            30.211038
          ],
          [
            -98.279808,
            30.210999
          ],
          [
            -98.279424,
            30.210947
          ],
          [
            -98.278957,
            30.210875
          ],
          [
            -98.278466,
            30.210775
          ],
          [
            -98.27806,
            30.210664
          ],
          [
            -98.277712,
            30.210558
          ],
          [
            -98.277304,
            30.210418
          ],
          [
            -98.277005,
            30.210301
          ],
          [
            -98.276739,
            30.210184
          ],
          [
            -98.276408,
            30.210028
          ],
          [
            -98.276047,
            30.209847
          ],
          [
            -98.268849,
            30.206108
          ],
          [
            -98.263588,
            30.20326
          ],
          [
            -98.260132,
            30.201391
          ],
          [
            -98.25946,
            30.201027
          ],
          [
            -98.257924,
            30.200196
          ],
          [
            -98.257506,
            30.199964
          ],
          [
            -98.257174,
            30.199767
          ],
          [
            -98.257121,
            30.199735
          ],
          [
            -98.256691,
            30.199464
          ],
          [
            -98.256318,
            30.199215
          ],
          [
            -98.255843,
            30.198872
          ],
          [
            -98.254565,
            30.197907
          ],
          [
            -98.25336,
            30.196995
          ],
          [
            -98.25311,
            30.196819
          ],
          [
            -98.252681,
            30.196561
          ],
          [
            -98.252255,
            30.196319
          ],
          [
            -98.251895,
            30.196142
          ],
          [
            -98.251599,
            30.196012
          ],
          [
            -98.251274,
            30.195874
          ],
          [
            -98.250928,
            30.195749
          ],
          [
            -98.250504,
            30.195609
          ],
          [
            -98.250055,
            30.195489
          ],
          [
            -98.249639,
            30.195393
          ],
          [
            -98.249095,
            30.195294
          ],
          [
            -98.248577,
            30.195231
          ],
          [
            -98.247997,
            30.195178
          ],
          [
            -98.244365,
            30.194937
          ],
          [
            -98.243704,
            30.194883
          ],
          [
            -98.243105,
            30.194819
          ],
          [
            -98.242746,
            30.194772
          ],
          [
            -98.242347,
            30.194717
          ],
          [
            -98.241727,
            30.194614
          ],
          [
            -98.241438,
            30.194555
          ],
          [
            -98.240391,
            30.194318
          ],
          [
            -98.238888,
            30.193978
          ],
          [
            -98.238296,
            30.193845
          ],
          [
            -98.237067,
            30.193569
          ],
          [
            -98.236764,
            30.1935
          ],
          [
            -98.232968,
            30.192639
          ],
          [
            -98.23157,
            30.192346
          ],
          [
            -98.23102,
            30.192263
          ],
          [
            -98.23047,
            30.192196
          ],
          [
            -98.229779,
            30.192146
          ],
          [
            -98.229208,
            30.192142
          ],
          [
            -98.229102,
            30.192141
          ],
          [
            -98.228628,
            30.19215
          ],
          [
            -98.228182,
            30.192172
          ],
          [
            -98.22651,
            30.192283
          ],
          [
            -98.224619,
            30.192409
          ],
          [
            -98.21818,
            30.192852
          ],
          [
            -98.217526,
            30.192895
          ],
          [
            -98.216836,
            30.192977
          ],
          [
            -98.216237,
            30.193078
          ],
          [
            -98.215652,
            30.193205
          ],
          [
            -98.215082,
            30.193335
          ],
          [
            -98.214357,
            30.193572
          ],
          [
            -98.213918,
            30.193729
          ],
          [
            -98.213511,
            30.193891
          ],
          [
            -98.212049,
            30.194536
          ],
          [
            -98.210963,
            30.195012
          ],
          [
            -98.210819,
            30.195075
          ],
          [
            -98.210474,
            30.195226
          ],
          [
            -98.210198,
            30.195347
          ],
          [
            -98.207625,
            30.196475
          ],
          [
            -98.205398,
            30.197451
          ],
          [
            -98.205205,
            30.197535
          ],
          [
            -98.204044,
            30.198044
          ],
          [
            -98.203632,
            30.198225
          ],
          [
            -98.202918,
            30.198538
          ],
          [
            -98.201604,
            30.199114
          ],
          [
            -98.200322,
            30.19967
          ],
          [
            -98.200102,
            30.199766
          ],
          [
            -98.199659,
            30.199954
          ],
          [
            -98.199314,
            30.200086
          ],
          [
            -98.198954,
            30.200213
          ],
          [
            -98.198476,
            30.200342
          ],
          [
            -98.198046,
            30.20044
          ],
          [
            -98.197998,
            30.200448
          ],
          [
            -98.197661,
            30.200509
          ],
          [
            -98.197273,
            30.200569
          ],
          [
            -98.19697,
            30.2006
          ],
          [
            -98.196775,
            30.200619
          ],
          [
            -98.196629,
            30.200633
          ],
          [
            -98.196069,
            30.200653
          ],
          [
            -98.195492,
            30.200644
          ],
          [
            -98.194691,
            30.2006
          ],
          [
            -98.194682,
            30.2006
          ],
          [
            -98.194171,
            30.200569
          ],
          [
            -98.193704,
            30.200541
          ],
          [
            -98.192502,
            30.20047
          ],
          [
            -98.190534,
            30.200352
          ],
          [
            -98.190258,
            30.200334
          ],
          [
            -98.188896,
            30.200243
          ],
          [
            -98.187935,
            30.200199
          ],
          [
            -98.187686,
            30.200185
          ],
          [
            -98.187379,
            30.200169
          ],
          [
            -98.186925,
            30.200131
          ],
          [
            -98.186406,
            30.200076
          ],
          [
            -98.186059,
            30.200032
          ],
          [
            -98.185693,
            30.19998
          ],
          [
            -98.185357,
            30.199929
          ],
          [
            -98.185006,
            30.199865
          ],
          [
            -98.184574,
            30.199774
          ],
          [
            -98.184259,
            30.199712
          ],
          [
            -98.184215,
            30.199704
          ],
          [
            -98.183842,
            30.199615
          ],
          [
            -98.183418,
            30.199506
          ],
          [
            -98.183366,
            30.19949
          ],
          [
            -98.182984,
            30.199378
          ],
          [
            -98.181955,
            30.199054
          ],
          [
            -98.180222,
            30.198502
          ],
          [
            -98.179762,
            30.198351
          ],
          [
            -98.178159,
            30.197852
          ],
          [
            -98.177872,
            30.197786
          ],
          [
            -98.177612,
            30.197726
          ],
          [
            -98.176935,
            30.197605
          ],
          [
            -98.17654,
            30.197555
          ],
          [
            -98.176111,
            30.197523
          ],
          [
            -98.175604,
            30.197506
          ],
          [
            -98.175164,
            30.197503
          ],
          [
            -98.174599,
            30.197507
          ],
          [
            -98.172038,
            30.197533
          ],
          [
            -98.171463,
            30.197538
          ],
          [
            -98.17066,
            30.197545
          ],
          [
            -98.168801,
            30.197564
          ],
          [
            -98.168348,
            30.197568
          ],
          [
            -98.165312,
            30.197598
          ],
          [
            -98.16528,
            30.197598
          ],
          [
            -98.164784,
            30.197616
          ],
          [
            -98.164384,
            30.19765
          ],
          [
            -98.164014,
            30.197698
          ],
          [
            -98.163685,
            30.197749
          ],
          [
            -98.163416,
            30.1978
          ],
          [
            -98.163183,
            30.197852
          ],
          [
            -98.162921,
            30.197916
          ],
          [
            -98.162736,
            30.197967
          ],
          [
            -98.162708,
            30.197974
          ],
          [
            -98.162337,
            30.198087
          ],
          [
            -98.162034,
            30.198183
          ],
          [
            -98.161682,
            30.198312
          ],
          [
            -98.161364,
            30.198447
          ],
          [
            -98.161316,
            30.198468
          ],
          [
            -98.16113,
            30.198546
          ],
          [
            -98.16093,
            30.198625
          ],
          [
            -98.160763,
            30.198694
          ],
          [
            -98.158799,
            30.199561
          ],
          [
            -98.156506,
            30.200551
          ],
          [
            -98.155174,
            30.201131
          ],
          [
            -98.154869,
            30.201274
          ],
          [
            -98.154558,
            30.201438
          ],
          [
            -98.154225,
            30.201634
          ],
          [
            -98.153888,
            30.201853
          ],
          [
            -98.153502,
            30.20213
          ],
          [
            -98.153291,
            30.202291
          ],
          [
            -98.152893,
            30.202598
          ],
          [
            -98.151345,
            30.203788
          ],
          [
            -98.151043,
            30.204014
          ],
          [
            -98.150739,
            30.204216
          ],
          [
            -98.150707,
            30.204238
          ],
          [
            -98.150263,
            30.204504
          ],
          [
            -98.149934,
            30.204671
          ],
          [
            -98.149526,
            30.204855
          ],
          [
            -98.149199,
            30.204989
          ],
          [
            -98.148915,
            30.205095
          ],
          [
            -98.148656,
            30.205183
          ],
          [
            -98.148533,
            30.205225
          ],
          [
            -98.148203,
            30.205316
          ],
          [
            -98.147653,
            30.205463
          ],
          [
            -98.143813,
            30.206493
          ],
          [
            -98.143439,
            30.206573
          ],
          [
            -98.14299,
            30.206642
          ],
          [
            -98.142421,
            30.206699
          ],
          [
            -98.14193,
            30.206735
          ],
          [
            -98.141587,
            30.206741
          ],
          [
            -98.141269,
            30.206734
          ],
          [
            -98.140965,
            30.206719
          ],
          [
            -98.140833,
            30.206709
          ],
          [
            -98.140673,
            30.206697
          ],
          [
            -98.140383,
            30.206658
          ],
          [
            -98.140036,
            30.206612
          ],
          [
            -98.139676,
            30.206551
          ],
          [
            -98.139366,
            30.206479
          ],
          [
            -98.13904,
            30.206401
          ],
          [
            -98.137772,
            30.206045
          ],
          [
            -98.137583,
            30.205992
          ],
          [
            -98.137154,
            30.205871
          ],
          [
            -98.136839,
            30.205789
          ],
          [
            -98.136539,
            30.205723
          ],
          [
            -98.136375,
            30.205696
          ],
          [
            -98.136285,
            30.205681
          ],
          [
            -98.136176,
            30.205663
          ],
          [
            -98.136114,
            30.205655
          ],
          [
            -98.135671,
            30.205598
          ],
          [
            -98.135568,
            30.205592
          ],
          [
            -98.135292,
            30.205573
          ],
          [
            -98.134965,
            30.205566
          ],
          [
            -98.134568,
            30.205576
          ],
          [
            -98.134091,
            30.205599
          ],
          [
            -98.133314,
            30.205639
          ],
          [
            -98.133184,
            30.205646
          ],
          [
            -98.132252,
            30.205693
          ],
          [
            -98.131777,
            30.205718
          ],
          [
            -98.130814,
            30.205764
          ],
          [
            -98.130079,
            30.205799
          ],
          [
            -98.12952,
            30.205825
          ],
          [
            -98.129022,
            30.20585
          ],
          [
            -98.128438,
            30.205858
          ],
          [
            -98.128352,
            30.205856
          ],
          [
            -98.127843,
            30.205848
          ],
          [
            -98.127446,
            30.205825
          ],
          [
            -98.12696,
            30.205797
          ],
          [
            -98.12683,
            30.205787
          ],
          [
            -98.126474,
            30.205763
          ],
          [
            -98.126335,
            30.205748
          ],
          [
            -98.125872,
            30.205699
          ],
          [
            -98.125549,
            30.205658
          ],
          [
            -98.125357,
            30.205633
          ],
          [
            -98.125218,
            30.205615
          ],
          [
            -98.125174,
            30.205609
          ],
          [
            -98.124888,
            30.205572
          ],
          [
            -98.124683,
            30.205544
          ],
          [
            -98.124489,
            30.205517
          ],
          [
            -98.124168,
            30.205474
          ],
          [
            -98.123259,
            30.20535
          ],
          [
            -98.123041,
            30.20532
          ],
          [
            -98.122614,
            30.205262
          ],
          [
            -98.120876,
            30.205045
          ],
          [
            -98.120196,
            30.204949
          ],
          [
            -98.119367,
            30.204833
          ],
          [
            -98.118914,
            30.204769
          ],
          [
            -98.11828,
            30.204673
          ],
          [
            -98.1176,
            30.204538
          ],
          [
            -98.117521,
            30.204518
          ],
          [
            -98.117078,
            30.204404
          ],
          [
            -98.116555,
            30.204252
          ],
          [
            -98.116131,
            30.204106
          ],
          [
            -98.115813,
            30.203989
          ],
          [
            -98.115726,
            30.203957
          ],
          [
            -98.115313,
            30.203787
          ],
          [
            -98.114919,
            30.203612
          ],
          [
            -98.114373,
            30.203339
          ],
          [
            -98.113853,
            30.20306
          ],
          [
            -98.112409,
            30.202297
          ],
          [
            -98.112246,
            30.202207
          ],
          [
            -98.111767,
            30.201947
          ],
          [
            -98.111417,
            30.201751
          ],
          [
            -98.111261,
            30.201664
          ],
          [
            -98.110794,
            30.201372
          ],
          [
            -98.110485,
            30.201161
          ],
          [
            -98.110193,
            30.200946
          ],
          [
            -98.109982,
            30.200785
          ],
          [
            -98.109921,
            30.200736
          ],
          [
            -98.109779,
            30.200622
          ],
          [
            -98.109708,
            30.200561
          ],
          [
            -98.109516,
            30.200398
          ],
          [
            -98.10916,
            30.200095
          ],
          [
            -98.108765,
            30.199758
          ],
          [
            -98.108601,
            30.199618
          ],
          [
            -98.108532,
            30.19956
          ],
          [
            -98.108458,
            30.199501
          ],
          [
            -98.108382,
            30.199436
          ],
          [
            -98.108255,
            30.199327
          ],
          [
            -98.108057,
            30.199143
          ],
          [
            -98.107923,
            30.199029
          ],
          [
            -98.107395,
            30.198581
          ],
          [
            -98.106987,
            30.198234
          ],
          [
            -98.106939,
            30.198193
          ],
          [
            -98.106691,
            30.197978
          ],
          [
            -98.106564,
            30.197869
          ],
          [
            -98.106337,
            30.197675
          ],
          [
            -98.105838,
            30.197249
          ],
          [
            -98.105442,
            30.196911
          ],
          [
            -98.105398,
            30.196875
          ],
          [
            -98.105344,
            30.196831
          ],
          [
            -98.10407,
            30.195784
          ],
          [
            -98.103995,
            30.195731
          ],
          [
            -98.103855,
            30.195633
          ],
          [
            -98.103697,
            30.195527
          ],
          [
            -98.103391,
            30.195322
          ],
          [
            -98.103111,
            30.195137
          ],
          [
            -98.102677,
            30.194861
          ],
          [
            -98.101955,
            30.194444
          ],
          [
            -98.100102,
            30.193409
          ],
          [
            -98.099588,
            30.193149
          ],
          [
            -98.09932,
            30.193036
          ],
          [
            -98.099022,
            30.192909
          ],
          [
            -98.098879,
            30.19285
          ],
          [
            -98.098672,
            30.192764
          ],
          [
            -98.09829,
            30.192626
          ],
          [
            -98.097975,
            30.192526
          ],
          [
            -98.097804,
            30.192472
          ],
          [
            -98.097673,
            30.192431
          ],
          [
            -98.097533,
            30.192386
          ],
          [
            -98.097423,
            30.192357
          ],
          [
            -98.097228,
            30.192305
          ],
          [
            -98.09703,
            30.192258
          ],
          [
            -98.096925,
            30.192233
          ],
          [
            -98.096808,
            30.19221
          ],
          [
            -98.096637,
            30.192175
          ],
          [
            -98.096442,
            30.192135
          ],
          [
            -98.096059,
            30.192058
          ],
          [
            -98.096019,
            30.19205
          ],
          [
            -98.095974,
            30.192041
          ],
          [
            -98.09545,
            30.191936
          ],
          [
            -98.094913,
            30.191838
          ],
          [
            -98.094358,
            30.191745
          ],
          [
            -98.09421,
            30.191725
          ],
          [
            -98.093945,
            30.191685
          ],
          [
            -98.093679,
            30.191653
          ],
          [
            -98.092932,
            30.191582
          ],
          [
            -98.092185,
            30.191533
          ],
          [
            -98.091481,
            30.191515
          ],
          [
            -98.091291,
            30.191511
          ],
          [
            -98.091139,
            30.191512
          ],
          [
            -98.090854,
            30.191515
          ],
          [
            -98.090104,
            30.191521
          ],
          [
            -98.089743,
            30.191524
          ],
          [
            -98.089428,
            30.191527
          ],
          [
            -98.088961,
            30.191531
          ],
          [
            -98.088616,
            30.191534
          ],
          [
            -98.087661,
            30.191539
          ],
          [
            -98.087495,
            30.19154
          ],
          [
            -98.087497,
            30.191389
          ],
          [
            -98.087505,
            30.190887
          ],
          [
            -98.087508,
            30.190694
          ],
          [
            -98.087485,
            30.190105
          ],
          [
            -98.08748,
            30.190051
          ],
          [
            -98.087463,
            30.189866
          ],
          [
            -98.087409,
            30.189615
          ],
          [
            -98.087332,
            30.189395
          ],
          [
            -98.087294,
            30.189314
          ],
          [
            -98.087252,
            30.189232
          ],
          [
            -98.087066,
            30.188741
          ],
          [
            -98.087012,
            30.18843
          ],
          [
            -98.087005,
            30.18827
          ],
          [
            -98.087019,
            30.188084
          ],
          [
            -98.087033,
            30.187936
          ],
          [
            -98.087096,
            30.187281
          ],
          [
            -98.087091,
            30.187169
          ],
          [
            -98.087089,
            30.187122
          ],
          [
            -98.087066,
            30.186962
          ],
          [
            -98.08703,
            30.186829
          ],
          [
            -98.086982,
            30.186653
          ],
          [
            -98.086906,
            30.186454
          ],
          [
            -98.086677,
            30.185829
          ],
          [
            -98.086549,
            30.185478
          ],
          [
            -98.086462,
            30.185254
          ],
          [
            -98.086442,
            30.185202
          ],
          [
            -98.086215,
            30.184614
          ],
          [
            -98.086036,
            30.18415
          ],
          [
            -98.085944,
            30.183913
          ],
          [
            -98.085918,
            30.183848
          ],
          [
            -98.085898,
            30.1838
          ],
          [
            -98.085869,
            30.183736
          ],
          [
            -98.085759,
            30.183478
          ],
          [
            -98.085638,
            30.183262
          ],
          [
            -98.08548,
            30.183005
          ],
          [
            -98.08538,
            30.182862
          ],
          [
            -98.085182,
            30.182607
          ],
          [
            -98.085023,
            30.182416
          ],
          [
            -98.084696,
            30.182025
          ],
          [
            -98.08451,
            30.181803
          ],
          [
            -98.084312,
            30.181482
          ],
          [
            -98.084222,
            30.181218
          ],
          [
            -98.084216,
            30.181201
          ],
          [
            -98.08419,
            30.181124
          ],
          [
            -98.084175,
            30.180962
          ],
          [
            -98.084174,
            30.1808
          ],
          [
            -98.084208,
            30.180511
          ],
          [
            -98.084212,
            30.180473
          ],
          [
            -98.084251,
            30.180313
          ],
          [
            -98.084261,
            30.180279
          ],
          [
            -98.084297,
            30.180157
          ],
          [
            -98.084573,
            30.179513
          ],
          [
            -98.084618,
            30.179387
          ],
          [
            -98.084823,
            30.178808
          ],
          [
            -98.08494,
            30.178465
          ],
          [
            -98.084979,
            30.178322
          ],
          [
            -98.08506,
            30.17802
          ],
          [
            -98.085113,
            30.177767
          ],
          [
            -98.085128,
            30.177696
          ],
          [
            -98.085132,
            30.17766
          ],
          [
            -98.085139,
            30.177589
          ],
          [
            -98.08522,
            30.176493
          ],
          [
            -98.085249,
            30.176027
          ],
          [
            -98.085262,
            30.175608
          ],
          [
            -98.085281,
            30.175365
          ],
          [
            -98.085335,
            30.174853
          ],
          [
            -98.085399,
            30.174233
          ],
          [
            -98.085403,
            30.174181
          ],
          [
            -98.085469,
            30.173439
          ],
          [
            -98.085502,
            30.173173
          ],
          [
            -98.085581,
            30.172824
          ],
          [
            -98.08565,
            30.172517
          ],
          [
            -98.08569,
            30.172306
          ],
          [
            -98.085753,
            30.171931
          ],
          [
            -98.085791,
            30.17173
          ],
          [
            -98.085823,
            30.171615
          ],
          [
            -98.085856,
            30.171495
          ],
          [
            -98.085943,
            30.171243
          ],
          [
            -98.085997,
            30.171118
          ],
          [
            -98.086053,
            30.170987
          ],
          [
            -98.086105,
            30.170881
          ],
          [
            -98.086274,
            30.170569
          ],
          [
            -98.086469,
            30.17021
          ],
          [
            -98.086548,
            30.17002
          ],
          [
            -98.086661,
            30.169749
          ],
          [
            -98.086722,
            30.169458
          ],
          [
            -98.08673,
            30.169312
          ],
          [
            -98.086733,
            30.16911
          ],
          [
            -98.086734,
            30.16904
          ],
          [
            -98.086737,
            30.168834
          ],
          [
            -98.086768,
            30.168405
          ],
          [
            -98.086837,
            30.168078
          ],
          [
            -98.086995,
            30.16767
          ],
          [
            -98.087043,
            30.167571
          ],
          [
            -98.087189,
            30.167284
          ],
          [
            -98.087464,
            30.166898
          ],
          [
            -98.087704,
            30.166581
          ],
          [
            -98.087905,
            30.166334
          ],
          [
            -98.087971,
            30.166252
          ],
          [
            -98.088562,
            30.165628
          ],
          [
            -98.089262,
            30.164977
          ],
          [
            -98.089409,
            30.164841
          ],
          [
            -98.089937,
            30.164324
          ],
          [
            -98.090109,
            30.164153
          ],
          [
            -98.090345,
            30.163916
          ],
          [
            -98.090644,
            30.163617
          ],
          [
            -98.090949,
            30.163192
          ],
          [
            -98.091147,
            30.162792
          ],
          [
            -98.091285,
            30.16234
          ],
          [
            -98.091344,
            30.161699
          ],
          [
            -98.091343,
            30.161046
          ],
          [
            -98.091312,
            30.160422
          ],
          [
            -98.091271,
            30.1596
          ],
          [
            -98.091223,
            30.158642
          ],
          [
            -98.091211,
            30.158368
          ],
          [
            -98.091178,
            30.157802
          ],
          [
            -98.091118,
            30.157386
          ],
          [
            -98.09102,
            30.156957
          ],
          [
            -98.090903,
            30.156604
          ],
          [
            -98.090694,
            30.156165
          ],
          [
            -98.090281,
            30.155357
          ],
          [
            -98.090069,
            30.154792
          ],
          [
            -98.090008,
            30.154379
          ],
          [
            -98.090031,
            30.154002
          ],
          [
            -98.090089,
            30.153742
          ],
          [
            -98.090103,
            30.153678
          ],
          [
            -98.090576,
            30.152368
          ],
          [
            -98.090607,
            30.152282
          ],
          [
            -98.090893,
            30.151507
          ],
          [
            -98.090906,
            30.151472
          ],
          [
            -98.090956,
            30.151338
          ],
          [
            -98.090962,
            30.151327
          ],
          [
            -98.091147,
            30.150975
          ],
          [
            -98.091293,
            30.150697
          ],
          [
            -98.091514,
            30.150295
          ],
          [
            -98.091602,
            30.150046
          ],
          [
            -98.09162,
            30.149996
          ],
          [
            -98.091651,
            30.14952
          ],
          [
            -98.091582,
            30.149198
          ],
          [
            -98.091399,
            30.148803
          ],
          [
            -98.090843,
            30.147791
          ],
          [
            -98.090547,
            30.147208
          ],
          [
            -98.090148,
            30.146361
          ],
          [
            -98.090044,
            30.146113
          ],
          [
            -98.089853,
            30.145612
          ],
          [
            -98.089812,
            30.145493
          ],
          [
            -98.089728,
            30.145214
          ],
          [
            -98.08972,
            30.145187
          ],
          [
            -98.089431,
            30.144162
          ],
          [
            -98.089206,
            30.143378
          ],
          [
            -98.088759,
            30.14182
          ],
          [
            -98.088626,
            30.141315
          ],
          [
            -98.088579,
            30.141135
          ],
          [
            -98.088416,
            30.140562
          ],
          [
            -98.088231,
            30.139891
          ],
          [
            -98.088143,
            30.13954
          ],
          [
            -98.088065,
            30.139099
          ],
          [
            -98.088011,
            30.138664
          ],
          [
            -98.087996,
            30.138224
          ],
          [
            -98.087996,
            30.137784
          ],
          [
            -98.087998,
            30.137705
          ],
          [
            -98.088001,
            30.137562
          ],
          [
            -98.088004,
            30.137457
          ],
          [
            -98.088019,
            30.13724
          ],
          [
            -98.088084,
            30.136705
          ],
          [
            -98.088104,
            30.136531
          ],
          [
            -98.088153,
            30.136215
          ],
          [
            -98.088177,
            30.136086
          ],
          [
            -98.088301,
            30.13557
          ],
          [
            -98.088343,
            30.135447
          ],
          [
            -98.088594,
            30.134698
          ],
          [
            -98.088767,
            30.134281
          ],
          [
            -98.088979,
            30.133864
          ],
          [
            -98.089247,
            30.133286
          ],
          [
            -98.089298,
            30.133146
          ],
          [
            -98.08937,
            30.132926
          ],
          [
            -98.089426,
            30.132756
          ],
          [
            -98.089776,
            30.131546
          ],
          [
            -98.089864,
            30.131241
          ],
          [
            -98.089995,
            30.130822
          ],
          [
            -98.090041,
            30.130349
          ],
          [
            -98.090038,
            30.130265
          ],
          [
            -98.090031,
            30.130085
          ],
          [
            -98.089995,
            30.129829
          ],
          [
            -98.089911,
            30.129625
          ],
          [
            -98.089812,
            30.129369
          ],
          [
            -98.089789,
            30.129311
          ],
          [
            -98.089743,
            30.129206
          ],
          [
            -98.089684,
            30.128995
          ],
          [
            -98.089598,
            30.128691
          ],
          [
            -98.089515,
            30.128159
          ],
          [
            -98.08951,
            30.127891
          ],
          [
            -98.089507,
            30.127739
          ],
          [
            -98.089511,
            30.127676
          ],
          [
            -98.089515,
            30.127617
          ],
          [
            -98.089547,
            30.127106
          ],
          [
            -98.089598,
            30.126295
          ],
          [
            -98.089614,
            30.126037
          ],
          [
            -98.089598,
            30.125652
          ],
          [
            -98.089536,
            30.125272
          ],
          [
            -98.089453,
            30.124901
          ],
          [
            -98.0894,
            30.124584
          ],
          [
            -98.089362,
            30.12421
          ],
          [
            -98.089354,
            30.123706
          ],
          [
            -98.089209,
            30.122809
          ],
          [
            -98.088933,
            30.122225
          ],
          [
            -98.088835,
            30.122017
          ],
          [
            -98.088767,
            30.121874
          ],
          [
            -98.08869,
            30.121673
          ],
          [
            -98.088545,
            30.121163
          ],
          [
            -98.088462,
            30.120802
          ],
          [
            -98.088441,
            30.120681
          ],
          [
            -98.088384,
            30.120224
          ],
          [
            -98.08834,
            30.119651
          ],
          [
            -98.088331,
            30.119536
          ],
          [
            -98.088322,
            30.119345
          ],
          [
            -98.088313,
            30.119178
          ],
          [
            -98.088286,
            30.118618
          ],
          [
            -98.088309,
            30.117983
          ],
          [
            -98.088355,
            30.117722
          ],
          [
            -98.088457,
            30.117332
          ],
          [
            -98.088805,
            30.116237
          ],
          [
            -98.088904,
            30.115872
          ],
          [
            -98.089035,
            30.115224
          ],
          [
            -98.089155,
            30.114689
          ],
          [
            -98.089195,
            30.114539
          ],
          [
            -98.08924,
            30.114373
          ],
          [
            -98.089468,
            30.113759
          ],
          [
            -98.090116,
            30.112363
          ],
          [
            -98.090888,
            30.110722
          ],
          [
            -98.0911,
            30.110272
          ],
          [
            -98.091159,
            30.110118
          ],
          [
            -98.091653,
            30.108954
          ],
          [
            -98.091919,
            30.108271
          ],
          [
            -98.092115,
            30.107751
          ],
          [
            -98.092257,
            30.10734
          ],
          [
            -98.092339,
            30.107115
          ],
          [
            -98.092501,
            30.106808
          ],
          [
            -98.09281,
            30.106291
          ],
          [
            -98.093544,
            30.105469
          ],
          [
            -98.093928,
            30.104921
          ],
          [
            -98.094714,
            30.103911
          ],
          [
            -98.09515,
            30.103414
          ],
          [
            -98.095536,
            30.102958
          ],
          [
            -98.095613,
            30.10283
          ],
          [
            -98.095739,
            30.102618
          ],
          [
            -98.095915,
            30.102214
          ],
          [
            -98.095995,
            30.102041
          ],
          [
            -98.096253,
            30.101283
          ],
          [
            -98.096369,
            30.100952
          ],
          [
            -98.096491,
            30.100577
          ],
          [
            -98.096586,
            30.100215
          ],
          [
            -98.096663,
            30.099773
          ],
          [
            -98.096684,
            30.099478
          ],
          [
            -98.096671,
            30.099212
          ],
          [
            -98.096612,
            30.098938
          ],
          [
            -98.096501,
            30.09865
          ],
          [
            -98.096299,
            30.098152
          ],
          [
            -98.096172,
            30.097839
          ],
          [
            -98.096101,
            30.097614
          ],
          [
            -98.096077,
            30.097459
          ],
          [
            -98.096065,
            30.097279
          ],
          [
            -98.096074,
            30.097093
          ],
          [
            -98.096105,
            30.096934
          ],
          [
            -98.096157,
            30.096731
          ],
          [
            -98.096372,
            30.096141
          ],
          [
            -98.096826,
            30.095021
          ],
          [
            -98.097372,
            30.093757
          ],
          [
            -98.097839,
            30.092734
          ],
          [
            -98.098064,
            30.092225
          ],
          [
            -98.098351,
            30.091496
          ],
          [
            -98.098468,
            30.091215
          ],
          [
            -98.098552,
            30.091019
          ],
          [
            -98.098692,
            30.090774
          ],
          [
            -98.098925,
            30.090428
          ],
          [
            -98.099413,
            30.089797
          ],
          [
            -98.099561,
            30.089582
          ],
          [
            -98.099703,
            30.089303
          ],
          [
            -98.099826,
            30.089021
          ],
          [
            -98.100443,
            30.087301
          ],
          [
            -98.10055,
            30.086916
          ],
          [
            -98.100595,
            30.08669
          ],
          [
            -98.100592,
            30.086371
          ],
          [
            -98.100575,
            30.086242
          ],
          [
            -98.100516,
            30.085796
          ],
          [
            -98.100409,
            30.08532
          ],
          [
            -98.100302,
            30.084777
          ],
          [
            -98.10021,
            30.084254
          ],
          [
            -98.100172,
            30.084009
          ],
          [
            -98.100043,
            30.083562
          ],
          [
            -98.100027,
            30.083505
          ],
          [
            -98.099814,
            30.083042
          ],
          [
            -98.098889,
            30.081511
          ],
          [
            -98.098636,
            30.081093
          ],
          [
            -98.098593,
            30.081021
          ],
          [
            -98.098126,
            30.08027
          ],
          [
            -98.09794,
            30.079952
          ],
          [
            -98.09764,
            30.079452
          ],
          [
            -98.09738,
            30.079044
          ],
          [
            -98.097182,
            30.078776
          ],
          [
            -98.097013,
            30.078653
          ],
          [
            -98.096911,
            30.078562
          ],
          [
            -98.096858,
            30.078514
          ],
          [
            -98.096594,
            30.078277
          ],
          [
            -98.096334,
            30.078052
          ],
          [
            -98.095765,
            30.077588
          ],
          [
            -98.095212,
            30.077205
          ],
          [
            -98.094828,
            30.076942
          ],
          [
            -98.094373,
            30.076553
          ],
          [
            -98.093993,
            30.076131
          ],
          [
            -98.093451,
            30.075489
          ],
          [
            -98.093031,
            30.075046
          ],
          [
            -98.092802,
            30.07488
          ],
          [
            -98.09223,
            30.074519
          ],
          [
            -98.091871,
            30.074241
          ],
          [
            -98.091711,
            30.07407
          ],
          [
            -98.091482,
            30.073595
          ],
          [
            -98.09136,
            30.073163
          ],
          [
            -98.091276,
            30.072684
          ],
          [
            -98.091139,
            30.072185
          ],
          [
            -98.09107,
            30.071959
          ],
          [
            -98.090848,
            30.071341
          ],
          [
            -98.090643,
            30.070752
          ],
          [
            -98.090552,
            30.070512
          ],
          [
            -98.090422,
            30.070126
          ],
          [
            -98.090246,
            30.06958
          ],
          [
            -98.090276,
            30.069121
          ],
          [
            -98.09033,
            30.068904
          ],
          [
            -98.090536,
            30.068532
          ],
          [
            -98.091171,
            30.067472
          ],
          [
            -98.091382,
            30.067121
          ],
          [
            -98.091458,
            30.066988
          ],
          [
            -98.09152,
            30.06688
          ],
          [
            -98.091649,
            30.066665
          ],
          [
            -98.091698,
            30.066583
          ],
          [
            -98.091848,
            30.066333
          ],
          [
            -98.092138,
            30.065859
          ],
          [
            -98.092535,
            30.065163
          ],
          [
            -98.092718,
            30.064656
          ],
          [
            -98.092726,
            30.064139
          ],
          [
            -98.092672,
            30.063643
          ],
          [
            -98.092614,
            30.063194
          ],
          [
            -98.092443,
            30.062127
          ],
          [
            -98.092389,
            30.061799
          ],
          [
            -98.092321,
            30.061458
          ],
          [
            -98.092132,
            30.060848
          ],
          [
            -98.092122,
            30.060818
          ],
          [
            -98.091924,
            30.060325
          ],
          [
            -98.091696,
            30.059842
          ],
          [
            -98.091596,
            30.059619
          ],
          [
            -98.091398,
            30.059078
          ],
          [
            -98.091352,
            30.05858
          ],
          [
            -98.091382,
            30.058388
          ],
          [
            -98.091428,
            30.058091
          ],
          [
            -98.091496,
            30.057923
          ],
          [
            -98.091619,
            30.05762
          ],
          [
            -98.091864,
            30.057132
          ],
          [
            -98.091985,
            30.056882
          ],
          [
            -98.092483,
            30.055985
          ],
          [
            -98.092516,
            30.055941
          ],
          [
            -98.092952,
            30.055304
          ],
          [
            -98.094127,
            30.053857
          ],
          [
            -98.094744,
            30.053087
          ],
          [
            -98.094909,
            30.052875
          ],
          [
            -98.095137,
            30.052551
          ],
          [
            -98.096022,
            30.051381
          ],
          [
            -98.096758,
            30.050458
          ],
          [
            -98.096813,
            30.050395
          ],
          [
            -98.097198,
            30.049886
          ],
          [
            -98.09749,
            30.049461
          ],
          [
            -98.097608,
            30.049297
          ],
          [
            -98.097781,
            30.049074
          ],
          [
            -98.098046,
            30.048795
          ],
          [
            -98.098531,
            30.048417
          ],
          [
            -98.098857,
            30.048205
          ],
          [
            -98.099314,
            30.047879
          ],
          [
            -98.099768,
            30.047522
          ],
          [
            -98.09998,
            30.047364
          ],
          [
            -98.101647,
            30.046079
          ],
          [
            -98.102056,
            30.045648
          ],
          [
            -98.102316,
            30.045243
          ],
          [
            -98.102361,
            30.045147
          ],
          [
            -98.102514,
            30.044826
          ],
          [
            -98.102661,
            30.044512
          ],
          [
            -98.102713,
            30.044382
          ],
          [
            -98.102827,
            30.044094
          ],
          [
            -98.103155,
            30.04331
          ],
          [
            -98.103361,
            30.042783
          ],
          [
            -98.103468,
            30.042264
          ],
          [
            -98.103479,
            30.042204
          ],
          [
            -98.103529,
            30.041916
          ],
          [
            -98.10359,
            30.041437
          ],
          [
            -98.103584,
            30.041265
          ],
          [
            -98.103574,
            30.040951
          ],
          [
            -98.103506,
            30.040701
          ],
          [
            -98.103443,
            30.040471
          ],
          [
            -98.103304,
            30.040034
          ],
          [
            -98.103025,
            30.039154
          ],
          [
            -98.10293,
            30.03878
          ],
          [
            -98.102911,
            30.038705
          ],
          [
            -98.102832,
            30.038461
          ],
          [
            -98.102758,
            30.038234
          ],
          [
            -98.102644,
            30.037837
          ],
          [
            -98.102537,
            30.037487
          ],
          [
            -98.102368,
            30.03691
          ],
          [
            -98.102354,
            30.03687
          ],
          [
            -98.10214,
            30.036283
          ],
          [
            -98.102024,
            30.036065
          ],
          [
            -98.101899,
            30.035831
          ],
          [
            -98.101849,
            30.035736
          ],
          [
            -98.101781,
            30.035604
          ],
          [
            -98.101638,
            30.03535
          ],
          [
            -98.101555,
            30.035214
          ],
          [
            -98.101436,
            30.034997
          ],
          [
            -98.10143,
            30.034986
          ],
          [
            -98.101291,
            30.034668
          ],
          [
            -98.101257,
            30.034559
          ],
          [
            -98.101235,
            30.034384
          ],
          [
            -98.101241,
            30.034131
          ],
          [
            -98.101357,
            30.03348
          ],
          [
            -98.101397,
            30.033154
          ],
          [
            -98.101428,
            30.032703
          ],
          [
            -98.101424,
            30.032424
          ],
          [
            -98.101412,
            30.03197
          ],
          [
            -98.101396,
            30.031071
          ],
          [
            -98.101384,
            30.030426
          ],
          [
            -98.101383,
            30.030373
          ],
          [
            -98.101352,
            30.028629
          ],
          [
            -98.101369,
            30.027731
          ],
          [
            -98.101381,
            30.027224
          ],
          [
            -98.101381,
            30.027138
          ],
          [
            -98.101417,
            30.026208
          ],
          [
            -98.101416,
            30.025919
          ],
          [
            -98.101414,
            30.025518
          ],
          [
            -98.101445,
            30.024918
          ],
          [
            -98.101469,
            30.024478
          ],
          [
            -98.101531,
            30.024028
          ],
          [
            -98.101552,
            30.023936
          ],
          [
            -98.101586,
            30.023751
          ],
          [
            -98.101676,
            30.023281
          ],
          [
            -98.101771,
            30.022841
          ],
          [
            -98.102041,
            30.021699
          ],
          [
            -98.102069,
            30.021576
          ],
          [
            -98.102111,
            30.021389
          ],
          [
            -98.102173,
            30.021123
          ],
          [
            -98.102332,
            30.020431
          ],
          [
            -98.102539,
            30.019529
          ],
          [
            -98.102661,
            30.019017
          ],
          [
            -98.102731,
            30.018694
          ],
          [
            -98.102765,
            30.018561
          ],
          [
            -98.102846,
            30.018208
          ],
          [
            -98.103073,
            30.017252
          ],
          [
            -98.103099,
            30.017115
          ],
          [
            -98.103228,
            30.016496
          ],
          [
            -98.103327,
            30.016022
          ],
          [
            -98.103511,
            30.015164
          ],
          [
            -98.103652,
            30.01447
          ],
          [
            -98.103775,
            30.013921
          ],
          [
            -98.103882,
            30.013417
          ],
          [
            -98.10395,
            30.013177
          ],
          [
            -98.10403,
            30.01274
          ],
          [
            -98.104137,
            30.012171
          ],
          [
            -98.104184,
            30.011931
          ],
          [
            -98.10424,
            30.011563
          ],
          [
            -98.104234,
            30.011282
          ],
          [
            -98.104207,
            30.011067
          ],
          [
            -98.104128,
            30.010672
          ],
          [
            -98.103831,
            30.009992
          ],
          [
            -98.103826,
            30.009981
          ],
          [
            -98.103684,
            30.009624
          ],
          [
            -98.103513,
            30.009195
          ],
          [
            -98.103453,
            30.009063
          ],
          [
            -98.103421,
            30.008991
          ],
          [
            -98.103253,
            30.00858
          ],
          [
            -98.103086,
            30.008045
          ],
          [
            -98.102958,
            30.007524
          ],
          [
            -98.1028,
            30.006882
          ],
          [
            -98.102717,
            30.006541
          ],
          [
            -98.102634,
            30.006166
          ],
          [
            -98.102615,
            30.006081
          ],
          [
            -98.102572,
            30.005851
          ],
          [
            -98.10254,
            30.00561
          ],
          [
            -98.102529,
            30.005494
          ],
          [
            -98.102508,
            30.005059
          ],
          [
            -98.102504,
            30.004915
          ],
          [
            -98.102495,
            30.004796
          ],
          [
            -98.102476,
            30.004576
          ],
          [
            -98.102445,
            30.004354
          ],
          [
            -98.102429,
            30.004241
          ],
          [
            -98.102334,
            30.003852
          ],
          [
            -98.102323,
            30.003806
          ],
          [
            -98.102269,
            30.003636
          ],
          [
            -98.102212,
            30.00342
          ],
          [
            -98.102157,
            30.003208
          ],
          [
            -98.10212,
            30.003077
          ],
          [
            -98.102076,
            30.002923
          ],
          [
            -98.102021,
            30.002743
          ],
          [
            -98.101999,
            30.002671
          ],
          [
            -98.10194,
            30.002443
          ],
          [
            -98.10189,
            30.00225
          ],
          [
            -98.101833,
            30.001994
          ],
          [
            -98.101777,
            30.001749
          ],
          [
            -98.101741,
            30.001549
          ],
          [
            -98.10171,
            30.001402
          ],
          [
            -98.101655,
            30.00109
          ],
          [
            -98.101561,
            30.000546
          ],
          [
            -98.101557,
            30.000492
          ],
          [
            -98.101544,
            30.000415
          ],
          [
            -98.101489,
            30.000115
          ],
          [
            -98.101452,
            29.999913
          ],
          [
            -98.101437,
            29.999831
          ],
          [
            -98.101392,
            29.99972
          ],
          [
            -98.101337,
            29.999583
          ],
          [
            -98.101303,
            29.999513
          ],
          [
            -98.101224,
            29.999354
          ],
          [
            -98.101107,
            29.999211
          ],
          [
            -98.101064,
            29.999158
          ],
          [
            -98.101026,
            29.999115
          ],
          [
            -98.100965,
            29.999047
          ],
          [
            -98.100654,
            29.998801
          ],
          [
            -98.100497,
            29.998675
          ],
          [
            -98.100386,
            29.998589
          ],
          [
            -98.100324,
            29.99854
          ],
          [
            -98.100042,
            29.998334
          ],
          [
            -98.100024,
            29.998321
          ],
          [
            -98.099931,
            29.998257
          ],
          [
            -98.099262,
            29.997843
          ],
          [
            -98.099172,
            29.997787
          ],
          [
            -98.099039,
            29.99771
          ],
          [
            -98.098921,
            29.997632
          ],
          [
            -98.098854,
            29.99759
          ],
          [
            -98.098636,
            29.997456
          ],
          [
            -98.098475,
            29.997356
          ],
          [
            -98.098286,
            29.997239
          ],
          [
            -98.098,
            29.997062
          ],
          [
            -98.097771,
            29.996934
          ],
          [
            -98.097242,
            29.996649
          ],
          [
            -98.097123,
            29.99658
          ],
          [
            -98.097064,
            29.996546
          ],
          [
            -98.096925,
            29.996438
          ],
          [
            -98.096757,
            29.996309
          ],
          [
            -98.096677,
            29.996279
          ],
          [
            -98.096602,
            29.996274
          ],
          [
            -98.096586,
            29.996276
          ],
          [
            -98.096509,
            29.996286
          ],
          [
            -98.096351,
            29.996328
          ],
          [
            -98.096205,
            29.996379
          ],
          [
            -98.095998,
            29.99635
          ],
          [
            -98.09542,
            29.996165
          ],
          [
            -98.095293,
            29.996124
          ],
          [
            -98.095098,
            29.996062
          ],
          [
            -98.094906,
            29.996
          ],
          [
            -98.094517,
            29.995877
          ],
          [
            -98.094476,
            29.995864
          ],
          [
            -98.094185,
            29.995771
          ],
          [
            -98.094167,
            29.995765
          ],
          [
            -98.094031,
            29.995719
          ],
          [
            -98.093625,
            29.99558
          ],
          [
            -98.093107,
            29.995417
          ],
          [
            -98.09287,
            29.995336
          ],
          [
            -98.09232,
            29.995161
          ],
          [
            -98.09214,
            29.995105
          ],
          [
            -98.091813,
            29.995014
          ],
          [
            -98.091282,
            29.994843
          ],
          [
            -98.090901,
            29.994721
          ],
          [
            -98.090814,
            29.994694
          ],
          [
            -98.090498,
            29.994594
          ],
          [
            -98.090459,
            29.994582
          ],
          [
            -98.090256,
            29.994516
          ],
          [
            -98.090172,
            29.994489
          ],
          [
            -98.090064,
            29.994454
          ],
          [
            -98.090009,
            29.994436
          ],
          [
            -98.089924,
            29.994405
          ],
          [
            -98.089892,
            29.994392
          ],
          [
            -98.089577,
            29.99426
          ],
          [
            -98.089392,
            29.994164
          ],
          [
            -98.089217,
            29.99405
          ],
          [
            -98.089047,
            29.993921
          ],
          [
            -98.088901,
            29.993796
          ],
          [
            -98.088656,
            29.993588
          ],
          [
            -98.08844,
            29.993353
          ],
          [
            -98.088174,
            29.992972
          ],
          [
            -98.088048,
            29.992781
          ],
          [
            -98.087895,
            29.992366
          ],
          [
            -98.087841,
            29.992175
          ],
          [
            -98.0878,
            29.991901
          ],
          [
            -98.087784,
            29.991568
          ],
          [
            -98.087825,
            29.991116
          ],
          [
            -98.087854,
            29.990776
          ],
          [
            -98.08788,
            29.990665
          ],
          [
            -98.088099,
            29.989881
          ],
          [
            -98.088312,
            29.989134
          ],
          [
            -98.088528,
            29.988319
          ],
          [
            -98.088879,
            29.98713
          ],
          [
            -98.089047,
            29.986675
          ],
          [
            -98.089268,
            29.986242
          ],
          [
            -98.089474,
            29.985927
          ],
          [
            -98.089565,
            29.985824
          ],
          [
            -98.089654,
            29.985724
          ],
          [
            -98.089909,
            29.985438
          ],
          [
            -98.089985,
            29.985371
          ],
          [
            -98.09081,
            29.984644
          ],
          [
            -98.091011,
            29.984458
          ],
          [
            -98.091277,
            29.984225
          ],
          [
            -98.091951,
            29.983634
          ],
          [
            -98.092299,
            29.98333
          ],
          [
            -98.092633,
            29.983012
          ],
          [
            -98.092984,
            29.982643
          ],
          [
            -98.093259,
            29.982265
          ],
          [
            -98.093384,
            29.982041
          ],
          [
            -98.093533,
            29.981772
          ],
          [
            -98.093724,
            29.981342
          ],
          [
            -98.093854,
            29.980875
          ],
          [
            -98.093908,
            29.980433
          ],
          [
            -98.093923,
            29.979985
          ],
          [
            -98.093854,
            29.979382
          ],
          [
            -98.093822,
            29.979304
          ],
          [
            -98.093783,
            29.979091
          ],
          [
            -98.093724,
            29.978847
          ],
          [
            -98.093688,
            29.978702
          ],
          [
            -98.093586,
            29.978296
          ],
          [
            -98.093543,
            29.978123
          ],
          [
            -98.093455,
            29.977773
          ],
          [
            -98.093312,
            29.977173
          ],
          [
            -98.092971,
            29.975785
          ],
          [
            -98.092892,
            29.975429
          ],
          [
            -98.092771,
            29.974568
          ],
          [
            -98.092755,
            29.974312
          ],
          [
            -98.092749,
            29.973822
          ],
          [
            -98.092747,
            29.973652
          ],
          [
            -98.092788,
            29.972394
          ],
          [
            -98.092801,
            29.972002
          ],
          [
            -98.092773,
            29.971316
          ],
          [
            -98.092732,
            29.970448
          ],
          [
            -98.0927,
            29.970283
          ],
          [
            -98.092633,
            29.969947
          ],
          [
            -98.092504,
            29.96944
          ],
          [
            -98.092389,
            29.968966
          ],
          [
            -98.091741,
            29.966406
          ],
          [
            -98.091725,
            29.966343
          ],
          [
            -98.091715,
            29.966303
          ],
          [
            -98.091679,
            29.966162
          ],
          [
            -98.091588,
            29.965702
          ],
          [
            -98.091586,
            29.965639
          ],
          [
            -98.09158,
            29.965416
          ],
          [
            -98.091628,
            29.965012
          ],
          [
            -98.091692,
            29.964707
          ],
          [
            -98.09197,
            29.964036
          ],
          [
            -98.092329,
            29.963568
          ],
          [
            -98.092506,
            29.963355
          ],
          [
            -98.09266,
            29.963169
          ],
          [
            -98.093045,
            29.962723
          ],
          [
            -98.093382,
            29.962277
          ],
          [
            -98.093903,
            29.961709
          ],
          [
            -98.09394,
            29.961668
          ],
          [
            -98.09435,
            29.96117
          ],
          [
            -98.094525,
            29.960941
          ],
          [
            -98.094647,
            29.960781
          ],
          [
            -98.0948,
            29.960562
          ],
          [
            -98.094934,
            29.960318
          ],
          [
            -98.095,
            29.960198
          ],
          [
            -98.095171,
            29.959892
          ],
          [
            -98.095231,
            29.95968
          ],
          [
            -98.095288,
            29.95933
          ],
          [
            -98.095296,
            29.95899
          ],
          [
            -98.095269,
            29.958734
          ],
          [
            -98.095151,
            29.958205
          ],
          [
            -98.095143,
            29.958106
          ],
          [
            -98.095006,
            29.957778
          ],
          [
            -98.094937,
            29.957625
          ],
          [
            -98.094777,
            29.957273
          ],
          [
            -98.094563,
            29.956692
          ],
          [
            -98.094487,
            29.956408
          ],
          [
            -98.094418,
            29.955849
          ],
          [
            -98.09443,
            29.955548
          ],
          [
            -98.094441,
            29.955266
          ],
          [
            -98.094487,
            29.95495
          ],
          [
            -98.094548,
            29.95436
          ],
          [
            -98.094555,
            29.953961
          ],
          [
            -98.094517,
            29.953657
          ],
          [
            -98.094479,
            29.953347
          ],
          [
            -98.094418,
            29.953099
          ],
          [
            -98.094324,
            29.952826
          ],
          [
            -98.094281,
            29.952702
          ],
          [
            -98.09406,
            29.952116
          ],
          [
            -98.093663,
            29.951062
          ],
          [
            -98.093548,
            29.950712
          ],
          [
            -98.093519,
            29.95047
          ],
          [
            -98.093487,
            29.950214
          ],
          [
            -98.093464,
            29.949878
          ],
          [
            -98.093539,
            29.949435
          ],
          [
            -98.09357,
            29.949032
          ],
          [
            -98.093618,
            29.948789
          ],
          [
            -98.093623,
            29.948299
          ],
          [
            -98.093606,
            29.947801
          ],
          [
            -98.093577,
            29.947555
          ],
          [
            -98.093473,
            29.947069
          ],
          [
            -98.093329,
            29.946596
          ],
          [
            -98.093307,
            29.946515
          ],
          [
            -98.093281,
            29.946415
          ],
          [
            -98.092887,
            29.944886
          ],
          [
            -98.09268,
            29.944081
          ],
          [
            -98.092552,
            29.943597
          ],
          [
            -98.092345,
            29.943067
          ],
          [
            -98.092273,
            29.942942
          ],
          [
            -98.092189,
            29.942797
          ],
          [
            -98.091964,
            29.94247
          ],
          [
            -98.09224,
            29.942307
          ],
          [
            -98.092383,
            29.942219
          ],
          [
            -98.0925,
            29.942148
          ],
          [
            -98.09272,
            29.942016
          ],
          [
            -98.092977,
            29.941878
          ],
          [
            -98.09337,
            29.941726
          ],
          [
            -98.093543,
            29.941666
          ],
          [
            -98.093701,
            29.941611
          ],
          [
            -98.093957,
            29.941577
          ],
          [
            -98.094387,
            29.941574
          ],
          [
            -98.094648,
            29.94162
          ],
          [
            -98.094951,
            29.941674
          ],
          [
            -98.095417,
            29.941702
          ],
          [
            -98.095982,
            29.941742
          ],
          [
            -98.096531,
            29.941759
          ],
          [
            -98.096885,
            29.941755
          ],
          [
            -98.097112,
            29.941749
          ],
          [
            -98.097729,
            29.941701
          ],
          [
            -98.09808,
            29.941657
          ],
          [
            -98.098813,
            29.941508
          ],
          [
            -98.098896,
            29.941487
          ],
          [
            -98.099354,
            29.941374
          ],
          [
            -98.09995,
            29.941196
          ],
          [
            -98.100093,
            29.941157
          ],
          [
            -98.101226,
            29.940844
          ],
          [
            -98.101604,
            29.94074
          ],
          [
            -98.101682,
            29.940718
          ],
          [
            -98.10179,
            29.940692
          ],
          [
            -98.102592,
            29.94045
          ],
          [
            -98.10265,
            29.940433
          ],
          [
            -98.103803,
            29.940106
          ],
          [
            -98.104032,
            29.940044
          ],
          [
            -98.104085,
            29.94003
          ],
          [
            -98.104406,
            29.939942
          ],
          [
            -98.104636,
            29.939876
          ],
          [
            -98.105455,
            29.939641
          ],
          [
            -98.105878,
            29.93952
          ],
          [
            -98.106302,
            29.939403
          ],
          [
            -98.106748,
            29.93928
          ],
          [
            -98.107102,
            29.939182
          ],
          [
            -98.107196,
            29.939156
          ],
          [
            -98.108708,
            29.938738
          ],
          [
            -98.10925,
            29.938588
          ],
          [
            -98.110894,
            29.938132
          ],
          [
            -98.111537,
            29.937954
          ],
          [
            -98.111875,
            29.93786
          ],
          [
            -98.11206,
            29.93781
          ],
          [
            -98.112477,
            29.937696
          ],
          [
            -98.112805,
            29.937597
          ],
          [
            -98.1133,
            29.937455
          ],
          [
            -98.113416,
            29.937422
          ],
          [
            -98.113609,
            29.93737
          ],
          [
            -98.114072,
            29.937245
          ],
          [
            -98.114148,
            29.937222
          ],
          [
            -98.114415,
            29.93714
          ],
          [
            -98.115695,
            29.936786
          ],
          [
            -98.116976,
            29.936432
          ],
          [
            -98.118085,
            29.936125
          ],
          [
            -98.118505,
            29.936045
          ],
          [
            -98.119214,
            29.935808
          ],
          [
            -98.119943,
            29.935603
          ],
          [
            -98.120122,
            29.935552
          ],
          [
            -98.121343,
            29.935219
          ],
          [
            -98.121938,
            29.935053
          ],
          [
            -98.123663,
            29.934561
          ],
          [
            -98.123684,
            29.934555
          ],
          [
            -98.124005,
            29.934458
          ],
          [
            -98.124608,
            29.934286
          ],
          [
            -98.124774,
            29.934241
          ],
          [
            -98.125226,
            29.934117
          ],
          [
            -98.125669,
            29.934007
          ],
          [
            -98.126009,
            29.933936
          ],
          [
            -98.126302,
            29.933874
          ],
          [
            -98.126816,
            29.933771
          ],
          [
            -98.126928,
            29.933749
          ],
          [
            -98.127057,
            29.933726
          ],
          [
            -98.127576,
            29.933632
          ],
          [
            -98.127759,
            29.933611
          ],
          [
            -98.128538,
            29.933523
          ],
          [
            -98.129255,
            29.933472
          ],
          [
            -98.129926,
            29.933446
          ],
          [
            -98.130117,
            29.933437
          ],
          [
            -98.130834,
            29.933436
          ],
          [
            -98.131022,
            29.93344
          ],
          [
            -98.132261,
            29.933464
          ],
          [
            -98.132471,
            29.93347
          ],
          [
            -98.133664,
            29.933504
          ],
          [
            -98.133819,
            29.9335
          ],
          [
            -98.134001,
            29.933506
          ],
          [
            -98.134453,
            29.93352
          ],
          [
            -98.134588,
            29.933524
          ],
          [
            -98.134979,
            29.933536
          ],
          [
            -98.135351,
            29.933548
          ],
          [
            -98.136144,
            29.933568
          ],
          [
            -98.137075,
            29.933592
          ],
          [
            -98.137934,
            29.933617
          ],
          [
            -98.138283,
            29.933628
          ],
          [
            -98.138731,
            29.933641
          ],
          [
            -98.139333,
            29.933654
          ],
          [
            -98.139982,
            29.933668
          ],
          [
            -98.140778,
            29.933693
          ],
          [
            -98.141058,
            29.933702
          ],
          [
            -98.141995,
            29.933722
          ],
          [
            -98.142187,
            29.933726
          ],
          [
            -98.143189,
            29.933766
          ],
          [
            -98.143339,
            29.933772
          ],
          [
            -98.143957,
            29.933814
          ],
          [
            -98.144163,
            29.933837
          ],
          [
            -98.144263,
            29.933848
          ],
          [
            -98.144301,
            29.933852
          ],
          [
            -98.145256,
            29.933967
          ],
          [
            -98.145557,
            29.934003
          ],
          [
            -98.145605,
            29.934009
          ],
          [
            -98.145947,
            29.934057
          ],
          [
            -98.14656,
            29.934144
          ],
          [
            -98.146665,
            29.934159
          ],
          [
            -98.147238,
            29.934234
          ],
          [
            -98.147535,
            29.934266
          ],
          [
            -98.147732,
            29.934292
          ],
          [
            -98.148029,
            29.934331
          ],
          [
            -98.148107,
            29.934341
          ],
          [
            -98.148764,
            29.934409
          ],
          [
            -98.148848,
            29.934416
          ],
          [
            -98.149137,
            29.934441
          ],
          [
            -98.149718,
            29.934462
          ],
          [
            -98.150236,
            29.93444
          ],
          [
            -98.150671,
            29.934407
          ],
          [
            -98.150946,
            29.934378
          ],
          [
            -98.151007,
            29.934371
          ],
          [
            -98.151281,
            29.934348
          ],
          [
            -98.151587,
            29.934318
          ],
          [
            -98.152182,
            29.934267
          ],
          [
            -98.152719,
            29.93422
          ],
          [
            -98.153587,
            29.934117
          ],
          [
            -98.153681,
            29.934106
          ],
          [
            -98.154766,
            29.933895
          ],
          [
            -98.155882,
            29.93366
          ],
          [
            -98.15638,
            29.933566
          ],
          [
            -98.157055,
            29.933503
          ],
          [
            -98.157413,
            29.933497
          ],
          [
            -98.158094,
            29.933546
          ],
          [
            -98.158427,
            29.933588
          ],
          [
            -98.158792,
            29.93365
          ],
          [
            -98.158876,
            29.933668
          ],
          [
            -98.159549,
            29.93381
          ],
          [
            -98.15985,
            29.933849
          ],
          [
            -98.160169,
            29.933857
          ],
          [
            -98.160458,
            29.933839
          ],
          [
            -98.160731,
            29.933795
          ],
          [
            -98.160957,
            29.933746
          ],
          [
            -98.161245,
            29.933647
          ],
          [
            -98.161688,
            29.933504
          ],
          [
            -98.161851,
            29.933451
          ],
          [
            -98.162157,
            29.933364
          ],
          [
            -98.162352,
            29.933335
          ],
          [
            -98.162577,
            29.933318
          ],
          [
            -98.162896,
            29.933303
          ],
          [
            -98.163404,
            29.933289
          ],
          [
            -98.163629,
            29.933275
          ],
          [
            -98.163909,
            29.933232
          ],
          [
            -98.164142,
            29.933173
          ],
          [
            -98.164366,
            29.933098
          ],
          [
            -98.164751,
            29.932932
          ],
          [
            -98.164958,
            29.93286
          ],
          [
            -98.165194,
            29.932777
          ],
          [
            -98.165519,
            29.932699
          ],
          [
            -98.165808,
            29.932666
          ],
          [
            -98.166014,
            29.932651
          ],
          [
            -98.166419,
            29.932682
          ],
          [
            -98.166635,
            29.932712
          ],
          [
            -98.166946,
            29.932768
          ],
          [
            -98.167137,
            29.932802
          ],
          [
            -98.167421,
            29.932841
          ],
          [
            -98.167682,
            29.93285
          ],
          [
            -98.16792,
            29.93283
          ],
          [
            -98.168163,
            29.932787
          ],
          [
            -98.168312,
            29.93275
          ],
          [
            -98.168529,
            29.932669
          ],
          [
            -98.168669,
            29.932594
          ],
          [
            -98.169252,
            29.932204
          ],
          [
            -98.169662,
            29.931937
          ],
          [
            -98.170125,
            29.931775
          ],
          [
            -98.170384,
            29.93172
          ],
          [
            -98.170663,
            29.931676
          ],
          [
            -98.170978,
            29.931643
          ],
          [
            -98.171207,
            29.931619
          ],
          [
            -98.171479,
            29.931585
          ],
          [
            -98.171753,
            29.93154
          ],
          [
            -98.171891,
            29.931509
          ],
          [
            -98.171984,
            29.931488
          ],
          [
            -98.172212,
            29.931414
          ],
          [
            -98.174115,
            29.930665
          ],
          [
            -98.174383,
            29.930592
          ],
          [
            -98.174554,
            29.930558
          ],
          [
            -98.17479,
            29.930526
          ],
          [
            -98.175004,
            29.930521
          ],
          [
            -98.175238,
            29.930526
          ],
          [
            -98.17545,
            29.930552
          ],
          [
            -98.175783,
            29.930608
          ],
          [
            -98.176087,
            29.930683
          ],
          [
            -98.176878,
            29.930936
          ],
          [
            -98.177728,
            29.931115
          ],
          [
            -98.177944,
            29.931155
          ],
          [
            -98.178417,
            29.931213
          ],
          [
            -98.178844,
            29.931246
          ],
          [
            -98.179379,
            29.931266
          ],
          [
            -98.179757,
            29.931262
          ],
          [
            -98.180227,
            29.931239
          ],
          [
            -98.180821,
            29.931182
          ],
          [
            -98.181267,
            29.931119
          ],
          [
            -98.18227,
            29.930928
          ],
          [
            -98.183876,
            29.93062
          ],
          [
            -98.184143,
            29.930577
          ],
          [
            -98.184635,
            29.930518
          ],
          [
            -98.184971,
            29.930494
          ],
          [
            -98.185576,
            29.930475
          ],
          [
            -98.18597,
            29.930485
          ],
          [
            -98.186084,
            29.930492
          ],
          [
            -98.186509,
            29.930519
          ],
          [
            -98.187003,
            29.930576
          ],
          [
            -98.18744,
            29.930644
          ],
          [
            -98.187762,
            29.930711
          ],
          [
            -98.187908,
            29.930741
          ],
          [
            -98.188242,
            29.930827
          ],
          [
            -98.188627,
            29.930939
          ],
          [
            -98.189062,
            29.931084
          ],
          [
            -98.189113,
            29.931108
          ],
          [
            -98.189344,
            29.931194
          ],
          [
            -98.189697,
            29.931347
          ],
          [
            -98.189899,
            29.931439
          ],
          [
            -98.190074,
            29.931519
          ],
          [
            -98.190137,
            29.931551
          ],
          [
            -98.190361,
            29.931667
          ],
          [
            -98.190649,
            29.93184
          ],
          [
            -98.191042,
            29.932065
          ],
          [
            -98.191416,
            29.932299
          ],
          [
            -98.191682,
            29.932466
          ],
          [
            -98.192161,
            29.932756
          ],
          [
            -98.192509,
            29.933017
          ],
          [
            -98.19385,
            29.933781
          ],
          [
            -98.194782,
            29.934278
          ],
          [
            -98.195927,
            29.934732
          ],
          [
            -98.197279,
            29.93513
          ],
          [
            -98.197714,
            29.93526
          ],
          [
            -98.200503,
            29.936123
          ],
          [
            -98.200525,
            29.93613
          ],
          [
            -98.201084,
            29.936315
          ],
          [
            -98.201515,
            29.936492
          ],
          [
            -98.201818,
            29.936631
          ],
          [
            -98.202054,
            29.93674
          ],
          [
            -98.202488,
            29.936972
          ],
          [
            -98.202846,
            29.937184
          ],
          [
            -98.203217,
            29.93743
          ],
          [
            -98.20364,
            29.937746
          ],
          [
            -98.203858,
            29.937914
          ],
          [
            -98.204354,
            29.938297
          ],
          [
            -98.2049,
            29.938713
          ],
          [
            -98.206111,
            29.939635
          ],
          [
            -98.20618,
            29.939688
          ],
          [
            -98.206655,
            29.94005
          ],
          [
            -98.207878,
            29.940981
          ],
          [
            -98.207985,
            29.941063
          ],
          [
            -98.208148,
            29.941187
          ],
          [
            -98.208475,
            29.941421
          ],
          [
            -98.208744,
            29.941613
          ],
          [
            -98.210037,
            29.942599
          ],
          [
            -98.211721,
            29.943883
          ],
          [
            -98.211788,
            29.943934
          ],
          [
            -98.212614,
            29.944564
          ],
          [
            -98.213159,
            29.944979
          ],
          [
            -98.21342,
            29.945183
          ],
          [
            -98.213847,
            29.945491
          ],
          [
            -98.213931,
            29.945551
          ],
          [
            -98.214133,
            29.94568
          ],
          [
            -98.214308,
            29.945803
          ],
          [
            -98.215079,
            29.946292
          ],
          [
            -98.215934,
            29.946756
          ],
          [
            -98.216104,
            29.946843
          ],
          [
            -98.21791,
            29.947768
          ],
          [
            -98.218408,
            29.948042
          ],
          [
            -98.218741,
            29.948222
          ],
          [
            -98.219284,
            29.948515
          ],
          [
            -98.220282,
            29.949047
          ],
          [
            -98.223406,
            29.950699
          ],
          [
            -98.223957,
            29.950986
          ],
          [
            -98.224192,
            29.951108
          ],
          [
            -98.225191,
            29.951648
          ],
          [
            -98.225612,
            29.951879
          ],
          [
            -98.226041,
            29.952158
          ],
          [
            -98.22635,
            29.952389
          ],
          [
            -98.226473,
            29.952488
          ],
          [
            -98.226781,
            29.952767
          ],
          [
            -98.227019,
            29.953001
          ],
          [
            -98.227144,
            29.95314
          ],
          [
            -98.227364,
            29.953394
          ],
          [
            -98.227481,
            29.953537
          ],
          [
            -98.227723,
            29.953886
          ],
          [
            -98.227838,
            29.954063
          ],
          [
            -98.228064,
            29.954466
          ],
          [
            -98.22825,
            29.954878
          ],
          [
            -98.228343,
            29.955108
          ],
          [
            -98.228898,
            29.956555
          ],
          [
            -98.228937,
            29.956657
          ],
          [
            -98.228976,
            29.956763
          ],
          [
            -98.22913,
            29.957177
          ],
          [
            -98.229587,
            29.958377
          ],
          [
            -98.230152,
            29.95986
          ],
          [
            -98.230207,
            29.96001
          ],
          [
            -98.230226,
            29.960062
          ],
          [
            -98.230294,
            29.960249
          ],
          [
            -98.23108,
            29.962288
          ],
          [
            -98.231512,
            29.963411
          ],
          [
            -98.231934,
            29.964506
          ],
          [
            -98.232131,
            29.964934
          ],
          [
            -98.232171,
            29.965003
          ],
          [
            -98.232383,
            29.965372
          ],
          [
            -98.232627,
            29.965763
          ],
          [
            -98.23302,
            29.966391
          ],
          [
            -98.233259,
            29.966774
          ],
          [
            -98.233461,
            29.967082
          ],
          [
            -98.233853,
            29.967679
          ],
          [
            -98.234206,
            29.968147
          ],
          [
            -98.234466,
            29.968414
          ],
          [
            -98.234574,
            29.968513
          ],
          [
            -98.235005,
            29.968883
          ],
          [
            -98.235249,
            29.969068
          ],
          [
            -98.235679,
            29.969325
          ],
          [
            -98.236236,
            29.969601
          ],
          [
            -98.236523,
            29.969743
          ],
          [
            -98.236664,
            29.969799
          ],
          [
            -98.23708,
            29.96993
          ],
          [
            -98.237314,
            29.969993
          ],
          [
            -98.237671,
            29.970071
          ],
          [
            -98.237916,
            29.970132
          ],
          [
            -98.23825,
            29.970161
          ],
          [
            -98.238288,
            29.970165
          ],
          [
            -98.238526,
            29.970188
          ],
          [
            -98.238803,
            29.970201
          ],
          [
            -98.239023,
            29.970204
          ],
          [
            -98.239223,
            29.970201
          ],
          [
            -98.239558,
            29.970182
          ],
          [
            -98.239908,
            29.970138
          ],
          [
            -98.240103,
            29.970112
          ],
          [
            -98.240381,
            29.970074
          ],
          [
            -98.241078,
            29.96998
          ],
          [
            -98.241174,
            29.969967
          ],
          [
            -98.241574,
            29.969907
          ],
          [
            -98.241889,
            29.969876
          ],
          [
            -98.24214,
            29.969851
          ],
          [
            -98.242673,
            29.969826
          ],
          [
            -98.243422,
            29.96983
          ],
          [
            -98.243578,
            29.96984
          ],
          [
            -98.243669,
            29.969848
          ],
          [
            -98.243886,
            29.969867
          ],
          [
            -98.244565,
            29.969956
          ],
          [
            -98.244988,
            29.970034
          ],
          [
            -98.245277,
            29.970095
          ],
          [
            -98.24534,
            29.970112
          ],
          [
            -98.245732,
            29.970217
          ],
          [
            -98.245953,
            29.970287
          ],
          [
            -98.246239,
            29.970362
          ],
          [
            -98.246594,
            29.970479
          ],
          [
            -98.248584,
            29.971096
          ],
          [
            -98.248723,
            29.971139
          ],
          [
            -98.249479,
            29.971368
          ],
          [
            -98.25227,
            29.972234
          ],
          [
            -98.252906,
            29.972421
          ],
          [
            -98.253284,
            29.972547
          ],
          [
            -98.253759,
            29.972633
          ],
          [
            -98.253998,
            29.972677
          ],
          [
            -98.254503,
            29.972799
          ],
          [
            -98.255856,
            29.973099
          ],
          [
            -98.256969,
            29.973363
          ],
          [
            -98.257012,
            29.973373
          ],
          [
            -98.257134,
            29.9734
          ],
          [
            -98.257313,
            29.97344
          ],
          [
            -98.258333,
            29.973667
          ],
          [
            -98.261411,
            29.974352
          ],
          [
            -98.262265,
            29.974558
          ],
          [
            -98.262438,
            29.974595
          ],
          [
            -98.26291,
            29.974696
          ],
          [
            -98.263131,
            29.974744
          ],
          [
            -98.263608,
            29.974846
          ],
          [
            -98.264257,
            29.974998
          ],
          [
            -98.264557,
            29.975068
          ],
          [
            -98.265397,
            29.97526
          ],
          [
            -98.266639,
            29.975543
          ],
          [
            -98.267417,
            29.975715
          ],
          [
            -98.268614,
            29.97598
          ],
          [
            -98.26939,
            29.976175
          ],
          [
            -98.271274,
            29.976596
          ],
          [
            -98.272353,
            29.976844
          ],
          [
            -98.27258,
            29.976896
          ],
          [
            -98.273352,
            29.977066
          ],
          [
            -98.273687,
            29.977142
          ],
          [
            -98.274718,
            29.977378
          ],
          [
            -98.275437,
            29.977589
          ],
          [
            -98.275854,
            29.977737
          ],
          [
            -98.275883,
            29.977747
          ],
          [
            -98.276088,
            29.977833
          ],
          [
            -98.276473,
            29.978005
          ],
          [
            -98.276787,
            29.978147
          ],
          [
            -98.27684,
            29.978179
          ],
          [
            -98.277148,
            29.978347
          ],
          [
            -98.277484,
            29.978549
          ],
          [
            -98.27758,
            29.978613
          ],
          [
            -98.277835,
            29.978782
          ],
          [
            -98.278157,
            29.979009
          ],
          [
            -98.278249,
            29.979075
          ],
          [
            -98.278329,
            29.979133
          ],
          [
            -98.278995,
            29.979614
          ],
          [
            -98.279574,
            29.980019
          ],
          [
            -98.27972,
            29.980117
          ],
          [
            -98.279743,
            29.980132
          ],
          [
            -98.279914,
            29.980235
          ],
          [
            -98.28016,
            29.980392
          ],
          [
            -98.280885,
            29.980811
          ],
          [
            -98.281397,
            29.981087
          ],
          [
            -98.281614,
            29.981207
          ],
          [
            -98.282127,
            29.981465
          ],
          [
            -98.283804,
            29.982315
          ],
          [
            -98.284841,
            29.98284
          ],
          [
            -98.285064,
            29.982953
          ],
          [
            -98.285107,
            29.982975
          ],
          [
            -98.286014,
            29.98343
          ],
          [
            -98.287058,
            29.983966
          ],
          [
            -98.287456,
            29.984164
          ],
          [
            -98.287744,
            29.984307
          ],
          [
            -98.292692,
            29.986822
          ],
          [
            -98.293738,
            29.987355
          ],
          [
            -98.296522,
            29.988774
          ],
          [
            -98.296798,
            29.988911
          ],
          [
            -98.297275,
            29.989149
          ],
          [
            -98.300208,
            29.990648
          ],
          [
            -98.300412,
            29.990751
          ],
          [
            -98.301167,
            29.991132
          ],
          [
            -98.301283,
            29.991194
          ],
          [
            -98.301678,
            29.991406
          ],
          [
            -98.302168,
            29.991696
          ],
          [
            -98.302509,
            29.991925
          ],
          [
            -98.30271,
            29.99207
          ],
          [
            -98.302845,
            29.992167
          ],
          [
            -98.303021,
            29.992308
          ],
          [
            -98.303141,
            29.992405
          ],
          [
            -98.30335,
            29.992592
          ],
          [
            -98.303502,
            29.992719
          ],
          [
            -98.304004,
            29.993257
          ],
          [
            -98.304492,
            29.993844
          ],
          [
            -98.304561,
            29.993969
          ],
          [
            -98.304784,
            29.994308
          ],
          [
            -98.305137,
            29.994841
          ],
          [
            -98.305166,
            29.994886
          ],
          [
            -98.305407,
            29.99525
          ],
          [
            -98.305529,
            29.995435
          ],
          [
            -98.305767,
            29.995796
          ],
          [
            -98.306287,
            29.996587
          ],
          [
            -98.30701,
            29.997684
          ],
          [
            -98.307115,
            29.997843
          ],
          [
            -98.307169,
            29.997925
          ],
          [
            -98.308098,
            29.999318
          ],
          [
            -98.308452,
            29.999869
          ],
          [
            -98.308597,
            30.000117
          ],
          [
            -98.308992,
            30.000726
          ],
          [
            -98.309056,
            30.000807
          ],
          [
            -98.309159,
            30.000938
          ],
          [
            -98.309251,
            30.001063
          ],
          [
            -98.309424,
            30.00127
          ],
          [
            -98.309559,
            30.001422
          ],
          [
            -98.309981,
            30.001844
          ],
          [
            -98.310334,
            30.002158
          ],
          [
            -98.310586,
            30.002364
          ],
          [
            -98.310864,
            30.002575
          ],
          [
            -98.311119,
            30.002777
          ],
          [
            -98.311201,
            30.002847
          ],
          [
            -98.311866,
            30.003339
          ],
          [
            -98.311887,
            30.003354
          ],
          [
            -98.312157,
            30.003569
          ],
          [
            -98.312958,
            30.004166
          ],
          [
            -98.313084,
            30.004257
          ],
          [
            -98.313196,
            30.004338
          ],
          [
            -98.313594,
            30.004625
          ],
          [
            -98.31574,
            30.006262
          ],
          [
            -98.316344,
            30.006727
          ],
          [
            -98.316517,
            30.006859
          ],
          [
            -98.319229,
            30.008933
          ],
          [
            -98.319748,
            30.00933
          ],
          [
            -98.320197,
            30.009673
          ],
          [
            -98.320732,
            30.010096
          ],
          [
            -98.320771,
            30.010127
          ],
          [
            -98.321133,
            30.010431
          ],
          [
            -98.321473,
            30.010728
          ],
          [
            -98.321554,
            30.010805
          ],
          [
            -98.321876,
            30.011111
          ],
          [
            -98.322542,
            30.011775
          ],
          [
            -98.322936,
            30.012177
          ],
          [
            -98.323401,
            30.01264
          ],
          [
            -98.323497,
            30.012735
          ],
          [
            -98.324188,
            30.01344
          ],
          [
            -98.324817,
            30.014073
          ],
          [
            -98.324933,
            30.014194
          ],
          [
            -98.326315,
            30.015571
          ],
          [
            -98.326901,
            30.016137
          ],
          [
            -98.327375,
            30.016609
          ],
          [
            -98.32773,
            30.016978
          ],
          [
            -98.32841,
            30.017688
          ],
          [
            -98.328698,
            30.018019
          ],
          [
            -98.328966,
            30.018361
          ],
          [
            -98.329153,
            30.018625
          ],
          [
            -98.330419,
            30.020513
          ],
          [
            -98.330539,
            30.02069
          ],
          [
            -98.330561,
            30.020722
          ],
          [
            -98.330585,
            30.020758
          ],
          [
            -98.330704,
            30.020939
          ],
          [
            -98.331073,
            30.021501
          ],
          [
            -98.331101,
            30.021542
          ],
          [
            -98.33117,
            30.021647
          ],
          [
            -98.332187,
            30.023221
          ],
          [
            -98.332591,
            30.023835
          ],
          [
            -98.333305,
            30.024917
          ],
          [
            -98.334025,
            30.026008
          ],
          [
            -98.334046,
            30.026041
          ],
          [
            -98.334474,
            30.026689
          ],
          [
            -98.334956,
            30.02742
          ],
          [
            -98.335005,
            30.027494
          ],
          [
            -98.3353,
            30.027942
          ],
          [
            -98.335687,
            30.028528
          ],
          [
            -98.336111,
            30.029171
          ],
          [
            -98.336475,
            30.029723
          ],
          [
            -98.33657,
            30.029866
          ],
          [
            -98.336918,
            30.030394
          ],
          [
            -98.337108,
            30.030682
          ],
          [
            -98.337313,
            30.030994
          ],
          [
            -98.337394,
            30.031117
          ],
          [
            -98.33783,
            30.031778
          ],
          [
            -98.337872,
            30.031841
          ],
          [
            -98.337914,
            30.031906
          ],
          [
            -98.338342,
            30.032561
          ],
          [
            -98.338447,
            30.032723
          ],
          [
            -98.338537,
            30.032857
          ],
          [
            -98.338802,
            30.033251
          ],
          [
            -98.33913,
            30.033751
          ],
          [
            -98.341787,
            30.037802
          ],
          [
            -98.342219,
            30.038461
          ],
          [
            -98.34326,
            30.040037
          ],
          [
            -98.343591,
            30.040498
          ],
          [
            -98.343943,
            30.040948
          ],
          [
            -98.343954,
            30.040961
          ],
          [
            -98.344313,
            30.041386
          ],
          [
            -98.344703,
            30.041812
          ],
          [
            -98.34511,
            30.042224
          ],
          [
            -98.346548,
            30.043619
          ],
          [
            -98.347302,
            30.04434
          ],
          [
            -98.348985,
            30.045949
          ],
          [
            -98.349941,
            30.04687
          ],
          [
            -98.350134,
            30.047035
          ],
          [
            -98.350257,
            30.047139
          ],
          [
            -98.350589,
            30.047394
          ],
          [
            -98.350934,
            30.047634
          ],
          [
            -98.351294,
            30.047858
          ],
          [
            -98.351553,
            30.048003
          ],
          [
            -98.352219,
            30.048355
          ],
          [
            -98.353147,
            30.048815
          ],
          [
            -98.353546,
            30.049012
          ],
          [
            -98.353989,
            30.049232
          ],
          [
            -98.355827,
            30.050155
          ],
          [
            -98.357401,
            30.050944
          ],
          [
            -98.359772,
            30.052132
          ],
          [
            -98.360835,
            30.052667
          ],
          [
            -98.362032,
            30.053269
          ],
          [
            -98.363241,
            30.053872
          ],
          [
            -98.363426,
            30.053965
          ],
          [
            -98.365205,
            30.054861
          ],
          [
            -98.366752,
            30.055628
          ],
          [
            -98.367283,
            30.055892
          ],
          [
            -98.367383,
            30.055942
          ],
          [
            -98.368791,
            30.056646
          ],
          [
            -98.369398,
            30.056952
          ],
          [
            -98.371635,
            30.058078
          ],
          [
            -98.37248,
            30.058504
          ],
          [
            -98.372987,
            30.058759
          ],
          [
            -98.373208,
            30.058875
          ],
          [
            -98.373663,
            30.059113
          ],
          [
            -98.374287,
            30.059417
          ],
          [
            -98.374534,
            30.059538
          ],
          [
            -98.375397,
            30.05997
          ],
          [
            -98.37619,
            30.060367
          ],
          [
            -98.376738,
            30.060641
          ],
          [
            -98.376908,
            30.060726
          ],
          [
            -98.377467,
            30.061013
          ],
          [
            -98.377585,
            30.061065
          ],
          [
            -98.37821,
            30.061381
          ],
          [
            -98.379352,
            30.061952
          ],
          [
            -98.380751,
            30.062652
          ],
          [
            -98.381345,
            30.062949
          ],
          [
            -98.381359,
            30.062955
          ],
          [
            -98.381805,
            30.063161
          ],
          [
            -98.38225,
            30.063338
          ],
          [
            -98.382614,
            30.063466
          ],
          [
            -98.382703,
            30.063497
          ],
          [
            -98.383165,
            30.063637
          ],
          [
            -98.383676,
            30.063779
          ],
          [
            -98.38402,
            30.063871
          ],
          [
            -98.384682,
            30.064024
          ],
          [
            -98.385712,
            30.064237
          ],
          [
            -98.386444,
            30.064387
          ],
          [
            -98.386655,
            30.064432
          ],
          [
            -98.387564,
            30.064605
          ],
          [
            -98.390185,
            30.065133
          ],
          [
            -98.390777,
            30.065247
          ],
          [
            -98.390899,
            30.065274
          ],
          [
            -98.391674,
            30.065448
          ],
          [
            -98.39269,
            30.065649
          ],
          [
            -98.393169,
            30.065752
          ],
          [
            -98.393265,
            30.065773
          ],
          [
            -98.393724,
            30.065874
          ],
          [
            -98.394372,
            30.066045
          ],
          [
            -98.394649,
            30.066127
          ],
          [
            -98.395028,
            30.066239
          ],
          [
            -98.395998,
            30.066551
          ],
          [
            -98.397168,
            30.066928
          ],
          [
            -98.398047,
            30.067211
          ],
          [
            -98.399462,
            30.067667
          ],
          [
            -98.40085,
            30.068109
          ],
          [
            -98.400924,
            30.068133
          ],
          [
            -98.401289,
            30.068249
          ],
          [
            -98.40235,
            30.068594
          ],
          [
            -98.40259,
            30.068672
          ],
          [
            -98.402896,
            30.068769
          ],
          [
            -98.403844,
            30.069075
          ],
          [
            -98.40562,
            30.069641
          ],
          [
            -98.406217,
            30.069832
          ],
          [
            -98.406641,
            30.069967
          ],
          [
            -98.406868,
            30.070039
          ],
          [
            -98.407728,
            30.070298
          ],
          [
            -98.40821,
            30.070422
          ],
          [
            -98.4087,
            30.070524
          ],
          [
            -98.40936,
            30.070661
          ],
          [
            -98.409623,
            30.070733
          ],
          [
            -98.410212,
            30.070868
          ],
          [
            -98.410485,
            30.070853
          ],
          [
            -98.410608,
            30.07086
          ],
          [
            -98.410715,
            30.070866
          ],
          [
            -98.410693,
            30.071577
          ],
          [
            -98.410686,
            30.071814
          ],
          [
            -98.41067,
            30.072083
          ],
          [
            -98.410674,
            30.072352
          ],
          [
            -98.410696,
            30.072621
          ],
          [
            -98.410736,
            30.072888
          ],
          [
            -98.410794,
            30.073153
          ],
          [
            -98.410822,
            30.073257
          ],
          [
            -98.410939,
            30.073555
          ],
          [
            -98.411061,
            30.073862
          ],
          [
            -98.411106,
            30.073973
          ],
          [
            -98.411283,
            30.074416
          ],
          [
            -98.411447,
            30.074738
          ],
          [
            -98.411589,
            30.075013
          ],
          [
            -98.411769,
            30.075301
          ],
          [
            -98.411944,
            30.075548
          ],
          [
            -98.412124,
            30.075793
          ],
          [
            -98.412676,
            30.076446
          ],
          [
            -98.412732,
            30.076512
          ],
          [
            -98.413078,
            30.076921
          ],
          [
            -98.413287,
            30.077169
          ],
          [
            -98.413375,
            30.077273
          ],
          [
            -98.413458,
            30.077371
          ],
          [
            -98.4139,
            30.077894
          ],
          [
            -98.414592,
            30.078682
          ],
          [
            -98.415075,
            30.07924
          ],
          [
            -98.415173,
            30.079354
          ],
          [
            -98.415455,
            30.079682
          ],
          [
            -98.417478,
            30.082038
          ],
          [
            -98.417816,
            30.082452
          ],
          [
            -98.417865,
            30.082513
          ],
          [
            -98.41814,
            30.082885
          ],
          [
            -98.418361,
            30.083185
          ],
          [
            -98.41844,
            30.083304
          ],
          [
            -98.418643,
            30.083608
          ],
          [
            -98.418887,
            30.083995
          ],
          [
            -98.418986,
            30.084174
          ],
          [
            -98.419158,
            30.084463
          ],
          [
            -98.419925,
            30.08599
          ],
          [
            -98.420375,
            30.086904
          ],
          [
            -98.420444,
            30.087045
          ],
          [
            -98.42084,
            30.087856
          ],
          [
            -98.420847,
            30.08787
          ],
          [
            -98.421133,
            30.088457
          ],
          [
            -98.421944,
            30.09012
          ],
          [
            -98.422637,
            30.091483
          ],
          [
            -98.423262,
            30.092721
          ],
          [
            -98.423355,
            30.092954
          ],
          [
            -98.423428,
            30.093161
          ],
          [
            -98.423485,
            30.093371
          ],
          [
            -98.423525,
            30.093584
          ],
          [
            -98.423552,
            30.093852
          ],
          [
            -98.423554,
            30.094043
          ],
          [
            -98.42354,
            30.09431
          ],
          [
            -98.423508,
            30.094528
          ],
          [
            -98.423485,
            30.094636
          ],
          [
            -98.423474,
            30.094676
          ],
          [
            -98.423429,
            30.094844
          ],
          [
            -98.423356,
            30.095049
          ],
          [
            -98.42329,
            30.095198
          ],
          [
            -98.422918,
            30.096093
          ],
          [
            -98.422869,
            30.096217
          ],
          [
            -98.422802,
            30.096387
          ],
          [
            -98.422547,
            30.097014
          ],
          [
            -98.422186,
            30.097937
          ],
          [
            -98.421805,
            30.098829
          ],
          [
            -98.421289,
            30.098672
          ]
        ]
      }
    }
  ]
}