{
  "type": "FeatureCollection",
  "features": [
    {
      "type": "Feature",
      "properties": {
        "route": "German Heritage Trail",
        "category": "German Towns & Culture",
        "color": "#8e44ad",
        "waypoints": [
          "Fredericksburg",
          "Old San Antonio Rd",
          "Sisterdale",
          "Blanco"
        ],
        "via": "Old San Antonio Rd -> FM 473 -> Blanco",
        "distance_mi": 61.2,
        "source": "road-snapped"
      },
      "geometry": {
        "type": "LineString",
        "coordinates": [
          [
            -98.872096,
            30.275297
          ],
          [
            -98.872187,
            30.275204
          ],
          [
            -98.872296,
            30.275091
          ],
          [
            -98.872162,
            30.274995
          ],
          [
            -98.870677,
            30.273934
          ],
          [
            -98.870592,
            30.273873
          ],
          [
            -98.870502,
            30.273808
          ],
          [
            -98.869006,
            30.272724
          ],
          [
            -98.868941,
            30.272677
          ],
          [
            -98.868848,
            30.272611
          ],
          [
            -98.867861,
            30.271905
          ],
          [
            -98.867361,
            30.271548
          ],
          [
            -98.867279,
            30.27149
          ],
          [
            -98.867183,
            30.271423
          ],
          [
            -98.86617,
            30.270715
          ],
          [
            -98.865985,
            30.270584
          ],
          [
            -98.865705,
            30.270388
          ],
          [
            -98.865629,
            30.270335
          ],
          [
            -98.865531,
            30.270268
          ],
          [
            -98.865269,
            30.270089
          ],
          [
            -98.86509,
            30.269967
          ],
          [
            -98.864974,
            30.269888
          ],
          [
            -98.864704,
            30.269703
          ],
          [
            -98.864414,
            30.269505
          ],
          [
            -98.864228,
            30.269378
          ],
          [
            -98.863914,
            30.269163
          ],
          [
            -98.863447,
            30.268831
          ],
          [
            -98.863264,
            30.268702
          ],
          [
            -98.862943,
            30.268474
          ],
          [
            -98.862887,
            30.268433
          ],
          [
            -98.862746,
            30.268333
          ],
          [
            -98.862353,
            30.268054
          ],
          [
            -98.861754,
            30.267635
          ],
          [
            -98.86116,
            30.267224
          ],
          [
            -98.86035,
            30.266654
          ],
          [
            -98.860271,
            30.266598
          ],
          [
            -98.85941,
            30.265992
          ],
          [
            -98.858509,
            30.265354
          ],
          [
            -98.858294,
            30.265206
          ],
          [
            -98.858156,
            30.265109
          ],
          [
            -98.857975,
            30.264985
          ],
          [
            -98.857572,
            30.264686
          ],
          [
            -98.857394,
            30.264503
          ],
          [
            -98.857381,
            30.264485
          ],
          [
            -98.85727,
            30.264329
          ],
          [
            -98.857211,
            30.264207
          ],
          [
            -98.857175,
            30.264132
          ],
          [
            -98.857145,
            30.264053
          ],
          [
            -98.857061,
            30.263839
          ],
          [
            -98.857009,
            30.263682
          ],
          [
            -98.856937,
            30.263461
          ],
          [
            -98.856859,
            30.263223
          ],
          [
            -98.856845,
            30.263181
          ],
          [
            -98.856735,
            30.262881
          ],
          [
            -98.856465,
            30.262064
          ],
          [
            -98.856336,
            30.261674
          ],
          [
            -98.856306,
            30.261584
          ],
          [
            -98.856279,
            30.261505
          ],
          [
            -98.856187,
            30.261228
          ],
          [
            -98.856053,
            30.260825
          ],
          [
            -98.855965,
            30.260626
          ],
          [
            -98.855835,
            30.260368
          ],
          [
            -98.855768,
            30.260271
          ],
          [
            -98.855691,
            30.260159
          ],
          [
            -98.855626,
            30.260074
          ],
          [
            -98.855557,
            30.259983
          ],
          [
            -98.855399,
            30.259811
          ],
          [
            -98.855308,
            30.259712
          ],
          [
            -98.854997,
            30.259455
          ],
          [
            -98.854527,
            30.259123
          ],
          [
            -98.854402,
            30.25904
          ],
          [
            -98.853922,
            30.258717
          ],
          [
            -98.853894,
            30.258698
          ],
          [
            -98.85306,
            30.258138
          ],
          [
            -98.85299,
            30.258091
          ],
          [
            -98.852655,
            30.257866
          ],
          [
            -98.85159,
            30.257163
          ],
          [
            -98.851137,
            30.256864
          ],
          [
            -98.85066,
            30.25648
          ],
          [
            -98.850222,
            30.256063
          ],
          [
            -98.84997,
            30.255753
          ],
          [
            -98.849739,
            30.255436
          ],
          [
            -98.849587,
            30.255187
          ],
          [
            -98.849506,
            30.255056
          ],
          [
            -98.849325,
            30.254683
          ],
          [
            -98.84925,
            30.254499
          ],
          [
            -98.848988,
            30.253718
          ],
          [
            -98.848955,
            30.25362
          ],
          [
            -98.848534,
            30.25238
          ],
          [
            -98.848024,
            30.250878
          ],
          [
            -98.847871,
            30.250478
          ],
          [
            -98.847735,
            30.250009
          ],
          [
            -98.847669,
            30.249779
          ],
          [
            -98.847604,
            30.249557
          ],
          [
            -98.847588,
            30.249499
          ],
          [
            -98.847516,
            30.24925
          ],
          [
            -98.847268,
            30.248543
          ],
          [
            -98.847131,
            30.24812
          ],
          [
            -98.847021,
            30.247759
          ],
          [
            -98.846997,
            30.247679
          ],
          [
            -98.846986,
            30.247643
          ],
          [
            -98.846971,
            30.247597
          ],
          [
            -98.846726,
            30.246857
          ],
          [
            -98.846596,
            30.246537
          ],
          [
            -98.846441,
            30.246221
          ],
          [
            -98.84627,
            30.245948
          ],
          [
            -98.846065,
            30.245656
          ],
          [
            -98.845839,
            30.245394
          ],
          [
            -98.845177,
            30.244668
          ],
          [
            -98.844161,
            30.243523
          ],
          [
            -98.843375,
            30.242637
          ],
          [
            -98.843087,
            30.242304
          ],
          [
            -98.843162,
            30.242243
          ],
          [
            -98.843211,
            30.242161
          ],
          [
            -98.843244,
            30.242007
          ],
          [
            -98.843249,
            30.241686
          ],
          [
            -98.84321,
            30.241065
          ],
          [
            -98.8431,
            30.240186
          ],
          [
            -98.843066,
            30.239592
          ],
          [
            -98.842985,
            30.23794
          ],
          [
            -98.84301,
            30.237726
          ],
          [
            -98.84306,
            30.237547
          ],
          [
            -98.843132,
            30.237383
          ],
          [
            -98.843253,
            30.237195
          ],
          [
            -98.843384,
            30.237071
          ],
          [
            -98.843839,
            30.236703
          ],
          [
            -98.843985,
            30.23651
          ],
          [
            -98.844073,
            30.236391
          ],
          [
            -98.844143,
            30.236235
          ],
          [
            -98.844193,
            30.236079
          ],
          [
            -98.84468,
            30.234571
          ],
          [
            -98.844952,
            30.23364
          ],
          [
            -98.845095,
            30.233222
          ],
          [
            -98.845126,
            30.233056
          ],
          [
            -98.845114,
            30.232892
          ],
          [
            -98.845041,
            30.232715
          ],
          [
            -98.843988,
            30.231322
          ],
          [
            -98.843403,
            30.230547
          ],
          [
            -98.843247,
            30.230294
          ],
          [
            -98.843201,
            30.230187
          ],
          [
            -98.843155,
            30.230082
          ],
          [
            -98.843108,
            30.229869
          ],
          [
            -98.843085,
            30.229653
          ],
          [
            -98.843067,
            30.229159
          ],
          [
            -98.84303,
            30.228111
          ],
          [
            -98.843059,
            30.22652
          ],
          [
            -98.843047,
            30.224463
          ],
          [
            -98.84306,
            30.224014
          ],
          [
            -98.843074,
            30.223787
          ],
          [
            -98.843101,
            30.22364
          ],
          [
            -98.843153,
            30.223478
          ],
          [
            -98.843249,
            30.22332
          ],
          [
            -98.843397,
            30.22317
          ],
          [
            -98.84385,
            30.222816
          ],
          [
            -98.844,
            30.222674
          ],
          [
            -98.844117,
            30.222495
          ],
          [
            -98.844156,
            30.222341
          ],
          [
            -98.844166,
            30.222204
          ],
          [
            -98.844141,
            30.222084
          ],
          [
            -98.844102,
            30.221966
          ],
          [
            -98.84402,
            30.221843
          ],
          [
            -98.84389,
            30.221673
          ],
          [
            -98.843634,
            30.221386
          ],
          [
            -98.843278,
            30.221097
          ],
          [
            -98.842701,
            30.220577
          ],
          [
            -98.842621,
            30.220427
          ],
          [
            -98.842508,
            30.220121
          ],
          [
            -98.842483,
            30.219937
          ],
          [
            -98.842455,
            30.213874
          ],
          [
            -98.842452,
            30.212701
          ],
          [
            -98.842435,
            30.211421
          ],
          [
            -98.842423,
            30.211238
          ],
          [
            -98.842364,
            30.211121
          ],
          [
            -98.842294,
            30.211031
          ],
          [
            -98.842153,
            30.210909
          ],
          [
            -98.841948,
            30.210828
          ],
          [
            -98.840414,
            30.210298
          ],
          [
            -98.840182,
            30.210184
          ],
          [
            -98.840018,
            30.210049
          ],
          [
            -98.839842,
            30.209802
          ],
          [
            -98.837757,
            30.206063
          ],
          [
            -98.83757,
            30.205817
          ],
          [
            -98.837336,
            30.20558
          ],
          [
            -98.837063,
            30.205359
          ],
          [
            -98.836818,
            30.20518
          ],
          [
            -98.836587,
            30.205053
          ],
          [
            -98.836257,
            30.204935
          ],
          [
            -98.832758,
            30.203824
          ],
          [
            -98.832521,
            30.203732
          ],
          [
            -98.832286,
            30.203624
          ],
          [
            -98.83123,
            30.202997
          ],
          [
            -98.830954,
            30.202766
          ],
          [
            -98.830733,
            30.202489
          ],
          [
            -98.830607,
            30.202257
          ],
          [
            -98.83056,
            30.202126
          ],
          [
            -98.830501,
            30.201853
          ],
          [
            -98.830432,
            30.201529
          ],
          [
            -98.830399,
            30.201407
          ],
          [
            -98.830335,
            30.201267
          ],
          [
            -98.830229,
            30.201061
          ],
          [
            -98.82941,
            30.199628
          ],
          [
            -98.828408,
            30.197904
          ],
          [
            -98.828234,
            30.197599
          ],
          [
            -98.828045,
            30.1973
          ],
          [
            -98.82733,
            30.196255
          ],
          [
            -98.826608,
            30.195241
          ],
          [
            -98.826106,
            30.194568
          ],
          [
            -98.826049,
            30.194494
          ],
          [
            -98.825575,
            30.193879
          ],
          [
            -98.825379,
            30.193678
          ],
          [
            -98.825153,
            30.193485
          ],
          [
            -98.824793,
            30.193244
          ],
          [
            -98.823619,
            30.192561
          ],
          [
            -98.823319,
            30.192366
          ],
          [
            -98.823125,
            30.192212
          ],
          [
            -98.822924,
            30.19203
          ],
          [
            -98.822484,
            30.19145
          ],
          [
            -98.822274,
            30.191128
          ],
          [
            -98.822026,
            30.190747
          ],
          [
            -98.821914,
            30.190496
          ],
          [
            -98.821574,
            30.189512
          ],
          [
            -98.821429,
            30.189093
          ],
          [
            -98.821284,
            30.188764
          ],
          [
            -98.821072,
            30.188414
          ],
          [
            -98.820931,
            30.188212
          ],
          [
            -98.820127,
            30.187063
          ],
          [
            -98.819967,
            30.186767
          ],
          [
            -98.819917,
            30.186602
          ],
          [
            -98.819913,
            30.186457
          ],
          [
            -98.819942,
            30.186332
          ],
          [
            -98.820007,
            30.186208
          ],
          [
            -98.820181,
            30.185935
          ],
          [
            -98.822131,
            30.182929
          ],
          [
            -98.822231,
            30.18275
          ],
          [
            -98.822278,
            30.182563
          ],
          [
            -98.822317,
            30.182369
          ],
          [
            -98.822337,
            30.182197
          ],
          [
            -98.822373,
            30.181198
          ],
          [
            -98.822397,
            30.180957
          ],
          [
            -98.822433,
            30.180723
          ],
          [
            -98.822785,
            30.179227
          ],
          [
            -98.823008,
            30.178486
          ],
          [
            -98.823478,
            30.176825
          ],
          [
            -98.823588,
            30.176257
          ],
          [
            -98.823629,
            30.17585
          ],
          [
            -98.823645,
            30.175531
          ],
          [
            -98.823661,
            30.174035
          ],
          [
            -98.823682,
            30.173738
          ],
          [
            -98.82373,
            30.172907
          ],
          [
            -98.823779,
            30.17227
          ],
          [
            -98.823796,
            30.171624
          ],
          [
            -98.823755,
            30.170529
          ],
          [
            -98.823736,
            30.170096
          ],
          [
            -98.823702,
            30.169916
          ],
          [
            -98.823641,
            30.169732
          ],
          [
            -98.82355,
            30.169555
          ],
          [
            -98.82337,
            30.169291
          ],
          [
            -98.82327,
            30.169112
          ],
          [
            -98.823193,
            30.168912
          ],
          [
            -98.823149,
            30.168732
          ],
          [
            -98.823095,
            30.168366
          ],
          [
            -98.822629,
            30.16543
          ],
          [
            -98.822546,
            30.165109
          ],
          [
            -98.822045,
            30.163721
          ],
          [
            -98.821836,
            30.163356
          ],
          [
            -98.820893,
            30.162287
          ],
          [
            -98.820776,
            30.162135
          ],
          [
            -98.820695,
            30.16202
          ],
          [
            -98.82057,
            30.16178
          ],
          [
            -98.82042,
            30.161364
          ],
          [
            -98.82036,
            30.161169
          ],
          [
            -98.820349,
            30.161119
          ],
          [
            -98.820252,
            30.160797
          ],
          [
            -98.82023,
            30.160533
          ],
          [
            -98.820183,
            30.156734
          ],
          [
            -98.820167,
            30.155455
          ],
          [
            -98.820172,
            30.153566
          ],
          [
            -98.82015,
            30.15341
          ],
          [
            -98.820123,
            30.153272
          ],
          [
            -98.82008,
            30.153171
          ],
          [
            -98.815107,
            30.153139
          ],
          [
            -98.813618,
            30.153117
          ],
          [
            -98.811711,
            30.153083
          ],
          [
            -98.810301,
            30.153048
          ],
          [
            -98.809597,
            30.153017
          ],
          [
            -98.809097,
            30.153024
          ],
          [
            -98.808614,
            30.153047
          ],
          [
            -98.808179,
            30.153061
          ],
          [
            -98.807666,
            30.153067
          ],
          [
            -98.807049,
            30.153057
          ],
          [
            -98.805729,
            30.153023
          ],
          [
            -98.804853,
            30.153015
          ],
          [
            -98.8046,
            30.153022
          ],
          [
            -98.804474,
            30.153034
          ],
          [
            -98.804348,
            30.153062
          ],
          [
            -98.803787,
            30.153313
          ],
          [
            -98.803644,
            30.153381
          ],
          [
            -98.803441,
            30.153434
          ],
          [
            -98.803179,
            30.153452
          ],
          [
            -98.803012,
            30.153425
          ],
          [
            -98.802699,
            30.15336
          ],
          [
            -98.802211,
            30.153176
          ],
          [
            -98.80183,
            30.153029
          ],
          [
            -98.801399,
            30.152955
          ],
          [
            -98.79988,
            30.152893
          ],
          [
            -98.798899,
            30.152919
          ],
          [
            -98.797986,
            30.153569
          ],
          [
            -98.797709,
            30.154058
          ],
          [
            -98.797191,
            30.154938
          ],
          [
            -98.796257,
            30.156308
          ],
          [
            -98.795539,
            30.157398
          ],
          [
            -98.795128,
            30.157994
          ],
          [
            -98.794936,
            30.158375
          ],
          [
            -98.794683,
            30.159021
          ],
          [
            -98.794444,
            30.159477
          ],
          [
            -98.794155,
            30.159936
          ],
          [
            -98.793699,
            30.160379
          ],
          [
            -98.793609,
            30.160442
          ],
          [
            -98.793126,
            30.16095
          ],
          [
            -98.792608,
            30.161458
          ],
          [
            -98.79209,
            30.161833
          ],
          [
            -98.791847,
            30.161939
          ],
          [
            -98.791374,
            30.162153
          ],
          [
            -98.790784,
            30.16238
          ],
          [
            -98.790464,
            30.162428
          ],
          [
            -98.789679,
            30.162435
          ],
          [
            -98.789103,
            30.162412
          ],
          [
            -98.788863,
            30.162374
          ],
          [
            -98.788597,
            30.162306
          ],
          [
            -98.788288,
            30.162284
          ],
          [
            -98.78803,
            30.162324
          ],
          [
            -98.787506,
            30.162417
          ],
          [
            -98.786484,
            30.162432
          ],
          [
            -98.785375,
            30.162424
          ],
          [
            -98.78491,
            30.162447
          ],
          [
            -98.784597,
            30.162553
          ],
          [
            -98.784162,
            30.162782
          ],
          [
            -98.783538,
            30.163213
          ],
          [
            -98.783193,
            30.163419
          ],
          [
            -98.782952,
            30.163495
          ],
          [
            -98.782678,
            30.163556
          ],
          [
            -98.782222,
            30.163613
          ],
          [
            -98.781329,
            30.163615
          ],
          [
            -98.781115,
            30.163659
          ],
          [
            -98.780834,
            30.163747
          ],
          [
            -98.780397,
            30.16393
          ],
          [
            -98.779405,
            30.16438
          ],
          [
            -98.778915,
            30.164544
          ],
          [
            -98.778178,
            30.164762
          ],
          [
            -98.777658,
            30.164945
          ],
          [
            -98.776876,
            30.165366
          ],
          [
            -98.776475,
            30.165564
          ],
          [
            -98.775924,
            30.165879
          ],
          [
            -98.775041,
            30.166443
          ],
          [
            -98.774709,
            30.166711
          ],
          [
            -98.774143,
            30.16714
          ],
          [
            -98.773832,
            30.16731
          ],
          [
            -98.773643,
            30.167373
          ],
          [
            -98.773419,
            30.167412
          ],
          [
            -98.773134,
            30.167472
          ],
          [
            -98.772857,
            30.167486
          ],
          [
            -98.772084,
            30.16746
          ],
          [
            -98.771814,
            30.167481
          ],
          [
            -98.7716,
            30.16754
          ],
          [
            -98.771247,
            30.167665
          ],
          [
            -98.770179,
            30.168096
          ],
          [
            -98.769369,
            30.168416
          ],
          [
            -98.769146,
            30.168511
          ],
          [
            -98.768879,
            30.16865
          ],
          [
            -98.768524,
            30.168927
          ],
          [
            -98.768279,
            30.169141
          ],
          [
            -98.767889,
            30.169408
          ],
          [
            -98.767608,
            30.169724
          ],
          [
            -98.767284,
            30.17012
          ],
          [
            -98.767057,
            30.170486
          ],
          [
            -98.766976,
            30.170713
          ],
          [
            -98.766962,
            30.171097
          ],
          [
            -98.767021,
            30.17191
          ],
          [
            -98.766987,
            30.174523
          ],
          [
            -98.766964,
            30.17601
          ],
          [
            -98.766947,
            30.176733
          ],
          [
            -98.766935,
            30.177058
          ],
          [
            -98.766882,
            30.17751
          ],
          [
            -98.766806,
            30.178003
          ],
          [
            -98.766669,
            30.178793
          ],
          [
            -98.766647,
            30.178994
          ],
          [
            -98.766638,
            30.179244
          ],
          [
            -98.766634,
            30.180051
          ],
          [
            -98.766633,
            30.180271
          ],
          [
            -98.766631,
            30.181332
          ],
          [
            -98.766606,
            30.1817
          ],
          [
            -98.76655,
            30.181918
          ],
          [
            -98.766497,
            30.182025
          ],
          [
            -98.766438,
            30.182116
          ],
          [
            -98.766339,
            30.182234
          ],
          [
            -98.766194,
            30.182361
          ],
          [
            -98.766049,
            30.182436
          ],
          [
            -98.765911,
            30.182493
          ],
          [
            -98.765733,
            30.182538
          ],
          [
            -98.765534,
            30.182565
          ],
          [
            -98.765395,
            30.182586
          ],
          [
            -98.765267,
            30.182606
          ],
          [
            -98.765137,
            30.182653
          ],
          [
            -98.764912,
            30.182763
          ],
          [
            -98.764636,
            30.182925
          ],
          [
            -98.764507,
            30.183028
          ],
          [
            -98.764381,
            30.183155
          ],
          [
            -98.764326,
            30.183237
          ],
          [
            -98.764287,
            30.183334
          ],
          [
            -98.764263,
            30.183484
          ],
          [
            -98.764236,
            30.183943
          ],
          [
            -98.764206,
            30.184066
          ],
          [
            -98.764152,
            30.184213
          ],
          [
            -98.764057,
            30.184128
          ],
          [
            -98.763696,
            30.18385
          ],
          [
            -98.763387,
            30.183659
          ],
          [
            -98.763173,
            30.183549
          ],
          [
            -98.762864,
            30.18342
          ],
          [
            -98.762624,
            30.183342
          ],
          [
            -98.762292,
            30.183261
          ],
          [
            -98.761944,
            30.183203
          ],
          [
            -98.761671,
            30.183177
          ],
          [
            -98.760749,
            30.183154
          ],
          [
            -98.760406,
            30.18313
          ],
          [
            -98.760152,
            30.183096
          ],
          [
            -98.759973,
            30.183053
          ],
          [
            -98.759873,
            30.183037
          ],
          [
            -98.759473,
            30.182926
          ],
          [
            -98.75914,
            30.18279
          ],
          [
            -98.758816,
            30.182622
          ],
          [
            -98.758553,
            30.182434
          ],
          [
            -98.757634,
            30.181753
          ],
          [
            -98.757375,
            30.181597
          ],
          [
            -98.756953,
            30.181398
          ],
          [
            -98.756489,
            30.181247
          ],
          [
            -98.756015,
            30.181072
          ],
          [
            -98.755823,
            30.180999
          ],
          [
            -98.754809,
            30.180616
          ],
          [
            -98.754685,
            30.180569
          ],
          [
            -98.75373,
            30.180227
          ],
          [
            -98.752791,
            30.179908
          ],
          [
            -98.752206,
            30.179752
          ],
          [
            -98.751758,
            30.17964
          ],
          [
            -98.751285,
            30.17954
          ],
          [
            -98.750999,
            30.17948
          ],
          [
            -98.749484,
            30.179165
          ],
          [
            -98.749174,
            30.179086
          ],
          [
            -98.748866,
            30.178984
          ],
          [
            -98.748371,
            30.178761
          ],
          [
            -98.748008,
            30.178537
          ],
          [
            -98.747677,
            30.178276
          ],
          [
            -98.74753,
            30.178126
          ],
          [
            -98.747186,
            30.177723
          ],
          [
            -98.746956,
            30.177379
          ],
          [
            -98.746222,
            30.176258
          ],
          [
            -98.745663,
            30.175423
          ],
          [
            -98.745446,
            30.175083
          ],
          [
            -98.744183,
            30.173111
          ],
          [
            -98.743992,
            30.172819
          ],
          [
            -98.743343,
            30.171826
          ],
          [
            -98.743193,
            30.171574
          ],
          [
            -98.743082,
            30.171365
          ],
          [
            -98.74288,
            30.170884
          ],
          [
            -98.742819,
            30.170728
          ],
          [
            -98.742756,
            30.170517
          ],
          [
            -98.742658,
            30.17014
          ],
          [
            -98.742624,
            30.169899
          ],
          [
            -98.742599,
            30.169589
          ],
          [
            -98.742463,
            30.166321
          ],
          [
            -98.742411,
            30.164882
          ],
          [
            -98.742368,
            30.163708
          ],
          [
            -98.74233,
            30.163362
          ],
          [
            -98.742321,
            30.163243
          ],
          [
            -98.742234,
            30.162861
          ],
          [
            -98.742106,
            30.162486
          ],
          [
            -98.741954,
            30.162163
          ],
          [
            -98.741083,
            30.160688
          ],
          [
            -98.740877,
            30.160317
          ],
          [
            -98.740722,
            30.159998
          ],
          [
            -98.739729,
            30.15768
          ],
          [
            -98.736917,
            30.151118
          ],
          [
            -98.736777,
            30.150759
          ],
          [
            -98.736716,
            30.150601
          ],
          [
            -98.736656,
            30.150373
          ],
          [
            -98.736624,
            30.150189
          ],
          [
            -98.7366,
            30.149974
          ],
          [
            -98.736556,
            30.149433
          ],
          [
            -98.736499,
            30.148321
          ],
          [
            -98.736433,
            30.147749
          ],
          [
            -98.736393,
            30.14758
          ],
          [
            -98.736327,
            30.147301
          ],
          [
            -98.736176,
            30.146873
          ],
          [
            -98.736029,
            30.146564
          ],
          [
            -98.735854,
            30.146256
          ],
          [
            -98.735513,
            30.145784
          ],
          [
            -98.732856,
            30.142667
          ],
          [
            -98.732323,
            30.142015
          ],
          [
            -98.732192,
            30.141854
          ],
          [
            -98.731756,
            30.141306
          ],
          [
            -98.731506,
            30.14094
          ],
          [
            -98.731069,
            30.14023
          ],
          [
            -98.730047,
            30.138591
          ],
          [
            -98.730019,
            30.138541
          ],
          [
            -98.729987,
            30.138481
          ],
          [
            -98.729639,
            30.137893
          ],
          [
            -98.729418,
            30.137434
          ],
          [
            -98.72917,
            30.136793
          ],
          [
            -98.728993,
            30.136167
          ],
          [
            -98.728943,
            30.135828
          ],
          [
            -98.72887,
            30.135454
          ],
          [
            -98.728827,
            30.134799
          ],
          [
            -98.728865,
            30.134256
          ],
          [
            -98.728971,
            30.133688
          ],
          [
            -98.729108,
            30.133254
          ],
          [
            -98.729356,
            30.13268
          ],
          [
            -98.729591,
            30.132268
          ],
          [
            -98.730067,
            30.131611
          ],
          [
            -98.73085,
            30.130587
          ],
          [
            -98.732333,
            30.128646
          ],
          [
            -98.732583,
            30.128243
          ],
          [
            -98.732765,
            30.127914
          ],
          [
            -98.732957,
            30.127431
          ],
          [
            -98.733075,
            30.127003
          ],
          [
            -98.733122,
            30.126769
          ],
          [
            -98.733682,
            30.122701
          ],
          [
            -98.733852,
            30.121821
          ],
          [
            -98.733999,
            30.121332
          ],
          [
            -98.734252,
            30.120686
          ],
          [
            -98.734573,
            30.120054
          ],
          [
            -98.734859,
            30.119591
          ],
          [
            -98.735191,
            30.11913
          ],
          [
            -98.735439,
            30.118823
          ],
          [
            -98.740658,
            30.112631
          ],
          [
            -98.741149,
            30.112127
          ],
          [
            -98.74154,
            30.111774
          ],
          [
            -98.742018,
            30.111401
          ],
          [
            -98.742409,
            30.111134
          ],
          [
            -98.742818,
            30.110883
          ],
          [
            -98.743404,
            30.11057
          ],
          [
            -98.750212,
            30.107539
          ],
          [
            -98.750759,
            30.107273
          ],
          [
            -98.751084,
            30.107072
          ],
          [
            -98.751511,
            30.106725
          ],
          [
            -98.751755,
            30.106465
          ],
          [
            -98.751965,
            30.106188
          ],
          [
            -98.752139,
            30.105892
          ],
          [
            -98.752277,
            30.105584
          ],
          [
            -98.752409,
            30.105091
          ],
          [
            -98.752434,
            30.104964
          ],
          [
            -98.752449,
            30.104742
          ],
          [
            -98.752443,
            30.104383
          ],
          [
            -98.752429,
            30.104209
          ],
          [
            -98.752388,
            30.104025
          ],
          [
            -98.752359,
            30.103918
          ],
          [
            -98.752297,
            30.103668
          ],
          [
            -98.751452,
            30.101097
          ],
          [
            -98.751093,
            30.099858
          ],
          [
            -98.750881,
            30.09896
          ],
          [
            -98.750821,
            30.098581
          ],
          [
            -98.750781,
            30.098194
          ],
          [
            -98.750767,
            30.097802
          ],
          [
            -98.750775,
            30.097411
          ],
          [
            -98.750828,
            30.096828
          ],
          [
            -98.751529,
            30.092671
          ],
          [
            -98.751601,
            30.092109
          ],
          [
            -98.751609,
            30.091741
          ],
          [
            -98.751595,
            30.091568
          ],
          [
            -98.751579,
            30.091376
          ],
          [
            -98.751548,
            30.091221
          ],
          [
            -98.751506,
            30.091016
          ],
          [
            -98.751426,
            30.09074
          ],
          [
            -98.751328,
            30.090493
          ],
          [
            -98.751173,
            30.090181
          ],
          [
            -98.750879,
            30.089702
          ],
          [
            -98.7506,
            30.089383
          ],
          [
            -98.75043,
            30.089213
          ],
          [
            -98.750106,
            30.088933
          ],
          [
            -98.749015,
            30.088184
          ],
          [
            -98.748596,
            30.08787
          ],
          [
            -98.748182,
            30.087531
          ],
          [
            -98.747504,
            30.086924
          ],
          [
            -98.747123,
            30.086538
          ],
          [
            -98.746767,
            30.086147
          ],
          [
            -98.746737,
            30.086112
          ],
          [
            -98.746299,
            30.085588
          ],
          [
            -98.745963,
            30.085139
          ],
          [
            -98.745495,
            30.084444
          ],
          [
            -98.744637,
            30.083225
          ],
          [
            -98.743251,
            30.081218
          ],
          [
            -98.742484,
            30.080069
          ],
          [
            -98.742288,
            30.079725
          ],
          [
            -98.742116,
            30.079373
          ],
          [
            -98.741896,
            30.078833
          ],
          [
            -98.741284,
            30.076942
          ],
          [
            -98.741141,
            30.076572
          ],
          [
            -98.740976,
            30.076213
          ],
          [
            -98.740693,
            30.075698
          ],
          [
            -98.739458,
            30.073784
          ],
          [
            -98.739166,
            30.073298
          ],
          [
            -98.739065,
            30.073092
          ],
          [
            -98.73892,
            30.072796
          ],
          [
            -98.738797,
            30.072449
          ],
          [
            -98.738699,
            30.072098
          ],
          [
            -98.738632,
            30.071742
          ],
          [
            -98.738619,
            30.071627
          ],
          [
            -98.738593,
            30.071388
          ],
          [
            -98.738546,
            30.070192
          ],
          [
            -98.738497,
            30.068927
          ],
          [
            -98.738466,
            30.067968
          ],
          [
            -98.738452,
            30.067574
          ],
          [
            -98.738423,
            30.066675
          ],
          [
            -98.738438,
            30.066269
          ],
          [
            -98.738478,
            30.065865
          ],
          [
            -98.738594,
            30.065188
          ],
          [
            -98.738657,
            30.064963
          ],
          [
            -98.738764,
            30.064574
          ],
          [
            -98.738944,
            30.064101
          ],
          [
            -98.739128,
            30.06367
          ],
          [
            -98.739353,
            30.063139
          ],
          [
            -98.739703,
            30.062121
          ],
          [
            -98.740172,
            30.060308
          ],
          [
            -98.740526,
            30.058846
          ],
          [
            -98.740657,
            30.05819
          ],
          [
            -98.740695,
            30.057689
          ],
          [
            -98.740696,
            30.057181
          ],
          [
            -98.740619,
            30.056501
          ],
          [
            -98.740511,
            30.056008
          ],
          [
            -98.740416,
            30.055691
          ],
          [
            -98.740266,
            30.055286
          ],
          [
            -98.739814,
            30.054068
          ],
          [
            -98.739766,
            30.053939
          ],
          [
            -98.739702,
            30.053798
          ],
          [
            -98.739548,
            30.053457
          ],
          [
            -98.738522,
            30.051386
          ],
          [
            -98.738489,
            30.05132
          ],
          [
            -98.738205,
            30.050754
          ],
          [
            -98.738115,
            30.05055
          ],
          [
            -98.737922,
            30.050115
          ],
          [
            -98.737893,
            30.050034
          ],
          [
            -98.737599,
            30.049223
          ],
          [
            -98.737371,
            30.048468
          ],
          [
            -98.736291,
            30.044477
          ],
          [
            -98.735962,
            30.043261
          ],
          [
            -98.73496,
            30.039609
          ],
          [
            -98.734768,
            30.038911
          ],
          [
            -98.734281,
            30.037105
          ],
          [
            -98.734161,
            30.036725
          ],
          [
            -98.73402,
            30.036361
          ],
          [
            -98.733861,
            30.036009
          ],
          [
            -98.733743,
            30.035813
          ],
          [
            -98.733597,
            30.035514
          ],
          [
            -98.73339,
            30.035171
          ],
          [
            -98.73322,
            30.034923
          ],
          [
            -98.732559,
            30.034073
          ],
          [
            -98.731454,
            30.032697
          ],
          [
            -98.730996,
            30.032127
          ],
          [
            -98.730563,
            30.031518
          ],
          [
            -98.730213,
            30.030909
          ],
          [
            -98.729962,
            30.030362
          ],
          [
            -98.729748,
            30.02977
          ],
          [
            -98.729619,
            30.029297
          ],
          [
            -98.729496,
            30.028641
          ],
          [
            -98.729439,
            30.027972
          ],
          [
            -98.729434,
            30.026763
          ],
          [
            -98.729436,
            30.026483
          ],
          [
            -98.729456,
            30.025821
          ],
          [
            -98.729494,
            30.025479
          ],
          [
            -98.729587,
            30.024968
          ],
          [
            -98.729736,
            30.024414
          ],
          [
            -98.729846,
            30.024083
          ],
          [
            -98.730092,
            30.023241
          ],
          [
            -98.730234,
            30.022627
          ],
          [
            -98.730306,
            30.022077
          ],
          [
            -98.730321,
            30.021962
          ],
          [
            -98.730347,
            30.021272
          ],
          [
            -98.730333,
            30.020927
          ],
          [
            -98.730304,
            30.020386
          ],
          [
            -98.730008,
            30.018453
          ],
          [
            -98.729641,
            30.015621
          ],
          [
            -98.729542,
            30.014647
          ],
          [
            -98.729538,
            30.014226
          ],
          [
            -98.729509,
            30.011087
          ],
          [
            -98.729498,
            30.007837
          ],
          [
            -98.729489,
            30.004049
          ],
          [
            -98.729465,
            30.003512
          ],
          [
            -98.729377,
            30.002653
          ],
          [
            -98.729199,
            30.001792
          ],
          [
            -98.729127,
            30.001552
          ],
          [
            -98.728999,
            30.001128
          ],
          [
            -98.728736,
            30.00043
          ],
          [
            -98.728383,
            29.999698
          ],
          [
            -98.728055,
            29.999122
          ],
          [
            -98.727681,
            29.998561
          ],
          [
            -98.727366,
            29.998142
          ],
          [
            -98.726393,
            29.996953
          ],
          [
            -98.726075,
            29.996501
          ],
          [
            -98.725918,
            29.996279
          ],
          [
            -98.725669,
            29.995834
          ],
          [
            -98.725499,
            29.995493
          ],
          [
            -98.725336,
            29.995111
          ],
          [
            -98.725189,
            29.994702
          ],
          [
            -98.725031,
            29.994123
          ],
          [
            -98.724939,
            29.993665
          ],
          [
            -98.72488,
            29.993187
          ],
          [
            -98.724856,
            29.99269
          ],
          [
            -98.724989,
            29.984739
          ],
          [
            -98.724968,
            29.984253
          ],
          [
            -98.724894,
            29.983771
          ],
          [
            -98.724814,
            29.983453
          ],
          [
            -98.724675,
            29.983026
          ],
          [
            -98.724516,
            29.982693
          ],
          [
            -98.724336,
            29.982342
          ],
          [
            -98.723888,
            29.981711
          ],
          [
            -98.722698,
            29.980375
          ],
          [
            -98.722498,
            29.980098
          ],
          [
            -98.722347,
            29.979851
          ],
          [
            -98.722239,
            29.979667
          ],
          [
            -98.722171,
            29.979552
          ],
          [
            -98.721982,
            29.979147
          ],
          [
            -98.72182,
            29.978681
          ],
          [
            -98.721708,
            29.97821
          ],
          [
            -98.72166,
            29.977889
          ],
          [
            -98.721593,
            29.977359
          ],
          [
            -98.721417,
            29.975639
          ],
          [
            -98.721257,
            29.974617
          ],
          [
            -98.721021,
            29.973109
          ],
          [
            -98.720969,
            29.972812
          ],
          [
            -98.720929,
            29.972626
          ],
          [
            -98.720848,
            29.97236
          ],
          [
            -98.7207,
            29.972017
          ],
          [
            -98.720502,
            29.971653
          ],
          [
            -98.719965,
            29.970784
          ],
          [
            -98.719959,
            29.970774
          ],
          [
            -98.719472,
            29.969969
          ],
          [
            -98.719122,
            29.969415
          ],
          [
            -98.718653,
            29.968666
          ],
          [
            -98.7184,
            29.968251
          ],
          [
            -98.718286,
            29.968064
          ],
          [
            -98.718223,
            29.968111
          ],
          [
            -98.71799,
            29.968281
          ],
          [
            -98.717558,
            29.968581
          ],
          [
            -98.716581,
            29.969236
          ],
          [
            -98.716542,
            29.969262
          ],
          [
            -98.7161,
            29.969488
          ],
          [
            -98.715851,
            29.969584
          ],
          [
            -98.715587,
            29.969664
          ],
          [
            -98.715314,
            29.969731
          ],
          [
            -98.715028,
            29.969779
          ],
          [
            -98.714748,
            29.969799
          ],
          [
            -98.714592,
            29.969809
          ],
          [
            -98.714174,
            29.969788
          ],
          [
            -98.712795,
            29.969655
          ],
          [
            -98.712369,
            29.969652
          ],
          [
            -98.712246,
            29.969665
          ],
          [
            -98.711817,
            29.969711
          ],
          [
            -98.711534,
            29.969769
          ],
          [
            -98.711252,
            29.969848
          ],
          [
            -98.710977,
            29.969946
          ],
          [
            -98.710715,
            29.970066
          ],
          [
            -98.71046,
            29.970201
          ],
          [
            -98.710218,
            29.970353
          ],
          [
            -98.709997,
            29.970516
          ],
          [
            -98.709801,
            29.970689
          ],
          [
            -98.709659,
            29.970851
          ],
          [
            -98.709544,
            29.970968
          ],
          [
            -98.709325,
            29.971281
          ],
          [
            -98.709134,
            29.971616
          ],
          [
            -98.708946,
            29.97206
          ],
          [
            -98.70859,
            29.973079
          ],
          [
            -98.708083,
            29.974536
          ],
          [
            -98.708079,
            29.974547
          ],
          [
            -98.707856,
            29.975181
          ],
          [
            -98.707753,
            29.975472
          ],
          [
            -98.707619,
            29.975849
          ],
          [
            -98.707012,
            29.977639
          ],
          [
            -98.706578,
            29.979087
          ],
          [
            -98.706028,
            29.980924
          ],
          [
            -98.705912,
            29.981223
          ],
          [
            -98.705691,
            29.981616
          ],
          [
            -98.705506,
            29.981857
          ],
          [
            -98.705446,
            29.981929
          ],
          [
            -98.705354,
            29.982039
          ],
          [
            -98.705163,
            29.982232
          ],
          [
            -98.70514,
            29.98225
          ],
          [
            -98.704944,
            29.982412
          ],
          [
            -98.701546,
            29.984809
          ],
          [
            -98.701356,
            29.98492
          ],
          [
            -98.70115,
            29.985039
          ],
          [
            -98.700863,
            29.985168
          ],
          [
            -98.700414,
            29.985317
          ],
          [
            -98.699929,
            29.985422
          ],
          [
            -98.699594,
            29.985452
          ],
          [
            -98.69877,
            29.98546
          ],
          [
            -98.695173,
            29.985456
          ],
          [
            -98.694953,
            29.985456
          ],
          [
            -98.694392,
            29.985456
          ],
          [
            -98.692667,
            29.985454
          ],
          [
            -98.69178,
            29.985449
          ],
          [
            -98.691324,
            29.985428
          ],
          [
            -98.691155,
            29.985408
          ],
          [
            -98.691056,
            29.985396
          ],
          [
            -98.690731,
            29.985336
          ],
          [
            -98.690637,
            29.985315
          ],
          [
            -98.690279,
            29.985236
          ],
          [
            -98.689826,
            29.985111
          ],
          [
            -98.688597,
            29.984735
          ],
          [
            -98.687974,
            29.984633
          ],
          [
            -98.687389,
            29.984521
          ],
          [
            -98.686817,
            29.984417
          ],
          [
            -98.686474,
            29.984336
          ],
          [
            -98.685447,
            29.98396
          ],
          [
            -98.684416,
            29.983519
          ],
          [
            -98.684072,
            29.983357
          ],
          [
            -98.683837,
            29.983225
          ],
          [
            -98.683607,
            29.983067
          ],
          [
            -98.683383,
            29.982887
          ],
          [
            -98.683053,
            29.982582
          ],
          [
            -98.682838,
            29.982358
          ],
          [
            -98.682747,
            29.98225
          ],
          [
            -98.682639,
            29.982121
          ],
          [
            -98.682602,
            29.982065
          ],
          [
            -98.682303,
            29.981611
          ],
          [
            -98.682167,
            29.981348
          ],
          [
            -98.681532,
            29.979976
          ],
          [
            -98.681445,
            29.979803
          ],
          [
            -98.681268,
            29.979493
          ],
          [
            -98.681054,
            29.979203
          ],
          [
            -98.680887,
            29.979011
          ],
          [
            -98.680697,
            29.978828
          ],
          [
            -98.680486,
            29.978661
          ],
          [
            -98.680268,
            29.978508
          ],
          [
            -98.680241,
            29.978492
          ],
          [
            -98.680039,
            29.978373
          ],
          [
            -98.679792,
            29.978249
          ],
          [
            -98.678949,
            29.977902
          ],
          [
            -98.678353,
            29.977678
          ],
          [
            -98.677919,
            29.977549
          ],
          [
            -98.677643,
            29.977497
          ],
          [
            -98.677371,
            29.977457
          ],
          [
            -98.676976,
            29.977441
          ],
          [
            -98.676719,
            29.977449
          ],
          [
            -98.676442,
            29.977483
          ],
          [
            -98.676344,
            29.977495
          ],
          [
            -98.676087,
            29.977547
          ],
          [
            -98.675686,
            29.977663
          ],
          [
            -98.675427,
            29.977766
          ],
          [
            -98.67451,
            29.978196
          ],
          [
            -98.674233,
            29.978326
          ],
          [
            -98.673751,
            29.978534
          ],
          [
            -98.671004,
            29.979619
          ],
          [
            -98.669916,
            29.980041
          ],
          [
            -98.669088,
            29.980354
          ],
          [
            -98.668968,
            29.9804
          ],
          [
            -98.668026,
            29.980764
          ],
          [
            -98.664609,
            29.98203
          ],
          [
            -98.664193,
            29.982157
          ],
          [
            -98.663741,
            29.982268
          ],
          [
            -98.663108,
            29.982366
          ],
          [
            -98.662787,
            29.982391
          ],
          [
            -98.662167,
            29.982402
          ],
          [
            -98.661749,
            29.982382
          ],
          [
            -98.661343,
            29.982331
          ],
          [
            -98.661254,
            29.982312
          ],
          [
            -98.660414,
            29.982141
          ],
          [
            -98.659512,
            29.981947
          ],
          [
            -98.658291,
            29.981662
          ],
          [
            -98.657653,
            29.981474
          ],
          [
            -98.657552,
            29.981441
          ],
          [
            -98.655019,
            29.980598
          ],
          [
            -98.653804,
            29.980178
          ],
          [
            -98.651483,
            29.979364
          ],
          [
            -98.650769,
            29.979153
          ],
          [
            -98.650199,
            29.979053
          ],
          [
            -98.649507,
            29.978991
          ],
          [
            -98.649058,
            29.978985
          ],
          [
            -98.648604,
            29.979008
          ],
          [
            -98.648173,
            29.979065
          ],
          [
            -98.64725,
            29.979217
          ],
          [
            -98.645241,
            29.979547
          ],
          [
            -98.644727,
            29.97962
          ],
          [
            -98.644209,
            29.979667
          ],
          [
            -98.644169,
            29.979667
          ],
          [
            -98.643524,
            29.979661
          ],
          [
            -98.643188,
            29.979632
          ],
          [
            -98.642697,
            29.979565
          ],
          [
            -98.642121,
            29.979472
          ],
          [
            -98.640814,
            29.979263
          ],
          [
            -98.63883,
            29.978944
          ],
          [
            -98.635427,
            29.978397
          ],
          [
            -98.634462,
            29.978242
          ],
          [
            -98.634009,
            29.978181
          ],
          [
            -98.633648,
            29.978145
          ],
          [
            -98.633268,
            29.978134
          ],
          [
            -98.631796,
            29.978174
          ],
          [
            -98.629146,
            29.978303
          ],
          [
            -98.628345,
            29.978361
          ],
          [
            -98.628045,
            29.978366
          ],
          [
            -98.627872,
            29.978418
          ],
          [
            -98.627257,
            29.978551
          ],
          [
            -98.624629,
            29.979228
          ],
          [
            -98.623477,
            29.979488
          ],
          [
            -98.622076,
            29.979756
          ],
          [
            -98.618728,
            29.980279
          ],
          [
            -98.618329,
            29.980321
          ],
          [
            -98.618064,
            29.980332
          ],
          [
            -98.616098,
            29.9803
          ],
          [
            -98.615893,
            29.980316
          ],
          [
            -98.615677,
            29.980353
          ],
          [
            -98.615416,
            29.980424
          ],
          [
            -98.61513,
            29.980527
          ],
          [
            -98.614899,
            29.980652
          ],
          [
            -98.614647,
            29.980829
          ],
          [
            -98.61438,
            29.981104
          ],
          [
            -98.614034,
            29.981569
          ],
          [
            -98.613828,
            29.98182
          ],
          [
            -98.613664,
            29.981983
          ],
          [
            -98.613384,
            29.982197
          ],
          [
            -98.613181,
            29.982312
          ],
          [
            -98.612969,
            29.982408
          ],
          [
            -98.612829,
            29.982451
          ],
          [
            -98.612655,
            29.982506
          ],
          [
            -98.612541,
            29.982529
          ],
          [
            -98.612439,
            29.98255
          ],
          [
            -98.612208,
            29.982576
          ],
          [
            -98.611962,
            29.982582
          ],
          [
            -98.609229,
            29.982561
          ],
          [
            -98.608957,
            29.982572
          ],
          [
            -98.608406,
            29.982621
          ],
          [
            -98.607885,
            29.982691
          ],
          [
            -98.607392,
            29.982782
          ],
          [
            -98.604802,
            29.983417
          ],
          [
            -98.604294,
            29.983525
          ],
          [
            -98.603952,
            29.983574
          ],
          [
            -98.603513,
            29.983636
          ],
          [
            -98.603103,
            29.983672
          ],
          [
            -98.602548,
            29.983697
          ],
          [
            -98.601787,
            29.983694
          ],
          [
            -98.597052,
            29.983615
          ],
          [
            -98.59616,
            29.983611
          ],
          [
            -98.595206,
            29.983644
          ],
          [
            -98.595169,
            29.983646
          ],
          [
            -98.594016,
            29.983698
          ],
          [
            -98.593401,
            29.983733
          ],
          [
            -98.593148,
            29.983759
          ],
          [
            -98.593088,
            29.983766
          ],
          [
            -98.592665,
            29.983828
          ],
          [
            -98.592409,
            29.983885
          ],
          [
            -98.591322,
            29.984173
          ],
          [
            -98.590539,
            29.984412
          ],
          [
            -98.590298,
            29.984502
          ],
          [
            -98.589977,
            29.984642
          ],
          [
            -98.588723,
            29.985294
          ],
          [
            -98.588469,
            29.985402
          ],
          [
            -98.588074,
            29.985538
          ],
          [
            -98.587666,
            29.985636
          ],
          [
            -98.587237,
            29.985702
          ],
          [
            -98.586794,
            29.985737
          ],
          [
            -98.586331,
            29.985743
          ],
          [
            -98.585184,
            29.98572
          ],
          [
            -98.584655,
            29.985703
          ],
          [
            -98.584332,
            29.985685
          ],
          [
            -98.583376,
            29.985597
          ],
          [
            -98.582066,
            29.985431
          ],
          [
            -98.581202,
            29.985371
          ],
          [
            -98.577996,
            29.985278
          ],
          [
            -98.576743,
            29.985227
          ],
          [
            -98.574749,
            29.985167
          ],
          [
            -98.573196,
            29.985136
          ],
          [
            -98.572006,
            29.985121
          ],
          [
            -98.571272,
            29.98512
          ],
          [
            -98.569201,
            29.985131
          ],
          [
            -98.567756,
            29.985161
          ],
          [
            -98.566865,
            29.98518
          ],
          [
            -98.566354,
            29.985168
          ],
          [
            -98.565873,
            29.985116
          ],
          [
            -98.565568,
            29.985058
          ],
          [
            -98.564981,
            29.984886
          ],
          [
            -98.564562,
            29.984705
          ],
          [
            -98.563533,
            29.984167
          ],
          [
            -98.563002,
            29.983924
          ],
          [
            -98.562715,
            29.983822
          ],
          [
            -98.562413,
            29.983734
          ],
          [
            -98.561934,
            29.983638
          ],
          [
            -98.561595,
            29.983601
          ],
          [
            -98.561061,
            29.983578
          ],
          [
            -98.560787,
            29.983568
          ],
          [
            -98.557406,
            29.983501
          ],
          [
            -98.556701,
            29.983487
          ],
          [
            -98.556635,
            29.983486
          ],
          [
            -98.552093,
            29.983396
          ],
          [
            -98.551469,
            29.983348
          ],
          [
            -98.551011,
            29.983246
          ],
          [
            -98.550556,
            29.983088
          ],
          [
            -98.550252,
            29.98293
          ],
          [
            -98.550036,
            29.982818
          ],
          [
            -98.549767,
            29.982631
          ],
          [
            -98.549341,
            29.982256
          ],
          [
            -98.549061,
            29.981921
          ],
          [
            -98.548879,
            29.981627
          ],
          [
            -98.548053,
            29.979892
          ],
          [
            -98.547927,
            29.979669
          ],
          [
            -98.547711,
            29.979353
          ],
          [
            -98.547383,
            29.978979
          ],
          [
            -98.547221,
            29.978836
          ],
          [
            -98.547028,
            29.978664
          ],
          [
            -98.546723,
            29.978438
          ],
          [
            -98.546258,
            29.978159
          ],
          [
            -98.545466,
            29.977823
          ],
          [
            -98.541666,
            29.976335
          ],
          [
            -98.540898,
            29.97603
          ],
          [
            -98.540825,
            29.976005
          ],
          [
            -98.540118,
            29.975741
          ],
          [
            -98.539618,
            29.975594
          ],
          [
            -98.538562,
            29.975326
          ],
          [
            -98.536883,
            29.974864
          ],
          [
            -98.534003,
            29.973887
          ],
          [
            -98.532813,
            29.973544
          ],
          [
            -98.532263,
            29.973444
          ],
          [
            -98.531966,
            29.973392
          ],
          [
            -98.531404,
            29.973336
          ],
          [
            -98.528591,
            29.973129
          ],
          [
            -98.528106,
            29.973042
          ],
          [
            -98.527642,
            29.972887
          ],
          [
            -98.52728,
            29.97272
          ],
          [
            -98.526949,
            29.972531
          ],
          [
            -98.526671,
            29.972331
          ],
          [
            -98.526441,
            29.972133
          ],
          [
            -98.526269,
            29.971944
          ],
          [
            -98.526124,
            29.971786
          ],
          [
            -98.525921,
            29.971502
          ],
          [
            -98.525891,
            29.971464
          ],
          [
            -98.524716,
            29.969984
          ],
          [
            -98.524466,
            29.969697
          ],
          [
            -98.524335,
            29.969573
          ],
          [
            -98.524234,
            29.969498
          ],
          [
            -98.523977,
            29.969314
          ],
          [
            -98.523648,
            29.969147
          ],
          [
            -98.523514,
            29.96909
          ],
          [
            -98.52338,
            29.969044
          ],
          [
            -98.523072,
            29.968963
          ],
          [
            -98.52298,
            29.968949
          ],
          [
            -98.522907,
            29.968939
          ],
          [
            -98.522743,
            29.968922
          ],
          [
            -98.522479,
            29.968904
          ],
          [
            -98.522256,
            29.968924
          ],
          [
            -98.522051,
            29.968943
          ],
          [
            -98.521897,
            29.968975
          ],
          [
            -98.521654,
            29.969037
          ],
          [
            -98.521307,
            29.969126
          ],
          [
            -98.520929,
            29.969223
          ],
          [
            -98.520838,
            29.969246
          ],
          [
            -98.520081,
            29.969441
          ],
          [
            -98.518961,
            29.969724
          ],
          [
            -98.518398,
            29.969886
          ],
          [
            -98.518271,
            29.969922
          ],
          [
            -98.517529,
            29.970248
          ],
          [
            -98.512161,
            29.973036
          ],
          [
            -98.511928,
            29.973142
          ],
          [
            -98.511556,
            29.973247
          ],
          [
            -98.511289,
            29.973284
          ],
          [
            -98.511019,
            29.97329
          ],
          [
            -98.510761,
            29.973265
          ],
          [
            -98.51057,
            29.973219
          ],
          [
            -98.510388,
            29.973174
          ],
          [
            -98.510262,
            29.973123
          ],
          [
            -98.510027,
            29.973027
          ],
          [
            -98.506695,
            29.97147
          ],
          [
            -98.506488,
            29.971389
          ],
          [
            -98.506167,
            29.971298
          ],
          [
            -98.505929,
            29.971258
          ],
          [
            -98.505679,
            29.971241
          ],
          [
            -98.505303,
            29.971263
          ],
          [
            -98.505068,
            29.971314
          ],
          [
            -98.504844,
            29.971392
          ],
          [
            -98.504404,
            29.971595
          ],
          [
            -98.502883,
            29.972383
          ],
          [
            -98.502132,
            29.972772
          ],
          [
            -98.501862,
            29.972893
          ],
          [
            -98.501639,
            29.972974
          ],
          [
            -98.5015,
            29.973008
          ],
          [
            -98.501353,
            29.973032
          ],
          [
            -98.501119,
            29.97305
          ],
          [
            -98.500919,
            29.973042
          ],
          [
            -98.500763,
            29.973033
          ],
          [
            -98.50021,
            29.972933
          ],
          [
            -98.495226,
            29.971859
          ],
          [
            -98.49459,
            29.971807
          ],
          [
            -98.492886,
            29.971715
          ],
          [
            -98.492381,
            29.971637
          ],
          [
            -98.491847,
            29.971504
          ],
          [
            -98.490159,
            29.970938
          ],
          [
            -98.489748,
            29.970827
          ],
          [
            -98.48916,
            29.970701
          ],
          [
            -98.488537,
            29.970596
          ],
          [
            -98.485915,
            29.970204
          ],
          [
            -98.485602,
            29.970162
          ],
          [
            -98.485374,
            29.970129
          ],
          [
            -98.484484,
            29.97
          ],
          [
            -98.483493,
            29.969856
          ],
          [
            -98.482598,
            29.969727
          ],
          [
            -98.481818,
            29.969614
          ],
          [
            -98.481334,
            29.969545
          ],
          [
            -98.480643,
            29.969463
          ],
          [
            -98.480104,
            29.969427
          ],
          [
            -98.479541,
            29.969444
          ],
          [
            -98.477353,
            29.969664
          ],
          [
            -98.476941,
            29.969691
          ],
          [
            -98.476694,
            29.969687
          ],
          [
            -98.476348,
            29.969643
          ],
          [
            -98.476141,
            29.9696
          ],
          [
            -98.476029,
            29.969571
          ],
          [
            -98.475537,
            29.969406
          ],
          [
            -98.474508,
            29.969007
          ],
          [
            -98.474179,
            29.968923
          ],
          [
            -98.473804,
            29.968869
          ],
          [
            -98.473486,
            29.968857
          ],
          [
            -98.473156,
            29.968871
          ],
          [
            -98.46977,
            29.969143
          ],
          [
            -98.469657,
            29.969147
          ],
          [
            -98.469313,
            29.969156
          ],
          [
            -98.468771,
            29.969154
          ],
          [
            -98.46836,
            29.969126
          ],
          [
            -98.467971,
            29.969085
          ],
          [
            -98.465411,
            29.968708
          ],
          [
            -98.464798,
            29.968633
          ],
          [
            -98.464435,
            29.968611
          ],
          [
            -98.463949,
            29.968622
          ],
          [
            -98.463605,
            29.968658
          ],
          [
            -98.463423,
            29.968683
          ],
          [
            -98.460107,
            29.969122
          ],
          [
            -98.459707,
            29.969142
          ],
          [
            -98.459528,
            29.969123
          ],
          [
            -98.459225,
            29.969079
          ],
          [
            -98.458948,
            29.969007
          ],
          [
            -98.458669,
            29.968906
          ],
          [
            -98.458394,
            29.968768
          ],
          [
            -98.458129,
            29.968598
          ],
          [
            -98.453619,
            29.965143
          ],
          [
            -98.452782,
            29.964582
          ],
          [
            -98.45184,
            29.964048
          ],
          [
            -98.451634,
            29.963931
          ],
          [
            -98.451037,
            29.963657
          ],
          [
            -98.450784,
            29.963574
          ],
          [
            -98.450394,
            29.963478
          ],
          [
            -98.449719,
            29.963382
          ],
          [
            -98.448756,
            29.963287
          ],
          [
            -98.448179,
            29.963254
          ],
          [
            -98.446439,
            29.963309
          ],
          [
            -98.445821,
            29.963346
          ],
          [
            -98.445312,
            29.963408
          ],
          [
            -98.444556,
            29.963539
          ],
          [
            -98.444008,
            29.963635
          ],
          [
            -98.443739,
            29.963703
          ],
          [
            -98.443546,
            29.963768
          ],
          [
            -98.443267,
            29.963898
          ],
          [
            -98.443095,
            29.964006
          ],
          [
            -98.442932,
            29.964137
          ],
          [
            -98.442684,
            29.964372
          ],
          [
            -98.442259,
            29.964821
          ],
          [
            -98.441237,
            29.965934
          ],
          [
            -98.441036,
            29.966116
          ],
          [
            -98.440817,
            29.966267
          ],
          [
            -98.440702,
            29.966332
          ],
          [
            -98.440463,
            29.96643
          ],
          [
            -98.440102,
            29.966521
          ],
          [
            -98.439768,
            29.966541
          ],
          [
            -98.439387,
            29.966494
          ],
          [
            -98.439206,
            29.966448
          ],
          [
            -98.438909,
            29.966359
          ],
          [
            -98.438579,
            29.966249
          ],
          [
            -98.4384,
            29.966178
          ],
          [
            -98.438173,
            29.966078
          ],
          [
            -98.437879,
            29.965945
          ],
          [
            -98.43592,
            29.964979
          ],
          [
            -98.435812,
            29.964932
          ],
          [
            -98.435701,
            29.964892
          ],
          [
            -98.435586,
            29.964859
          ],
          [
            -98.435468,
            29.964834
          ],
          [
            -98.435418,
            29.964827
          ],
          [
            -98.435349,
            29.964817
          ],
          [
            -98.43523,
            29.964808
          ],
          [
            -98.435109,
            29.964807
          ],
          [
            -98.434928,
            29.96482
          ],
          [
            -98.434807,
            29.964844
          ],
          [
            -98.434688,
            29.964875
          ],
          [
            -98.434573,
            29.964915
          ],
          [
            -98.43446,
            29.964962
          ],
          [
            -98.434353,
            29.965016
          ],
          [
            -98.434251,
            29.965078
          ],
          [
            -98.434156,
            29.965146
          ],
          [
            -98.434066,
            29.965221
          ],
          [
            -98.433983,
            29.965302
          ],
          [
            -98.433051,
            29.966287
          ],
          [
            -98.432456,
            29.966885
          ],
          [
            -98.431669,
            29.967552
          ],
          [
            -98.431527,
            29.967657
          ],
          [
            -98.431377,
            29.967754
          ],
          [
            -98.431265,
            29.967815
          ],
          [
            -98.431218,
            29.96784
          ],
          [
            -98.431053,
            29.967916
          ],
          [
            -98.430882,
            29.96798
          ],
          [
            -98.43059,
            29.968066
          ],
          [
            -98.430529,
            29.968084
          ],
          [
            -98.429551,
            29.968361
          ],
          [
            -98.428901,
            29.968565
          ],
          [
            -98.428738,
            29.968632
          ],
          [
            -98.428633,
            29.968685
          ],
          [
            -98.428533,
            29.968745
          ],
          [
            -98.428393,
            29.968845
          ],
          [
            -98.428265,
            29.968956
          ],
          [
            -98.428152,
            29.96908
          ],
          [
            -98.428118,
            29.969123
          ],
          [
            -98.427152,
            29.97055
          ],
          [
            -98.427107,
            29.970617
          ],
          [
            -98.426769,
            29.971126
          ],
          [
            -98.426682,
            29.971234
          ],
          [
            -98.426628,
            29.971302
          ],
          [
            -98.426468,
            29.971466
          ],
          [
            -98.426293,
            29.971617
          ],
          [
            -98.426151,
            29.97172
          ],
          [
            -98.42611,
            29.971745
          ],
          [
            -98.42595,
            29.971844
          ],
          [
            -98.42559,
            29.972024
          ],
          [
            -98.425193,
            29.972215
          ],
          [
            -98.425126,
            29.972247
          ],
          [
            -98.424313,
            29.972637
          ],
          [
            -98.42387,
            29.972849
          ],
          [
            -98.422588,
            29.973449
          ],
          [
            -98.422364,
            29.973533
          ],
          [
            -98.422132,
            29.9736
          ],
          [
            -98.421894,
            29.973649
          ],
          [
            -98.421593,
            29.973689
          ],
          [
            -98.420615,
            29.973791
          ],
          [
            -98.419972,
            29.973852
          ],
          [
            -98.419673,
            29.973898
          ],
          [
            -98.419378,
            29.973962
          ],
          [
            -98.41909,
            29.974046
          ],
          [
            -98.418502,
            29.974244
          ],
          [
            -98.418223,
            29.974357
          ],
          [
            -98.417956,
            29.974488
          ],
          [
            -98.417699,
            29.974637
          ],
          [
            -98.417456,
            29.974802
          ],
          [
            -98.416957,
            29.975197
          ],
          [
            -98.415556,
            29.976323
          ],
          [
            -98.415295,
            29.976533
          ],
          [
            -98.415201,
            29.976597
          ],
          [
            -98.415102,
            29.976654
          ],
          [
            -98.414998,
            29.976706
          ],
          [
            -98.41489,
            29.976751
          ],
          [
            -98.41478,
            29.976789
          ],
          [
            -98.414666,
            29.976819
          ],
          [
            -98.41455,
            29.976842
          ],
          [
            -98.414369,
            29.97687
          ],
          [
            -98.414183,
            29.976886
          ],
          [
            -98.413996,
            29.976885
          ],
          [
            -98.413811,
            29.976868
          ],
          [
            -98.412964,
            29.976727
          ],
          [
            -98.412206,
            29.976625
          ],
          [
            -98.412026,
            29.976587
          ],
          [
            -98.411969,
            29.97657
          ],
          [
            -98.411851,
            29.976536
          ],
          [
            -98.411682,
            29.976471
          ],
          [
            -98.411576,
            29.976421
          ],
          [
            -98.41081,
            29.976029
          ],
          [
            -98.41068,
            29.975962
          ],
          [
            -98.410335,
            29.977104
          ],
          [
            -98.409494,
            29.979959
          ],
          [
            -98.409334,
            29.980601
          ],
          [
            -98.409199,
            29.981248
          ],
          [
            -98.409088,
            29.981897
          ],
          [
            -98.408133,
            29.988189
          ],
          [
            -98.407885,
            29.989767
          ],
          [
            -98.407803,
            29.990251
          ],
          [
            -98.407699,
            29.990733
          ],
          [
            -98.407572,
            29.991211
          ],
          [
            -98.407004,
            29.993038
          ],
          [
            -98.405827,
            29.996755
          ],
          [
            -98.405716,
            29.997176
          ],
          [
            -98.405628,
            29.997602
          ],
          [
            -98.405569,
            29.997976
          ],
          [
            -98.405526,
            29.9984
          ],
          [
            -98.405503,
            29.998879
          ],
          [
            -98.405517,
            29.999849
          ],
          [
            -98.405518,
            30.000339
          ],
          [
            -98.405519,
            30.001161
          ],
          [
            -98.40552,
            30.001328
          ],
          [
            -98.405523,
            30.001619
          ],
          [
            -98.405526,
            30.00179
          ],
          [
            -98.405532,
            30.001979
          ],
          [
            -98.405527,
            30.002267
          ],
          [
            -98.405527,
            30.002689
          ],
          [
            -98.405542,
            30.004691
          ],
          [
            -98.405539,
            30.005423
          ],
          [
            -98.405543,
            30.006351
          ],
          [
            -98.405555,
            30.007479
          ],
          [
            -98.405559,
            30.007842
          ],
          [
            -98.405573,
            30.009801
          ],
          [
            -98.405591,
            30.010846
          ],
          [
            -98.405623,
            30.012703
          ],
          [
            -98.405628,
            30.012996
          ],
          [
            -98.40566,
            30.013433
          ],
          [
            -98.405712,
            30.013868
          ],
          [
            -98.405785,
            30.014301
          ],
          [
            -98.405831,
            30.014516
          ],
          [
            -98.406075,
            30.015455
          ],
          [
            -98.406203,
            30.015918
          ],
          [
            -98.406432,
            30.016767
          ],
          [
            -98.407082,
            30.019173
          ],
          [
            -98.407361,
            30.020183
          ],
          [
            -98.408435,
            30.024133
          ],
          [
            -98.408751,
            30.025321
          ],
          [
            -98.409666,
            30.028687
          ],
          [
            -98.409742,
            30.028964
          ],
          [
            -98.409983,
            30.029852
          ],
          [
            -98.41021,
            30.030676
          ],
          [
            -98.410503,
            30.031768
          ],
          [
            -98.41066,
            30.032341
          ],
          [
            -98.410901,
            30.033222
          ],
          [
            -98.410964,
            30.033453
          ],
          [
            -98.411285,
            30.03468
          ],
          [
            -98.411454,
            30.035367
          ],
          [
            -98.411536,
            30.035797
          ],
          [
            -98.411564,
            30.036005
          ],
          [
            -98.411594,
            30.03623
          ],
          [
            -98.411629,
            30.036687
          ],
          [
            -98.411636,
            30.036774
          ],
          [
            -98.411652,
            30.037261
          ],
          [
            -98.411651,
            30.037587
          ],
          [
            -98.41165,
            30.037621
          ],
          [
            -98.411641,
            30.037946
          ],
          [
            -98.411624,
            30.038575
          ],
          [
            -98.411599,
            30.039465
          ],
          [
            -98.411593,
            30.040312
          ],
          [
            -98.411582,
            30.040733
          ],
          [
            -98.411572,
            30.041189
          ],
          [
            -98.411559,
            30.041806
          ],
          [
            -98.411537,
            30.044141
          ],
          [
            -98.411528,
            30.044937
          ],
          [
            -98.4115,
            30.045851
          ],
          [
            -98.411483,
            30.04697
          ],
          [
            -98.411478,
            30.047281
          ],
          [
            -98.411464,
            30.047846
          ],
          [
            -98.411463,
            30.047901
          ],
          [
            -98.411421,
            30.049711
          ],
          [
            -98.411405,
            30.050289
          ],
          [
            -98.411395,
            30.050664
          ],
          [
            -98.411389,
            30.051083
          ],
          [
            -98.411386,
            30.051266
          ],
          [
            -98.411331,
            30.053479
          ],
          [
            -98.411324,
            30.053911
          ],
          [
            -98.411306,
            30.054931
          ],
          [
            -98.411297,
            30.055447
          ],
          [
            -98.411293,
            30.055706
          ],
          [
            -98.411274,
            30.056525
          ],
          [
            -98.411234,
            30.056867
          ],
          [
            -98.411232,
            30.058175
          ],
          [
            -98.41121,
            30.059497
          ],
          [
            -98.411202,
            30.059953
          ],
          [
            -98.411185,
            30.060561
          ],
          [
            -98.411139,
            30.06226
          ],
          [
            -98.411102,
            30.063232
          ],
          [
            -98.411079,
            30.063819
          ],
          [
            -98.411069,
            30.064063
          ],
          [
            -98.411066,
            30.064134
          ],
          [
            -98.411065,
            30.064151
          ],
          [
            -98.411063,
            30.064201
          ],
          [
            -98.411051,
            30.064498
          ],
          [
            -98.41103,
            30.065144
          ],
          [
            -98.411025,
            30.065291
          ],
          [
            -98.411011,
            30.065731
          ],
          [
            -98.410982,
            30.066599
          ],
          [
            -98.410967,
            30.067076
          ],
          [
            -98.410957,
            30.067374
          ],
          [
            -98.410798,
            30.068974
          ],
          [
            -98.410765,
            30.069522
          ],
          [
            -98.410741,
            30.070164
          ],
          [
            -98.410715,
            30.070866
          ],
          [
            -98.410693,
            30.071577
          ],
          [
            -98.410686,
            30.071814
          ],
          [
            -98.41067,
            30.072083
          ],
          [
            -98.410674,
            30.072352
          ],
          [
            -98.410696,
            30.072621
          ],
          [
            -98.410736,
            30.072888
          ],
          [
            -98.410794,
            30.073153
          ],
          [
            -98.410822,
            30.073257
          ],
          [
            -98.410939,
            30.073555
          ],
          [
            -98.411061,
            30.073862
          ],
          [
            -98.411106,
            30.073973
          ],
          [
            -98.411283,
            30.074416
          ],
          [
            -98.411447,
            30.074738
          ],
          [
            -98.411589,
            30.075013
          ],
          [
            -98.411769,
            30.075301
          ],
          [
            -98.411944,
            30.075548
          ],
          [
            -98.412124,
            30.075793
          ],
          [
            -98.412676,
            30.076446
          ],
          [
            -98.412732,
            30.076512
          ],
          [
            -98.413078,
            30.076921
          ],
          [
            -98.413287,
            30.077169
          ],
          [
            -98.413375,
            30.077273
          ],
          [
            -98.413458,
            30.077371
          ],
          [
            -98.4139,
            30.077894
          ],
          [
            -98.414592,
            30.078682
          ],
          [
            -98.415075,
            30.07924
          ],
          [
            -98.415173,
            30.079354
          ],
          [
            -98.415455,
            30.079682
          ],
          [
            -98.417478,
            30.082038
          ],
          [
            -98.417816,
            30.082452
          ],
          [
            -98.417865,
            30.082513
          ],
          [
            -98.41814,
            30.082885
          ],
          [
            -98.418361,
            30.083185
          ],
          [
            -98.41844,
            30.083304
          ],
          [
            -98.418643,
            30.083608
          ],
          [
            -98.418887,
            30.083995
          ],
          [
            -98.418986,
            30.084174
          ],
          [
            -98.419158,
            30.084463
          ],
          [
            -98.419925,
            30.08599
          ],
          [
            -98.420375,
            30.086904
          ],
          [
            -98.420444,
            30.087045
          ],
          [
            -98.42084,
            30.087856
          ],
          [
            -98.420847,
            30.08787
          ],
          [
            -98.421133,
            30.088457
          ],
          [
            -98.421944,
            30.09012
          ],
          [
            -98.422637,
            30.091483
          ],
          [
            -98.423262,
            30.092721
          ],
          [
            -98.423355,
            30.092954
          ],
          [
            -98.423428,
            30.093161
          ],
          [
            -98.423485,
            30.093371
          ],
          [
            -98.423525,
            30.093584
          ],
          [
            -98.423552,
            30.093852
          ],
          [
            -98.423554,
            30.094043
          ],
          [
            -98.42354,
            30.09431
          ],
          [
            -98.423508,
            30.094528
          ],
          [
            -98.423485,
            30.094636
          ],
          [
            -98.423474,
            30.094676
          ],
          [
            -98.423429,
            30.094844
          ],
          [
            -98.423356,
            30.095049
          ],
          [
            -98.42329,
            30.095198
          ],
          [
            -98.422918,
            30.096093
          ],
          [
            -98.422869,
            30.096217
          ],
          [
            -98.422802,
            30.096387
          ],
          [
            -98.422547,
            30.097014
          ],
          [
            -98.422186,
            30.097937
          ],
          [
            -98.421805,
            30.098829
          ],
          [
            -98.421289,
            30.098672
          ]
        ]
      }
    }
  ]
}