{
  "type": "FeatureCollection",
  "features": [
    {
      "type": "Feature",
      "properties": {
        "route": "Guadalupe River Road & Hunt Sweep",
        "category": "Lakes & Rivers",
        "color": "#2980b9",
        "waypoints": [
          "Kerrville",
          "Ingram",
          "Hunt",
          "Guadalupe River"
        ],
        "via": "TX 39 -> FM 1340 (North Fork Guadalupe River)",
        "distance_mi": 54.6,
        "source": "road-snapped"
      },
      "geometry": {
        "type": "LineString",
        "coordinates": [
          [
            -99.140011,
            30.046991
          ],
          [
            -99.140163,
            30.047123
          ],
          [
            -99.140492,
            30.04741
          ],
          [
            -99.140573,
            30.04748
          ],
          [
            -99.140669,
            30.047564
          ],
          [
            -99.140945,
            30.047804
          ],
          [
            -99.141357,
            30.048162
          ],
          [
            -99.141624,
            30.048393
          ],
          [
            -99.141685,
            30.048447
          ],
          [
            -99.14175,
            30.048504
          ],
          [
            -99.141857,
            30.048598
          ],
          [
            -99.142028,
            30.048746
          ],
          [
            -99.142108,
            30.048816
          ],
          [
            -99.142171,
            30.048871
          ],
          [
            -99.14266,
            30.049296
          ],
          [
            -99.142745,
            30.049371
          ],
          [
            -99.142815,
            30.049431
          ],
          [
            -99.143046,
            30.049632
          ],
          [
            -99.143333,
            30.049882
          ],
          [
            -99.143775,
            30.050266
          ],
          [
            -99.144073,
            30.050529
          ],
          [
            -99.144183,
            30.050623
          ],
          [
            -99.144329,
            30.050749
          ],
          [
            -99.144433,
            30.05084
          ],
          [
            -99.144788,
            30.05115
          ],
          [
            -99.14531,
            30.051604
          ],
          [
            -99.145761,
            30.051996
          ],
          [
            -99.145824,
            30.052049
          ],
          [
            -99.145895,
            30.052114
          ],
          [
            -99.146185,
            30.05237
          ],
          [
            -99.146257,
            30.05243
          ],
          [
            -99.146637,
            30.052761
          ],
          [
            -99.146705,
            30.052813
          ],
          [
            -99.146913,
            30.052973
          ],
          [
            -99.147047,
            30.053081
          ],
          [
            -99.147178,
            30.053186
          ],
          [
            -99.147204,
            30.053207
          ],
          [
            -99.147576,
            30.053505
          ],
          [
            -99.1477,
            30.053581
          ],
          [
            -99.147867,
            30.053663
          ],
          [
            -99.147975,
            30.053716
          ],
          [
            -99.148159,
            30.053806
          ],
          [
            -99.148344,
            30.05389
          ],
          [
            -99.148556,
            30.053973
          ],
          [
            -99.148749,
            30.054027
          ],
          [
            -99.148945,
            30.054091
          ],
          [
            -99.149154,
            30.054143
          ],
          [
            -99.149234,
            30.054162
          ],
          [
            -99.149355,
            30.054191
          ],
          [
            -99.149482,
            30.054217
          ],
          [
            -99.149636,
            30.054249
          ],
          [
            -99.149856,
            30.054288
          ],
          [
            -99.149915,
            30.054298
          ],
          [
            -99.150022,
            30.054317
          ],
          [
            -99.150245,
            30.054358
          ],
          [
            -99.150486,
            30.054401
          ],
          [
            -99.150569,
            30.054416
          ],
          [
            -99.15094,
            30.054484
          ],
          [
            -99.151032,
            30.0545
          ],
          [
            -99.151289,
            30.054547
          ],
          [
            -99.151618,
            30.054604
          ],
          [
            -99.151863,
            30.054646
          ],
          [
            -99.151997,
            30.05467
          ],
          [
            -99.152123,
            30.05469
          ],
          [
            -99.152243,
            30.054712
          ],
          [
            -99.152441,
            30.054746
          ],
          [
            -99.153368,
            30.054906
          ],
          [
            -99.15391,
            30.055
          ],
          [
            -99.155056,
            30.055197
          ],
          [
            -99.155344,
            30.055243
          ],
          [
            -99.155498,
            30.055268
          ],
          [
            -99.155807,
            30.055318
          ],
          [
            -99.156306,
            30.055412
          ],
          [
            -99.156383,
            30.055427
          ],
          [
            -99.156646,
            30.055475
          ],
          [
            -99.156788,
            30.055501
          ],
          [
            -99.156972,
            30.055542
          ],
          [
            -99.157109,
            30.055582
          ],
          [
            -99.157204,
            30.055611
          ],
          [
            -99.157331,
            30.055646
          ],
          [
            -99.157442,
            30.055677
          ],
          [
            -99.157678,
            30.055741
          ],
          [
            -99.158025,
            30.055893
          ],
          [
            -99.158217,
            30.05598
          ],
          [
            -99.158473,
            30.056105
          ],
          [
            -99.158857,
            30.056293
          ],
          [
            -99.159064,
            30.056398
          ],
          [
            -99.159293,
            30.056509
          ],
          [
            -99.159736,
            30.056727
          ],
          [
            -99.159989,
            30.056852
          ],
          [
            -99.160293,
            30.057002
          ],
          [
            -99.160465,
            30.057086
          ],
          [
            -99.160971,
            30.057336
          ],
          [
            -99.161045,
            30.057372
          ],
          [
            -99.161336,
            30.057516
          ],
          [
            -99.161414,
            30.057554
          ],
          [
            -99.161646,
            30.057668
          ],
          [
            -99.161772,
            30.057731
          ],
          [
            -99.162144,
            30.057914
          ],
          [
            -99.162518,
            30.058099
          ],
          [
            -99.162643,
            30.05816
          ],
          [
            -99.163051,
            30.05836
          ],
          [
            -99.163301,
            30.058482
          ],
          [
            -99.163682,
            30.058669
          ],
          [
            -99.163744,
            30.058699
          ],
          [
            -99.163933,
            30.058789
          ],
          [
            -99.164294,
            30.058961
          ],
          [
            -99.164527,
            30.05908
          ],
          [
            -99.164627,
            30.059131
          ],
          [
            -99.165438,
            30.05952
          ],
          [
            -99.165501,
            30.05955
          ],
          [
            -99.1664,
            30.059981
          ],
          [
            -99.166901,
            30.060227
          ],
          [
            -99.166966,
            30.060258
          ],
          [
            -99.167389,
            30.060477
          ],
          [
            -99.168042,
            30.060804
          ],
          [
            -99.16998,
            30.061768
          ],
          [
            -99.170869,
            30.062206
          ],
          [
            -99.170966,
            30.062254
          ],
          [
            -99.171344,
            30.062436
          ],
          [
            -99.172056,
            30.062778
          ],
          [
            -99.172482,
            30.062983
          ],
          [
            -99.172799,
            30.063138
          ],
          [
            -99.172987,
            30.06323
          ],
          [
            -99.173035,
            30.063253
          ],
          [
            -99.173397,
            30.06343
          ],
          [
            -99.173539,
            30.0635
          ],
          [
            -99.173731,
            30.063594
          ],
          [
            -99.174,
            30.063727
          ],
          [
            -99.174152,
            30.063802
          ],
          [
            -99.174735,
            30.06409
          ],
          [
            -99.175055,
            30.064257
          ],
          [
            -99.175113,
            30.064287
          ],
          [
            -99.175227,
            30.064347
          ],
          [
            -99.175486,
            30.064478
          ],
          [
            -99.175545,
            30.064508
          ],
          [
            -99.17575,
            30.064616
          ],
          [
            -99.175965,
            30.064716
          ],
          [
            -99.176117,
            30.064793
          ],
          [
            -99.176337,
            30.064904
          ],
          [
            -99.177418,
            30.065437
          ],
          [
            -99.177703,
            30.065578
          ],
          [
            -99.177969,
            30.065709
          ],
          [
            -99.179299,
            30.066366
          ],
          [
            -99.179537,
            30.066483
          ],
          [
            -99.179762,
            30.066597
          ],
          [
            -99.179891,
            30.066661
          ],
          [
            -99.180018,
            30.066726
          ],
          [
            -99.180298,
            30.066866
          ],
          [
            -99.180369,
            30.066902
          ],
          [
            -99.180638,
            30.067035
          ],
          [
            -99.180848,
            30.067142
          ],
          [
            -99.180907,
            30.067172
          ],
          [
            -99.181014,
            30.067225
          ],
          [
            -99.181104,
            30.067271
          ],
          [
            -99.181372,
            30.067409
          ],
          [
            -99.181412,
            30.067429
          ],
          [
            -99.181761,
            30.067603
          ],
          [
            -99.182116,
            30.067779
          ],
          [
            -99.182678,
            30.068063
          ],
          [
            -99.183151,
            30.068301
          ],
          [
            -99.18356,
            30.068502
          ],
          [
            -99.183939,
            30.068684
          ],
          [
            -99.184103,
            30.068761
          ],
          [
            -99.18437,
            30.068892
          ],
          [
            -99.18598,
            30.069685
          ],
          [
            -99.186107,
            30.069747
          ],
          [
            -99.186664,
            30.070024
          ],
          [
            -99.18675,
            30.070067
          ],
          [
            -99.18686,
            30.070122
          ],
          [
            -99.186954,
            30.070167
          ],
          [
            -99.187143,
            30.07026
          ],
          [
            -99.18741,
            30.07039
          ],
          [
            -99.187606,
            30.070485
          ],
          [
            -99.187773,
            30.070567
          ],
          [
            -99.188259,
            30.070805
          ],
          [
            -99.188477,
            30.070911
          ],
          [
            -99.189043,
            30.071191
          ],
          [
            -99.189362,
            30.071348
          ],
          [
            -99.189628,
            30.07148
          ],
          [
            -99.189981,
            30.071643
          ],
          [
            -99.190388,
            30.071832
          ],
          [
            -99.190843,
            30.072043
          ],
          [
            -99.192026,
            30.072606
          ],
          [
            -99.192161,
            30.07267
          ],
          [
            -99.192617,
            30.072898
          ],
          [
            -99.192905,
            30.07304
          ],
          [
            -99.193171,
            30.073164
          ],
          [
            -99.193392,
            30.073258
          ],
          [
            -99.193558,
            30.073327
          ],
          [
            -99.193778,
            30.073405
          ],
          [
            -99.19403,
            30.073486
          ],
          [
            -99.194256,
            30.07355
          ],
          [
            -99.194335,
            30.073569
          ],
          [
            -99.194487,
            30.073605
          ],
          [
            -99.194737,
            30.07366
          ],
          [
            -99.194974,
            30.073704
          ],
          [
            -99.195058,
            30.073716
          ],
          [
            -99.195196,
            30.073734
          ],
          [
            -99.195221,
            30.073738
          ],
          [
            -99.19548,
            30.07376
          ],
          [
            -99.195734,
            30.073777
          ],
          [
            -99.195956,
            30.073781
          ],
          [
            -99.196204,
            30.073777
          ],
          [
            -99.196481,
            30.073759
          ],
          [
            -99.196568,
            30.073752
          ],
          [
            -99.196768,
            30.073735
          ],
          [
            -99.197044,
            30.073704
          ],
          [
            -99.197461,
            30.073647
          ],
          [
            -99.198065,
            30.073559
          ],
          [
            -99.198289,
            30.073527
          ],
          [
            -99.198617,
            30.073479
          ],
          [
            -99.199045,
            30.073416
          ],
          [
            -99.199591,
            30.073338
          ],
          [
            -99.199952,
            30.073284
          ],
          [
            -99.200404,
            30.073219
          ],
          [
            -99.200619,
            30.073189
          ],
          [
            -99.200949,
            30.07314
          ],
          [
            -99.20189,
            30.073
          ],
          [
            -99.202736,
            30.072879
          ],
          [
            -99.203548,
            30.072767
          ],
          [
            -99.20398,
            30.072704
          ],
          [
            -99.204337,
            30.072651
          ],
          [
            -99.20518,
            30.072528
          ],
          [
            -99.205357,
            30.072504
          ],
          [
            -99.205666,
            30.072464
          ],
          [
            -99.205964,
            30.072435
          ],
          [
            -99.206204,
            30.072414
          ],
          [
            -99.206279,
            30.072407
          ],
          [
            -99.206534,
            30.072388
          ],
          [
            -99.206855,
            30.072372
          ],
          [
            -99.207108,
            30.072366
          ],
          [
            -99.207369,
            30.072365
          ],
          [
            -99.207519,
            30.072367
          ],
          [
            -99.207668,
            30.072368
          ],
          [
            -99.208076,
            30.072387
          ],
          [
            -99.208501,
            30.072411
          ],
          [
            -99.209405,
            30.072454
          ],
          [
            -99.209589,
            30.072462
          ],
          [
            -99.209685,
            30.072467
          ],
          [
            -99.209988,
            30.072481
          ],
          [
            -99.210074,
            30.072485
          ],
          [
            -99.211696,
            30.072569
          ],
          [
            -99.21262,
            30.072609
          ],
          [
            -99.213074,
            30.07263
          ],
          [
            -99.213415,
            30.072647
          ],
          [
            -99.213798,
            30.072668
          ],
          [
            -99.214032,
            30.072681
          ],
          [
            -99.214163,
            30.072688
          ],
          [
            -99.214395,
            30.072698
          ],
          [
            -99.21461,
            30.07271
          ],
          [
            -99.214681,
            30.072713
          ],
          [
            -99.215324,
            30.072744
          ],
          [
            -99.215558,
            30.072757
          ],
          [
            -99.216295,
            30.072795
          ],
          [
            -99.216756,
            30.072817
          ],
          [
            -99.217295,
            30.072843
          ],
          [
            -99.217495,
            30.072853
          ],
          [
            -99.217892,
            30.072865
          ],
          [
            -99.217972,
            30.072868
          ],
          [
            -99.218691,
            30.072903
          ],
          [
            -99.219361,
            30.072935
          ],
          [
            -99.220089,
            30.072969
          ],
          [
            -99.220858,
            30.073006
          ],
          [
            -99.221404,
            30.073031
          ],
          [
            -99.222516,
            30.073084
          ],
          [
            -99.223885,
            30.073148
          ],
          [
            -99.224211,
            30.073162
          ],
          [
            -99.224276,
            30.073165
          ],
          [
            -99.224696,
            30.073188
          ],
          [
            -99.224893,
            30.073198
          ],
          [
            -99.225185,
            30.073214
          ],
          [
            -99.225292,
            30.073219
          ],
          [
            -99.225505,
            30.073228
          ],
          [
            -99.225798,
            30.073241
          ],
          [
            -99.226367,
            30.073266
          ],
          [
            -99.226556,
            30.073274
          ],
          [
            -99.226789,
            30.073279
          ],
          [
            -99.227893,
            30.073301
          ],
          [
            -99.228213,
            30.073313
          ],
          [
            -99.228449,
            30.073321
          ],
          [
            -99.228599,
            30.073327
          ],
          [
            -99.229029,
            30.073342
          ],
          [
            -99.229303,
            30.073352
          ],
          [
            -99.229551,
            30.073361
          ],
          [
            -99.229829,
            30.073371
          ],
          [
            -99.229954,
            30.073376
          ],
          [
            -99.230353,
            30.073396
          ],
          [
            -99.231497,
            30.073452
          ],
          [
            -99.231643,
            30.073459
          ],
          [
            -99.232417,
            30.073497
          ],
          [
            -99.232775,
            30.073514
          ],
          [
            -99.233171,
            30.073534
          ],
          [
            -99.233198,
            30.073536
          ],
          [
            -99.233489,
            30.073554
          ],
          [
            -99.233706,
            30.073567
          ],
          [
            -99.233775,
            30.073571
          ],
          [
            -99.233884,
            30.073578
          ],
          [
            -99.234068,
            30.073589
          ],
          [
            -99.234416,
            30.073605
          ],
          [
            -99.234615,
            30.073614
          ],
          [
            -99.235139,
            30.073637
          ],
          [
            -99.236427,
            30.07393
          ],
          [
            -99.236469,
            30.073961
          ],
          [
            -99.236969,
            30.074165
          ],
          [
            -99.237285,
            30.074317
          ],
          [
            -99.237366,
            30.074355
          ],
          [
            -99.237977,
            30.074721
          ],
          [
            -99.238167,
            30.074856
          ],
          [
            -99.238354,
            30.075
          ],
          [
            -99.238535,
            30.075152
          ],
          [
            -99.23871,
            30.075312
          ],
          [
            -99.239261,
            30.075932
          ],
          [
            -99.240655,
            30.077781
          ],
          [
            -99.241122,
            30.078381
          ],
          [
            -99.241553,
            30.078913
          ],
          [
            -99.241698,
            30.079106
          ],
          [
            -99.242221,
            30.079797
          ],
          [
            -99.242538,
            30.080206
          ],
          [
            -99.242929,
            30.080742
          ],
          [
            -99.243531,
            30.081535
          ],
          [
            -99.243771,
            30.081852
          ],
          [
            -99.243872,
            30.081984
          ],
          [
            -99.243969,
            30.082099
          ],
          [
            -99.244059,
            30.082208
          ],
          [
            -99.244154,
            30.082324
          ],
          [
            -99.244203,
            30.082384
          ],
          [
            -99.244323,
            30.082506
          ],
          [
            -99.244434,
            30.08262
          ],
          [
            -99.244708,
            30.082891
          ],
          [
            -99.244815,
            30.083001
          ],
          [
            -99.245062,
            30.083274
          ],
          [
            -99.245482,
            30.083727
          ],
          [
            -99.245551,
            30.083802
          ],
          [
            -99.245715,
            30.083973
          ],
          [
            -99.245961,
            30.084244
          ],
          [
            -99.246096,
            30.08439
          ],
          [
            -99.247238,
            30.085606
          ],
          [
            -99.247768,
            30.086179
          ],
          [
            -99.248253,
            30.086699
          ],
          [
            -99.248708,
            30.087192
          ],
          [
            -99.249121,
            30.087625
          ],
          [
            -99.249293,
            30.087772
          ],
          [
            -99.249461,
            30.087926
          ],
          [
            -99.249675,
            30.088103
          ],
          [
            -99.249762,
            30.08817
          ],
          [
            -99.24991,
            30.088277
          ],
          [
            -99.25013,
            30.088422
          ],
          [
            -99.251697,
            30.089402
          ],
          [
            -99.25195,
            30.08954
          ],
          [
            -99.252157,
            30.089669
          ],
          [
            -99.252682,
            30.090043
          ],
          [
            -99.253155,
            30.090432
          ],
          [
            -99.253251,
            30.090511
          ],
          [
            -99.253347,
            30.090603
          ],
          [
            -99.253422,
            30.090675
          ],
          [
            -99.253785,
            30.091062
          ],
          [
            -99.253847,
            30.091128
          ],
          [
            -99.254545,
            30.091872
          ],
          [
            -99.254644,
            30.09197
          ],
          [
            -99.254774,
            30.092106
          ],
          [
            -99.255096,
            30.092416
          ],
          [
            -99.255214,
            30.092538
          ],
          [
            -99.255664,
            30.093001
          ],
          [
            -99.25647,
            30.093843
          ],
          [
            -99.256599,
            30.093972
          ],
          [
            -99.25708,
            30.094472
          ],
          [
            -99.257728,
            30.09514
          ],
          [
            -99.25855,
            30.096014
          ],
          [
            -99.258936,
            30.096406
          ],
          [
            -99.259124,
            30.096601
          ],
          [
            -99.259413,
            30.096898
          ],
          [
            -99.259607,
            30.097102
          ],
          [
            -99.259918,
            30.097429
          ],
          [
            -99.260324,
            30.097839
          ],
          [
            -99.260445,
            30.097964
          ],
          [
            -99.260771,
            30.098301
          ],
          [
            -99.260899,
            30.098415
          ],
          [
            -99.261267,
            30.098742
          ],
          [
            -99.261525,
            30.098926
          ],
          [
            -99.26188,
            30.099179
          ],
          [
            -99.261962,
            30.099236
          ],
          [
            -99.262335,
            30.099495
          ],
          [
            -99.262683,
            30.099692
          ],
          [
            -99.262712,
            30.099707
          ],
          [
            -99.262903,
            30.099801
          ],
          [
            -99.263007,
            30.09986
          ],
          [
            -99.263061,
            30.099888
          ],
          [
            -99.26312,
            30.099918
          ],
          [
            -99.263257,
            30.099975
          ],
          [
            -99.263378,
            30.100025
          ],
          [
            -99.263481,
            30.100073
          ],
          [
            -99.263718,
            30.100171
          ],
          [
            -99.263958,
            30.100262
          ],
          [
            -99.264066,
            30.100294
          ],
          [
            -99.265038,
            30.100632
          ],
          [
            -99.26571,
            30.10087
          ],
          [
            -99.266223,
            30.101047
          ],
          [
            -99.266653,
            30.101195
          ],
          [
            -99.266745,
            30.101227
          ],
          [
            -99.26773,
            30.101564
          ],
          [
            -99.268012,
            30.101659
          ],
          [
            -99.270264,
            30.10243
          ],
          [
            -99.271512,
            30.102857
          ],
          [
            -99.271823,
            30.102963
          ],
          [
            -99.272635,
            30.103253
          ],
          [
            -99.273239,
            30.103469
          ],
          [
            -99.275375,
            30.104353
          ],
          [
            -99.275858,
            30.104553
          ],
          [
            -99.276609,
            30.104863
          ],
          [
            -99.277507,
            30.105235
          ],
          [
            -99.27781,
            30.10536
          ],
          [
            -99.278994,
            30.10585
          ],
          [
            -99.279148,
            30.105914
          ],
          [
            -99.280382,
            30.106424
          ],
          [
            -99.281129,
            30.106733
          ],
          [
            -99.281971,
            30.107082
          ],
          [
            -99.282003,
            30.107099
          ],
          [
            -99.282091,
            30.107139
          ],
          [
            -99.282672,
            30.10746
          ],
          [
            -99.282782,
            30.107532
          ],
          [
            -99.283377,
            30.107976
          ],
          [
            -99.283402,
            30.107995
          ],
          [
            -99.283498,
            30.108078
          ],
          [
            -99.28358,
            30.10816
          ],
          [
            -99.283665,
            30.108245
          ],
          [
            -99.283859,
            30.108439
          ],
          [
            -99.283932,
            30.108512
          ],
          [
            -99.284227,
            30.108875
          ],
          [
            -99.284358,
            30.109056
          ],
          [
            -99.284418,
            30.109147
          ],
          [
            -99.285353,
            30.110752
          ],
          [
            -99.285823,
            30.111542
          ],
          [
            -99.286343,
            30.112417
          ],
          [
            -99.286673,
            30.112984
          ],
          [
            -99.287045,
            30.113506
          ],
          [
            -99.287154,
            30.113627
          ],
          [
            -99.28741,
            30.113916
          ],
          [
            -99.287679,
            30.114176
          ],
          [
            -99.287943,
            30.114394
          ],
          [
            -99.288236,
            30.114611
          ],
          [
            -99.288631,
            30.114859
          ],
          [
            -99.288803,
            30.114968
          ],
          [
            -99.289214,
            30.115208
          ],
          [
            -99.289599,
            30.115438
          ],
          [
            -99.289795,
            30.115542
          ],
          [
            -99.290041,
            30.115672
          ],
          [
            -99.290292,
            30.115784
          ],
          [
            -99.290516,
            30.115872
          ],
          [
            -99.290822,
            30.11598
          ],
          [
            -99.291069,
            30.116055
          ],
          [
            -99.29139,
            30.116142
          ],
          [
            -99.291465,
            30.116163
          ],
          [
            -99.291805,
            30.116267
          ],
          [
            -99.292225,
            30.11642
          ],
          [
            -99.292509,
            30.116539
          ],
          [
            -99.292917,
            30.116743
          ],
          [
            -99.293224,
            30.116916
          ],
          [
            -99.293311,
            30.116972
          ],
          [
            -99.293468,
            30.117073
          ],
          [
            -99.293686,
            30.117232
          ],
          [
            -99.293817,
            30.117331
          ],
          [
            -99.293963,
            30.117449
          ],
          [
            -99.294454,
            30.117849
          ],
          [
            -99.294987,
            30.118298
          ],
          [
            -99.295908,
            30.119066
          ],
          [
            -99.29661,
            30.11966
          ],
          [
            -99.297791,
            30.120646
          ],
          [
            -99.298014,
            30.120827
          ],
          [
            -99.29863,
            30.121347
          ],
          [
            -99.298874,
            30.121541
          ],
          [
            -99.299193,
            30.121786
          ],
          [
            -99.299566,
            30.122054
          ],
          [
            -99.300276,
            30.122528
          ],
          [
            -99.301179,
            30.123154
          ],
          [
            -99.303579,
            30.124769
          ],
          [
            -99.305146,
            30.125823
          ],
          [
            -99.305788,
            30.12627
          ],
          [
            -99.305994,
            30.126402
          ],
          [
            -99.306517,
            30.126754
          ],
          [
            -99.30657,
            30.12679
          ],
          [
            -99.306822,
            30.12696
          ],
          [
            -99.307023,
            30.127108
          ],
          [
            -99.307384,
            30.127374
          ],
          [
            -99.308782,
            30.128558
          ],
          [
            -99.309473,
            30.129101
          ],
          [
            -99.3097,
            30.129256
          ],
          [
            -99.310159,
            30.129516
          ],
          [
            -99.310275,
            30.129569
          ],
          [
            -99.311929,
            30.130315
          ],
          [
            -99.312003,
            30.13035
          ],
          [
            -99.312647,
            30.130655
          ],
          [
            -99.312764,
            30.130721
          ],
          [
            -99.313125,
            30.13096
          ],
          [
            -99.313451,
            30.131242
          ],
          [
            -99.31353,
            30.131317
          ],
          [
            -99.313605,
            30.131402
          ],
          [
            -99.313921,
            30.131826
          ],
          [
            -99.31399,
            30.131932
          ],
          [
            -99.314047,
            30.132036
          ],
          [
            -99.31413,
            30.13221
          ],
          [
            -99.314191,
            30.132381
          ],
          [
            -99.314245,
            30.132549
          ],
          [
            -99.314302,
            30.132764
          ],
          [
            -99.314356,
            30.133068
          ],
          [
            -99.314422,
            30.133608
          ],
          [
            -99.314534,
            30.134262
          ],
          [
            -99.314565,
            30.134387
          ],
          [
            -99.314701,
            30.134831
          ],
          [
            -99.314939,
            30.135366
          ],
          [
            -99.315106,
            30.135656
          ],
          [
            -99.315545,
            30.13641
          ],
          [
            -99.315753,
            30.136759
          ],
          [
            -99.316067,
            30.137261
          ],
          [
            -99.316552,
            30.138035
          ],
          [
            -99.317287,
            30.139247
          ],
          [
            -99.317493,
            30.139549
          ],
          [
            -99.317563,
            30.139643
          ],
          [
            -99.317782,
            30.139911
          ],
          [
            -99.317929,
            30.140074
          ],
          [
            -99.318155,
            30.140289
          ],
          [
            -99.318383,
            30.140506
          ],
          [
            -99.318476,
            30.140582
          ],
          [
            -99.318911,
            30.140901
          ],
          [
            -99.319481,
            30.14126
          ],
          [
            -99.320285,
            30.141664
          ],
          [
            -99.320961,
            30.142003
          ],
          [
            -99.322073,
            30.142568
          ],
          [
            -99.322575,
            30.142785
          ],
          [
            -99.323056,
            30.142954
          ],
          [
            -99.323646,
            30.143107
          ],
          [
            -99.324088,
            30.143187
          ],
          [
            -99.325345,
            30.143359
          ],
          [
            -99.326243,
            30.143564
          ],
          [
            -99.327631,
            30.143916
          ],
          [
            -99.327913,
            30.143984
          ],
          [
            -99.329344,
            30.144343
          ],
          [
            -99.329739,
            30.14445
          ],
          [
            -99.330686,
            30.144736
          ],
          [
            -99.331247,
            30.144926
          ],
          [
            -99.331897,
            30.145175
          ],
          [
            -99.332382,
            30.145396
          ],
          [
            -99.332896,
            30.14566
          ],
          [
            -99.333134,
            30.145798
          ],
          [
            -99.333574,
            30.146095
          ],
          [
            -99.333929,
            30.146334
          ],
          [
            -99.33404,
            30.146418
          ],
          [
            -99.334261,
            30.146596
          ],
          [
            -99.334399,
            30.146732
          ],
          [
            -99.334416,
            30.146748
          ],
          [
            -99.334964,
            30.14729
          ],
          [
            -99.335092,
            30.147416
          ],
          [
            -99.335199,
            30.147526
          ],
          [
            -99.335702,
            30.14814
          ],
          [
            -99.336819,
            30.149856
          ],
          [
            -99.337184,
            30.150418
          ],
          [
            -99.337405,
            30.150757
          ],
          [
            -99.338323,
            30.152167
          ],
          [
            -99.338473,
            30.152386
          ],
          [
            -99.338796,
            30.1528
          ],
          [
            -99.338883,
            30.152897
          ],
          [
            -99.339479,
            30.153436
          ],
          [
            -99.342089,
            30.1556
          ],
          [
            -99.343301,
            30.156585
          ],
          [
            -99.344603,
            30.157671
          ],
          [
            -99.345003,
            30.158015
          ],
          [
            -99.345354,
            30.158306
          ],
          [
            -99.345492,
            30.158421
          ],
          [
            -99.34602,
            30.158858
          ],
          [
            -99.346211,
            30.159017
          ],
          [
            -99.346442,
            30.159208
          ],
          [
            -99.346558,
            30.159301
          ],
          [
            -99.346613,
            30.159343
          ],
          [
            -99.3468,
            30.159473
          ],
          [
            -99.346988,
            30.159582
          ],
          [
            -99.347462,
            30.159822
          ],
          [
            -99.347888,
            30.160016
          ],
          [
            -99.348421,
            30.160224
          ],
          [
            -99.349245,
            30.160533
          ],
          [
            -99.349955,
            30.160796
          ],
          [
            -99.350039,
            30.160827
          ],
          [
            -99.350596,
            30.161039
          ],
          [
            -99.351105,
            30.161233
          ],
          [
            -99.351732,
            30.161474
          ],
          [
            -99.351996,
            30.161591
          ],
          [
            -99.352093,
            30.161633
          ],
          [
            -99.35242,
            30.161825
          ],
          [
            -99.352638,
            30.161977
          ],
          [
            -99.352721,
            30.162035
          ],
          [
            -99.353024,
            30.162281
          ],
          [
            -99.353344,
            30.16261
          ],
          [
            -99.35337,
            30.162643
          ],
          [
            -99.353648,
            30.162996
          ],
          [
            -99.353737,
            30.163124
          ],
          [
            -99.353935,
            30.16346
          ],
          [
            -99.354316,
            30.164291
          ],
          [
            -99.354385,
            30.164411
          ],
          [
            -99.354461,
            30.164526
          ],
          [
            -99.354618,
            30.164744
          ],
          [
            -99.354817,
            30.164985
          ],
          [
            -99.355001,
            30.165164
          ],
          [
            -99.355255,
            30.165392
          ],
          [
            -99.355581,
            30.165649
          ],
          [
            -99.355658,
            30.165701
          ],
          [
            -99.355819,
            30.16581
          ],
          [
            -99.356166,
            30.166001
          ],
          [
            -99.356189,
            30.166014
          ],
          [
            -99.356614,
            30.166197
          ],
          [
            -99.356905,
            30.166303
          ],
          [
            -99.357499,
            30.166494
          ],
          [
            -99.359258,
            30.167036
          ],
          [
            -99.360619,
            30.167465
          ],
          [
            -99.361356,
            30.167692
          ],
          [
            -99.36165,
            30.167776
          ],
          [
            -99.361926,
            30.167841
          ],
          [
            -99.362322,
            30.167922
          ],
          [
            -99.362576,
            30.167967
          ],
          [
            -99.363247,
            30.168097
          ],
          [
            -99.363838,
            30.168211
          ],
          [
            -99.365515,
            30.168534
          ],
          [
            -99.368539,
            30.169076
          ],
          [
            -99.369399,
            30.169243
          ],
          [
            -99.36975,
            30.169352
          ],
          [
            -99.370173,
            30.169483
          ],
          [
            -99.370836,
            30.169761
          ],
          [
            -99.371248,
            30.169972
          ],
          [
            -99.371412,
            30.170067
          ],
          [
            -99.371553,
            30.170166
          ],
          [
            -99.371722,
            30.170283
          ],
          [
            -99.372047,
            30.170532
          ],
          [
            -99.372214,
            30.170669
          ],
          [
            -99.372331,
            30.170776
          ],
          [
            -99.372646,
            30.171106
          ],
          [
            -99.372861,
            30.171359
          ],
          [
            -99.37311,
            30.17169
          ],
          [
            -99.373407,
            30.172177
          ],
          [
            -99.373578,
            30.17257
          ],
          [
            -99.373598,
            30.172622
          ],
          [
            -99.373668,
            30.172802
          ],
          [
            -99.373754,
            30.173053
          ],
          [
            -99.373853,
            30.17338
          ],
          [
            -99.373886,
            30.173529
          ],
          [
            -99.373947,
            30.173859
          ],
          [
            -99.373972,
            30.174074
          ],
          [
            -99.374241,
            30.177111
          ],
          [
            -99.37428,
            30.177561
          ],
          [
            -99.374286,
            30.17763
          ],
          [
            -99.374334,
            30.178196
          ],
          [
            -99.374413,
            30.179129
          ],
          [
            -99.374497,
            30.179121
          ],
          [
            -99.378298,
            30.178774
          ],
          [
            -99.37868,
            30.17874
          ],
          [
            -99.378969,
            30.178714
          ],
          [
            -99.37957,
            30.178668
          ],
          [
            -99.379696,
            30.178656
          ],
          [
            -99.381948,
            30.178443
          ],
          [
            -99.383025,
            30.178341
          ],
          [
            -99.383328,
            30.178295
          ],
          [
            -99.384164,
            30.178119
          ],
          [
            -99.384294,
            30.178085
          ],
          [
            -99.384721,
            30.177962
          ],
          [
            -99.385034,
            30.17785
          ],
          [
            -99.386672,
            30.177238
          ],
          [
            -99.387282,
            30.177037
          ],
          [
            -99.387786,
            30.1769
          ],
          [
            -99.388191,
            30.176817
          ],
          [
            -99.388465,
            30.176769
          ],
          [
            -99.389908,
            30.176569
          ],
          [
            -99.390313,
            30.176513
          ],
          [
            -99.400029,
            30.175164
          ],
          [
            -99.400856,
            30.175
          ],
          [
            -99.401794,
            30.174727
          ],
          [
            -99.409471,
            30.172265
          ],
          [
            -99.411088,
            30.171786
          ],
          [
            -99.412258,
            30.171567
          ],
          [
            -99.415633,
            30.170883
          ],
          [
            -99.417111,
            30.170597
          ],
          [
            -99.4234,
            30.169381
          ],
          [
            -99.4234,
            30.169381
          ],
          [
            -99.417111,
            30.170597
          ],
          [
            -99.415633,
            30.170883
          ],
          [
            -99.412258,
            30.171567
          ],
          [
            -99.411088,
            30.171786
          ],
          [
            -99.409471,
            30.172265
          ],
          [
            -99.401794,
            30.174727
          ],
          [
            -99.400856,
            30.175
          ],
          [
            -99.400029,
            30.175164
          ],
          [
            -99.390313,
            30.176513
          ],
          [
            -99.389908,
            30.176569
          ],
          [
            -99.388465,
            30.176769
          ],
          [
            -99.388191,
            30.176817
          ],
          [
            -99.387786,
            30.1769
          ],
          [
            -99.387282,
            30.177037
          ],
          [
            -99.386672,
            30.177238
          ],
          [
            -99.385034,
            30.17785
          ],
          [
            -99.384721,
            30.177962
          ],
          [
            -99.384294,
            30.178085
          ],
          [
            -99.384164,
            30.178119
          ],
          [
            -99.383328,
            30.178295
          ],
          [
            -99.383025,
            30.178341
          ],
          [
            -99.381948,
            30.178443
          ],
          [
            -99.379696,
            30.178656
          ],
          [
            -99.37957,
            30.178668
          ],
          [
            -99.378969,
            30.178714
          ],
          [
            -99.37868,
            30.17874
          ],
          [
            -99.378298,
            30.178774
          ],
          [
            -99.374497,
            30.179121
          ],
          [
            -99.374413,
            30.179129
          ],
          [
            -99.374334,
            30.178196
          ],
          [
            -99.374286,
            30.17763
          ],
          [
            -99.37428,
            30.177561
          ],
          [
            -99.374241,
            30.177111
          ],
          [
            -99.373972,
            30.174074
          ],
          [
            -99.373947,
            30.173859
          ],
          [
            -99.373886,
            30.173529
          ],
          [
            -99.373853,
            30.17338
          ],
          [
            -99.373754,
            30.173053
          ],
          [
            -99.373668,
            30.172802
          ],
          [
            -99.373598,
            30.172622
          ],
          [
            -99.373578,
            30.17257
          ],
          [
            -99.373407,
            30.172177
          ],
          [
            -99.37311,
            30.17169
          ],
          [
            -99.372861,
            30.171359
          ],
          [
            -99.372646,
            30.171106
          ],
          [
            -99.372331,
            30.170776
          ],
          [
            -99.372214,
            30.170669
          ],
          [
            -99.372047,
            30.170532
          ],
          [
            -99.371722,
            30.170283
          ],
          [
            -99.371553,
            30.170166
          ],
          [
            -99.371412,
            30.170067
          ],
          [
            -99.371248,
            30.169972
          ],
          [
            -99.370836,
            30.169761
          ],
          [
            -99.370173,
            30.169483
          ],
          [
            -99.36975,
            30.169352
          ],
          [
            -99.369399,
            30.169243
          ],
          [
            -99.368539,
            30.169076
          ],
          [
            -99.365515,
            30.168534
          ],
          [
            -99.363838,
            30.168211
          ],
          [
            -99.363247,
            30.168097
          ],
          [
            -99.362576,
            30.167967
          ],
          [
            -99.362322,
            30.167922
          ],
          [
            -99.361926,
            30.167841
          ],
          [
            -99.36165,
            30.167776
          ],
          [
            -99.361356,
            30.167692
          ],
          [
            -99.360619,
            30.167465
          ],
          [
            -99.359258,
            30.167036
          ],
          [
            -99.357499,
            30.166494
          ],
          [
            -99.356905,
            30.166303
          ],
          [
            -99.356614,
            30.166197
          ],
          [
            -99.356189,
            30.166014
          ],
          [
            -99.356166,
            30.166001
          ],
          [
            -99.355819,
            30.16581
          ],
          [
            -99.355658,
            30.165701
          ],
          [
            -99.355581,
            30.165649
          ],
          [
            -99.355255,
            30.165392
          ],
          [
            -99.355001,
            30.165164
          ],
          [
            -99.354817,
            30.164985
          ],
          [
            -99.354618,
            30.164744
          ],
          [
            -99.354461,
            30.164526
          ],
          [
            -99.354385,
            30.164411
          ],
          [
            -99.354316,
            30.164291
          ],
          [
            -99.353935,
            30.16346
          ],
          [
            -99.353737,
            30.163124
          ],
          [
            -99.353648,
            30.162996
          ],
          [
            -99.35337,
            30.162643
          ],
          [
            -99.353344,
            30.16261
          ],
          [
            -99.353024,
            30.162281
          ],
          [
            -99.352721,
            30.162035
          ],
          [
            -99.352638,
            30.161977
          ],
          [
            -99.35242,
            30.161825
          ],
          [
            -99.352093,
            30.161633
          ],
          [
            -99.351996,
            30.161591
          ],
          [
            -99.351732,
            30.161474
          ],
          [
            -99.351105,
            30.161233
          ],
          [
            -99.350596,
            30.161039
          ],
          [
            -99.350039,
            30.160827
          ],
          [
            -99.349955,
            30.160796
          ],
          [
            -99.349245,
            30.160533
          ],
          [
            -99.348421,
            30.160224
          ],
          [
            -99.347888,
            30.160016
          ],
          [
            -99.347462,
            30.159822
          ],
          [
            -99.346988,
            30.159582
          ],
          [
            -99.3468,
            30.159473
          ],
          [
            -99.346613,
            30.159343
          ],
          [
            -99.346558,
            30.159301
          ],
          [
            -99.346442,
            30.159208
          ],
          [
            -99.346211,
            30.159017
          ],
          [
            -99.34602,
            30.158858
          ],
          [
            -99.345492,
            30.158421
          ],
          [
            -99.345354,
            30.158306
          ],
          [
            -99.345003,
            30.158015
          ],
          [
            -99.344603,
            30.157671
          ],
          [
            -99.343301,
            30.156585
          ],
          [
            -99.342089,
            30.1556
          ],
          [
            -99.339479,
            30.153436
          ],
          [
            -99.338883,
            30.152897
          ],
          [
            -99.338796,
            30.1528
          ],
          [
            -99.338473,
            30.152386
          ],
          [
            -99.338323,
            30.152167
          ],
          [
            -99.337405,
            30.150757
          ],
          [
            -99.337184,
            30.150418
          ],
          [
            -99.336819,
            30.149856
          ],
          [
            -99.335702,
            30.14814
          ],
          [
            -99.335199,
            30.147526
          ],
          [
            -99.335092,
            30.147416
          ],
          [
            -99.334964,
            30.14729
          ],
          [
            -99.334416,
            30.146748
          ],
          [
            -99.334399,
            30.146732
          ],
          [
            -99.334261,
            30.146596
          ],
          [
            -99.33404,
            30.146418
          ],
          [
            -99.333929,
            30.146334
          ],
          [
            -99.333574,
            30.146095
          ],
          [
            -99.333134,
            30.145798
          ],
          [
            -99.332896,
            30.14566
          ],
          [
            -99.332382,
            30.145396
          ],
          [
            -99.331897,
            30.145175
          ],
          [
            -99.331247,
            30.144926
          ],
          [
            -99.330686,
            30.144736
          ],
          [
            -99.329739,
            30.14445
          ],
          [
            -99.329344,
            30.144343
          ],
          [
            -99.327913,
            30.143984
          ],
          [
            -99.327631,
            30.143916
          ],
          [
            -99.326243,
            30.143564
          ],
          [
            -99.325345,
            30.143359
          ],
          [
            -99.324088,
            30.143187
          ],
          [
            -99.323646,
            30.143107
          ],
          [
            -99.323056,
            30.142954
          ],
          [
            -99.322575,
            30.142785
          ],
          [
            -99.322073,
            30.142568
          ],
          [
            -99.320961,
            30.142003
          ],
          [
            -99.320285,
            30.141664
          ],
          [
            -99.319481,
            30.14126
          ],
          [
            -99.318911,
            30.140901
          ],
          [
            -99.318476,
            30.140582
          ],
          [
            -99.318383,
            30.140506
          ],
          [
            -99.318155,
            30.140289
          ],
          [
            -99.317929,
            30.140074
          ],
          [
            -99.317782,
            30.139911
          ],
          [
            -99.317563,
            30.139643
          ],
          [
            -99.317493,
            30.139549
          ],
          [
            -99.317287,
            30.139247
          ],
          [
            -99.316552,
            30.138035
          ],
          [
            -99.316067,
            30.137261
          ],
          [
            -99.315753,
            30.136759
          ],
          [
            -99.315545,
            30.13641
          ],
          [
            -99.315106,
            30.135656
          ],
          [
            -99.314939,
            30.135366
          ],
          [
            -99.314701,
            30.134831
          ],
          [
            -99.314565,
            30.134387
          ],
          [
            -99.314534,
            30.134262
          ],
          [
            -99.314422,
            30.133608
          ],
          [
            -99.314356,
            30.133068
          ],
          [
            -99.314302,
            30.132764
          ],
          [
            -99.314245,
            30.132549
          ],
          [
            -99.314191,
            30.132381
          ],
          [
            -99.31413,
            30.13221
          ],
          [
            -99.314047,
            30.132036
          ],
          [
            -99.31399,
            30.131932
          ],
          [
            -99.313921,
            30.131826
          ],
          [
            -99.313605,
            30.131402
          ],
          [
            -99.31353,
            30.131317
          ],
          [
            -99.313451,
            30.131242
          ],
          [
            -99.313125,
            30.13096
          ],
          [
            -99.312764,
            30.130721
          ],
          [
            -99.312647,
            30.130655
          ],
          [
            -99.312003,
            30.13035
          ],
          [
            -99.311929,
            30.130315
          ],
          [
            -99.310275,
            30.129569
          ],
          [
            -99.310159,
            30.129516
          ],
          [
            -99.3097,
            30.129256
          ],
          [
            -99.309473,
            30.129101
          ],
          [
            -99.308782,
            30.128558
          ],
          [
            -99.307384,
            30.127374
          ],
          [
            -99.307023,
            30.127108
          ],
          [
            -99.306822,
            30.12696
          ],
          [
            -99.30657,
            30.12679
          ],
          [
            -99.306517,
            30.126754
          ],
          [
            -99.305994,
            30.126402
          ],
          [
            -99.305788,
            30.12627
          ],
          [
            -99.305146,
            30.125823
          ],
          [
            -99.303579,
            30.124769
          ],
          [
            -99.301179,
            30.123154
          ],
          [
            -99.300276,
            30.122528
          ],
          [
            -99.299566,
            30.122054
          ],
          [
            -99.299193,
            30.121786
          ],
          [
            -99.298874,
            30.121541
          ],
          [
            -99.29863,
            30.121347
          ],
          [
            -99.298014,
            30.120827
          ],
          [
            -99.297791,
            30.120646
          ],
          [
            -99.29661,
            30.11966
          ],
          [
            -99.295908,
            30.119066
          ],
          [
            -99.294987,
            30.118298
          ],
          [
            -99.294454,
            30.117849
          ],
          [
            -99.293963,
            30.117449
          ],
          [
            -99.293817,
            30.117331
          ],
          [
            -99.293686,
            30.117232
          ],
          [
            -99.293468,
            30.117073
          ],
          [
            -99.293311,
            30.116972
          ],
          [
            -99.293224,
            30.116916
          ],
          [
            -99.292917,
            30.116743
          ],
          [
            -99.292509,
            30.116539
          ],
          [
            -99.292225,
            30.11642
          ],
          [
            -99.291805,
            30.116267
          ],
          [
            -99.291465,
            30.116163
          ],
          [
            -99.29139,
            30.116142
          ],
          [
            -99.291069,
            30.116055
          ],
          [
            -99.290822,
            30.11598
          ],
          [
            -99.290516,
            30.115872
          ],
          [
            -99.290292,
            30.115784
          ],
          [
            -99.290041,
            30.115672
          ],
          [
            -99.289795,
            30.115542
          ],
          [
            -99.289599,
            30.115438
          ],
          [
            -99.289214,
            30.115208
          ],
          [
            -99.288803,
            30.114968
          ],
          [
            -99.288631,
            30.114859
          ],
          [
            -99.288236,
            30.114611
          ],
          [
            -99.287943,
            30.114394
          ],
          [
            -99.287679,
            30.114176
          ],
          [
            -99.28741,
            30.113916
          ],
          [
            -99.287154,
            30.113627
          ],
          [
            -99.287045,
            30.113506
          ],
          [
            -99.286673,
            30.112984
          ],
          [
            -99.286343,
            30.112417
          ],
          [
            -99.285823,
            30.111542
          ],
          [
            -99.285353,
            30.110752
          ],
          [
            -99.284418,
            30.109147
          ],
          [
            -99.284358,
            30.109056
          ],
          [
            -99.284227,
            30.108875
          ],
          [
            -99.283932,
            30.108512
          ],
          [
            -99.283859,
            30.108439
          ],
          [
            -99.283665,
            30.108245
          ],
          [
            -99.28358,
            30.10816
          ],
          [
            -99.283498,
            30.108078
          ],
          [
            -99.283402,
            30.107995
          ],
          [
            -99.283377,
            30.107976
          ],
          [
            -99.282782,
            30.107532
          ],
          [
            -99.282672,
            30.10746
          ],
          [
            -99.282091,
            30.107139
          ],
          [
            -99.282003,
            30.107099
          ],
          [
            -99.281971,
            30.107082
          ],
          [
            -99.281129,
            30.106733
          ],
          [
            -99.280382,
            30.106424
          ],
          [
            -99.279148,
            30.105914
          ],
          [
            -99.278994,
            30.10585
          ],
          [
            -99.27781,
            30.10536
          ],
          [
            -99.277507,
            30.105235
          ],
          [
            -99.276609,
            30.104863
          ],
          [
            -99.275858,
            30.104553
          ],
          [
            -99.275375,
            30.104353
          ],
          [
            -99.273239,
            30.103469
          ],
          [
            -99.272635,
            30.103253
          ],
          [
            -99.271823,
            30.102963
          ],
          [
            -99.271512,
            30.102857
          ],
          [
            -99.270264,
            30.10243
          ],
          [
            -99.268012,
            30.101659
          ],
          [
            -99.26773,
            30.101564
          ],
          [
            -99.266745,
            30.101227
          ],
          [
            -99.266653,
            30.101195
          ],
          [
            -99.266223,
            30.101047
          ],
          [
            -99.26571,
            30.10087
          ],
          [
            -99.265038,
            30.100632
          ],
          [
            -99.264066,
            30.100294
          ],
          [
            -99.263958,
            30.100262
          ],
          [
            -99.263718,
            30.100171
          ],
          [
            -99.263481,
            30.100073
          ],
          [
            -99.263378,
            30.100025
          ],
          [
            -99.263257,
            30.099975
          ],
          [
            -99.26312,
            30.099918
          ],
          [
            -99.263061,
            30.099888
          ],
          [
            -99.263007,
            30.09986
          ],
          [
            -99.262903,
            30.099801
          ],
          [
            -99.262712,
            30.099707
          ],
          [
            -99.262683,
            30.099692
          ],
          [
            -99.262335,
            30.099495
          ],
          [
            -99.261962,
            30.099236
          ],
          [
            -99.26188,
            30.099179
          ],
          [
            -99.261525,
            30.098926
          ],
          [
            -99.261267,
            30.098742
          ],
          [
            -99.260899,
            30.098415
          ],
          [
            -99.260771,
            30.098301
          ],
          [
            -99.260445,
            30.097964
          ],
          [
            -99.260324,
            30.097839
          ],
          [
            -99.259918,
            30.097429
          ],
          [
            -99.259607,
            30.097102
          ],
          [
            -99.259413,
            30.096898
          ],
          [
            -99.259124,
            30.096601
          ],
          [
            -99.258936,
            30.096406
          ],
          [
            -99.25855,
            30.096014
          ],
          [
            -99.257728,
            30.09514
          ],
          [
            -99.25708,
            30.094472
          ],
          [
            -99.256599,
            30.093972
          ],
          [
            -99.25647,
            30.093843
          ],
          [
            -99.255664,
            30.093001
          ],
          [
            -99.255214,
            30.092538
          ],
          [
            -99.255096,
            30.092416
          ],
          [
            -99.254774,
            30.092106
          ],
          [
            -99.254644,
            30.09197
          ],
          [
            -99.254545,
            30.091872
          ],
          [
            -99.253847,
            30.091128
          ],
          [
            -99.253785,
            30.091062
          ],
          [
            -99.253422,
            30.090675
          ],
          [
            -99.253347,
            30.090603
          ],
          [
            -99.253251,
            30.090511
          ],
          [
            -99.253155,
            30.090432
          ],
          [
            -99.252682,
            30.090043
          ],
          [
            -99.252157,
            30.089669
          ],
          [
            -99.25195,
            30.08954
          ],
          [
            -99.251697,
            30.089402
          ],
          [
            -99.25013,
            30.088422
          ],
          [
            -99.24991,
            30.088277
          ],
          [
            -99.249762,
            30.08817
          ],
          [
            -99.249675,
            30.088103
          ],
          [
            -99.249461,
            30.087926
          ],
          [
            -99.249293,
            30.087772
          ],
          [
            -99.249121,
            30.087625
          ],
          [
            -99.248708,
            30.087192
          ],
          [
            -99.248253,
            30.086699
          ],
          [
            -99.247768,
            30.086179
          ],
          [
            -99.247238,
            30.085606
          ],
          [
            -99.246096,
            30.08439
          ],
          [
            -99.245961,
            30.084244
          ],
          [
            -99.245715,
            30.083973
          ],
          [
            -99.245551,
            30.083802
          ],
          [
            -99.245482,
            30.083727
          ],
          [
            -99.245062,
            30.083274
          ],
          [
            -99.244815,
            30.083001
          ],
          [
            -99.244708,
            30.082891
          ],
          [
            -99.244434,
            30.08262
          ],
          [
            -99.244323,
            30.082506
          ],
          [
            -99.244203,
            30.082384
          ],
          [
            -99.244154,
            30.082324
          ],
          [
            -99.244059,
            30.082208
          ],
          [
            -99.243969,
            30.082099
          ],
          [
            -99.243872,
            30.081984
          ],
          [
            -99.243771,
            30.081852
          ],
          [
            -99.243531,
            30.081535
          ],
          [
            -99.242929,
            30.080742
          ],
          [
            -99.242538,
            30.080206
          ],
          [
            -99.242221,
            30.079797
          ],
          [
            -99.241698,
            30.079106
          ],
          [
            -99.241553,
            30.078913
          ],
          [
            -99.241122,
            30.078381
          ],
          [
            -99.240655,
            30.077781
          ],
          [
            -99.239261,
            30.075932
          ],
          [
            -99.23871,
            30.075312
          ],
          [
            -99.238535,
            30.075152
          ],
          [
            -99.238354,
            30.075
          ],
          [
            -99.238167,
            30.074856
          ],
          [
            -99.237977,
            30.074721
          ],
          [
            -99.237366,
            30.074355
          ],
          [
            -99.237285,
            30.074317
          ],
          [
            -99.236969,
            30.074165
          ],
          [
            -99.236469,
            30.073961
          ],
          [
            -99.236427,
            30.07393
          ],
          [
            -99.236399,
            30.073871
          ],
          [
            -99.236363,
            30.073693
          ],
          [
            -99.237361,
            30.073726
          ],
          [
            -99.237922,
            30.073701
          ],
          [
            -99.238026,
            30.073696
          ],
          [
            -99.238206,
            30.073685
          ],
          [
            -99.238267,
            30.073681
          ],
          [
            -99.238516,
            30.073651
          ],
          [
            -99.238998,
            30.0736
          ],
          [
            -99.239532,
            30.073497
          ],
          [
            -99.239604,
            30.073483
          ],
          [
            -99.239904,
            30.073432
          ],
          [
            -99.240203,
            30.073395
          ],
          [
            -99.240451,
            30.073383
          ],
          [
            -99.240643,
            30.073373
          ],
          [
            -99.2408,
            30.073371
          ],
          [
            -99.241225,
            30.073365
          ],
          [
            -99.242469,
            30.073442
          ],
          [
            -99.242676,
            30.07344
          ],
          [
            -99.242862,
            30.073437
          ],
          [
            -99.243027,
            30.073428
          ],
          [
            -99.243211,
            30.073412
          ],
          [
            -99.243931,
            30.073348
          ],
          [
            -99.244156,
            30.073333
          ],
          [
            -99.244885,
            30.073306
          ],
          [
            -99.246337,
            30.073272
          ],
          [
            -99.246482,
            30.073263
          ],
          [
            -99.247437,
            30.073237
          ],
          [
            -99.247788,
            30.073228
          ],
          [
            -99.248048,
            30.073204
          ],
          [
            -99.248306,
            30.073186
          ],
          [
            -99.248607,
            30.073152
          ],
          [
            -99.248981,
            30.073081
          ],
          [
            -99.249371,
            30.072986
          ],
          [
            -99.249618,
            30.07292
          ],
          [
            -99.249874,
            30.07283
          ],
          [
            -99.250087,
            30.072745
          ],
          [
            -99.250254,
            30.072678
          ],
          [
            -99.250781,
            30.072428
          ],
          [
            -99.251668,
            30.071921
          ],
          [
            -99.251982,
            30.071764
          ],
          [
            -99.252185,
            30.071674
          ],
          [
            -99.252379,
            30.071583
          ],
          [
            -99.252622,
            30.071503
          ],
          [
            -99.25308,
            30.071374
          ],
          [
            -99.253161,
            30.071354
          ],
          [
            -99.253306,
            30.071318
          ],
          [
            -99.253395,
            30.071298
          ],
          [
            -99.253541,
            30.071266
          ],
          [
            -99.253772,
            30.071224
          ],
          [
            -99.254087,
            30.071192
          ],
          [
            -99.254356,
            30.071173
          ],
          [
            -99.254965,
            30.071139
          ],
          [
            -99.255314,
            30.071118
          ],
          [
            -99.255675,
            30.071096
          ],
          [
            -99.256468,
            30.071083
          ],
          [
            -99.256867,
            30.071076
          ],
          [
            -99.257092,
            30.071072
          ],
          [
            -99.257679,
            30.071073
          ],
          [
            -99.257796,
            30.071076
          ],
          [
            -99.25792,
            30.071079
          ],
          [
            -99.258123,
            30.07109
          ],
          [
            -99.258533,
            30.071132
          ],
          [
            -99.258985,
            30.071202
          ],
          [
            -99.25943,
            30.07127
          ],
          [
            -99.259752,
            30.071329
          ],
          [
            -99.25995,
            30.071374
          ],
          [
            -99.260136,
            30.071433
          ],
          [
            -99.260438,
            30.071549
          ],
          [
            -99.260698,
            30.071654
          ],
          [
            -99.260922,
            30.071744
          ],
          [
            -99.261267,
            30.071872
          ],
          [
            -99.261548,
            30.071997
          ],
          [
            -99.261579,
            30.072017
          ],
          [
            -99.261718,
            30.072107
          ],
          [
            -99.26186,
            30.072218
          ],
          [
            -99.262022,
            30.072394
          ],
          [
            -99.26217,
            30.072597
          ],
          [
            -99.262416,
            30.07298
          ],
          [
            -99.262572,
            30.073173
          ],
          [
            -99.262589,
            30.073195
          ],
          [
            -99.262727,
            30.07332
          ],
          [
            -99.262877,
            30.073439
          ],
          [
            -99.263254,
            30.073664
          ],
          [
            -99.263426,
            30.073747
          ],
          [
            -99.263622,
            30.073816
          ],
          [
            -99.263816,
            30.073867
          ],
          [
            -99.26403,
            30.073905
          ],
          [
            -99.264568,
            30.07396
          ],
          [
            -99.264773,
            30.073969
          ],
          [
            -99.265051,
            30.073958
          ],
          [
            -99.266212,
            30.073845
          ],
          [
            -99.2669,
            30.073788
          ],
          [
            -99.267195,
            30.073763
          ],
          [
            -99.268037,
            30.073657
          ],
          [
            -99.268631,
            30.073601
          ],
          [
            -99.27109,
            30.073437
          ],
          [
            -99.272231,
            30.073334
          ],
          [
            -99.27373,
            30.073258
          ],
          [
            -99.273796,
            30.073255
          ],
          [
            -99.274537,
            30.073217
          ],
          [
            -99.274812,
            30.073203
          ],
          [
            -99.275155,
            30.073174
          ],
          [
            -99.275224,
            30.073168
          ],
          [
            -99.275793,
            30.073113
          ],
          [
            -99.275853,
            30.073107
          ],
          [
            -99.276225,
            30.073071
          ],
          [
            -99.277859,
            30.072908
          ],
          [
            -99.278112,
            30.072884
          ],
          [
            -99.278901,
            30.07281
          ],
          [
            -99.280136,
            30.072727
          ],
          [
            -99.280321,
            30.072714
          ],
          [
            -99.280578,
            30.07268
          ],
          [
            -99.280781,
            30.07263
          ],
          [
            -99.280973,
            30.072562
          ],
          [
            -99.281336,
            30.072402
          ],
          [
            -99.2823,
            30.072084
          ],
          [
            -99.282715,
            30.071947
          ],
          [
            -99.282893,
            30.071899
          ],
          [
            -99.283034,
            30.071869
          ],
          [
            -99.283118,
            30.071851
          ],
          [
            -99.283196,
            30.07184
          ],
          [
            -99.283317,
            30.071823
          ],
          [
            -99.283389,
            30.071812
          ],
          [
            -99.283518,
            30.071788
          ],
          [
            -99.283706,
            30.071762
          ],
          [
            -99.283974,
            30.071725
          ],
          [
            -99.284205,
            30.071685
          ],
          [
            -99.28438,
            30.071644
          ],
          [
            -99.284411,
            30.071637
          ],
          [
            -99.284508,
            30.0716
          ],
          [
            -99.284625,
            30.071556
          ],
          [
            -99.284682,
            30.071525
          ],
          [
            -99.284751,
            30.071489
          ],
          [
            -99.284906,
            30.071367
          ],
          [
            -99.284973,
            30.071286
          ],
          [
            -99.285073,
            30.071163
          ],
          [
            -99.285145,
            30.071032
          ],
          [
            -99.285154,
            30.071015
          ],
          [
            -99.285218,
            30.070805
          ],
          [
            -99.285447,
            30.070054
          ],
          [
            -99.285565,
            30.069569
          ],
          [
            -99.285689,
            30.069118
          ],
          [
            -99.285693,
            30.06911
          ],
          [
            -99.28574,
            30.06903
          ],
          [
            -99.285863,
            30.068893
          ],
          [
            -99.28592,
            30.068854
          ],
          [
            -99.286022,
            30.068786
          ],
          [
            -99.286293,
            30.068703
          ],
          [
            -99.286889,
            30.068578
          ],
          [
            -99.287119,
            30.068529
          ],
          [
            -99.287525,
            30.068436
          ],
          [
            -99.287875,
            30.068356
          ],
          [
            -99.288096,
            30.068323
          ],
          [
            -99.288301,
            30.068292
          ],
          [
            -99.288693,
            30.068236
          ],
          [
            -99.28895,
            30.068208
          ],
          [
            -99.28928,
            30.068165
          ],
          [
            -99.28963,
            30.068129
          ],
          [
            -99.289733,
            30.068119
          ],
          [
            -99.289972,
            30.068108
          ],
          [
            -99.290319,
            30.068101
          ],
          [
            -99.290697,
            30.068121
          ],
          [
            -99.290908,
            30.068158
          ],
          [
            -99.291011,
            30.068182
          ],
          [
            -99.291697,
            30.068361
          ],
          [
            -99.293431,
            30.068863
          ],
          [
            -99.29402,
            30.069093
          ],
          [
            -99.294461,
            30.069271
          ],
          [
            -99.295599,
            30.069716
          ],
          [
            -99.296059,
            30.069893
          ],
          [
            -99.296262,
            30.069958
          ],
          [
            -99.297449,
            30.070221
          ],
          [
            -99.297608,
            30.070261
          ],
          [
            -99.297833,
            30.070299
          ],
          [
            -99.298056,
            30.070327
          ],
          [
            -99.298227,
            30.070343
          ],
          [
            -99.298595,
            30.070368
          ],
          [
            -99.298689,
            30.070375
          ],
          [
            -99.300916,
            30.070498
          ],
          [
            -99.301121,
            30.070472
          ],
          [
            -99.30121,
            30.070448
          ],
          [
            -99.301318,
            30.070419
          ],
          [
            -99.301361,
            30.070404
          ],
          [
            -99.302075,
            30.070159
          ],
          [
            -99.302651,
            30.069992
          ],
          [
            -99.302858,
            30.06995
          ],
          [
            -99.303001,
            30.069931
          ],
          [
            -99.303077,
            30.069921
          ],
          [
            -99.303306,
            30.069902
          ],
          [
            -99.303467,
            30.069889
          ],
          [
            -99.304077,
            30.06983
          ],
          [
            -99.304613,
            30.069777
          ],
          [
            -99.305482,
            30.069685
          ],
          [
            -99.305633,
            30.069665
          ],
          [
            -99.305769,
            30.069642
          ],
          [
            -99.305897,
            30.069615
          ],
          [
            -99.306024,
            30.069583
          ],
          [
            -99.306181,
            30.069534
          ],
          [
            -99.306849,
            30.069318
          ],
          [
            -99.307486,
            30.069126
          ],
          [
            -99.307634,
            30.069083
          ],
          [
            -99.307738,
            30.06906
          ],
          [
            -99.307836,
            30.069045
          ],
          [
            -99.307938,
            30.069031
          ],
          [
            -99.308036,
            30.069024
          ],
          [
            -99.308163,
            30.069026
          ],
          [
            -99.308311,
            30.069037
          ],
          [
            -99.308481,
            30.069059
          ],
          [
            -99.308892,
            30.069112
          ],
          [
            -99.310129,
            30.069269
          ],
          [
            -99.310265,
            30.069286
          ],
          [
            -99.310683,
            30.069339
          ],
          [
            -99.311189,
            30.069403
          ],
          [
            -99.313996,
            30.069765
          ],
          [
            -99.314206,
            30.069791
          ],
          [
            -99.314367,
            30.069807
          ],
          [
            -99.31453,
            30.069819
          ],
          [
            -99.31468,
            30.069827
          ],
          [
            -99.314809,
            30.069832
          ],
          [
            -99.314943,
            30.069836
          ],
          [
            -99.315758,
            30.069835
          ],
          [
            -99.315915,
            30.069835
          ],
          [
            -99.31606,
            30.069831
          ],
          [
            -99.316223,
            30.06982
          ],
          [
            -99.316397,
            30.069803
          ],
          [
            -99.316618,
            30.069773
          ],
          [
            -99.318152,
            30.06954
          ],
          [
            -99.318291,
            30.069524
          ],
          [
            -99.318435,
            30.069515
          ],
          [
            -99.318573,
            30.069511
          ],
          [
            -99.318711,
            30.069513
          ],
          [
            -99.31882,
            30.069515
          ],
          [
            -99.318865,
            30.069516
          ],
          [
            -99.318983,
            30.069523
          ],
          [
            -99.31899,
            30.069523
          ],
          [
            -99.31959,
            30.069579
          ],
          [
            -99.319818,
            30.069601
          ],
          [
            -99.320363,
            30.069659
          ],
          [
            -99.320522,
            30.069672
          ],
          [
            -99.320663,
            30.069676
          ],
          [
            -99.320792,
            30.069672
          ],
          [
            -99.320926,
            30.069662
          ],
          [
            -99.321036,
            30.069644
          ],
          [
            -99.321131,
            30.069619
          ],
          [
            -99.32125,
            30.069583
          ],
          [
            -99.321388,
            30.069539
          ],
          [
            -99.322598,
            30.06911
          ],
          [
            -99.322926,
            30.068999
          ],
          [
            -99.32371,
            30.068729
          ],
          [
            -99.323907,
            30.068664
          ],
          [
            -99.324051,
            30.068623
          ],
          [
            -99.324192,
            30.068591
          ],
          [
            -99.324323,
            30.068572
          ],
          [
            -99.324455,
            30.068564
          ],
          [
            -99.324607,
            30.068565
          ],
          [
            -99.324774,
            30.06858
          ],
          [
            -99.324911,
            30.068599
          ],
          [
            -99.325037,
            30.068627
          ],
          [
            -99.32515,
            30.068657
          ],
          [
            -99.325516,
            30.068781
          ],
          [
            -99.325828,
            30.068886
          ],
          [
            -99.327076,
            30.069326
          ],
          [
            -99.32756,
            30.069491
          ],
          [
            -99.327777,
            30.069559
          ],
          [
            -99.328,
            30.069626
          ],
          [
            -99.328172,
            30.069672
          ],
          [
            -99.328344,
            30.069713
          ],
          [
            -99.328534,
            30.069754
          ],
          [
            -99.329222,
            30.069879
          ],
          [
            -99.329996,
            30.070015
          ],
          [
            -99.330012,
            30.070018
          ],
          [
            -99.330238,
            30.070056
          ],
          [
            -99.330444,
            30.070084
          ],
          [
            -99.330606,
            30.070101
          ],
          [
            -99.33075,
            30.070114
          ],
          [
            -99.330902,
            30.070123
          ],
          [
            -99.331054,
            30.070126
          ],
          [
            -99.331178,
            30.070129
          ],
          [
            -99.33143,
            30.070133
          ],
          [
            -99.331675,
            30.070141
          ],
          [
            -99.332672,
            30.070169
          ],
          [
            -99.33275,
            30.07017
          ],
          [
            -99.332815,
            30.07017
          ],
          [
            -99.332885,
            30.070168
          ],
          [
            -99.333004,
            30.070158
          ],
          [
            -99.333115,
            30.070144
          ],
          [
            -99.333253,
            30.07012
          ],
          [
            -99.33336,
            30.070096
          ],
          [
            -99.33348,
            30.070061
          ],
          [
            -99.333666,
            30.069998
          ],
          [
            -99.333791,
            30.069945
          ],
          [
            -99.333896,
            30.069894
          ],
          [
            -99.334005,
            30.069829
          ],
          [
            -99.334204,
            30.069689
          ],
          [
            -99.335078,
            30.068972
          ],
          [
            -99.335121,
            30.068937
          ],
          [
            -99.335347,
            30.068737
          ],
          [
            -99.335538,
            30.068563
          ],
          [
            -99.336398,
            30.068868
          ],
          [
            -99.337105,
            30.069104
          ],
          [
            -99.336848,
            30.069762
          ],
          [
            -99.336745,
            30.070136
          ],
          [
            -99.3366,
            30.070508
          ],
          [
            -99.335855,
            30.070254
          ],
          [
            -99.334204,
            30.069689
          ],
          [
            -99.334005,
            30.069829
          ],
          [
            -99.333896,
            30.069894
          ],
          [
            -99.333791,
            30.069945
          ],
          [
            -99.333666,
            30.069998
          ],
          [
            -99.33348,
            30.070061
          ],
          [
            -99.33336,
            30.070096
          ],
          [
            -99.333253,
            30.07012
          ],
          [
            -99.333115,
            30.070144
          ],
          [
            -99.333004,
            30.070158
          ],
          [
            -99.332885,
            30.070168
          ],
          [
            -99.332815,
            30.07017
          ],
          [
            -99.33275,
            30.07017
          ],
          [
            -99.332672,
            30.070169
          ],
          [
            -99.331675,
            30.070141
          ],
          [
            -99.33143,
            30.070133
          ],
          [
            -99.331178,
            30.070129
          ],
          [
            -99.331054,
            30.070126
          ],
          [
            -99.330902,
            30.070123
          ],
          [
            -99.33075,
            30.070114
          ],
          [
            -99.330606,
            30.070101
          ],
          [
            -99.330444,
            30.070084
          ],
          [
            -99.330238,
            30.070056
          ],
          [
            -99.330012,
            30.070018
          ],
          [
            -99.329222,
            30.069879
          ],
          [
            -99.328534,
            30.069754
          ],
          [
            -99.328344,
            30.069713
          ],
          [
            -99.328172,
            30.069672
          ],
          [
            -99.328,
            30.069626
          ],
          [
            -99.327777,
            30.069559
          ],
          [
            -99.32756,
            30.069491
          ],
          [
            -99.327076,
            30.069326
          ],
          [
            -99.325828,
            30.068886
          ],
          [
            -99.325516,
            30.068781
          ],
          [
            -99.32515,
            30.068657
          ],
          [
            -99.325037,
            30.068627
          ],
          [
            -99.324911,
            30.068599
          ],
          [
            -99.324774,
            30.06858
          ],
          [
            -99.324607,
            30.068565
          ],
          [
            -99.324455,
            30.068564
          ],
          [
            -99.324323,
            30.068572
          ],
          [
            -99.324192,
            30.068591
          ],
          [
            -99.324051,
            30.068623
          ],
          [
            -99.323907,
            30.068664
          ],
          [
            -99.32371,
            30.068729
          ],
          [
            -99.322926,
            30.068999
          ],
          [
            -99.322598,
            30.06911
          ],
          [
            -99.321388,
            30.069539
          ],
          [
            -99.32125,
            30.069583
          ],
          [
            -99.321131,
            30.069619
          ],
          [
            -99.321036,
            30.069644
          ],
          [
            -99.320926,
            30.069662
          ],
          [
            -99.320792,
            30.069672
          ],
          [
            -99.320663,
            30.069676
          ],
          [
            -99.320522,
            30.069672
          ],
          [
            -99.320363,
            30.069659
          ],
          [
            -99.319818,
            30.069601
          ],
          [
            -99.31959,
            30.069579
          ],
          [
            -99.31899,
            30.069523
          ],
          [
            -99.318983,
            30.069523
          ],
          [
            -99.318865,
            30.069516
          ],
          [
            -99.31882,
            30.069515
          ],
          [
            -99.318711,
            30.069513
          ],
          [
            -99.318573,
            30.069511
          ],
          [
            -99.318435,
            30.069515
          ],
          [
            -99.318291,
            30.069524
          ],
          [
            -99.318152,
            30.06954
          ],
          [
            -99.316618,
            30.069773
          ],
          [
            -99.316397,
            30.069803
          ],
          [
            -99.316223,
            30.06982
          ],
          [
            -99.31606,
            30.069831
          ],
          [
            -99.315915,
            30.069835
          ],
          [
            -99.315758,
            30.069835
          ],
          [
            -99.314943,
            30.069836
          ],
          [
            -99.314809,
            30.069832
          ],
          [
            -99.31468,
            30.069827
          ],
          [
            -99.31453,
            30.069819
          ],
          [
            -99.314367,
            30.069807
          ],
          [
            -99.314206,
            30.069791
          ],
          [
            -99.313996,
            30.069765
          ],
          [
            -99.311189,
            30.069403
          ],
          [
            -99.310683,
            30.069339
          ],
          [
            -99.310265,
            30.069286
          ],
          [
            -99.310129,
            30.069269
          ],
          [
            -99.308892,
            30.069112
          ],
          [
            -99.308481,
            30.069059
          ],
          [
            -99.308311,
            30.069037
          ],
          [
            -99.308163,
            30.069026
          ],
          [
            -99.308036,
            30.069024
          ],
          [
            -99.307938,
            30.069031
          ],
          [
            -99.307836,
            30.069045
          ],
          [
            -99.307738,
            30.06906
          ],
          [
            -99.307634,
            30.069083
          ],
          [
            -99.307486,
            30.069126
          ],
          [
            -99.306849,
            30.069318
          ],
          [
            -99.306181,
            30.069534
          ],
          [
            -99.306024,
            30.069583
          ],
          [
            -99.305897,
            30.069615
          ],
          [
            -99.305769,
            30.069642
          ],
          [
            -99.305633,
            30.069665
          ],
          [
            -99.305482,
            30.069685
          ],
          [
            -99.304613,
            30.069777
          ],
          [
            -99.304077,
            30.06983
          ],
          [
            -99.303467,
            30.069889
          ],
          [
            -99.303306,
            30.069902
          ],
          [
            -99.303077,
            30.069921
          ],
          [
            -99.303001,
            30.069931
          ],
          [
            -99.302858,
            30.06995
          ],
          [
            -99.302651,
            30.069992
          ],
          [
            -99.302075,
            30.070159
          ],
          [
            -99.301361,
            30.070404
          ],
          [
            -99.301318,
            30.070419
          ],
          [
            -99.30121,
            30.070448
          ],
          [
            -99.301121,
            30.070472
          ],
          [
            -99.300916,
            30.070498
          ],
          [
            -99.298689,
            30.070375
          ],
          [
            -99.298595,
            30.070368
          ],
          [
            -99.298227,
            30.070343
          ],
          [
            -99.298056,
            30.070327
          ],
          [
            -99.297833,
            30.070299
          ],
          [
            -99.297608,
            30.070261
          ],
          [
            -99.297449,
            30.070221
          ],
          [
            -99.296262,
            30.069958
          ],
          [
            -99.296059,
            30.069893
          ],
          [
            -99.295599,
            30.069716
          ],
          [
            -99.294461,
            30.069271
          ],
          [
            -99.29402,
            30.069093
          ],
          [
            -99.293431,
            30.068863
          ],
          [
            -99.291697,
            30.068361
          ],
          [
            -99.291011,
            30.068182
          ],
          [
            -99.290908,
            30.068158
          ],
          [
            -99.290697,
            30.068121
          ],
          [
            -99.290319,
            30.068101
          ],
          [
            -99.289972,
            30.068108
          ],
          [
            -99.289733,
            30.068119
          ],
          [
            -99.28963,
            30.068129
          ],
          [
            -99.28928,
            30.068165
          ],
          [
            -99.28895,
            30.068208
          ],
          [
            -99.288693,
            30.068236
          ],
          [
            -99.288301,
            30.068292
          ],
          [
            -99.288096,
            30.068323
          ],
          [
            -99.287875,
            30.068356
          ],
          [
            -99.287525,
            30.068436
          ],
          [
            -99.287119,
            30.068529
          ],
          [
            -99.286889,
            30.068578
          ],
          [
            -99.286293,
            30.068703
          ],
          [
            -99.286022,
            30.068786
          ],
          [
            -99.28592,
            30.068854
          ],
          [
            -99.285863,
            30.068893
          ],
          [
            -99.28574,
            30.06903
          ],
          [
            -99.285693,
            30.06911
          ],
          [
            -99.285689,
            30.069118
          ],
          [
            -99.285565,
            30.069569
          ],
          [
            -99.285447,
            30.070054
          ],
          [
            -99.285218,
            30.070805
          ],
          [
            -99.285154,
            30.071015
          ],
          [
            -99.285145,
            30.071032
          ],
          [
            -99.285073,
            30.071163
          ],
          [
            -99.284973,
            30.071286
          ],
          [
            -99.284906,
            30.071367
          ],
          [
            -99.284751,
            30.071489
          ],
          [
            -99.284682,
            30.071525
          ],
          [
            -99.284625,
            30.071556
          ],
          [
            -99.284508,
            30.0716
          ],
          [
            -99.284411,
            30.071637
          ],
          [
            -99.28438,
            30.071644
          ],
          [
            -99.284205,
            30.071685
          ],
          [
            -99.283974,
            30.071725
          ],
          [
            -99.283706,
            30.071762
          ],
          [
            -99.283518,
            30.071788
          ],
          [
            -99.283389,
            30.071812
          ],
          [
            -99.283317,
            30.071823
          ],
          [
            -99.283196,
            30.07184
          ],
          [
            -99.283118,
            30.071851
          ],
          [
            -99.283034,
            30.071869
          ],
          [
            -99.282893,
            30.071899
          ],
          [
            -99.282715,
            30.071947
          ],
          [
            -99.2823,
            30.072084
          ],
          [
            -99.281336,
            30.072402
          ],
          [
            -99.280973,
            30.072562
          ],
          [
            -99.280781,
            30.07263
          ],
          [
            -99.280578,
            30.07268
          ],
          [
            -99.280321,
            30.072714
          ],
          [
            -99.280136,
            30.072727
          ],
          [
            -99.278901,
            30.07281
          ],
          [
            -99.278112,
            30.072884
          ],
          [
            -99.277859,
            30.072908
          ],
          [
            -99.276225,
            30.073071
          ],
          [
            -99.275853,
            30.073107
          ],
          [
            -99.275793,
            30.073113
          ],
          [
            -99.275224,
            30.073168
          ],
          [
            -99.275155,
            30.073174
          ],
          [
            -99.274812,
            30.073203
          ],
          [
            -99.274537,
            30.073217
          ],
          [
            -99.273796,
            30.073255
          ],
          [
            -99.27373,
            30.073258
          ],
          [
            -99.272231,
            30.073334
          ],
          [
            -99.27109,
            30.073437
          ],
          [
            -99.268631,
            30.073601
          ],
          [
            -99.268037,
            30.073657
          ],
          [
            -99.267195,
            30.073763
          ],
          [
            -99.2669,
            30.073788
          ],
          [
            -99.266212,
            30.073845
          ],
          [
            -99.265051,
            30.073958
          ],
          [
            -99.264773,
            30.073969
          ],
          [
            -99.264568,
            30.07396
          ],
          [
            -99.26403,
            30.073905
          ],
          [
            -99.263816,
            30.073867
          ],
          [
            -99.263622,
            30.073816
          ],
          [
            -99.263426,
            30.073747
          ],
          [
            -99.263254,
            30.073664
          ],
          [
            -99.262877,
            30.073439
          ],
          [
            -99.262727,
            30.07332
          ],
          [
            -99.262589,
            30.073195
          ],
          [
            -99.262572,
            30.073173
          ],
          [
            -99.262416,
            30.07298
          ],
          [
            -99.26217,
            30.072597
          ],
          [
            -99.262022,
            30.072394
          ],
          [
            -99.26186,
            30.072218
          ],
          [
            -99.261718,
            30.072107
          ],
          [
            -99.261579,
            30.072017
          ],
          [
            -99.261548,
            30.071997
          ],
          [
            -99.261267,
            30.071872
          ],
          [
            -99.260922,
            30.071744
          ],
          [
            -99.260698,
            30.071654
          ],
          [
            -99.260438,
            30.071549
          ],
          [
            -99.260136,
            30.071433
          ],
          [
            -99.25995,
            30.071374
          ],
          [
            -99.259752,
            30.071329
          ],
          [
            -99.25943,
            30.07127
          ],
          [
            -99.258985,
            30.071202
          ],
          [
            -99.258533,
            30.071132
          ],
          [
            -99.258123,
            30.07109
          ],
          [
            -99.25792,
            30.071079
          ],
          [
            -99.257796,
            30.071076
          ],
          [
            -99.257679,
            30.071073
          ],
          [
            -99.257092,
            30.071072
          ],
          [
            -99.256867,
            30.071076
          ],
          [
            -99.256468,
            30.071083
          ],
          [
            -99.255675,
            30.071096
          ],
          [
            -99.255314,
            30.071118
          ],
          [
            -99.254965,
            30.071139
          ],
          [
            -99.254356,
            30.071173
          ],
          [
            -99.254087,
            30.071192
          ],
          [
            -99.253772,
            30.071224
          ],
          [
            -99.253541,
            30.071266
          ],
          [
            -99.253395,
            30.071298
          ],
          [
            -99.253306,
            30.071318
          ],
          [
            -99.253161,
            30.071354
          ],
          [
            -99.25308,
            30.071374
          ],
          [
            -99.252622,
            30.071503
          ],
          [
            -99.252379,
            30.071583
          ],
          [
            -99.252185,
            30.071674
          ],
          [
            -99.251982,
            30.071764
          ],
          [
            -99.251668,
            30.071921
          ],
          [
            -99.250781,
            30.072428
          ],
          [
            -99.250254,
            30.072678
          ],
          [
            -99.250087,
            30.072745
          ],
          [
            -99.249874,
            30.07283
          ],
          [
            -99.249618,
            30.07292
          ],
          [
            -99.249371,
            30.072986
          ],
          [
            -99.248981,
            30.073081
          ],
          [
            -99.248607,
            30.073152
          ],
          [
            -99.248306,
            30.073186
          ],
          [
            -99.248048,
            30.073204
          ],
          [
            -99.247788,
            30.073228
          ],
          [
            -99.247437,
            30.073237
          ],
          [
            -99.246482,
            30.073263
          ],
          [
            -99.246337,
            30.073272
          ],
          [
            -99.244885,
            30.073306
          ],
          [
            -99.244156,
            30.073333
          ],
          [
            -99.243931,
            30.073348
          ],
          [
            -99.243211,
            30.073412
          ],
          [
            -99.243027,
            30.073428
          ],
          [
            -99.242862,
            30.073437
          ],
          [
            -99.242676,
            30.07344
          ],
          [
            -99.242469,
            30.073442
          ],
          [
            -99.241225,
            30.073365
          ],
          [
            -99.2408,
            30.073371
          ],
          [
            -99.240643,
            30.073373
          ],
          [
            -99.240451,
            30.073383
          ],
          [
            -99.240203,
            30.073395
          ],
          [
            -99.239904,
            30.073432
          ],
          [
            -99.239604,
            30.073483
          ],
          [
            -99.239532,
            30.073497
          ],
          [
            -99.238998,
            30.0736
          ],
          [
            -99.238516,
            30.073651
          ],
          [
            -99.238267,
            30.073681
          ],
          [
            -99.238206,
            30.073685
          ],
          [
            -99.238026,
            30.073696
          ],
          [
            -99.237922,
            30.073701
          ],
          [
            -99.237361,
            30.073726
          ],
          [
            -99.236363,
            30.073693
          ],
          [
            -99.235878,
            30.073671
          ],
          [
            -99.235531,
            30.073655
          ],
          [
            -99.235406,
            30.073649
          ],
          [
            -99.23531,
            30.073645
          ],
          [
            -99.235139,
            30.073637
          ],
          [
            -99.234615,
            30.073614
          ],
          [
            -99.234416,
            30.073605
          ],
          [
            -99.234068,
            30.073589
          ],
          [
            -99.233884,
            30.073578
          ],
          [
            -99.233775,
            30.073571
          ],
          [
            -99.233706,
            30.073567
          ],
          [
            -99.233489,
            30.073554
          ],
          [
            -99.233198,
            30.073536
          ],
          [
            -99.233171,
            30.073534
          ],
          [
            -99.232775,
            30.073514
          ],
          [
            -99.232417,
            30.073497
          ],
          [
            -99.231643,
            30.073459
          ],
          [
            -99.231497,
            30.073452
          ],
          [
            -99.230353,
            30.073396
          ],
          [
            -99.229954,
            30.073376
          ],
          [
            -99.229829,
            30.073371
          ],
          [
            -99.229551,
            30.073361
          ],
          [
            -99.229303,
            30.073352
          ],
          [
            -99.229029,
            30.073342
          ],
          [
            -99.228599,
            30.073327
          ],
          [
            -99.228449,
            30.073321
          ],
          [
            -99.228213,
            30.073313
          ],
          [
            -99.227893,
            30.073301
          ],
          [
            -99.226789,
            30.073279
          ],
          [
            -99.226556,
            30.073274
          ],
          [
            -99.226367,
            30.073266
          ],
          [
            -99.225798,
            30.073241
          ],
          [
            -99.225505,
            30.073228
          ],
          [
            -99.225292,
            30.073219
          ],
          [
            -99.225185,
            30.073214
          ],
          [
            -99.224893,
            30.073198
          ],
          [
            -99.224696,
            30.073188
          ],
          [
            -99.224276,
            30.073165
          ],
          [
            -99.224211,
            30.073162
          ],
          [
            -99.223885,
            30.073148
          ],
          [
            -99.222516,
            30.073084
          ],
          [
            -99.221404,
            30.073031
          ],
          [
            -99.220858,
            30.073006
          ],
          [
            -99.220089,
            30.072969
          ],
          [
            -99.219361,
            30.072935
          ],
          [
            -99.218691,
            30.072903
          ],
          [
            -99.217972,
            30.072868
          ],
          [
            -99.217892,
            30.072865
          ],
          [
            -99.217495,
            30.072853
          ],
          [
            -99.217295,
            30.072843
          ],
          [
            -99.216756,
            30.072817
          ],
          [
            -99.216295,
            30.072795
          ],
          [
            -99.215558,
            30.072757
          ],
          [
            -99.215324,
            30.072744
          ],
          [
            -99.214681,
            30.072713
          ],
          [
            -99.21461,
            30.07271
          ],
          [
            -99.214395,
            30.072698
          ],
          [
            -99.214163,
            30.072688
          ],
          [
            -99.214032,
            30.072681
          ],
          [
            -99.213798,
            30.072668
          ],
          [
            -99.213415,
            30.072647
          ],
          [
            -99.213074,
            30.07263
          ],
          [
            -99.21262,
            30.072609
          ],
          [
            -99.211696,
            30.072569
          ],
          [
            -99.210074,
            30.072485
          ],
          [
            -99.209988,
            30.072481
          ],
          [
            -99.209685,
            30.072467
          ],
          [
            -99.209589,
            30.072462
          ],
          [
            -99.209405,
            30.072454
          ],
          [
            -99.208501,
            30.072411
          ],
          [
            -99.208076,
            30.072387
          ],
          [
            -99.207668,
            30.072368
          ],
          [
            -99.207519,
            30.072367
          ],
          [
            -99.207369,
            30.072365
          ],
          [
            -99.207108,
            30.072366
          ],
          [
            -99.206855,
            30.072372
          ],
          [
            -99.206534,
            30.072388
          ],
          [
            -99.206279,
            30.072407
          ],
          [
            -99.206204,
            30.072414
          ],
          [
            -99.205964,
            30.072435
          ],
          [
            -99.205666,
            30.072464
          ],
          [
            -99.205357,
            30.072504
          ],
          [
            -99.20518,
            30.072528
          ],
          [
            -99.204337,
            30.072651
          ],
          [
            -99.20398,
            30.072704
          ],
          [
            -99.203548,
            30.072767
          ],
          [
            -99.202736,
            30.072879
          ],
          [
            -99.20189,
            30.073
          ],
          [
            -99.200949,
            30.07314
          ],
          [
            -99.200619,
            30.073189
          ],
          [
            -99.200404,
            30.073219
          ],
          [
            -99.199952,
            30.073284
          ],
          [
            -99.199591,
            30.073338
          ],
          [
            -99.199045,
            30.073416
          ],
          [
            -99.198617,
            30.073479
          ],
          [
            -99.198289,
            30.073527
          ],
          [
            -99.198065,
            30.073559
          ],
          [
            -99.197461,
            30.073647
          ],
          [
            -99.197044,
            30.073704
          ],
          [
            -99.196768,
            30.073735
          ],
          [
            -99.196568,
            30.073752
          ],
          [
            -99.196481,
            30.073759
          ],
          [
            -99.196204,
            30.073777
          ],
          [
            -99.195956,
            30.073781
          ],
          [
            -99.195734,
            30.073777
          ],
          [
            -99.19548,
            30.07376
          ],
          [
            -99.195221,
            30.073738
          ],
          [
            -99.195196,
            30.073734
          ],
          [
            -99.195058,
            30.073716
          ],
          [
            -99.194974,
            30.073704
          ],
          [
            -99.194737,
            30.07366
          ],
          [
            -99.194487,
            30.073605
          ],
          [
            -99.194335,
            30.073569
          ],
          [
            -99.194256,
            30.07355
          ],
          [
            -99.19403,
            30.073486
          ],
          [
            -99.193778,
            30.073405
          ],
          [
            -99.193558,
            30.073327
          ],
          [
            -99.193392,
            30.073258
          ],
          [
            -99.193171,
            30.073164
          ],
          [
            -99.192905,
            30.07304
          ],
          [
            -99.192617,
            30.072898
          ],
          [
            -99.192161,
            30.07267
          ],
          [
            -99.192026,
            30.072606
          ],
          [
            -99.190843,
            30.072043
          ],
          [
            -99.190388,
            30.071832
          ],
          [
            -99.189981,
            30.071643
          ],
          [
            -99.189628,
            30.07148
          ],
          [
            -99.189362,
            30.071348
          ],
          [
            -99.189043,
            30.071191
          ],
          [
            -99.188477,
            30.070911
          ],
          [
            -99.188259,
            30.070805
          ],
          [
            -99.187773,
            30.070567
          ],
          [
            -99.187606,
            30.070485
          ],
          [
            -99.18741,
            30.07039
          ],
          [
            -99.187143,
            30.07026
          ],
          [
            -99.186954,
            30.070167
          ],
          [
            -99.18686,
            30.070122
          ],
          [
            -99.18675,
            30.070067
          ],
          [
            -99.186664,
            30.070024
          ],
          [
            -99.186107,
            30.069747
          ],
          [
            -99.18598,
            30.069685
          ],
          [
            -99.18437,
            30.068892
          ],
          [
            -99.184103,
            30.068761
          ],
          [
            -99.183939,
            30.068684
          ],
          [
            -99.18356,
            30.068502
          ],
          [
            -99.183151,
            30.068301
          ],
          [
            -99.182678,
            30.068063
          ],
          [
            -99.182116,
            30.067779
          ],
          [
            -99.181761,
            30.067603
          ],
          [
            -99.181412,
            30.067429
          ],
          [
            -99.181372,
            30.067409
          ],
          [
            -99.181104,
            30.067271
          ],
          [
            -99.181014,
            30.067225
          ],
          [
            -99.180907,
            30.067172
          ],
          [
            -99.180848,
            30.067142
          ],
          [
            -99.180638,
            30.067035
          ],
          [
            -99.180369,
            30.066902
          ],
          [
            -99.180298,
            30.066866
          ],
          [
            -99.180018,
            30.066726
          ],
          [
            -99.179891,
            30.066661
          ],
          [
            -99.179762,
            30.066597
          ],
          [
            -99.179537,
            30.066483
          ],
          [
            -99.179299,
            30.066366
          ],
          [
            -99.177969,
            30.065709
          ],
          [
            -99.177703,
            30.065578
          ],
          [
            -99.177418,
            30.065437
          ],
          [
            -99.176337,
            30.064904
          ],
          [
            -99.176117,
            30.064793
          ],
          [
            -99.175965,
            30.064716
          ],
          [
            -99.17575,
            30.064616
          ],
          [
            -99.175545,
            30.064508
          ],
          [
            -99.175486,
            30.064478
          ],
          [
            -99.175227,
            30.064347
          ],
          [
            -99.175113,
            30.064287
          ],
          [
            -99.175055,
            30.064257
          ],
          [
            -99.174735,
            30.06409
          ],
          [
            -99.174152,
            30.063802
          ],
          [
            -99.174,
            30.063727
          ],
          [
            -99.173731,
            30.063594
          ],
          [
            -99.173539,
            30.0635
          ],
          [
            -99.173397,
            30.06343
          ],
          [
            -99.173035,
            30.063253
          ],
          [
            -99.172987,
            30.06323
          ],
          [
            -99.172799,
            30.063138
          ],
          [
            -99.172482,
            30.062983
          ],
          [
            -99.172056,
            30.062778
          ],
          [
            -99.171344,
            30.062436
          ],
          [
            -99.170966,
            30.062254
          ],
          [
            -99.170869,
            30.062206
          ],
          [
            -99.16998,
            30.061768
          ],
          [
            -99.168042,
            30.060804
          ],
          [
            -99.167389,
            30.060477
          ],
          [
            -99.166966,
            30.060258
          ],
          [
            -99.166901,
            30.060227
          ],
          [
            -99.1664,
            30.059981
          ],
          [
            -99.165501,
            30.05955
          ],
          [
            -99.165438,
            30.05952
          ],
          [
            -99.164627,
            30.059131
          ],
          [
            -99.164527,
            30.05908
          ],
          [
            -99.164294,
            30.058961
          ],
          [
            -99.163933,
            30.058789
          ],
          [
            -99.163744,
            30.058699
          ],
          [
            -99.163682,
            30.058669
          ],
          [
            -99.163301,
            30.058482
          ],
          [
            -99.163051,
            30.05836
          ],
          [
            -99.162643,
            30.05816
          ],
          [
            -99.162518,
            30.058099
          ],
          [
            -99.162144,
            30.057914
          ],
          [
            -99.161772,
            30.057731
          ],
          [
            -99.161646,
            30.057668
          ],
          [
            -99.161414,
            30.057554
          ],
          [
            -99.161336,
            30.057516
          ],
          [
            -99.161045,
            30.057372
          ],
          [
            -99.160971,
            30.057336
          ],
          [
            -99.160465,
            30.057086
          ],
          [
            -99.160293,
            30.057002
          ],
          [
            -99.159989,
            30.056852
          ],
          [
            -99.159736,
            30.056727
          ],
          [
            -99.159293,
            30.056509
          ],
          [
            -99.159064,
            30.056398
          ],
          [
            -99.158857,
            30.056293
          ],
          [
            -99.158473,
            30.056105
          ],
          [
            -99.158217,
            30.05598
          ],
          [
            -99.158025,
            30.055893
          ],
          [
            -99.157678,
            30.055741
          ],
          [
            -99.157442,
            30.055677
          ],
          [
            -99.157331,
            30.055646
          ],
          [
            -99.157204,
            30.055611
          ],
          [
            -99.157109,
            30.055582
          ],
          [
            -99.156972,
            30.055542
          ],
          [
            -99.156788,
            30.055501
          ],
          [
            -99.156646,
            30.055475
          ],
          [
            -99.156383,
            30.055427
          ],
          [
            -99.156306,
            30.055412
          ],
          [
            -99.155807,
            30.055318
          ],
          [
            -99.155498,
            30.055268
          ],
          [
            -99.155344,
            30.055243
          ],
          [
            -99.155056,
            30.055197
          ],
          [
            -99.15391,
            30.055
          ],
          [
            -99.153368,
            30.054906
          ],
          [
            -99.152441,
            30.054746
          ],
          [
            -99.152243,
            30.054712
          ],
          [
            -99.152123,
            30.05469
          ],
          [
            -99.151997,
            30.05467
          ],
          [
            -99.151863,
            30.054646
          ],
          [
            -99.151618,
            30.054604
          ],
          [
            -99.151289,
            30.054547
          ],
          [
            -99.151032,
            30.0545
          ],
          [
            -99.15094,
            30.054484
          ],
          [
            -99.150569,
            30.054416
          ],
          [
            -99.150486,
            30.054401
          ],
          [
            -99.150245,
            30.054358
          ],
          [
            -99.150022,
            30.054317
          ],
          [
            -99.149915,
            30.054298
          ],
          [
            -99.149856,
            30.054288
          ],
          [
            -99.149636,
            30.054249
          ],
          [
            -99.149482,
            30.054217
          ],
          [
            -99.149355,
            30.054191
          ],
          [
            -99.149234,
            30.054162
          ],
          [
            -99.149154,
            30.054143
          ],
          [
            -99.148945,
            30.054091
          ],
          [
            -99.148749,
            30.054027
          ],
          [
            -99.148556,
            30.053973
          ],
          [
            -99.148344,
            30.05389
          ],
          [
            -99.148159,
            30.053806
          ],
          [
            -99.147975,
            30.053716
          ],
          [
            -99.147867,
            30.053663
          ],
          [
            -99.1477,
            30.053581
          ],
          [
            -99.147576,
            30.053505
          ],
          [
            -99.147204,
            30.053207
          ],
          [
            -99.147178,
            30.053186
          ],
          [
            -99.147047,
            30.053081
          ],
          [
            -99.146913,
            30.052973
          ],
          [
            -99.146705,
            30.052813
          ],
          [
            -99.146637,
            30.052761
          ],
          [
            -99.146257,
            30.05243
          ],
          [
            -99.146185,
            30.05237
          ],
          [
            -99.145895,
            30.052114
          ],
          [
            -99.145824,
            30.052049
          ],
          [
            -99.145761,
            30.051996
          ],
          [
            -99.14531,
            30.051604
          ],
          [
            -99.144788,
            30.05115
          ],
          [
            -99.144433,
            30.05084
          ],
          [
            -99.144329,
            30.050749
          ],
          [
            -99.144183,
            30.050623
          ],
          [
            -99.144073,
            30.050529
          ],
          [
            -99.143775,
            30.050266
          ],
          [
            -99.143333,
            30.049882
          ],
          [
            -99.143046,
            30.049632
          ],
          [
            -99.142815,
            30.049431
          ],
          [
            -99.142745,
            30.049371
          ],
          [
            -99.14266,
            30.049296
          ],
          [
            -99.142171,
            30.048871
          ],
          [
            -99.142108,
            30.048816
          ],
          [
            -99.142028,
            30.048746
          ],
          [
            -99.141857,
            30.048598
          ],
          [
            -99.14175,
            30.048504
          ],
          [
            -99.141685,
            30.048447
          ],
          [
            -99.141624,
            30.048393
          ],
          [
            -99.141357,
            30.048162
          ],
          [
            -99.140945,
            30.047804
          ],
          [
            -99.140669,
            30.047564
          ],
          [
            -99.140573,
            30.04748
          ],
          [
            -99.140492,
            30.04741
          ],
          [
            -99.140163,
            30.047123
          ],
          [
            -99.140011,
            30.046991
          ]
        ]
      }
    }
  ]
}