{
  "type": "FeatureCollection",
  "features": [
    {
      "type": "Feature",
      "properties": {
        "route": "Leander to Luckenbach Loop",
        "category": "German Towns & Culture",
        "color": "#8e44ad",
        "distance_mi": 219.0,
        "waypoints": [
          "Leander",
          "Nameless Road",
          "Lago Vista",
          "Marble Falls",
          "Willow City Loop",
          "Fredericksburg",
          "Luckenbach",
          "Blanco",
          "Johnson City",
          "Cypress Mill",
          "Shovel Mountain",
          "Cow Creek Road",
          "Liberty Hill"
        ],
        "via": "Nameless Rd -> RM 1431 West -> US 281 South -> RM 1323 -> Willow City Loop -> TX 16 -> Fredericksburg -> RR 1376 -> Luckenbach -> RR 1888 -> Blanco -> US 281 -> CR 301 -> Shovel Mountain Rd -> TX 71 -> Marble Falls -> RM 1431 -> Cow Creek Rd (FM 1174) -> RM 1869 -> Liberty Hill",
        "source": "road-snapped"
      },
      "geometry": {
        "type": "LineString",
        "coordinates": [
          [
            -97.854691,
            30.583048
          ],
          [
            -97.854395,
            30.582358
          ],
          [
            -97.854339,
            30.582227
          ],
          [
            -97.854189,
            30.581875
          ],
          [
            -97.854123,
            30.581707
          ],
          [
            -97.854064,
            30.581545
          ],
          [
            -97.853977,
            30.581336
          ],
          [
            -97.853926,
            30.581211
          ],
          [
            -97.85391,
            30.581174
          ],
          [
            -97.853863,
            30.581059
          ],
          [
            -97.853822,
            30.580961
          ],
          [
            -97.853657,
            30.580563
          ],
          [
            -97.85358,
            30.580372
          ],
          [
            -97.853518,
            30.58022
          ],
          [
            -97.85345,
            30.580051
          ],
          [
            -97.853268,
            30.579604
          ],
          [
            -97.852857,
            30.578677
          ],
          [
            -97.852759,
            30.578464
          ],
          [
            -97.852674,
            30.57827
          ],
          [
            -97.852409,
            30.5777
          ],
          [
            -97.852188,
            30.577185
          ],
          [
            -97.851417,
            30.575322
          ],
          [
            -97.851242,
            30.574899
          ],
          [
            -97.851214,
            30.574832
          ],
          [
            -97.851009,
            30.574341
          ],
          [
            -97.850287,
            30.572605
          ],
          [
            -97.849943,
            30.571767
          ],
          [
            -97.849741,
            30.571276
          ],
          [
            -97.849655,
            30.57107
          ],
          [
            -97.849496,
            30.57069
          ],
          [
            -97.849394,
            30.57045
          ],
          [
            -97.849289,
            30.570196
          ],
          [
            -97.849198,
            30.569974
          ],
          [
            -97.849128,
            30.569804
          ],
          [
            -97.84903,
            30.569567
          ],
          [
            -97.848985,
            30.569456
          ],
          [
            -97.848871,
            30.569182
          ],
          [
            -97.848753,
            30.568904
          ],
          [
            -97.848487,
            30.568272
          ],
          [
            -97.848403,
            30.568071
          ],
          [
            -97.848238,
            30.567671
          ],
          [
            -97.848148,
            30.567455
          ],
          [
            -97.848072,
            30.567271
          ],
          [
            -97.847946,
            30.566966
          ],
          [
            -97.847768,
            30.566537
          ],
          [
            -97.847339,
            30.565501
          ],
          [
            -97.847315,
            30.565444
          ],
          [
            -97.846881,
            30.564409
          ],
          [
            -97.846432,
            30.563314
          ],
          [
            -97.845771,
            30.561734
          ],
          [
            -97.845741,
            30.561663
          ],
          [
            -97.845122,
            30.560172
          ],
          [
            -97.845093,
            30.560102
          ],
          [
            -97.844579,
            30.558901
          ],
          [
            -97.844218,
            30.558097
          ],
          [
            -97.844162,
            30.557972
          ],
          [
            -97.844097,
            30.557848
          ],
          [
            -97.843948,
            30.557545
          ],
          [
            -97.843646,
            30.556935
          ],
          [
            -97.843323,
            30.556293
          ],
          [
            -97.843188,
            30.556009
          ],
          [
            -97.843024,
            30.555682
          ],
          [
            -97.842712,
            30.555062
          ],
          [
            -97.842526,
            30.554686
          ],
          [
            -97.842147,
            30.553929
          ],
          [
            -97.841974,
            30.553568
          ],
          [
            -97.8419,
            30.553418
          ],
          [
            -97.841785,
            30.553116
          ],
          [
            -97.841702,
            30.552786
          ],
          [
            -97.841633,
            30.552359
          ],
          [
            -97.84162,
            30.552075
          ],
          [
            -97.84163,
            30.551761
          ],
          [
            -97.841706,
            30.550431
          ],
          [
            -97.841729,
            30.550033
          ],
          [
            -97.841774,
            30.549431
          ],
          [
            -97.841792,
            30.549012
          ],
          [
            -97.841797,
            30.548919
          ],
          [
            -97.84181,
            30.54869
          ],
          [
            -97.841801,
            30.548318
          ],
          [
            -97.841737,
            30.547921
          ],
          [
            -97.841596,
            30.547445
          ],
          [
            -97.841454,
            30.547089
          ],
          [
            -97.841315,
            30.546771
          ],
          [
            -97.841028,
            30.546118
          ],
          [
            -97.84085,
            30.545722
          ],
          [
            -97.840785,
            30.545577
          ],
          [
            -97.840678,
            30.545339
          ],
          [
            -97.840548,
            30.545051
          ],
          [
            -97.840457,
            30.544833
          ],
          [
            -97.840376,
            30.544656
          ],
          [
            -97.840275,
            30.544421
          ],
          [
            -97.840146,
            30.544139
          ],
          [
            -97.840022,
            30.543845
          ],
          [
            -97.839771,
            30.543275
          ],
          [
            -97.839653,
            30.543025
          ],
          [
            -97.839629,
            30.542973
          ],
          [
            -97.839574,
            30.542839
          ],
          [
            -97.839531,
            30.542737
          ],
          [
            -97.839328,
            30.542253
          ],
          [
            -97.838245,
            30.539783
          ],
          [
            -97.838099,
            30.539443
          ],
          [
            -97.837112,
            30.537209
          ],
          [
            -97.837009,
            30.536979
          ],
          [
            -97.836586,
            30.536047
          ],
          [
            -97.836564,
            30.535993
          ],
          [
            -97.836372,
            30.535543
          ],
          [
            -97.836355,
            30.535502
          ],
          [
            -97.836112,
            30.534955
          ],
          [
            -97.835805,
            30.534263
          ],
          [
            -97.835696,
            30.534015
          ],
          [
            -97.835617,
            30.53385
          ],
          [
            -97.835533,
            30.533653
          ],
          [
            -97.835458,
            30.533478
          ],
          [
            -97.835377,
            30.533286
          ],
          [
            -97.835291,
            30.533087
          ],
          [
            -97.835245,
            30.532978
          ],
          [
            -97.8354,
            30.532927
          ],
          [
            -97.835665,
            30.532842
          ],
          [
            -97.835971,
            30.532744
          ],
          [
            -97.83625,
            30.53263
          ],
          [
            -97.836329,
            30.532538
          ],
          [
            -97.836485,
            30.532482
          ],
          [
            -97.837163,
            30.532252
          ],
          [
            -97.837769,
            30.532059
          ],
          [
            -97.838437,
            30.531838
          ],
          [
            -97.839064,
            30.531636
          ],
          [
            -97.839244,
            30.531582
          ],
          [
            -97.840274,
            30.531252
          ],
          [
            -97.84115,
            30.53098
          ],
          [
            -97.841612,
            30.530839
          ],
          [
            -97.842753,
            30.530493
          ],
          [
            -97.842974,
            30.530498
          ],
          [
            -97.843508,
            30.530354
          ],
          [
            -97.844091,
            30.530205
          ],
          [
            -97.844594,
            30.530065
          ],
          [
            -97.844846,
            30.530003
          ],
          [
            -97.844913,
            30.529986
          ],
          [
            -97.844989,
            30.529966
          ],
          [
            -97.845126,
            30.529933
          ],
          [
            -97.845303,
            30.529889
          ],
          [
            -97.846022,
            30.529709
          ],
          [
            -97.846781,
            30.529533
          ],
          [
            -97.84755,
            30.529426
          ],
          [
            -97.848015,
            30.529371
          ],
          [
            -97.848857,
            30.529251
          ],
          [
            -97.849776,
            30.529015
          ],
          [
            -97.850464,
            30.5288
          ],
          [
            -97.850866,
            30.52868
          ],
          [
            -97.85158,
            30.528459
          ],
          [
            -97.852251,
            30.528252
          ],
          [
            -97.8528,
            30.528081
          ],
          [
            -97.853225,
            30.52795
          ],
          [
            -97.853825,
            30.527758
          ],
          [
            -97.85427,
            30.527617
          ],
          [
            -97.854533,
            30.527522
          ],
          [
            -97.854831,
            30.5274
          ],
          [
            -97.855322,
            30.527246
          ],
          [
            -97.855421,
            30.527215
          ],
          [
            -97.855539,
            30.527173
          ],
          [
            -97.855657,
            30.527137
          ],
          [
            -97.856173,
            30.526981
          ],
          [
            -97.856836,
            30.526757
          ],
          [
            -97.856993,
            30.526647
          ],
          [
            -97.857248,
            30.526575
          ],
          [
            -97.858173,
            30.526313
          ],
          [
            -97.858556,
            30.526209
          ],
          [
            -97.859515,
            30.525911
          ],
          [
            -97.859537,
            30.525904
          ],
          [
            -97.859772,
            30.525825
          ],
          [
            -97.860647,
            30.525548
          ],
          [
            -97.86267,
            30.524892
          ],
          [
            -97.862939,
            30.524805
          ],
          [
            -97.864155,
            30.524409
          ],
          [
            -97.86442,
            30.524324
          ],
          [
            -97.864688,
            30.524209
          ],
          [
            -97.86495,
            30.524086
          ],
          [
            -97.865137,
            30.523951
          ],
          [
            -97.865203,
            30.523901
          ],
          [
            -97.865341,
            30.52379
          ],
          [
            -97.865581,
            30.523627
          ],
          [
            -97.865752,
            30.523435
          ],
          [
            -97.86589,
            30.52324
          ],
          [
            -97.866047,
            30.52297
          ],
          [
            -97.866257,
            30.522603
          ],
          [
            -97.866408,
            30.522339
          ],
          [
            -97.86645,
            30.522267
          ],
          [
            -97.866689,
            30.521845
          ],
          [
            -97.86685,
            30.521574
          ],
          [
            -97.867016,
            30.521348
          ],
          [
            -97.86727,
            30.521075
          ],
          [
            -97.86755,
            30.5208
          ],
          [
            -97.867682,
            30.52067
          ],
          [
            -97.868025,
            30.520358
          ],
          [
            -97.868152,
            30.520242
          ],
          [
            -97.868329,
            30.520044
          ],
          [
            -97.868503,
            30.519837
          ],
          [
            -97.868681,
            30.519575
          ],
          [
            -97.868797,
            30.519402
          ],
          [
            -97.868919,
            30.519166
          ],
          [
            -97.869099,
            30.518782
          ],
          [
            -97.869344,
            30.518286
          ],
          [
            -97.869495,
            30.517978
          ],
          [
            -97.869736,
            30.517483
          ],
          [
            -97.869882,
            30.517148
          ],
          [
            -97.87006,
            30.516778
          ],
          [
            -97.870155,
            30.516523
          ],
          [
            -97.870208,
            30.516173
          ],
          [
            -97.87022,
            30.515972
          ],
          [
            -97.87022,
            30.515779
          ],
          [
            -97.870778,
            30.515689
          ],
          [
            -97.871324,
            30.515547
          ],
          [
            -97.871855,
            30.515377
          ],
          [
            -97.871904,
            30.515365
          ],
          [
            -97.87323,
            30.514932
          ],
          [
            -97.875005,
            30.514351
          ],
          [
            -97.876771,
            30.513768
          ],
          [
            -97.876844,
            30.513744
          ],
          [
            -97.877516,
            30.513525
          ],
          [
            -97.878203,
            30.513301
          ],
          [
            -97.878917,
            30.513063
          ],
          [
            -97.879207,
            30.512964
          ],
          [
            -97.879254,
            30.512947
          ],
          [
            -97.879855,
            30.512737
          ],
          [
            -97.880389,
            30.512565
          ],
          [
            -97.881445,
            30.512232
          ],
          [
            -97.881848,
            30.512105
          ],
          [
            -97.88235,
            30.511992
          ],
          [
            -97.882832,
            30.511932
          ],
          [
            -97.883236,
            30.511934
          ],
          [
            -97.883649,
            30.511979
          ],
          [
            -97.884035,
            30.512051
          ],
          [
            -97.884405,
            30.512143
          ],
          [
            -97.884994,
            30.512387
          ],
          [
            -97.88512,
            30.512203
          ],
          [
            -97.884994,
            30.512387
          ],
          [
            -97.885415,
            30.512649
          ],
          [
            -97.885437,
            30.512664
          ],
          [
            -97.885886,
            30.512968
          ],
          [
            -97.886308,
            30.513425
          ],
          [
            -97.886532,
            30.51374
          ],
          [
            -97.886718,
            30.514079
          ],
          [
            -97.88683,
            30.51436
          ],
          [
            -97.886986,
            30.514749
          ],
          [
            -97.887165,
            30.515098
          ],
          [
            -97.887317,
            30.515398
          ],
          [
            -97.887549,
            30.515729
          ],
          [
            -97.88761,
            30.515785
          ],
          [
            -97.887817,
            30.515979
          ],
          [
            -97.888037,
            30.516128
          ],
          [
            -97.889112,
            30.517073
          ],
          [
            -97.889306,
            30.517244
          ],
          [
            -97.889495,
            30.517392
          ],
          [
            -97.889737,
            30.517529
          ],
          [
            -97.890124,
            30.517717
          ],
          [
            -97.890639,
            30.517903
          ],
          [
            -97.890964,
            30.517967
          ],
          [
            -97.891162,
            30.518006
          ],
          [
            -97.893535,
            30.51837
          ],
          [
            -97.894212,
            30.518537
          ],
          [
            -97.89495,
            30.518797
          ],
          [
            -97.895539,
            30.519057
          ],
          [
            -97.896602,
            30.519528
          ],
          [
            -97.896699,
            30.519583
          ],
          [
            -97.89691,
            30.519671
          ],
          [
            -97.897054,
            30.519733
          ],
          [
            -97.897308,
            30.519837
          ],
          [
            -97.897374,
            30.519851
          ],
          [
            -97.89764,
            30.519919
          ],
          [
            -97.897968,
            30.519946
          ],
          [
            -97.898363,
            30.519927
          ],
          [
            -97.898737,
            30.519851
          ],
          [
            -97.900602,
            30.519272
          ],
          [
            -97.901673,
            30.519011
          ],
          [
            -97.901964,
            30.518944
          ],
          [
            -97.902731,
            30.51878
          ],
          [
            -97.902988,
            30.518725
          ],
          [
            -97.90324,
            30.518666
          ],
          [
            -97.903424,
            30.518615
          ],
          [
            -97.904004,
            30.51847
          ],
          [
            -97.904794,
            30.518301
          ],
          [
            -97.905088,
            30.518211
          ],
          [
            -97.905538,
            30.518068
          ],
          [
            -97.905818,
            30.517956
          ],
          [
            -97.906217,
            30.517762
          ],
          [
            -97.906471,
            30.517611
          ],
          [
            -97.906728,
            30.517458
          ],
          [
            -97.907033,
            30.517276
          ],
          [
            -97.908189,
            30.516603
          ],
          [
            -97.908399,
            30.516489
          ],
          [
            -97.908973,
            30.516176
          ],
          [
            -97.909077,
            30.516119
          ],
          [
            -97.909369,
            30.515917
          ],
          [
            -97.909604,
            30.515686
          ],
          [
            -97.909714,
            30.515548
          ],
          [
            -97.909836,
            30.515362
          ],
          [
            -97.910248,
            30.514409
          ],
          [
            -97.910656,
            30.513443
          ],
          [
            -97.911291,
            30.512047
          ],
          [
            -97.911358,
            30.511901
          ],
          [
            -97.911487,
            30.51162
          ],
          [
            -97.911727,
            30.511132
          ],
          [
            -97.911956,
            30.510425
          ],
          [
            -97.911988,
            30.510326
          ],
          [
            -97.912036,
            30.510128
          ],
          [
            -97.912076,
            30.509959
          ],
          [
            -97.912148,
            30.509559
          ],
          [
            -97.912426,
            30.508012
          ],
          [
            -97.91245,
            30.507879
          ],
          [
            -97.912702,
            30.50714
          ],
          [
            -97.912956,
            30.506487
          ],
          [
            -97.913023,
            30.506341
          ],
          [
            -97.913223,
            30.505907
          ],
          [
            -97.913548,
            30.505388
          ],
          [
            -97.913921,
            30.504841
          ],
          [
            -97.914293,
            30.504374
          ],
          [
            -97.914742,
            30.503959
          ],
          [
            -97.915395,
            30.503422
          ],
          [
            -97.915566,
            30.503316
          ],
          [
            -97.916062,
            30.503124
          ],
          [
            -97.916403,
            30.503041
          ],
          [
            -97.916454,
            30.503029
          ],
          [
            -97.916746,
            30.503001
          ],
          [
            -97.917147,
            30.503001
          ],
          [
            -97.917215,
            30.503005
          ],
          [
            -97.918451,
            30.503081
          ],
          [
            -97.918799,
            30.503076
          ],
          [
            -97.919096,
            30.503025
          ],
          [
            -97.919382,
            30.502944
          ],
          [
            -97.919651,
            30.50283
          ],
          [
            -97.919994,
            30.502607
          ],
          [
            -97.920266,
            30.502399
          ],
          [
            -97.920459,
            30.502208
          ],
          [
            -97.920709,
            30.501822
          ],
          [
            -97.921119,
            30.501138
          ],
          [
            -97.921481,
            30.500605
          ],
          [
            -97.921989,
            30.499884
          ],
          [
            -97.922513,
            30.499092
          ],
          [
            -97.922723,
            30.498803
          ],
          [
            -97.922936,
            30.498453
          ],
          [
            -97.923018,
            30.498284
          ],
          [
            -97.923087,
            30.498142
          ],
          [
            -97.923438,
            30.497419
          ],
          [
            -97.923585,
            30.497117
          ],
          [
            -97.923752,
            30.496741
          ],
          [
            -97.923844,
            30.496531
          ],
          [
            -97.923982,
            30.496264
          ],
          [
            -97.924349,
            30.495475
          ],
          [
            -97.924504,
            30.495122
          ],
          [
            -97.92457,
            30.494827
          ],
          [
            -97.924579,
            30.494613
          ],
          [
            -97.924576,
            30.494533
          ],
          [
            -97.924573,
            30.494453
          ],
          [
            -97.924513,
            30.494238
          ],
          [
            -97.924425,
            30.494024
          ],
          [
            -97.924342,
            30.493848
          ],
          [
            -97.924095,
            30.493287
          ],
          [
            -97.924003,
            30.493078
          ],
          [
            -97.923846,
            30.492722
          ],
          [
            -97.923744,
            30.492371
          ],
          [
            -97.923688,
            30.492136
          ],
          [
            -97.923678,
            30.491944
          ],
          [
            -97.923701,
            30.491756
          ],
          [
            -97.923802,
            30.491388
          ],
          [
            -97.923966,
            30.49106
          ],
          [
            -97.924013,
            30.490994
          ],
          [
            -97.924221,
            30.490676
          ],
          [
            -97.92445,
            30.490448
          ],
          [
            -97.924748,
            30.490243
          ],
          [
            -97.925068,
            30.490085
          ],
          [
            -97.926791,
            30.489444
          ],
          [
            -97.927364,
            30.489226
          ],
          [
            -97.927696,
            30.489104
          ],
          [
            -97.927832,
            30.489044
          ],
          [
            -97.928096,
            30.488898
          ],
          [
            -97.928379,
            30.488693
          ],
          [
            -97.928667,
            30.488429
          ],
          [
            -97.928943,
            30.488084
          ],
          [
            -97.929054,
            30.487896
          ],
          [
            -97.929191,
            30.487632
          ],
          [
            -97.929323,
            30.487169
          ],
          [
            -97.929453,
            30.486705
          ],
          [
            -97.929508,
            30.486533
          ],
          [
            -97.929575,
            30.486365
          ],
          [
            -97.929762,
            30.486009
          ],
          [
            -97.929799,
            30.485946
          ],
          [
            -97.929892,
            30.485789
          ],
          [
            -97.930127,
            30.485395
          ],
          [
            -97.930422,
            30.484897
          ],
          [
            -97.931017,
            30.483952
          ],
          [
            -97.93155,
            30.483264
          ],
          [
            -97.93157,
            30.483239
          ],
          [
            -97.931856,
            30.482891
          ],
          [
            -97.932163,
            30.48263
          ],
          [
            -97.932569,
            30.482353
          ],
          [
            -97.932944,
            30.482182
          ],
          [
            -97.933373,
            30.482034
          ],
          [
            -97.933563,
            30.482001
          ],
          [
            -97.933779,
            30.481963
          ],
          [
            -97.934063,
            30.481935
          ],
          [
            -97.934236,
            30.481938
          ],
          [
            -97.93487,
            30.481951
          ],
          [
            -97.935272,
            30.481976
          ],
          [
            -97.935757,
            30.48195
          ],
          [
            -97.936239,
            30.481895
          ],
          [
            -97.936749,
            30.481761
          ],
          [
            -97.937259,
            30.481574
          ],
          [
            -97.938471,
            30.481128
          ],
          [
            -97.939541,
            30.480735
          ],
          [
            -97.940339,
            30.480476
          ],
          [
            -97.941833,
            30.480085
          ],
          [
            -97.943751,
            30.479584
          ],
          [
            -97.944684,
            30.47937
          ],
          [
            -97.944898,
            30.479068
          ],
          [
            -97.944822,
            30.479136
          ],
          [
            -97.944747,
            30.479227
          ],
          [
            -97.944684,
            30.47937
          ],
          [
            -97.947004,
            30.478794
          ],
          [
            -97.94787,
            30.478612
          ],
          [
            -97.94923,
            30.478327
          ],
          [
            -97.949749,
            30.478204
          ],
          [
            -97.951591,
            30.477766
          ],
          [
            -97.95193,
            30.477684
          ],
          [
            -97.952006,
            30.477666
          ],
          [
            -97.953036,
            30.477432
          ],
          [
            -97.953436,
            30.47734
          ],
          [
            -97.954893,
            30.477008
          ],
          [
            -97.955033,
            30.476976
          ],
          [
            -97.955139,
            30.476952
          ],
          [
            -97.95557,
            30.476854
          ],
          [
            -97.95584,
            30.476796
          ],
          [
            -97.956087,
            30.476736
          ],
          [
            -97.956675,
            30.476601
          ],
          [
            -97.957048,
            30.476506
          ],
          [
            -97.957376,
            30.476403
          ],
          [
            -97.957674,
            30.476288
          ],
          [
            -97.957964,
            30.476167
          ],
          [
            -97.958283,
            30.476016
          ],
          [
            -97.958513,
            30.475888
          ],
          [
            -97.958865,
            30.475688
          ],
          [
            -97.958915,
            30.475659
          ],
          [
            -97.959321,
            30.475356
          ],
          [
            -97.960964,
            30.473717
          ],
          [
            -97.96135,
            30.473377
          ],
          [
            -97.96167,
            30.473116
          ],
          [
            -97.962147,
            30.472824
          ],
          [
            -97.96266,
            30.472605
          ],
          [
            -97.963543,
            30.472321
          ],
          [
            -97.96635,
            30.471528
          ],
          [
            -97.966483,
            30.471489
          ],
          [
            -97.967435,
            30.471215
          ],
          [
            -97.968554,
            30.470902
          ],
          [
            -97.969062,
            30.470824
          ],
          [
            -97.969557,
            30.470813
          ],
          [
            -97.970158,
            30.470887
          ],
          [
            -97.97062,
            30.471008
          ],
          [
            -97.970974,
            30.471109
          ],
          [
            -97.971318,
            30.471304
          ],
          [
            -97.972515,
            30.47215
          ],
          [
            -97.972522,
            30.472154
          ],
          [
            -97.972862,
            30.472422
          ],
          [
            -97.973561,
            30.472933
          ],
          [
            -97.973695,
            30.473031
          ],
          [
            -97.973966,
            30.473329
          ],
          [
            -97.973999,
            30.473366
          ],
          [
            -97.974068,
            30.473452
          ],
          [
            -97.974284,
            30.473755
          ],
          [
            -97.974289,
            30.473763
          ],
          [
            -97.97445,
            30.474151
          ],
          [
            -97.974549,
            30.47456
          ],
          [
            -97.974569,
            30.474717
          ],
          [
            -97.974605,
            30.475
          ],
          [
            -97.974611,
            30.475048
          ],
          [
            -97.97463,
            30.475362
          ],
          [
            -97.97464,
            30.475445
          ],
          [
            -97.97471,
            30.476026
          ],
          [
            -97.974726,
            30.476157
          ],
          [
            -97.974815,
            30.476888
          ],
          [
            -97.974939,
            30.477501
          ],
          [
            -97.975014,
            30.477727
          ],
          [
            -97.975114,
            30.478029
          ],
          [
            -97.975429,
            30.479058
          ],
          [
            -97.97552,
            30.479306
          ],
          [
            -97.975655,
            30.47961
          ],
          [
            -97.975877,
            30.480014
          ],
          [
            -97.975952,
            30.480111
          ],
          [
            -97.976143,
            30.480358
          ],
          [
            -97.976499,
            30.480726
          ],
          [
            -97.97747,
            30.481452
          ],
          [
            -97.977672,
            30.481636
          ],
          [
            -97.977884,
            30.481957
          ],
          [
            -97.978024,
            30.482289
          ],
          [
            -97.978077,
            30.482556
          ],
          [
            -97.978076,
            30.482926
          ],
          [
            -97.978025,
            30.483212
          ],
          [
            -97.977905,
            30.483518
          ],
          [
            -97.97778,
            30.483768
          ],
          [
            -97.977591,
            30.48398
          ],
          [
            -97.977565,
            30.484006
          ],
          [
            -97.977318,
            30.484245
          ],
          [
            -97.976322,
            30.485024
          ],
          [
            -97.975237,
            30.48593
          ],
          [
            -97.975044,
            30.486136
          ],
          [
            -97.974917,
            30.486358
          ],
          [
            -97.974827,
            30.486594
          ],
          [
            -97.974775,
            30.486868
          ],
          [
            -97.974788,
            30.48706
          ],
          [
            -97.974836,
            30.48731
          ],
          [
            -97.974898,
            30.487471
          ],
          [
            -97.975074,
            30.487759
          ],
          [
            -97.975511,
            30.488231
          ],
          [
            -97.976024,
            30.488739
          ],
          [
            -97.976393,
            30.489061
          ],
          [
            -97.977001,
            30.489464
          ],
          [
            -97.977133,
            30.48956
          ],
          [
            -97.977565,
            30.489826
          ],
          [
            -97.978794,
            30.490613
          ],
          [
            -97.979029,
            30.490825
          ],
          [
            -97.979219,
            30.491066
          ],
          [
            -97.979368,
            30.491326
          ],
          [
            -97.979443,
            30.491572
          ],
          [
            -97.979507,
            30.491906
          ],
          [
            -97.979546,
            30.492588
          ],
          [
            -97.979559,
            30.492896
          ],
          [
            -97.97954,
            30.49331
          ],
          [
            -97.9795,
            30.493655
          ],
          [
            -97.979436,
            30.493986
          ],
          [
            -97.979304,
            30.494448
          ],
          [
            -97.979057,
            30.495154
          ],
          [
            -97.979002,
            30.495448
          ],
          [
            -97.978992,
            30.495736
          ],
          [
            -97.979011,
            30.495896
          ],
          [
            -97.979106,
            30.496246
          ],
          [
            -97.979194,
            30.496479
          ],
          [
            -97.979299,
            30.496691
          ],
          [
            -97.979573,
            30.497053
          ],
          [
            -97.979728,
            30.497221
          ],
          [
            -97.979924,
            30.497366
          ],
          [
            -97.98084,
            30.497896
          ],
          [
            -97.981186,
            30.498038
          ],
          [
            -97.981507,
            30.498114
          ],
          [
            -97.981743,
            30.498117
          ],
          [
            -97.982115,
            30.498076
          ],
          [
            -97.98242,
            30.497996
          ],
          [
            -97.982757,
            30.497831
          ],
          [
            -97.98336,
            30.4974
          ],
          [
            -97.983694,
            30.497243
          ],
          [
            -97.984016,
            30.497147
          ],
          [
            -97.984362,
            30.497098
          ],
          [
            -97.984738,
            30.497081
          ],
          [
            -97.985066,
            30.497106
          ],
          [
            -97.985441,
            30.497189
          ],
          [
            -97.985853,
            30.497365
          ],
          [
            -97.986102,
            30.497496
          ],
          [
            -97.986382,
            30.497716
          ],
          [
            -97.986748,
            30.498151
          ],
          [
            -97.98714,
            30.498735
          ],
          [
            -97.987368,
            30.499065
          ],
          [
            -97.987646,
            30.4994
          ],
          [
            -97.98831,
            30.500028
          ],
          [
            -97.988466,
            30.500176
          ],
          [
            -97.98863,
            30.500421
          ],
          [
            -97.988742,
            30.500722
          ],
          [
            -97.988758,
            30.500997
          ],
          [
            -97.98872,
            30.501374
          ],
          [
            -97.988691,
            30.501779
          ],
          [
            -97.988706,
            30.502034
          ],
          [
            -97.988768,
            30.502276
          ],
          [
            -97.988925,
            30.502622
          ],
          [
            -97.98914,
            30.502949
          ],
          [
            -97.989356,
            30.503147
          ],
          [
            -97.989564,
            30.503312
          ],
          [
            -97.990349,
            30.503799
          ],
          [
            -97.990621,
            30.504011
          ],
          [
            -97.99096,
            30.50435
          ],
          [
            -97.991234,
            30.504737
          ],
          [
            -97.991457,
            30.505036
          ],
          [
            -97.991679,
            30.505231
          ],
          [
            -97.992017,
            30.505426
          ],
          [
            -97.992343,
            30.505539
          ],
          [
            -97.993112,
            30.505699
          ],
          [
            -97.993602,
            30.505872
          ],
          [
            -97.993963,
            30.506051
          ],
          [
            -97.994777,
            30.506534
          ],
          [
            -97.995669,
            30.50703
          ],
          [
            -97.996083,
            30.507179
          ],
          [
            -97.996381,
            30.507245
          ],
          [
            -97.996735,
            30.507294
          ],
          [
            -97.997098,
            30.507284
          ],
          [
            -97.99747,
            30.507242
          ],
          [
            -97.998063,
            30.507108
          ],
          [
            -97.998427,
            30.506963
          ],
          [
            -97.998678,
            30.506794
          ],
          [
            -97.998938,
            30.506539
          ],
          [
            -97.99916,
            30.506147
          ],
          [
            -97.99965,
            30.505015
          ],
          [
            -97.999817,
            30.504709
          ],
          [
            -97.999966,
            30.50452
          ],
          [
            -98.000211,
            30.504303
          ],
          [
            -98.000466,
            30.504171
          ],
          [
            -98.000793,
            30.504032
          ],
          [
            -98.001098,
            30.503963
          ],
          [
            -98.001402,
            30.503954
          ],
          [
            -98.001472,
            30.503952
          ],
          [
            -98.001829,
            30.504001
          ],
          [
            -98.002217,
            30.504133
          ],
          [
            -98.003638,
            30.504873
          ],
          [
            -98.003822,
            30.504968
          ],
          [
            -98.004938,
            30.50552
          ],
          [
            -98.00524,
            30.505666
          ],
          [
            -98.005589,
            30.505787
          ],
          [
            -98.00591,
            30.505841
          ],
          [
            -98.006325,
            30.50585
          ],
          [
            -98.006648,
            30.505818
          ],
          [
            -98.007108,
            30.50569
          ],
          [
            -98.007717,
            30.505404
          ],
          [
            -98.008302,
            30.505091
          ],
          [
            -98.008925,
            30.504664
          ],
          [
            -98.01034,
            30.503435
          ],
          [
            -98.011052,
            30.502864
          ],
          [
            -98.011571,
            30.502576
          ],
          [
            -98.012286,
            30.50222
          ],
          [
            -98.012467,
            30.502129
          ],
          [
            -98.012882,
            30.50194
          ],
          [
            -98.013278,
            30.501803
          ],
          [
            -98.013643,
            30.501707
          ],
          [
            -98.013937,
            30.501651
          ],
          [
            -98.014229,
            30.501612
          ],
          [
            -98.014411,
            30.501587
          ],
          [
            -98.014508,
            30.50158
          ],
          [
            -98.014666,
            30.501575
          ],
          [
            -98.014999,
            30.501581
          ],
          [
            -98.015976,
            30.50166
          ],
          [
            -98.016279,
            30.50169
          ],
          [
            -98.016495,
            30.50173
          ],
          [
            -98.016698,
            30.501799
          ],
          [
            -98.016887,
            30.501869
          ],
          [
            -98.017006,
            30.501937
          ],
          [
            -98.017166,
            30.502029
          ],
          [
            -98.017444,
            30.502236
          ],
          [
            -98.01778,
            30.502633
          ],
          [
            -98.018222,
            30.503397
          ],
          [
            -98.018321,
            30.503523
          ],
          [
            -98.018392,
            30.503614
          ],
          [
            -98.018548,
            30.503771
          ],
          [
            -98.018616,
            30.503839
          ],
          [
            -98.018854,
            30.504008
          ],
          [
            -98.019108,
            30.504139
          ],
          [
            -98.019449,
            30.504265
          ],
          [
            -98.019636,
            30.504309
          ],
          [
            -98.019812,
            30.50435
          ],
          [
            -98.020327,
            30.504415
          ],
          [
            -98.020729,
            30.504492
          ],
          [
            -98.021166,
            30.504629
          ],
          [
            -98.021632,
            30.504825
          ],
          [
            -98.021817,
            30.504902
          ],
          [
            -98.022124,
            30.505015
          ],
          [
            -98.02243,
            30.505096
          ],
          [
            -98.022796,
            30.505112
          ],
          [
            -98.022857,
            30.505102
          ],
          [
            -98.023021,
            30.505079
          ],
          [
            -98.023275,
            30.505037
          ],
          [
            -98.023761,
            30.504959
          ],
          [
            -98.024117,
            30.50494
          ],
          [
            -98.024511,
            30.505001
          ],
          [
            -98.024907,
            30.505105
          ],
          [
            -98.025772,
            30.505411
          ],
          [
            -98.026096,
            30.505501
          ],
          [
            -98.026388,
            30.505553
          ],
          [
            -98.027948,
            30.505678
          ],
          [
            -98.029417,
            30.505813
          ],
          [
            -98.030005,
            30.505901
          ],
          [
            -98.030417,
            30.506015
          ],
          [
            -98.030997,
            30.506243
          ],
          [
            -98.031912,
            30.506765
          ],
          [
            -98.032257,
            30.506962
          ],
          [
            -98.032516,
            30.50711
          ],
          [
            -98.033618,
            30.507668
          ],
          [
            -98.034268,
            30.508046
          ],
          [
            -98.034556,
            30.508292
          ],
          [
            -98.035684,
            30.509626
          ],
          [
            -98.035913,
            30.50981
          ],
          [
            -98.036118,
            30.509935
          ],
          [
            -98.03632,
            30.510037
          ],
          [
            -98.036693,
            30.510163
          ],
          [
            -98.036909,
            30.510211
          ],
          [
            -98.03727,
            30.510289
          ],
          [
            -98.038029,
            30.510454
          ],
          [
            -98.038873,
            30.510699
          ],
          [
            -98.039248,
            30.510851
          ],
          [
            -98.039629,
            30.511064
          ],
          [
            -98.040031,
            30.511352
          ],
          [
            -98.040356,
            30.511725
          ],
          [
            -98.040598,
            30.512036
          ],
          [
            -98.040836,
            30.512485
          ],
          [
            -98.041397,
            30.5138
          ],
          [
            -98.04144,
            30.513904
          ],
          [
            -98.041714,
            30.514568
          ],
          [
            -98.042668,
            30.51677
          ],
          [
            -98.042824,
            30.517088
          ],
          [
            -98.043091,
            30.517542
          ],
          [
            -98.043249,
            30.517749
          ],
          [
            -98.043414,
            30.517966
          ],
          [
            -98.044989,
            30.519559
          ],
          [
            -98.045473,
            30.520044
          ],
          [
            -98.045897,
            30.520351
          ],
          [
            -98.046023,
            30.520442
          ],
          [
            -98.046561,
            30.520803
          ],
          [
            -98.047098,
            30.52104
          ],
          [
            -98.047954,
            30.521356
          ],
          [
            -98.049963,
            30.521935
          ],
          [
            -98.053253,
            30.522882
          ],
          [
            -98.054119,
            30.523083
          ],
          [
            -98.054389,
            30.523116
          ],
          [
            -98.05454,
            30.523134
          ],
          [
            -98.055227,
            30.52309
          ],
          [
            -98.055913,
            30.522979
          ],
          [
            -98.056385,
            30.522824
          ],
          [
            -98.056597,
            30.522704
          ],
          [
            -98.057071,
            30.522436
          ],
          [
            -98.057656,
            30.522017
          ],
          [
            -98.058729,
            30.521249
          ],
          [
            -98.059429,
            30.520833
          ],
          [
            -98.059959,
            30.520609
          ],
          [
            -98.060643,
            30.520465
          ],
          [
            -98.060925,
            30.520438
          ],
          [
            -98.061022,
            30.520429
          ],
          [
            -98.061604,
            30.520406
          ],
          [
            -98.062662,
            30.520337
          ],
          [
            -98.063779,
            30.520297
          ],
          [
            -98.064099,
            30.520255
          ],
          [
            -98.06458,
            30.520192
          ],
          [
            -98.065251,
            30.520041
          ],
          [
            -98.066968,
            30.519683
          ],
          [
            -98.067739,
            30.519574
          ],
          [
            -98.068857,
            30.519475
          ],
          [
            -98.069446,
            30.519427
          ],
          [
            -98.071445,
            30.519264
          ],
          [
            -98.072255,
            30.519231
          ],
          [
            -98.072665,
            30.51923
          ],
          [
            -98.073252,
            30.519263
          ],
          [
            -98.07393,
            30.519394
          ],
          [
            -98.074586,
            30.519563
          ],
          [
            -98.075237,
            30.519806
          ],
          [
            -98.077704,
            30.520935
          ],
          [
            -98.077807,
            30.520982
          ],
          [
            -98.079066,
            30.521532
          ],
          [
            -98.080429,
            30.522128
          ],
          [
            -98.08189,
            30.522768
          ],
          [
            -98.083352,
            30.523407
          ],
          [
            -98.083596,
            30.523514
          ],
          [
            -98.084355,
            30.523822
          ],
          [
            -98.085369,
            30.524174
          ],
          [
            -98.086535,
            30.524552
          ],
          [
            -98.087801,
            30.524935
          ],
          [
            -98.088646,
            30.525207
          ],
          [
            -98.089139,
            30.525313
          ],
          [
            -98.089528,
            30.525367
          ],
          [
            -98.091261,
            30.525526
          ],
          [
            -98.091941,
            30.525704
          ],
          [
            -98.092244,
            30.525777
          ],
          [
            -98.092603,
            30.525933
          ],
          [
            -98.094139,
            30.526599
          ],
          [
            -98.094452,
            30.52677
          ],
          [
            -98.095206,
            30.526922
          ],
          [
            -98.096002,
            30.527083
          ],
          [
            -98.097173,
            30.527116
          ],
          [
            -98.097903,
            30.527136
          ],
          [
            -98.098635,
            30.527175
          ],
          [
            -98.099226,
            30.527282
          ],
          [
            -98.099855,
            30.527491
          ],
          [
            -98.100151,
            30.527644
          ],
          [
            -98.100531,
            30.527853
          ],
          [
            -98.100967,
            30.528192
          ],
          [
            -98.101188,
            30.528456
          ],
          [
            -98.101262,
            30.528545
          ],
          [
            -98.101483,
            30.528839
          ],
          [
            -98.101814,
            30.529464
          ],
          [
            -98.102244,
            30.530299
          ],
          [
            -98.102601,
            30.530864
          ],
          [
            -98.103069,
            30.531386
          ],
          [
            -98.103565,
            30.531753
          ],
          [
            -98.103697,
            30.531851
          ],
          [
            -98.103754,
            30.531873
          ],
          [
            -98.104305,
            30.532081
          ],
          [
            -98.104992,
            30.532288
          ],
          [
            -98.106138,
            30.532476
          ],
          [
            -98.107194,
            30.532717
          ],
          [
            -98.1082,
            30.533216
          ],
          [
            -98.108638,
            30.533603
          ],
          [
            -98.108967,
            30.533972
          ],
          [
            -98.109256,
            30.534441
          ],
          [
            -98.109554,
            30.535129
          ],
          [
            -98.110476,
            30.537262
          ],
          [
            -98.110622,
            30.5376
          ],
          [
            -98.110991,
            30.538399
          ],
          [
            -98.111264,
            30.538968
          ],
          [
            -98.111497,
            30.539455
          ],
          [
            -98.111662,
            30.539923
          ],
          [
            -98.111757,
            30.540298
          ],
          [
            -98.111806,
            30.540594
          ],
          [
            -98.111821,
            30.540771
          ],
          [
            -98.111825,
            30.540814
          ],
          [
            -98.111835,
            30.540993
          ],
          [
            -98.111834,
            30.541188
          ],
          [
            -98.111706,
            30.541964
          ],
          [
            -98.111556,
            30.542424
          ],
          [
            -98.111389,
            30.542723
          ],
          [
            -98.111167,
            30.543135
          ],
          [
            -98.111068,
            30.543339
          ],
          [
            -98.110948,
            30.543557
          ],
          [
            -98.110875,
            30.54371
          ],
          [
            -98.110753,
            30.54392
          ],
          [
            -98.11029,
            30.544787
          ],
          [
            -98.110146,
            30.545056
          ],
          [
            -98.109677,
            30.545925
          ],
          [
            -98.109486,
            30.546593
          ],
          [
            -98.109487,
            30.547412
          ],
          [
            -98.109507,
            30.547482
          ],
          [
            -98.109581,
            30.547738
          ],
          [
            -98.109658,
            30.548007
          ],
          [
            -98.110994,
            30.550472
          ],
          [
            -98.112051,
            30.552446
          ],
          [
            -98.113149,
            30.554494
          ],
          [
            -98.113474,
            30.555281
          ],
          [
            -98.113688,
            30.555845
          ],
          [
            -98.113791,
            30.556265
          ],
          [
            -98.113983,
            30.556932
          ],
          [
            -98.114077,
            30.557255
          ],
          [
            -98.114129,
            30.557437
          ],
          [
            -98.114254,
            30.557912
          ],
          [
            -98.114403,
            30.558495
          ],
          [
            -98.115124,
            30.561313
          ],
          [
            -98.115141,
            30.561372
          ],
          [
            -98.115227,
            30.561664
          ],
          [
            -98.115262,
            30.561769
          ],
          [
            -98.115311,
            30.561899
          ],
          [
            -98.115534,
            30.562489
          ],
          [
            -98.115615,
            30.562637
          ],
          [
            -98.116117,
            30.563558
          ],
          [
            -98.116479,
            30.564138
          ],
          [
            -98.116585,
            30.564304
          ],
          [
            -98.117167,
            30.56524
          ],
          [
            -98.11759,
            30.565932
          ],
          [
            -98.117927,
            30.566521
          ],
          [
            -98.118048,
            30.566754
          ],
          [
            -98.118346,
            30.567202
          ],
          [
            -98.118963,
            30.568152
          ],
          [
            -98.11908,
            30.568333
          ],
          [
            -98.119252,
            30.568527
          ],
          [
            -98.119709,
            30.56904
          ],
          [
            -98.120026,
            30.569381
          ],
          [
            -98.12025,
            30.569588
          ],
          [
            -98.120585,
            30.569897
          ],
          [
            -98.120708,
            30.57001
          ],
          [
            -98.122181,
            30.571369
          ],
          [
            -98.122525,
            30.571709
          ],
          [
            -98.122556,
            30.57174
          ],
          [
            -98.122584,
            30.571768
          ],
          [
            -98.124192,
            30.573246
          ],
          [
            -98.124462,
            30.573495
          ],
          [
            -98.124521,
            30.573549
          ],
          [
            -98.12512,
            30.574108
          ],
          [
            -98.125696,
            30.574689
          ],
          [
            -98.125865,
            30.57486
          ],
          [
            -98.127081,
            30.576087
          ],
          [
            -98.1279,
            30.576844
          ],
          [
            -98.128248,
            30.57713
          ],
          [
            -98.12874,
            30.577457
          ],
          [
            -98.128835,
            30.57753
          ],
          [
            -98.129093,
            30.577705
          ],
          [
            -98.129355,
            30.577844
          ],
          [
            -98.129466,
            30.577893
          ],
          [
            -98.129647,
            30.577973
          ],
          [
            -98.129738,
            30.578013
          ],
          [
            -98.129993,
            30.578092
          ],
          [
            -98.130122,
            30.578126
          ],
          [
            -98.130279,
            30.578168
          ],
          [
            -98.130458,
            30.578199
          ],
          [
            -98.130511,
            30.578208
          ],
          [
            -98.130594,
            30.578223
          ],
          [
            -98.130745,
            30.578236
          ],
          [
            -98.131066,
            30.578256
          ],
          [
            -98.131175,
            30.578255
          ],
          [
            -98.131353,
            30.578252
          ],
          [
            -98.1315,
            30.57824
          ],
          [
            -98.131704,
            30.578223
          ],
          [
            -98.131767,
            30.578217
          ],
          [
            -98.13187,
            30.578206
          ],
          [
            -98.132202,
            30.578138
          ],
          [
            -98.132408,
            30.578081
          ],
          [
            -98.132594,
            30.57801
          ],
          [
            -98.132868,
            30.577899
          ],
          [
            -98.133813,
            30.577387
          ],
          [
            -98.134195,
            30.577079
          ],
          [
            -98.134668,
            30.576564
          ],
          [
            -98.134743,
            30.576484
          ],
          [
            -98.134912,
            30.576256
          ],
          [
            -98.135023,
            30.576077
          ],
          [
            -98.135192,
            30.575752
          ],
          [
            -98.135245,
            30.575623
          ],
          [
            -98.135259,
            30.57559
          ],
          [
            -98.135302,
            30.575485
          ],
          [
            -98.135322,
            30.575389
          ],
          [
            -98.135368,
            30.575216
          ],
          [
            -98.135421,
            30.574978
          ],
          [
            -98.135468,
            30.574552
          ],
          [
            -98.135632,
            30.572831
          ],
          [
            -98.135711,
            30.572003
          ],
          [
            -98.135747,
            30.571689
          ],
          [
            -98.135925,
            30.570061
          ],
          [
            -98.135975,
            30.569597
          ],
          [
            -98.13611,
            30.568572
          ],
          [
            -98.136162,
            30.568311
          ],
          [
            -98.136355,
            30.567685
          ],
          [
            -98.136466,
            30.567401
          ],
          [
            -98.136607,
            30.567134
          ],
          [
            -98.136933,
            30.566611
          ],
          [
            -98.137152,
            30.566328
          ],
          [
            -98.137197,
            30.566269
          ],
          [
            -98.137451,
            30.565977
          ],
          [
            -98.137759,
            30.565682
          ],
          [
            -98.138158,
            30.565345
          ],
          [
            -98.13846,
            30.565084
          ],
          [
            -98.13875,
            30.564909
          ],
          [
            -98.139139,
            30.564677
          ],
          [
            -98.139358,
            30.564546
          ],
          [
            -98.140394,
            30.563925
          ],
          [
            -98.141961,
            30.562988
          ],
          [
            -98.14254,
            30.562649
          ],
          [
            -98.143212,
            30.562243
          ],
          [
            -98.144492,
            30.561474
          ],
          [
            -98.14475,
            30.561323
          ],
          [
            -98.144951,
            30.5612
          ],
          [
            -98.145039,
            30.561147
          ],
          [
            -98.145962,
            30.560598
          ],
          [
            -98.146387,
            30.560346
          ],
          [
            -98.146846,
            30.56006
          ],
          [
            -98.14763,
            30.559742
          ],
          [
            -98.14778,
            30.559681
          ],
          [
            -98.14845,
            30.559458
          ],
          [
            -98.149242,
            30.559315
          ],
          [
            -98.149781,
            30.559248
          ],
          [
            -98.150395,
            30.559221
          ],
          [
            -98.152544,
            30.559177
          ],
          [
            -98.154883,
            30.559129
          ],
          [
            -98.155116,
            30.559129
          ],
          [
            -98.155666,
            30.559127
          ],
          [
            -98.156251,
            30.559126
          ],
          [
            -98.156723,
            30.559124
          ],
          [
            -98.158745,
            30.559092
          ],
          [
            -98.158981,
            30.559071
          ],
          [
            -98.159217,
            30.559036
          ],
          [
            -98.15945,
            30.558985
          ],
          [
            -98.159677,
            30.558923
          ],
          [
            -98.159899,
            30.558844
          ],
          [
            -98.161493,
            30.558143
          ],
          [
            -98.161706,
            30.558038
          ],
          [
            -98.161982,
            30.557919
          ],
          [
            -98.162215,
            30.557829
          ],
          [
            -98.162501,
            30.557756
          ],
          [
            -98.16269,
            30.557719
          ],
          [
            -98.163052,
            30.557674
          ],
          [
            -98.163351,
            30.557643
          ],
          [
            -98.16349,
            30.557642
          ],
          [
            -98.163657,
            30.557642
          ],
          [
            -98.163783,
            30.557641
          ],
          [
            -98.164083,
            30.557677
          ],
          [
            -98.165063,
            30.557887
          ],
          [
            -98.166406,
            30.558139
          ],
          [
            -98.167247,
            30.558387
          ],
          [
            -98.167523,
            30.55848
          ],
          [
            -98.167784,
            30.558583
          ],
          [
            -98.168028,
            30.558692
          ],
          [
            -98.168297,
            30.558864
          ],
          [
            -98.168371,
            30.558911
          ],
          [
            -98.168659,
            30.559117
          ],
          [
            -98.169353,
            30.559679
          ],
          [
            -98.17018,
            30.560328
          ],
          [
            -98.170481,
            30.560578
          ],
          [
            -98.17067,
            30.560775
          ],
          [
            -98.170929,
            30.56113
          ],
          [
            -98.171004,
            30.561269
          ],
          [
            -98.171137,
            30.561475
          ],
          [
            -98.171254,
            30.561736
          ],
          [
            -98.171407,
            30.56227
          ],
          [
            -98.171554,
            30.562808
          ],
          [
            -98.171763,
            30.563724
          ],
          [
            -98.172138,
            30.565785
          ],
          [
            -98.172208,
            30.566114
          ],
          [
            -98.172327,
            30.566675
          ],
          [
            -98.172333,
            30.566733
          ],
          [
            -98.172431,
            30.567168
          ],
          [
            -98.172526,
            30.567654
          ],
          [
            -98.172582,
            30.568148
          ],
          [
            -98.172593,
            30.5687
          ],
          [
            -98.172547,
            30.569138
          ],
          [
            -98.172481,
            30.569463
          ],
          [
            -98.172459,
            30.569571
          ],
          [
            -98.172314,
            30.570032
          ],
          [
            -98.172134,
            30.570381
          ],
          [
            -98.171999,
            30.570623
          ],
          [
            -98.171888,
            30.570871
          ],
          [
            -98.171605,
            30.57132
          ],
          [
            -98.171521,
            30.571453
          ],
          [
            -98.17084,
            30.572506
          ],
          [
            -98.170326,
            30.573301
          ],
          [
            -98.17027,
            30.573396
          ],
          [
            -98.169826,
            30.574101
          ],
          [
            -98.169635,
            30.574537
          ],
          [
            -98.169521,
            30.574876
          ],
          [
            -98.169455,
            30.575183
          ],
          [
            -98.169418,
            30.575397
          ],
          [
            -98.169462,
            30.575736
          ],
          [
            -98.1695,
            30.576015
          ],
          [
            -98.169619,
            30.576454
          ],
          [
            -98.169752,
            30.576813
          ],
          [
            -98.169893,
            30.577094
          ],
          [
            -98.170007,
            30.577277
          ],
          [
            -98.170165,
            30.577477
          ],
          [
            -98.170373,
            30.577741
          ],
          [
            -98.170472,
            30.577867
          ],
          [
            -98.170664,
            30.578107
          ],
          [
            -98.170777,
            30.578249
          ],
          [
            -98.171132,
            30.578691
          ],
          [
            -98.171646,
            30.579352
          ],
          [
            -98.171843,
            30.579735
          ],
          [
            -98.171998,
            30.58012
          ],
          [
            -98.172356,
            30.581409
          ],
          [
            -98.172373,
            30.581469
          ],
          [
            -98.172652,
            30.582477
          ],
          [
            -98.172671,
            30.582545
          ],
          [
            -98.172721,
            30.582725
          ],
          [
            -98.172744,
            30.582811
          ],
          [
            -98.173396,
            30.585118
          ],
          [
            -98.173464,
            30.585399
          ],
          [
            -98.173493,
            30.585561
          ],
          [
            -98.173507,
            30.585635
          ],
          [
            -98.173541,
            30.586112
          ],
          [
            -98.17357,
            30.586505
          ],
          [
            -98.173651,
            30.587594
          ],
          [
            -98.173759,
            30.588011
          ],
          [
            -98.173774,
            30.588069
          ],
          [
            -98.173984,
            30.588454
          ],
          [
            -98.174233,
            30.588867
          ],
          [
            -98.174495,
            30.589159
          ],
          [
            -98.174588,
            30.589262
          ],
          [
            -98.17477,
            30.589465
          ],
          [
            -98.175081,
            30.589697
          ],
          [
            -98.175392,
            30.589881
          ],
          [
            -98.175534,
            30.589966
          ],
          [
            -98.175756,
            30.590074
          ],
          [
            -98.17608,
            30.590208
          ],
          [
            -98.176403,
            30.590297
          ],
          [
            -98.176767,
            30.59038
          ],
          [
            -98.177123,
            30.590407
          ],
          [
            -98.177507,
            30.590415
          ],
          [
            -98.177805,
            30.590407
          ],
          [
            -98.178129,
            30.590378
          ],
          [
            -98.17844,
            30.590327
          ],
          [
            -98.178903,
            30.590202
          ],
          [
            -98.179372,
            30.590001
          ],
          [
            -98.179426,
            30.58997
          ],
          [
            -98.179892,
            30.589709
          ],
          [
            -98.180204,
            30.589431
          ],
          [
            -98.180433,
            30.589207
          ],
          [
            -98.181199,
            30.588446
          ],
          [
            -98.181584,
            30.588094
          ],
          [
            -98.182008,
            30.5878
          ],
          [
            -98.182482,
            30.587542
          ],
          [
            -98.182945,
            30.587344
          ],
          [
            -98.183429,
            30.587218
          ],
          [
            -98.183886,
            30.587146
          ],
          [
            -98.183914,
            30.587141
          ],
          [
            -98.184401,
            30.5871
          ],
          [
            -98.185863,
            30.586977
          ],
          [
            -98.18628,
            30.586942
          ],
          [
            -98.187137,
            30.586868
          ],
          [
            -98.188716,
            30.58673
          ],
          [
            -98.188959,
            30.586713
          ],
          [
            -98.19003,
            30.58665
          ],
          [
            -98.190448,
            30.586635
          ],
          [
            -98.190884,
            30.586659
          ],
          [
            -98.19129,
            30.586699
          ],
          [
            -98.191832,
            30.586837
          ],
          [
            -98.192281,
            30.58704
          ],
          [
            -98.192755,
            30.587273
          ],
          [
            -98.193321,
            30.587524
          ],
          [
            -98.193515,
            30.587591
          ],
          [
            -98.193884,
            30.587685
          ],
          [
            -98.194279,
            30.587752
          ],
          [
            -98.195071,
            30.587774
          ],
          [
            -98.195571,
            30.587842
          ],
          [
            -98.196006,
            30.587938
          ],
          [
            -98.196762,
            30.588099
          ],
          [
            -98.197222,
            30.5882
          ],
          [
            -98.19811,
            30.588398
          ],
          [
            -98.198754,
            30.588544
          ],
          [
            -98.199863,
            30.588695
          ],
          [
            -98.200633,
            30.588741
          ],
          [
            -98.201801,
            30.588675
          ],
          [
            -98.203094,
            30.588583
          ],
          [
            -98.203907,
            30.588525
          ],
          [
            -98.204583,
            30.588407
          ],
          [
            -98.205146,
            30.58827
          ],
          [
            -98.205163,
            30.588266
          ],
          [
            -98.205812,
            30.588023
          ],
          [
            -98.207613,
            30.587261
          ],
          [
            -98.208582,
            30.586843
          ],
          [
            -98.209098,
            30.586694
          ],
          [
            -98.209517,
            30.586625
          ],
          [
            -98.209615,
            30.586609
          ],
          [
            -98.210852,
            30.586579
          ],
          [
            -98.213068,
            30.586526
          ],
          [
            -98.214631,
            30.586434
          ],
          [
            -98.215722,
            30.586376
          ],
          [
            -98.216051,
            30.586358
          ],
          [
            -98.217212,
            30.586289
          ],
          [
            -98.218105,
            30.586224
          ],
          [
            -98.21848,
            30.586179
          ],
          [
            -98.219405,
            30.586069
          ],
          [
            -98.220941,
            30.585869
          ],
          [
            -98.221941,
            30.585754
          ],
          [
            -98.222571,
            30.585646
          ],
          [
            -98.22263,
            30.585638
          ],
          [
            -98.223159,
            30.585465
          ],
          [
            -98.223448,
            30.585371
          ],
          [
            -98.223753,
            30.585258
          ],
          [
            -98.224118,
            30.585083
          ],
          [
            -98.224442,
            30.584904
          ],
          [
            -98.22562,
            30.584191
          ],
          [
            -98.226215,
            30.583756
          ],
          [
            -98.226523,
            30.583478
          ],
          [
            -98.226557,
            30.583439
          ],
          [
            -98.226759,
            30.583237
          ],
          [
            -98.228015,
            30.58176
          ],
          [
            -98.228806,
            30.580742
          ],
          [
            -98.229281,
            30.5802
          ],
          [
            -98.229801,
            30.579556
          ],
          [
            -98.230399,
            30.578976
          ],
          [
            -98.230639,
            30.578762
          ],
          [
            -98.232202,
            30.577363
          ],
          [
            -98.232665,
            30.576909
          ],
          [
            -98.233355,
            30.576128
          ],
          [
            -98.233703,
            30.575587
          ],
          [
            -98.234082,
            30.575084
          ],
          [
            -98.234104,
            30.575054
          ],
          [
            -98.234314,
            30.574728
          ],
          [
            -98.236042,
            30.572047
          ],
          [
            -98.236214,
            30.57181
          ],
          [
            -98.236531,
            30.571403
          ],
          [
            -98.236674,
            30.571282
          ],
          [
            -98.236839,
            30.57115
          ],
          [
            -98.237073,
            30.57101
          ],
          [
            -98.237094,
            30.570999
          ],
          [
            -98.237297,
            30.570896
          ],
          [
            -98.237464,
            30.570819
          ],
          [
            -98.237733,
            30.570738
          ],
          [
            -98.23797,
            30.570692
          ],
          [
            -98.238228,
            30.570669
          ],
          [
            -98.238387,
            30.570666
          ],
          [
            -98.238616,
            30.570662
          ],
          [
            -98.238721,
            30.570669
          ],
          [
            -98.238892,
            30.57068
          ],
          [
            -98.238987,
            30.570697
          ],
          [
            -98.239224,
            30.57074
          ],
          [
            -98.239616,
            30.570845
          ],
          [
            -98.239759,
            30.570886
          ],
          [
            -98.240267,
            30.571024
          ],
          [
            -98.240808,
            30.571154
          ],
          [
            -98.241758,
            30.571381
          ],
          [
            -98.241978,
            30.571434
          ],
          [
            -98.24383,
            30.571915
          ],
          [
            -98.244067,
            30.571985
          ],
          [
            -98.244337,
            30.572094
          ],
          [
            -98.244604,
            30.572217
          ],
          [
            -98.244953,
            30.572416
          ],
          [
            -98.245527,
            30.572743
          ],
          [
            -98.245974,
            30.572948
          ],
          [
            -98.24623,
            30.573029
          ],
          [
            -98.246454,
            30.573085
          ],
          [
            -98.246858,
            30.573144
          ],
          [
            -98.247752,
            30.573272
          ],
          [
            -98.249193,
            30.573432
          ],
          [
            -98.249403,
            30.573466
          ],
          [
            -98.249607,
            30.573516
          ],
          [
            -98.249749,
            30.573552
          ],
          [
            -98.249935,
            30.573596
          ],
          [
            -98.250273,
            30.573678
          ],
          [
            -98.250476,
            30.573747
          ],
          [
            -98.251061,
            30.574007
          ],
          [
            -98.251809,
            30.574341
          ],
          [
            -98.253692,
            30.575202
          ],
          [
            -98.253758,
            30.575232
          ],
          [
            -98.25382,
            30.575259
          ],
          [
            -98.255089,
            30.575816
          ],
          [
            -98.255432,
            30.575964
          ],
          [
            -98.255493,
            30.57599
          ],
          [
            -98.255909,
            30.57617
          ],
          [
            -98.255982,
            30.576202
          ],
          [
            -98.256469,
            30.576413
          ],
          [
            -98.256713,
            30.576491
          ],
          [
            -98.256981,
            30.576559
          ],
          [
            -98.257221,
            30.576596
          ],
          [
            -98.257539,
            30.576625
          ],
          [
            -98.257787,
            30.576624
          ],
          [
            -98.257909,
            30.576623
          ],
          [
            -98.257951,
            30.57662
          ],
          [
            -98.258334,
            30.576592
          ],
          [
            -98.258714,
            30.576555
          ],
          [
            -98.258865,
            30.57654
          ],
          [
            -98.259654,
            30.576409
          ],
          [
            -98.260609,
            30.576295
          ],
          [
            -98.263147,
            30.575896
          ],
          [
            -98.26336,
            30.575869
          ],
          [
            -98.26346,
            30.575856
          ],
          [
            -98.263605,
            30.575838
          ],
          [
            -98.263937,
            30.575792
          ],
          [
            -98.264097,
            30.57577
          ],
          [
            -98.264426,
            30.575725
          ],
          [
            -98.264923,
            30.575657
          ],
          [
            -98.265082,
            30.575635
          ],
          [
            -98.266084,
            30.575479
          ],
          [
            -98.266235,
            30.575458
          ],
          [
            -98.266315,
            30.575447
          ],
          [
            -98.26638,
            30.575445
          ],
          [
            -98.2665,
            30.57544
          ],
          [
            -98.266624,
            30.575444
          ],
          [
            -98.266939,
            30.575476
          ],
          [
            -98.267226,
            30.575541
          ],
          [
            -98.267414,
            30.575616
          ],
          [
            -98.267577,
            30.575701
          ],
          [
            -98.268104,
            30.575971
          ],
          [
            -98.268131,
            30.575985
          ],
          [
            -98.268664,
            30.576246
          ],
          [
            -98.26922,
            30.576537
          ],
          [
            -98.269269,
            30.576563
          ],
          [
            -98.269757,
            30.576792
          ],
          [
            -98.270898,
            30.577362
          ],
          [
            -98.271987,
            30.577867
          ],
          [
            -98.272246,
            30.577997
          ],
          [
            -98.272461,
            30.578103
          ],
          [
            -98.272499,
            30.578123
          ],
          [
            -98.272654,
            30.578201
          ],
          [
            -98.272823,
            30.578285
          ],
          [
            -98.272891,
            30.578315
          ],
          [
            -98.272941,
            30.578336
          ],
          [
            -98.272936,
            30.578047
          ],
          [
            -98.272939,
            30.577795
          ],
          [
            -98.272945,
            30.577714
          ],
          [
            -98.272966,
            30.577504
          ],
          [
            -98.273015,
            30.577134
          ],
          [
            -98.273058,
            30.576911
          ],
          [
            -98.27314,
            30.576572
          ],
          [
            -98.273301,
            30.576095
          ],
          [
            -98.273513,
            30.575629
          ],
          [
            -98.273639,
            30.575397
          ],
          [
            -98.273814,
            30.575094
          ],
          [
            -98.274038,
            30.574758
          ],
          [
            -98.274222,
            30.574473
          ],
          [
            -98.27442,
            30.574185
          ],
          [
            -98.2746,
            30.573899
          ],
          [
            -98.274695,
            30.573749
          ],
          [
            -98.27479,
            30.573609
          ],
          [
            -98.27502,
            30.573259
          ],
          [
            -98.275358,
            30.572762
          ],
          [
            -98.275377,
            30.572726
          ],
          [
            -98.275613,
            30.572359
          ],
          [
            -98.275938,
            30.571833
          ],
          [
            -98.275974,
            30.571758
          ],
          [
            -98.276136,
            30.571374
          ],
          [
            -98.276182,
            30.571205
          ],
          [
            -98.276224,
            30.571034
          ],
          [
            -98.276271,
            30.570786
          ],
          [
            -98.276294,
            30.570614
          ],
          [
            -98.276298,
            30.570491
          ],
          [
            -98.276291,
            30.570264
          ],
          [
            -98.276267,
            30.569994
          ],
          [
            -98.276199,
            30.569756
          ],
          [
            -98.276165,
            30.569503
          ],
          [
            -98.27605,
            30.569195
          ],
          [
            -98.275957,
            30.568936
          ],
          [
            -98.27572,
            30.568289
          ],
          [
            -98.274769,
            30.565732
          ],
          [
            -98.274648,
            30.565404
          ],
          [
            -98.274601,
            30.565277
          ],
          [
            -98.274584,
            30.565183
          ],
          [
            -98.274566,
            30.565043
          ],
          [
            -98.27456,
            30.564832
          ],
          [
            -98.274556,
            30.564754
          ],
          [
            -98.274557,
            30.564579
          ],
          [
            -98.27457,
            30.564481
          ],
          [
            -98.274595,
            30.564323
          ],
          [
            -98.27458,
            30.564092
          ],
          [
            -98.274658,
            30.563863
          ],
          [
            -98.274725,
            30.563734
          ],
          [
            -98.274805,
            30.563578
          ],
          [
            -98.274958,
            30.563339
          ],
          [
            -98.275148,
            30.563055
          ],
          [
            -98.275198,
            30.562982
          ],
          [
            -98.275477,
            30.562619
          ],
          [
            -98.275815,
            30.562096
          ],
          [
            -98.275974,
            30.561765
          ],
          [
            -98.276081,
            30.561369
          ],
          [
            -98.276132,
            30.561089
          ],
          [
            -98.276155,
            30.560863
          ],
          [
            -98.276147,
            30.560595
          ],
          [
            -98.276096,
            30.56022
          ],
          [
            -98.275957,
            30.559758
          ],
          [
            -98.275697,
            30.559245
          ],
          [
            -98.275562,
            30.559063
          ],
          [
            -98.275385,
            30.558821
          ],
          [
            -98.274593,
            30.557834
          ],
          [
            -98.274438,
            30.557592
          ],
          [
            -98.274183,
            30.557101
          ],
          [
            -98.274111,
            30.55694
          ],
          [
            -98.273967,
            30.556511
          ],
          [
            -98.273914,
            30.556265
          ],
          [
            -98.27385,
            30.555899
          ],
          [
            -98.273828,
            30.555456
          ],
          [
            -98.273845,
            30.555199
          ],
          [
            -98.273871,
            30.554919
          ],
          [
            -98.273933,
            30.554605
          ],
          [
            -98.27402,
            30.554279
          ],
          [
            -98.274121,
            30.55399
          ],
          [
            -98.274549,
            30.55294
          ],
          [
            -98.274627,
            30.552758
          ],
          [
            -98.2747,
            30.552587
          ],
          [
            -98.274888,
            30.552156
          ],
          [
            -98.275622,
            30.550394
          ],
          [
            -98.275848,
            30.549785
          ],
          [
            -98.276062,
            30.549164
          ],
          [
            -98.276212,
            30.548657
          ],
          [
            -98.276308,
            30.548325
          ],
          [
            -98.27643,
            30.547833
          ],
          [
            -98.276512,
            30.547493
          ],
          [
            -98.276593,
            30.547162
          ],
          [
            -98.27671,
            30.546628
          ],
          [
            -98.276814,
            30.546127
          ],
          [
            -98.276947,
            30.545573
          ],
          [
            -98.276997,
            30.545337
          ],
          [
            -98.277169,
            30.544591
          ],
          [
            -98.277863,
            30.541787
          ],
          [
            -98.277883,
            30.541731
          ],
          [
            -98.278184,
            30.540873
          ],
          [
            -98.278368,
            30.540466
          ],
          [
            -98.278636,
            30.539868
          ],
          [
            -98.27899,
            30.539187
          ],
          [
            -98.282177,
            30.533114
          ],
          [
            -98.282492,
            30.532552
          ],
          [
            -98.284717,
            30.528319
          ],
          [
            -98.285123,
            30.527549
          ],
          [
            -98.286855,
            30.524261
          ],
          [
            -98.290701,
            30.516825
          ],
          [
            -98.290786,
            30.516661
          ],
          [
            -98.290923,
            30.516345
          ],
          [
            -98.291559,
            30.515203
          ],
          [
            -98.291637,
            30.515078
          ],
          [
            -98.292613,
            30.513769
          ],
          [
            -98.292725,
            30.51362
          ],
          [
            -98.292973,
            30.513293
          ],
          [
            -98.293236,
            30.512947
          ],
          [
            -98.296048,
            30.509457
          ],
          [
            -98.296594,
            30.508779
          ],
          [
            -98.299249,
            30.505483
          ],
          [
            -98.29983,
            30.504761
          ],
          [
            -98.301104,
            30.503179
          ],
          [
            -98.301457,
            30.502629
          ],
          [
            -98.30212,
            30.501579
          ],
          [
            -98.302287,
            30.501322
          ],
          [
            -98.302404,
            30.501085
          ],
          [
            -98.305624,
            30.497129
          ],
          [
            -98.305731,
            30.497007
          ],
          [
            -98.307158,
            30.495185
          ],
          [
            -98.30864,
            30.493294
          ],
          [
            -98.313709,
            30.486987
          ],
          [
            -98.314698,
            30.485767
          ],
          [
            -98.316638,
            30.483345
          ],
          [
            -98.317555,
            30.482201
          ],
          [
            -98.318374,
            30.481178
          ],
          [
            -98.319262,
            30.480074
          ],
          [
            -98.320669,
            30.478289
          ],
          [
            -98.320882,
            30.478013
          ],
          [
            -98.320895,
            30.477996
          ],
          [
            -98.320911,
            30.477974
          ],
          [
            -98.320932,
            30.477946
          ],
          [
            -98.320964,
            30.477901
          ],
          [
            -98.321143,
            30.477653
          ],
          [
            -98.321429,
            30.477222
          ],
          [
            -98.321874,
            30.476518
          ],
          [
            -98.321927,
            30.476431
          ],
          [
            -98.322492,
            30.475501
          ],
          [
            -98.322579,
            30.475358
          ],
          [
            -98.324502,
            30.472195
          ],
          [
            -98.325271,
            30.470895
          ],
          [
            -98.325447,
            30.470552
          ],
          [
            -98.325757,
            30.469945
          ],
          [
            -98.326193,
            30.469058
          ],
          [
            -98.326843,
            30.467691
          ],
          [
            -98.326926,
            30.467518
          ],
          [
            -98.328545,
            30.464176
          ],
          [
            -98.330005,
            30.461161
          ],
          [
            -98.330108,
            30.460963
          ],
          [
            -98.330221,
            30.46076
          ],
          [
            -98.330381,
            30.460472
          ],
          [
            -98.330675,
            30.459991
          ],
          [
            -98.330993,
            30.459515
          ],
          [
            -98.331332,
            30.459012
          ],
          [
            -98.332202,
            30.457752
          ],
          [
            -98.332594,
            30.457185
          ],
          [
            -98.332739,
            30.456974
          ],
          [
            -98.332964,
            30.456647
          ],
          [
            -98.333088,
            30.456468
          ],
          [
            -98.333655,
            30.455639
          ],
          [
            -98.334177,
            30.454877
          ],
          [
            -98.334866,
            30.453871
          ],
          [
            -98.335121,
            30.453498
          ],
          [
            -98.336968,
            30.450824
          ],
          [
            -98.337297,
            30.450304
          ],
          [
            -98.337605,
            30.449775
          ],
          [
            -98.337892,
            30.449236
          ],
          [
            -98.338133,
            30.448739
          ],
          [
            -98.338355,
            30.448232
          ],
          [
            -98.338399,
            30.448118
          ],
          [
            -98.338555,
            30.44772
          ],
          [
            -98.338734,
            30.447201
          ],
          [
            -98.338892,
            30.446677
          ],
          [
            -98.339002,
            30.446244
          ],
          [
            -98.339295,
            30.445092
          ],
          [
            -98.339354,
            30.444861
          ],
          [
            -98.339566,
            30.444012
          ],
          [
            -98.339704,
            30.443455
          ],
          [
            -98.339867,
            30.442876
          ],
          [
            -98.340055,
            30.442302
          ],
          [
            -98.340267,
            30.441735
          ],
          [
            -98.341211,
            30.439469
          ],
          [
            -98.342351,
            30.436729
          ],
          [
            -98.34252,
            30.436322
          ],
          [
            -98.342892,
            30.435437
          ],
          [
            -98.343392,
            30.434245
          ],
          [
            -98.343575,
            30.433793
          ],
          [
            -98.34373,
            30.433436
          ],
          [
            -98.343949,
            30.432908
          ],
          [
            -98.344467,
            30.431658
          ],
          [
            -98.344506,
            30.431564
          ],
          [
            -98.345508,
            30.429147
          ],
          [
            -98.346183,
            30.427541
          ],
          [
            -98.34665,
            30.426428
          ],
          [
            -98.346742,
            30.426208
          ],
          [
            -98.347192,
            30.425126
          ],
          [
            -98.347639,
            30.424053
          ],
          [
            -98.347911,
            30.4234
          ],
          [
            -98.348502,
            30.42198
          ],
          [
            -98.349022,
            30.420694
          ],
          [
            -98.350619,
            30.41654
          ],
          [
            -98.350654,
            30.416448
          ],
          [
            -98.351851,
            30.413323
          ],
          [
            -98.352335,
            30.412091
          ],
          [
            -98.352576,
            30.411547
          ],
          [
            -98.35284,
            30.41101
          ],
          [
            -98.354106,
            30.408711
          ],
          [
            -98.354406,
            30.408174
          ],
          [
            -98.355077,
            30.406972
          ],
          [
            -98.356092,
            30.40514
          ],
          [
            -98.357596,
            30.402425
          ],
          [
            -98.358093,
            30.40154
          ],
          [
            -98.358549,
            30.400703
          ],
          [
            -98.359023,
            30.399879
          ],
          [
            -98.359307,
            30.399364
          ],
          [
            -98.3598,
            30.398476
          ],
          [
            -98.361116,
            30.396105
          ],
          [
            -98.361246,
            30.395871
          ],
          [
            -98.362323,
            30.393951
          ],
          [
            -98.362448,
            30.393744
          ],
          [
            -98.362572,
            30.393527
          ],
          [
            -98.363796,
            30.391271
          ],
          [
            -98.364365,
            30.390258
          ],
          [
            -98.365218,
            30.388723
          ],
          [
            -98.365568,
            30.388092
          ],
          [
            -98.365717,
            30.387823
          ],
          [
            -98.365978,
            30.387356
          ],
          [
            -98.366653,
            30.386132
          ],
          [
            -98.368357,
            30.383052
          ],
          [
            -98.36891,
            30.382075
          ],
          [
            -98.369891,
            30.38031
          ],
          [
            -98.370214,
            30.379753
          ],
          [
            -98.370476,
            30.37933
          ],
          [
            -98.37082,
            30.37882
          ],
          [
            -98.370837,
            30.378796
          ],
          [
            -98.37178,
            30.37748
          ],
          [
            -98.372098,
            30.377025
          ],
          [
            -98.372366,
            30.376604
          ],
          [
            -98.372669,
            30.376077
          ],
          [
            -98.372925,
            30.375589
          ],
          [
            -98.373232,
            30.374944
          ],
          [
            -98.373468,
            30.374392
          ],
          [
            -98.373633,
            30.373959
          ],
          [
            -98.373806,
            30.373453
          ],
          [
            -98.3743,
            30.371952
          ],
          [
            -98.374766,
            30.370553
          ],
          [
            -98.374935,
            30.370034
          ],
          [
            -98.375187,
            30.369135
          ],
          [
            -98.375287,
            30.368779
          ],
          [
            -98.375892,
            30.366591
          ],
          [
            -98.376178,
            30.365552
          ],
          [
            -98.376273,
            30.365179
          ],
          [
            -98.376347,
            30.364807
          ],
          [
            -98.376441,
            30.364292
          ],
          [
            -98.37679,
            30.362288
          ],
          [
            -98.376811,
            30.362166
          ],
          [
            -98.376975,
            30.361166
          ],
          [
            -98.377211,
            30.359804
          ],
          [
            -98.377308,
            30.359331
          ],
          [
            -98.378487,
            30.352013
          ],
          [
            -98.378841,
            30.350791
          ],
          [
            -98.379249,
            30.349523
          ],
          [
            -98.379733,
            30.348316
          ],
          [
            -98.380163,
            30.348423
          ],
          [
            -98.380088,
            30.348393
          ],
          [
            -98.379733,
            30.348316
          ],
          [
            -98.380158,
            30.347084
          ],
          [
            -98.381165,
            30.344167
          ],
          [
            -98.38119,
            30.344093
          ],
          [
            -98.381696,
            30.342626
          ],
          [
            -98.383005,
            30.338844
          ],
          [
            -98.383681,
            30.336875
          ],
          [
            -98.385294,
            30.332173
          ],
          [
            -98.385548,
            30.331438
          ],
          [
            -98.385919,
            30.330363
          ],
          [
            -98.385924,
            30.330347
          ],
          [
            -98.387474,
            30.325805
          ],
          [
            -98.387823,
            30.324782
          ],
          [
            -98.387886,
            30.324599
          ],
          [
            -98.38808,
            30.324046
          ],
          [
            -98.388515,
            30.322807
          ],
          [
            -98.388725,
            30.322194
          ],
          [
            -98.388912,
            30.321646
          ],
          [
            -98.389031,
            30.321297
          ],
          [
            -98.389197,
            30.32081
          ],
          [
            -98.389455,
            30.320056
          ],
          [
            -98.389826,
            30.318968
          ],
          [
            -98.390151,
            30.318016
          ],
          [
            -98.390404,
            30.317281
          ],
          [
            -98.390444,
            30.317165
          ],
          [
            -98.390456,
            30.317129
          ],
          [
            -98.390527,
            30.316922
          ],
          [
            -98.390775,
            30.316247
          ],
          [
            -98.391512,
            30.314467
          ],
          [
            -98.391697,
            30.314009
          ],
          [
            -98.393563,
            30.313996
          ],
          [
            -98.394398,
            30.313986
          ],
          [
            -98.394776,
            30.313981
          ],
          [
            -98.394898,
            30.313981
          ],
          [
            -98.39508,
            30.313982
          ],
          [
            -98.395134,
            30.313982
          ],
          [
            -98.395238,
            30.313982
          ],
          [
            -98.396387,
            30.313966
          ],
          [
            -98.397127,
            30.313956
          ],
          [
            -98.39776,
            30.313953
          ],
          [
            -98.398496,
            30.31394
          ],
          [
            -98.401021,
            30.31391
          ],
          [
            -98.402069,
            30.313895
          ],
          [
            -98.402943,
            30.313883
          ],
          [
            -98.403679,
            30.313875
          ],
          [
            -98.403699,
            30.313875
          ],
          [
            -98.405452,
            30.313856
          ],
          [
            -98.405893,
            30.31386
          ],
          [
            -98.406348,
            30.313864
          ],
          [
            -98.407272,
            30.313883
          ],
          [
            -98.407961,
            30.31389
          ],
          [
            -98.409986,
            30.313883
          ],
          [
            -98.410993,
            30.313879
          ],
          [
            -98.411699,
            30.313869
          ],
          [
            -98.412908,
            30.31386
          ],
          [
            -98.413995,
            30.313851
          ],
          [
            -98.414242,
            30.31385
          ],
          [
            -98.414641,
            30.313847
          ],
          [
            -98.41495,
            30.313863
          ],
          [
            -98.415256,
            30.313899
          ],
          [
            -98.415559,
            30.313954
          ],
          [
            -98.415738,
            30.313997
          ],
          [
            -98.415853,
            30.314032
          ],
          [
            -98.416139,
            30.314135
          ],
          [
            -98.416416,
            30.314256
          ],
          [
            -98.41669,
            30.314392
          ],
          [
            -98.416879,
            30.314519
          ],
          [
            -98.417065,
            30.314654
          ],
          [
            -98.417239,
            30.3148
          ],
          [
            -98.4174,
            30.314957
          ],
          [
            -98.417549,
            30.315124
          ],
          [
            -98.41805,
            30.315752
          ],
          [
            -98.418648,
            30.316517
          ],
          [
            -98.419065,
            30.317045
          ],
          [
            -98.419859,
            30.318048
          ],
          [
            -98.420233,
            30.318512
          ],
          [
            -98.420279,
            30.318568
          ],
          [
            -98.420322,
            30.31862
          ],
          [
            -98.421241,
            30.319817
          ],
          [
            -98.421271,
            30.319856
          ],
          [
            -98.422297,
            30.32116
          ],
          [
            -98.422927,
            30.321979
          ],
          [
            -98.423349,
            30.322502
          ],
          [
            -98.423603,
            30.322872
          ],
          [
            -98.423837,
            30.323252
          ],
          [
            -98.423909,
            30.323382
          ],
          [
            -98.42394,
            30.323438
          ],
          [
            -98.424051,
            30.32364
          ],
          [
            -98.424253,
            30.324081
          ],
          [
            -98.424795,
            30.325422
          ],
          [
            -98.425323,
            30.326708
          ],
          [
            -98.425418,
            30.326963
          ],
          [
            -98.425655,
            30.327601
          ],
          [
            -98.426292,
            30.329118
          ],
          [
            -98.42632,
            30.329189
          ],
          [
            -98.426476,
            30.329575
          ],
          [
            -98.426638,
            30.329957
          ],
          [
            -98.426811,
            30.330368
          ],
          [
            -98.426898,
            30.330582
          ],
          [
            -98.427183,
            30.331288
          ],
          [
            -98.427227,
            30.331399
          ],
          [
            -98.427983,
            30.33328
          ],
          [
            -98.428064,
            30.333534
          ],
          [
            -98.428069,
            30.333556
          ],
          [
            -98.428124,
            30.333792
          ],
          [
            -98.428165,
            30.334053
          ],
          [
            -98.428205,
            30.334426
          ],
          [
            -98.428215,
            30.334801
          ],
          [
            -98.428199,
            30.335121
          ],
          [
            -98.428177,
            30.335316
          ],
          [
            -98.427876,
            30.337944
          ],
          [
            -98.427858,
            30.338319
          ],
          [
            -98.427864,
            30.338694
          ],
          [
            -98.42789,
            30.339015
          ],
          [
            -98.427947,
            30.339389
          ],
          [
            -98.428025,
            30.33976
          ],
          [
            -98.428111,
            30.340078
          ],
          [
            -98.428435,
            30.341183
          ],
          [
            -98.429132,
            30.343619
          ],
          [
            -98.429227,
            30.343924
          ],
          [
            -98.429328,
            30.344172
          ],
          [
            -98.429451,
            30.344412
          ],
          [
            -98.429595,
            30.344644
          ],
          [
            -98.429723,
            30.344821
          ],
          [
            -98.429864,
            30.344988
          ],
          [
            -98.430023,
            30.345144
          ],
          [
            -98.430195,
            30.345288
          ],
          [
            -98.430695,
            30.345674
          ],
          [
            -98.432713,
            30.347147
          ],
          [
            -98.433571,
            30.347783
          ],
          [
            -98.434482,
            30.348438
          ],
          [
            -98.435312,
            30.349014
          ],
          [
            -98.435466,
            30.349106
          ],
          [
            -98.43551,
            30.349132
          ],
          [
            -98.435666,
            30.34921
          ],
          [
            -98.436485,
            30.349564
          ],
          [
            -98.43669,
            30.349637
          ],
          [
            -98.438098,
            30.350015
          ],
          [
            -98.438635,
            30.350137
          ],
          [
            -98.439178,
            30.350239
          ],
          [
            -98.440347,
            30.350414
          ],
          [
            -98.442023,
            30.350666
          ],
          [
            -98.443361,
            30.350867
          ],
          [
            -98.4436,
            30.35092
          ],
          [
            -98.443832,
            30.350989
          ],
          [
            -98.444058,
            30.351076
          ],
          [
            -98.444274,
            30.351179
          ],
          [
            -98.444487,
            30.351299
          ],
          [
            -98.444687,
            30.351433
          ],
          [
            -98.444873,
            30.351582
          ],
          [
            -98.445,
            30.351703
          ],
          [
            -98.445028,
            30.351734
          ],
          [
            -98.445198,
            30.351917
          ],
          [
            -98.445335,
            30.352102
          ],
          [
            -98.445395,
            30.352198
          ],
          [
            -98.44594,
            30.353151
          ],
          [
            -98.446174,
            30.353561
          ],
          [
            -98.447191,
            30.355378
          ],
          [
            -98.448117,
            30.357032
          ],
          [
            -98.448687,
            30.358025
          ],
          [
            -98.449943,
            30.360285
          ],
          [
            -98.450152,
            30.360641
          ],
          [
            -98.450748,
            30.361717
          ],
          [
            -98.450794,
            30.361787
          ],
          [
            -98.450995,
            30.362145
          ],
          [
            -98.451963,
            30.363872
          ],
          [
            -98.452118,
            30.3641
          ],
          [
            -98.452292,
            30.364316
          ],
          [
            -98.452487,
            30.364519
          ],
          [
            -98.452615,
            30.364633
          ],
          [
            -98.452846,
            30.36481
          ],
          [
            -98.453091,
            30.364971
          ],
          [
            -98.453352,
            30.365113
          ],
          [
            -98.453569,
            30.365214
          ],
          [
            -98.454583,
            30.36556
          ],
          [
            -98.455158,
            30.365757
          ],
          [
            -98.456247,
            30.366121
          ],
          [
            -98.457558,
            30.366559
          ],
          [
            -98.457652,
            30.36659
          ],
          [
            -98.457885,
            30.366649
          ],
          [
            -98.458124,
            30.366691
          ],
          [
            -98.458366,
            30.366716
          ],
          [
            -98.458609,
            30.366722
          ],
          [
            -98.458918,
            30.366709
          ],
          [
            -98.459167,
            30.366681
          ],
          [
            -98.459417,
            30.366634
          ],
          [
            -98.46034,
            30.366285
          ],
          [
            -98.464227,
            30.364815
          ],
          [
            -98.465218,
            30.364441
          ],
          [
            -98.466885,
            30.363798
          ],
          [
            -98.467103,
            30.363695
          ],
          [
            -98.46731,
            30.363578
          ],
          [
            -98.467507,
            30.363447
          ],
          [
            -98.467693,
            30.363304
          ],
          [
            -98.467847,
            30.363165
          ],
          [
            -98.46788,
            30.363134
          ],
          [
            -98.468339,
            30.362704
          ],
          [
            -98.468421,
            30.362617
          ],
          [
            -98.468487,
            30.362548
          ],
          [
            -98.469268,
            30.361721
          ],
          [
            -98.469822,
            30.361158
          ],
          [
            -98.470004,
            30.361006
          ],
          [
            -98.470148,
            30.360906
          ],
          [
            -98.470301,
            30.360816
          ],
          [
            -98.470462,
            30.360737
          ],
          [
            -98.470629,
            30.360668
          ],
          [
            -98.470803,
            30.360612
          ],
          [
            -98.47098,
            30.360567
          ],
          [
            -98.471161,
            30.360535
          ],
          [
            -98.471345,
            30.360515
          ],
          [
            -98.47449,
            30.360366
          ],
          [
            -98.476891,
            30.360246
          ],
          [
            -98.477512,
            30.360211
          ],
          [
            -98.478131,
            30.360155
          ],
          [
            -98.478748,
            30.360081
          ],
          [
            -98.47918,
            30.360023
          ],
          [
            -98.480087,
            30.359914
          ],
          [
            -98.480804,
            30.359827
          ],
          [
            -98.481618,
            30.359729
          ],
          [
            -98.482045,
            30.359696
          ],
          [
            -98.482473,
            30.359683
          ],
          [
            -98.482959,
            30.35969
          ],
          [
            -98.48493,
            30.35974
          ],
          [
            -98.485536,
            30.35976
          ],
          [
            -98.486531,
            30.359793
          ],
          [
            -98.48726,
            30.359812
          ],
          [
            -98.487511,
            30.359808
          ],
          [
            -98.487762,
            30.359822
          ],
          [
            -98.488012,
            30.359852
          ],
          [
            -98.488257,
            30.3599
          ],
          [
            -98.488498,
            30.359964
          ],
          [
            -98.488731,
            30.360044
          ],
          [
            -98.488957,
            30.36014
          ],
          [
            -98.489066,
            30.360195
          ],
          [
            -98.489273,
            30.360319
          ],
          [
            -98.489536,
            30.360508
          ],
          [
            -98.489652,
            30.360605
          ],
          [
            -98.489823,
            30.360765
          ],
          [
            -98.490268,
            30.361257
          ],
          [
            -98.490416,
            30.361394
          ],
          [
            -98.490591,
            30.361534
          ],
          [
            -98.490785,
            30.361665
          ],
          [
            -98.49099,
            30.361781
          ],
          [
            -98.491207,
            30.361882
          ],
          [
            -98.491432,
            30.361966
          ],
          [
            -98.491664,
            30.362034
          ],
          [
            -98.49348,
            30.362482
          ],
          [
            -98.49436,
            30.362706
          ],
          [
            -98.495191,
            30.362903
          ],
          [
            -98.495469,
            30.362987
          ],
          [
            -98.495739,
            30.363092
          ],
          [
            -98.495895,
            30.363164
          ],
          [
            -98.496043,
            30.363243
          ],
          [
            -98.496156,
            30.363303
          ],
          [
            -98.496403,
            30.363461
          ],
          [
            -98.496588,
            30.3636
          ],
          [
            -98.498153,
            30.364933
          ],
          [
            -98.499032,
            30.365667
          ],
          [
            -98.499868,
            30.36635
          ],
          [
            -98.500612,
            30.366968
          ],
          [
            -98.500646,
            30.366997
          ],
          [
            -98.501469,
            30.36768
          ],
          [
            -98.501733,
            30.367912
          ],
          [
            -98.501896,
            30.368078
          ],
          [
            -98.502042,
            30.368256
          ],
          [
            -98.50217,
            30.368444
          ],
          [
            -98.502279,
            30.368641
          ],
          [
            -98.502368,
            30.368845
          ],
          [
            -98.502437,
            30.369055
          ],
          [
            -98.502485,
            30.369269
          ],
          [
            -98.502511,
            30.369487
          ],
          [
            -98.502517,
            30.36976
          ],
          [
            -98.502517,
            30.369809
          ],
          [
            -98.502523,
            30.37141
          ],
          [
            -98.502525,
            30.371558
          ],
          [
            -98.502557,
            30.375133
          ],
          [
            -98.502563,
            30.375402
          ],
          [
            -98.502593,
            30.375669
          ],
          [
            -98.502647,
            30.375934
          ],
          [
            -98.502725,
            30.376194
          ],
          [
            -98.502826,
            30.376448
          ],
          [
            -98.502881,
            30.376559
          ],
          [
            -98.502949,
            30.376695
          ],
          [
            -98.503094,
            30.376932
          ],
          [
            -98.50322,
            30.377117
          ],
          [
            -98.504317,
            30.37885
          ],
          [
            -98.504659,
            30.379404
          ],
          [
            -98.504813,
            30.379643
          ],
          [
            -98.504934,
            30.379872
          ],
          [
            -98.505036,
            30.38012
          ],
          [
            -98.505114,
            30.380374
          ],
          [
            -98.505229,
            30.380789
          ],
          [
            -98.505308,
            30.381072
          ],
          [
            -98.505693,
            30.38246
          ],
          [
            -98.505724,
            30.382565
          ],
          [
            -98.505952,
            30.383355
          ],
          [
            -98.506125,
            30.383953
          ],
          [
            -98.506359,
            30.384648
          ],
          [
            -98.506424,
            30.384914
          ],
          [
            -98.50644,
            30.385017
          ],
          [
            -98.506465,
            30.385184
          ],
          [
            -98.506482,
            30.385455
          ],
          [
            -98.506482,
            30.385564
          ],
          [
            -98.506466,
            30.385833
          ],
          [
            -98.506398,
            30.386552
          ],
          [
            -98.506377,
            30.386728
          ],
          [
            -98.506367,
            30.386934
          ],
          [
            -98.506373,
            30.387153
          ],
          [
            -98.506398,
            30.387371
          ],
          [
            -98.50644,
            30.387587
          ],
          [
            -98.506499,
            30.387801
          ],
          [
            -98.506574,
            30.388009
          ],
          [
            -98.506668,
            30.388213
          ],
          [
            -98.508117,
            30.390912
          ],
          [
            -98.508324,
            30.391252
          ],
          [
            -98.508551,
            30.391582
          ],
          [
            -98.508797,
            30.391902
          ],
          [
            -98.509061,
            30.392211
          ],
          [
            -98.509301,
            30.392465
          ],
          [
            -98.509542,
            30.392696
          ],
          [
            -98.509564,
            30.392722
          ],
          [
            -98.510377,
            30.393401
          ],
          [
            -98.510534,
            30.393528
          ],
          [
            -98.511753,
            30.394508
          ],
          [
            -98.512994,
            30.395495
          ],
          [
            -98.513612,
            30.395974
          ],
          [
            -98.514018,
            30.396289
          ],
          [
            -98.5143,
            30.396487
          ],
          [
            -98.514437,
            30.396573
          ],
          [
            -98.514736,
            30.396742
          ],
          [
            -98.514908,
            30.396822
          ],
          [
            -98.51511,
            30.396891
          ],
          [
            -98.515406,
            30.396968
          ],
          [
            -98.517239,
            30.397368
          ],
          [
            -98.517659,
            30.397459
          ],
          [
            -98.518365,
            30.397605
          ],
          [
            -98.52127,
            30.398205
          ],
          [
            -98.522101,
            30.398384
          ],
          [
            -98.523112,
            30.398584
          ],
          [
            -98.5234,
            30.398638
          ],
          [
            -98.523586,
            30.398663
          ],
          [
            -98.52385,
            30.398684
          ],
          [
            -98.524198,
            30.398692
          ],
          [
            -98.524339,
            30.398686
          ],
          [
            -98.52448,
            30.398673
          ],
          [
            -98.524622,
            30.398654
          ],
          [
            -98.524756,
            30.398629
          ],
          [
            -98.524891,
            30.398597
          ],
          [
            -98.525027,
            30.398555
          ],
          [
            -98.525118,
            30.398523
          ],
          [
            -98.525163,
            30.398507
          ],
          [
            -98.525306,
            30.398448
          ],
          [
            -98.525948,
            30.39818
          ],
          [
            -98.526615,
            30.397931
          ],
          [
            -98.528645,
            30.397078
          ],
          [
            -98.529322,
            30.39681
          ],
          [
            -98.5299,
            30.396595
          ],
          [
            -98.530628,
            30.396317
          ],
          [
            -98.530736,
            30.396285
          ],
          [
            -98.530852,
            30.396257
          ],
          [
            -98.531048,
            30.396222
          ],
          [
            -98.531284,
            30.396195
          ],
          [
            -98.531501,
            30.396184
          ],
          [
            -98.531744,
            30.396188
          ],
          [
            -98.531967,
            30.396204
          ],
          [
            -98.53237,
            30.396253
          ],
          [
            -98.533106,
            30.396361
          ],
          [
            -98.535657,
            30.396713
          ],
          [
            -98.537104,
            30.396925
          ],
          [
            -98.537797,
            30.397017
          ],
          [
            -98.538201,
            30.397059
          ],
          [
            -98.538396,
            30.397065
          ],
          [
            -98.538625,
            30.397063
          ],
          [
            -98.539849,
            30.397027
          ],
          [
            -98.541254,
            30.396968
          ],
          [
            -98.542107,
            30.396938
          ],
          [
            -98.542426,
            30.396945
          ],
          [
            -98.542801,
            30.396967
          ],
          [
            -98.543088,
            30.397001
          ],
          [
            -98.54399,
            30.397144
          ],
          [
            -98.545079,
            30.397304
          ],
          [
            -98.545508,
            30.397373
          ],
          [
            -98.545995,
            30.397451
          ],
          [
            -98.546803,
            30.397562
          ],
          [
            -98.547134,
            30.397591
          ],
          [
            -98.547383,
            30.397597
          ],
          [
            -98.547545,
            30.397591
          ],
          [
            -98.547827,
            30.397574
          ],
          [
            -98.548582,
            30.397511
          ],
          [
            -98.549772,
            30.397405
          ],
          [
            -98.552849,
            30.397092
          ],
          [
            -98.553375,
            30.397033
          ],
          [
            -98.553562,
            30.397007
          ],
          [
            -98.553743,
            30.396981
          ],
          [
            -98.553841,
            30.396962
          ],
          [
            -98.553948,
            30.396934
          ],
          [
            -98.554434,
            30.396776
          ],
          [
            -98.554637,
            30.396699
          ],
          [
            -98.554774,
            30.396641
          ],
          [
            -98.555106,
            30.396478
          ],
          [
            -98.558908,
            30.394496
          ],
          [
            -98.559044,
            30.394434
          ],
          [
            -98.559169,
            30.394384
          ],
          [
            -98.5593,
            30.394342
          ],
          [
            -98.559439,
            30.394306
          ],
          [
            -98.559589,
            30.394279
          ],
          [
            -98.559748,
            30.394261
          ],
          [
            -98.559996,
            30.394245
          ],
          [
            -98.560246,
            30.394242
          ],
          [
            -98.560391,
            30.394247
          ],
          [
            -98.560524,
            30.394257
          ],
          [
            -98.560648,
            30.394274
          ],
          [
            -98.560763,
            30.394296
          ],
          [
            -98.560906,
            30.394335
          ],
          [
            -98.56106,
            30.394386
          ],
          [
            -98.561279,
            30.394476
          ],
          [
            -98.562109,
            30.394852
          ],
          [
            -98.563338,
            30.39543
          ],
          [
            -98.563574,
            30.395531
          ],
          [
            -98.56372,
            30.395581
          ],
          [
            -98.563988,
            30.395656
          ],
          [
            -98.564421,
            30.395755
          ],
          [
            -98.564692,
            30.395802
          ],
          [
            -98.564926,
            30.395828
          ],
          [
            -98.565045,
            30.395835
          ],
          [
            -98.565233,
            30.395847
          ],
          [
            -98.565918,
            30.395852
          ],
          [
            -98.569256,
            30.395825
          ],
          [
            -98.569671,
            30.395832
          ],
          [
            -98.569847,
            30.395845
          ],
          [
            -98.570058,
            30.395871
          ],
          [
            -98.570386,
            30.395923
          ],
          [
            -98.57057,
            30.395965
          ],
          [
            -98.572163,
            30.396431
          ],
          [
            -98.573419,
            30.396812
          ],
          [
            -98.573719,
            30.396881
          ],
          [
            -98.574023,
            30.396929
          ],
          [
            -98.574331,
            30.396955
          ],
          [
            -98.57464,
            30.396959
          ],
          [
            -98.574949,
            30.396942
          ],
          [
            -98.575256,
            30.396902
          ],
          [
            -98.578812,
            30.39606
          ],
          [
            -98.580977,
            30.395544
          ],
          [
            -98.58205,
            30.395278
          ],
          [
            -98.582543,
            30.395161
          ],
          [
            -98.583164,
            30.395008
          ],
          [
            -98.583572,
            30.394913
          ],
          [
            -98.584089,
            30.394795
          ],
          [
            -98.584752,
            30.394638
          ],
          [
            -98.586679,
            30.39417
          ],
          [
            -98.586916,
            30.394096
          ],
          [
            -98.587146,
            30.394006
          ],
          [
            -98.587366,
            30.393902
          ],
          [
            -98.587578,
            30.393784
          ],
          [
            -98.587779,
            30.393652
          ],
          [
            -98.587967,
            30.393508
          ],
          [
            -98.588143,
            30.393352
          ],
          [
            -98.589628,
            30.391804
          ],
          [
            -98.589862,
            30.39158
          ],
          [
            -98.590167,
            30.39136
          ],
          [
            -98.590421,
            30.391233
          ],
          [
            -98.590733,
            30.391131
          ],
          [
            -98.590903,
            30.391092
          ],
          [
            -98.591127,
            30.391057
          ],
          [
            -98.5918,
            30.391037
          ],
          [
            -98.596288,
            30.390902
          ],
          [
            -98.596794,
            30.390823
          ],
          [
            -98.597875,
            30.390582
          ],
          [
            -98.598308,
            30.390536
          ],
          [
            -98.598757,
            30.390524
          ],
          [
            -98.599878,
            30.390536
          ],
          [
            -98.600249,
            30.390547
          ],
          [
            -98.604918,
            30.390568
          ],
          [
            -98.605517,
            30.390571
          ],
          [
            -98.611512,
            30.390614
          ],
          [
            -98.613657,
            30.390629
          ],
          [
            -98.617251,
            30.390641
          ],
          [
            -98.617518,
            30.390653
          ],
          [
            -98.618848,
            30.390664
          ],
          [
            -98.620723,
            30.390685
          ],
          [
            -98.621579,
            30.390714
          ],
          [
            -98.62701,
            30.390713
          ],
          [
            -98.62733,
            30.390698
          ],
          [
            -98.630224,
            30.390701
          ],
          [
            -98.632604,
            30.39069
          ],
          [
            -98.634602,
            30.390687
          ],
          [
            -98.635332,
            30.390663
          ],
          [
            -98.637359,
            30.390687
          ],
          [
            -98.637506,
            30.390685
          ],
          [
            -98.637818,
            30.39068
          ],
          [
            -98.638121,
            30.390659
          ],
          [
            -98.638417,
            30.390615
          ],
          [
            -98.638701,
            30.390542
          ],
          [
            -98.63897,
            30.390442
          ],
          [
            -98.639222,
            30.390316
          ],
          [
            -98.639557,
            30.390085
          ],
          [
            -98.640743,
            30.389213
          ],
          [
            -98.641904,
            30.388352
          ],
          [
            -98.642598,
            30.387907
          ],
          [
            -98.643181,
            30.387593
          ],
          [
            -98.64424,
            30.387067
          ],
          [
            -98.644486,
            30.386957
          ],
          [
            -98.646437,
            30.38587
          ],
          [
            -98.647076,
            30.385488
          ],
          [
            -98.650361,
            30.383445
          ],
          [
            -98.650793,
            30.383252
          ],
          [
            -98.651022,
            30.383169
          ],
          [
            -98.651386,
            30.383072
          ],
          [
            -98.651854,
            30.382992
          ],
          [
            -98.652322,
            30.382965
          ],
          [
            -98.655373,
            30.382974
          ],
          [
            -98.655535,
            30.382983
          ],
          [
            -98.658166,
            30.382987
          ],
          [
            -98.659032,
            30.382987
          ],
          [
            -98.660528,
            30.382985
          ],
          [
            -98.661532,
            30.382985
          ],
          [
            -98.661772,
            30.382984
          ],
          [
            -98.665671,
            30.383016
          ],
          [
            -98.667153,
            30.382971
          ],
          [
            -98.667893,
            30.382949
          ],
          [
            -98.668242,
            30.382949
          ],
          [
            -98.668461,
            30.382969
          ],
          [
            -98.668688,
            30.383024
          ],
          [
            -98.668911,
            30.383112
          ],
          [
            -98.669137,
            30.383227
          ],
          [
            -98.669315,
            30.383358
          ],
          [
            -98.669484,
            30.383512
          ],
          [
            -98.669623,
            30.383687
          ],
          [
            -98.669739,
            30.383871
          ],
          [
            -98.669859,
            30.384164
          ],
          [
            -98.669899,
            30.384387
          ],
          [
            -98.669908,
            30.384689
          ],
          [
            -98.669931,
            30.388638
          ],
          [
            -98.669946,
            30.39095
          ],
          [
            -98.669963,
            30.391252
          ],
          [
            -98.670012,
            30.391488
          ],
          [
            -98.670091,
            30.391693
          ],
          [
            -98.670237,
            30.391945
          ],
          [
            -98.670411,
            30.392133
          ],
          [
            -98.670607,
            30.392296
          ],
          [
            -98.670756,
            30.392402
          ],
          [
            -98.670957,
            30.392501
          ],
          [
            -98.671175,
            30.392585
          ],
          [
            -98.671389,
            30.392636
          ],
          [
            -98.671608,
            30.392668
          ],
          [
            -98.671875,
            30.392674
          ],
          [
            -98.672172,
            30.392667
          ],
          [
            -98.672229,
            30.392665
          ],
          [
            -98.675083,
            30.392689
          ],
          [
            -98.679566,
            30.392672
          ],
          [
            -98.682242,
            30.392659
          ],
          [
            -98.682951,
            30.392677
          ],
          [
            -98.683234,
            30.392706
          ],
          [
            -98.683526,
            30.392743
          ],
          [
            -98.683827,
            30.392806
          ],
          [
            -98.684131,
            30.392868
          ],
          [
            -98.68501,
            30.393082
          ],
          [
            -98.685554,
            30.393252
          ],
          [
            -98.685866,
            30.393374
          ],
          [
            -98.686182,
            30.393531
          ],
          [
            -98.686985,
            30.393976
          ],
          [
            -98.687344,
            30.394162
          ],
          [
            -98.687707,
            30.394314
          ],
          [
            -98.688093,
            30.394442
          ],
          [
            -98.688804,
            30.394639
          ],
          [
            -98.691654,
            30.395381
          ],
          [
            -98.693003,
            30.395717
          ],
          [
            -98.69393,
            30.396023
          ],
          [
            -98.69539,
            30.396534
          ],
          [
            -98.695972,
            30.396711
          ],
          [
            -98.696522,
            30.396818
          ],
          [
            -98.697027,
            30.396867
          ],
          [
            -98.697538,
            30.396897
          ],
          [
            -98.699733,
            30.396956
          ],
          [
            -98.700001,
            30.396983
          ],
          [
            -98.700251,
            30.397044
          ],
          [
            -98.700482,
            30.397127
          ],
          [
            -98.700621,
            30.397196
          ],
          [
            -98.700808,
            30.397317
          ],
          [
            -98.700973,
            30.397451
          ],
          [
            -98.70111,
            30.397597
          ],
          [
            -98.701249,
            30.397789
          ],
          [
            -98.701446,
            30.398287
          ],
          [
            -98.701452,
            30.398639
          ],
          [
            -98.701458,
            30.400254
          ],
          [
            -98.701459,
            30.400691
          ],
          [
            -98.701461,
            30.400805
          ],
          [
            -98.701459,
            30.400714
          ],
          [
            -98.704134,
            30.400715
          ],
          [
            -98.704778,
            30.400738
          ],
          [
            -98.704954,
            30.400757
          ],
          [
            -98.705326,
            30.400836
          ],
          [
            -98.70611,
            30.401066
          ],
          [
            -98.706353,
            30.401123
          ],
          [
            -98.706536,
            30.401162
          ],
          [
            -98.706733,
            30.401184
          ],
          [
            -98.706991,
            30.401205
          ],
          [
            -98.708035,
            30.401216
          ],
          [
            -98.708303,
            30.401212
          ],
          [
            -98.709454,
            30.401212
          ],
          [
            -98.710779,
            30.401211
          ],
          [
            -98.711252,
            30.40122
          ],
          [
            -98.711589,
            30.40126
          ],
          [
            -98.711912,
            30.401322
          ],
          [
            -98.712211,
            30.401405
          ],
          [
            -98.712477,
            30.401499
          ],
          [
            -98.712761,
            30.401629
          ],
          [
            -98.713114,
            30.401826
          ],
          [
            -98.713312,
            30.401958
          ],
          [
            -98.71378,
            30.402292
          ],
          [
            -98.714093,
            30.402547
          ],
          [
            -98.714363,
            30.402833
          ],
          [
            -98.714513,
            30.403039
          ],
          [
            -98.714639,
            30.403254
          ],
          [
            -98.714813,
            30.403693
          ],
          [
            -98.714868,
            30.40391
          ],
          [
            -98.714887,
            30.404121
          ],
          [
            -98.71491,
            30.404897
          ],
          [
            -98.714943,
            30.407159
          ],
          [
            -98.714968,
            30.408166
          ],
          [
            -98.714952,
            30.409499
          ],
          [
            -98.714962,
            30.409909
          ],
          [
            -98.714967,
            30.410096
          ],
          [
            -98.714988,
            30.410252
          ],
          [
            -98.715042,
            30.410434
          ],
          [
            -98.715104,
            30.410574
          ],
          [
            -98.715198,
            30.410745
          ],
          [
            -98.715309,
            30.410887
          ],
          [
            -98.715417,
            30.411007
          ],
          [
            -98.715569,
            30.411135
          ],
          [
            -98.71579,
            30.411276
          ],
          [
            -98.715932,
            30.411349
          ],
          [
            -98.716081,
            30.411412
          ],
          [
            -98.716343,
            30.411486
          ],
          [
            -98.716503,
            30.411514
          ],
          [
            -98.716782,
            30.411531
          ],
          [
            -98.719396,
            30.411504
          ],
          [
            -98.72196,
            30.411477
          ],
          [
            -98.724436,
            30.411472
          ],
          [
            -98.726253,
            30.41146
          ],
          [
            -98.726553,
            30.411458
          ],
          [
            -98.730238,
            30.411426
          ],
          [
            -98.730544,
            30.411432
          ],
          [
            -98.730853,
            30.411449
          ],
          [
            -98.731196,
            30.411499
          ],
          [
            -98.731355,
            30.411541
          ],
          [
            -98.731464,
            30.411559
          ],
          [
            -98.731703,
            30.411626
          ],
          [
            -98.73204,
            30.411758
          ],
          [
            -98.732808,
            30.412156
          ],
          [
            -98.733023,
            30.412289
          ],
          [
            -98.733746,
            30.412739
          ],
          [
            -98.733974,
            30.412851
          ],
          [
            -98.734269,
            30.412958
          ],
          [
            -98.734767,
            30.413084
          ],
          [
            -98.736034,
            30.413353
          ],
          [
            -98.736648,
            30.413472
          ],
          [
            -98.736648,
            30.413472
          ],
          [
            -98.736571,
            30.406052
          ],
          [
            -98.736564,
            30.40523
          ],
          [
            -98.736577,
            30.404492
          ],
          [
            -98.736664,
            30.404035
          ],
          [
            -98.73678,
            30.403726
          ],
          [
            -98.736788,
            30.403703
          ],
          [
            -98.736987,
            30.403375
          ],
          [
            -98.737683,
            30.402493
          ],
          [
            -98.737908,
            30.402141
          ],
          [
            -98.738074,
            30.4018
          ],
          [
            -98.73821,
            30.401478
          ],
          [
            -98.738376,
            30.401074
          ],
          [
            -98.738658,
            30.400356
          ],
          [
            -98.741124,
            30.394284
          ],
          [
            -98.742077,
            30.391888
          ],
          [
            -98.742381,
            30.391106
          ],
          [
            -98.742821,
            30.389575
          ],
          [
            -98.74411,
            30.385086
          ],
          [
            -98.744387,
            30.384061
          ],
          [
            -98.744621,
            30.383605
          ],
          [
            -98.745131,
            30.382834
          ],
          [
            -98.745349,
            30.382594
          ],
          [
            -98.745762,
            30.382024
          ],
          [
            -98.748265,
            30.378556
          ],
          [
            -98.749125,
            30.377397
          ],
          [
            -98.750274,
            30.375828
          ],
          [
            -98.753612,
            30.37122
          ],
          [
            -98.754335,
            30.370248
          ],
          [
            -98.754736,
            30.369781
          ],
          [
            -98.755213,
            30.369356
          ],
          [
            -98.755716,
            30.369025
          ],
          [
            -98.758728,
            30.367342
          ],
          [
            -98.759473,
            30.366925
          ],
          [
            -98.760229,
            30.366505
          ],
          [
            -98.760598,
            30.366301
          ],
          [
            -98.768608,
            30.362272
          ],
          [
            -98.768847,
            30.362145
          ],
          [
            -98.770414,
            30.361384
          ],
          [
            -98.771742,
            30.360735
          ],
          [
            -98.774681,
            30.359288
          ],
          [
            -98.776136,
            30.358547
          ],
          [
            -98.776928,
            30.358152
          ],
          [
            -98.777302,
            30.357915
          ],
          [
            -98.777652,
            30.357636
          ],
          [
            -98.77798,
            30.357314
          ],
          [
            -98.778324,
            30.356833
          ],
          [
            -98.778498,
            30.356476
          ],
          [
            -98.778612,
            30.356124
          ],
          [
            -98.778944,
            30.355131
          ],
          [
            -98.779325,
            30.354003
          ],
          [
            -98.779535,
            30.353417
          ],
          [
            -98.779742,
            30.353082
          ],
          [
            -98.779964,
            30.352845
          ],
          [
            -98.781567,
            30.351326
          ],
          [
            -98.781929,
            30.350926
          ],
          [
            -98.78261,
            30.349992
          ],
          [
            -98.783035,
            30.349366
          ],
          [
            -98.78374,
            30.348356
          ],
          [
            -98.783968,
            30.348029
          ],
          [
            -98.784478,
            30.347309
          ],
          [
            -98.785372,
            30.346046
          ],
          [
            -98.786011,
            30.34502
          ],
          [
            -98.786527,
            30.344146
          ],
          [
            -98.786963,
            30.343581
          ],
          [
            -98.787175,
            30.343308
          ],
          [
            -98.787345,
            30.343095
          ],
          [
            -98.787646,
            30.342715
          ],
          [
            -98.79068,
            30.338978
          ],
          [
            -98.790894,
            30.338736
          ],
          [
            -98.791112,
            30.338553
          ],
          [
            -98.792587,
            30.337333
          ],
          [
            -98.793925,
            30.336248
          ],
          [
            -98.795671,
            30.334831
          ],
          [
            -98.796083,
            30.334376
          ],
          [
            -98.796135,
            30.334296
          ],
          [
            -98.796281,
            30.334057
          ],
          [
            -98.79685,
            30.332654
          ],
          [
            -98.797133,
            30.331933
          ],
          [
            -98.797332,
            30.33153
          ],
          [
            -98.797583,
            30.331155
          ],
          [
            -98.798061,
            30.330506
          ],
          [
            -98.799554,
            30.329215
          ],
          [
            -98.800485,
            30.32842
          ],
          [
            -98.801014,
            30.327942
          ],
          [
            -98.804647,
            30.324855
          ],
          [
            -98.805643,
            30.323954
          ],
          [
            -98.806231,
            30.323333
          ],
          [
            -98.806815,
            30.322534
          ],
          [
            -98.807286,
            30.32188
          ],
          [
            -98.807458,
            30.321642
          ],
          [
            -98.807626,
            30.321419
          ],
          [
            -98.807889,
            30.321007
          ],
          [
            -98.808878,
            30.319597
          ],
          [
            -98.809734,
            30.31845
          ],
          [
            -98.810433,
            30.317441
          ],
          [
            -98.813212,
            30.313425
          ],
          [
            -98.814339,
            30.311967
          ],
          [
            -98.816092,
            30.309785
          ],
          [
            -98.817159,
            30.308502
          ],
          [
            -98.817403,
            30.308278
          ],
          [
            -98.818798,
            30.307173
          ],
          [
            -98.819189,
            30.306866
          ],
          [
            -98.81994,
            30.306203
          ],
          [
            -98.820453,
            30.305623
          ],
          [
            -98.821,
            30.304985
          ],
          [
            -98.821889,
            30.303922
          ],
          [
            -98.822176,
            30.30356
          ],
          [
            -98.822352,
            30.303285
          ],
          [
            -98.822552,
            30.302957
          ],
          [
            -98.823528,
            30.300843
          ],
          [
            -98.823833,
            30.300378
          ],
          [
            -98.824195,
            30.299904
          ],
          [
            -98.824555,
            30.299589
          ],
          [
            -98.825001,
            30.299264
          ],
          [
            -98.828147,
            30.297414
          ],
          [
            -98.829,
            30.296893
          ],
          [
            -98.829112,
            30.296827
          ],
          [
            -98.831313,
            30.295529
          ],
          [
            -98.83206,
            30.295181
          ],
          [
            -98.833265,
            30.294678
          ],
          [
            -98.834383,
            30.294213
          ],
          [
            -98.834785,
            30.294024
          ],
          [
            -98.835043,
            30.293902
          ],
          [
            -98.836117,
            30.293248
          ],
          [
            -98.83729,
            30.292457
          ],
          [
            -98.838444,
            30.291875
          ],
          [
            -98.839022,
            30.291606
          ],
          [
            -98.840038,
            30.291189
          ],
          [
            -98.840122,
            30.291155
          ],
          [
            -98.84017,
            30.291135
          ],
          [
            -98.840916,
            30.290829
          ],
          [
            -98.8422,
            30.290276
          ],
          [
            -98.844569,
            30.289271
          ],
          [
            -98.846738,
            30.28832
          ],
          [
            -98.847942,
            30.287807
          ],
          [
            -98.848776,
            30.287502
          ],
          [
            -98.849351,
            30.287277
          ],
          [
            -98.850365,
            30.286809
          ],
          [
            -98.850736,
            30.286699
          ],
          [
            -98.851177,
            30.286557
          ],
          [
            -98.852775,
            30.286168
          ],
          [
            -98.854111,
            30.285837
          ],
          [
            -98.854298,
            30.285791
          ],
          [
            -98.854692,
            30.285693
          ],
          [
            -98.854985,
            30.28562
          ],
          [
            -98.855896,
            30.285395
          ],
          [
            -98.858105,
            30.284891
          ],
          [
            -98.858968,
            30.28469
          ],
          [
            -98.859557,
            30.284536
          ],
          [
            -98.860318,
            30.284226
          ],
          [
            -98.860464,
            30.284144
          ],
          [
            -98.860694,
            30.284016
          ],
          [
            -98.86103,
            30.283782
          ],
          [
            -98.861539,
            30.283377
          ],
          [
            -98.861917,
            30.282999
          ],
          [
            -98.862581,
            30.2823
          ],
          [
            -98.862778,
            30.282093
          ],
          [
            -98.863623,
            30.281216
          ],
          [
            -98.864512,
            30.280286
          ],
          [
            -98.865363,
            30.279356
          ],
          [
            -98.865818,
            30.278874
          ],
          [
            -98.866239,
            30.278428
          ],
          [
            -98.867096,
            30.277495
          ],
          [
            -98.868013,
            30.276538
          ],
          [
            -98.868309,
            30.276758
          ],
          [
            -98.86855,
            30.276932
          ],
          [
            -98.868966,
            30.277233
          ],
          [
            -98.86972,
            30.277754
          ],
          [
            -98.87025,
            30.277206
          ],
          [
            -98.870366,
            30.277086
          ],
          [
            -98.87058,
            30.276865
          ],
          [
            -98.870724,
            30.276716
          ],
          [
            -98.871175,
            30.27625
          ],
          [
            -98.871251,
            30.276171
          ],
          [
            -98.871334,
            30.276086
          ],
          [
            -98.871845,
            30.275557
          ],
          [
            -98.872187,
            30.275204
          ],
          [
            -98.872296,
            30.275091
          ],
          [
            -98.872162,
            30.274995
          ],
          [
            -98.872069,
            30.274928
          ],
          [
            -98.870677,
            30.273934
          ],
          [
            -98.870592,
            30.273873
          ],
          [
            -98.870502,
            30.273808
          ],
          [
            -98.869006,
            30.272724
          ],
          [
            -98.868941,
            30.272677
          ],
          [
            -98.868848,
            30.272611
          ],
          [
            -98.867861,
            30.271905
          ],
          [
            -98.867361,
            30.271548
          ],
          [
            -98.867279,
            30.27149
          ],
          [
            -98.867183,
            30.271423
          ],
          [
            -98.86617,
            30.270715
          ],
          [
            -98.865985,
            30.270584
          ],
          [
            -98.865705,
            30.270388
          ],
          [
            -98.865629,
            30.270335
          ],
          [
            -98.865531,
            30.270268
          ],
          [
            -98.865269,
            30.270089
          ],
          [
            -98.86509,
            30.269967
          ],
          [
            -98.864974,
            30.269888
          ],
          [
            -98.864704,
            30.269703
          ],
          [
            -98.864414,
            30.269505
          ],
          [
            -98.864228,
            30.269378
          ],
          [
            -98.863914,
            30.269163
          ],
          [
            -98.863447,
            30.268831
          ],
          [
            -98.863264,
            30.268702
          ],
          [
            -98.862943,
            30.268474
          ],
          [
            -98.862887,
            30.268433
          ],
          [
            -98.862746,
            30.268333
          ],
          [
            -98.862353,
            30.268054
          ],
          [
            -98.861754,
            30.267635
          ],
          [
            -98.86116,
            30.267224
          ],
          [
            -98.86035,
            30.266654
          ],
          [
            -98.860271,
            30.266598
          ],
          [
            -98.85941,
            30.265992
          ],
          [
            -98.858509,
            30.265354
          ],
          [
            -98.858294,
            30.265206
          ],
          [
            -98.858156,
            30.265109
          ],
          [
            -98.857975,
            30.264985
          ],
          [
            -98.857572,
            30.264686
          ],
          [
            -98.857394,
            30.264503
          ],
          [
            -98.857381,
            30.264485
          ],
          [
            -98.85727,
            30.264329
          ],
          [
            -98.857211,
            30.264207
          ],
          [
            -98.857175,
            30.264132
          ],
          [
            -98.857145,
            30.264053
          ],
          [
            -98.857061,
            30.263839
          ],
          [
            -98.857009,
            30.263682
          ],
          [
            -98.856937,
            30.263461
          ],
          [
            -98.856859,
            30.263223
          ],
          [
            -98.856845,
            30.263181
          ],
          [
            -98.856735,
            30.262881
          ],
          [
            -98.856465,
            30.262064
          ],
          [
            -98.856336,
            30.261674
          ],
          [
            -98.856306,
            30.261584
          ],
          [
            -98.856279,
            30.261505
          ],
          [
            -98.856187,
            30.261228
          ],
          [
            -98.856053,
            30.260825
          ],
          [
            -98.855965,
            30.260626
          ],
          [
            -98.855835,
            30.260368
          ],
          [
            -98.855768,
            30.260271
          ],
          [
            -98.855691,
            30.260159
          ],
          [
            -98.855626,
            30.260074
          ],
          [
            -98.855557,
            30.259983
          ],
          [
            -98.855399,
            30.259811
          ],
          [
            -98.855308,
            30.259712
          ],
          [
            -98.854997,
            30.259455
          ],
          [
            -98.854527,
            30.259123
          ],
          [
            -98.854402,
            30.25904
          ],
          [
            -98.853922,
            30.258717
          ],
          [
            -98.853894,
            30.258698
          ],
          [
            -98.85306,
            30.258138
          ],
          [
            -98.85299,
            30.258091
          ],
          [
            -98.852655,
            30.257866
          ],
          [
            -98.85159,
            30.257163
          ],
          [
            -98.851137,
            30.256864
          ],
          [
            -98.85066,
            30.25648
          ],
          [
            -98.850222,
            30.256063
          ],
          [
            -98.84997,
            30.255753
          ],
          [
            -98.849739,
            30.255436
          ],
          [
            -98.849587,
            30.255187
          ],
          [
            -98.849506,
            30.255056
          ],
          [
            -98.849325,
            30.254683
          ],
          [
            -98.84925,
            30.254499
          ],
          [
            -98.848988,
            30.253718
          ],
          [
            -98.848955,
            30.25362
          ],
          [
            -98.848534,
            30.25238
          ],
          [
            -98.848024,
            30.250878
          ],
          [
            -98.847871,
            30.250478
          ],
          [
            -98.847735,
            30.250009
          ],
          [
            -98.847669,
            30.249779
          ],
          [
            -98.847604,
            30.249557
          ],
          [
            -98.847588,
            30.249499
          ],
          [
            -98.847516,
            30.24925
          ],
          [
            -98.847268,
            30.248543
          ],
          [
            -98.847131,
            30.24812
          ],
          [
            -98.847021,
            30.247759
          ],
          [
            -98.846997,
            30.247679
          ],
          [
            -98.846986,
            30.247643
          ],
          [
            -98.846971,
            30.247597
          ],
          [
            -98.846726,
            30.246857
          ],
          [
            -98.846596,
            30.246537
          ],
          [
            -98.846441,
            30.246221
          ],
          [
            -98.84627,
            30.245948
          ],
          [
            -98.846065,
            30.245656
          ],
          [
            -98.845839,
            30.245394
          ],
          [
            -98.845177,
            30.244668
          ],
          [
            -98.844161,
            30.243523
          ],
          [
            -98.843375,
            30.242637
          ],
          [
            -98.843087,
            30.242304
          ],
          [
            -98.842463,
            30.241581
          ],
          [
            -98.841873,
            30.240997
          ],
          [
            -98.841176,
            30.24043
          ],
          [
            -98.841146,
            30.240411
          ],
          [
            -98.840134,
            30.239767
          ],
          [
            -98.839438,
            30.239325
          ],
          [
            -98.838623,
            30.238807
          ],
          [
            -98.837748,
            30.238251
          ],
          [
            -98.834885,
            30.236485
          ],
          [
            -98.833132,
            30.235379
          ],
          [
            -98.832812,
            30.235176
          ],
          [
            -98.830529,
            30.233732
          ],
          [
            -98.83008,
            30.233448
          ],
          [
            -98.829514,
            30.23309
          ],
          [
            -98.827619,
            30.231834
          ],
          [
            -98.827261,
            30.231597
          ],
          [
            -98.822954,
            30.22875
          ],
          [
            -98.822511,
            30.228495
          ],
          [
            -98.822242,
            30.228349
          ],
          [
            -98.821766,
            30.228123
          ],
          [
            -98.821224,
            30.227924
          ],
          [
            -98.820686,
            30.227764
          ],
          [
            -98.819895,
            30.227582
          ],
          [
            -98.817182,
            30.226992
          ],
          [
            -98.8164,
            30.226821
          ],
          [
            -98.813888,
            30.22627
          ],
          [
            -98.812947,
            30.226064
          ],
          [
            -98.810901,
            30.225631
          ],
          [
            -98.810109,
            30.225501
          ],
          [
            -98.809247,
            30.225424
          ],
          [
            -98.808321,
            30.225391
          ],
          [
            -98.807459,
            30.225363
          ],
          [
            -98.806929,
            30.225345
          ],
          [
            -98.804801,
            30.225276
          ],
          [
            -98.804485,
            30.225265
          ],
          [
            -98.804084,
            30.225252
          ],
          [
            -98.803547,
            30.225237
          ],
          [
            -98.800425,
            30.225144
          ],
          [
            -98.798872,
            30.225099
          ],
          [
            -98.798468,
            30.225083
          ],
          [
            -98.798165,
            30.225072
          ],
          [
            -98.796512,
            30.225007
          ],
          [
            -98.796279,
            30.22499
          ],
          [
            -98.795407,
            30.224914
          ],
          [
            -98.793572,
            30.224737
          ],
          [
            -98.790566,
            30.224417
          ],
          [
            -98.790248,
            30.224383
          ],
          [
            -98.790115,
            30.224369
          ],
          [
            -98.785896,
            30.223879
          ],
          [
            -98.781416,
            30.223366
          ],
          [
            -98.778305,
            30.223023
          ],
          [
            -98.777146,
            30.2228
          ],
          [
            -98.776181,
            30.222587
          ],
          [
            -98.772705,
            30.221864
          ],
          [
            -98.770741,
            30.22166
          ],
          [
            -98.767902,
            30.221433
          ],
          [
            -98.767779,
            30.221423
          ],
          [
            -98.766608,
            30.22133
          ],
          [
            -98.766568,
            30.221326
          ],
          [
            -98.763272,
            30.221054
          ],
          [
            -98.761988,
            30.220949
          ],
          [
            -98.761648,
            30.220917
          ],
          [
            -98.760034,
            30.220807
          ],
          [
            -98.760042,
            30.220491
          ],
          [
            -98.760049,
            30.220194
          ],
          [
            -98.76005,
            30.22016
          ],
          [
            -98.76007,
            30.219324
          ],
          [
            -98.760215,
            30.213472
          ],
          [
            -98.759951,
            30.212991
          ],
          [
            -98.758948,
            30.21228
          ],
          [
            -98.758685,
            30.211707
          ],
          [
            -98.7585,
            30.210744
          ],
          [
            -98.758342,
            30.210377
          ],
          [
            -98.757709,
            30.209758
          ],
          [
            -98.757618,
            30.209712
          ],
          [
            -98.756812,
            30.209299
          ],
          [
            -98.755809,
            30.208451
          ],
          [
            -98.754965,
            30.207328
          ],
          [
            -98.75486,
            30.207053
          ],
          [
            -98.754863,
            30.206989
          ],
          [
            -98.754866,
            30.206913
          ],
          [
            -98.754887,
            30.206434
          ],
          [
            -98.755494,
            30.205609
          ],
          [
            -98.755626,
            30.205265
          ],
          [
            -98.755627,
            30.204761
          ],
          [
            -98.755126,
            30.203019
          ],
          [
            -98.754915,
            30.202698
          ],
          [
            -98.753698,
            30.200351
          ],
          [
            -98.753809,
            30.199694
          ],
          [
            -98.753888,
            30.199167
          ],
          [
            -98.754443,
            30.1977
          ],
          [
            -98.75447,
            30.196669
          ],
          [
            -98.75455,
            30.196554
          ],
          [
            -98.754577,
            30.195477
          ],
          [
            -98.754682,
            30.195225
          ],
          [
            -98.75492,
            30.195041
          ],
          [
            -98.756134,
            30.194744
          ],
          [
            -98.756504,
            30.19385
          ],
          [
            -98.756483,
            30.183674
          ],
          [
            -98.756408,
            30.183054
          ],
          [
            -98.756352,
            30.182596
          ],
          [
            -98.756489,
            30.181247
          ],
          [
            -98.756015,
            30.181072
          ],
          [
            -98.755823,
            30.180999
          ],
          [
            -98.754809,
            30.180616
          ],
          [
            -98.754685,
            30.180569
          ],
          [
            -98.75373,
            30.180227
          ],
          [
            -98.752791,
            30.179908
          ],
          [
            -98.752206,
            30.179752
          ],
          [
            -98.751758,
            30.17964
          ],
          [
            -98.751285,
            30.17954
          ],
          [
            -98.750999,
            30.17948
          ],
          [
            -98.749484,
            30.179165
          ],
          [
            -98.749174,
            30.179086
          ],
          [
            -98.748866,
            30.178984
          ],
          [
            -98.748371,
            30.178761
          ],
          [
            -98.748008,
            30.178537
          ],
          [
            -98.747677,
            30.178276
          ],
          [
            -98.74753,
            30.178126
          ],
          [
            -98.747186,
            30.177723
          ],
          [
            -98.746956,
            30.177379
          ],
          [
            -98.746222,
            30.176258
          ],
          [
            -98.745663,
            30.175423
          ],
          [
            -98.745446,
            30.175083
          ],
          [
            -98.744183,
            30.173111
          ],
          [
            -98.743992,
            30.172819
          ],
          [
            -98.743343,
            30.171826
          ],
          [
            -98.743193,
            30.171574
          ],
          [
            -98.743082,
            30.171365
          ],
          [
            -98.74288,
            30.170884
          ],
          [
            -98.742819,
            30.170728
          ],
          [
            -98.742756,
            30.170517
          ],
          [
            -98.742658,
            30.17014
          ],
          [
            -98.742624,
            30.169899
          ],
          [
            -98.742599,
            30.169589
          ],
          [
            -98.742463,
            30.166321
          ],
          [
            -98.742411,
            30.164882
          ],
          [
            -98.742368,
            30.163708
          ],
          [
            -98.74233,
            30.163362
          ],
          [
            -98.742321,
            30.163243
          ],
          [
            -98.740769,
            30.163272
          ],
          [
            -98.736639,
            30.163318
          ],
          [
            -98.735984,
            30.16334
          ],
          [
            -98.735629,
            30.163373
          ],
          [
            -98.735294,
            30.163424
          ],
          [
            -98.733149,
            30.163811
          ],
          [
            -98.732548,
            30.163862
          ],
          [
            -98.731784,
            30.163858
          ],
          [
            -98.729476,
            30.163778
          ],
          [
            -98.729066,
            30.163746
          ],
          [
            -98.728753,
            30.163713
          ],
          [
            -98.728463,
            30.163647
          ],
          [
            -98.728059,
            30.163525
          ],
          [
            -98.727675,
            30.163368
          ],
          [
            -98.727427,
            30.16324
          ],
          [
            -98.727186,
            30.163086
          ],
          [
            -98.726854,
            30.162826
          ],
          [
            -98.726624,
            30.162608
          ],
          [
            -98.726428,
            30.162385
          ],
          [
            -98.724356,
            30.159918
          ],
          [
            -98.72368,
            30.159118
          ],
          [
            -98.72328,
            30.15868
          ],
          [
            -98.723057,
            30.158476
          ],
          [
            -98.722804,
            30.158289
          ],
          [
            -98.722387,
            30.158043
          ],
          [
            -98.722087,
            30.157902
          ],
          [
            -98.721773,
            30.157786
          ],
          [
            -98.721452,
            30.157702
          ],
          [
            -98.721126,
            30.157646
          ],
          [
            -98.720789,
            30.157608
          ],
          [
            -98.714708,
            30.157534
          ],
          [
            -98.714391,
            30.157516
          ],
          [
            -98.714143,
            30.157492
          ],
          [
            -98.713834,
            30.157447
          ],
          [
            -98.713476,
            30.157373
          ],
          [
            -98.713194,
            30.157307
          ],
          [
            -98.712893,
            30.157207
          ],
          [
            -98.712549,
            30.157089
          ],
          [
            -98.711146,
            30.156517
          ],
          [
            -98.71028,
            30.156176
          ],
          [
            -98.707909,
            30.155186
          ],
          [
            -98.707549,
            30.155031
          ],
          [
            -98.707141,
            30.154823
          ],
          [
            -98.706784,
            30.154626
          ],
          [
            -98.706421,
            30.154404
          ],
          [
            -98.706145,
            30.154217
          ],
          [
            -98.705858,
            30.154008
          ],
          [
            -98.705438,
            30.153667
          ],
          [
            -98.704233,
            30.152634
          ],
          [
            -98.703891,
            30.152367
          ],
          [
            -98.703416,
            30.152062
          ],
          [
            -98.702917,
            30.151817
          ],
          [
            -98.702521,
            30.15167
          ],
          [
            -98.702111,
            30.151562
          ],
          [
            -98.701826,
            30.151506
          ],
          [
            -98.701388,
            30.151452
          ],
          [
            -98.699213,
            30.151221
          ],
          [
            -98.698778,
            30.151156
          ],
          [
            -98.698469,
            30.151089
          ],
          [
            -98.698206,
            30.151008
          ],
          [
            -98.697991,
            30.15093
          ],
          [
            -98.697824,
            30.150856
          ],
          [
            -98.697561,
            30.150722
          ],
          [
            -98.697343,
            30.150593
          ],
          [
            -98.697136,
            30.150454
          ],
          [
            -98.696936,
            30.150292
          ],
          [
            -98.696829,
            30.150186
          ],
          [
            -98.696692,
            30.150051
          ],
          [
            -98.696538,
            30.149867
          ],
          [
            -98.696398,
            30.149681
          ],
          [
            -98.696282,
            30.149489
          ],
          [
            -98.695323,
            30.147729
          ],
          [
            -98.694817,
            30.146794
          ],
          [
            -98.694572,
            30.146304
          ],
          [
            -98.694386,
            30.145906
          ],
          [
            -98.69404,
            30.14505
          ],
          [
            -98.693559,
            30.143726
          ],
          [
            -98.693052,
            30.142279
          ],
          [
            -98.692885,
            30.141854
          ],
          [
            -98.692731,
            30.141552
          ],
          [
            -98.692438,
            30.141071
          ],
          [
            -98.692097,
            30.140632
          ],
          [
            -98.690636,
            30.139069
          ],
          [
            -98.690174,
            30.138584
          ],
          [
            -98.689938,
            30.138322
          ],
          [
            -98.68959,
            30.137953
          ],
          [
            -98.688577,
            30.136867
          ],
          [
            -98.688328,
            30.136647
          ],
          [
            -98.688145,
            30.136508
          ],
          [
            -98.687846,
            30.136312
          ],
          [
            -98.687631,
            30.136189
          ],
          [
            -98.687393,
            30.136079
          ],
          [
            -98.687003,
            30.135932
          ],
          [
            -98.680806,
            30.133767
          ],
          [
            -98.680271,
            30.133562
          ],
          [
            -98.679728,
            30.133313
          ],
          [
            -98.679069,
            30.132961
          ],
          [
            -98.67645,
            30.131471
          ],
          [
            -98.675919,
            30.131133
          ],
          [
            -98.675604,
            30.130893
          ],
          [
            -98.675277,
            30.130609
          ],
          [
            -98.675056,
            30.130394
          ],
          [
            -98.674839,
            30.130152
          ],
          [
            -98.674736,
            30.130022
          ],
          [
            -98.674627,
            30.129885
          ],
          [
            -98.671888,
            30.126162
          ],
          [
            -98.671504,
            30.125719
          ],
          [
            -98.671086,
            30.12532
          ],
          [
            -98.670778,
            30.125079
          ],
          [
            -98.670447,
            30.12485
          ],
          [
            -98.668964,
            30.123957
          ],
          [
            -98.668258,
            30.123506
          ],
          [
            -98.667715,
            30.123132
          ],
          [
            -98.667605,
            30.123021
          ],
          [
            -98.665646,
            30.121467
          ],
          [
            -98.664827,
            30.120911
          ],
          [
            -98.664339,
            30.120631
          ],
          [
            -98.662343,
            30.119605
          ],
          [
            -98.661987,
            30.119402
          ],
          [
            -98.661476,
            30.119063
          ],
          [
            -98.661002,
            30.118707
          ],
          [
            -98.660579,
            30.118336
          ],
          [
            -98.659528,
            30.117367
          ],
          [
            -98.657354,
            30.115266
          ],
          [
            -98.656931,
            30.114881
          ],
          [
            -98.656637,
            30.114661
          ],
          [
            -98.65628,
            30.114453
          ],
          [
            -98.655969,
            30.114309
          ],
          [
            -98.655669,
            30.114193
          ],
          [
            -98.655486,
            30.11414
          ],
          [
            -98.655058,
            30.114065
          ],
          [
            -98.654968,
            30.114049
          ],
          [
            -98.654569,
            30.114017
          ],
          [
            -98.652473,
            30.114064
          ],
          [
            -98.651572,
            30.114084
          ],
          [
            -98.651214,
            30.114076
          ],
          [
            -98.650861,
            30.114048
          ],
          [
            -98.650334,
            30.113968
          ],
          [
            -98.650104,
            30.113916
          ],
          [
            -98.649806,
            30.113849
          ],
          [
            -98.649513,
            30.11376
          ],
          [
            -98.648592,
            30.113482
          ],
          [
            -98.648078,
            30.113352
          ],
          [
            -98.647914,
            30.113318
          ],
          [
            -98.647774,
            30.113288
          ],
          [
            -98.647529,
            30.113273
          ],
          [
            -98.647152,
            30.113253
          ],
          [
            -98.646586,
            30.113274
          ],
          [
            -98.646212,
            30.11332
          ],
          [
            -98.645972,
            30.113368
          ],
          [
            -98.645838,
            30.113395
          ],
          [
            -98.644167,
            30.113797
          ],
          [
            -98.643718,
            30.113867
          ],
          [
            -98.643309,
            30.113908
          ],
          [
            -98.642867,
            30.113927
          ],
          [
            -98.642363,
            30.113924
          ],
          [
            -98.642317,
            30.113923
          ],
          [
            -98.641351,
            30.113882
          ],
          [
            -98.64074,
            30.11387
          ],
          [
            -98.638519,
            30.113829
          ],
          [
            -98.638222,
            30.113803
          ],
          [
            -98.637778,
            30.11373
          ],
          [
            -98.637327,
            30.113629
          ],
          [
            -98.636861,
            30.113496
          ],
          [
            -98.63511,
            30.112845
          ],
          [
            -98.632811,
            30.11199
          ],
          [
            -98.632332,
            30.111859
          ],
          [
            -98.631994,
            30.111807
          ],
          [
            -98.631642,
            30.111784
          ],
          [
            -98.631158,
            30.111782
          ],
          [
            -98.630712,
            30.111792
          ],
          [
            -98.626593,
            30.111983
          ],
          [
            -98.625819,
            30.112024
          ],
          [
            -98.625187,
            30.112018
          ],
          [
            -98.624858,
            30.111971
          ],
          [
            -98.624519,
            30.111899
          ],
          [
            -98.623786,
            30.111712
          ],
          [
            -98.623141,
            30.111547
          ],
          [
            -98.622786,
            30.111456
          ],
          [
            -98.622148,
            30.111293
          ],
          [
            -98.62148,
            30.111144
          ],
          [
            -98.620744,
            30.111027
          ],
          [
            -98.620047,
            30.110913
          ],
          [
            -98.617934,
            30.11058
          ],
          [
            -98.617455,
            30.110514
          ],
          [
            -98.6173,
            30.110502
          ],
          [
            -98.616986,
            30.110477
          ],
          [
            -98.616641,
            30.110474
          ],
          [
            -98.616529,
            30.110473
          ],
          [
            -98.616291,
            30.110492
          ],
          [
            -98.615935,
            30.110519
          ],
          [
            -98.615475,
            30.110589
          ],
          [
            -98.614786,
            30.110738
          ],
          [
            -98.614186,
            30.110841
          ],
          [
            -98.613659,
            30.11091
          ],
          [
            -98.613109,
            30.11093
          ],
          [
            -98.612557,
            30.110888
          ],
          [
            -98.612193,
            30.110828
          ],
          [
            -98.611828,
            30.110741
          ],
          [
            -98.609282,
            30.110035
          ],
          [
            -98.60839,
            30.109788
          ],
          [
            -98.605586,
            30.109011
          ],
          [
            -98.604461,
            30.108712
          ],
          [
            -98.602945,
            30.10831
          ],
          [
            -98.600681,
            30.10769
          ],
          [
            -98.599333,
            30.107338
          ],
          [
            -98.59881,
            30.107239
          ],
          [
            -98.598264,
            30.107157
          ],
          [
            -98.592076,
            30.106311
          ],
          [
            -98.590602,
            30.106067
          ],
          [
            -98.586859,
            30.105399
          ],
          [
            -98.586518,
            30.105328
          ],
          [
            -98.58584,
            30.105147
          ],
          [
            -98.584543,
            30.104764
          ],
          [
            -98.581974,
            30.104005
          ],
          [
            -98.581661,
            30.103929
          ],
          [
            -98.581346,
            30.103876
          ],
          [
            -98.581035,
            30.103855
          ],
          [
            -98.580874,
            30.103844
          ],
          [
            -98.580396,
            30.103864
          ],
          [
            -98.579928,
            30.103936
          ],
          [
            -98.579483,
            30.104063
          ],
          [
            -98.578763,
            30.104377
          ],
          [
            -98.578,
            30.104758
          ],
          [
            -98.576526,
            30.105492
          ],
          [
            -98.576005,
            30.105762
          ],
          [
            -98.575224,
            30.106153
          ],
          [
            -98.574523,
            30.10649
          ],
          [
            -98.574146,
            30.106606
          ],
          [
            -98.573901,
            30.106659
          ],
          [
            -98.573783,
            30.106679
          ],
          [
            -98.573567,
            30.106713
          ],
          [
            -98.5733,
            30.106731
          ],
          [
            -98.572993,
            30.106729
          ],
          [
            -98.572616,
            30.106708
          ],
          [
            -98.572192,
            30.106634
          ],
          [
            -98.571894,
            30.106557
          ],
          [
            -98.571479,
            30.106404
          ],
          [
            -98.570884,
            30.106096
          ],
          [
            -98.567068,
            30.103939
          ],
          [
            -98.566629,
            30.103743
          ],
          [
            -98.566155,
            30.103596
          ],
          [
            -98.565636,
            30.103508
          ],
          [
            -98.565083,
            30.103479
          ],
          [
            -98.564176,
            30.103506
          ],
          [
            -98.562562,
            30.103554
          ],
          [
            -98.560126,
            30.103581
          ],
          [
            -98.559589,
            30.103587
          ],
          [
            -98.558099,
            30.103603
          ],
          [
            -98.557201,
            30.103618
          ],
          [
            -98.556905,
            30.103623
          ],
          [
            -98.556603,
            30.103647
          ],
          [
            -98.556305,
            30.10369
          ],
          [
            -98.55601,
            30.103751
          ],
          [
            -98.555685,
            30.103817
          ],
          [
            -98.555319,
            30.103919
          ],
          [
            -98.555296,
            30.103925
          ],
          [
            -98.555057,
            30.10398
          ],
          [
            -98.554814,
            30.104019
          ],
          [
            -98.554569,
            30.10404
          ],
          [
            -98.554323,
            30.104046
          ],
          [
            -98.553316,
            30.104004
          ],
          [
            -98.552955,
            30.103969
          ],
          [
            -98.552897,
            30.103961
          ],
          [
            -98.552656,
            30.103925
          ],
          [
            -98.551749,
            30.103774
          ],
          [
            -98.5515,
            30.103733
          ],
          [
            -98.550922,
            30.103623
          ],
          [
            -98.550613,
            30.103592
          ],
          [
            -98.550301,
            30.103583
          ],
          [
            -98.549991,
            30.103597
          ],
          [
            -98.549682,
            30.103632
          ],
          [
            -98.549498,
            30.103664
          ],
          [
            -98.548827,
            30.103804
          ],
          [
            -98.547152,
            30.104169
          ],
          [
            -98.547097,
            30.104177
          ],
          [
            -98.546843,
            30.104216
          ],
          [
            -98.546532,
            30.104241
          ],
          [
            -98.546448,
            30.104242
          ],
          [
            -98.546219,
            30.104245
          ],
          [
            -98.545906,
            30.104226
          ],
          [
            -98.545651,
            30.104194
          ],
          [
            -98.545597,
            30.104187
          ],
          [
            -98.544893,
            30.104031
          ],
          [
            -98.544655,
            30.103993
          ],
          [
            -98.544413,
            30.103969
          ],
          [
            -98.54417,
            30.103961
          ],
          [
            -98.543928,
            30.103968
          ],
          [
            -98.543271,
            30.104014
          ],
          [
            -98.542999,
            30.104034
          ],
          [
            -98.542639,
            30.104053
          ],
          [
            -98.542262,
            30.104053
          ],
          [
            -98.541885,
            30.104033
          ],
          [
            -98.540464,
            30.10388
          ],
          [
            -98.539131,
            30.10374
          ],
          [
            -98.539092,
            30.103736
          ],
          [
            -98.538215,
            30.103643
          ],
          [
            -98.537447,
            30.103572
          ],
          [
            -98.537205,
            30.103564
          ],
          [
            -98.537065,
            30.10357
          ],
          [
            -98.536963,
            30.103575
          ],
          [
            -98.536724,
            30.103604
          ],
          [
            -98.536429,
            30.103662
          ],
          [
            -98.536142,
            30.103737
          ],
          [
            -98.535862,
            30.103833
          ],
          [
            -98.535593,
            30.103948
          ],
          [
            -98.535227,
            30.104116
          ],
          [
            -98.534821,
            30.104301
          ],
          [
            -98.534756,
            30.104326
          ],
          [
            -98.534474,
            30.104427
          ],
          [
            -98.534182,
            30.104507
          ],
          [
            -98.533885,
            30.104565
          ],
          [
            -98.533582,
            30.104602
          ],
          [
            -98.533274,
            30.104619
          ],
          [
            -98.533024,
            30.104616
          ],
          [
            -98.532774,
            30.104599
          ],
          [
            -98.532527,
            30.104566
          ],
          [
            -98.532283,
            30.104517
          ],
          [
            -98.532044,
            30.104454
          ],
          [
            -98.531919,
            30.104414
          ],
          [
            -98.531418,
            30.104223
          ],
          [
            -98.531235,
            30.104158
          ],
          [
            -98.530594,
            30.103929
          ],
          [
            -98.530443,
            30.103868
          ],
          [
            -98.530046,
            30.103684
          ],
          [
            -98.529901,
            30.103601
          ],
          [
            -98.529503,
            30.103337
          ],
          [
            -98.529366,
            30.103233
          ],
          [
            -98.529014,
            30.102985
          ],
          [
            -98.528797,
            30.102833
          ],
          [
            -98.528647,
            30.10274
          ],
          [
            -98.528428,
            30.102625
          ],
          [
            -98.528225,
            30.102529
          ],
          [
            -98.528037,
            30.102453
          ],
          [
            -98.527864,
            30.102396
          ],
          [
            -98.527666,
            30.10234
          ],
          [
            -98.527456,
            30.102291
          ],
          [
            -98.527264,
            30.102254
          ],
          [
            -98.527066,
            30.10223
          ],
          [
            -98.526884,
            30.102216
          ],
          [
            -98.526575,
            30.102201
          ],
          [
            -98.526372,
            30.102204
          ],
          [
            -98.52619,
            30.102219
          ],
          [
            -98.525989,
            30.102248
          ],
          [
            -98.525666,
            30.102311
          ],
          [
            -98.524887,
            30.102501
          ],
          [
            -98.524211,
            30.102648
          ],
          [
            -98.523687,
            30.102762
          ],
          [
            -98.521634,
            30.10321
          ],
          [
            -98.521361,
            30.103268
          ],
          [
            -98.521061,
            30.103339
          ],
          [
            -98.520756,
            30.103389
          ],
          [
            -98.520523,
            30.103411
          ],
          [
            -98.520448,
            30.103418
          ],
          [
            -98.520013,
            30.103433
          ],
          [
            -98.519761,
            30.103425
          ],
          [
            -98.51951,
            30.1034
          ],
          [
            -98.519263,
            30.103357
          ],
          [
            -98.519142,
            30.103328
          ],
          [
            -98.519019,
            30.103298
          ],
          [
            -98.518782,
            30.103222
          ],
          [
            -98.518553,
            30.10313
          ],
          [
            -98.517837,
            30.102788
          ],
          [
            -98.517327,
            30.102544
          ],
          [
            -98.517044,
            30.102427
          ],
          [
            -98.516754,
            30.102326
          ],
          [
            -98.516599,
            30.10228
          ],
          [
            -98.516458,
            30.102238
          ],
          [
            -98.516226,
            30.102183
          ],
          [
            -98.516157,
            30.102166
          ],
          [
            -98.515912,
            30.102119
          ],
          [
            -98.514519,
            30.101953
          ],
          [
            -98.514267,
            30.101938
          ],
          [
            -98.514014,
            30.10194
          ],
          [
            -98.513988,
            30.101942
          ],
          [
            -98.513762,
            30.10196
          ],
          [
            -98.513514,
            30.101996
          ],
          [
            -98.513445,
            30.102011
          ],
          [
            -98.513414,
            30.102017
          ],
          [
            -98.513269,
            30.102048
          ],
          [
            -98.513088,
            30.102099
          ],
          [
            -98.512657,
            30.102245
          ],
          [
            -98.512278,
            30.102373
          ],
          [
            -98.510954,
            30.102878
          ],
          [
            -98.510857,
            30.102915
          ],
          [
            -98.50993,
            30.103198
          ],
          [
            -98.508936,
            30.103505
          ],
          [
            -98.506693,
            30.104239
          ],
          [
            -98.506419,
            30.104328
          ],
          [
            -98.506061,
            30.10442
          ],
          [
            -98.505856,
            30.104462
          ],
          [
            -98.505697,
            30.104494
          ],
          [
            -98.505329,
            30.104548
          ],
          [
            -98.504958,
            30.104583
          ],
          [
            -98.504646,
            30.104597
          ],
          [
            -98.504267,
            30.104594
          ],
          [
            -98.503954,
            30.104573
          ],
          [
            -98.503889,
            30.104569
          ],
          [
            -98.503514,
            30.104522
          ],
          [
            -98.50262,
            30.10437
          ],
          [
            -98.502368,
            30.104325
          ],
          [
            -98.502221,
            30.104297
          ],
          [
            -98.501588,
            30.104193
          ],
          [
            -98.501459,
            30.104196
          ],
          [
            -98.50133,
            30.103989
          ],
          [
            -98.501027,
            30.103622
          ],
          [
            -98.499963,
            30.102703
          ],
          [
            -98.499827,
            30.10259
          ],
          [
            -98.499677,
            30.102491
          ],
          [
            -98.499518,
            30.102406
          ],
          [
            -98.499348,
            30.102335
          ],
          [
            -98.499171,
            30.102279
          ],
          [
            -98.498989,
            30.10224
          ],
          [
            -98.498803,
            30.102218
          ],
          [
            -98.498615,
            30.102212
          ],
          [
            -98.498427,
            30.102224
          ],
          [
            -98.498242,
            30.102252
          ],
          [
            -98.498061,
            30.102296
          ],
          [
            -98.497482,
            30.102492
          ],
          [
            -98.496737,
            30.102743
          ],
          [
            -98.496447,
            30.102834
          ],
          [
            -98.496153,
            30.102908
          ],
          [
            -98.495854,
            30.102966
          ],
          [
            -98.495552,
            30.103007
          ],
          [
            -98.495302,
            30.103027
          ],
          [
            -98.495246,
            30.103032
          ],
          [
            -98.495177,
            30.10303
          ],
          [
            -98.494711,
            30.103019
          ],
          [
            -98.493985,
            30.103002
          ],
          [
            -98.493492,
            30.102964
          ],
          [
            -98.493005,
            30.102908
          ],
          [
            -98.492521,
            30.102832
          ],
          [
            -98.491073,
            30.102578
          ],
          [
            -98.489914,
            30.102402
          ],
          [
            -98.489609,
            30.102375
          ],
          [
            -98.489304,
            30.102364
          ],
          [
            -98.488999,
            30.102369
          ],
          [
            -98.488694,
            30.10239
          ],
          [
            -98.48828,
            30.102429
          ],
          [
            -98.487907,
            30.102485
          ],
          [
            -98.4876,
            30.102548
          ],
          [
            -98.487237,
            30.102643
          ],
          [
            -98.486942,
            30.102738
          ],
          [
            -98.486826,
            30.102782
          ],
          [
            -98.486653,
            30.102848
          ],
          [
            -98.486427,
            30.102945
          ],
          [
            -98.486101,
            30.10311
          ],
          [
            -98.485786,
            30.103291
          ],
          [
            -98.485699,
            30.103347
          ],
          [
            -98.485483,
            30.103486
          ],
          [
            -98.485193,
            30.103695
          ],
          [
            -98.484917,
            30.103918
          ],
          [
            -98.484402,
            30.104379
          ],
          [
            -98.483825,
            30.104895
          ],
          [
            -98.483191,
            30.105446
          ],
          [
            -98.482801,
            30.105722
          ],
          [
            -98.482325,
            30.106031
          ],
          [
            -98.481421,
            30.106588
          ],
          [
            -98.481261,
            30.106664
          ],
          [
            -98.481094,
            30.106725
          ],
          [
            -98.480921,
            30.106771
          ],
          [
            -98.480742,
            30.106801
          ],
          [
            -98.480155,
            30.106871
          ],
          [
            -98.47991,
            30.106907
          ],
          [
            -98.479663,
            30.106926
          ],
          [
            -98.479415,
            30.106929
          ],
          [
            -98.479167,
            30.106916
          ],
          [
            -98.478922,
            30.106885
          ],
          [
            -98.47842,
            30.106803
          ],
          [
            -98.478203,
            30.106751
          ],
          [
            -98.478041,
            30.106709
          ],
          [
            -98.477895,
            30.106671
          ],
          [
            -98.477674,
            30.106592
          ],
          [
            -98.477459,
            30.106498
          ],
          [
            -98.477254,
            30.10639
          ],
          [
            -98.47706,
            30.106269
          ],
          [
            -98.476921,
            30.106169
          ],
          [
            -98.476311,
            30.105614
          ],
          [
            -98.474913,
            30.104283
          ],
          [
            -98.474558,
            30.103976
          ],
          [
            -98.474186,
            30.103684
          ],
          [
            -98.473557,
            30.10324
          ],
          [
            -98.473323,
            30.103077
          ],
          [
            -98.472892,
            30.102817
          ],
          [
            -98.472412,
            30.102527
          ],
          [
            -98.472048,
            30.102353
          ],
          [
            -98.471822,
            30.102262
          ],
          [
            -98.471476,
            30.102141
          ],
          [
            -98.471122,
            30.102037
          ],
          [
            -98.471002,
            30.102008
          ],
          [
            -98.470763,
            30.10195
          ],
          [
            -98.470399,
            30.101882
          ],
          [
            -98.470087,
            30.101853
          ],
          [
            -98.469773,
            30.10184
          ],
          [
            -98.469523,
            30.101841
          ],
          [
            -98.469353,
            30.101858
          ],
          [
            -98.469168,
            30.101877
          ],
          [
            -98.468839,
            30.101948
          ],
          [
            -98.46847,
            30.102028
          ],
          [
            -98.468218,
            30.102086
          ],
          [
            -98.467869,
            30.10216
          ],
          [
            -98.467558,
            30.102203
          ],
          [
            -98.467244,
            30.102228
          ],
          [
            -98.466969,
            30.102232
          ],
          [
            -98.46693,
            30.102233
          ],
          [
            -98.466678,
            30.102223
          ],
          [
            -98.466365,
            30.102193
          ],
          [
            -98.466055,
            30.102144
          ],
          [
            -98.46575,
            30.102076
          ],
          [
            -98.464281,
            30.101835
          ],
          [
            -98.463982,
            30.101799
          ],
          [
            -98.4638,
            30.101788
          ],
          [
            -98.463679,
            30.10178
          ],
          [
            -98.463377,
            30.101781
          ],
          [
            -98.463073,
            30.1018
          ],
          [
            -98.462769,
            30.101836
          ],
          [
            -98.462468,
            30.101888
          ],
          [
            -98.462171,
            30.101955
          ],
          [
            -98.461846,
            30.102048
          ],
          [
            -98.461706,
            30.102095
          ],
          [
            -98.461686,
            30.102101
          ],
          [
            -98.460645,
            30.102549
          ],
          [
            -98.459798,
            30.102881
          ],
          [
            -98.459562,
            30.102978
          ],
          [
            -98.458646,
            30.103327
          ],
          [
            -98.458374,
            30.103452
          ],
          [
            -98.458095,
            30.103561
          ],
          [
            -98.457808,
            30.103656
          ],
          [
            -98.457516,
            30.103735
          ],
          [
            -98.457371,
            30.103766
          ],
          [
            -98.457218,
            30.103799
          ],
          [
            -98.456746,
            30.103883
          ],
          [
            -98.456382,
            30.10393
          ],
          [
            -98.456014,
            30.10396
          ],
          [
            -98.455454,
            30.103986
          ],
          [
            -98.455265,
            30.103987
          ],
          [
            -98.455041,
            30.103977
          ],
          [
            -98.454951,
            30.103973
          ],
          [
            -98.454638,
            30.103941
          ],
          [
            -98.454329,
            30.103891
          ],
          [
            -98.453361,
            30.103658
          ],
          [
            -98.451774,
            30.103244
          ],
          [
            -98.449997,
            30.102781
          ],
          [
            -98.449603,
            30.102678
          ],
          [
            -98.449575,
            30.102671
          ],
          [
            -98.449283,
            30.102584
          ],
          [
            -98.449143,
            30.102533
          ],
          [
            -98.448999,
            30.102481
          ],
          [
            -98.448723,
            30.102361
          ],
          [
            -98.448702,
            30.10235
          ],
          [
            -98.448456,
            30.102225
          ],
          [
            -98.448086,
            30.101998
          ],
          [
            -98.447303,
            30.101411
          ],
          [
            -98.447109,
            30.101279
          ],
          [
            -98.446904,
            30.101159
          ],
          [
            -98.446691,
            30.101051
          ],
          [
            -98.446469,
            30.100956
          ],
          [
            -98.446241,
            30.100875
          ],
          [
            -98.446006,
            30.100808
          ],
          [
            -98.445767,
            30.100755
          ],
          [
            -98.445525,
            30.100716
          ],
          [
            -98.44528,
            30.100692
          ],
          [
            -98.444264,
            30.100569
          ],
          [
            -98.444059,
            30.100544
          ],
          [
            -98.443221,
            30.100443
          ],
          [
            -98.442999,
            30.100416
          ],
          [
            -98.441825,
            30.10029
          ],
          [
            -98.440586,
            30.10018
          ],
          [
            -98.439559,
            30.100141
          ],
          [
            -98.439207,
            30.100141
          ],
          [
            -98.438991,
            30.100141
          ],
          [
            -98.438878,
            30.100146
          ],
          [
            -98.43847,
            30.100165
          ],
          [
            -98.43837,
            30.100169
          ],
          [
            -98.43806,
            30.100221
          ],
          [
            -98.437755,
            30.100289
          ],
          [
            -98.437455,
            30.100374
          ],
          [
            -98.437341,
            30.100413
          ],
          [
            -98.437293,
            30.10043
          ],
          [
            -98.437162,
            30.100475
          ],
          [
            -98.436877,
            30.100591
          ],
          [
            -98.43666,
            30.100695
          ],
          [
            -98.436601,
            30.100723
          ],
          [
            -98.436334,
            30.100869
          ],
          [
            -98.436179,
            30.100964
          ],
          [
            -98.435578,
            30.101235
          ],
          [
            -98.43528,
            30.101323
          ],
          [
            -98.434975,
            30.10139
          ],
          [
            -98.434878,
            30.101404
          ],
          [
            -98.434772,
            30.101419
          ],
          [
            -98.434664,
            30.101434
          ],
          [
            -98.434581,
            30.10144
          ],
          [
            -98.434351,
            30.101455
          ],
          [
            -98.434289,
            30.101457
          ],
          [
            -98.43398,
            30.101453
          ],
          [
            -98.433673,
            30.101425
          ],
          [
            -98.433369,
            30.101377
          ],
          [
            -98.43312,
            30.101318
          ],
          [
            -98.432511,
            30.101131
          ],
          [
            -98.431945,
            30.100947
          ],
          [
            -98.431289,
            30.100735
          ],
          [
            -98.430949,
            30.100618
          ],
          [
            -98.430236,
            30.100379
          ],
          [
            -98.430171,
            30.100357
          ],
          [
            -98.430053,
            30.100315
          ],
          [
            -98.428391,
            30.099791
          ],
          [
            -98.428195,
            30.099732
          ],
          [
            -98.427987,
            30.09967
          ],
          [
            -98.427034,
            30.099384
          ],
          [
            -98.426187,
            30.099144
          ],
          [
            -98.425188,
            30.098843
          ],
          [
            -98.424162,
            30.098529
          ],
          [
            -98.423766,
            30.098408
          ],
          [
            -98.423215,
            30.09824
          ],
          [
            -98.422186,
            30.097937
          ],
          [
            -98.42205,
            30.097895
          ],
          [
            -98.422043,
            30.097893
          ],
          [
            -98.42112,
            30.097612
          ],
          [
            -98.420699,
            30.098492
          ],
          [
            -98.421805,
            30.098829
          ],
          [
            -98.421454,
            30.099686
          ],
          [
            -98.421106,
            30.100538
          ],
          [
            -98.420749,
            30.101419
          ],
          [
            -98.420384,
            30.102297
          ],
          [
            -98.420031,
            30.103162
          ],
          [
            -98.419684,
            30.104016
          ],
          [
            -98.419447,
            30.104551
          ],
          [
            -98.419303,
            30.104874
          ],
          [
            -98.419172,
            30.105183
          ],
          [
            -98.41895,
            30.105707
          ],
          [
            -98.418591,
            30.106548
          ],
          [
            -98.418512,
            30.106732
          ],
          [
            -98.418162,
            30.10756
          ],
          [
            -98.418133,
            30.107626
          ],
          [
            -98.417477,
            30.109127
          ],
          [
            -98.417431,
            30.109235
          ],
          [
            -98.416987,
            30.110274
          ],
          [
            -98.416877,
            30.110532
          ],
          [
            -98.416783,
            30.110747
          ],
          [
            -98.416628,
            30.111104
          ],
          [
            -98.41631,
            30.111839
          ],
          [
            -98.416206,
            30.112079
          ],
          [
            -98.416079,
            30.112371
          ],
          [
            -98.415792,
            30.113035
          ],
          [
            -98.415624,
            30.113422
          ],
          [
            -98.41546,
            30.113822
          ],
          [
            -98.415431,
            30.113896
          ],
          [
            -98.415271,
            30.11431
          ],
          [
            -98.414792,
            30.115548
          ],
          [
            -98.414296,
            30.116829
          ],
          [
            -98.413635,
            30.118537
          ],
          [
            -98.41201,
            30.122613
          ],
          [
            -98.411354,
            30.124286
          ],
          [
            -98.411245,
            30.12453
          ],
          [
            -98.411154,
            30.124735
          ],
          [
            -98.410934,
            30.125176
          ],
          [
            -98.41072,
            30.125563
          ],
          [
            -98.410599,
            30.125782
          ],
          [
            -98.410446,
            30.126012
          ],
          [
            -98.410226,
            30.126325
          ],
          [
            -98.409951,
            30.12669
          ],
          [
            -98.409659,
            30.127047
          ],
          [
            -98.409075,
            30.127693
          ],
          [
            -98.40766,
            30.129207
          ],
          [
            -98.406878,
            30.130046
          ],
          [
            -98.406215,
            30.130757
          ],
          [
            -98.405063,
            30.131979
          ],
          [
            -98.404454,
            30.132644
          ],
          [
            -98.40428,
            30.132831
          ],
          [
            -98.403843,
            30.133351
          ],
          [
            -98.403563,
            30.133707
          ],
          [
            -98.403301,
            30.134073
          ],
          [
            -98.403058,
            30.134449
          ],
          [
            -98.402835,
            30.134835
          ],
          [
            -98.402472,
            30.135539
          ],
          [
            -98.401918,
            30.136692
          ],
          [
            -98.401465,
            30.137621
          ],
          [
            -98.400724,
            30.139141
          ],
          [
            -98.400714,
            30.139163
          ],
          [
            -98.400271,
            30.140099
          ],
          [
            -98.399791,
            30.141074
          ],
          [
            -98.399191,
            30.142294
          ],
          [
            -98.398117,
            30.144478
          ],
          [
            -98.397727,
            30.145276
          ],
          [
            -98.397615,
            30.145489
          ],
          [
            -98.397442,
            30.145817
          ],
          [
            -98.397133,
            30.146348
          ],
          [
            -98.396881,
            30.146749
          ],
          [
            -98.396861,
            30.146781
          ],
          [
            -98.39654,
            30.147252
          ],
          [
            -98.3962,
            30.147714
          ],
          [
            -98.395839,
            30.148164
          ],
          [
            -98.393607,
            30.150845
          ],
          [
            -98.393117,
            30.151434
          ],
          [
            -98.392365,
            30.152337
          ],
          [
            -98.392284,
            30.152435
          ],
          [
            -98.392093,
            30.152664
          ],
          [
            -98.391334,
            30.153575
          ],
          [
            -98.390216,
            30.154957
          ],
          [
            -98.388255,
            30.157302
          ],
          [
            -98.387006,
            30.158772
          ],
          [
            -98.385702,
            30.160338
          ],
          [
            -98.38508,
            30.161106
          ],
          [
            -98.384793,
            30.161527
          ],
          [
            -98.384532,
            30.161952
          ],
          [
            -98.384291,
            30.162386
          ],
          [
            -98.38407,
            30.16283
          ],
          [
            -98.383892,
            30.163232
          ],
          [
            -98.383735,
            30.163641
          ],
          [
            -98.3836,
            30.164056
          ],
          [
            -98.383541,
            30.164265
          ],
          [
            -98.382947,
            30.16626
          ],
          [
            -98.382762,
            30.166882
          ],
          [
            -98.38206,
            30.169243
          ],
          [
            -98.382046,
            30.16929
          ],
          [
            -98.38198,
            30.169515
          ],
          [
            -98.381299,
            30.171825
          ],
          [
            -98.381178,
            30.172266
          ],
          [
            -98.381159,
            30.172334
          ],
          [
            -98.380857,
            30.173439
          ],
          [
            -98.380365,
            30.175055
          ],
          [
            -98.380349,
            30.175194
          ],
          [
            -98.380224,
            30.175682
          ],
          [
            -98.380082,
            30.176317
          ],
          [
            -98.380009,
            30.176713
          ],
          [
            -98.379964,
            30.176953
          ],
          [
            -98.379798,
            30.177957
          ],
          [
            -98.379251,
            30.181264
          ],
          [
            -98.379157,
            30.18187
          ],
          [
            -98.379033,
            30.182662
          ],
          [
            -98.378905,
            30.183433
          ],
          [
            -98.378773,
            30.184227
          ],
          [
            -98.378627,
            30.185087
          ],
          [
            -98.37847,
            30.186079
          ],
          [
            -98.378201,
            30.187703
          ],
          [
            -98.378085,
            30.188272
          ],
          [
            -98.377977,
            30.188717
          ],
          [
            -98.377947,
            30.18884
          ],
          [
            -98.377811,
            30.189302
          ],
          [
            -98.377528,
            30.190119
          ],
          [
            -98.3773,
            30.190732
          ],
          [
            -98.377194,
            30.191016
          ],
          [
            -98.377174,
            30.191073
          ],
          [
            -98.376847,
            30.192011
          ],
          [
            -98.376344,
            30.193418
          ],
          [
            -98.376009,
            30.194353
          ],
          [
            -98.375889,
            30.194678
          ],
          [
            -98.375735,
            30.195136
          ],
          [
            -98.375684,
            30.195347
          ],
          [
            -98.375572,
            30.195982
          ],
          [
            -98.375486,
            30.196515
          ],
          [
            -98.375426,
            30.197141
          ],
          [
            -98.375418,
            30.197369
          ],
          [
            -98.375422,
            30.197716
          ],
          [
            -98.375477,
            30.198659
          ],
          [
            -98.375598,
            30.199334
          ],
          [
            -98.375673,
            30.199816
          ],
          [
            -98.375842,
            30.200755
          ],
          [
            -98.376025,
            30.201865
          ],
          [
            -98.376253,
            30.203345
          ],
          [
            -98.376367,
            30.204018
          ],
          [
            -98.37645,
            30.204469
          ],
          [
            -98.376749,
            30.205923
          ],
          [
            -98.377002,
            30.206862
          ],
          [
            -98.377174,
            30.207418
          ],
          [
            -98.377614,
            30.208803
          ],
          [
            -98.377666,
            30.208967
          ],
          [
            -98.378356,
            30.211142
          ],
          [
            -98.37879,
            30.212579
          ],
          [
            -98.378932,
            30.213107
          ],
          [
            -98.379053,
            30.213639
          ],
          [
            -98.37914,
            30.214121
          ],
          [
            -98.379223,
            30.214765
          ],
          [
            -98.379445,
            30.216568
          ],
          [
            -98.379492,
            30.216983
          ],
          [
            -98.379573,
            30.217711
          ],
          [
            -98.379612,
            30.218017
          ],
          [
            -98.379673,
            30.218489
          ],
          [
            -98.379791,
            30.219556
          ],
          [
            -98.380198,
            30.222942
          ],
          [
            -98.380276,
            30.22343
          ],
          [
            -98.38042,
            30.224169
          ],
          [
            -98.380524,
            30.22458
          ],
          [
            -98.380674,
            30.225089
          ],
          [
            -98.380752,
            30.225354
          ],
          [
            -98.380895,
            30.225764
          ],
          [
            -98.380994,
            30.226017
          ],
          [
            -98.381281,
            30.226735
          ],
          [
            -98.382431,
            30.229366
          ],
          [
            -98.382639,
            30.229814
          ],
          [
            -98.383592,
            30.231993
          ],
          [
            -98.384278,
            30.233563
          ],
          [
            -98.384962,
            30.235144
          ],
          [
            -98.385193,
            30.235679
          ],
          [
            -98.385414,
            30.236247
          ],
          [
            -98.385615,
            30.236821
          ],
          [
            -98.385758,
            30.237294
          ],
          [
            -98.385878,
            30.237773
          ],
          [
            -98.385918,
            30.237919
          ],
          [
            -98.38602,
            30.238405
          ],
          [
            -98.386091,
            30.238826
          ],
          [
            -98.386423,
            30.241271
          ],
          [
            -98.386588,
            30.242491
          ],
          [
            -98.386739,
            30.243649
          ],
          [
            -98.386899,
            30.244815
          ],
          [
            -98.386902,
            30.244836
          ],
          [
            -98.387173,
            30.246817
          ],
          [
            -98.387284,
            30.247462
          ],
          [
            -98.387389,
            30.247938
          ],
          [
            -98.387517,
            30.248414
          ],
          [
            -98.387807,
            30.249325
          ],
          [
            -98.387856,
            30.249462
          ],
          [
            -98.388397,
            30.25097
          ],
          [
            -98.388754,
            30.251941
          ],
          [
            -98.388853,
            30.252223
          ],
          [
            -98.389279,
            30.253412
          ],
          [
            -98.389343,
            30.253586
          ],
          [
            -98.389419,
            30.253792
          ],
          [
            -98.389561,
            30.254173
          ],
          [
            -98.389703,
            30.254566
          ],
          [
            -98.389995,
            30.255374
          ],
          [
            -98.390392,
            30.256473
          ],
          [
            -98.390957,
            30.258035
          ],
          [
            -98.391259,
            30.258882
          ],
          [
            -98.391773,
            30.260254
          ],
          [
            -98.39199,
            30.260768
          ],
          [
            -98.392228,
            30.261273
          ],
          [
            -98.392403,
            30.261609
          ],
          [
            -98.392488,
            30.261774
          ],
          [
            -98.392769,
            30.262264
          ],
          [
            -98.392886,
            30.262458
          ],
          [
            -98.392931,
            30.262528
          ],
          [
            -98.393053,
            30.262718
          ],
          [
            -98.393175,
            30.262899
          ],
          [
            -98.393396,
            30.263227
          ],
          [
            -98.393622,
            30.263538
          ],
          [
            -98.393759,
            30.263726
          ],
          [
            -98.394072,
            30.264125
          ],
          [
            -98.394167,
            30.26424
          ],
          [
            -98.394292,
            30.264392
          ],
          [
            -98.394966,
            30.265207
          ],
          [
            -98.395155,
            30.265436
          ],
          [
            -98.395269,
            30.265575
          ],
          [
            -98.395359,
            30.265683
          ],
          [
            -98.395567,
            30.265935
          ],
          [
            -98.39591,
            30.266346
          ],
          [
            -98.396089,
            30.266487
          ],
          [
            -98.397258,
            30.267958
          ],
          [
            -98.397478,
            30.268238
          ],
          [
            -98.397907,
            30.268784
          ],
          [
            -98.398147,
            30.269084
          ],
          [
            -98.398272,
            30.269243
          ],
          [
            -98.398455,
            30.269482
          ],
          [
            -98.398749,
            30.269857
          ],
          [
            -98.39897,
            30.270138
          ],
          [
            -98.398997,
            30.270171
          ],
          [
            -98.399347,
            30.270616
          ],
          [
            -98.400122,
            30.27161
          ],
          [
            -98.400177,
            30.271683
          ],
          [
            -98.400236,
            30.271766
          ],
          [
            -98.400576,
            30.272244
          ],
          [
            -98.401619,
            30.273837
          ],
          [
            -98.401761,
            30.274071
          ],
          [
            -98.40191,
            30.2743
          ],
          [
            -98.402083,
            30.274567
          ],
          [
            -98.402595,
            30.275335
          ],
          [
            -98.402615,
            30.275365
          ],
          [
            -98.402708,
            30.275506
          ],
          [
            -98.402809,
            30.275659
          ],
          [
            -98.40311,
            30.276124
          ],
          [
            -98.403231,
            30.276306
          ],
          [
            -98.403303,
            30.276414
          ],
          [
            -98.403594,
            30.276852
          ],
          [
            -98.403837,
            30.276873
          ],
          [
            -98.404869,
            30.27686
          ],
          [
            -98.405121,
            30.276855
          ],
          [
            -98.405729,
            30.276837
          ],
          [
            -98.405899,
            30.276809
          ],
          [
            -98.406123,
            30.276806
          ],
          [
            -98.407589,
            30.276787
          ],
          [
            -98.408674,
            30.276769
          ],
          [
            -98.409153,
            30.276761
          ],
          [
            -98.409388,
            30.276757
          ],
          [
            -98.409793,
            30.27675
          ],
          [
            -98.410888,
            30.276731
          ],
          [
            -98.410888,
            30.276668
          ],
          [
            -98.410885,
            30.276373
          ],
          [
            -98.410882,
            30.276001
          ],
          [
            -98.410881,
            30.275939
          ],
          [
            -98.41088,
            30.275775
          ],
          [
            -98.411946,
            30.275765
          ],
          [
            -98.411982,
            30.275766
          ],
          [
            -98.411993,
            30.276713
          ],
          [
            -98.412017,
            30.277709
          ],
          [
            -98.412017,
            30.277741
          ],
          [
            -98.412018,
            30.277857
          ],
          [
            -98.412022,
            30.278547
          ],
          [
            -98.412022,
            30.278636
          ],
          [
            -98.412026,
            30.279551
          ],
          [
            -98.412027,
            30.279747
          ],
          [
            -98.412029,
            30.280168
          ],
          [
            -98.412017,
            30.280415
          ],
          [
            -98.412001,
            30.280563
          ],
          [
            -98.411958,
            30.280818
          ],
          [
            -98.411884,
            30.281123
          ],
          [
            -98.411868,
            30.281175
          ],
          [
            -98.411854,
            30.281219
          ],
          [
            -98.411804,
            30.281382
          ],
          [
            -98.411758,
            30.2815
          ],
          [
            -98.411734,
            30.281562
          ],
          [
            -98.411716,
            30.281609
          ],
          [
            -98.411703,
            30.281641
          ],
          [
            -98.411587,
            30.281885
          ],
          [
            -98.411397,
            30.282225
          ],
          [
            -98.411238,
            30.282458
          ],
          [
            -98.41119,
            30.282517
          ],
          [
            -98.411102,
            30.282625
          ],
          [
            -98.411057,
            30.28268
          ],
          [
            -98.410788,
            30.282969
          ],
          [
            -98.410544,
            30.2832
          ],
          [
            -98.410284,
            30.283415
          ],
          [
            -98.41009,
            30.28357
          ],
          [
            -98.409637,
            30.283932
          ],
          [
            -98.409152,
            30.28431
          ],
          [
            -98.408306,
            30.284969
          ],
          [
            -98.408261,
            30.285004
          ],
          [
            -98.407988,
            30.285218
          ],
          [
            -98.407454,
            30.285637
          ],
          [
            -98.407215,
            30.285824
          ],
          [
            -98.406181,
            30.286636
          ],
          [
            -98.406133,
            30.286674
          ],
          [
            -98.405514,
            30.287158
          ],
          [
            -98.405408,
            30.287222
          ],
          [
            -98.405344,
            30.287252
          ],
          [
            -98.405283,
            30.287271
          ],
          [
            -98.405219,
            30.287281
          ],
          [
            -98.405161,
            30.287283
          ],
          [
            -98.405099,
            30.287275
          ],
          [
            -98.405024,
            30.287247
          ],
          [
            -98.404916,
            30.287195
          ],
          [
            -98.404768,
            30.287192
          ],
          [
            -98.404531,
            30.287533
          ],
          [
            -98.404486,
            30.287598
          ],
          [
            -98.404364,
            30.287776
          ],
          [
            -98.404202,
            30.287992
          ],
          [
            -98.404097,
            30.288122
          ],
          [
            -98.403975,
            30.288256
          ],
          [
            -98.403699,
            30.288562
          ],
          [
            -98.403585,
            30.288685
          ],
          [
            -98.403453,
            30.288815
          ],
          [
            -98.403321,
            30.288945
          ],
          [
            -98.403235,
            30.289028
          ],
          [
            -98.403187,
            30.289074
          ],
          [
            -98.403065,
            30.289182
          ],
          [
            -98.402934,
            30.289293
          ],
          [
            -98.402793,
            30.289417
          ],
          [
            -98.402627,
            30.289563
          ],
          [
            -98.40261,
            30.289579
          ],
          [
            -98.4025,
            30.289676
          ],
          [
            -98.402331,
            30.289822
          ],
          [
            -98.401691,
            30.290386
          ],
          [
            -98.401239,
            30.290775
          ],
          [
            -98.399719,
            30.292106
          ],
          [
            -98.399412,
            30.292374
          ],
          [
            -98.399101,
            30.292656
          ],
          [
            -98.398731,
            30.293026
          ],
          [
            -98.398381,
            30.293409
          ],
          [
            -98.398197,
            30.293643
          ],
          [
            -98.398169,
            30.293672
          ],
          [
            -98.397887,
            30.294049
          ],
          [
            -98.397585,
            30.294488
          ],
          [
            -98.397451,
            30.29471
          ],
          [
            -98.397352,
            30.294873
          ],
          [
            -98.397291,
            30.294986
          ],
          [
            -98.397139,
            30.295267
          ],
          [
            -98.396897,
            30.295755
          ],
          [
            -98.396712,
            30.296174
          ],
          [
            -98.396534,
            30.296635
          ],
          [
            -98.396396,
            30.297046
          ],
          [
            -98.396177,
            30.297833
          ],
          [
            -98.396094,
            30.298208
          ],
          [
            -98.396033,
            30.298585
          ],
          [
            -98.395704,
            30.301089
          ],
          [
            -98.395701,
            30.301161
          ],
          [
            -98.39568,
            30.301328
          ],
          [
            -98.395636,
            30.301668
          ],
          [
            -98.395595,
            30.30199
          ],
          [
            -98.395584,
            30.302073
          ],
          [
            -98.395499,
            30.302739
          ],
          [
            -98.395438,
            30.30326
          ],
          [
            -98.39537,
            30.30369
          ],
          [
            -98.395286,
            30.304081
          ],
          [
            -98.395225,
            30.30433
          ],
          [
            -98.395208,
            30.304399
          ],
          [
            -98.395096,
            30.304774
          ],
          [
            -98.395089,
            30.304796
          ],
          [
            -98.394787,
            30.305753
          ],
          [
            -98.39465,
            30.30617
          ],
          [
            -98.394511,
            30.306594
          ],
          [
            -98.393947,
            30.308311
          ],
          [
            -98.393753,
            30.3089
          ],
          [
            -98.393566,
            30.309411
          ],
          [
            -98.39327,
            30.310137
          ],
          [
            -98.392809,
            30.311269
          ],
          [
            -98.392768,
            30.311372
          ],
          [
            -98.392518,
            30.312
          ],
          [
            -98.392076,
            30.311916
          ],
          [
            -98.392168,
            30.311922
          ],
          [
            -98.392518,
            30.312
          ],
          [
            -98.392282,
            30.312575
          ],
          [
            -98.391989,
            30.313287
          ],
          [
            -98.391697,
            30.314009
          ],
          [
            -98.391512,
            30.314467
          ],
          [
            -98.390775,
            30.316247
          ],
          [
            -98.390527,
            30.316922
          ],
          [
            -98.390456,
            30.317129
          ],
          [
            -98.390444,
            30.317165
          ],
          [
            -98.390404,
            30.317281
          ],
          [
            -98.390151,
            30.318016
          ],
          [
            -98.389826,
            30.318968
          ],
          [
            -98.389455,
            30.320056
          ],
          [
            -98.389197,
            30.32081
          ],
          [
            -98.389031,
            30.321297
          ],
          [
            -98.388912,
            30.321646
          ],
          [
            -98.388725,
            30.322194
          ],
          [
            -98.388515,
            30.322807
          ],
          [
            -98.38808,
            30.324046
          ],
          [
            -98.387886,
            30.324599
          ],
          [
            -98.387823,
            30.324782
          ],
          [
            -98.387474,
            30.325805
          ],
          [
            -98.385924,
            30.330347
          ],
          [
            -98.385919,
            30.330363
          ],
          [
            -98.385548,
            30.331438
          ],
          [
            -98.385294,
            30.332173
          ],
          [
            -98.383681,
            30.336875
          ],
          [
            -98.383005,
            30.338844
          ],
          [
            -98.381696,
            30.342626
          ],
          [
            -98.38119,
            30.344093
          ],
          [
            -98.381165,
            30.344167
          ],
          [
            -98.380158,
            30.347084
          ],
          [
            -98.379733,
            30.348316
          ],
          [
            -98.379249,
            30.349523
          ],
          [
            -98.378841,
            30.350791
          ],
          [
            -98.378487,
            30.352013
          ],
          [
            -98.377308,
            30.359331
          ],
          [
            -98.377211,
            30.359804
          ],
          [
            -98.376975,
            30.361166
          ],
          [
            -98.376811,
            30.362166
          ],
          [
            -98.37679,
            30.362288
          ],
          [
            -98.376441,
            30.364292
          ],
          [
            -98.376347,
            30.364807
          ],
          [
            -98.376273,
            30.365179
          ],
          [
            -98.376178,
            30.365552
          ],
          [
            -98.375892,
            30.366591
          ],
          [
            -98.375287,
            30.368779
          ],
          [
            -98.375187,
            30.369135
          ],
          [
            -98.374935,
            30.370034
          ],
          [
            -98.374766,
            30.370553
          ],
          [
            -98.3743,
            30.371952
          ],
          [
            -98.373806,
            30.373453
          ],
          [
            -98.373633,
            30.373959
          ],
          [
            -98.373468,
            30.374392
          ],
          [
            -98.373232,
            30.374944
          ],
          [
            -98.372925,
            30.375589
          ],
          [
            -98.372669,
            30.376077
          ],
          [
            -98.372366,
            30.376604
          ],
          [
            -98.372098,
            30.377025
          ],
          [
            -98.37178,
            30.37748
          ],
          [
            -98.370837,
            30.378796
          ],
          [
            -98.37082,
            30.37882
          ],
          [
            -98.370476,
            30.37933
          ],
          [
            -98.370214,
            30.379753
          ],
          [
            -98.369891,
            30.38031
          ],
          [
            -98.36891,
            30.382075
          ],
          [
            -98.368357,
            30.383052
          ],
          [
            -98.366653,
            30.386132
          ],
          [
            -98.365978,
            30.387356
          ],
          [
            -98.365717,
            30.387823
          ],
          [
            -98.365568,
            30.388092
          ],
          [
            -98.365218,
            30.388723
          ],
          [
            -98.364365,
            30.390258
          ],
          [
            -98.363796,
            30.391271
          ],
          [
            -98.362572,
            30.393527
          ],
          [
            -98.362448,
            30.393744
          ],
          [
            -98.362323,
            30.393951
          ],
          [
            -98.361246,
            30.395871
          ],
          [
            -98.361116,
            30.396105
          ],
          [
            -98.3598,
            30.398476
          ],
          [
            -98.359307,
            30.399364
          ],
          [
            -98.359023,
            30.399879
          ],
          [
            -98.358549,
            30.400703
          ],
          [
            -98.358093,
            30.40154
          ],
          [
            -98.357596,
            30.402425
          ],
          [
            -98.356092,
            30.40514
          ],
          [
            -98.355077,
            30.406972
          ],
          [
            -98.354406,
            30.408174
          ],
          [
            -98.354106,
            30.408711
          ],
          [
            -98.35284,
            30.41101
          ],
          [
            -98.352576,
            30.411547
          ],
          [
            -98.352335,
            30.412091
          ],
          [
            -98.351851,
            30.413323
          ],
          [
            -98.350654,
            30.416448
          ],
          [
            -98.350619,
            30.41654
          ],
          [
            -98.349022,
            30.420694
          ],
          [
            -98.348502,
            30.42198
          ],
          [
            -98.347911,
            30.4234
          ],
          [
            -98.347639,
            30.424053
          ],
          [
            -98.347192,
            30.425126
          ],
          [
            -98.346742,
            30.426208
          ],
          [
            -98.34665,
            30.426428
          ],
          [
            -98.346183,
            30.427541
          ],
          [
            -98.345508,
            30.429147
          ],
          [
            -98.344562,
            30.429136
          ],
          [
            -98.344186,
            30.429149
          ],
          [
            -98.343921,
            30.429159
          ],
          [
            -98.342498,
            30.429209
          ],
          [
            -98.342141,
            30.429222
          ],
          [
            -98.341114,
            30.429263
          ],
          [
            -98.339904,
            30.42931
          ],
          [
            -98.339249,
            30.429336
          ],
          [
            -98.338071,
            30.429371
          ],
          [
            -98.337727,
            30.429381
          ],
          [
            -98.337206,
            30.429395
          ],
          [
            -98.336437,
            30.429403
          ],
          [
            -98.33591,
            30.429408
          ],
          [
            -98.335213,
            30.429432
          ],
          [
            -98.334814,
            30.429439
          ],
          [
            -98.33463,
            30.42943
          ],
          [
            -98.334448,
            30.429407
          ],
          [
            -98.334269,
            30.429369
          ],
          [
            -98.334095,
            30.429317
          ],
          [
            -98.334017,
            30.429286
          ],
          [
            -98.333927,
            30.42925
          ],
          [
            -98.333767,
            30.429171
          ],
          [
            -98.333656,
            30.429122
          ],
          [
            -98.333315,
            30.428988
          ],
          [
            -98.332967,
            30.428871
          ],
          [
            -98.33285,
            30.428838
          ],
          [
            -98.33261,
            30.42877
          ],
          [
            -98.331537,
            30.428527
          ],
          [
            -98.330927,
            30.428389
          ],
          [
            -98.330758,
            30.428338
          ],
          [
            -98.330594,
            30.428273
          ],
          [
            -98.330461,
            30.428206
          ],
          [
            -98.330439,
            30.428195
          ],
          [
            -98.330292,
            30.428105
          ],
          [
            -98.330155,
            30.428004
          ],
          [
            -98.330009,
            30.427879
          ],
          [
            -98.329434,
            30.427386
          ],
          [
            -98.329013,
            30.427025
          ],
          [
            -98.32861,
            30.426685
          ],
          [
            -98.328365,
            30.426478
          ],
          [
            -98.327329,
            30.425605
          ],
          [
            -98.326517,
            30.424819
          ],
          [
            -98.326342,
            30.424669
          ],
          [
            -98.326156,
            30.424531
          ],
          [
            -98.325959,
            30.424405
          ],
          [
            -98.324925,
            30.423839
          ],
          [
            -98.322569,
            30.422572
          ],
          [
            -98.321746,
            30.422135
          ],
          [
            -98.321463,
            30.421995
          ],
          [
            -98.321086,
            30.421809
          ],
          [
            -98.318404,
            30.420609
          ],
          [
            -98.317252,
            30.420075
          ],
          [
            -98.316832,
            30.419858
          ],
          [
            -98.316424,
            30.419624
          ],
          [
            -98.315842,
            30.419232
          ],
          [
            -98.31533,
            30.418847
          ],
          [
            -98.314566,
            30.418301
          ],
          [
            -98.314414,
            30.418206
          ],
          [
            -98.314254,
            30.41812
          ],
          [
            -98.314087,
            30.418044
          ],
          [
            -98.313914,
            30.41798
          ],
          [
            -98.313448,
            30.417837
          ],
          [
            -98.313106,
            30.417737
          ],
          [
            -98.312391,
            30.417546
          ],
          [
            -98.310958,
            30.417181
          ],
          [
            -98.310723,
            30.417142
          ],
          [
            -98.310623,
            30.41712
          ],
          [
            -98.3101,
            30.41696
          ],
          [
            -98.309524,
            30.416773
          ],
          [
            -98.309375,
            30.416721
          ],
          [
            -98.30884,
            30.416536
          ],
          [
            -98.308167,
            30.416321
          ],
          [
            -98.307802,
            30.416188
          ],
          [
            -98.307679,
            30.416143
          ],
          [
            -98.307242,
            30.416029
          ],
          [
            -98.306586,
            30.41588
          ],
          [
            -98.305978,
            30.415735
          ],
          [
            -98.305343,
            30.415594
          ],
          [
            -98.304203,
            30.415329
          ],
          [
            -98.304176,
            30.415322
          ],
          [
            -98.30393,
            30.415254
          ],
          [
            -98.303533,
            30.415125
          ],
          [
            -98.30278,
            30.414864
          ],
          [
            -98.302634,
            30.41482
          ],
          [
            -98.301927,
            30.414624
          ],
          [
            -98.301758,
            30.414571
          ],
          [
            -98.301651,
            30.41453
          ],
          [
            -98.301587,
            30.414506
          ],
          [
            -98.301455,
            30.414445
          ],
          [
            -98.301381,
            30.414403
          ],
          [
            -98.30127,
            30.414339
          ],
          [
            -98.30113,
            30.414246
          ],
          [
            -98.3009,
            30.414075
          ],
          [
            -98.299902,
            30.413255
          ],
          [
            -98.299328,
            30.412795
          ],
          [
            -98.29878,
            30.412337
          ],
          [
            -98.296067,
            30.410096
          ],
          [
            -98.295366,
            30.409501
          ],
          [
            -98.29459,
            30.408871
          ],
          [
            -98.294395,
            30.408729
          ],
          [
            -98.294193,
            30.408605
          ],
          [
            -98.293976,
            30.408492
          ],
          [
            -98.291908,
            30.407617
          ],
          [
            -98.291356,
            30.407408
          ],
          [
            -98.289149,
            30.406553
          ],
          [
            -98.288876,
            30.406427
          ],
          [
            -98.288613,
            30.406284
          ],
          [
            -98.286342,
            30.404863
          ],
          [
            -98.286048,
            30.404689
          ],
          [
            -98.285888,
            30.404595
          ],
          [
            -98.285372,
            30.404314
          ],
          [
            -98.284117,
            30.403704
          ],
          [
            -98.283761,
            30.403531
          ],
          [
            -98.282457,
            30.402912
          ],
          [
            -98.281855,
            30.402626
          ],
          [
            -98.28006,
            30.401841
          ],
          [
            -98.278979,
            30.401358
          ],
          [
            -98.278215,
            30.401027
          ],
          [
            -98.277516,
            30.400715
          ],
          [
            -98.27579,
            30.399957
          ],
          [
            -98.275515,
            30.399844
          ],
          [
            -98.27523,
            30.39975
          ],
          [
            -98.274937,
            30.399676
          ],
          [
            -98.273399,
            30.39939
          ],
          [
            -98.271773,
            30.399051
          ],
          [
            -98.270925,
            30.398843
          ],
          [
            -98.270101,
            30.398638
          ],
          [
            -98.269628,
            30.398515
          ],
          [
            -98.269149,
            30.398411
          ],
          [
            -98.26737,
            30.39809
          ],
          [
            -98.265752,
            30.397804
          ],
          [
            -98.264896,
            30.397642
          ],
          [
            -98.264598,
            30.39757
          ],
          [
            -98.264307,
            30.397477
          ],
          [
            -98.263688,
            30.397294
          ],
          [
            -98.262437,
            30.396899
          ],
          [
            -98.261826,
            30.396695
          ],
          [
            -98.261757,
            30.396672
          ],
          [
            -98.261532,
            30.396596
          ],
          [
            -98.261482,
            30.396583
          ],
          [
            -98.261308,
            30.396536
          ],
          [
            -98.261078,
            30.396494
          ],
          [
            -98.260845,
            30.396466
          ],
          [
            -98.260434,
            30.396406
          ],
          [
            -98.260138,
            30.39635
          ],
          [
            -98.259849,
            30.396274
          ],
          [
            -98.259304,
            30.396083
          ],
          [
            -98.2588,
            30.395895
          ],
          [
            -98.257439,
            30.39537
          ],
          [
            -98.255922,
            30.394791
          ],
          [
            -98.255702,
            30.394686
          ],
          [
            -98.255402,
            30.394504
          ],
          [
            -98.255493,
            30.394565
          ],
          [
            -98.255431,
            30.394652
          ],
          [
            -98.255397,
            30.394724
          ],
          [
            -98.255381,
            30.3948
          ],
          [
            -98.255378,
            30.39484
          ],
          [
            -98.25519,
            30.396039
          ],
          [
            -98.255097,
            30.396666
          ],
          [
            -98.255061,
            30.396814
          ],
          [
            -98.255006,
            30.396958
          ],
          [
            -98.254935,
            30.397097
          ],
          [
            -98.253959,
            30.398807
          ],
          [
            -98.253683,
            30.39929
          ],
          [
            -98.25364,
            30.399391
          ],
          [
            -98.25361,
            30.399495
          ],
          [
            -98.253591,
            30.399656
          ],
          [
            -98.253606,
            30.400551
          ],
          [
            -98.253627,
            30.401407
          ],
          [
            -98.253634,
            30.402015
          ],
          [
            -98.253645,
            30.403004
          ],
          [
            -98.253648,
            30.403185
          ],
          [
            -98.25366,
            30.403936
          ],
          [
            -98.253657,
            30.404832
          ],
          [
            -98.253657,
            30.404978
          ],
          [
            -98.253663,
            30.405343
          ],
          [
            -98.253673,
            30.405945
          ],
          [
            -98.253689,
            30.406955
          ],
          [
            -98.2537,
            30.4079
          ],
          [
            -98.253708,
            30.408549
          ],
          [
            -98.253716,
            30.40925
          ],
          [
            -98.253717,
            30.409413
          ],
          [
            -98.253718,
            30.409453
          ],
          [
            -98.25373,
            30.411213
          ],
          [
            -98.253733,
            30.41161
          ],
          [
            -98.253738,
            30.412247
          ],
          [
            -98.253723,
            30.414337
          ],
          [
            -98.253717,
            30.415215
          ],
          [
            -98.253722,
            30.415323
          ],
          [
            -98.253739,
            30.415429
          ],
          [
            -98.253768,
            30.415534
          ],
          [
            -98.253807,
            30.415637
          ],
          [
            -98.253984,
            30.415985
          ],
          [
            -98.254377,
            30.416853
          ],
          [
            -98.255557,
            30.41936
          ],
          [
            -98.255768,
            30.419834
          ],
          [
            -98.256041,
            30.420427
          ],
          [
            -98.257625,
            30.423809
          ],
          [
            -98.257638,
            30.423837
          ],
          [
            -98.257869,
            30.424322
          ],
          [
            -98.258503,
            30.425651
          ],
          [
            -98.259889,
            30.428611
          ],
          [
            -98.260244,
            30.429379
          ],
          [
            -98.260916,
            30.430781
          ],
          [
            -98.261247,
            30.431511
          ],
          [
            -98.261975,
            30.433016
          ],
          [
            -98.262185,
            30.433462
          ],
          [
            -98.262522,
            30.434212
          ],
          [
            -98.262757,
            30.434721
          ],
          [
            -98.262785,
            30.434804
          ],
          [
            -98.262806,
            30.434843
          ],
          [
            -98.262855,
            30.434913
          ],
          [
            -98.262918,
            30.434974
          ],
          [
            -98.262991,
            30.435025
          ],
          [
            -98.263074,
            30.435064
          ],
          [
            -98.264026,
            30.435433
          ],
          [
            -98.264331,
            30.435559
          ],
          [
            -98.26502,
            30.435855
          ],
          [
            -98.265093,
            30.435903
          ],
          [
            -98.265199,
            30.435988
          ],
          [
            -98.265275,
            30.436066
          ],
          [
            -98.26534,
            30.436151
          ],
          [
            -98.265394,
            30.436242
          ],
          [
            -98.265436,
            30.436337
          ],
          [
            -98.266188,
            30.437453
          ],
          [
            -98.266464,
            30.437885
          ],
          [
            -98.266505,
            30.437987
          ],
          [
            -98.266532,
            30.438094
          ],
          [
            -98.266542,
            30.438202
          ],
          [
            -98.266542,
            30.438256
          ],
          [
            -98.26653,
            30.438364
          ],
          [
            -98.266501,
            30.43847
          ],
          [
            -98.265897,
            30.439931
          ],
          [
            -98.265821,
            30.440103
          ],
          [
            -98.265763,
            30.440258
          ],
          [
            -98.265688,
            30.440407
          ],
          [
            -98.26563,
            30.440502
          ],
          [
            -98.265535,
            30.440633
          ],
          [
            -98.265428,
            30.440758
          ],
          [
            -98.265364,
            30.440846
          ],
          [
            -98.265309,
            30.440939
          ],
          [
            -98.265261,
            30.441034
          ],
          [
            -98.265252,
            30.441058
          ],
          [
            -98.265224,
            30.441133
          ],
          [
            -98.265196,
            30.441234
          ],
          [
            -98.265186,
            30.441286
          ],
          [
            -98.264954,
            30.442017
          ],
          [
            -98.264724,
            30.442689
          ],
          [
            -98.264377,
            30.443825
          ],
          [
            -98.263894,
            30.445358
          ],
          [
            -98.263542,
            30.446556
          ],
          [
            -98.263309,
            30.447239
          ],
          [
            -98.263147,
            30.44783
          ],
          [
            -98.263108,
            30.447931
          ],
          [
            -98.263055,
            30.448027
          ],
          [
            -98.263052,
            30.44803
          ],
          [
            -98.262986,
            30.448116
          ],
          [
            -98.262149,
            30.449106
          ],
          [
            -98.260029,
            30.45159
          ],
          [
            -98.26,
            30.451628
          ],
          [
            -98.259955,
            30.451711
          ],
          [
            -98.259926,
            30.451799
          ],
          [
            -98.259916,
            30.45189
          ],
          [
            -98.25996,
            30.453901
          ],
          [
            -98.260003,
            30.457516
          ],
          [
            -98.259999,
            30.458279
          ],
          [
            -98.260013,
            30.459321
          ],
          [
            -98.260005,
            30.459664
          ],
          [
            -98.260013,
            30.45975
          ],
          [
            -98.260036,
            30.459833
          ],
          [
            -98.260075,
            30.459912
          ],
          [
            -98.2601,
            30.459949
          ],
          [
            -98.260357,
            30.460272
          ],
          [
            -98.260404,
            30.460355
          ],
          [
            -98.260423,
            30.460398
          ],
          [
            -98.260447,
            30.460489
          ],
          [
            -98.26067,
            30.46225
          ],
          [
            -98.260742,
            30.462815
          ],
          [
            -98.261125,
            30.463421
          ],
          [
            -98.261548,
            30.464121
          ],
          [
            -98.261617,
            30.46427
          ],
          [
            -98.261646,
            30.464416
          ],
          [
            -98.261655,
            30.466135
          ],
          [
            -98.261686,
            30.466326
          ],
          [
            -98.261724,
            30.466439
          ],
          [
            -98.26182,
            30.466622
          ],
          [
            -98.261891,
            30.466717
          ],
          [
            -98.261979,
            30.466809
          ],
          [
            -98.263073,
            30.467819
          ],
          [
            -98.264431,
            30.469096
          ],
          [
            -98.264598,
            30.469252
          ],
          [
            -98.264677,
            30.469338
          ],
          [
            -98.264783,
            30.469494
          ],
          [
            -98.264844,
            30.469616
          ],
          [
            -98.264877,
            30.469707
          ],
          [
            -98.264906,
            30.469829
          ],
          [
            -98.264924,
            30.470024
          ],
          [
            -98.264856,
            30.471937
          ],
          [
            -98.264755,
            30.473685
          ],
          [
            -98.264758,
            30.474018
          ],
          [
            -98.264816,
            30.474363
          ],
          [
            -98.265015,
            30.474757
          ],
          [
            -98.2651,
            30.474939
          ],
          [
            -98.265134,
            30.475033
          ],
          [
            -98.265159,
            30.475138
          ],
          [
            -98.265195,
            30.475425
          ],
          [
            -98.265241,
            30.475741
          ],
          [
            -98.265268,
            30.475838
          ],
          [
            -98.265365,
            30.47603
          ],
          [
            -98.265426,
            30.476116
          ],
          [
            -98.265498,
            30.476197
          ],
          [
            -98.265582,
            30.476275
          ],
          [
            -98.266325,
            30.476867
          ],
          [
            -98.267175,
            30.477542
          ],
          [
            -98.268712,
            30.478575
          ],
          [
            -98.268873,
            30.478652
          ],
          [
            -98.269047,
            30.478718
          ],
          [
            -98.269242,
            30.478773
          ],
          [
            -98.270704,
            30.479028
          ],
          [
            -98.271498,
            30.479134
          ],
          [
            -98.272902,
            30.47936
          ],
          [
            -98.273321,
            30.479449
          ],
          [
            -98.273782,
            30.479561
          ],
          [
            -98.275681,
            30.480117
          ],
          [
            -98.276852,
            30.480452
          ],
          [
            -98.277155,
            30.480531
          ],
          [
            -98.277239,
            30.480571
          ],
          [
            -98.277336,
            30.48063
          ],
          [
            -98.277422,
            30.480708
          ],
          [
            -98.277479,
            30.480778
          ],
          [
            -98.277538,
            30.480886
          ],
          [
            -98.277566,
            30.480986
          ],
          [
            -98.277577,
            30.481063
          ],
          [
            -98.277572,
            30.48114
          ],
          [
            -98.277612,
            30.481625
          ],
          [
            -98.277627,
            30.481991
          ],
          [
            -98.277585,
            30.482698
          ],
          [
            -98.277555,
            30.482966
          ],
          [
            -98.27752,
            30.48321
          ],
          [
            -98.277492,
            30.483506
          ],
          [
            -98.277484,
            30.483644
          ],
          [
            -98.27749,
            30.484763
          ],
          [
            -98.27753,
            30.487258
          ],
          [
            -98.277556,
            30.488543
          ],
          [
            -98.27751,
            30.488904
          ],
          [
            -98.277438,
            30.489064
          ],
          [
            -98.276707,
            30.490437
          ],
          [
            -98.276528,
            30.490738
          ],
          [
            -98.276363,
            30.490955
          ],
          [
            -98.27591,
            30.49141
          ],
          [
            -98.267307,
            30.500061
          ],
          [
            -98.273154,
            30.502765
          ],
          [
            -98.275035,
            30.503631
          ],
          [
            -98.275388,
            30.503779
          ],
          [
            -98.275852,
            30.503957
          ],
          [
            -98.276317,
            30.504111
          ],
          [
            -98.276801,
            30.504256
          ],
          [
            -98.283856,
            30.506095
          ],
          [
            -98.284527,
            30.50627
          ],
          [
            -98.289096,
            30.507438
          ],
          [
            -98.290784,
            30.507865
          ],
          [
            -98.292347,
            30.50827
          ],
          [
            -98.293128,
            30.508607
          ],
          [
            -98.293366,
            30.50875
          ],
          [
            -98.293485,
            30.50887
          ],
          [
            -98.293601,
            30.509015
          ],
          [
            -98.293702,
            30.509183
          ],
          [
            -98.293774,
            30.50937
          ],
          [
            -98.293801,
            30.509533
          ],
          [
            -98.293794,
            30.509674
          ],
          [
            -98.29376,
            30.50986
          ],
          [
            -98.293297,
            30.511631
          ],
          [
            -98.293134,
            30.512103
          ],
          [
            -98.292782,
            30.512867
          ],
          [
            -98.292656,
            30.513172
          ],
          [
            -98.292481,
            30.513493
          ],
          [
            -98.291637,
            30.515078
          ],
          [
            -98.291559,
            30.515203
          ],
          [
            -98.290923,
            30.516345
          ],
          [
            -98.290786,
            30.516661
          ],
          [
            -98.290701,
            30.516825
          ],
          [
            -98.286855,
            30.524261
          ],
          [
            -98.285123,
            30.527549
          ],
          [
            -98.284717,
            30.528319
          ],
          [
            -98.282492,
            30.532552
          ],
          [
            -98.282177,
            30.533114
          ],
          [
            -98.27899,
            30.539187
          ],
          [
            -98.278636,
            30.539868
          ],
          [
            -98.278368,
            30.540466
          ],
          [
            -98.278184,
            30.540873
          ],
          [
            -98.277883,
            30.541731
          ],
          [
            -98.277863,
            30.541787
          ],
          [
            -98.277169,
            30.544591
          ],
          [
            -98.276997,
            30.545337
          ],
          [
            -98.276947,
            30.545573
          ],
          [
            -98.276814,
            30.546127
          ],
          [
            -98.27671,
            30.546628
          ],
          [
            -98.276593,
            30.547162
          ],
          [
            -98.276512,
            30.547493
          ],
          [
            -98.27643,
            30.547833
          ],
          [
            -98.276308,
            30.548325
          ],
          [
            -98.276212,
            30.548657
          ],
          [
            -98.276062,
            30.549164
          ],
          [
            -98.275848,
            30.549785
          ],
          [
            -98.275622,
            30.550394
          ],
          [
            -98.274888,
            30.552156
          ],
          [
            -98.2747,
            30.552587
          ],
          [
            -98.274627,
            30.552758
          ],
          [
            -98.274549,
            30.55294
          ],
          [
            -98.274121,
            30.55399
          ],
          [
            -98.27402,
            30.554279
          ],
          [
            -98.273933,
            30.554605
          ],
          [
            -98.273871,
            30.554919
          ],
          [
            -98.273845,
            30.555199
          ],
          [
            -98.273828,
            30.555456
          ],
          [
            -98.27385,
            30.555899
          ],
          [
            -98.273914,
            30.556265
          ],
          [
            -98.273967,
            30.556511
          ],
          [
            -98.274111,
            30.55694
          ],
          [
            -98.274183,
            30.557101
          ],
          [
            -98.274438,
            30.557592
          ],
          [
            -98.274593,
            30.557834
          ],
          [
            -98.275385,
            30.558821
          ],
          [
            -98.275562,
            30.559063
          ],
          [
            -98.275697,
            30.559245
          ],
          [
            -98.275957,
            30.559758
          ],
          [
            -98.276096,
            30.56022
          ],
          [
            -98.276147,
            30.560595
          ],
          [
            -98.276155,
            30.560863
          ],
          [
            -98.276132,
            30.561089
          ],
          [
            -98.276081,
            30.561369
          ],
          [
            -98.275974,
            30.561765
          ],
          [
            -98.275815,
            30.562096
          ],
          [
            -98.275477,
            30.562619
          ],
          [
            -98.275198,
            30.562982
          ],
          [
            -98.275148,
            30.563055
          ],
          [
            -98.274958,
            30.563339
          ],
          [
            -98.274805,
            30.563578
          ],
          [
            -98.274725,
            30.563734
          ],
          [
            -98.274658,
            30.563863
          ],
          [
            -98.27458,
            30.564092
          ],
          [
            -98.274462,
            30.564283
          ],
          [
            -98.274414,
            30.564538
          ],
          [
            -98.274414,
            30.56488
          ],
          [
            -98.274428,
            30.565067
          ],
          [
            -98.274459,
            30.565261
          ],
          [
            -98.274511,
            30.56549
          ],
          [
            -98.274605,
            30.565785
          ],
          [
            -98.275569,
            30.568332
          ],
          [
            -98.275759,
            30.568798
          ],
          [
            -98.275878,
            30.569124
          ],
          [
            -98.27592,
            30.569226
          ],
          [
            -98.276004,
            30.569467
          ],
          [
            -98.276051,
            30.569568
          ],
          [
            -98.276199,
            30.569756
          ],
          [
            -98.276267,
            30.569994
          ],
          [
            -98.276291,
            30.570264
          ],
          [
            -98.276298,
            30.570491
          ],
          [
            -98.276294,
            30.570614
          ],
          [
            -98.276271,
            30.570786
          ],
          [
            -98.276224,
            30.571034
          ],
          [
            -98.276182,
            30.571205
          ],
          [
            -98.276136,
            30.571374
          ],
          [
            -98.275974,
            30.571758
          ],
          [
            -98.275938,
            30.571833
          ],
          [
            -98.275613,
            30.572359
          ],
          [
            -98.275377,
            30.572726
          ],
          [
            -98.275358,
            30.572762
          ],
          [
            -98.27502,
            30.573259
          ],
          [
            -98.27479,
            30.573609
          ],
          [
            -98.274695,
            30.573749
          ],
          [
            -98.2746,
            30.573899
          ],
          [
            -98.27442,
            30.574185
          ],
          [
            -98.274222,
            30.574473
          ],
          [
            -98.274038,
            30.574758
          ],
          [
            -98.273814,
            30.575094
          ],
          [
            -98.273639,
            30.575397
          ],
          [
            -98.273513,
            30.575629
          ],
          [
            -98.273301,
            30.576095
          ],
          [
            -98.27314,
            30.576572
          ],
          [
            -98.273058,
            30.576911
          ],
          [
            -98.273015,
            30.577134
          ],
          [
            -98.272966,
            30.577504
          ],
          [
            -98.272945,
            30.577714
          ],
          [
            -98.272939,
            30.577795
          ],
          [
            -98.272936,
            30.578047
          ],
          [
            -98.272941,
            30.578336
          ],
          [
            -98.272891,
            30.578315
          ],
          [
            -98.272823,
            30.578285
          ],
          [
            -98.272654,
            30.578201
          ],
          [
            -98.272499,
            30.578123
          ],
          [
            -98.272461,
            30.578103
          ],
          [
            -98.272246,
            30.577997
          ],
          [
            -98.271987,
            30.577867
          ],
          [
            -98.270898,
            30.577362
          ],
          [
            -98.269757,
            30.576792
          ],
          [
            -98.269269,
            30.576563
          ],
          [
            -98.26922,
            30.576537
          ],
          [
            -98.268664,
            30.576246
          ],
          [
            -98.268131,
            30.575985
          ],
          [
            -98.268104,
            30.575971
          ],
          [
            -98.267577,
            30.575701
          ],
          [
            -98.267414,
            30.575616
          ],
          [
            -98.267226,
            30.575541
          ],
          [
            -98.266939,
            30.575476
          ],
          [
            -98.266624,
            30.575444
          ],
          [
            -98.2665,
            30.57544
          ],
          [
            -98.26638,
            30.575445
          ],
          [
            -98.266315,
            30.575447
          ],
          [
            -98.266235,
            30.575458
          ],
          [
            -98.266084,
            30.575479
          ],
          [
            -98.265082,
            30.575635
          ],
          [
            -98.264923,
            30.575657
          ],
          [
            -98.264426,
            30.575725
          ],
          [
            -98.264097,
            30.57577
          ],
          [
            -98.263937,
            30.575792
          ],
          [
            -98.263605,
            30.575838
          ],
          [
            -98.26346,
            30.575856
          ],
          [
            -98.26336,
            30.575869
          ],
          [
            -98.263147,
            30.575896
          ],
          [
            -98.260609,
            30.576295
          ],
          [
            -98.259654,
            30.576409
          ],
          [
            -98.258865,
            30.57654
          ],
          [
            -98.258714,
            30.576555
          ],
          [
            -98.258334,
            30.576592
          ],
          [
            -98.257951,
            30.57662
          ],
          [
            -98.257909,
            30.576623
          ],
          [
            -98.257787,
            30.576624
          ],
          [
            -98.257539,
            30.576625
          ],
          [
            -98.257221,
            30.576596
          ],
          [
            -98.256981,
            30.576559
          ],
          [
            -98.256713,
            30.576491
          ],
          [
            -98.256469,
            30.576413
          ],
          [
            -98.255982,
            30.576202
          ],
          [
            -98.255909,
            30.57617
          ],
          [
            -98.255493,
            30.57599
          ],
          [
            -98.255432,
            30.575964
          ],
          [
            -98.255089,
            30.575816
          ],
          [
            -98.25382,
            30.575259
          ],
          [
            -98.253758,
            30.575232
          ],
          [
            -98.253692,
            30.575202
          ],
          [
            -98.251809,
            30.574341
          ],
          [
            -98.251061,
            30.574007
          ],
          [
            -98.250476,
            30.573747
          ],
          [
            -98.250273,
            30.573678
          ],
          [
            -98.249935,
            30.573596
          ],
          [
            -98.249749,
            30.573552
          ],
          [
            -98.249607,
            30.573516
          ],
          [
            -98.249403,
            30.573466
          ],
          [
            -98.249193,
            30.573432
          ],
          [
            -98.247752,
            30.573272
          ],
          [
            -98.246858,
            30.573144
          ],
          [
            -98.246454,
            30.573085
          ],
          [
            -98.24623,
            30.573029
          ],
          [
            -98.245974,
            30.572948
          ],
          [
            -98.245527,
            30.572743
          ],
          [
            -98.244953,
            30.572416
          ],
          [
            -98.244604,
            30.572217
          ],
          [
            -98.244337,
            30.572094
          ],
          [
            -98.244067,
            30.571985
          ],
          [
            -98.24383,
            30.571915
          ],
          [
            -98.241978,
            30.571434
          ],
          [
            -98.241758,
            30.571381
          ],
          [
            -98.240808,
            30.571154
          ],
          [
            -98.240267,
            30.571024
          ],
          [
            -98.239759,
            30.570886
          ],
          [
            -98.239616,
            30.570845
          ],
          [
            -98.239224,
            30.57074
          ],
          [
            -98.238987,
            30.570697
          ],
          [
            -98.238892,
            30.57068
          ],
          [
            -98.238721,
            30.570669
          ],
          [
            -98.238616,
            30.570662
          ],
          [
            -98.238387,
            30.570666
          ],
          [
            -98.238228,
            30.570669
          ],
          [
            -98.23797,
            30.570692
          ],
          [
            -98.237733,
            30.570738
          ],
          [
            -98.237464,
            30.570819
          ],
          [
            -98.237297,
            30.570896
          ],
          [
            -98.237094,
            30.570999
          ],
          [
            -98.237073,
            30.57101
          ],
          [
            -98.236839,
            30.57115
          ],
          [
            -98.236674,
            30.571282
          ],
          [
            -98.236531,
            30.571403
          ],
          [
            -98.236214,
            30.57181
          ],
          [
            -98.236042,
            30.572047
          ],
          [
            -98.234314,
            30.574728
          ],
          [
            -98.234104,
            30.575054
          ],
          [
            -98.234082,
            30.575084
          ],
          [
            -98.233703,
            30.575587
          ],
          [
            -98.233355,
            30.576128
          ],
          [
            -98.232665,
            30.576909
          ],
          [
            -98.232202,
            30.577363
          ],
          [
            -98.230639,
            30.578762
          ],
          [
            -98.230399,
            30.578976
          ],
          [
            -98.229801,
            30.579556
          ],
          [
            -98.229281,
            30.5802
          ],
          [
            -98.228806,
            30.580742
          ],
          [
            -98.228015,
            30.58176
          ],
          [
            -98.226759,
            30.583237
          ],
          [
            -98.226557,
            30.583439
          ],
          [
            -98.226523,
            30.583478
          ],
          [
            -98.226215,
            30.583756
          ],
          [
            -98.22562,
            30.584191
          ],
          [
            -98.224442,
            30.584904
          ],
          [
            -98.224118,
            30.585083
          ],
          [
            -98.223753,
            30.585258
          ],
          [
            -98.223448,
            30.585371
          ],
          [
            -98.223159,
            30.585465
          ],
          [
            -98.22263,
            30.585638
          ],
          [
            -98.222571,
            30.585646
          ],
          [
            -98.221941,
            30.585754
          ],
          [
            -98.220941,
            30.585869
          ],
          [
            -98.219405,
            30.586069
          ],
          [
            -98.21848,
            30.586179
          ],
          [
            -98.218105,
            30.586224
          ],
          [
            -98.217212,
            30.586289
          ],
          [
            -98.216051,
            30.586358
          ],
          [
            -98.215722,
            30.586376
          ],
          [
            -98.214631,
            30.586434
          ],
          [
            -98.213068,
            30.586526
          ],
          [
            -98.210852,
            30.586579
          ],
          [
            -98.209615,
            30.586609
          ],
          [
            -98.209517,
            30.586625
          ],
          [
            -98.209098,
            30.586694
          ],
          [
            -98.208582,
            30.586843
          ],
          [
            -98.207613,
            30.587261
          ],
          [
            -98.205812,
            30.588023
          ],
          [
            -98.205163,
            30.588266
          ],
          [
            -98.205146,
            30.58827
          ],
          [
            -98.204583,
            30.588407
          ],
          [
            -98.203907,
            30.588525
          ],
          [
            -98.203094,
            30.588583
          ],
          [
            -98.201801,
            30.588675
          ],
          [
            -98.200633,
            30.588741
          ],
          [
            -98.199863,
            30.588695
          ],
          [
            -98.198754,
            30.588544
          ],
          [
            -98.19811,
            30.588398
          ],
          [
            -98.197222,
            30.5882
          ],
          [
            -98.196762,
            30.588099
          ],
          [
            -98.196006,
            30.587938
          ],
          [
            -98.195571,
            30.587842
          ],
          [
            -98.195071,
            30.587774
          ],
          [
            -98.194279,
            30.587752
          ],
          [
            -98.193884,
            30.587685
          ],
          [
            -98.193515,
            30.587591
          ],
          [
            -98.193321,
            30.587524
          ],
          [
            -98.192755,
            30.587273
          ],
          [
            -98.192281,
            30.58704
          ],
          [
            -98.191832,
            30.586837
          ],
          [
            -98.19129,
            30.586699
          ],
          [
            -98.190884,
            30.586659
          ],
          [
            -98.190448,
            30.586635
          ],
          [
            -98.19003,
            30.58665
          ],
          [
            -98.188959,
            30.586713
          ],
          [
            -98.188716,
            30.58673
          ],
          [
            -98.187137,
            30.586868
          ],
          [
            -98.18628,
            30.586942
          ],
          [
            -98.185863,
            30.586977
          ],
          [
            -98.184401,
            30.5871
          ],
          [
            -98.183914,
            30.587141
          ],
          [
            -98.183886,
            30.587146
          ],
          [
            -98.183429,
            30.587218
          ],
          [
            -98.182945,
            30.587344
          ],
          [
            -98.182482,
            30.587542
          ],
          [
            -98.182008,
            30.5878
          ],
          [
            -98.181584,
            30.588094
          ],
          [
            -98.181199,
            30.588446
          ],
          [
            -98.180433,
            30.589207
          ],
          [
            -98.180204,
            30.589431
          ],
          [
            -98.179892,
            30.589709
          ],
          [
            -98.179426,
            30.58997
          ],
          [
            -98.179372,
            30.590001
          ],
          [
            -98.178903,
            30.590202
          ],
          [
            -98.17844,
            30.590327
          ],
          [
            -98.178129,
            30.590378
          ],
          [
            -98.177805,
            30.590407
          ],
          [
            -98.177507,
            30.590415
          ],
          [
            -98.177123,
            30.590407
          ],
          [
            -98.176767,
            30.59038
          ],
          [
            -98.176403,
            30.590297
          ],
          [
            -98.17608,
            30.590208
          ],
          [
            -98.175756,
            30.590074
          ],
          [
            -98.175534,
            30.589966
          ],
          [
            -98.175392,
            30.589881
          ],
          [
            -98.175081,
            30.589697
          ],
          [
            -98.17477,
            30.589465
          ],
          [
            -98.174588,
            30.589262
          ],
          [
            -98.174495,
            30.589159
          ],
          [
            -98.174233,
            30.588867
          ],
          [
            -98.173984,
            30.588454
          ],
          [
            -98.173774,
            30.588069
          ],
          [
            -98.173759,
            30.588011
          ],
          [
            -98.173651,
            30.587594
          ],
          [
            -98.17357,
            30.586505
          ],
          [
            -98.173541,
            30.586112
          ],
          [
            -98.173507,
            30.585635
          ],
          [
            -98.173493,
            30.585561
          ],
          [
            -98.173464,
            30.585399
          ],
          [
            -98.173396,
            30.585118
          ],
          [
            -98.172744,
            30.582811
          ],
          [
            -98.172721,
            30.582725
          ],
          [
            -98.172671,
            30.582545
          ],
          [
            -98.172652,
            30.582477
          ],
          [
            -98.172373,
            30.581469
          ],
          [
            -98.172356,
            30.581409
          ],
          [
            -98.171998,
            30.58012
          ],
          [
            -98.171843,
            30.579735
          ],
          [
            -98.171646,
            30.579352
          ],
          [
            -98.171132,
            30.578691
          ],
          [
            -98.170777,
            30.578249
          ],
          [
            -98.170664,
            30.578107
          ],
          [
            -98.170472,
            30.577867
          ],
          [
            -98.170373,
            30.577741
          ],
          [
            -98.170165,
            30.577477
          ],
          [
            -98.170007,
            30.577277
          ],
          [
            -98.169893,
            30.577094
          ],
          [
            -98.169752,
            30.576813
          ],
          [
            -98.169619,
            30.576454
          ],
          [
            -98.1695,
            30.576015
          ],
          [
            -98.169462,
            30.575736
          ],
          [
            -98.169418,
            30.575397
          ],
          [
            -98.169455,
            30.575183
          ],
          [
            -98.169521,
            30.574876
          ],
          [
            -98.169635,
            30.574537
          ],
          [
            -98.169826,
            30.574101
          ],
          [
            -98.17027,
            30.573396
          ],
          [
            -98.170326,
            30.573301
          ],
          [
            -98.17084,
            30.572506
          ],
          [
            -98.171521,
            30.571453
          ],
          [
            -98.171605,
            30.57132
          ],
          [
            -98.171888,
            30.570871
          ],
          [
            -98.171999,
            30.570623
          ],
          [
            -98.172134,
            30.570381
          ],
          [
            -98.172314,
            30.570032
          ],
          [
            -98.172459,
            30.569571
          ],
          [
            -98.172481,
            30.569463
          ],
          [
            -98.172547,
            30.569138
          ],
          [
            -98.172593,
            30.5687
          ],
          [
            -98.172582,
            30.568148
          ],
          [
            -98.172526,
            30.567654
          ],
          [
            -98.172431,
            30.567168
          ],
          [
            -98.172333,
            30.566733
          ],
          [
            -98.172327,
            30.566675
          ],
          [
            -98.172208,
            30.566114
          ],
          [
            -98.172138,
            30.565785
          ],
          [
            -98.171763,
            30.563724
          ],
          [
            -98.171554,
            30.562808
          ],
          [
            -98.171407,
            30.56227
          ],
          [
            -98.171254,
            30.561736
          ],
          [
            -98.171137,
            30.561475
          ],
          [
            -98.171004,
            30.561269
          ],
          [
            -98.170929,
            30.56113
          ],
          [
            -98.17067,
            30.560775
          ],
          [
            -98.170481,
            30.560578
          ],
          [
            -98.17018,
            30.560328
          ],
          [
            -98.169353,
            30.559679
          ],
          [
            -98.168659,
            30.559117
          ],
          [
            -98.168371,
            30.558911
          ],
          [
            -98.168297,
            30.558864
          ],
          [
            -98.168028,
            30.558692
          ],
          [
            -98.167784,
            30.558583
          ],
          [
            -98.167523,
            30.55848
          ],
          [
            -98.167247,
            30.558387
          ],
          [
            -98.166406,
            30.558139
          ],
          [
            -98.165063,
            30.557887
          ],
          [
            -98.164083,
            30.557677
          ],
          [
            -98.163783,
            30.557641
          ],
          [
            -98.163657,
            30.557642
          ],
          [
            -98.16349,
            30.557642
          ],
          [
            -98.163351,
            30.557643
          ],
          [
            -98.163052,
            30.557674
          ],
          [
            -98.16269,
            30.557719
          ],
          [
            -98.162501,
            30.557756
          ],
          [
            -98.162215,
            30.557829
          ],
          [
            -98.161982,
            30.557919
          ],
          [
            -98.161706,
            30.558038
          ],
          [
            -98.161493,
            30.558143
          ],
          [
            -98.159899,
            30.558844
          ],
          [
            -98.159677,
            30.558923
          ],
          [
            -98.15945,
            30.558985
          ],
          [
            -98.159217,
            30.559036
          ],
          [
            -98.158981,
            30.559071
          ],
          [
            -98.158745,
            30.559092
          ],
          [
            -98.156723,
            30.559124
          ],
          [
            -98.156251,
            30.559126
          ],
          [
            -98.155666,
            30.559127
          ],
          [
            -98.155116,
            30.559129
          ],
          [
            -98.154883,
            30.559129
          ],
          [
            -98.152544,
            30.559177
          ],
          [
            -98.150395,
            30.559221
          ],
          [
            -98.149781,
            30.559248
          ],
          [
            -98.149242,
            30.559315
          ],
          [
            -98.14845,
            30.559458
          ],
          [
            -98.14778,
            30.559681
          ],
          [
            -98.14763,
            30.559742
          ],
          [
            -98.146846,
            30.56006
          ],
          [
            -98.146387,
            30.560346
          ],
          [
            -98.145962,
            30.560598
          ],
          [
            -98.145039,
            30.561147
          ],
          [
            -98.144951,
            30.5612
          ],
          [
            -98.14475,
            30.561323
          ],
          [
            -98.144492,
            30.561474
          ],
          [
            -98.143212,
            30.562243
          ],
          [
            -98.14254,
            30.562649
          ],
          [
            -98.141961,
            30.562988
          ],
          [
            -98.140394,
            30.563925
          ],
          [
            -98.139358,
            30.564546
          ],
          [
            -98.139139,
            30.564677
          ],
          [
            -98.13875,
            30.564909
          ],
          [
            -98.13846,
            30.565084
          ],
          [
            -98.138158,
            30.565345
          ],
          [
            -98.137759,
            30.565682
          ],
          [
            -98.137451,
            30.565977
          ],
          [
            -98.137197,
            30.566269
          ],
          [
            -98.137152,
            30.566328
          ],
          [
            -98.136933,
            30.566611
          ],
          [
            -98.136607,
            30.567134
          ],
          [
            -98.136466,
            30.567401
          ],
          [
            -98.136355,
            30.567685
          ],
          [
            -98.136162,
            30.568311
          ],
          [
            -98.13611,
            30.568572
          ],
          [
            -98.135975,
            30.569597
          ],
          [
            -98.135925,
            30.570061
          ],
          [
            -98.135747,
            30.571689
          ],
          [
            -98.135711,
            30.572003
          ],
          [
            -98.135632,
            30.572831
          ],
          [
            -98.135468,
            30.574552
          ],
          [
            -98.135421,
            30.574978
          ],
          [
            -98.135368,
            30.575216
          ],
          [
            -98.135322,
            30.575389
          ],
          [
            -98.135302,
            30.575485
          ],
          [
            -98.135259,
            30.57559
          ],
          [
            -98.135245,
            30.575623
          ],
          [
            -98.135192,
            30.575752
          ],
          [
            -98.135023,
            30.576077
          ],
          [
            -98.134912,
            30.576256
          ],
          [
            -98.134743,
            30.576484
          ],
          [
            -98.134668,
            30.576564
          ],
          [
            -98.134195,
            30.577079
          ],
          [
            -98.133813,
            30.577387
          ],
          [
            -98.132868,
            30.577899
          ],
          [
            -98.132594,
            30.57801
          ],
          [
            -98.132408,
            30.578081
          ],
          [
            -98.132202,
            30.578138
          ],
          [
            -98.13187,
            30.578206
          ],
          [
            -98.131767,
            30.578217
          ],
          [
            -98.131704,
            30.578223
          ],
          [
            -98.1315,
            30.57824
          ],
          [
            -98.131353,
            30.578252
          ],
          [
            -98.131175,
            30.578255
          ],
          [
            -98.131066,
            30.578256
          ],
          [
            -98.130745,
            30.578236
          ],
          [
            -98.130594,
            30.578223
          ],
          [
            -98.130511,
            30.578208
          ],
          [
            -98.130458,
            30.578199
          ],
          [
            -98.130279,
            30.578168
          ],
          [
            -98.130122,
            30.578126
          ],
          [
            -98.129993,
            30.578092
          ],
          [
            -98.129738,
            30.578013
          ],
          [
            -98.129647,
            30.577973
          ],
          [
            -98.129466,
            30.577893
          ],
          [
            -98.129355,
            30.577844
          ],
          [
            -98.129093,
            30.577705
          ],
          [
            -98.128835,
            30.57753
          ],
          [
            -98.12874,
            30.577457
          ],
          [
            -98.128248,
            30.57713
          ],
          [
            -98.1279,
            30.576844
          ],
          [
            -98.127081,
            30.576087
          ],
          [
            -98.127081,
            30.576087
          ],
          [
            -98.126877,
            30.576264
          ],
          [
            -98.126443,
            30.576515
          ],
          [
            -98.126182,
            30.576635
          ],
          [
            -98.125599,
            30.576847
          ],
          [
            -98.125505,
            30.576879
          ],
          [
            -98.123855,
            30.577435
          ],
          [
            -98.123694,
            30.577489
          ],
          [
            -98.123577,
            30.577529
          ],
          [
            -98.122412,
            30.577922
          ],
          [
            -98.122185,
            30.577999
          ],
          [
            -98.12196,
            30.578082
          ],
          [
            -98.121864,
            30.578118
          ],
          [
            -98.121414,
            30.578284
          ],
          [
            -98.121017,
            30.57843
          ],
          [
            -98.120557,
            30.578639
          ],
          [
            -98.120225,
            30.578809
          ],
          [
            -98.120142,
            30.578852
          ],
          [
            -98.119857,
            30.579022
          ],
          [
            -98.11981,
            30.57905
          ],
          [
            -98.119194,
            30.579448
          ],
          [
            -98.118938,
            30.579613
          ],
          [
            -98.118928,
            30.579619
          ],
          [
            -98.118104,
            30.580151
          ],
          [
            -98.117414,
            30.58062
          ],
          [
            -98.11725,
            30.580732
          ],
          [
            -98.117017,
            30.580871
          ],
          [
            -98.115884,
            30.581494
          ],
          [
            -98.115766,
            30.581559
          ],
          [
            -98.115318,
            30.581805
          ],
          [
            -98.115111,
            30.581913
          ],
          [
            -98.11477,
            30.58209
          ],
          [
            -98.114254,
            30.582378
          ],
          [
            -98.113985,
            30.582548
          ],
          [
            -98.113891,
            30.582608
          ],
          [
            -98.113574,
            30.582875
          ],
          [
            -98.113228,
            30.583221
          ],
          [
            -98.113128,
            30.583351
          ],
          [
            -98.112913,
            30.583683
          ],
          [
            -98.11276,
            30.584019
          ],
          [
            -98.112722,
            30.584122
          ],
          [
            -98.112704,
            30.584172
          ],
          [
            -98.112643,
            30.584399
          ],
          [
            -98.112601,
            30.584552
          ],
          [
            -98.112534,
            30.585071
          ],
          [
            -98.11214,
            30.587441
          ],
          [
            -98.112073,
            30.587882
          ],
          [
            -98.112004,
            30.5882
          ],
          [
            -98.111922,
            30.588446
          ],
          [
            -98.111814,
            30.588656
          ],
          [
            -98.111795,
            30.588684
          ],
          [
            -98.111506,
            30.589118
          ],
          [
            -98.111373,
            30.589297
          ],
          [
            -98.111222,
            30.589462
          ],
          [
            -98.110889,
            30.589778
          ],
          [
            -98.108792,
            30.591337
          ],
          [
            -98.106548,
            30.593017
          ],
          [
            -98.106167,
            30.593302
          ],
          [
            -98.105907,
            30.593512
          ],
          [
            -98.105786,
            30.593615
          ],
          [
            -98.10534,
            30.594003
          ],
          [
            -98.103926,
            30.595172
          ],
          [
            -98.103519,
            30.595423
          ],
          [
            -98.10328,
            30.595532
          ],
          [
            -98.102879,
            30.595665
          ],
          [
            -98.102289,
            30.595749
          ],
          [
            -98.101762,
            30.595824
          ],
          [
            -98.101411,
            30.595923
          ],
          [
            -98.101121,
            30.596047
          ],
          [
            -98.10085,
            30.596229
          ],
          [
            -98.100357,
            30.596693
          ],
          [
            -98.099378,
            30.597614
          ],
          [
            -98.099314,
            30.597674
          ],
          [
            -98.098611,
            30.598314
          ],
          [
            -98.09817,
            30.598647
          ],
          [
            -98.098102,
            30.598691
          ],
          [
            -98.097677,
            30.598966
          ],
          [
            -98.097242,
            30.599208
          ],
          [
            -98.096963,
            30.599336
          ],
          [
            -98.096571,
            30.599477
          ],
          [
            -98.095886,
            30.599706
          ],
          [
            -98.095462,
            30.599848
          ],
          [
            -98.095281,
            30.600223
          ],
          [
            -98.095279,
            30.600085
          ],
          [
            -98.095256,
            30.599922
          ],
          [
            -98.094626,
            30.600147
          ],
          [
            -98.094374,
            30.60025
          ],
          [
            -98.094167,
            30.600365
          ],
          [
            -98.09397,
            30.600499
          ],
          [
            -98.093041,
            30.601036
          ],
          [
            -98.092482,
            30.60137
          ],
          [
            -98.091466,
            30.601979
          ],
          [
            -98.09122,
            30.602109
          ],
          [
            -98.090927,
            30.602228
          ],
          [
            -98.090803,
            30.602273
          ],
          [
            -98.090652,
            30.602328
          ],
          [
            -98.090289,
            30.60242
          ],
          [
            -98.089897,
            30.602469
          ],
          [
            -98.088957,
            30.602529
          ],
          [
            -98.088629,
            30.602581
          ],
          [
            -98.08835,
            30.602651
          ],
          [
            -98.08831,
            30.602663
          ],
          [
            -98.08766,
            30.602846
          ],
          [
            -98.087485,
            30.602895
          ],
          [
            -98.087049,
            30.603018
          ],
          [
            -98.08683,
            30.603109
          ],
          [
            -98.086694,
            30.603166
          ],
          [
            -98.086481,
            30.603281
          ],
          [
            -98.086353,
            30.603357
          ],
          [
            -98.08628,
            30.603401
          ],
          [
            -98.085816,
            30.603764
          ],
          [
            -98.085753,
            30.603829
          ],
          [
            -98.085492,
            30.604097
          ],
          [
            -98.085334,
            30.604285
          ],
          [
            -98.085107,
            30.604652
          ],
          [
            -98.085038,
            30.604826
          ],
          [
            -98.084566,
            30.606165
          ],
          [
            -98.084243,
            30.607099
          ],
          [
            -98.084137,
            30.607406
          ],
          [
            -98.084006,
            30.607784
          ],
          [
            -98.083815,
            30.608258
          ],
          [
            -98.083675,
            30.608524
          ],
          [
            -98.083624,
            30.608621
          ],
          [
            -98.083333,
            30.609097
          ],
          [
            -98.082801,
            30.609837
          ],
          [
            -98.082212,
            30.610654
          ],
          [
            -98.08154,
            30.611602
          ],
          [
            -98.081013,
            30.612354
          ],
          [
            -98.080845,
            30.612593
          ],
          [
            -98.080235,
            30.613438
          ],
          [
            -98.079818,
            30.614016
          ],
          [
            -98.079094,
            30.61504
          ],
          [
            -98.077769,
            30.616896
          ],
          [
            -98.077326,
            30.617517
          ],
          [
            -98.076866,
            30.618161
          ],
          [
            -98.076436,
            30.618763
          ],
          [
            -98.075874,
            30.619549
          ],
          [
            -98.07473,
            30.621118
          ],
          [
            -98.074499,
            30.621446
          ],
          [
            -98.073922,
            30.622284
          ],
          [
            -98.073734,
            30.622537
          ],
          [
            -98.073441,
            30.623019
          ],
          [
            -98.073228,
            30.623532
          ],
          [
            -98.072979,
            30.62441
          ],
          [
            -98.072667,
            30.625868
          ],
          [
            -98.072623,
            30.626086
          ],
          [
            -98.072393,
            30.627211
          ],
          [
            -98.072127,
            30.628361
          ],
          [
            -98.072082,
            30.628671
          ],
          [
            -98.072046,
            30.629152
          ],
          [
            -98.072046,
            30.629545
          ],
          [
            -98.072135,
            30.630187
          ],
          [
            -98.072458,
            30.6317
          ],
          [
            -98.072484,
            30.632038
          ],
          [
            -98.072489,
            30.632102
          ],
          [
            -98.072456,
            30.632379
          ],
          [
            -98.072436,
            30.632547
          ],
          [
            -98.072341,
            30.632848
          ],
          [
            -98.072278,
            30.633047
          ],
          [
            -98.072161,
            30.633265
          ],
          [
            -98.072068,
            30.633456
          ],
          [
            -98.071858,
            30.633785
          ],
          [
            -98.071823,
            30.633834
          ],
          [
            -98.070584,
            30.63557
          ],
          [
            -98.0705,
            30.635688
          ],
          [
            -98.07004,
            30.636333
          ],
          [
            -98.069847,
            30.636642
          ],
          [
            -98.069679,
            30.63691
          ],
          [
            -98.069423,
            30.637419
          ],
          [
            -98.069195,
            30.638059
          ],
          [
            -98.069055,
            30.638859
          ],
          [
            -98.068916,
            30.639872
          ],
          [
            -98.068799,
            30.640623
          ],
          [
            -98.06875,
            30.640936
          ],
          [
            -98.068536,
            30.642382
          ],
          [
            -98.068533,
            30.642407
          ],
          [
            -98.068463,
            30.64291
          ],
          [
            -98.068321,
            30.643934
          ],
          [
            -98.068219,
            30.644717
          ],
          [
            -98.068174,
            30.645066
          ],
          [
            -98.068152,
            30.645232
          ],
          [
            -98.068149,
            30.645264
          ],
          [
            -98.068114,
            30.645663
          ],
          [
            -98.068118,
            30.645759
          ],
          [
            -98.068136,
            30.646145
          ],
          [
            -98.068195,
            30.64655
          ],
          [
            -98.068222,
            30.646667
          ],
          [
            -98.068324,
            30.647108
          ],
          [
            -98.068884,
            30.648442
          ],
          [
            -98.06916,
            30.6491
          ],
          [
            -98.069223,
            30.649249
          ],
          [
            -98.069525,
            30.650007
          ],
          [
            -98.069937,
            30.650996
          ],
          [
            -98.070461,
            30.652215
          ],
          [
            -98.071142,
            30.65386
          ],
          [
            -98.064611,
            30.655858
          ],
          [
            -98.062617,
            30.656463
          ],
          [
            -98.060533,
            30.657084
          ],
          [
            -98.059732,
            30.657322
          ],
          [
            -98.059365,
            30.657458
          ],
          [
            -98.058975,
            30.657624
          ],
          [
            -98.058364,
            30.65787
          ],
          [
            -98.055285,
            30.659108
          ],
          [
            -98.054313,
            30.659445
          ],
          [
            -98.053722,
            30.65965
          ],
          [
            -98.050047,
            30.660833
          ],
          [
            -98.049809,
            30.660909
          ],
          [
            -98.049146,
            30.661119
          ],
          [
            -98.043567,
            30.662805
          ],
          [
            -98.043199,
            30.662889
          ],
          [
            -98.042834,
            30.662954
          ],
          [
            -98.042538,
            30.662981
          ],
          [
            -98.039704,
            30.66309
          ],
          [
            -98.039568,
            30.663098
          ],
          [
            -98.035769,
            30.663255
          ],
          [
            -98.035397,
            30.663262
          ],
          [
            -98.035057,
            30.663247
          ],
          [
            -98.034754,
            30.66321
          ],
          [
            -98.03442,
            30.663159
          ],
          [
            -98.034163,
            30.6631
          ],
          [
            -98.033908,
            30.663021
          ],
          [
            -98.033602,
            30.662889
          ],
          [
            -98.033477,
            30.66282
          ],
          [
            -98.033281,
            30.662704
          ],
          [
            -98.032935,
            30.662453
          ],
          [
            -98.03274,
            30.662306
          ],
          [
            -98.030344,
            30.660451
          ],
          [
            -98.030186,
            30.66032
          ],
          [
            -98.028051,
            30.658109
          ],
          [
            -98.027865,
            30.657941
          ],
          [
            -98.027664,
            30.657794
          ],
          [
            -98.027354,
            30.657584
          ],
          [
            -98.02714,
            30.657466
          ],
          [
            -98.026804,
            30.657321
          ],
          [
            -98.026493,
            30.657219
          ],
          [
            -98.026108,
            30.657121
          ],
          [
            -98.023596,
            30.656612
          ],
          [
            -98.021861,
            30.656241
          ],
          [
            -98.020657,
            30.655991
          ],
          [
            -98.01977,
            30.65578
          ],
          [
            -98.019446,
            30.655681
          ],
          [
            -98.017541,
            30.655001
          ],
          [
            -98.016927,
            30.654784
          ],
          [
            -98.016624,
            30.654713
          ],
          [
            -98.016211,
            30.654657
          ],
          [
            -98.015948,
            30.654641
          ],
          [
            -98.015619,
            30.654641
          ],
          [
            -98.015345,
            30.654671
          ],
          [
            -98.014908,
            30.654734
          ],
          [
            -98.014612,
            30.654817
          ],
          [
            -98.014235,
            30.654925
          ],
          [
            -98.013381,
            30.655188
          ],
          [
            -98.012183,
            30.655559
          ],
          [
            -98.011302,
            30.655834
          ],
          [
            -98.010691,
            30.656023
          ],
          [
            -98.010547,
            30.656058
          ],
          [
            -98.010293,
            30.656123
          ],
          [
            -98.010028,
            30.656168
          ],
          [
            -98.00979,
            30.656191
          ],
          [
            -98.009493,
            30.656202
          ],
          [
            -98.009189,
            30.65619
          ],
          [
            -98.008921,
            30.656166
          ],
          [
            -98.00871,
            30.656133
          ],
          [
            -98.00849,
            30.656091
          ],
          [
            -98.008263,
            30.656028
          ],
          [
            -98.007389,
            30.655765
          ],
          [
            -98.006681,
            30.655557
          ],
          [
            -98.00603,
            30.655355
          ],
          [
            -98.005776,
            30.655276
          ],
          [
            -98.005092,
            30.655068
          ],
          [
            -98.003282,
            30.654525
          ],
          [
            -98.002923,
            30.654433
          ],
          [
            -98.002532,
            30.65437
          ],
          [
            -98.002284,
            30.654346
          ],
          [
            -98.001949,
            30.654327
          ],
          [
            -98.001643,
            30.654332
          ],
          [
            -98.001375,
            30.654354
          ],
          [
            -98.001162,
            30.654374
          ],
          [
            -98.000869,
            30.654427
          ],
          [
            -97.999198,
            30.654738
          ],
          [
            -97.99837,
            30.654895
          ],
          [
            -97.996685,
            30.655209
          ],
          [
            -97.996387,
            30.655244
          ],
          [
            -97.996147,
            30.655266
          ],
          [
            -97.995856,
            30.655263
          ],
          [
            -97.995608,
            30.655261
          ],
          [
            -97.995338,
            30.655224
          ],
          [
            -97.995003,
            30.655157
          ],
          [
            -97.994698,
            30.655081
          ],
          [
            -97.99433,
            30.654951
          ],
          [
            -97.992844,
            30.654387
          ],
          [
            -97.989383,
            30.65302
          ],
          [
            -97.988999,
            30.65286
          ],
          [
            -97.988448,
            30.652646
          ],
          [
            -97.987484,
            30.652271
          ],
          [
            -97.987403,
            30.652238
          ],
          [
            -97.985746,
            30.651592
          ],
          [
            -97.983751,
            30.650796
          ],
          [
            -97.983418,
            30.650687
          ],
          [
            -97.982921,
            30.650543
          ],
          [
            -97.982571,
            30.650471
          ],
          [
            -97.98217,
            30.650416
          ],
          [
            -97.981808,
            30.650403
          ],
          [
            -97.981393,
            30.650432
          ],
          [
            -97.98078,
            30.650515
          ],
          [
            -97.979496,
            30.650708
          ],
          [
            -97.970803,
            30.652001
          ],
          [
            -97.968178,
            30.65238
          ],
          [
            -97.967468,
            30.652496
          ],
          [
            -97.967264,
            30.652537
          ],
          [
            -97.967087,
            30.652584
          ],
          [
            -97.966639,
            30.652717
          ],
          [
            -97.966497,
            30.652769
          ],
          [
            -97.96626,
            30.652873
          ],
          [
            -97.96598,
            30.653019
          ],
          [
            -97.965697,
            30.653188
          ],
          [
            -97.9654,
            30.653392
          ],
          [
            -97.965069,
            30.653646
          ],
          [
            -97.964985,
            30.653704
          ],
          [
            -97.964167,
            30.654367
          ],
          [
            -97.963955,
            30.654512
          ],
          [
            -97.963669,
            30.654705
          ],
          [
            -97.960347,
            30.656555
          ],
          [
            -97.959888,
            30.656785
          ],
          [
            -97.959489,
            30.656955
          ],
          [
            -97.959108,
            30.657088
          ],
          [
            -97.958469,
            30.657286
          ],
          [
            -97.957096,
            30.657698
          ],
          [
            -97.956567,
            30.657859
          ],
          [
            -97.954103,
            30.658607
          ],
          [
            -97.950823,
            30.659581
          ],
          [
            -97.948737,
            30.660208
          ],
          [
            -97.948408,
            30.660299
          ],
          [
            -97.948088,
            30.660366
          ],
          [
            -97.947554,
            30.660453
          ],
          [
            -97.947397,
            30.660468
          ],
          [
            -97.947252,
            30.660475
          ],
          [
            -97.947175,
            30.660472
          ],
          [
            -97.946867,
            30.660468
          ],
          [
            -97.946188,
            30.660441
          ],
          [
            -97.945659,
            30.660408
          ],
          [
            -97.945179,
            30.660378
          ],
          [
            -97.944953,
            30.660364
          ],
          [
            -97.943819,
            30.6603
          ],
          [
            -97.943528,
            30.660299
          ],
          [
            -97.942797,
            30.660265
          ],
          [
            -97.94224,
            30.660234
          ],
          [
            -97.941868,
            30.660209
          ],
          [
            -97.941413,
            30.660185
          ],
          [
            -97.941186,
            30.660152
          ],
          [
            -97.939919,
            30.659965
          ],
          [
            -97.939637,
            30.659939
          ],
          [
            -97.939291,
            30.659933
          ],
          [
            -97.938883,
            30.659966
          ],
          [
            -97.93826,
            30.66005
          ],
          [
            -97.937536,
            30.660143
          ],
          [
            -97.936769,
            30.660236
          ],
          [
            -97.936359,
            30.660286
          ],
          [
            -97.935887,
            30.660375
          ],
          [
            -97.935112,
            30.660608
          ],
          [
            -97.934871,
            30.660687
          ],
          [
            -97.933781,
            30.661047
          ],
          [
            -97.933428,
            30.661182
          ],
          [
            -97.933283,
            30.661246
          ],
          [
            -97.933002,
            30.66137
          ],
          [
            -97.932647,
            30.661526
          ],
          [
            -97.932075,
            30.661793
          ],
          [
            -97.931894,
            30.661877
          ],
          [
            -97.93177,
            30.661927
          ],
          [
            -97.931675,
            30.661962
          ],
          [
            -97.931588,
            30.661996
          ],
          [
            -97.931156,
            30.662139
          ],
          [
            -97.930856,
            30.662222
          ],
          [
            -97.930603,
            30.662293
          ],
          [
            -97.930154,
            30.662415
          ],
          [
            -97.929587,
            30.662561
          ],
          [
            -97.928791,
            30.662753
          ],
          [
            -97.928097,
            30.662972
          ],
          [
            -97.927909,
            30.663051
          ],
          [
            -97.92785,
            30.663076
          ],
          [
            -97.926816,
            30.663531
          ],
          [
            -97.926442,
            30.663694
          ],
          [
            -97.926339,
            30.663731
          ],
          [
            -97.925934,
            30.663872
          ],
          [
            -97.925435,
            30.664035
          ],
          [
            -97.924629,
            30.664279
          ],
          [
            -97.924342,
            30.664376
          ],
          [
            -97.924112,
            30.664448
          ],
          [
            -97.923757,
            30.66455
          ],
          [
            -97.923251,
            30.664712
          ],
          [
            -97.922733,
            30.664899
          ],
          [
            -97.922444,
            30.664486
          ],
          [
            -97.922269,
            30.664303
          ],
          [
            -97.921994,
            30.664004
          ],
          [
            -97.921923,
            30.663928
          ],
          [
            -97.921817,
            30.663813
          ],
          [
            -97.921733,
            30.663732
          ],
          [
            -97.92168,
            30.66368
          ],
          [
            -97.921551,
            30.663562
          ],
          [
            -97.921449,
            30.663492
          ],
          [
            -97.921417,
            30.663455
          ],
          [
            -97.921371,
            30.663391
          ],
          [
            -97.921365,
            30.663344
          ],
          [
            -97.921355,
            30.663325
          ],
          [
            -97.921342,
            30.663301
          ],
          [
            -97.921304,
            30.663267
          ],
          [
            -97.921255,
            30.663245
          ],
          [
            -97.921199,
            30.663238
          ],
          [
            -97.921143,
            30.663247
          ],
          [
            -97.921094,
            30.663271
          ],
          [
            -97.921079,
            30.663286
          ],
          [
            -97.921057,
            30.663308
          ],
          [
            -97.920985,
            30.663327
          ],
          [
            -97.920766,
            30.663336
          ],
          [
            -97.92069,
            30.663376
          ],
          [
            -97.920582,
            30.663388
          ],
          [
            -97.920321,
            30.663416
          ],
          [
            -97.919249,
            30.663564
          ],
          [
            -97.919021,
            30.663596
          ],
          [
            -97.91884,
            30.663625
          ],
          [
            -97.918312,
            30.663699
          ],
          [
            -97.916911,
            30.663911
          ],
          [
            -97.916265,
            30.664009
          ],
          [
            -97.915567,
            30.664087
          ],
          [
            -97.915405,
            30.664101
          ],
          [
            -97.915059,
            30.664115
          ],
          [
            -97.914935,
            30.664124
          ],
          [
            -97.914634,
            30.66415
          ],
          [
            -97.914502,
            30.664161
          ],
          [
            -97.914279,
            30.664228
          ],
          [
            -97.914131,
            30.664332
          ],
          [
            -97.914042,
            30.664425
          ],
          [
            -97.913876,
            30.664572
          ],
          [
            -97.913783,
            30.664632
          ],
          [
            -97.913594,
            30.664706
          ],
          [
            -97.911325,
            30.665396
          ],
          [
            -97.91123,
            30.665425
          ],
          [
            -97.911014,
            30.665491
          ],
          [
            -97.91077,
            30.665565
          ],
          [
            -97.910695,
            30.665588
          ],
          [
            -97.910656,
            30.665599
          ],
          [
            -97.910343,
            30.665686
          ],
          [
            -97.91028,
            30.6657
          ],
          [
            -97.910102,
            30.665739
          ],
          [
            -97.909915,
            30.665747
          ],
          [
            -97.909739,
            30.665738
          ],
          [
            -97.909607,
            30.66572
          ],
          [
            -97.909371,
            30.665672
          ],
          [
            -97.909351,
            30.665668
          ],
          [
            -97.909229,
            30.665643
          ],
          [
            -97.909046,
            30.665606
          ],
          [
            -97.908677,
            30.665529
          ],
          [
            -97.908139,
            30.665417
          ],
          [
            -97.908053,
            30.665399
          ],
          [
            -97.907724,
            30.665314
          ],
          [
            -97.90762,
            30.665286
          ],
          [
            -97.9072,
            30.665175
          ],
          [
            -97.906799,
            30.665097
          ],
          [
            -97.9067,
            30.665094
          ],
          [
            -97.906613,
            30.66511
          ],
          [
            -97.906549,
            30.665152
          ],
          [
            -97.906341,
            30.665441
          ],
          [
            -97.906135,
            30.665337
          ],
          [
            -97.905668,
            30.665102
          ],
          [
            -97.905256,
            30.664894
          ],
          [
            -97.905123,
            30.664826
          ],
          [
            -97.904461,
            30.664523
          ],
          [
            -97.90272,
            30.663721
          ],
          [
            -97.902171,
            30.663477
          ],
          [
            -97.901462,
            30.663144
          ],
          [
            -97.901112,
            30.662994
          ],
          [
            -97.900887,
            30.662898
          ],
          [
            -97.900565,
            30.662759
          ],
          [
            -97.900047,
            30.662537
          ],
          [
            -97.898854,
            30.662038
          ],
          [
            -97.898526,
            30.661901
          ],
          [
            -97.898001,
            30.661674
          ],
          [
            -97.897801,
            30.661587
          ],
          [
            -97.897485,
            30.66146
          ],
          [
            -97.897143,
            30.661321
          ],
          [
            -97.896889,
            30.661217
          ],
          [
            -97.896803,
            30.661182
          ],
          [
            -97.896287,
            30.660969
          ],
          [
            -97.896179,
            30.660928
          ],
          [
            -97.895584,
            30.660692
          ],
          [
            -97.895332,
            30.660585
          ],
          [
            -97.895239,
            30.660547
          ],
          [
            -97.895221,
            30.66054
          ],
          [
            -97.894732,
            30.660343
          ],
          [
            -97.894327,
            30.660194
          ],
          [
            -97.893877,
            30.660039
          ],
          [
            -97.892972,
            30.659675
          ],
          [
            -97.891423,
            30.659053
          ],
          [
            -97.890943,
            30.65886
          ],
          [
            -97.890893,
            30.65884
          ],
          [
            -97.890859,
            30.658827
          ],
          [
            -97.890381,
            30.65864
          ],
          [
            -97.890042,
            30.658511
          ],
          [
            -97.889555,
            30.658326
          ],
          [
            -97.889497,
            30.658303
          ],
          [
            -97.889362,
            30.658252
          ],
          [
            -97.888734,
            30.658013
          ],
          [
            -97.888655,
            30.657986
          ],
          [
            -97.888065,
            30.657781
          ],
          [
            -97.887273,
            30.657506
          ],
          [
            -97.886897,
            30.657376
          ],
          [
            -97.886513,
            30.657242
          ],
          [
            -97.884947,
            30.656709
          ],
          [
            -97.88417,
            30.656426
          ],
          [
            -97.882707,
            30.655913
          ],
          [
            -97.882196,
            30.655734
          ],
          [
            -97.881379,
            30.655451
          ],
          [
            -97.879757,
            30.654888
          ],
          [
            -97.878941,
            30.654578
          ],
          [
            -97.87838,
            30.654371
          ],
          [
            -97.877518,
            30.654053
          ],
          [
            -97.877366,
            30.653993
          ],
          [
            -97.876652,
            30.653725
          ],
          [
            -97.876399,
            30.653085
          ],
          [
            -97.876099,
            30.652364
          ],
          [
            -97.875765,
            30.651543
          ],
          [
            -97.875686,
            30.651349
          ],
          [
            -97.875241,
            30.650286
          ],
          [
            -97.874934,
            30.649554
          ],
          [
            -97.874303,
            30.64804
          ],
          [
            -97.87277,
            30.644369
          ],
          [
            -97.87262,
            30.644009
          ],
          [
            -97.872537,
            30.643808
          ],
          [
            -97.872388,
            30.643456
          ],
          [
            -97.87224,
            30.643106
          ],
          [
            -97.872022,
            30.642658
          ],
          [
            -97.871395,
            30.641495
          ],
          [
            -97.870222,
            30.639642
          ],
          [
            -97.869886,
            30.639136
          ],
          [
            -97.869514,
            30.638575
          ],
          [
            -97.8691,
            30.637843
          ],
          [
            -97.868824,
            30.637352
          ],
          [
            -97.868516,
            30.636708
          ],
          [
            -97.868121,
            30.635823
          ],
          [
            -97.8681,
            30.635776
          ],
          [
            -97.867315,
            30.633833
          ],
          [
            -97.867252,
            30.633686
          ],
          [
            -97.866993,
            30.633084
          ],
          [
            -97.86669,
            30.632351
          ],
          [
            -97.866409,
            30.631669
          ],
          [
            -97.865725,
            30.630014
          ],
          [
            -97.865487,
            30.629516
          ],
          [
            -97.865293,
            30.629003
          ],
          [
            -97.86516,
            30.62868
          ],
          [
            -97.865137,
            30.628625
          ],
          [
            -97.865073,
            30.62847
          ],
          [
            -97.864848,
            30.627952
          ],
          [
            -97.864802,
            30.627845
          ],
          [
            -97.864502,
            30.627106
          ],
          [
            -97.864292,
            30.626696
          ],
          [
            -97.863945,
            30.626018
          ],
          [
            -97.863543,
            30.625232
          ],
          [
            -97.863475,
            30.625105
          ],
          [
            -97.863112,
            30.624389
          ],
          [
            -97.86291,
            30.623991
          ],
          [
            -97.862788,
            30.62375
          ],
          [
            -97.862743,
            30.623671
          ],
          [
            -97.862421,
            30.623031
          ],
          [
            -97.861668,
            30.621516
          ],
          [
            -97.861063,
            30.620354
          ],
          [
            -97.860684,
            30.619552
          ],
          [
            -97.860529,
            30.619172
          ],
          [
            -97.86043,
            30.618827
          ],
          [
            -97.860393,
            30.618682
          ],
          [
            -97.860313,
            30.618364
          ],
          [
            -97.86024,
            30.617964
          ],
          [
            -97.860188,
            30.617491
          ],
          [
            -97.860186,
            30.617023
          ],
          [
            -97.860222,
            30.616535
          ],
          [
            -97.860275,
            30.616096
          ],
          [
            -97.860876,
            30.6126
          ],
          [
            -97.861108,
            30.611252
          ],
          [
            -97.861184,
            30.610741
          ],
          [
            -97.861227,
            30.610343
          ],
          [
            -97.86123,
            30.610289
          ],
          [
            -97.861257,
            30.609852
          ],
          [
            -97.861277,
            30.609342
          ],
          [
            -97.861283,
            30.608921
          ],
          [
            -97.861272,
            30.608575
          ],
          [
            -97.861235,
            30.608007
          ],
          [
            -97.861187,
            30.607496
          ],
          [
            -97.861146,
            30.607235
          ],
          [
            -97.861005,
            30.606326
          ],
          [
            -97.860875,
            30.605804
          ],
          [
            -97.86084,
            30.605668
          ],
          [
            -97.860779,
            30.605436
          ],
          [
            -97.861123,
            30.605348
          ],
          [
            -97.861169,
            30.60533
          ],
          [
            -97.861248,
            30.605294
          ],
          [
            -97.861379,
            30.605202
          ],
          [
            -97.861445,
            30.605148
          ],
          [
            -97.861496,
            30.605097
          ],
          [
            -97.861588,
            30.604979
          ],
          [
            -97.861607,
            30.604953
          ],
          [
            -97.861644,
            30.604889
          ],
          [
            -97.86167,
            30.604819
          ],
          [
            -97.861693,
            30.604761
          ],
          [
            -97.861705,
            30.60472
          ],
          [
            -97.861717,
            30.604654
          ],
          [
            -97.861732,
            30.604442
          ],
          [
            -97.861726,
            30.604371
          ],
          [
            -97.861712,
            30.604301
          ],
          [
            -97.861683,
            30.604186
          ],
          [
            -97.861638,
            30.604058
          ],
          [
            -97.861567,
            30.603873
          ],
          [
            -97.861499,
            30.603679
          ],
          [
            -97.861407,
            30.603473
          ],
          [
            -97.861296,
            30.603261
          ],
          [
            -97.861279,
            30.603217
          ],
          [
            -97.861209,
            30.603009
          ],
          [
            -97.86112,
            30.602695
          ],
          [
            -97.861108,
            30.602644
          ],
          [
            -97.861022,
            30.602259
          ],
          [
            -97.861014,
            30.601996
          ],
          [
            -97.861013,
            30.601956
          ],
          [
            -97.86103,
            30.601565
          ],
          [
            -97.861037,
            30.601538
          ],
          [
            -97.861133,
            30.601129
          ],
          [
            -97.861263,
            30.600781
          ],
          [
            -97.861271,
            30.600759
          ],
          [
            -97.861545,
            30.600261
          ],
          [
            -97.861709,
            30.599951
          ],
          [
            -97.861812,
            30.599728
          ],
          [
            -97.861869,
            30.599588
          ],
          [
            -97.861907,
            30.599482
          ],
          [
            -97.86194,
            30.599371
          ],
          [
            -97.86197,
            30.599259
          ],
          [
            -97.861992,
            30.599156
          ],
          [
            -97.862008,
            30.599051
          ],
          [
            -97.862025,
            30.598933
          ],
          [
            -97.862038,
            30.598803
          ],
          [
            -97.862043,
            30.598661
          ],
          [
            -97.862046,
            30.59852
          ],
          [
            -97.862042,
            30.598405
          ],
          [
            -97.862034,
            30.598296
          ],
          [
            -97.862019,
            30.598172
          ],
          [
            -97.861997,
            30.598067
          ],
          [
            -97.861971,
            30.597956
          ],
          [
            -97.861938,
            30.597842
          ],
          [
            -97.861874,
            30.597651
          ],
          [
            -97.861833,
            30.597548
          ],
          [
            -97.861775,
            30.597411
          ],
          [
            -97.861707,
            30.597276
          ],
          [
            -97.861631,
            30.597144
          ],
          [
            -97.861537,
            30.596997
          ],
          [
            -97.861419,
            30.596835
          ],
          [
            -97.86127,
            30.596653
          ],
          [
            -97.861129,
            30.596488
          ],
          [
            -97.860763,
            30.596081
          ],
          [
            -97.860662,
            30.595963
          ],
          [
            -97.860561,
            30.595834
          ],
          [
            -97.860461,
            30.595695
          ],
          [
            -97.860376,
            30.59556
          ],
          [
            -97.860297,
            30.595432
          ],
          [
            -97.860203,
            30.595263
          ],
          [
            -97.860139,
            30.595136
          ],
          [
            -97.860074,
            30.594993
          ],
          [
            -97.859915,
            30.594621
          ],
          [
            -97.85954,
            30.593743
          ],
          [
            -97.859123,
            30.592703
          ],
          [
            -97.858861,
            30.592053
          ],
          [
            -97.858649,
            30.591548
          ],
          [
            -97.858055,
            30.590116
          ],
          [
            -97.857906,
            30.589758
          ],
          [
            -97.857793,
            30.589484
          ],
          [
            -97.857475,
            30.588714
          ],
          [
            -97.857343,
            30.588394
          ],
          [
            -97.857243,
            30.588153
          ],
          [
            -97.857172,
            30.587986
          ],
          [
            -97.857029,
            30.587686
          ],
          [
            -97.856904,
            30.587463
          ],
          [
            -97.85685,
            30.587367
          ],
          [
            -97.856638,
            30.587022
          ],
          [
            -97.856399,
            30.586657
          ],
          [
            -97.856223,
            30.586423
          ],
          [
            -97.855962,
            30.58602
          ],
          [
            -97.855835,
            30.585798
          ],
          [
            -97.855728,
            30.585582
          ],
          [
            -97.855614,
            30.585312
          ],
          [
            -97.855414,
            30.584818
          ],
          [
            -97.855169,
            30.584209
          ],
          [
            -97.854997,
            30.583793
          ],
          [
            -97.854747,
            30.583186
          ],
          [
            -97.854691,
            30.583048
          ]
        ]
      }
    }
  ]
}
