{
  "type": "FeatureCollection",
  "features": [
    {
      "type": "Feature",
      "properties": {
        "route": "Saturday Dawn Lake Granger Loop",
        "category": "Lakes & Rivers",
        "color": "#2980b9",
        "distance_mi": 105.2,
        "waypoints": [
          "Cedar Park (Murphy USA)",
          "Ronald Reagan Blvd",
          "RM 2338",
          "Georgetown",
          "Weir",
          "Granger",
          "Granger Lake Dam",
          "Circleville",
          "Taylor",
          "Coupland",
          "Hutto",
          "Chandler Road",
          "University Blvd"
        ],
        "via": "Ronald Reagan Blvd North -> FM 3405 -> RM 2338 South -> FM 971 East -> Granger -> FM 1331 (Granger Lake Dam) -> TX 95 South -> Taylor -> FM 1660 -> Chandler Rd -> University Blvd / RM 1431 West",
        "source": "road-snapped"
      },
      "geometry": {
        "type": "LineString",
        "coordinates": [
          [
            -97.782798,
            30.534799
          ],
          [
            -97.782749,
            30.534837
          ],
          [
            -97.782719,
            30.534875
          ],
          [
            -97.782708,
            30.534903
          ],
          [
            -97.782702,
            30.534917
          ],
          [
            -97.782702,
            30.535024
          ],
          [
            -97.782749,
            30.535143
          ],
          [
            -97.782826,
            30.535339
          ],
          [
            -97.782942,
            30.535569
          ],
          [
            -97.783187,
            30.535975
          ],
          [
            -97.783231,
            30.536042
          ],
          [
            -97.783319,
            30.536169
          ],
          [
            -97.783504,
            30.536418
          ],
          [
            -97.783731,
            30.536688
          ],
          [
            -97.783976,
            30.536934
          ],
          [
            -97.784183,
            30.537125
          ],
          [
            -97.78439,
            30.537295
          ],
          [
            -97.784586,
            30.53745
          ],
          [
            -97.784823,
            30.537628
          ],
          [
            -97.78509,
            30.537802
          ],
          [
            -97.786202,
            30.53848
          ],
          [
            -97.788619,
            30.539919
          ],
          [
            -97.789024,
            30.540164
          ],
          [
            -97.789588,
            30.540522
          ],
          [
            -97.789813,
            30.540697
          ],
          [
            -97.790128,
            30.540959
          ],
          [
            -97.79037,
            30.541183
          ],
          [
            -97.790484,
            30.541299
          ],
          [
            -97.79076,
            30.541578
          ],
          [
            -97.791088,
            30.542019
          ],
          [
            -97.791305,
            30.542369
          ],
          [
            -97.791417,
            30.54259
          ],
          [
            -97.79148,
            30.542735
          ],
          [
            -97.791671,
            30.543161
          ],
          [
            -97.79202,
            30.544059
          ],
          [
            -97.792319,
            30.544829
          ],
          [
            -97.792592,
            30.545549
          ],
          [
            -97.792749,
            30.545969
          ],
          [
            -97.792778,
            30.546047
          ],
          [
            -97.792849,
            30.546235
          ],
          [
            -97.793206,
            30.547199
          ],
          [
            -97.793386,
            30.547647
          ],
          [
            -97.793588,
            30.548176
          ],
          [
            -97.793758,
            30.54858
          ],
          [
            -97.79424,
            30.549724
          ],
          [
            -97.794564,
            30.550452
          ],
          [
            -97.794712,
            30.550805
          ],
          [
            -97.794855,
            30.551161
          ],
          [
            -97.795188,
            30.552011
          ],
          [
            -97.795545,
            30.5529
          ],
          [
            -97.795885,
            30.55371
          ],
          [
            -97.796369,
            30.554764
          ],
          [
            -97.796579,
            30.5552
          ],
          [
            -97.796593,
            30.555232
          ],
          [
            -97.797309,
            30.556868
          ],
          [
            -97.797941,
            30.558368
          ],
          [
            -97.798042,
            30.558625
          ],
          [
            -97.798886,
            30.560764
          ],
          [
            -97.799094,
            30.561262
          ],
          [
            -97.799789,
            30.56298
          ],
          [
            -97.800303,
            30.564307
          ],
          [
            -97.800531,
            30.564889
          ],
          [
            -97.800573,
            30.564995
          ],
          [
            -97.801814,
            30.568183
          ],
          [
            -97.801994,
            30.5687
          ],
          [
            -97.802226,
            30.569397
          ],
          [
            -97.802316,
            30.569669
          ],
          [
            -97.802362,
            30.569806
          ],
          [
            -97.802604,
            30.57065
          ],
          [
            -97.802634,
            30.570761
          ],
          [
            -97.802859,
            30.571507
          ],
          [
            -97.803189,
            30.572647
          ],
          [
            -97.803442,
            30.573403
          ],
          [
            -97.803616,
            30.573886
          ],
          [
            -97.80448,
            30.576047
          ],
          [
            -97.804703,
            30.576589
          ],
          [
            -97.804817,
            30.576891
          ],
          [
            -97.805164,
            30.57775
          ],
          [
            -97.805204,
            30.57785
          ],
          [
            -97.80609,
            30.580029
          ],
          [
            -97.806493,
            30.581016
          ],
          [
            -97.806985,
            30.582248
          ],
          [
            -97.807457,
            30.583392
          ],
          [
            -97.807932,
            30.584507
          ],
          [
            -97.80803,
            30.584736
          ],
          [
            -97.808485,
            30.585541
          ],
          [
            -97.808649,
            30.585808
          ],
          [
            -97.809441,
            30.587092
          ],
          [
            -97.80953,
            30.58724
          ],
          [
            -97.809581,
            30.587332
          ],
          [
            -97.810027,
            30.58814
          ],
          [
            -97.810351,
            30.588908
          ],
          [
            -97.810458,
            30.589195
          ],
          [
            -97.810537,
            30.589349
          ],
          [
            -97.811326,
            30.591237
          ],
          [
            -97.811846,
            30.592481
          ],
          [
            -97.812271,
            30.593495
          ],
          [
            -97.812805,
            30.594774
          ],
          [
            -97.812909,
            30.595023
          ],
          [
            -97.813002,
            30.595262
          ],
          [
            -97.813038,
            30.595343
          ],
          [
            -97.81312,
            30.59554
          ],
          [
            -97.813217,
            30.595783
          ],
          [
            -97.813406,
            30.596214
          ],
          [
            -97.813445,
            30.596303
          ],
          [
            -97.813796,
            30.597148
          ],
          [
            -97.814149,
            30.597997
          ],
          [
            -97.814738,
            30.599429
          ],
          [
            -97.814953,
            30.599905
          ],
          [
            -97.815095,
            30.600289
          ],
          [
            -97.815204,
            30.600581
          ],
          [
            -97.815282,
            30.600816
          ],
          [
            -97.815301,
            30.600893
          ],
          [
            -97.815327,
            30.600987
          ],
          [
            -97.815355,
            30.601076
          ],
          [
            -97.815745,
            30.602418
          ],
          [
            -97.816312,
            30.604383
          ],
          [
            -97.816851,
            30.605855
          ],
          [
            -97.816997,
            30.606255
          ],
          [
            -97.817077,
            30.606475
          ],
          [
            -97.817898,
            30.608725
          ],
          [
            -97.818492,
            30.610352
          ],
          [
            -97.81865,
            30.610791
          ],
          [
            -97.819323,
            30.612415
          ],
          [
            -97.819468,
            30.612733
          ],
          [
            -97.820007,
            30.613942
          ],
          [
            -97.820157,
            30.614275
          ],
          [
            -97.820622,
            30.615306
          ],
          [
            -97.821615,
            30.617377
          ],
          [
            -97.821631,
            30.617416
          ],
          [
            -97.821989,
            30.618249
          ],
          [
            -97.822319,
            30.619033
          ],
          [
            -97.822741,
            30.620049
          ],
          [
            -97.823154,
            30.621112
          ],
          [
            -97.823223,
            30.621271
          ],
          [
            -97.823367,
            30.621595
          ],
          [
            -97.823614,
            30.622222
          ],
          [
            -97.823655,
            30.622317
          ],
          [
            -97.823968,
            30.623133
          ],
          [
            -97.825079,
            30.626019
          ],
          [
            -97.825392,
            30.626826
          ],
          [
            -97.826531,
            30.629729
          ],
          [
            -97.82686,
            30.630552
          ],
          [
            -97.827135,
            30.631523
          ],
          [
            -97.827181,
            30.631684
          ],
          [
            -97.82722,
            30.631854
          ],
          [
            -97.827307,
            30.632241
          ],
          [
            -97.827369,
            30.632574
          ],
          [
            -97.827426,
            30.632944
          ],
          [
            -97.827525,
            30.6338
          ],
          [
            -97.827589,
            30.635142
          ],
          [
            -97.82757,
            30.635587
          ],
          [
            -97.827595,
            30.635954
          ],
          [
            -97.827646,
            30.636324
          ],
          [
            -97.827776,
            30.63728
          ],
          [
            -97.82784,
            30.637694
          ],
          [
            -97.826753,
            30.637664
          ],
          [
            -97.826353,
            30.637655
          ],
          [
            -97.826151,
            30.637651
          ],
          [
            -97.825941,
            30.637647
          ],
          [
            -97.825653,
            30.637645
          ],
          [
            -97.819424,
            30.63754
          ],
          [
            -97.81919,
            30.637536
          ],
          [
            -97.817838,
            30.637513
          ],
          [
            -97.817732,
            30.637511
          ],
          [
            -97.817592,
            30.637506
          ],
          [
            -97.817585,
            30.637638
          ],
          [
            -97.817587,
            30.637815
          ],
          [
            -97.81756,
            30.638692
          ],
          [
            -97.817561,
            30.63874
          ],
          [
            -97.817576,
            30.63903
          ],
          [
            -97.817667,
            30.639405
          ],
          [
            -97.817761,
            30.639627
          ],
          [
            -97.817859,
            30.639796
          ],
          [
            -97.817988,
            30.639958
          ],
          [
            -97.818261,
            30.640229
          ],
          [
            -97.818307,
            30.640274
          ],
          [
            -97.818415,
            30.640374
          ],
          [
            -97.81843,
            30.640384
          ],
          [
            -97.818683,
            30.640538
          ],
          [
            -97.819073,
            30.640736
          ],
          [
            -97.819261,
            30.640826
          ],
          [
            -97.821139,
            30.641704
          ],
          [
            -97.821484,
            30.641874
          ],
          [
            -97.821823,
            30.642046
          ],
          [
            -97.822216,
            30.642305
          ],
          [
            -97.822621,
            30.642665
          ],
          [
            -97.822877,
            30.642976
          ],
          [
            -97.823107,
            30.643373
          ],
          [
            -97.823257,
            30.643676
          ],
          [
            -97.823446,
            30.644031
          ],
          [
            -97.82371,
            30.644383
          ],
          [
            -97.823986,
            30.644666
          ],
          [
            -97.824153,
            30.644806
          ],
          [
            -97.824253,
            30.644884
          ],
          [
            -97.824427,
            30.645008
          ],
          [
            -97.824915,
            30.645268
          ],
          [
            -97.82536,
            30.645444
          ],
          [
            -97.825848,
            30.645565
          ],
          [
            -97.826272,
            30.645625
          ],
          [
            -97.826455,
            30.645632
          ],
          [
            -97.826851,
            30.645629
          ],
          [
            -97.827425,
            30.645586
          ],
          [
            -97.828014,
            30.645493
          ],
          [
            -97.828563,
            30.645347
          ],
          [
            -97.829098,
            30.645141
          ],
          [
            -97.829732,
            30.644904
          ],
          [
            -97.829865,
            30.644848
          ],
          [
            -97.83002,
            30.645163
          ],
          [
            -97.830206,
            30.645488
          ],
          [
            -97.830503,
            30.645934
          ],
          [
            -97.830723,
            30.646224
          ],
          [
            -97.830956,
            30.64651
          ],
          [
            -97.831244,
            30.646851
          ],
          [
            -97.831566,
            30.647203
          ],
          [
            -97.83218,
            30.647887
          ],
          [
            -97.833036,
            30.648835
          ],
          [
            -97.834339,
            30.65028
          ],
          [
            -97.834976,
            30.651007
          ],
          [
            -97.835876,
            30.65211
          ],
          [
            -97.835941,
            30.652208
          ],
          [
            -97.836006,
            30.652297
          ],
          [
            -97.836631,
            30.653176
          ],
          [
            -97.837025,
            30.653769
          ],
          [
            -97.837415,
            30.654393
          ],
          [
            -97.837734,
            30.65498
          ],
          [
            -97.838052,
            30.655592
          ],
          [
            -97.838376,
            30.65629
          ],
          [
            -97.838529,
            30.656639
          ],
          [
            -97.838678,
            30.657007
          ],
          [
            -97.838784,
            30.657264
          ],
          [
            -97.838843,
            30.657422
          ],
          [
            -97.839137,
            30.658221
          ],
          [
            -97.839413,
            30.659043
          ],
          [
            -97.839555,
            30.659561
          ],
          [
            -97.839677,
            30.660108
          ],
          [
            -97.839768,
            30.660678
          ],
          [
            -97.839819,
            30.661116
          ],
          [
            -97.839933,
            30.662072
          ],
          [
            -97.840032,
            30.663193
          ],
          [
            -97.840045,
            30.663532
          ],
          [
            -97.840043,
            30.663591
          ],
          [
            -97.840047,
            30.663729
          ],
          [
            -97.840052,
            30.664011
          ],
          [
            -97.840051,
            30.664079
          ],
          [
            -97.840059,
            30.665685
          ],
          [
            -97.840108,
            30.66747
          ],
          [
            -97.840116,
            30.668799
          ],
          [
            -97.840132,
            30.670262
          ],
          [
            -97.840129,
            30.670889
          ],
          [
            -97.840145,
            30.672278
          ],
          [
            -97.840229,
            30.673629
          ],
          [
            -97.840395,
            30.674878
          ],
          [
            -97.840593,
            30.675932
          ],
          [
            -97.840828,
            30.67692
          ],
          [
            -97.84107,
            30.677764
          ],
          [
            -97.841295,
            30.678441
          ],
          [
            -97.841747,
            30.679724
          ],
          [
            -97.841791,
            30.679852
          ],
          [
            -97.842231,
            30.681059
          ],
          [
            -97.842662,
            30.68229
          ],
          [
            -97.84272,
            30.682481
          ],
          [
            -97.843191,
            30.683825
          ],
          [
            -97.843308,
            30.684162
          ],
          [
            -97.843577,
            30.68492
          ],
          [
            -97.84435,
            30.687079
          ],
          [
            -97.845154,
            30.689326
          ],
          [
            -97.846214,
            30.692246
          ],
          [
            -97.84644,
            30.692825
          ],
          [
            -97.846688,
            30.693364
          ],
          [
            -97.846943,
            30.693853
          ],
          [
            -97.847205,
            30.694327
          ],
          [
            -97.848966,
            30.697228
          ],
          [
            -97.84963,
            30.698291
          ],
          [
            -97.851016,
            30.700448
          ],
          [
            -97.851405,
            30.701088
          ],
          [
            -97.851625,
            30.701503
          ],
          [
            -97.851813,
            30.702057
          ],
          [
            -97.851852,
            30.702472
          ],
          [
            -97.851899,
            30.703039
          ],
          [
            -97.851865,
            30.703403
          ],
          [
            -97.851856,
            30.7035
          ],
          [
            -97.851749,
            30.704037
          ],
          [
            -97.851613,
            30.704603
          ],
          [
            -97.851589,
            30.704704
          ],
          [
            -97.851387,
            30.704665
          ],
          [
            -97.850782,
            30.704547
          ],
          [
            -97.849862,
            30.704388
          ],
          [
            -97.848929,
            30.704206
          ],
          [
            -97.847997,
            30.704021
          ],
          [
            -97.847568,
            30.703942
          ],
          [
            -97.847193,
            30.703873
          ],
          [
            -97.84654,
            30.703754
          ],
          [
            -97.846026,
            30.703655
          ],
          [
            -97.841762,
            30.702837
          ],
          [
            -97.841447,
            30.702778
          ],
          [
            -97.840913,
            30.702678
          ],
          [
            -97.840708,
            30.702639
          ],
          [
            -97.840359,
            30.702578
          ],
          [
            -97.840144,
            30.702538
          ],
          [
            -97.839764,
            30.702498
          ],
          [
            -97.839457,
            30.702481
          ],
          [
            -97.839383,
            30.702477
          ],
          [
            -97.838999,
            30.702488
          ],
          [
            -97.838617,
            30.702507
          ],
          [
            -97.837603,
            30.702587
          ],
          [
            -97.837319,
            30.702611
          ],
          [
            -97.836556,
            30.702673
          ],
          [
            -97.836019,
            30.702716
          ],
          [
            -97.835446,
            30.702759
          ],
          [
            -97.834959,
            30.702784
          ],
          [
            -97.83489,
            30.70279
          ],
          [
            -97.83483,
            30.702794
          ],
          [
            -97.834652,
            30.702808
          ],
          [
            -97.834201,
            30.702862
          ],
          [
            -97.834034,
            30.702875
          ],
          [
            -97.833177,
            30.702945
          ],
          [
            -97.83228,
            30.703017
          ],
          [
            -97.831397,
            30.703088
          ],
          [
            -97.829973,
            30.703202
          ],
          [
            -97.828708,
            30.703301
          ],
          [
            -97.828461,
            30.703322
          ],
          [
            -97.828054,
            30.703355
          ],
          [
            -97.827158,
            30.703424
          ],
          [
            -97.824881,
            30.703605
          ],
          [
            -97.824632,
            30.703623
          ],
          [
            -97.82424,
            30.703644
          ],
          [
            -97.82358,
            30.7037
          ],
          [
            -97.823542,
            30.703703
          ],
          [
            -97.821878,
            30.703841
          ],
          [
            -97.821352,
            30.703922
          ],
          [
            -97.821089,
            30.703971
          ],
          [
            -97.820813,
            30.704036
          ],
          [
            -97.820766,
            30.704048
          ],
          [
            -97.820385,
            30.70415
          ],
          [
            -97.819833,
            30.704331
          ],
          [
            -97.81974,
            30.704372
          ],
          [
            -97.819324,
            30.704543
          ],
          [
            -97.819125,
            30.704644
          ],
          [
            -97.818773,
            30.704826
          ],
          [
            -97.818435,
            30.70503
          ],
          [
            -97.817595,
            30.705598
          ],
          [
            -97.817052,
            30.705965
          ],
          [
            -97.816464,
            30.706356
          ],
          [
            -97.815711,
            30.706909
          ],
          [
            -97.815587,
            30.706991
          ],
          [
            -97.815396,
            30.70712
          ],
          [
            -97.814677,
            30.707602
          ],
          [
            -97.814256,
            30.707893
          ],
          [
            -97.813918,
            30.708121
          ],
          [
            -97.813467,
            30.708432
          ],
          [
            -97.813016,
            30.708744
          ],
          [
            -97.812594,
            30.709037
          ],
          [
            -97.812174,
            30.709322
          ],
          [
            -97.811963,
            30.709465
          ],
          [
            -97.811756,
            30.709597
          ],
          [
            -97.811518,
            30.709744
          ],
          [
            -97.811274,
            30.709879
          ],
          [
            -97.810929,
            30.710064
          ],
          [
            -97.810097,
            30.710503
          ],
          [
            -97.808875,
            30.711145
          ],
          [
            -97.808289,
            30.711451
          ],
          [
            -97.80753,
            30.711851
          ],
          [
            -97.806645,
            30.712317
          ],
          [
            -97.806203,
            30.71255
          ],
          [
            -97.805768,
            30.71278
          ],
          [
            -97.805501,
            30.712915
          ],
          [
            -97.805232,
            30.713042
          ],
          [
            -97.805037,
            30.713122
          ],
          [
            -97.804925,
            30.713158
          ],
          [
            -97.804703,
            30.713227
          ],
          [
            -97.804565,
            30.713268
          ],
          [
            -97.804427,
            30.713303
          ],
          [
            -97.804215,
            30.71335
          ],
          [
            -97.804141,
            30.713362
          ],
          [
            -97.803864,
            30.713403
          ],
          [
            -97.803495,
            30.713436
          ],
          [
            -97.80321,
            30.713444
          ],
          [
            -97.80293,
            30.713432
          ],
          [
            -97.802776,
            30.713413
          ],
          [
            -97.802609,
            30.713396
          ],
          [
            -97.802292,
            30.713355
          ],
          [
            -97.801721,
            30.713271
          ],
          [
            -97.801422,
            30.713227
          ],
          [
            -97.800851,
            30.713141
          ],
          [
            -97.800025,
            30.713017
          ],
          [
            -97.799044,
            30.71287
          ],
          [
            -97.798827,
            30.712837
          ],
          [
            -97.798395,
            30.712856
          ],
          [
            -97.798424,
            30.712777
          ],
          [
            -97.797833,
            30.712692
          ],
          [
            -97.79719,
            30.712621
          ],
          [
            -97.796968,
            30.712601
          ],
          [
            -97.79662,
            30.712573
          ],
          [
            -97.796336,
            30.712545
          ],
          [
            -97.795955,
            30.712518
          ],
          [
            -97.795177,
            30.712461
          ],
          [
            -97.794896,
            30.712439
          ],
          [
            -97.794568,
            30.712413
          ],
          [
            -97.794243,
            30.712388
          ],
          [
            -97.793595,
            30.712334
          ],
          [
            -97.793346,
            30.712311
          ],
          [
            -97.793078,
            30.712266
          ],
          [
            -97.792815,
            30.712202
          ],
          [
            -97.792561,
            30.71213
          ],
          [
            -97.792391,
            30.712061
          ],
          [
            -97.79233,
            30.712033
          ],
          [
            -97.792109,
            30.71193
          ],
          [
            -97.79194,
            30.711841
          ],
          [
            -97.791824,
            30.711764
          ],
          [
            -97.791744,
            30.711715
          ],
          [
            -97.791585,
            30.711617
          ],
          [
            -97.791536,
            30.711581
          ],
          [
            -97.791393,
            30.711478
          ],
          [
            -97.79136,
            30.711454
          ],
          [
            -97.791162,
            30.711317
          ],
          [
            -97.791096,
            30.711274
          ],
          [
            -97.790576,
            30.710927
          ],
          [
            -97.790303,
            30.710751
          ],
          [
            -97.789811,
            30.710404
          ],
          [
            -97.789596,
            30.710276
          ],
          [
            -97.789399,
            30.710149
          ],
          [
            -97.789258,
            30.710063
          ],
          [
            -97.789213,
            30.710035
          ],
          [
            -97.788684,
            30.709686
          ],
          [
            -97.788472,
            30.709546
          ],
          [
            -97.788136,
            30.709345
          ],
          [
            -97.787872,
            30.709175
          ],
          [
            -97.787623,
            30.709016
          ],
          [
            -97.787503,
            30.708936
          ],
          [
            -97.787401,
            30.708867
          ],
          [
            -97.787192,
            30.708712
          ],
          [
            -97.786969,
            30.708536
          ],
          [
            -97.786586,
            30.708187
          ],
          [
            -97.786254,
            30.707859
          ],
          [
            -97.786109,
            30.707715
          ],
          [
            -97.785822,
            30.707432
          ],
          [
            -97.785802,
            30.707412
          ],
          [
            -97.785696,
            30.707313
          ],
          [
            -97.785607,
            30.70723
          ],
          [
            -97.785399,
            30.70706
          ],
          [
            -97.785326,
            30.707008
          ],
          [
            -97.785178,
            30.706903
          ],
          [
            -97.784917,
            30.706752
          ],
          [
            -97.784888,
            30.706735
          ],
          [
            -97.784379,
            30.70649
          ],
          [
            -97.784242,
            30.706422
          ],
          [
            -97.783477,
            30.70604
          ],
          [
            -97.782788,
            30.705698
          ],
          [
            -97.78257,
            30.705587
          ],
          [
            -97.782348,
            30.705484
          ],
          [
            -97.78212,
            30.705384
          ],
          [
            -97.781888,
            30.705306
          ],
          [
            -97.781671,
            30.705246
          ],
          [
            -97.781431,
            30.705198
          ],
          [
            -97.780976,
            30.70512
          ],
          [
            -97.780036,
            30.70497
          ],
          [
            -97.779768,
            30.704939
          ],
          [
            -97.77971,
            30.704933
          ],
          [
            -97.779557,
            30.704922
          ],
          [
            -97.779402,
            30.704918
          ],
          [
            -97.779101,
            30.704927
          ],
          [
            -97.778874,
            30.704947
          ],
          [
            -97.778616,
            30.704987
          ],
          [
            -97.778362,
            30.705043
          ],
          [
            -97.778108,
            30.705103
          ],
          [
            -97.778024,
            30.705134
          ],
          [
            -97.777598,
            30.705294
          ],
          [
            -97.777546,
            30.705313
          ],
          [
            -97.777275,
            30.705412
          ],
          [
            -97.776034,
            30.705871
          ],
          [
            -97.774964,
            30.706267
          ],
          [
            -97.774526,
            30.706429
          ],
          [
            -97.773814,
            30.706701
          ],
          [
            -97.77251,
            30.707178
          ],
          [
            -97.771945,
            30.707387
          ],
          [
            -97.770212,
            30.708025
          ],
          [
            -97.770041,
            30.708088
          ],
          [
            -97.76982,
            30.708175
          ],
          [
            -97.769602,
            30.708256
          ],
          [
            -97.769001,
            30.708477
          ],
          [
            -97.768763,
            30.708569
          ],
          [
            -97.768473,
            30.708674
          ],
          [
            -97.766549,
            30.709388
          ],
          [
            -97.764766,
            30.710044
          ],
          [
            -97.764426,
            30.710169
          ],
          [
            -97.764224,
            30.710243
          ],
          [
            -97.763854,
            30.710379
          ],
          [
            -97.76333,
            30.710579
          ],
          [
            -97.763271,
            30.710605
          ],
          [
            -97.762951,
            30.710775
          ],
          [
            -97.76275,
            30.710924
          ],
          [
            -97.762598,
            30.711051
          ],
          [
            -97.762542,
            30.71111
          ],
          [
            -97.762369,
            30.711293
          ],
          [
            -97.762223,
            30.711517
          ],
          [
            -97.762118,
            30.71173
          ],
          [
            -97.762027,
            30.711971
          ],
          [
            -97.762023,
            30.711982
          ],
          [
            -97.761956,
            30.712149
          ],
          [
            -97.761485,
            30.711995
          ],
          [
            -97.761306,
            30.711937
          ],
          [
            -97.761102,
            30.711856
          ],
          [
            -97.760831,
            30.711747
          ],
          [
            -97.760731,
            30.711697
          ],
          [
            -97.760603,
            30.711633
          ],
          [
            -97.76043,
            30.711555
          ],
          [
            -97.760142,
            30.711395
          ],
          [
            -97.759943,
            30.71128
          ],
          [
            -97.75963,
            30.711057
          ],
          [
            -97.7579,
            30.709907
          ],
          [
            -97.757804,
            30.710012
          ],
          [
            -97.7579,
            30.709907
          ],
          [
            -97.757791,
            30.709833
          ],
          [
            -97.755781,
            30.708394
          ],
          [
            -97.755753,
            30.708375
          ],
          [
            -97.755402,
            30.708125
          ],
          [
            -97.755349,
            30.708087
          ],
          [
            -97.755329,
            30.708075
          ],
          [
            -97.754941,
            30.707834
          ],
          [
            -97.754433,
            30.707523
          ],
          [
            -97.752984,
            30.706744
          ],
          [
            -97.752781,
            30.706635
          ],
          [
            -97.751873,
            30.706146
          ],
          [
            -97.751155,
            30.70576
          ],
          [
            -97.75083,
            30.705585
          ],
          [
            -97.750804,
            30.705572
          ],
          [
            -97.750262,
            30.70529
          ],
          [
            -97.74984,
            30.70506
          ],
          [
            -97.749717,
            30.704995
          ],
          [
            -97.749398,
            30.704826
          ],
          [
            -97.748935,
            30.70458
          ],
          [
            -97.748779,
            30.704497
          ],
          [
            -97.748551,
            30.704376
          ],
          [
            -97.748529,
            30.704365
          ],
          [
            -97.748334,
            30.704261
          ],
          [
            -97.748318,
            30.704253
          ],
          [
            -97.747933,
            30.704048
          ],
          [
            -97.747872,
            30.704014
          ],
          [
            -97.747612,
            30.703877
          ],
          [
            -97.747378,
            30.703764
          ],
          [
            -97.74716,
            30.70366
          ],
          [
            -97.746874,
            30.70355
          ],
          [
            -97.746636,
            30.703464
          ],
          [
            -97.746369,
            30.703384
          ],
          [
            -97.746039,
            30.7033
          ],
          [
            -97.745616,
            30.703197
          ],
          [
            -97.745136,
            30.703079
          ],
          [
            -97.74505,
            30.703058
          ],
          [
            -97.743707,
            30.70273
          ],
          [
            -97.743669,
            30.70272
          ],
          [
            -97.743618,
            30.702708
          ],
          [
            -97.743283,
            30.702631
          ],
          [
            -97.743048,
            30.702567
          ],
          [
            -97.742874,
            30.702521
          ],
          [
            -97.742851,
            30.702515
          ],
          [
            -97.742631,
            30.70244
          ],
          [
            -97.742416,
            30.702359
          ],
          [
            -97.742205,
            30.702274
          ],
          [
            -97.742039,
            30.702195
          ],
          [
            -97.74186,
            30.702098
          ],
          [
            -97.741663,
            30.701977
          ],
          [
            -97.741629,
            30.701954
          ],
          [
            -97.74141,
            30.701811
          ],
          [
            -97.741154,
            30.701616
          ],
          [
            -97.740845,
            30.701337
          ],
          [
            -97.740626,
            30.701087
          ],
          [
            -97.740597,
            30.701055
          ],
          [
            -97.740439,
            30.700877
          ],
          [
            -97.740323,
            30.700747
          ],
          [
            -97.740235,
            30.700647
          ],
          [
            -97.739959,
            30.700334
          ],
          [
            -97.739499,
            30.699858
          ],
          [
            -97.738735,
            30.698942
          ],
          [
            -97.738426,
            30.698586
          ],
          [
            -97.738012,
            30.698131
          ],
          [
            -97.737697,
            30.697834
          ],
          [
            -97.737549,
            30.69771
          ],
          [
            -97.737327,
            30.697522
          ],
          [
            -97.737273,
            30.697479
          ],
          [
            -97.737056,
            30.697308
          ],
          [
            -97.73685,
            30.697168
          ],
          [
            -97.73661,
            30.697006
          ],
          [
            -97.736337,
            30.69682
          ],
          [
            -97.735805,
            30.696511
          ],
          [
            -97.735195,
            30.696142
          ],
          [
            -97.734124,
            30.695502
          ],
          [
            -97.733095,
            30.694897
          ],
          [
            -97.73176,
            30.6941
          ],
          [
            -97.730243,
            30.693217
          ],
          [
            -97.728998,
            30.692456
          ],
          [
            -97.7286,
            30.692199
          ],
          [
            -97.728188,
            30.691922
          ],
          [
            -97.727759,
            30.691626
          ],
          [
            -97.727186,
            30.691248
          ],
          [
            -97.727027,
            30.691141
          ],
          [
            -97.726817,
            30.690999
          ],
          [
            -97.726287,
            30.69064
          ],
          [
            -97.726199,
            30.690576
          ],
          [
            -97.725718,
            30.690227
          ],
          [
            -97.725153,
            30.689793
          ],
          [
            -97.72505,
            30.689707
          ],
          [
            -97.724872,
            30.68956
          ],
          [
            -97.724788,
            30.689485
          ],
          [
            -97.724638,
            30.68935
          ],
          [
            -97.724357,
            30.689095
          ],
          [
            -97.724134,
            30.688887
          ],
          [
            -97.723421,
            30.688222
          ],
          [
            -97.723317,
            30.68812
          ],
          [
            -97.723175,
            30.68798
          ],
          [
            -97.722954,
            30.687763
          ],
          [
            -97.722517,
            30.687299
          ],
          [
            -97.722462,
            30.687241
          ],
          [
            -97.721865,
            30.686524
          ],
          [
            -97.721743,
            30.686369
          ],
          [
            -97.720989,
            30.685409
          ],
          [
            -97.720913,
            30.685311
          ],
          [
            -97.720837,
            30.685213
          ],
          [
            -97.7205,
            30.684788
          ],
          [
            -97.720197,
            30.684458
          ],
          [
            -97.720043,
            30.684292
          ],
          [
            -97.719939,
            30.6842
          ],
          [
            -97.719738,
            30.684023
          ],
          [
            -97.719579,
            30.683897
          ],
          [
            -97.719378,
            30.683765
          ],
          [
            -97.719194,
            30.683631
          ],
          [
            -97.719003,
            30.683518
          ],
          [
            -97.71883,
            30.683415
          ],
          [
            -97.718678,
            30.683333
          ],
          [
            -97.718643,
            30.683317
          ],
          [
            -97.718202,
            30.683115
          ],
          [
            -97.717915,
            30.682996
          ],
          [
            -97.717827,
            30.68296
          ],
          [
            -97.717693,
            30.682902
          ],
          [
            -97.717574,
            30.68285
          ],
          [
            -97.717081,
            30.68262
          ],
          [
            -97.716795,
            30.682503
          ],
          [
            -97.716659,
            30.682449
          ],
          [
            -97.716182,
            30.682247
          ],
          [
            -97.716061,
            30.682196
          ],
          [
            -97.715937,
            30.682135
          ],
          [
            -97.715873,
            30.682104
          ],
          [
            -97.715719,
            30.682027
          ],
          [
            -97.715244,
            30.681789
          ],
          [
            -97.715195,
            30.681763
          ],
          [
            -97.714455,
            30.681375
          ],
          [
            -97.713976,
            30.681091
          ],
          [
            -97.713916,
            30.681056
          ],
          [
            -97.712093,
            30.679878
          ],
          [
            -97.710983,
            30.67915
          ],
          [
            -97.710916,
            30.679106
          ],
          [
            -97.710329,
            30.67872
          ],
          [
            -97.710119,
            30.678583
          ],
          [
            -97.709826,
            30.678391
          ],
          [
            -97.709487,
            30.67817
          ],
          [
            -97.709153,
            30.677951
          ],
          [
            -97.709143,
            30.677945
          ],
          [
            -97.709055,
            30.677888
          ],
          [
            -97.708667,
            30.677634
          ],
          [
            -97.708072,
            30.677262
          ],
          [
            -97.707943,
            30.677181
          ],
          [
            -97.707805,
            30.677102
          ],
          [
            -97.707034,
            30.676656
          ],
          [
            -97.70694,
            30.676602
          ],
          [
            -97.705932,
            30.67602
          ],
          [
            -97.705224,
            30.675615
          ],
          [
            -97.704493,
            30.675196
          ],
          [
            -97.704139,
            30.674993
          ],
          [
            -97.70402,
            30.674923
          ],
          [
            -97.703845,
            30.674821
          ],
          [
            -97.703692,
            30.674731
          ],
          [
            -97.703554,
            30.674653
          ],
          [
            -97.703243,
            30.674476
          ],
          [
            -97.702947,
            30.674308
          ],
          [
            -97.702898,
            30.674281
          ],
          [
            -97.702609,
            30.674117
          ],
          [
            -97.702319,
            30.673953
          ],
          [
            -97.702067,
            30.673809
          ],
          [
            -97.701392,
            30.673427
          ],
          [
            -97.700913,
            30.673168
          ],
          [
            -97.700614,
            30.672998
          ],
          [
            -97.7005,
            30.672917
          ],
          [
            -97.70043,
            30.672873
          ],
          [
            -97.700222,
            30.672732
          ],
          [
            -97.700013,
            30.67257
          ],
          [
            -97.699837,
            30.672426
          ],
          [
            -97.6997,
            30.672293
          ],
          [
            -97.699601,
            30.672186
          ],
          [
            -97.69944,
            30.672028
          ],
          [
            -97.699395,
            30.671984
          ],
          [
            -97.699167,
            30.671734
          ],
          [
            -97.698942,
            30.671451
          ],
          [
            -97.698736,
            30.671193
          ],
          [
            -97.698447,
            30.670845
          ],
          [
            -97.698155,
            30.670495
          ],
          [
            -97.698085,
            30.670411
          ],
          [
            -97.697893,
            30.67018
          ],
          [
            -97.697643,
            30.669877
          ],
          [
            -97.697412,
            30.669602
          ],
          [
            -97.69734,
            30.669515
          ],
          [
            -97.697244,
            30.669399
          ],
          [
            -97.697212,
            30.66936
          ],
          [
            -97.69719,
            30.669333
          ],
          [
            -97.697163,
            30.669301
          ],
          [
            -97.696676,
            30.668717
          ],
          [
            -97.696325,
            30.66829
          ],
          [
            -97.696166,
            30.668117
          ],
          [
            -97.69565,
            30.667471
          ],
          [
            -97.695407,
            30.667176
          ],
          [
            -97.694767,
            30.666398
          ],
          [
            -97.694291,
            30.665836
          ],
          [
            -97.69416,
            30.665677
          ],
          [
            -97.694114,
            30.665622
          ],
          [
            -97.694013,
            30.6655
          ],
          [
            -97.693529,
            30.664895
          ],
          [
            -97.69346,
            30.66481
          ],
          [
            -97.693378,
            30.664715
          ],
          [
            -97.69322,
            30.664534
          ],
          [
            -97.69298,
            30.664258
          ],
          [
            -97.692636,
            30.663842
          ],
          [
            -97.692507,
            30.663687
          ],
          [
            -97.692295,
            30.66343
          ],
          [
            -97.69218,
            30.663291
          ],
          [
            -97.692086,
            30.663179
          ],
          [
            -97.69173,
            30.662754
          ],
          [
            -97.691344,
            30.662287
          ],
          [
            -97.691286,
            30.662217
          ],
          [
            -97.691228,
            30.662148
          ],
          [
            -97.691087,
            30.661977
          ],
          [
            -97.690931,
            30.661788
          ],
          [
            -97.690785,
            30.661611
          ],
          [
            -97.690452,
            30.66121
          ],
          [
            -97.690391,
            30.661136
          ],
          [
            -97.690052,
            30.660726
          ],
          [
            -97.689975,
            30.660636
          ],
          [
            -97.689806,
            30.660453
          ],
          [
            -97.689655,
            30.660289
          ],
          [
            -97.689566,
            30.660192
          ],
          [
            -97.689341,
            30.659949
          ],
          [
            -97.689113,
            30.659702
          ],
          [
            -97.689,
            30.659587
          ],
          [
            -97.688768,
            30.659358
          ],
          [
            -97.688606,
            30.659207
          ],
          [
            -97.688548,
            30.659153
          ],
          [
            -97.68852,
            30.659127
          ],
          [
            -97.688189,
            30.658817
          ],
          [
            -97.688003,
            30.658655
          ],
          [
            -97.687864,
            30.658527
          ],
          [
            -97.687683,
            30.658366
          ],
          [
            -97.687323,
            30.658046
          ],
          [
            -97.687099,
            30.657846
          ],
          [
            -97.686742,
            30.657539
          ],
          [
            -97.686515,
            30.657349
          ],
          [
            -97.686406,
            30.657252
          ],
          [
            -97.686081,
            30.656944
          ],
          [
            -97.686046,
            30.656914
          ],
          [
            -97.685784,
            30.656633
          ],
          [
            -97.685695,
            30.656527
          ],
          [
            -97.685665,
            30.656493
          ],
          [
            -97.685546,
            30.656361
          ],
          [
            -97.685405,
            30.656193
          ],
          [
            -97.685395,
            30.656179
          ],
          [
            -97.684973,
            30.655619
          ],
          [
            -97.684623,
            30.655187
          ],
          [
            -97.684392,
            30.654887
          ],
          [
            -97.684103,
            30.654513
          ],
          [
            -97.684064,
            30.654462
          ],
          [
            -97.683968,
            30.654359
          ],
          [
            -97.683673,
            30.654009
          ],
          [
            -97.683556,
            30.653865
          ],
          [
            -97.683382,
            30.65365
          ],
          [
            -97.683119,
            30.653323
          ],
          [
            -97.68294,
            30.653102
          ],
          [
            -97.682936,
            30.653097
          ],
          [
            -97.682871,
            30.653017
          ],
          [
            -97.682572,
            30.652647
          ],
          [
            -97.682209,
            30.652196
          ],
          [
            -97.681994,
            30.65193
          ],
          [
            -97.681916,
            30.651837
          ],
          [
            -97.681854,
            30.651763
          ],
          [
            -97.681793,
            30.651683
          ],
          [
            -97.68175,
            30.651634
          ],
          [
            -97.681707,
            30.651585
          ],
          [
            -97.681642,
            30.651507
          ],
          [
            -97.681576,
            30.651427
          ],
          [
            -97.681534,
            30.651376
          ],
          [
            -97.681343,
            30.651185
          ],
          [
            -97.681125,
            30.650996
          ],
          [
            -97.681091,
            30.650966
          ],
          [
            -97.681007,
            30.650837
          ],
          [
            -97.68088,
            30.650687
          ],
          [
            -97.680576,
            30.650462
          ],
          [
            -97.680371,
            30.65039
          ],
          [
            -97.680162,
            30.650327
          ],
          [
            -97.679981,
            30.650292
          ],
          [
            -97.6798,
            30.650257
          ],
          [
            -97.678977,
            30.649792
          ],
          [
            -97.678752,
            30.649548
          ],
          [
            -97.678671,
            30.649455
          ],
          [
            -97.678441,
            30.649212
          ],
          [
            -97.678082,
            30.649019
          ],
          [
            -97.677896,
            30.648925
          ],
          [
            -97.677541,
            30.648721
          ],
          [
            -97.677653,
            30.648601
          ],
          [
            -97.677799,
            30.648409
          ],
          [
            -97.677884,
            30.648299
          ],
          [
            -97.67793,
            30.648234
          ],
          [
            -97.678051,
            30.648016
          ],
          [
            -97.678155,
            30.647792
          ],
          [
            -97.678242,
            30.647538
          ],
          [
            -97.678285,
            30.647306
          ],
          [
            -97.67831,
            30.647146
          ],
          [
            -97.678323,
            30.646833
          ],
          [
            -97.678394,
            30.646494
          ],
          [
            -97.678315,
            30.646495
          ],
          [
            -97.678312,
            30.646369
          ],
          [
            -97.678307,
            30.646158
          ],
          [
            -97.678301,
            30.645947
          ],
          [
            -97.678257,
            30.645724
          ],
          [
            -97.678253,
            30.645565
          ],
          [
            -97.678234,
            30.644529
          ],
          [
            -97.678224,
            30.644361
          ],
          [
            -97.678224,
            30.644288
          ],
          [
            -97.678225,
            30.644214
          ],
          [
            -97.678213,
            30.643966
          ],
          [
            -97.67821,
            30.643705
          ],
          [
            -97.67822,
            30.643544
          ],
          [
            -97.678186,
            30.642493
          ],
          [
            -97.678157,
            30.64174
          ],
          [
            -97.678153,
            30.641627
          ],
          [
            -97.678018,
            30.641629
          ],
          [
            -97.677825,
            30.641631
          ],
          [
            -97.677712,
            30.641632
          ],
          [
            -97.677114,
            30.64164
          ],
          [
            -97.677054,
            30.64164
          ],
          [
            -97.676553,
            30.641639
          ],
          [
            -97.676403,
            30.641638
          ],
          [
            -97.676107,
            30.641638
          ],
          [
            -97.675167,
            30.641655
          ],
          [
            -97.674204,
            30.641671
          ],
          [
            -97.674141,
            30.641673
          ],
          [
            -97.67325,
            30.6417
          ],
          [
            -97.67305,
            30.641706
          ],
          [
            -97.673014,
            30.641707
          ],
          [
            -97.672343,
            30.641727
          ],
          [
            -97.672223,
            30.641731
          ],
          [
            -97.671266,
            30.641735
          ],
          [
            -97.670302,
            30.641734
          ],
          [
            -97.670301,
            30.641657
          ],
          [
            -97.6703,
            30.641549
          ],
          [
            -97.67029,
            30.640889
          ],
          [
            -97.670278,
            30.640083
          ],
          [
            -97.670271,
            30.639257
          ],
          [
            -97.670269,
            30.63902
          ],
          [
            -97.670265,
            30.63868
          ],
          [
            -97.670263,
            30.638511
          ],
          [
            -97.670263,
            30.638474
          ],
          [
            -97.670262,
            30.638407
          ],
          [
            -97.670256,
            30.638324
          ],
          [
            -97.670254,
            30.638295
          ],
          [
            -97.670249,
            30.638227
          ],
          [
            -97.669978,
            30.638308
          ],
          [
            -97.669715,
            30.638387
          ],
          [
            -97.669544,
            30.638438
          ],
          [
            -97.669282,
            30.638512
          ],
          [
            -97.669199,
            30.638536
          ],
          [
            -97.668793,
            30.63866
          ],
          [
            -97.668539,
            30.638034
          ],
          [
            -97.668392,
            30.637682
          ],
          [
            -97.668276,
            30.637368
          ],
          [
            -97.668163,
            30.637049
          ],
          [
            -97.668104,
            30.636871
          ],
          [
            -97.66807,
            30.636737
          ],
          [
            -97.668035,
            30.636551
          ],
          [
            -97.668004,
            30.636153
          ],
          [
            -97.667987,
            30.635864
          ],
          [
            -97.667978,
            30.635587
          ],
          [
            -97.667967,
            30.634973
          ],
          [
            -97.667952,
            30.634187
          ],
          [
            -97.667987,
            30.633971
          ],
          [
            -97.668036,
            30.633608
          ],
          [
            -97.668033,
            30.633468
          ],
          [
            -97.668034,
            30.633339
          ],
          [
            -97.667945,
            30.633341
          ],
          [
            -97.667084,
            30.633358
          ],
          [
            -97.666223,
            30.633357
          ],
          [
            -97.666133,
            30.633357
          ],
          [
            -97.665495,
            30.633367
          ],
          [
            -97.665386,
            30.633369
          ],
          [
            -97.665302,
            30.633371
          ],
          [
            -97.665294,
            30.633371
          ],
          [
            -97.665225,
            30.633372
          ],
          [
            -97.665174,
            30.633373
          ],
          [
            -97.665135,
            30.633373
          ],
          [
            -97.665046,
            30.633375
          ],
          [
            -97.664408,
            30.633388
          ],
          [
            -97.664344,
            30.633389
          ],
          [
            -97.664322,
            30.633389
          ],
          [
            -97.66407,
            30.633395
          ],
          [
            -97.663944,
            30.633408
          ],
          [
            -97.663799,
            30.633423
          ],
          [
            -97.663612,
            30.633448
          ],
          [
            -97.663513,
            30.63346
          ],
          [
            -97.66345,
            30.633468
          ],
          [
            -97.663289,
            30.633493
          ],
          [
            -97.663185,
            30.633508
          ],
          [
            -97.663159,
            30.633513
          ],
          [
            -97.662857,
            30.633573
          ],
          [
            -97.662463,
            30.633668
          ],
          [
            -97.662023,
            30.633803
          ],
          [
            -97.661626,
            30.633916
          ],
          [
            -97.661118,
            30.634087
          ],
          [
            -97.660332,
            30.634324
          ],
          [
            -97.660259,
            30.634347
          ],
          [
            -97.658111,
            30.635012
          ],
          [
            -97.656909,
            30.63539
          ],
          [
            -97.655805,
            30.635733
          ],
          [
            -97.655444,
            30.635843
          ],
          [
            -97.65526,
            30.6359
          ],
          [
            -97.653272,
            30.636501
          ],
          [
            -97.652348,
            30.636781
          ],
          [
            -97.652079,
            30.636844
          ],
          [
            -97.651659,
            30.636935
          ],
          [
            -97.650993,
            30.637086
          ],
          [
            -97.650631,
            30.637161
          ],
          [
            -97.650452,
            30.637198
          ],
          [
            -97.649566,
            30.637381
          ],
          [
            -97.649012,
            30.637495
          ],
          [
            -97.6481,
            30.637684
          ],
          [
            -97.646563,
            30.638018
          ],
          [
            -97.646207,
            30.638087
          ],
          [
            -97.645955,
            30.638136
          ],
          [
            -97.645305,
            30.638264
          ],
          [
            -97.645025,
            30.638319
          ],
          [
            -97.64416,
            30.638489
          ],
          [
            -97.643861,
            30.638546
          ],
          [
            -97.643038,
            30.638704
          ],
          [
            -97.639963,
            30.639354
          ],
          [
            -97.639008,
            30.63955
          ],
          [
            -97.638986,
            30.639555
          ],
          [
            -97.637946,
            30.639805
          ],
          [
            -97.637071,
            30.640058
          ],
          [
            -97.636025,
            30.640349
          ],
          [
            -97.634989,
            30.640663
          ],
          [
            -97.634805,
            30.640719
          ],
          [
            -97.63319,
            30.64121
          ],
          [
            -97.633106,
            30.641236
          ],
          [
            -97.632649,
            30.641387
          ],
          [
            -97.632339,
            30.64149
          ],
          [
            -97.631536,
            30.641738
          ],
          [
            -97.631479,
            30.641758
          ],
          [
            -97.63106,
            30.641877
          ],
          [
            -97.630767,
            30.641972
          ],
          [
            -97.629723,
            30.642284
          ],
          [
            -97.629465,
            30.642361
          ],
          [
            -97.630014,
            30.643659
          ],
          [
            -97.630285,
            30.644272
          ],
          [
            -97.630538,
            30.644708
          ],
          [
            -97.630831,
            30.645151
          ],
          [
            -97.631121,
            30.645591
          ],
          [
            -97.631152,
            30.645637
          ],
          [
            -97.631182,
            30.645682
          ],
          [
            -97.631739,
            30.646554
          ],
          [
            -97.632462,
            30.647618
          ],
          [
            -97.632874,
            30.648364
          ],
          [
            -97.633938,
            30.650152
          ],
          [
            -97.635588,
            30.653246
          ],
          [
            -97.636866,
            30.655694
          ],
          [
            -97.638298,
            30.658525
          ],
          [
            -97.639362,
            30.660504
          ],
          [
            -97.64063,
            30.662747
          ],
          [
            -97.640865,
            30.663151
          ],
          [
            -97.64132,
            30.664408
          ],
          [
            -97.641663,
            30.665205
          ],
          [
            -97.642006,
            30.665796
          ],
          [
            -97.642376,
            30.666364
          ],
          [
            -97.64238,
            30.666483
          ],
          [
            -97.642356,
            30.666558
          ],
          [
            -97.642309,
            30.666624
          ],
          [
            -97.642202,
            30.666749
          ],
          [
            -97.641235,
            30.667064
          ],
          [
            -97.639574,
            30.66765
          ],
          [
            -97.638222,
            30.668083
          ],
          [
            -97.637237,
            30.668378
          ],
          [
            -97.635611,
            30.668819
          ],
          [
            -97.635386,
            30.668878
          ],
          [
            -97.635184,
            30.668956
          ],
          [
            -97.635021,
            30.669026
          ],
          [
            -97.634928,
            30.669067
          ],
          [
            -97.634657,
            30.66921
          ],
          [
            -97.634448,
            30.669336
          ],
          [
            -97.63419,
            30.669515
          ],
          [
            -97.634003,
            30.669658
          ],
          [
            -97.633787,
            30.669845
          ],
          [
            -97.633607,
            30.670003
          ],
          [
            -97.633006,
            30.670536
          ],
          [
            -97.63247,
            30.67097
          ],
          [
            -97.632342,
            30.671066
          ],
          [
            -97.632189,
            30.671181
          ],
          [
            -97.631849,
            30.671415
          ],
          [
            -97.631621,
            30.671559
          ],
          [
            -97.631498,
            30.671636
          ],
          [
            -97.630213,
            30.672411
          ],
          [
            -97.630028,
            30.672523
          ],
          [
            -97.629385,
            30.67291
          ],
          [
            -97.62894,
            30.673179
          ],
          [
            -97.628767,
            30.673283
          ],
          [
            -97.628711,
            30.673317
          ],
          [
            -97.628353,
            30.673532
          ],
          [
            -97.628261,
            30.67359
          ],
          [
            -97.628217,
            30.67362
          ],
          [
            -97.627881,
            30.673814
          ],
          [
            -97.627682,
            30.673925
          ],
          [
            -97.627545,
            30.674001
          ],
          [
            -97.627513,
            30.674019
          ],
          [
            -97.627368,
            30.674096
          ],
          [
            -97.627299,
            30.674132
          ],
          [
            -97.627181,
            30.674183
          ],
          [
            -97.627072,
            30.674229
          ],
          [
            -97.626838,
            30.674314
          ],
          [
            -97.626828,
            30.674317
          ],
          [
            -97.626599,
            30.674388
          ],
          [
            -97.626565,
            30.674397
          ],
          [
            -97.626356,
            30.67445
          ],
          [
            -97.626171,
            30.67449
          ],
          [
            -97.624574,
            30.674754
          ],
          [
            -97.623576,
            30.674911
          ],
          [
            -97.622445,
            30.675079
          ],
          [
            -97.621653,
            30.675218
          ],
          [
            -97.621044,
            30.675309
          ],
          [
            -97.620738,
            30.675355
          ],
          [
            -97.620125,
            30.67545
          ],
          [
            -97.619593,
            30.675533
          ],
          [
            -97.619201,
            30.675594
          ],
          [
            -97.618788,
            30.675658
          ],
          [
            -97.618367,
            30.675723
          ],
          [
            -97.617344,
            30.675885
          ],
          [
            -97.616468,
            30.675999
          ],
          [
            -97.615775,
            30.676101
          ],
          [
            -97.614987,
            30.676194
          ],
          [
            -97.614755,
            30.676217
          ],
          [
            -97.614302,
            30.67628
          ],
          [
            -97.614236,
            30.676288
          ],
          [
            -97.613807,
            30.676335
          ],
          [
            -97.61331,
            30.676395
          ],
          [
            -97.613252,
            30.676402
          ],
          [
            -97.612487,
            30.676496
          ],
          [
            -97.612023,
            30.676556
          ],
          [
            -97.61186,
            30.676582
          ],
          [
            -97.611555,
            30.676613
          ],
          [
            -97.611373,
            30.676626
          ],
          [
            -97.611128,
            30.676628
          ],
          [
            -97.610933,
            30.676621
          ],
          [
            -97.610867,
            30.676619
          ],
          [
            -97.610613,
            30.676596
          ],
          [
            -97.610364,
            30.676549
          ],
          [
            -97.610125,
            30.676491
          ],
          [
            -97.60997,
            30.676442
          ],
          [
            -97.609799,
            30.676384
          ],
          [
            -97.609745,
            30.676366
          ],
          [
            -97.60959,
            30.676302
          ],
          [
            -97.609528,
            30.676277
          ],
          [
            -97.609481,
            30.676254
          ],
          [
            -97.609458,
            30.676243
          ],
          [
            -97.609318,
            30.676174
          ],
          [
            -97.609105,
            30.676048
          ],
          [
            -97.60888,
            30.675914
          ],
          [
            -97.608853,
            30.675898
          ],
          [
            -97.608695,
            30.675799
          ],
          [
            -97.607956,
            30.675337
          ],
          [
            -97.607833,
            30.67526
          ],
          [
            -97.606489,
            30.674416
          ],
          [
            -97.605367,
            30.673732
          ],
          [
            -97.605122,
            30.6736
          ],
          [
            -97.60504,
            30.673562
          ],
          [
            -97.60479,
            30.673459
          ],
          [
            -97.604691,
            30.673425
          ],
          [
            -97.604532,
            30.673371
          ],
          [
            -97.604398,
            30.673335
          ],
          [
            -97.604267,
            30.673301
          ],
          [
            -97.604051,
            30.673265
          ],
          [
            -97.60389,
            30.673238
          ],
          [
            -97.603603,
            30.67321
          ],
          [
            -97.603529,
            30.673207
          ],
          [
            -97.603316,
            30.673198
          ],
          [
            -97.602657,
            30.673231
          ],
          [
            -97.60204,
            30.673267
          ],
          [
            -97.600965,
            30.67333
          ],
          [
            -97.598899,
            30.67345
          ],
          [
            -97.598113,
            30.673487
          ],
          [
            -97.595224,
            30.673667
          ],
          [
            -97.594205,
            30.673738
          ],
          [
            -97.593182,
            30.673801
          ],
          [
            -97.592511,
            30.673839
          ],
          [
            -97.591913,
            30.673873
          ],
          [
            -97.59127,
            30.673906
          ],
          [
            -97.591099,
            30.67392
          ],
          [
            -97.590645,
            30.673966
          ],
          [
            -97.590334,
            30.67401
          ],
          [
            -97.589933,
            30.674086
          ],
          [
            -97.588799,
            30.674319
          ],
          [
            -97.587946,
            30.674494
          ],
          [
            -97.587894,
            30.674508
          ],
          [
            -97.587388,
            30.674596
          ],
          [
            -97.587084,
            30.674653
          ],
          [
            -97.586832,
            30.674702
          ],
          [
            -97.58607,
            30.674838
          ],
          [
            -97.58607,
            30.674838
          ],
          [
            -97.585487,
            30.674957
          ],
          [
            -97.58516,
            30.675023
          ],
          [
            -97.584971,
            30.675061
          ],
          [
            -97.583946,
            30.675299
          ],
          [
            -97.583439,
            30.675417
          ],
          [
            -97.583163,
            30.675475
          ],
          [
            -97.582758,
            30.675564
          ],
          [
            -97.580338,
            30.67608
          ],
          [
            -97.578208,
            30.676533
          ],
          [
            -97.57658,
            30.67688
          ],
          [
            -97.575393,
            30.677132
          ],
          [
            -97.571468,
            30.677968
          ],
          [
            -97.569638,
            30.678359
          ],
          [
            -97.566661,
            30.678991
          ],
          [
            -97.566307,
            30.679067
          ],
          [
            -97.562217,
            30.679943
          ],
          [
            -97.5602,
            30.680375
          ],
          [
            -97.558604,
            30.680717
          ],
          [
            -97.557936,
            30.680855
          ],
          [
            -97.557308,
            30.680984
          ],
          [
            -97.556599,
            30.681138
          ],
          [
            -97.556378,
            30.681186
          ],
          [
            -97.556269,
            30.68121
          ],
          [
            -97.556135,
            30.681242
          ],
          [
            -97.556053,
            30.68126
          ],
          [
            -97.555811,
            30.681313
          ],
          [
            -97.555391,
            30.681418
          ],
          [
            -97.555318,
            30.681435
          ],
          [
            -97.554889,
            30.681543
          ],
          [
            -97.554162,
            30.681725
          ],
          [
            -97.554078,
            30.681747
          ],
          [
            -97.553646,
            30.681863
          ],
          [
            -97.55277,
            30.682114
          ],
          [
            -97.549499,
            30.683098
          ],
          [
            -97.548346,
            30.683454
          ],
          [
            -97.547283,
            30.683816
          ],
          [
            -97.546761,
            30.684032
          ],
          [
            -97.546165,
            30.68429
          ],
          [
            -97.545755,
            30.684471
          ],
          [
            -97.544757,
            30.68499
          ],
          [
            -97.544291,
            30.68526
          ],
          [
            -97.543429,
            30.68579
          ],
          [
            -97.542655,
            30.686281
          ],
          [
            -97.542521,
            30.686353
          ],
          [
            -97.542062,
            30.686597
          ],
          [
            -97.542055,
            30.686601
          ],
          [
            -97.541857,
            30.686676
          ],
          [
            -97.541657,
            30.686754
          ],
          [
            -97.54109,
            30.68694
          ],
          [
            -97.538401,
            30.687778
          ],
          [
            -97.537765,
            30.687981
          ],
          [
            -97.534592,
            30.689083
          ],
          [
            -97.534003,
            30.689294
          ],
          [
            -97.533722,
            30.689408
          ],
          [
            -97.533441,
            30.689538
          ],
          [
            -97.53335,
            30.689593
          ],
          [
            -97.533244,
            30.689656
          ],
          [
            -97.532889,
            30.689918
          ],
          [
            -97.532507,
            30.690257
          ],
          [
            -97.532028,
            30.690733
          ],
          [
            -97.531582,
            30.691142
          ],
          [
            -97.53122,
            30.691429
          ],
          [
            -97.531018,
            30.691558
          ],
          [
            -97.530808,
            30.691674
          ],
          [
            -97.530586,
            30.691778
          ],
          [
            -97.530357,
            30.691868
          ],
          [
            -97.530121,
            30.691942
          ],
          [
            -97.52987,
            30.692008
          ],
          [
            -97.529609,
            30.692059
          ],
          [
            -97.529345,
            30.692094
          ],
          [
            -97.529078,
            30.692112
          ],
          [
            -97.52881,
            30.692113
          ],
          [
            -97.528543,
            30.692097
          ],
          [
            -97.528266,
            30.692061
          ],
          [
            -97.527986,
            30.692007
          ],
          [
            -97.527712,
            30.691935
          ],
          [
            -97.527444,
            30.691845
          ],
          [
            -97.526668,
            30.691551
          ],
          [
            -97.526508,
            30.691496
          ],
          [
            -97.526115,
            30.691367
          ],
          [
            -97.525798,
            30.691249
          ],
          [
            -97.525322,
            30.691081
          ],
          [
            -97.524472,
            30.690793
          ],
          [
            -97.52395,
            30.69063
          ],
          [
            -97.523576,
            30.690513
          ],
          [
            -97.523123,
            30.690377
          ],
          [
            -97.522458,
            30.69019
          ],
          [
            -97.520998,
            30.689779
          ],
          [
            -97.519923,
            30.689485
          ],
          [
            -97.517576,
            30.688801
          ],
          [
            -97.515179,
            30.68808
          ],
          [
            -97.51332,
            30.687522
          ],
          [
            -97.512776,
            30.687362
          ],
          [
            -97.512323,
            30.687236
          ],
          [
            -97.511874,
            30.687102
          ],
          [
            -97.511548,
            30.687006
          ],
          [
            -97.510668,
            30.686742
          ],
          [
            -97.508258,
            30.686026
          ],
          [
            -97.505161,
            30.685106
          ],
          [
            -97.50462,
            30.684945
          ],
          [
            -97.504172,
            30.684804
          ],
          [
            -97.503755,
            30.68468
          ],
          [
            -97.503486,
            30.684626
          ],
          [
            -97.503288,
            30.684599
          ],
          [
            -97.503013,
            30.684578
          ],
          [
            -97.502782,
            30.684571
          ],
          [
            -97.502674,
            30.684581
          ],
          [
            -97.502528,
            30.684586
          ],
          [
            -97.502373,
            30.684596
          ],
          [
            -97.502262,
            30.68461
          ],
          [
            -97.502016,
            30.68465
          ],
          [
            -97.501785,
            30.684698
          ],
          [
            -97.501508,
            30.684775
          ],
          [
            -97.501238,
            30.684865
          ],
          [
            -97.500954,
            30.684978
          ],
          [
            -97.500348,
            30.685219
          ],
          [
            -97.500175,
            30.685298
          ],
          [
            -97.499931,
            30.685398
          ],
          [
            -97.49869,
            30.685898
          ],
          [
            -97.498182,
            30.686103
          ],
          [
            -97.49776,
            30.686274
          ],
          [
            -97.497503,
            30.686374
          ],
          [
            -97.497223,
            30.68649
          ],
          [
            -97.497093,
            30.686532
          ],
          [
            -97.496863,
            30.686631
          ],
          [
            -97.496592,
            30.686741
          ],
          [
            -97.496048,
            30.686961
          ],
          [
            -97.494988,
            30.687384
          ],
          [
            -97.494345,
            30.687626
          ],
          [
            -97.493952,
            30.68776
          ],
          [
            -97.493753,
            30.687826
          ],
          [
            -97.493569,
            30.687879
          ],
          [
            -97.492318,
            30.688272
          ],
          [
            -97.491793,
            30.688439
          ],
          [
            -97.491186,
            30.688631
          ],
          [
            -97.490588,
            30.688843
          ],
          [
            -97.490252,
            30.688981
          ],
          [
            -97.4901,
            30.689055
          ],
          [
            -97.489949,
            30.689143
          ],
          [
            -97.489938,
            30.689159
          ],
          [
            -97.489586,
            30.689392
          ],
          [
            -97.489466,
            30.689486
          ],
          [
            -97.489356,
            30.689586
          ],
          [
            -97.489179,
            30.689772
          ],
          [
            -97.488727,
            30.690392
          ],
          [
            -97.488369,
            30.690863
          ],
          [
            -97.48811,
            30.69122
          ],
          [
            -97.487958,
            30.691462
          ],
          [
            -97.48784,
            30.69168
          ],
          [
            -97.48774,
            30.691909
          ],
          [
            -97.487674,
            30.692099
          ],
          [
            -97.487619,
            30.692307
          ],
          [
            -97.487583,
            30.692519
          ],
          [
            -97.487562,
            30.692784
          ],
          [
            -97.48756,
            30.692915
          ],
          [
            -97.487572,
            30.693187
          ],
          [
            -97.487588,
            30.693332
          ],
          [
            -97.487617,
            30.693475
          ],
          [
            -97.487709,
            30.693787
          ],
          [
            -97.487808,
            30.694054
          ],
          [
            -97.488181,
            30.694934
          ],
          [
            -97.488332,
            30.695308
          ],
          [
            -97.4886,
            30.695973
          ],
          [
            -97.489293,
            30.697614
          ],
          [
            -97.489472,
            30.6981
          ],
          [
            -97.489524,
            30.698286
          ],
          [
            -97.489561,
            30.698476
          ],
          [
            -97.489584,
            30.698675
          ],
          [
            -97.489588,
            30.698884
          ],
          [
            -97.489583,
            30.699251
          ],
          [
            -97.489583,
            30.699282
          ],
          [
            -97.489568,
            30.699431
          ],
          [
            -97.489543,
            30.699669
          ],
          [
            -97.489496,
            30.700169
          ],
          [
            -97.48947,
            30.700308
          ],
          [
            -97.48942,
            30.700493
          ],
          [
            -97.489348,
            30.7007
          ],
          [
            -97.489266,
            30.700888
          ],
          [
            -97.489189,
            30.701032
          ],
          [
            -97.489041,
            30.701259
          ],
          [
            -97.488859,
            30.701497
          ],
          [
            -97.488664,
            30.701716
          ],
          [
            -97.488471,
            30.701902
          ],
          [
            -97.48831,
            30.702037
          ],
          [
            -97.48816,
            30.702147
          ],
          [
            -97.488017,
            30.702235
          ],
          [
            -97.487914,
            30.702299
          ],
          [
            -97.487758,
            30.702385
          ],
          [
            -97.487578,
            30.702469
          ],
          [
            -97.487343,
            30.702561
          ],
          [
            -97.487117,
            30.702634
          ],
          [
            -97.486733,
            30.702735
          ],
          [
            -97.486629,
            30.702756
          ],
          [
            -97.48648,
            30.702776
          ],
          [
            -97.486036,
            30.702818
          ],
          [
            -97.48586,
            30.702824
          ],
          [
            -97.485637,
            30.702817
          ],
          [
            -97.485433,
            30.702799
          ],
          [
            -97.48522,
            30.702769
          ],
          [
            -97.485062,
            30.702739
          ],
          [
            -97.484843,
            30.702687
          ],
          [
            -97.484337,
            30.702537
          ],
          [
            -97.483691,
            30.702311
          ],
          [
            -97.483484,
            30.702245
          ],
          [
            -97.483083,
            30.702116
          ],
          [
            -97.482775,
            30.702039
          ],
          [
            -97.482432,
            30.701975
          ],
          [
            -97.482117,
            30.701934
          ],
          [
            -97.482059,
            30.701931
          ],
          [
            -97.481848,
            30.701918
          ],
          [
            -97.481621,
            30.701917
          ],
          [
            -97.481455,
            30.701927
          ],
          [
            -97.481192,
            30.701961
          ],
          [
            -97.480842,
            30.702019
          ],
          [
            -97.480749,
            30.702039
          ],
          [
            -97.480715,
            30.702046
          ],
          [
            -97.480536,
            30.702098
          ],
          [
            -97.480065,
            30.702253
          ],
          [
            -97.479025,
            30.702577
          ],
          [
            -97.478378,
            30.702783
          ],
          [
            -97.472404,
            30.704683
          ],
          [
            -97.470545,
            30.70528
          ],
          [
            -97.467303,
            30.706324
          ],
          [
            -97.467268,
            30.706337
          ],
          [
            -97.466915,
            30.706468
          ],
          [
            -97.466676,
            30.706577
          ],
          [
            -97.466358,
            30.706745
          ],
          [
            -97.466108,
            30.7069
          ],
          [
            -97.46494,
            30.707621
          ],
          [
            -97.464717,
            30.707738
          ],
          [
            -97.464409,
            30.707878
          ],
          [
            -97.464138,
            30.707977
          ],
          [
            -97.463839,
            30.708071
          ],
          [
            -97.462639,
            30.708392
          ],
          [
            -97.462208,
            30.708523
          ],
          [
            -97.461839,
            30.708657
          ],
          [
            -97.461593,
            30.708767
          ],
          [
            -97.461424,
            30.708854
          ],
          [
            -97.461295,
            30.708933
          ],
          [
            -97.461144,
            30.709035
          ],
          [
            -97.460886,
            30.709217
          ],
          [
            -97.460774,
            30.709306
          ],
          [
            -97.460585,
            30.709483
          ],
          [
            -97.460193,
            30.709879
          ],
          [
            -97.459338,
            30.710728
          ],
          [
            -97.459031,
            30.711033
          ],
          [
            -97.458548,
            30.711501
          ],
          [
            -97.458045,
            30.711993
          ],
          [
            -97.457728,
            30.712292
          ],
          [
            -97.457371,
            30.712591
          ],
          [
            -97.457067,
            30.712816
          ],
          [
            -97.456823,
            30.712976
          ],
          [
            -97.456392,
            30.713222
          ],
          [
            -97.456123,
            30.713361
          ],
          [
            -97.456059,
            30.713394
          ],
          [
            -97.455898,
            30.713478
          ],
          [
            -97.455672,
            30.713583
          ],
          [
            -97.455406,
            30.713684
          ],
          [
            -97.454984,
            30.713825
          ],
          [
            -97.454535,
            30.713949
          ],
          [
            -97.453029,
            30.714338
          ],
          [
            -97.451061,
            30.714827
          ],
          [
            -97.450569,
            30.714966
          ],
          [
            -97.450409,
            30.715024
          ],
          [
            -97.44981,
            30.715274
          ],
          [
            -97.448879,
            30.715664
          ],
          [
            -97.448771,
            30.715709
          ],
          [
            -97.448556,
            30.715784
          ],
          [
            -97.448352,
            30.71584
          ],
          [
            -97.448144,
            30.71589
          ],
          [
            -97.447974,
            30.715924
          ],
          [
            -97.447772,
            30.715951
          ],
          [
            -97.447559,
            30.715966
          ],
          [
            -97.447318,
            30.715976
          ],
          [
            -97.44708,
            30.715974
          ],
          [
            -97.44684,
            30.715959
          ],
          [
            -97.446387,
            30.715917
          ],
          [
            -97.446126,
            30.715892
          ],
          [
            -97.445197,
            30.715806
          ],
          [
            -97.444458,
            30.715738
          ],
          [
            -97.443904,
            30.715686
          ],
          [
            -97.443677,
            30.715665
          ],
          [
            -97.443623,
            30.71566
          ],
          [
            -97.443279,
            30.715628
          ],
          [
            -97.443205,
            30.716245
          ],
          [
            -97.443144,
            30.716667
          ],
          [
            -97.443098,
            30.717139
          ],
          [
            -97.443041,
            30.717582
          ],
          [
            -97.443024,
            30.717712
          ],
          [
            -97.44292,
            30.717703
          ],
          [
            -97.442475,
            30.717663
          ],
          [
            -97.44246,
            30.717773
          ],
          [
            -97.442413,
            30.718109
          ],
          [
            -97.442343,
            30.718164
          ],
          [
            -97.442295,
            30.718189
          ],
          [
            -97.442168,
            30.718192
          ],
          [
            -97.441997,
            30.718177
          ],
          [
            -97.441971,
            30.718174
          ],
          [
            -97.441758,
            30.718147
          ],
          [
            -97.441767,
            30.718074
          ],
          [
            -97.441795,
            30.717833
          ],
          [
            -97.44181,
            30.717712
          ],
          [
            -97.441822,
            30.717608
          ],
          [
            -97.44175,
            30.717601
          ],
          [
            -97.441456,
            30.717576
          ],
          [
            -97.440651,
            30.717506
          ],
          [
            -97.439874,
            30.71743
          ],
          [
            -97.439526,
            30.717396
          ],
          [
            -97.438377,
            30.717292
          ],
          [
            -97.43833,
            30.717288
          ],
          [
            -97.43724,
            30.717191
          ],
          [
            -97.436223,
            30.717101
          ],
          [
            -97.43602,
            30.717076
          ],
          [
            -97.435564,
            30.717038
          ],
          [
            -97.435313,
            30.717032
          ],
          [
            -97.435173,
            30.717041
          ],
          [
            -97.435002,
            30.717053
          ],
          [
            -97.434761,
            30.717079
          ],
          [
            -97.43447,
            30.717133
          ],
          [
            -97.434236,
            30.717184
          ],
          [
            -97.433489,
            30.717418
          ],
          [
            -97.432926,
            30.717595
          ],
          [
            -97.431633,
            30.718015
          ],
          [
            -97.430286,
            30.718464
          ],
          [
            -97.429161,
            30.718828
          ],
          [
            -97.428362,
            30.719089
          ],
          [
            -97.427381,
            30.719421
          ],
          [
            -97.426857,
            30.719585
          ],
          [
            -97.426182,
            30.719794
          ],
          [
            -97.425161,
            30.720122
          ],
          [
            -97.423215,
            30.720733
          ],
          [
            -97.422359,
            30.721008
          ],
          [
            -97.422127,
            30.721083
          ],
          [
            -97.421639,
            30.721242
          ],
          [
            -97.420535,
            30.7216
          ],
          [
            -97.42039,
            30.721648
          ],
          [
            -97.419978,
            30.721784
          ],
          [
            -97.419188,
            30.722044
          ],
          [
            -97.417878,
            30.722469
          ],
          [
            -97.417616,
            30.722554
          ],
          [
            -97.415541,
            30.723238
          ],
          [
            -97.415104,
            30.723379
          ],
          [
            -97.414599,
            30.723544
          ],
          [
            -97.413948,
            30.723737
          ],
          [
            -97.40782,
            30.725669
          ],
          [
            -97.404939,
            30.726582
          ],
          [
            -97.40466,
            30.726655
          ],
          [
            -97.404555,
            30.726682
          ],
          [
            -97.404389,
            30.72672
          ],
          [
            -97.404102,
            30.726759
          ],
          [
            -97.403919,
            30.726776
          ],
          [
            -97.403813,
            30.726782
          ],
          [
            -97.403522,
            30.726787
          ],
          [
            -97.403324,
            30.726779
          ],
          [
            -97.403027,
            30.726746
          ],
          [
            -97.402734,
            30.726694
          ],
          [
            -97.402532,
            30.726649
          ],
          [
            -97.401838,
            30.726474
          ],
          [
            -97.400643,
            30.726189
          ],
          [
            -97.399354,
            30.725866
          ],
          [
            -97.398891,
            30.725737
          ],
          [
            -97.39379,
            30.724225
          ],
          [
            -97.392843,
            30.723938
          ],
          [
            -97.391521,
            30.723538
          ],
          [
            -97.390525,
            30.723233
          ],
          [
            -97.387467,
            30.722297
          ],
          [
            -97.384682,
            30.721444
          ],
          [
            -97.384227,
            30.721326
          ],
          [
            -97.384062,
            30.721297
          ],
          [
            -97.383813,
            30.721265
          ],
          [
            -97.383495,
            30.721249
          ],
          [
            -97.383308,
            30.721247
          ],
          [
            -97.383058,
            30.721262
          ],
          [
            -97.382954,
            30.721274
          ],
          [
            -97.382859,
            30.721285
          ],
          [
            -97.382699,
            30.721313
          ],
          [
            -97.382566,
            30.721337
          ],
          [
            -97.382502,
            30.721353
          ],
          [
            -97.382276,
            30.721408
          ],
          [
            -97.380108,
            30.722089
          ],
          [
            -97.379334,
            30.722333
          ],
          [
            -97.373207,
            30.724257
          ],
          [
            -97.371615,
            30.724763
          ],
          [
            -97.371026,
            30.725009
          ],
          [
            -97.370447,
            30.725333
          ],
          [
            -97.369274,
            30.726145
          ],
          [
            -97.365649,
            30.728575
          ],
          [
            -97.363746,
            30.729851
          ],
          [
            -97.363397,
            30.730083
          ],
          [
            -97.363117,
            30.730269
          ],
          [
            -97.362859,
            30.73044
          ],
          [
            -97.35815,
            30.733599
          ],
          [
            -97.357515,
            30.734011
          ],
          [
            -97.357325,
            30.734119
          ],
          [
            -97.357037,
            30.734263
          ],
          [
            -97.356839,
            30.734347
          ],
          [
            -97.356608,
            30.734424
          ],
          [
            -97.356322,
            30.734498
          ],
          [
            -97.356047,
            30.734553
          ],
          [
            -97.355853,
            30.734579
          ],
          [
            -97.355634,
            30.734592
          ],
          [
            -97.35539,
            30.734593
          ],
          [
            -97.355244,
            30.734594
          ],
          [
            -97.354951,
            30.734577
          ],
          [
            -97.354731,
            30.73455
          ],
          [
            -97.354679,
            30.734544
          ],
          [
            -97.354493,
            30.734511
          ],
          [
            -97.354289,
            30.734458
          ],
          [
            -97.353509,
            30.734229
          ],
          [
            -97.353229,
            30.734146
          ],
          [
            -97.352725,
            30.733998
          ],
          [
            -97.351461,
            30.733627
          ],
          [
            -97.348988,
            30.732927
          ],
          [
            -97.348576,
            30.73281
          ],
          [
            -97.347187,
            30.732408
          ],
          [
            -97.347081,
            30.732377
          ],
          [
            -97.344902,
            30.731739
          ],
          [
            -97.34479,
            30.731708
          ],
          [
            -97.343978,
            30.731481
          ],
          [
            -97.342149,
            30.730938
          ],
          [
            -97.340699,
            30.730525
          ],
          [
            -97.340463,
            30.730457
          ],
          [
            -97.33964,
            30.730225
          ],
          [
            -97.339398,
            30.730152
          ],
          [
            -97.3384,
            30.729866
          ],
          [
            -97.33763,
            30.729645
          ],
          [
            -97.336657,
            30.729357
          ],
          [
            -97.336293,
            30.729252
          ],
          [
            -97.334539,
            30.728747
          ],
          [
            -97.334138,
            30.728606
          ],
          [
            -97.333932,
            30.728517
          ],
          [
            -97.333595,
            30.728345
          ],
          [
            -97.33338,
            30.728211
          ],
          [
            -97.333011,
            30.727949
          ],
          [
            -97.33182,
            30.727116
          ],
          [
            -97.32999,
            30.725837
          ],
          [
            -97.329702,
            30.725636
          ],
          [
            -97.329287,
            30.725346
          ],
          [
            -97.328526,
            30.724823
          ],
          [
            -97.326729,
            30.723563
          ],
          [
            -97.325426,
            30.722665
          ],
          [
            -97.325283,
            30.722571
          ],
          [
            -97.324741,
            30.722187
          ],
          [
            -97.323827,
            30.721554
          ],
          [
            -97.323459,
            30.721301
          ],
          [
            -97.322356,
            30.720526
          ],
          [
            -97.321638,
            30.720037
          ],
          [
            -97.321028,
            30.719616
          ],
          [
            -97.321337,
            30.718988
          ],
          [
            -97.321749,
            30.718148
          ],
          [
            -97.322128,
            30.717404
          ],
          [
            -97.329894,
            30.701464
          ],
          [
            -97.329986,
            30.701275
          ],
          [
            -97.33757,
            30.685702
          ],
          [
            -97.33787,
            30.685057
          ],
          [
            -97.337932,
            30.684933
          ],
          [
            -97.338039,
            30.684748
          ],
          [
            -97.338249,
            30.684454
          ],
          [
            -97.339721,
            30.68279
          ],
          [
            -97.340146,
            30.682313
          ],
          [
            -97.3402,
            30.682252
          ],
          [
            -97.340751,
            30.681633
          ],
          [
            -97.341092,
            30.68124
          ],
          [
            -97.341426,
            30.680857
          ],
          [
            -97.342208,
            30.680028
          ],
          [
            -97.342553,
            30.679472
          ],
          [
            -97.342605,
            30.679353
          ],
          [
            -97.342684,
            30.679111
          ],
          [
            -97.34272,
            30.678916
          ],
          [
            -97.34273,
            30.678862
          ],
          [
            -97.342755,
            30.678429
          ],
          [
            -97.342377,
            30.676009
          ],
          [
            -97.342571,
            30.675952
          ],
          [
            -97.346216,
            30.674868
          ],
          [
            -97.349577,
            30.673867
          ],
          [
            -97.35055,
            30.673577
          ],
          [
            -97.350717,
            30.673536
          ],
          [
            -97.350962,
            30.673459
          ],
          [
            -97.351199,
            30.673365
          ],
          [
            -97.351555,
            30.67317
          ],
          [
            -97.351813,
            30.673015
          ],
          [
            -97.353393,
            30.671887
          ],
          [
            -97.354054,
            30.671404
          ],
          [
            -97.354183,
            30.67131
          ],
          [
            -97.356313,
            30.66975
          ],
          [
            -97.356925,
            30.669312
          ],
          [
            -97.357557,
            30.668859
          ],
          [
            -97.35807,
            30.668477
          ],
          [
            -97.358357,
            30.668277
          ],
          [
            -97.359529,
            30.667423
          ],
          [
            -97.360665,
            30.666596
          ],
          [
            -97.361386,
            30.666071
          ],
          [
            -97.36181,
            30.665754
          ],
          [
            -97.363046,
            30.664829
          ],
          [
            -97.363673,
            30.664424
          ],
          [
            -97.363731,
            30.664397
          ],
          [
            -97.364132,
            30.664206
          ],
          [
            -97.364557,
            30.664003
          ],
          [
            -97.365047,
            30.663744
          ],
          [
            -97.365251,
            30.663643
          ],
          [
            -97.365323,
            30.663607
          ],
          [
            -97.366145,
            30.663188
          ],
          [
            -97.366506,
            30.663004
          ],
          [
            -97.367058,
            30.662711
          ],
          [
            -97.36757,
            30.662431
          ],
          [
            -97.367885,
            30.662247
          ],
          [
            -97.368511,
            30.661886
          ],
          [
            -97.368882,
            30.661672
          ],
          [
            -97.370551,
            30.660698
          ],
          [
            -97.370756,
            30.660578
          ],
          [
            -97.371644,
            30.660057
          ],
          [
            -97.379667,
            30.655353
          ],
          [
            -97.380194,
            30.655049
          ],
          [
            -97.380887,
            30.654649
          ],
          [
            -97.381094,
            30.654542
          ],
          [
            -97.381228,
            30.654484
          ],
          [
            -97.381372,
            30.654431
          ],
          [
            -97.38152,
            30.654386
          ],
          [
            -97.38167,
            30.654349
          ],
          [
            -97.383455,
            30.653791
          ],
          [
            -97.383468,
            30.653787
          ],
          [
            -97.384776,
            30.653378
          ],
          [
            -97.385118,
            30.653271
          ],
          [
            -97.385237,
            30.653233
          ],
          [
            -97.385988,
            30.652996
          ],
          [
            -97.386241,
            30.652917
          ],
          [
            -97.392136,
            30.651044
          ],
          [
            -97.39244,
            30.650952
          ],
          [
            -97.392695,
            30.650893
          ],
          [
            -97.392953,
            30.650848
          ],
          [
            -97.393207,
            30.650819
          ],
          [
            -97.393701,
            30.650787
          ],
          [
            -97.394213,
            30.650736
          ],
          [
            -97.394446,
            30.650698
          ],
          [
            -97.394675,
            30.650642
          ],
          [
            -97.397196,
            30.649869
          ],
          [
            -97.39793,
            30.649644
          ],
          [
            -97.400358,
            30.648892
          ],
          [
            -97.400657,
            30.648792
          ],
          [
            -97.400889,
            30.648695
          ],
          [
            -97.40111,
            30.648582
          ],
          [
            -97.401324,
            30.648451
          ],
          [
            -97.403674,
            30.646803
          ],
          [
            -97.405076,
            30.645773
          ],
          [
            -97.407005,
            30.644359
          ],
          [
            -97.407182,
            30.64421
          ],
          [
            -97.407344,
            30.644051
          ],
          [
            -97.407491,
            30.643879
          ],
          [
            -97.407621,
            30.643699
          ],
          [
            -97.407947,
            30.643159
          ],
          [
            -97.408609,
            30.642048
          ],
          [
            -97.408753,
            30.641855
          ],
          [
            -97.408913,
            30.641672
          ],
          [
            -97.409089,
            30.641499
          ],
          [
            -97.409193,
            30.64141
          ],
          [
            -97.409278,
            30.641337
          ],
          [
            -97.409486,
            30.641183
          ],
          [
            -97.409709,
            30.641041
          ],
          [
            -97.409945,
            30.640914
          ],
          [
            -97.41019,
            30.640802
          ],
          [
            -97.410445,
            30.640707
          ],
          [
            -97.410783,
            30.640607
          ],
          [
            -97.413973,
            30.639711
          ],
          [
            -97.418255,
            30.638525
          ],
          [
            -97.418564,
            30.638453
          ],
          [
            -97.418876,
            30.638396
          ],
          [
            -97.419148,
            30.638391
          ],
          [
            -97.419284,
            30.6384
          ],
          [
            -97.419419,
            30.638416
          ],
          [
            -97.419553,
            30.63844
          ],
          [
            -97.419684,
            30.638471
          ],
          [
            -97.419813,
            30.638509
          ],
          [
            -97.419939,
            30.638554
          ],
          [
            -97.420061,
            30.638607
          ],
          [
            -97.420179,
            30.638665
          ],
          [
            -97.420292,
            30.638731
          ],
          [
            -97.420899,
            30.63904
          ],
          [
            -97.420963,
            30.639061
          ],
          [
            -97.421216,
            30.639145
          ],
          [
            -97.421413,
            30.639196
          ],
          [
            -97.421548,
            30.63922
          ],
          [
            -97.421684,
            30.639237
          ],
          [
            -97.421822,
            30.639244
          ],
          [
            -97.42196,
            30.639244
          ],
          [
            -97.422098,
            30.639236
          ],
          [
            -97.422191,
            30.639225
          ],
          [
            -97.422214,
            30.639222
          ],
          [
            -97.422368,
            30.639195
          ],
          [
            -97.422501,
            30.639162
          ],
          [
            -97.424671,
            30.638488
          ],
          [
            -97.425689,
            30.638173
          ],
          [
            -97.426229,
            30.638005
          ],
          [
            -97.428754,
            30.63722
          ],
          [
            -97.429077,
            30.63712
          ],
          [
            -97.429374,
            30.637025
          ],
          [
            -97.430051,
            30.636805
          ],
          [
            -97.430768,
            30.636593
          ],
          [
            -97.431294,
            30.636424
          ],
          [
            -97.432801,
            30.63595
          ],
          [
            -97.433842,
            30.635622
          ],
          [
            -97.43442,
            30.635434
          ],
          [
            -97.434775,
            30.635315
          ],
          [
            -97.43513,
            30.635211
          ],
          [
            -97.435927,
            30.634977
          ],
          [
            -97.435593,
            30.63387
          ],
          [
            -97.435563,
            30.63374
          ],
          [
            -97.435539,
            30.633634
          ],
          [
            -97.435465,
            30.633109
          ],
          [
            -97.435336,
            30.632333
          ],
          [
            -97.435315,
            30.63223
          ],
          [
            -97.435209,
            30.631706
          ],
          [
            -97.435199,
            30.631623
          ],
          [
            -97.435199,
            30.631498
          ],
          [
            -97.43521,
            30.631416
          ],
          [
            -97.435229,
            30.631334
          ],
          [
            -97.435256,
            30.631254
          ],
          [
            -97.435291,
            30.631177
          ],
          [
            -97.435334,
            30.631103
          ],
          [
            -97.43581,
            30.630449
          ],
          [
            -97.435872,
            30.630358
          ],
          [
            -97.435927,
            30.630261
          ],
          [
            -97.435972,
            30.630161
          ],
          [
            -97.436001,
            30.630078
          ],
          [
            -97.436008,
            30.630057
          ],
          [
            -97.436036,
            30.629952
          ],
          [
            -97.436055,
            30.629846
          ],
          [
            -97.436065,
            30.629739
          ],
          [
            -97.436065,
            30.629631
          ],
          [
            -97.436056,
            30.629524
          ],
          [
            -97.436039,
            30.629417
          ],
          [
            -97.435982,
            30.629193
          ],
          [
            -97.435898,
            30.628943
          ],
          [
            -97.43573,
            30.628546
          ],
          [
            -97.435074,
            30.627028
          ],
          [
            -97.434019,
            30.624546
          ],
          [
            -97.433863,
            30.624225
          ],
          [
            -97.433685,
            30.62391
          ],
          [
            -97.432907,
            30.622722
          ],
          [
            -97.432849,
            30.622629
          ],
          [
            -97.432097,
            30.621439
          ],
          [
            -97.432066,
            30.62139
          ],
          [
            -97.430594,
            30.619089
          ],
          [
            -97.430437,
            30.618843
          ],
          [
            -97.430358,
            30.618723
          ],
          [
            -97.430021,
            30.61821
          ],
          [
            -97.429698,
            30.61772
          ],
          [
            -97.428627,
            30.616065
          ],
          [
            -97.428197,
            30.615401
          ],
          [
            -97.427385,
            30.614109
          ],
          [
            -97.426319,
            30.614399
          ],
          [
            -97.425449,
            30.614599
          ],
          [
            -97.424749,
            30.614759
          ],
          [
            -97.424281,
            30.614882
          ],
          [
            -97.423798,
            30.615013
          ],
          [
            -97.422729,
            30.615335
          ],
          [
            -97.422212,
            30.614099
          ],
          [
            -97.421642,
            30.612749
          ],
          [
            -97.421496,
            30.612409
          ],
          [
            -97.421398,
            30.612169
          ],
          [
            -97.4211,
            30.611459
          ],
          [
            -97.420803,
            30.610772
          ],
          [
            -97.420243,
            30.609455
          ],
          [
            -97.419913,
            30.608669
          ],
          [
            -97.419494,
            30.607625
          ],
          [
            -97.41938,
            30.607362
          ],
          [
            -97.419247,
            30.607048
          ],
          [
            -97.419213,
            30.606969
          ],
          [
            -97.418857,
            30.606149
          ],
          [
            -97.418663,
            30.605704
          ],
          [
            -97.418549,
            30.605441
          ],
          [
            -97.41852,
            30.605374
          ],
          [
            -97.418435,
            30.605174
          ],
          [
            -97.418432,
            30.605168
          ],
          [
            -97.418115,
            30.604426
          ],
          [
            -97.41767,
            30.603384
          ],
          [
            -97.417618,
            30.603263
          ],
          [
            -97.417499,
            30.602985
          ],
          [
            -97.417415,
            30.602787
          ],
          [
            -97.417319,
            30.602563
          ],
          [
            -97.417249,
            30.6024
          ],
          [
            -97.417012,
            30.601839
          ],
          [
            -97.416772,
            30.601276
          ],
          [
            -97.416718,
            30.601141
          ],
          [
            -97.416391,
            30.600369
          ],
          [
            -97.416212,
            30.599927
          ],
          [
            -97.416198,
            30.599892
          ],
          [
            -97.416015,
            30.599471
          ],
          [
            -97.415687,
            30.59872
          ],
          [
            -97.415477,
            30.598225
          ],
          [
            -97.415317,
            30.597849
          ],
          [
            -97.415262,
            30.597719
          ],
          [
            -97.41519,
            30.597551
          ],
          [
            -97.415117,
            30.597378
          ],
          [
            -97.414766,
            30.596555
          ],
          [
            -97.414743,
            30.596499
          ],
          [
            -97.414271,
            30.595386
          ],
          [
            -97.414108,
            30.594992
          ],
          [
            -97.414049,
            30.59485
          ],
          [
            -97.413666,
            30.593899
          ],
          [
            -97.41363,
            30.59382
          ],
          [
            -97.413389,
            30.593255
          ],
          [
            -97.413245,
            30.592905
          ],
          [
            -97.413165,
            30.592712
          ],
          [
            -97.413129,
            30.592625
          ],
          [
            -97.412798,
            30.591843
          ],
          [
            -97.412567,
            30.5913
          ],
          [
            -97.412474,
            30.591044
          ],
          [
            -97.412404,
            30.590852
          ],
          [
            -97.412257,
            30.590405
          ],
          [
            -97.412219,
            30.590285
          ],
          [
            -97.412192,
            30.590204
          ],
          [
            -97.412142,
            30.590004
          ],
          [
            -97.412034,
            30.589631
          ],
          [
            -97.41202,
            30.589562
          ],
          [
            -97.411989,
            30.589439
          ],
          [
            -97.411883,
            30.588968
          ],
          [
            -97.411843,
            30.588718
          ],
          [
            -97.411763,
            30.588222
          ],
          [
            -97.411673,
            30.587624
          ],
          [
            -97.411661,
            30.587512
          ],
          [
            -97.411639,
            30.587321
          ],
          [
            -97.41162,
            30.587174
          ],
          [
            -97.4116,
            30.587033
          ],
          [
            -97.41157,
            30.586822
          ],
          [
            -97.411554,
            30.586709
          ],
          [
            -97.411537,
            30.586591
          ],
          [
            -97.41151,
            30.586365
          ],
          [
            -97.411498,
            30.586254
          ],
          [
            -97.411486,
            30.586179
          ],
          [
            -97.411442,
            30.585858
          ],
          [
            -97.411421,
            30.585639
          ],
          [
            -97.411411,
            30.585561
          ],
          [
            -97.411362,
            30.585197
          ],
          [
            -97.411351,
            30.585113
          ],
          [
            -97.411339,
            30.58502
          ],
          [
            -97.411316,
            30.584857
          ],
          [
            -97.411297,
            30.584734
          ],
          [
            -97.411284,
            30.584642
          ],
          [
            -97.411275,
            30.584583
          ],
          [
            -97.41126,
            30.584428
          ],
          [
            -97.411247,
            30.584332
          ],
          [
            -97.411235,
            30.584224
          ],
          [
            -97.411202,
            30.583982
          ],
          [
            -97.411185,
            30.583875
          ],
          [
            -97.411174,
            30.583782
          ],
          [
            -97.411158,
            30.583639
          ],
          [
            -97.411107,
            30.583284
          ],
          [
            -97.411095,
            30.583177
          ],
          [
            -97.411055,
            30.582823
          ],
          [
            -97.41101,
            30.582474
          ],
          [
            -97.410994,
            30.582395
          ],
          [
            -97.410887,
            30.581534
          ],
          [
            -97.410852,
            30.581255
          ],
          [
            -97.410825,
            30.581041
          ],
          [
            -97.410791,
            30.580777
          ],
          [
            -97.410763,
            30.580553
          ],
          [
            -97.410757,
            30.580477
          ],
          [
            -97.410723,
            30.580219
          ],
          [
            -97.410712,
            30.580137
          ],
          [
            -97.410689,
            30.579994
          ],
          [
            -97.410679,
            30.579928
          ],
          [
            -97.410667,
            30.579828
          ],
          [
            -97.410651,
            30.579698
          ],
          [
            -97.410646,
            30.579656
          ],
          [
            -97.410634,
            30.579535
          ],
          [
            -97.41059,
            30.57918
          ],
          [
            -97.410476,
            30.578157
          ],
          [
            -97.410455,
            30.577976
          ],
          [
            -97.410453,
            30.57796
          ],
          [
            -97.41042,
            30.577638
          ],
          [
            -97.410365,
            30.577103
          ],
          [
            -97.410359,
            30.577045
          ],
          [
            -97.410271,
            30.576201
          ],
          [
            -97.410213,
            30.575679
          ],
          [
            -97.410206,
            30.575612
          ],
          [
            -97.410188,
            30.575448
          ],
          [
            -97.410169,
            30.575302
          ],
          [
            -97.410073,
            30.574393
          ],
          [
            -97.410042,
            30.574054
          ],
          [
            -97.410007,
            30.573681
          ],
          [
            -97.409999,
            30.573596
          ],
          [
            -97.40999,
            30.573498
          ],
          [
            -97.409982,
            30.573408
          ],
          [
            -97.409906,
            30.57256
          ],
          [
            -97.409809,
            30.571691
          ],
          [
            -97.409798,
            30.571598
          ],
          [
            -97.409788,
            30.571504
          ],
          [
            -97.409708,
            30.570739
          ],
          [
            -97.409697,
            30.570642
          ],
          [
            -97.409568,
            30.570652
          ],
          [
            -97.409488,
            30.570658
          ],
          [
            -97.409125,
            30.570689
          ],
          [
            -97.409116,
            30.570593
          ],
          [
            -97.40911,
            30.570541
          ],
          [
            -97.409096,
            30.57042
          ],
          [
            -97.409047,
            30.569996
          ],
          [
            -97.409026,
            30.569814
          ],
          [
            -97.409015,
            30.569731
          ],
          [
            -97.409478,
            30.569691
          ],
          [
            -97.409593,
            30.569681
          ],
          [
            -97.409589,
            30.569624
          ],
          [
            -97.409546,
            30.569198
          ],
          [
            -97.409503,
            30.568829
          ],
          [
            -97.409487,
            30.568692
          ],
          [
            -97.409475,
            30.568575
          ],
          [
            -97.409415,
            30.567999
          ],
          [
            -97.409125,
            30.565343
          ],
          [
            -97.409054,
            30.564718
          ],
          [
            -97.409045,
            30.564632
          ],
          [
            -97.408996,
            30.564174
          ],
          [
            -97.408957,
            30.563809
          ],
          [
            -97.40895,
            30.563749
          ],
          [
            -97.40888,
            30.563126
          ],
          [
            -97.408854,
            30.562901
          ],
          [
            -97.408799,
            30.562367
          ],
          [
            -97.408627,
            30.56084
          ],
          [
            -97.40858,
            30.560392
          ],
          [
            -97.408497,
            30.559624
          ],
          [
            -97.408387,
            30.558605
          ],
          [
            -97.408309,
            30.557944
          ],
          [
            -97.408292,
            30.557799
          ],
          [
            -97.408226,
            30.557197
          ],
          [
            -97.40819,
            30.556873
          ],
          [
            -97.408137,
            30.556388
          ],
          [
            -97.408097,
            30.556021
          ],
          [
            -97.408082,
            30.555863
          ],
          [
            -97.408048,
            30.555552
          ],
          [
            -97.408012,
            30.555219
          ],
          [
            -97.407951,
            30.55466
          ],
          [
            -97.407911,
            30.554295
          ],
          [
            -97.407884,
            30.553896
          ],
          [
            -97.40788,
            30.553316
          ],
          [
            -97.407895,
            30.55312
          ],
          [
            -97.407934,
            30.552836
          ],
          [
            -97.407985,
            30.55259
          ],
          [
            -97.407999,
            30.552524
          ],
          [
            -97.408061,
            30.552327
          ],
          [
            -97.408142,
            30.552066
          ],
          [
            -97.408265,
            30.551751
          ],
          [
            -97.40843,
            30.551391
          ],
          [
            -97.40848,
            30.551269
          ],
          [
            -97.408554,
            30.55109
          ],
          [
            -97.408614,
            30.550921
          ],
          [
            -97.408662,
            30.550785
          ],
          [
            -97.408747,
            30.550474
          ],
          [
            -97.40882,
            30.550145
          ],
          [
            -97.408864,
            30.549819
          ],
          [
            -97.408888,
            30.549491
          ],
          [
            -97.408894,
            30.549215
          ],
          [
            -97.408893,
            30.548949
          ],
          [
            -97.408871,
            30.548684
          ],
          [
            -97.40883,
            30.54842
          ],
          [
            -97.40873,
            30.547996
          ],
          [
            -97.408652,
            30.547739
          ],
          [
            -97.408565,
            30.547481
          ],
          [
            -97.408434,
            30.547163
          ],
          [
            -97.408301,
            30.546901
          ],
          [
            -97.408183,
            30.546693
          ],
          [
            -97.408114,
            30.546572
          ],
          [
            -97.407905,
            30.546252
          ],
          [
            -97.407447,
            30.545587
          ],
          [
            -97.405947,
            30.543334
          ],
          [
            -97.405904,
            30.543269
          ],
          [
            -97.405467,
            30.542636
          ],
          [
            -97.405432,
            30.542585
          ],
          [
            -97.405271,
            30.542341
          ],
          [
            -97.40521,
            30.542249
          ],
          [
            -97.40503,
            30.541974
          ],
          [
            -97.404767,
            30.541576
          ],
          [
            -97.404559,
            30.54126
          ],
          [
            -97.40455,
            30.541243
          ],
          [
            -97.404415,
            30.541003
          ],
          [
            -97.404288,
            30.54074
          ],
          [
            -97.404177,
            30.540471
          ],
          [
            -97.404086,
            30.540197
          ],
          [
            -97.404023,
            30.53993
          ],
          [
            -97.403946,
            30.539528
          ],
          [
            -97.40392,
            30.539343
          ],
          [
            -97.403889,
            30.539123
          ],
          [
            -97.403834,
            30.538463
          ],
          [
            -97.403785,
            30.537874
          ],
          [
            -97.403744,
            30.537418
          ],
          [
            -97.403724,
            30.537201
          ],
          [
            -97.403703,
            30.536967
          ],
          [
            -97.403641,
            30.536288
          ],
          [
            -97.40358,
            30.535682
          ],
          [
            -97.40317,
            30.531257
          ],
          [
            -97.40313,
            30.530766
          ],
          [
            -97.403074,
            30.530272
          ],
          [
            -97.402992,
            30.529781
          ],
          [
            -97.402909,
            30.529407
          ],
          [
            -97.402849,
            30.529196
          ],
          [
            -97.402803,
            30.529037
          ],
          [
            -97.402677,
            30.528672
          ],
          [
            -97.402547,
            30.528346
          ],
          [
            -97.401454,
            30.525711
          ],
          [
            -97.401096,
            30.52485
          ],
          [
            -97.398465,
            30.518523
          ],
          [
            -97.397562,
            30.516352
          ],
          [
            -97.397489,
            30.516175
          ],
          [
            -97.397369,
            30.515841
          ],
          [
            -97.3973,
            30.515581
          ],
          [
            -97.397232,
            30.515348
          ],
          [
            -97.397208,
            30.51521
          ],
          [
            -97.397189,
            30.515108
          ],
          [
            -97.39715,
            30.514805
          ],
          [
            -97.39713,
            30.514499
          ],
          [
            -97.397131,
            30.514193
          ],
          [
            -97.397143,
            30.513988
          ],
          [
            -97.397154,
            30.513877
          ],
          [
            -97.397376,
            30.512429
          ],
          [
            -97.397646,
            30.510697
          ],
          [
            -97.397809,
            30.509669
          ],
          [
            -97.397814,
            30.509635
          ],
          [
            -97.397837,
            30.509505
          ],
          [
            -97.398222,
            30.507296
          ],
          [
            -97.398766,
            30.504168
          ],
          [
            -97.399067,
            30.50249
          ],
          [
            -97.399278,
            30.50131
          ],
          [
            -97.39942,
            30.500519
          ],
          [
            -97.39949,
            30.500127
          ],
          [
            -97.40057,
            30.494049
          ],
          [
            -97.401142,
            30.490879
          ],
          [
            -97.401231,
            30.490459
          ],
          [
            -97.401352,
            30.489997
          ],
          [
            -97.401727,
            30.488792
          ],
          [
            -97.402105,
            30.487549
          ],
          [
            -97.402373,
            30.486685
          ],
          [
            -97.402512,
            30.486234
          ],
          [
            -97.402598,
            30.48585
          ],
          [
            -97.402696,
            30.485334
          ],
          [
            -97.402726,
            30.485178
          ],
          [
            -97.403327,
            30.481903
          ],
          [
            -97.404308,
            30.476579
          ],
          [
            -97.404358,
            30.476253
          ],
          [
            -97.404397,
            30.47587
          ],
          [
            -97.404418,
            30.475486
          ],
          [
            -97.404418,
            30.475075
          ],
          [
            -97.404412,
            30.474978
          ],
          [
            -97.404396,
            30.474737
          ],
          [
            -97.404531,
            30.474712
          ],
          [
            -97.404681,
            30.474679
          ],
          [
            -97.405164,
            30.474582
          ],
          [
            -97.406168,
            30.474355
          ],
          [
            -97.407565,
            30.474026
          ],
          [
            -97.41043,
            30.473364
          ],
          [
            -97.411493,
            30.473073
          ],
          [
            -97.412,
            30.472994
          ],
          [
            -97.412278,
            30.472967
          ],
          [
            -97.412556,
            30.472966
          ],
          [
            -97.412753,
            30.472966
          ],
          [
            -97.413774,
            30.473125
          ],
          [
            -97.41381,
            30.47313
          ],
          [
            -97.4162,
            30.473443
          ],
          [
            -97.417572,
            30.473536
          ],
          [
            -97.418037,
            30.473565
          ],
          [
            -97.418506,
            30.473595
          ],
          [
            -97.419889,
            30.473681
          ],
          [
            -97.42062,
            30.473748
          ],
          [
            -97.421724,
            30.473923
          ],
          [
            -97.422985,
            30.474121
          ],
          [
            -97.423459,
            30.474255
          ],
          [
            -97.423926,
            30.474419
          ],
          [
            -97.42485,
            30.474874
          ],
          [
            -97.425397,
            30.475143
          ],
          [
            -97.426288,
            30.475572
          ],
          [
            -97.426722,
            30.475752
          ],
          [
            -97.426937,
            30.47582
          ],
          [
            -97.427768,
            30.47608
          ],
          [
            -97.428514,
            30.47628
          ],
          [
            -97.429283,
            30.476413
          ],
          [
            -97.430375,
            30.476526
          ],
          [
            -97.431751,
            30.476651
          ],
          [
            -97.431806,
            30.476651
          ],
          [
            -97.431896,
            30.47665
          ],
          [
            -97.432159,
            30.476648
          ],
          [
            -97.433432,
            30.476574
          ],
          [
            -97.434952,
            30.476388
          ],
          [
            -97.435477,
            30.476324
          ],
          [
            -97.435482,
            30.476323
          ],
          [
            -97.435958,
            30.476306
          ],
          [
            -97.437983,
            30.476353
          ],
          [
            -97.43833,
            30.476364
          ],
          [
            -97.439221,
            30.476393
          ],
          [
            -97.440423,
            30.476546
          ],
          [
            -97.442894,
            30.476933
          ],
          [
            -97.444016,
            30.477107
          ],
          [
            -97.444259,
            30.477145
          ],
          [
            -97.445744,
            30.477378
          ],
          [
            -97.447802,
            30.477689
          ],
          [
            -97.447916,
            30.477708
          ],
          [
            -97.448561,
            30.477818
          ],
          [
            -97.45039,
            30.478204
          ],
          [
            -97.453666,
            30.479001
          ],
          [
            -97.454309,
            30.479176
          ],
          [
            -97.454471,
            30.479198
          ],
          [
            -97.454951,
            30.479263
          ],
          [
            -97.455145,
            30.479278
          ],
          [
            -97.456022,
            30.479355
          ],
          [
            -97.456524,
            30.479395
          ],
          [
            -97.457091,
            30.479549
          ],
          [
            -97.457849,
            30.479852
          ],
          [
            -97.458832,
            30.480264
          ],
          [
            -97.459007,
            30.480341
          ],
          [
            -97.45916,
            30.480401
          ],
          [
            -97.459284,
            30.480444
          ],
          [
            -97.459651,
            30.480579
          ],
          [
            -97.459964,
            30.480682
          ],
          [
            -97.460156,
            30.480732
          ],
          [
            -97.460311,
            30.480766
          ],
          [
            -97.4609,
            30.480843
          ],
          [
            -97.461199,
            30.480852
          ],
          [
            -97.461646,
            30.480825
          ],
          [
            -97.462514,
            30.480701
          ],
          [
            -97.464435,
            30.480389
          ],
          [
            -97.464728,
            30.480341
          ],
          [
            -97.465292,
            30.480261
          ],
          [
            -97.465751,
            30.480223
          ],
          [
            -97.466255,
            30.480241
          ],
          [
            -97.466435,
            30.480266
          ],
          [
            -97.466626,
            30.480292
          ],
          [
            -97.46697,
            30.480372
          ],
          [
            -97.467426,
            30.480515
          ],
          [
            -97.46856,
            30.481044
          ],
          [
            -97.470333,
            30.481846
          ],
          [
            -97.470676,
            30.482002
          ],
          [
            -97.471128,
            30.482206
          ],
          [
            -97.473207,
            30.483155
          ],
          [
            -97.47472,
            30.483892
          ],
          [
            -97.475731,
            30.484331
          ],
          [
            -97.476182,
            30.48448
          ],
          [
            -97.47647,
            30.484558
          ],
          [
            -97.477423,
            30.484733
          ],
          [
            -97.478336,
            30.484879
          ],
          [
            -97.478747,
            30.48496
          ],
          [
            -97.479328,
            30.485113
          ],
          [
            -97.480691,
            30.485639
          ],
          [
            -97.481637,
            30.486045
          ],
          [
            -97.48207,
            30.486271
          ],
          [
            -97.482583,
            30.486634
          ],
          [
            -97.484292,
            30.488134
          ],
          [
            -97.48479,
            30.488454
          ],
          [
            -97.485189,
            30.48864
          ],
          [
            -97.485487,
            30.488744
          ],
          [
            -97.485999,
            30.488885
          ],
          [
            -97.486792,
            30.489024
          ],
          [
            -97.487951,
            30.489226
          ],
          [
            -97.488694,
            30.489539
          ],
          [
            -97.489207,
            30.489856
          ],
          [
            -97.489622,
            30.490214
          ],
          [
            -97.489931,
            30.4906
          ],
          [
            -97.490274,
            30.4912
          ],
          [
            -97.490316,
            30.491279
          ],
          [
            -97.490521,
            30.491674
          ],
          [
            -97.490833,
            30.492089
          ],
          [
            -97.491195,
            30.492447
          ],
          [
            -97.491553,
            30.492715
          ],
          [
            -97.491631,
            30.492773
          ],
          [
            -97.492069,
            30.493022
          ],
          [
            -97.492402,
            30.493158
          ],
          [
            -97.493281,
            30.493533
          ],
          [
            -97.493551,
            30.493645
          ],
          [
            -97.493819,
            30.493746
          ],
          [
            -97.494078,
            30.493835
          ],
          [
            -97.494518,
            30.493967
          ],
          [
            -97.494889,
            30.494078
          ],
          [
            -97.496018,
            30.494412
          ],
          [
            -97.497379,
            30.494835
          ],
          [
            -97.497792,
            30.494979
          ],
          [
            -97.499148,
            30.495423
          ],
          [
            -97.499622,
            30.495579
          ],
          [
            -97.499673,
            30.495594
          ],
          [
            -97.49969,
            30.4956
          ],
          [
            -97.500126,
            30.495774
          ],
          [
            -97.500433,
            30.495916
          ],
          [
            -97.500684,
            30.496051
          ],
          [
            -97.502047,
            30.496828
          ],
          [
            -97.503076,
            30.49741
          ],
          [
            -97.504361,
            30.498141
          ],
          [
            -97.505402,
            30.498733
          ],
          [
            -97.506112,
            30.499129
          ],
          [
            -97.506398,
            30.49929
          ],
          [
            -97.506629,
            30.499407
          ],
          [
            -97.50691,
            30.49953
          ],
          [
            -97.507185,
            30.499626
          ],
          [
            -97.507346,
            30.499679
          ],
          [
            -97.507594,
            30.499741
          ],
          [
            -97.507791,
            30.49978
          ],
          [
            -97.50799,
            30.499814
          ],
          [
            -97.508467,
            30.499879
          ],
          [
            -97.508589,
            30.499899
          ],
          [
            -97.509311,
            30.499996
          ],
          [
            -97.510942,
            30.500216
          ],
          [
            -97.511384,
            30.500276
          ],
          [
            -97.511941,
            30.500366
          ],
          [
            -97.512347,
            30.500454
          ],
          [
            -97.512594,
            30.500524
          ],
          [
            -97.512766,
            30.500586
          ],
          [
            -97.512917,
            30.500649
          ],
          [
            -97.513507,
            30.500966
          ],
          [
            -97.514517,
            30.501595
          ],
          [
            -97.515424,
            30.502133
          ],
          [
            -97.516183,
            30.502547
          ],
          [
            -97.516616,
            30.502797
          ],
          [
            -97.517252,
            30.503197
          ],
          [
            -97.518836,
            30.504379
          ],
          [
            -97.519699,
            30.505023
          ],
          [
            -97.519906,
            30.505176
          ],
          [
            -97.520273,
            30.505427
          ],
          [
            -97.520541,
            30.505645
          ],
          [
            -97.520772,
            30.505882
          ],
          [
            -97.520924,
            30.506044
          ],
          [
            -97.521001,
            30.506126
          ],
          [
            -97.521214,
            30.506422
          ],
          [
            -97.521311,
            30.506613
          ],
          [
            -97.521422,
            30.506865
          ],
          [
            -97.521478,
            30.507087
          ],
          [
            -97.521513,
            30.507237
          ],
          [
            -97.521602,
            30.507671
          ],
          [
            -97.521753,
            30.508341
          ],
          [
            -97.521756,
            30.508355
          ],
          [
            -97.521807,
            30.508544
          ],
          [
            -97.521883,
            30.508772
          ],
          [
            -97.521985,
            30.508996
          ],
          [
            -97.522103,
            30.50921
          ],
          [
            -97.522238,
            30.509421
          ],
          [
            -97.522392,
            30.509614
          ],
          [
            -97.522562,
            30.5098
          ],
          [
            -97.522746,
            30.509975
          ],
          [
            -97.522946,
            30.510138
          ],
          [
            -97.523455,
            30.510474
          ],
          [
            -97.524382,
            30.510908
          ],
          [
            -97.525395,
            30.511373
          ],
          [
            -97.525624,
            30.511478
          ],
          [
            -97.527021,
            30.512119
          ],
          [
            -97.527362,
            30.512276
          ],
          [
            -97.527633,
            30.5124
          ],
          [
            -97.528175,
            30.512647
          ],
          [
            -97.528493,
            30.512769
          ],
          [
            -97.528823,
            30.512856
          ],
          [
            -97.529227,
            30.51295
          ],
          [
            -97.529337,
            30.512965
          ],
          [
            -97.530066,
            30.513062
          ],
          [
            -97.53023,
            30.513085
          ],
          [
            -97.530887,
            30.513174
          ],
          [
            -97.532168,
            30.513348
          ],
          [
            -97.532621,
            30.513401
          ],
          [
            -97.532819,
            30.51343
          ],
          [
            -97.533078,
            30.513465
          ],
          [
            -97.533371,
            30.513527
          ],
          [
            -97.533464,
            30.513562
          ],
          [
            -97.53383,
            30.513697
          ],
          [
            -97.534001,
            30.51378
          ],
          [
            -97.534279,
            30.513923
          ],
          [
            -97.534478,
            30.514053
          ],
          [
            -97.534675,
            30.514203
          ],
          [
            -97.534902,
            30.514433
          ],
          [
            -97.53511,
            30.514707
          ],
          [
            -97.536137,
            30.516161
          ],
          [
            -97.536527,
            30.516715
          ],
          [
            -97.536737,
            30.517006
          ],
          [
            -97.536901,
            30.517241
          ],
          [
            -97.537109,
            30.517511
          ],
          [
            -97.53721,
            30.517615
          ],
          [
            -97.537324,
            30.517707
          ],
          [
            -97.537474,
            30.517827
          ],
          [
            -97.537655,
            30.517946
          ],
          [
            -97.537818,
            30.51805
          ],
          [
            -97.538055,
            30.518159
          ],
          [
            -97.538235,
            30.518222
          ],
          [
            -97.538738,
            30.51835
          ],
          [
            -97.540378,
            30.51876
          ],
          [
            -97.540658,
            30.518829
          ],
          [
            -97.540901,
            30.518905
          ],
          [
            -97.541353,
            30.519063
          ],
          [
            -97.541841,
            30.519254
          ],
          [
            -97.5434,
            30.519939
          ],
          [
            -97.544585,
            30.520431
          ],
          [
            -97.54478,
            30.520532
          ],
          [
            -97.54493,
            30.520624
          ],
          [
            -97.545024,
            30.520685
          ],
          [
            -97.545122,
            30.52076
          ],
          [
            -97.545197,
            30.520823
          ],
          [
            -97.545253,
            30.520875
          ],
          [
            -97.545334,
            30.520958
          ],
          [
            -97.545417,
            30.521045
          ],
          [
            -97.545457,
            30.521098
          ],
          [
            -97.54551,
            30.521168
          ],
          [
            -97.545551,
            30.52123
          ],
          [
            -97.545597,
            30.521318
          ],
          [
            -97.545655,
            30.521444
          ],
          [
            -97.54572,
            30.521564
          ],
          [
            -97.545786,
            30.521728
          ],
          [
            -97.545812,
            30.521843
          ],
          [
            -97.545833,
            30.521972
          ],
          [
            -97.545849,
            30.522099
          ],
          [
            -97.545847,
            30.522242
          ],
          [
            -97.545826,
            30.522385
          ],
          [
            -97.545781,
            30.52272
          ],
          [
            -97.54559,
            30.523721
          ],
          [
            -97.545477,
            30.524625
          ],
          [
            -97.545283,
            30.525657
          ],
          [
            -97.54501,
            30.527111
          ],
          [
            -97.544691,
            30.528815
          ],
          [
            -97.544687,
            30.528833
          ],
          [
            -97.544437,
            30.530079
          ],
          [
            -97.543935,
            30.532733
          ],
          [
            -97.543916,
            30.532832
          ],
          [
            -97.543897,
            30.532928
          ],
          [
            -97.543492,
            30.534994
          ],
          [
            -97.543369,
            30.535711
          ],
          [
            -97.542851,
            30.538401
          ],
          [
            -97.542617,
            30.539629
          ],
          [
            -97.542598,
            30.539725
          ],
          [
            -97.542444,
            30.540531
          ],
          [
            -97.542311,
            30.541231
          ],
          [
            -97.542109,
            30.542274
          ],
          [
            -97.542023,
            30.542873
          ],
          [
            -97.542022,
            30.543267
          ],
          [
            -97.542039,
            30.543457
          ],
          [
            -97.542081,
            30.543705
          ],
          [
            -97.542637,
            30.54361
          ],
          [
            -97.543161,
            30.543518
          ],
          [
            -97.543885,
            30.54339
          ],
          [
            -97.544887,
            30.543218
          ],
          [
            -97.545043,
            30.543192
          ],
          [
            -97.545471,
            30.543121
          ],
          [
            -97.545928,
            30.543052
          ],
          [
            -97.546452,
            30.543004
          ],
          [
            -97.546383,
            30.543399
          ],
          [
            -97.546314,
            30.543794
          ],
          [
            -97.546305,
            30.543842
          ],
          [
            -97.546298,
            30.543881
          ],
          [
            -97.546247,
            30.544158
          ],
          [
            -97.546056,
            30.545155
          ],
          [
            -97.545876,
            30.546085
          ],
          [
            -97.545734,
            30.546821
          ],
          [
            -97.545612,
            30.547462
          ],
          [
            -97.54544,
            30.548319
          ],
          [
            -97.545321,
            30.548979
          ],
          [
            -97.545113,
            30.550143
          ],
          [
            -97.54508,
            30.550301
          ],
          [
            -97.544908,
            30.551231
          ],
          [
            -97.54482,
            30.551681
          ],
          [
            -97.544807,
            30.551756
          ],
          [
            -97.54459,
            30.552991
          ],
          [
            -97.544569,
            30.553109
          ],
          [
            -97.544425,
            30.553941
          ],
          [
            -97.5444,
            30.554192
          ],
          [
            -97.544396,
            30.554275
          ],
          [
            -97.544399,
            30.554528
          ],
          [
            -97.544422,
            30.554777
          ],
          [
            -97.544475,
            30.555082
          ],
          [
            -97.54453,
            30.555364
          ],
          [
            -97.5446,
            30.5558
          ],
          [
            -97.544683,
            30.556337
          ],
          [
            -97.544701,
            30.556466
          ],
          [
            -97.544715,
            30.556568
          ],
          [
            -97.544721,
            30.556643
          ],
          [
            -97.54472,
            30.55688
          ],
          [
            -97.544538,
            30.557885
          ],
          [
            -97.54448,
            30.558238
          ],
          [
            -97.54442,
            30.558648
          ],
          [
            -97.544382,
            30.558903
          ],
          [
            -97.544338,
            30.559121
          ],
          [
            -97.544316,
            30.559227
          ],
          [
            -97.544233,
            30.559557
          ],
          [
            -97.544063,
            30.560498
          ],
          [
            -97.544029,
            30.560697
          ],
          [
            -97.54378,
            30.561958
          ],
          [
            -97.543594,
            30.562873
          ],
          [
            -97.543296,
            30.564605
          ],
          [
            -97.543142,
            30.565456
          ],
          [
            -97.542998,
            30.56625
          ],
          [
            -97.542814,
            30.567162
          ],
          [
            -97.542652,
            30.567964
          ],
          [
            -97.542594,
            30.568307
          ],
          [
            -97.542565,
            30.568544
          ],
          [
            -97.542561,
            30.568622
          ],
          [
            -97.542559,
            30.56867
          ],
          [
            -97.542566,
            30.56894
          ],
          [
            -97.542592,
            30.569176
          ],
          [
            -97.542638,
            30.56941
          ],
          [
            -97.542706,
            30.569639
          ],
          [
            -97.542912,
            30.570151
          ],
          [
            -97.54411,
            30.572939
          ],
          [
            -97.544245,
            30.573252
          ],
          [
            -97.544708,
            30.574306
          ],
          [
            -97.545053,
            30.575169
          ],
          [
            -97.545158,
            30.575432
          ],
          [
            -97.545626,
            30.576575
          ],
          [
            -97.545666,
            30.576673
          ],
          [
            -97.545732,
            30.576832
          ],
          [
            -97.54578,
            30.576948
          ],
          [
            -97.545891,
            30.577201
          ],
          [
            -97.545977,
            30.577396
          ],
          [
            -97.546112,
            30.577742
          ],
          [
            -97.546269,
            30.578144
          ],
          [
            -97.547139,
            30.580193
          ],
          [
            -97.547274,
            30.580512
          ],
          [
            -97.547466,
            30.580963
          ],
          [
            -97.547615,
            30.581323
          ],
          [
            -97.547957,
            30.582146
          ],
          [
            -97.548335,
            30.583095
          ],
          [
            -97.548379,
            30.583298
          ],
          [
            -97.548409,
            30.583504
          ],
          [
            -97.54842,
            30.583737
          ],
          [
            -97.548644,
            30.583848
          ],
          [
            -97.548745,
            30.584079
          ],
          [
            -97.549095,
            30.584882
          ],
          [
            -97.549337,
            30.585436
          ],
          [
            -97.549422,
            30.585631
          ],
          [
            -97.550104,
            30.585425
          ],
          [
            -97.551035,
            30.587599
          ],
          [
            -97.551763,
            30.589295
          ],
          [
            -97.552193,
            30.590305
          ],
          [
            -97.552193,
            30.590305
          ],
          [
            -97.55739,
            30.58867
          ],
          [
            -97.557846,
            30.588532
          ],
          [
            -97.558269,
            30.58844
          ],
          [
            -97.558698,
            30.588361
          ],
          [
            -97.559112,
            30.588306
          ],
          [
            -97.559562,
            30.588264
          ],
          [
            -97.559981,
            30.58825
          ],
          [
            -97.560447,
            30.588259
          ],
          [
            -97.561048,
            30.588292
          ],
          [
            -97.563784,
            30.588481
          ],
          [
            -97.564224,
            30.5885
          ],
          [
            -97.564787,
            30.5885
          ],
          [
            -97.565232,
            30.588481
          ],
          [
            -97.565839,
            30.588421
          ],
          [
            -97.568848,
            30.587922
          ],
          [
            -97.570055,
            30.587728
          ],
          [
            -97.570672,
            30.587655
          ],
          [
            -97.571043,
            30.58763
          ],
          [
            -97.571262,
            30.587627
          ],
          [
            -97.571696,
            30.587636
          ],
          [
            -97.572094,
            30.587656
          ],
          [
            -97.57227,
            30.587673
          ],
          [
            -97.572802,
            30.587738
          ],
          [
            -97.573349,
            30.587844
          ],
          [
            -97.573907,
            30.587978
          ],
          [
            -97.574647,
            30.588227
          ],
          [
            -97.575441,
            30.588527
          ],
          [
            -97.577313,
            30.589229
          ],
          [
            -97.579968,
            30.590245
          ],
          [
            -97.581194,
            30.590771
          ],
          [
            -97.581479,
            30.590893
          ],
          [
            -97.582427,
            30.591268
          ],
          [
            -97.583394,
            30.591651
          ],
          [
            -97.58411,
            30.591931
          ],
          [
            -97.584211,
            30.591964
          ],
          [
            -97.584534,
            30.592069
          ],
          [
            -97.58492,
            30.592175
          ],
          [
            -97.585149,
            30.592225
          ],
          [
            -97.585263,
            30.592249
          ],
          [
            -97.585708,
            30.592319
          ],
          [
            -97.586095,
            30.592369
          ],
          [
            -97.586475,
            30.592397
          ],
          [
            -97.586884,
            30.592402
          ],
          [
            -97.587323,
            30.592388
          ],
          [
            -97.587731,
            30.592346
          ],
          [
            -97.588157,
            30.592282
          ],
          [
            -97.588653,
            30.592195
          ],
          [
            -97.589035,
            30.592106
          ],
          [
            -97.589319,
            30.592024
          ],
          [
            -97.589941,
            30.591834
          ],
          [
            -97.591276,
            30.591407
          ],
          [
            -97.591409,
            30.591366
          ],
          [
            -97.591786,
            30.591247
          ],
          [
            -97.592058,
            30.591162
          ],
          [
            -97.593419,
            30.590731
          ],
          [
            -97.593824,
            30.590618
          ],
          [
            -97.594259,
            30.590481
          ],
          [
            -97.594319,
            30.590459
          ],
          [
            -97.595616,
            30.590026
          ],
          [
            -97.598895,
            30.589039
          ],
          [
            -97.599463,
            30.588908
          ],
          [
            -97.600356,
            30.588644
          ],
          [
            -97.601612,
            30.58826
          ],
          [
            -97.603828,
            30.58758
          ],
          [
            -97.606688,
            30.586757
          ],
          [
            -97.609481,
            30.585955
          ],
          [
            -97.612631,
            30.584973
          ],
          [
            -97.613261,
            30.584779
          ],
          [
            -97.615031,
            30.584228
          ],
          [
            -97.624558,
            30.581252
          ],
          [
            -97.625592,
            30.580934
          ],
          [
            -97.62632,
            30.580676
          ],
          [
            -97.626761,
            30.580503
          ],
          [
            -97.627093,
            30.58036
          ],
          [
            -97.627626,
            30.580095
          ],
          [
            -97.628419,
            30.579629
          ],
          [
            -97.629733,
            30.578774
          ],
          [
            -97.630409,
            30.578324
          ],
          [
            -97.630801,
            30.578102
          ],
          [
            -97.631515,
            30.577764
          ],
          [
            -97.631956,
            30.577582
          ],
          [
            -97.632198,
            30.577494
          ],
          [
            -97.632328,
            30.577456
          ],
          [
            -97.633108,
            30.577195
          ],
          [
            -97.633545,
            30.577066
          ],
          [
            -97.638149,
            30.575717
          ],
          [
            -97.638624,
            30.575573
          ],
          [
            -97.638707,
            30.575548
          ],
          [
            -97.638864,
            30.575494
          ],
          [
            -97.639012,
            30.575451
          ],
          [
            -97.644795,
            30.573752
          ],
          [
            -97.645371,
            30.573581
          ],
          [
            -97.64603,
            30.573393
          ],
          [
            -97.646371,
            30.573306
          ],
          [
            -97.646838,
            30.573187
          ],
          [
            -97.64794,
            30.572993
          ],
          [
            -97.649022,
            30.572824
          ],
          [
            -97.649516,
            30.572766
          ],
          [
            -97.649744,
            30.572739
          ],
          [
            -97.650246,
            30.572673
          ],
          [
            -97.650379,
            30.572656
          ],
          [
            -97.650598,
            30.572632
          ],
          [
            -97.650737,
            30.572616
          ],
          [
            -97.651197,
            30.572564
          ],
          [
            -97.65128,
            30.572553
          ],
          [
            -97.651451,
            30.572526
          ],
          [
            -97.651598,
            30.572497
          ],
          [
            -97.651744,
            30.572459
          ],
          [
            -97.651892,
            30.572413
          ],
          [
            -97.652066,
            30.572342
          ],
          [
            -97.652144,
            30.572309
          ],
          [
            -97.652271,
            30.572255
          ],
          [
            -97.652462,
            30.57216
          ],
          [
            -97.652636,
            30.572053
          ],
          [
            -97.65272,
            30.571991
          ],
          [
            -97.652757,
            30.571897
          ],
          [
            -97.652866,
            30.571812
          ],
          [
            -97.652959,
            30.571736
          ],
          [
            -97.653412,
            30.571341
          ],
          [
            -97.654214,
            30.570654
          ],
          [
            -97.654363,
            30.570531
          ],
          [
            -97.654487,
            30.570448
          ],
          [
            -97.654622,
            30.570365
          ],
          [
            -97.65476,
            30.570288
          ],
          [
            -97.654916,
            30.570209
          ],
          [
            -97.655064,
            30.570141
          ],
          [
            -97.655217,
            30.570086
          ],
          [
            -97.655374,
            30.570035
          ],
          [
            -97.655863,
            30.569888
          ],
          [
            -97.656008,
            30.569844
          ],
          [
            -97.656567,
            30.569677
          ],
          [
            -97.656609,
            30.569664
          ],
          [
            -97.657938,
            30.569267
          ],
          [
            -97.659256,
            30.568878
          ],
          [
            -97.659333,
            30.568855
          ],
          [
            -97.659463,
            30.568816
          ],
          [
            -97.660222,
            30.56859
          ],
          [
            -97.662461,
            30.56792
          ],
          [
            -97.663226,
            30.567692
          ],
          [
            -97.664151,
            30.567416
          ],
          [
            -97.664595,
            30.567283
          ],
          [
            -97.664721,
            30.567246
          ],
          [
            -97.664862,
            30.567203
          ],
          [
            -97.665213,
            30.5671
          ],
          [
            -97.665868,
            30.566904
          ],
          [
            -97.667095,
            30.566538
          ],
          [
            -97.668,
            30.566269
          ],
          [
            -97.669017,
            30.565966
          ],
          [
            -97.669221,
            30.565905
          ],
          [
            -97.669353,
            30.565866
          ],
          [
            -97.669485,
            30.565827
          ],
          [
            -97.669625,
            30.565785
          ],
          [
            -97.669705,
            30.565761
          ],
          [
            -97.669732,
            30.565753
          ],
          [
            -97.671053,
            30.565359
          ],
          [
            -97.671594,
            30.565198
          ],
          [
            -97.671907,
            30.565097
          ],
          [
            -97.672312,
            30.564945
          ],
          [
            -97.672694,
            30.564766
          ],
          [
            -97.672772,
            30.564726
          ],
          [
            -97.67297,
            30.564623
          ],
          [
            -97.673132,
            30.564539
          ],
          [
            -97.673315,
            30.564412
          ],
          [
            -97.673439,
            30.564325
          ],
          [
            -97.673657,
            30.564175
          ],
          [
            -97.674195,
            30.563805
          ],
          [
            -97.674346,
            30.563691
          ],
          [
            -97.674427,
            30.563639
          ],
          [
            -97.674923,
            30.563325
          ],
          [
            -97.675265,
            30.563164
          ],
          [
            -97.675384,
            30.563108
          ],
          [
            -97.675776,
            30.562941
          ],
          [
            -97.676172,
            30.562802
          ],
          [
            -97.676267,
            30.562773
          ],
          [
            -97.676411,
            30.562735
          ],
          [
            -97.676814,
            30.562626
          ],
          [
            -97.677145,
            30.562539
          ],
          [
            -97.677765,
            30.562368
          ],
          [
            -97.67848,
            30.562173
          ],
          [
            -97.678604,
            30.562139
          ],
          [
            -97.678765,
            30.562145
          ],
          [
            -97.679236,
            30.562023
          ],
          [
            -97.679465,
            30.561959
          ],
          [
            -97.680217,
            30.561746
          ],
          [
            -97.680364,
            30.561704
          ],
          [
            -97.680502,
            30.561664
          ],
          [
            -97.681277,
            30.561444
          ],
          [
            -97.682332,
            30.561143
          ],
          [
            -97.682903,
            30.560996
          ],
          [
            -97.68298,
            30.560975
          ],
          [
            -97.683092,
            30.560942
          ],
          [
            -97.683272,
            30.560886
          ],
          [
            -97.683867,
            30.560707
          ],
          [
            -97.684428,
            30.560544
          ],
          [
            -97.684956,
            30.560391
          ],
          [
            -97.685649,
            30.560184
          ],
          [
            -97.686223,
            30.560017
          ],
          [
            -97.686388,
            30.559668
          ],
          [
            -97.686429,
            30.559788
          ],
          [
            -97.686482,
            30.559938
          ],
          [
            -97.686552,
            30.559917
          ],
          [
            -97.687194,
            30.55972
          ],
          [
            -97.687466,
            30.559622
          ],
          [
            -97.687791,
            30.559504
          ],
          [
            -97.68798,
            30.559443
          ],
          [
            -97.688231,
            30.559359
          ],
          [
            -97.689013,
            30.559114
          ],
          [
            -97.689155,
            30.559069
          ],
          [
            -97.689281,
            30.559032
          ],
          [
            -97.690119,
            30.558773
          ],
          [
            -97.690656,
            30.558643
          ],
          [
            -97.690965,
            30.558578
          ],
          [
            -97.691159,
            30.558539
          ],
          [
            -97.691308,
            30.558479
          ],
          [
            -97.691339,
            30.558462
          ],
          [
            -97.691376,
            30.55844
          ],
          [
            -97.691482,
            30.558364
          ],
          [
            -97.691491,
            30.558357
          ],
          [
            -97.691544,
            30.558316
          ],
          [
            -97.691634,
            30.558264
          ],
          [
            -97.691698,
            30.558235
          ],
          [
            -97.691788,
            30.558195
          ],
          [
            -97.691887,
            30.558164
          ],
          [
            -97.691966,
            30.558148
          ],
          [
            -97.692056,
            30.558141
          ],
          [
            -97.692174,
            30.558143
          ],
          [
            -97.692944,
            30.558138
          ],
          [
            -97.693107,
            30.558149
          ],
          [
            -97.693132,
            30.558152
          ],
          [
            -97.693196,
            30.558163
          ],
          [
            -97.693304,
            30.55819
          ],
          [
            -97.693415,
            30.558224
          ],
          [
            -97.693508,
            30.558244
          ],
          [
            -97.693604,
            30.55826
          ],
          [
            -97.693773,
            30.558269
          ],
          [
            -97.694037,
            30.558267
          ],
          [
            -97.694341,
            30.558258
          ],
          [
            -97.69486,
            30.558248
          ],
          [
            -97.69519,
            30.558242
          ],
          [
            -97.69577,
            30.558231
          ],
          [
            -97.696351,
            30.558221
          ],
          [
            -97.69685,
            30.558211
          ],
          [
            -97.698181,
            30.558162
          ],
          [
            -97.698654,
            30.558113
          ],
          [
            -97.699334,
            30.558111
          ],
          [
            -97.699986,
            30.558097
          ],
          [
            -97.700384,
            30.558083
          ],
          [
            -97.700808,
            30.558058
          ],
          [
            -97.701241,
            30.558022
          ],
          [
            -97.701681,
            30.557972
          ],
          [
            -97.702053,
            30.557924
          ],
          [
            -97.702354,
            30.557883
          ],
          [
            -97.702964,
            30.557782
          ],
          [
            -97.703505,
            30.557681
          ],
          [
            -97.703576,
            30.557668
          ],
          [
            -97.704381,
            30.557518
          ],
          [
            -97.711738,
            30.556143
          ],
          [
            -97.714207,
            30.555708
          ],
          [
            -97.714932,
            30.555581
          ],
          [
            -97.716069,
            30.55538
          ],
          [
            -97.719751,
            30.554732
          ],
          [
            -97.723997,
            30.553963
          ],
          [
            -97.725003,
            30.553765
          ],
          [
            -97.726391,
            30.55351
          ],
          [
            -97.727368,
            30.553296
          ],
          [
            -97.728031,
            30.55315
          ],
          [
            -97.729762,
            30.552651
          ],
          [
            -97.731033,
            30.552286
          ],
          [
            -97.731823,
            30.552051
          ],
          [
            -97.732381,
            30.551893
          ],
          [
            -97.732508,
            30.551855
          ],
          [
            -97.733044,
            30.551705
          ],
          [
            -97.733737,
            30.551506
          ],
          [
            -97.734772,
            30.551212
          ],
          [
            -97.735441,
            30.551022
          ],
          [
            -97.737633,
            30.550389
          ],
          [
            -97.738106,
            30.550251
          ],
          [
            -97.738224,
            30.550216
          ],
          [
            -97.738363,
            30.550177
          ],
          [
            -97.738929,
            30.550014
          ],
          [
            -97.7392,
            30.54994
          ],
          [
            -97.740042,
            30.549692
          ],
          [
            -97.741234,
            30.549353
          ],
          [
            -97.741991,
            30.549141
          ],
          [
            -97.74246,
            30.549005
          ],
          [
            -97.744868,
            30.548313
          ],
          [
            -97.745345,
            30.54818
          ],
          [
            -97.745557,
            30.548122
          ],
          [
            -97.747856,
            30.54748
          ],
          [
            -97.748014,
            30.547437
          ],
          [
            -97.748464,
            30.547311
          ],
          [
            -97.755743,
            30.545324
          ],
          [
            -97.755927,
            30.545276
          ],
          [
            -97.756348,
            30.545162
          ],
          [
            -97.757171,
            30.544958
          ],
          [
            -97.757598,
            30.544926
          ],
          [
            -97.758636,
            30.544695
          ],
          [
            -97.75947,
            30.544501
          ],
          [
            -97.75993,
            30.544387
          ],
          [
            -97.76042,
            30.54426
          ],
          [
            -97.760589,
            30.544215
          ],
          [
            -97.763383,
            30.543382
          ],
          [
            -97.764965,
            30.542919
          ],
          [
            -97.765556,
            30.54274
          ],
          [
            -97.766786,
            30.542376
          ],
          [
            -97.769398,
            30.541603
          ],
          [
            -97.769618,
            30.541528
          ],
          [
            -97.770387,
            30.541266
          ],
          [
            -97.771179,
            30.540952
          ],
          [
            -97.771856,
            30.540667
          ],
          [
            -97.7723,
            30.54045
          ],
          [
            -97.772977,
            30.540095
          ],
          [
            -97.773349,
            30.53987
          ],
          [
            -97.773568,
            30.539748
          ],
          [
            -97.774108,
            30.539406
          ],
          [
            -97.774483,
            30.539155
          ],
          [
            -97.775116,
            30.538704
          ],
          [
            -97.775266,
            30.538598
          ],
          [
            -97.775554,
            30.538394
          ],
          [
            -97.775971,
            30.538092
          ],
          [
            -97.776326,
            30.537831
          ],
          [
            -97.776863,
            30.537454
          ],
          [
            -97.777,
            30.53736
          ],
          [
            -97.777543,
            30.537015
          ],
          [
            -97.77808,
            30.536688
          ],
          [
            -97.778448,
            30.53647
          ],
          [
            -97.779163,
            30.536117
          ],
          [
            -97.779678,
            30.535884
          ],
          [
            -97.780132,
            30.535684
          ],
          [
            -97.780863,
            30.535392
          ],
          [
            -97.781417,
            30.535163
          ],
          [
            -97.781763,
            30.535044
          ],
          [
            -97.78186,
            30.535011
          ],
          [
            -97.782165,
            30.534905
          ],
          [
            -97.782493,
            30.5348
          ],
          [
            -97.7826,
            30.534765
          ],
          [
            -97.782762,
            30.534721
          ],
          [
            -97.782798,
            30.534799
          ]
        ]
      }
    }
  ]
}
