{
  "type": "FeatureCollection",
  "features": [
    {
      "type": "Feature",
      "properties": {
        "route": "Saturday Dawn Lake Travis Loop",
        "category": "Lakes & Rivers",
        "color": "#2980b9",
        "distance_mi": 98.8,
        "waypoints": [
          "Cedar Park (QT)",
          "Lago Vista",
          "Marble Falls",
          "Round Mountain",
          "Cypress Mill",
          "Hamilton Pool",
          "Bee Cave",
          "Mansfield Dam"
        ],
        "via": "RM 1431 West -> US 281 South -> East RM 962 -> Hamilton Pool Rd -> TX 71 East -> RM 620 North -> Anderson Mill Rd",
        "source": "road-snapped"
      },
      "geometry": {
        "type": "LineString",
        "coordinates": [
          [
            -97.87022,
            30.515779
          ],
          [
            -97.870778,
            30.515689
          ],
          [
            -97.871324,
            30.515547
          ],
          [
            -97.871855,
            30.515377
          ],
          [
            -97.871904,
            30.515365
          ],
          [
            -97.87323,
            30.514932
          ],
          [
            -97.875005,
            30.514351
          ],
          [
            -97.876771,
            30.513768
          ],
          [
            -97.876844,
            30.513744
          ],
          [
            -97.877516,
            30.513525
          ],
          [
            -97.878203,
            30.513301
          ],
          [
            -97.878917,
            30.513063
          ],
          [
            -97.879207,
            30.512964
          ],
          [
            -97.879254,
            30.512947
          ],
          [
            -97.879855,
            30.512737
          ],
          [
            -97.880389,
            30.512565
          ],
          [
            -97.881445,
            30.512232
          ],
          [
            -97.881848,
            30.512105
          ],
          [
            -97.88235,
            30.511992
          ],
          [
            -97.882832,
            30.511932
          ],
          [
            -97.883236,
            30.511934
          ],
          [
            -97.883649,
            30.511979
          ],
          [
            -97.884035,
            30.512051
          ],
          [
            -97.884405,
            30.512143
          ],
          [
            -97.884994,
            30.512387
          ],
          [
            -97.885415,
            30.512649
          ],
          [
            -97.885437,
            30.512664
          ],
          [
            -97.885886,
            30.512968
          ],
          [
            -97.886308,
            30.513425
          ],
          [
            -97.886532,
            30.51374
          ],
          [
            -97.886718,
            30.514079
          ],
          [
            -97.88683,
            30.51436
          ],
          [
            -97.886986,
            30.514749
          ],
          [
            -97.887165,
            30.515098
          ],
          [
            -97.887317,
            30.515398
          ],
          [
            -97.887549,
            30.515729
          ],
          [
            -97.88761,
            30.515785
          ],
          [
            -97.887817,
            30.515979
          ],
          [
            -97.888037,
            30.516128
          ],
          [
            -97.889112,
            30.517073
          ],
          [
            -97.889306,
            30.517244
          ],
          [
            -97.889495,
            30.517392
          ],
          [
            -97.889737,
            30.517529
          ],
          [
            -97.890124,
            30.517717
          ],
          [
            -97.890639,
            30.517903
          ],
          [
            -97.890964,
            30.517967
          ],
          [
            -97.891162,
            30.518006
          ],
          [
            -97.893535,
            30.51837
          ],
          [
            -97.894212,
            30.518537
          ],
          [
            -97.89495,
            30.518797
          ],
          [
            -97.895539,
            30.519057
          ],
          [
            -97.896602,
            30.519528
          ],
          [
            -97.896699,
            30.519583
          ],
          [
            -97.89691,
            30.519671
          ],
          [
            -97.897054,
            30.519733
          ],
          [
            -97.897308,
            30.519837
          ],
          [
            -97.897374,
            30.519851
          ],
          [
            -97.89764,
            30.519919
          ],
          [
            -97.897968,
            30.519946
          ],
          [
            -97.898363,
            30.519927
          ],
          [
            -97.898737,
            30.519851
          ],
          [
            -97.900602,
            30.519272
          ],
          [
            -97.901673,
            30.519011
          ],
          [
            -97.901964,
            30.518944
          ],
          [
            -97.902731,
            30.51878
          ],
          [
            -97.902988,
            30.518725
          ],
          [
            -97.90324,
            30.518666
          ],
          [
            -97.903424,
            30.518615
          ],
          [
            -97.904004,
            30.51847
          ],
          [
            -97.904794,
            30.518301
          ],
          [
            -97.905088,
            30.518211
          ],
          [
            -97.905538,
            30.518068
          ],
          [
            -97.905818,
            30.517956
          ],
          [
            -97.906217,
            30.517762
          ],
          [
            -97.906471,
            30.517611
          ],
          [
            -97.906728,
            30.517458
          ],
          [
            -97.907033,
            30.517276
          ],
          [
            -97.908189,
            30.516603
          ],
          [
            -97.908399,
            30.516489
          ],
          [
            -97.908973,
            30.516176
          ],
          [
            -97.909077,
            30.516119
          ],
          [
            -97.909369,
            30.515917
          ],
          [
            -97.909604,
            30.515686
          ],
          [
            -97.909714,
            30.515548
          ],
          [
            -97.909836,
            30.515362
          ],
          [
            -97.910248,
            30.514409
          ],
          [
            -97.910656,
            30.513443
          ],
          [
            -97.911291,
            30.512047
          ],
          [
            -97.911358,
            30.511901
          ],
          [
            -97.911487,
            30.51162
          ],
          [
            -97.911727,
            30.511132
          ],
          [
            -97.911956,
            30.510425
          ],
          [
            -97.911988,
            30.510326
          ],
          [
            -97.912036,
            30.510128
          ],
          [
            -97.912076,
            30.509959
          ],
          [
            -97.912148,
            30.509559
          ],
          [
            -97.912426,
            30.508012
          ],
          [
            -97.91245,
            30.507879
          ],
          [
            -97.912702,
            30.50714
          ],
          [
            -97.912956,
            30.506487
          ],
          [
            -97.913023,
            30.506341
          ],
          [
            -97.913223,
            30.505907
          ],
          [
            -97.913548,
            30.505388
          ],
          [
            -97.913921,
            30.504841
          ],
          [
            -97.914293,
            30.504374
          ],
          [
            -97.914742,
            30.503959
          ],
          [
            -97.915395,
            30.503422
          ],
          [
            -97.915566,
            30.503316
          ],
          [
            -97.916062,
            30.503124
          ],
          [
            -97.916403,
            30.503041
          ],
          [
            -97.916454,
            30.503029
          ],
          [
            -97.916746,
            30.503001
          ],
          [
            -97.917147,
            30.503001
          ],
          [
            -97.917215,
            30.503005
          ],
          [
            -97.918451,
            30.503081
          ],
          [
            -97.918799,
            30.503076
          ],
          [
            -97.919096,
            30.503025
          ],
          [
            -97.919382,
            30.502944
          ],
          [
            -97.919651,
            30.50283
          ],
          [
            -97.919994,
            30.502607
          ],
          [
            -97.920266,
            30.502399
          ],
          [
            -97.920459,
            30.502208
          ],
          [
            -97.920709,
            30.501822
          ],
          [
            -97.921119,
            30.501138
          ],
          [
            -97.921481,
            30.500605
          ],
          [
            -97.921989,
            30.499884
          ],
          [
            -97.922513,
            30.499092
          ],
          [
            -97.922723,
            30.498803
          ],
          [
            -97.922936,
            30.498453
          ],
          [
            -97.923018,
            30.498284
          ],
          [
            -97.923087,
            30.498142
          ],
          [
            -97.923438,
            30.497419
          ],
          [
            -97.923585,
            30.497117
          ],
          [
            -97.923752,
            30.496741
          ],
          [
            -97.923844,
            30.496531
          ],
          [
            -97.923982,
            30.496264
          ],
          [
            -97.924349,
            30.495475
          ],
          [
            -97.924504,
            30.495122
          ],
          [
            -97.92457,
            30.494827
          ],
          [
            -97.924579,
            30.494613
          ],
          [
            -97.924576,
            30.494533
          ],
          [
            -97.924573,
            30.494453
          ],
          [
            -97.924513,
            30.494238
          ],
          [
            -97.924425,
            30.494024
          ],
          [
            -97.924342,
            30.493848
          ],
          [
            -97.924095,
            30.493287
          ],
          [
            -97.924003,
            30.493078
          ],
          [
            -97.923846,
            30.492722
          ],
          [
            -97.923744,
            30.492371
          ],
          [
            -97.923688,
            30.492136
          ],
          [
            -97.923678,
            30.491944
          ],
          [
            -97.923701,
            30.491756
          ],
          [
            -97.923802,
            30.491388
          ],
          [
            -97.923966,
            30.49106
          ],
          [
            -97.924013,
            30.490994
          ],
          [
            -97.924221,
            30.490676
          ],
          [
            -97.92445,
            30.490448
          ],
          [
            -97.924748,
            30.490243
          ],
          [
            -97.925068,
            30.490085
          ],
          [
            -97.926791,
            30.489444
          ],
          [
            -97.927364,
            30.489226
          ],
          [
            -97.927696,
            30.489104
          ],
          [
            -97.927832,
            30.489044
          ],
          [
            -97.928096,
            30.488898
          ],
          [
            -97.928379,
            30.488693
          ],
          [
            -97.928667,
            30.488429
          ],
          [
            -97.928943,
            30.488084
          ],
          [
            -97.929054,
            30.487896
          ],
          [
            -97.929191,
            30.487632
          ],
          [
            -97.929323,
            30.487169
          ],
          [
            -97.929453,
            30.486705
          ],
          [
            -97.929508,
            30.486533
          ],
          [
            -97.929575,
            30.486365
          ],
          [
            -97.929762,
            30.486009
          ],
          [
            -97.929799,
            30.485946
          ],
          [
            -97.929892,
            30.485789
          ],
          [
            -97.930127,
            30.485395
          ],
          [
            -97.930422,
            30.484897
          ],
          [
            -97.931017,
            30.483952
          ],
          [
            -97.93155,
            30.483264
          ],
          [
            -97.93157,
            30.483239
          ],
          [
            -97.931856,
            30.482891
          ],
          [
            -97.932163,
            30.48263
          ],
          [
            -97.932569,
            30.482353
          ],
          [
            -97.932944,
            30.482182
          ],
          [
            -97.933373,
            30.482034
          ],
          [
            -97.933563,
            30.482001
          ],
          [
            -97.933779,
            30.481963
          ],
          [
            -97.934063,
            30.481935
          ],
          [
            -97.934236,
            30.481938
          ],
          [
            -97.93487,
            30.481951
          ],
          [
            -97.935272,
            30.481976
          ],
          [
            -97.935757,
            30.48195
          ],
          [
            -97.936239,
            30.481895
          ],
          [
            -97.936749,
            30.481761
          ],
          [
            -97.937259,
            30.481574
          ],
          [
            -97.938471,
            30.481128
          ],
          [
            -97.939541,
            30.480735
          ],
          [
            -97.940339,
            30.480476
          ],
          [
            -97.941833,
            30.480085
          ],
          [
            -97.943751,
            30.479584
          ],
          [
            -97.944684,
            30.47937
          ],
          [
            -97.947004,
            30.478794
          ],
          [
            -97.94787,
            30.478612
          ],
          [
            -97.94923,
            30.478327
          ],
          [
            -97.949749,
            30.478204
          ],
          [
            -97.951591,
            30.477766
          ],
          [
            -97.95193,
            30.477684
          ],
          [
            -97.952006,
            30.477666
          ],
          [
            -97.953036,
            30.477432
          ],
          [
            -97.953436,
            30.47734
          ],
          [
            -97.954893,
            30.477008
          ],
          [
            -97.955033,
            30.476976
          ],
          [
            -97.955139,
            30.476952
          ],
          [
            -97.95557,
            30.476854
          ],
          [
            -97.95584,
            30.476796
          ],
          [
            -97.956087,
            30.476736
          ],
          [
            -97.956675,
            30.476601
          ],
          [
            -97.957048,
            30.476506
          ],
          [
            -97.957376,
            30.476403
          ],
          [
            -97.957674,
            30.476288
          ],
          [
            -97.957964,
            30.476167
          ],
          [
            -97.958283,
            30.476016
          ],
          [
            -97.958513,
            30.475888
          ],
          [
            -97.958865,
            30.475688
          ],
          [
            -97.958915,
            30.475659
          ],
          [
            -97.959321,
            30.475356
          ],
          [
            -97.960964,
            30.473717
          ],
          [
            -97.96135,
            30.473377
          ],
          [
            -97.96167,
            30.473116
          ],
          [
            -97.962147,
            30.472824
          ],
          [
            -97.96266,
            30.472605
          ],
          [
            -97.963543,
            30.472321
          ],
          [
            -97.96635,
            30.471528
          ],
          [
            -97.966483,
            30.471489
          ],
          [
            -97.967435,
            30.471215
          ],
          [
            -97.968554,
            30.470902
          ],
          [
            -97.969062,
            30.470824
          ],
          [
            -97.969557,
            30.470813
          ],
          [
            -97.970158,
            30.470887
          ],
          [
            -97.97062,
            30.471008
          ],
          [
            -97.970974,
            30.471109
          ],
          [
            -97.971318,
            30.471304
          ],
          [
            -97.972515,
            30.47215
          ],
          [
            -97.972522,
            30.472154
          ],
          [
            -97.972862,
            30.472422
          ],
          [
            -97.973561,
            30.472933
          ],
          [
            -97.973695,
            30.473031
          ],
          [
            -97.973966,
            30.473329
          ],
          [
            -97.973999,
            30.473366
          ],
          [
            -97.974068,
            30.473452
          ],
          [
            -97.974284,
            30.473755
          ],
          [
            -97.974289,
            30.473763
          ],
          [
            -97.97445,
            30.474151
          ],
          [
            -97.974549,
            30.47456
          ],
          [
            -97.974569,
            30.474717
          ],
          [
            -97.974605,
            30.475
          ],
          [
            -97.974611,
            30.475048
          ],
          [
            -97.97463,
            30.475362
          ],
          [
            -97.97464,
            30.475445
          ],
          [
            -97.97471,
            30.476026
          ],
          [
            -97.974726,
            30.476157
          ],
          [
            -97.974815,
            30.476888
          ],
          [
            -97.974939,
            30.477501
          ],
          [
            -97.975014,
            30.477727
          ],
          [
            -97.975114,
            30.478029
          ],
          [
            -97.975429,
            30.479058
          ],
          [
            -97.97552,
            30.479306
          ],
          [
            -97.975655,
            30.47961
          ],
          [
            -97.975877,
            30.480014
          ],
          [
            -97.975952,
            30.480111
          ],
          [
            -97.976143,
            30.480358
          ],
          [
            -97.976499,
            30.480726
          ],
          [
            -97.97747,
            30.481452
          ],
          [
            -97.977672,
            30.481636
          ],
          [
            -97.977884,
            30.481957
          ],
          [
            -97.978024,
            30.482289
          ],
          [
            -97.978077,
            30.482556
          ],
          [
            -97.978076,
            30.482926
          ],
          [
            -97.978025,
            30.483212
          ],
          [
            -97.977905,
            30.483518
          ],
          [
            -97.97778,
            30.483768
          ],
          [
            -97.977591,
            30.48398
          ],
          [
            -97.977565,
            30.484006
          ],
          [
            -97.977318,
            30.484245
          ],
          [
            -97.976322,
            30.485024
          ],
          [
            -97.975237,
            30.48593
          ],
          [
            -97.975044,
            30.486136
          ],
          [
            -97.974917,
            30.486358
          ],
          [
            -97.974827,
            30.486594
          ],
          [
            -97.974775,
            30.486868
          ],
          [
            -97.974788,
            30.48706
          ],
          [
            -97.974836,
            30.48731
          ],
          [
            -97.974898,
            30.487471
          ],
          [
            -97.975074,
            30.487759
          ],
          [
            -97.975511,
            30.488231
          ],
          [
            -97.976024,
            30.488739
          ],
          [
            -97.976393,
            30.489061
          ],
          [
            -97.977001,
            30.489464
          ],
          [
            -97.977133,
            30.48956
          ],
          [
            -97.977565,
            30.489826
          ],
          [
            -97.978794,
            30.490613
          ],
          [
            -97.979029,
            30.490825
          ],
          [
            -97.979219,
            30.491066
          ],
          [
            -97.979368,
            30.491326
          ],
          [
            -97.979443,
            30.491572
          ],
          [
            -97.979507,
            30.491906
          ],
          [
            -97.979546,
            30.492588
          ],
          [
            -97.979559,
            30.492896
          ],
          [
            -97.97954,
            30.49331
          ],
          [
            -97.9795,
            30.493655
          ],
          [
            -97.979436,
            30.493986
          ],
          [
            -97.979304,
            30.494448
          ],
          [
            -97.979057,
            30.495154
          ],
          [
            -97.979002,
            30.495448
          ],
          [
            -97.978992,
            30.495736
          ],
          [
            -97.979011,
            30.495896
          ],
          [
            -97.979106,
            30.496246
          ],
          [
            -97.979194,
            30.496479
          ],
          [
            -97.979299,
            30.496691
          ],
          [
            -97.979573,
            30.497053
          ],
          [
            -97.979728,
            30.497221
          ],
          [
            -97.979924,
            30.497366
          ],
          [
            -97.98084,
            30.497896
          ],
          [
            -97.981186,
            30.498038
          ],
          [
            -97.981507,
            30.498114
          ],
          [
            -97.981743,
            30.498117
          ],
          [
            -97.982115,
            30.498076
          ],
          [
            -97.98242,
            30.497996
          ],
          [
            -97.982757,
            30.497831
          ],
          [
            -97.98336,
            30.4974
          ],
          [
            -97.983694,
            30.497243
          ],
          [
            -97.984016,
            30.497147
          ],
          [
            -97.984362,
            30.497098
          ],
          [
            -97.984738,
            30.497081
          ],
          [
            -97.985066,
            30.497106
          ],
          [
            -97.985441,
            30.497189
          ],
          [
            -97.985853,
            30.497365
          ],
          [
            -97.986102,
            30.497496
          ],
          [
            -97.986382,
            30.497716
          ],
          [
            -97.986748,
            30.498151
          ],
          [
            -97.98714,
            30.498735
          ],
          [
            -97.987368,
            30.499065
          ],
          [
            -97.987646,
            30.4994
          ],
          [
            -97.98831,
            30.500028
          ],
          [
            -97.988466,
            30.500176
          ],
          [
            -97.98863,
            30.500421
          ],
          [
            -97.988742,
            30.500722
          ],
          [
            -97.988758,
            30.500997
          ],
          [
            -97.98872,
            30.501374
          ],
          [
            -97.988691,
            30.501779
          ],
          [
            -97.988706,
            30.502034
          ],
          [
            -97.988768,
            30.502276
          ],
          [
            -97.988925,
            30.502622
          ],
          [
            -97.98914,
            30.502949
          ],
          [
            -97.989356,
            30.503147
          ],
          [
            -97.989564,
            30.503312
          ],
          [
            -97.990349,
            30.503799
          ],
          [
            -97.990621,
            30.504011
          ],
          [
            -97.99096,
            30.50435
          ],
          [
            -97.991234,
            30.504737
          ],
          [
            -97.991457,
            30.505036
          ],
          [
            -97.991679,
            30.505231
          ],
          [
            -97.992017,
            30.505426
          ],
          [
            -97.992343,
            30.505539
          ],
          [
            -97.993112,
            30.505699
          ],
          [
            -97.993602,
            30.505872
          ],
          [
            -97.993963,
            30.506051
          ],
          [
            -97.994777,
            30.506534
          ],
          [
            -97.995669,
            30.50703
          ],
          [
            -97.996083,
            30.507179
          ],
          [
            -97.996381,
            30.507245
          ],
          [
            -97.996735,
            30.507294
          ],
          [
            -97.997098,
            30.507284
          ],
          [
            -97.99747,
            30.507242
          ],
          [
            -97.998063,
            30.507108
          ],
          [
            -97.998427,
            30.506963
          ],
          [
            -97.998678,
            30.506794
          ],
          [
            -97.998938,
            30.506539
          ],
          [
            -97.99916,
            30.506147
          ],
          [
            -97.99965,
            30.505015
          ],
          [
            -97.999817,
            30.504709
          ],
          [
            -97.999966,
            30.50452
          ],
          [
            -98.000211,
            30.504303
          ],
          [
            -98.000466,
            30.504171
          ],
          [
            -98.000793,
            30.504032
          ],
          [
            -98.001098,
            30.503963
          ],
          [
            -98.001402,
            30.503954
          ],
          [
            -98.001472,
            30.503952
          ],
          [
            -98.001829,
            30.504001
          ],
          [
            -98.002217,
            30.504133
          ],
          [
            -98.003638,
            30.504873
          ],
          [
            -98.003822,
            30.504968
          ],
          [
            -98.004938,
            30.50552
          ],
          [
            -98.00524,
            30.505666
          ],
          [
            -98.005589,
            30.505787
          ],
          [
            -98.00591,
            30.505841
          ],
          [
            -98.006325,
            30.50585
          ],
          [
            -98.006648,
            30.505818
          ],
          [
            -98.007108,
            30.50569
          ],
          [
            -98.007717,
            30.505404
          ],
          [
            -98.008302,
            30.505091
          ],
          [
            -98.008925,
            30.504664
          ],
          [
            -98.01034,
            30.503435
          ],
          [
            -98.011052,
            30.502864
          ],
          [
            -98.011571,
            30.502576
          ],
          [
            -98.012286,
            30.50222
          ],
          [
            -98.012467,
            30.502129
          ],
          [
            -98.012882,
            30.50194
          ],
          [
            -98.013278,
            30.501803
          ],
          [
            -98.013643,
            30.501707
          ],
          [
            -98.013937,
            30.501651
          ],
          [
            -98.014229,
            30.501612
          ],
          [
            -98.014411,
            30.501587
          ],
          [
            -98.014508,
            30.50158
          ],
          [
            -98.014666,
            30.501575
          ],
          [
            -98.014999,
            30.501581
          ],
          [
            -98.015976,
            30.50166
          ],
          [
            -98.016279,
            30.50169
          ],
          [
            -98.016495,
            30.50173
          ],
          [
            -98.016698,
            30.501799
          ],
          [
            -98.016887,
            30.501869
          ],
          [
            -98.017006,
            30.501937
          ],
          [
            -98.017166,
            30.502029
          ],
          [
            -98.017444,
            30.502236
          ],
          [
            -98.01778,
            30.502633
          ],
          [
            -98.018222,
            30.503397
          ],
          [
            -98.018321,
            30.503523
          ],
          [
            -98.018392,
            30.503614
          ],
          [
            -98.018548,
            30.503771
          ],
          [
            -98.018616,
            30.503839
          ],
          [
            -98.018854,
            30.504008
          ],
          [
            -98.019108,
            30.504139
          ],
          [
            -98.019449,
            30.504265
          ],
          [
            -98.019636,
            30.504309
          ],
          [
            -98.019812,
            30.50435
          ],
          [
            -98.020327,
            30.504415
          ],
          [
            -98.020729,
            30.504492
          ],
          [
            -98.021166,
            30.504629
          ],
          [
            -98.021632,
            30.504825
          ],
          [
            -98.021817,
            30.504902
          ],
          [
            -98.022124,
            30.505015
          ],
          [
            -98.02243,
            30.505096
          ],
          [
            -98.022796,
            30.505112
          ],
          [
            -98.022857,
            30.505102
          ],
          [
            -98.023021,
            30.505079
          ],
          [
            -98.023275,
            30.505037
          ],
          [
            -98.023761,
            30.504959
          ],
          [
            -98.024117,
            30.50494
          ],
          [
            -98.024511,
            30.505001
          ],
          [
            -98.024907,
            30.505105
          ],
          [
            -98.025772,
            30.505411
          ],
          [
            -98.026096,
            30.505501
          ],
          [
            -98.026388,
            30.505553
          ],
          [
            -98.027948,
            30.505678
          ],
          [
            -98.029417,
            30.505813
          ],
          [
            -98.030005,
            30.505901
          ],
          [
            -98.030417,
            30.506015
          ],
          [
            -98.030997,
            30.506243
          ],
          [
            -98.031912,
            30.506765
          ],
          [
            -98.032257,
            30.506962
          ],
          [
            -98.032516,
            30.50711
          ],
          [
            -98.033618,
            30.507668
          ],
          [
            -98.034268,
            30.508046
          ],
          [
            -98.034556,
            30.508292
          ],
          [
            -98.035684,
            30.509626
          ],
          [
            -98.035913,
            30.50981
          ],
          [
            -98.036118,
            30.509935
          ],
          [
            -98.03632,
            30.510037
          ],
          [
            -98.036693,
            30.510163
          ],
          [
            -98.036909,
            30.510211
          ],
          [
            -98.03727,
            30.510289
          ],
          [
            -98.038029,
            30.510454
          ],
          [
            -98.038873,
            30.510699
          ],
          [
            -98.039248,
            30.510851
          ],
          [
            -98.039629,
            30.511064
          ],
          [
            -98.040031,
            30.511352
          ],
          [
            -98.040356,
            30.511725
          ],
          [
            -98.040598,
            30.512036
          ],
          [
            -98.040836,
            30.512485
          ],
          [
            -98.041397,
            30.5138
          ],
          [
            -98.04144,
            30.513904
          ],
          [
            -98.041714,
            30.514568
          ],
          [
            -98.042668,
            30.51677
          ],
          [
            -98.042824,
            30.517088
          ],
          [
            -98.043091,
            30.517542
          ],
          [
            -98.043249,
            30.517749
          ],
          [
            -98.043414,
            30.517966
          ],
          [
            -98.044989,
            30.519559
          ],
          [
            -98.045473,
            30.520044
          ],
          [
            -98.045897,
            30.520351
          ],
          [
            -98.046023,
            30.520442
          ],
          [
            -98.046561,
            30.520803
          ],
          [
            -98.047098,
            30.52104
          ],
          [
            -98.047954,
            30.521356
          ],
          [
            -98.049963,
            30.521935
          ],
          [
            -98.053253,
            30.522882
          ],
          [
            -98.054119,
            30.523083
          ],
          [
            -98.054389,
            30.523116
          ],
          [
            -98.05454,
            30.523134
          ],
          [
            -98.055227,
            30.52309
          ],
          [
            -98.055913,
            30.522979
          ],
          [
            -98.056385,
            30.522824
          ],
          [
            -98.056597,
            30.522704
          ],
          [
            -98.057071,
            30.522436
          ],
          [
            -98.057656,
            30.522017
          ],
          [
            -98.058729,
            30.521249
          ],
          [
            -98.059429,
            30.520833
          ],
          [
            -98.059959,
            30.520609
          ],
          [
            -98.060643,
            30.520465
          ],
          [
            -98.060925,
            30.520438
          ],
          [
            -98.061022,
            30.520429
          ],
          [
            -98.061604,
            30.520406
          ],
          [
            -98.062662,
            30.520337
          ],
          [
            -98.063779,
            30.520297
          ],
          [
            -98.064099,
            30.520255
          ],
          [
            -98.06458,
            30.520192
          ],
          [
            -98.065251,
            30.520041
          ],
          [
            -98.066968,
            30.519683
          ],
          [
            -98.067739,
            30.519574
          ],
          [
            -98.068857,
            30.519475
          ],
          [
            -98.069446,
            30.519427
          ],
          [
            -98.071445,
            30.519264
          ],
          [
            -98.072255,
            30.519231
          ],
          [
            -98.072665,
            30.51923
          ],
          [
            -98.073252,
            30.519263
          ],
          [
            -98.07393,
            30.519394
          ],
          [
            -98.074586,
            30.519563
          ],
          [
            -98.075237,
            30.519806
          ],
          [
            -98.077704,
            30.520935
          ],
          [
            -98.077807,
            30.520982
          ],
          [
            -98.079066,
            30.521532
          ],
          [
            -98.080429,
            30.522128
          ],
          [
            -98.08189,
            30.522768
          ],
          [
            -98.083352,
            30.523407
          ],
          [
            -98.083596,
            30.523514
          ],
          [
            -98.084355,
            30.523822
          ],
          [
            -98.085369,
            30.524174
          ],
          [
            -98.086535,
            30.524552
          ],
          [
            -98.087801,
            30.524935
          ],
          [
            -98.088646,
            30.525207
          ],
          [
            -98.089139,
            30.525313
          ],
          [
            -98.089528,
            30.525367
          ],
          [
            -98.091261,
            30.525526
          ],
          [
            -98.091941,
            30.525704
          ],
          [
            -98.092244,
            30.525777
          ],
          [
            -98.092603,
            30.525933
          ],
          [
            -98.094139,
            30.526599
          ],
          [
            -98.094452,
            30.52677
          ],
          [
            -98.095206,
            30.526922
          ],
          [
            -98.096002,
            30.527083
          ],
          [
            -98.097173,
            30.527116
          ],
          [
            -98.097903,
            30.527136
          ],
          [
            -98.098635,
            30.527175
          ],
          [
            -98.099226,
            30.527282
          ],
          [
            -98.099855,
            30.527491
          ],
          [
            -98.100151,
            30.527644
          ],
          [
            -98.100531,
            30.527853
          ],
          [
            -98.100967,
            30.528192
          ],
          [
            -98.101188,
            30.528456
          ],
          [
            -98.101262,
            30.528545
          ],
          [
            -98.101483,
            30.528839
          ],
          [
            -98.101814,
            30.529464
          ],
          [
            -98.102244,
            30.530299
          ],
          [
            -98.102601,
            30.530864
          ],
          [
            -98.103069,
            30.531386
          ],
          [
            -98.103565,
            30.531753
          ],
          [
            -98.103697,
            30.531851
          ],
          [
            -98.103754,
            30.531873
          ],
          [
            -98.104305,
            30.532081
          ],
          [
            -98.104992,
            30.532288
          ],
          [
            -98.106138,
            30.532476
          ],
          [
            -98.107194,
            30.532717
          ],
          [
            -98.1082,
            30.533216
          ],
          [
            -98.108638,
            30.533603
          ],
          [
            -98.108967,
            30.533972
          ],
          [
            -98.109256,
            30.534441
          ],
          [
            -98.109554,
            30.535129
          ],
          [
            -98.110476,
            30.537262
          ],
          [
            -98.110622,
            30.5376
          ],
          [
            -98.110991,
            30.538399
          ],
          [
            -98.111264,
            30.538968
          ],
          [
            -98.111497,
            30.539455
          ],
          [
            -98.111662,
            30.539923
          ],
          [
            -98.111757,
            30.540298
          ],
          [
            -98.111806,
            30.540594
          ],
          [
            -98.111821,
            30.540771
          ],
          [
            -98.111825,
            30.540814
          ],
          [
            -98.111835,
            30.540993
          ],
          [
            -98.111834,
            30.541188
          ],
          [
            -98.111706,
            30.541964
          ],
          [
            -98.111556,
            30.542424
          ],
          [
            -98.111389,
            30.542723
          ],
          [
            -98.111167,
            30.543135
          ],
          [
            -98.111068,
            30.543339
          ],
          [
            -98.110948,
            30.543557
          ],
          [
            -98.110875,
            30.54371
          ],
          [
            -98.110753,
            30.54392
          ],
          [
            -98.11029,
            30.544787
          ],
          [
            -98.110146,
            30.545056
          ],
          [
            -98.109677,
            30.545925
          ],
          [
            -98.109486,
            30.546593
          ],
          [
            -98.109487,
            30.547412
          ],
          [
            -98.109507,
            30.547482
          ],
          [
            -98.109581,
            30.547738
          ],
          [
            -98.109658,
            30.548007
          ],
          [
            -98.110994,
            30.550472
          ],
          [
            -98.112051,
            30.552446
          ],
          [
            -98.113149,
            30.554494
          ],
          [
            -98.113474,
            30.555281
          ],
          [
            -98.113688,
            30.555845
          ],
          [
            -98.113791,
            30.556265
          ],
          [
            -98.113983,
            30.556932
          ],
          [
            -98.114077,
            30.557255
          ],
          [
            -98.114129,
            30.557437
          ],
          [
            -98.114254,
            30.557912
          ],
          [
            -98.114403,
            30.558495
          ],
          [
            -98.115124,
            30.561313
          ],
          [
            -98.115141,
            30.561372
          ],
          [
            -98.115227,
            30.561664
          ],
          [
            -98.115262,
            30.561769
          ],
          [
            -98.115311,
            30.561899
          ],
          [
            -98.115534,
            30.562489
          ],
          [
            -98.115615,
            30.562637
          ],
          [
            -98.116117,
            30.563558
          ],
          [
            -98.116479,
            30.564138
          ],
          [
            -98.116585,
            30.564304
          ],
          [
            -98.117167,
            30.56524
          ],
          [
            -98.11759,
            30.565932
          ],
          [
            -98.117927,
            30.566521
          ],
          [
            -98.118048,
            30.566754
          ],
          [
            -98.118346,
            30.567202
          ],
          [
            -98.118963,
            30.568152
          ],
          [
            -98.11908,
            30.568333
          ],
          [
            -98.119252,
            30.568527
          ],
          [
            -98.119709,
            30.56904
          ],
          [
            -98.120026,
            30.569381
          ],
          [
            -98.12025,
            30.569588
          ],
          [
            -98.120585,
            30.569897
          ],
          [
            -98.120708,
            30.57001
          ],
          [
            -98.122181,
            30.571369
          ],
          [
            -98.122525,
            30.571709
          ],
          [
            -98.122556,
            30.57174
          ],
          [
            -98.122584,
            30.571768
          ],
          [
            -98.124192,
            30.573246
          ],
          [
            -98.124462,
            30.573495
          ],
          [
            -98.124521,
            30.573549
          ],
          [
            -98.12512,
            30.574108
          ],
          [
            -98.125696,
            30.574689
          ],
          [
            -98.125865,
            30.57486
          ],
          [
            -98.127081,
            30.576087
          ],
          [
            -98.1279,
            30.576844
          ],
          [
            -98.128248,
            30.57713
          ],
          [
            -98.12874,
            30.577457
          ],
          [
            -98.128835,
            30.57753
          ],
          [
            -98.129093,
            30.577705
          ],
          [
            -98.129355,
            30.577844
          ],
          [
            -98.129466,
            30.577893
          ],
          [
            -98.129647,
            30.577973
          ],
          [
            -98.129738,
            30.578013
          ],
          [
            -98.129993,
            30.578092
          ],
          [
            -98.130122,
            30.578126
          ],
          [
            -98.130279,
            30.578168
          ],
          [
            -98.130458,
            30.578199
          ],
          [
            -98.130511,
            30.578208
          ],
          [
            -98.130594,
            30.578223
          ],
          [
            -98.130745,
            30.578236
          ],
          [
            -98.131066,
            30.578256
          ],
          [
            -98.131175,
            30.578255
          ],
          [
            -98.131353,
            30.578252
          ],
          [
            -98.1315,
            30.57824
          ],
          [
            -98.131704,
            30.578223
          ],
          [
            -98.131767,
            30.578217
          ],
          [
            -98.13187,
            30.578206
          ],
          [
            -98.132202,
            30.578138
          ],
          [
            -98.132408,
            30.578081
          ],
          [
            -98.132594,
            30.57801
          ],
          [
            -98.132868,
            30.577899
          ],
          [
            -98.133813,
            30.577387
          ],
          [
            -98.134195,
            30.577079
          ],
          [
            -98.134668,
            30.576564
          ],
          [
            -98.134743,
            30.576484
          ],
          [
            -98.134912,
            30.576256
          ],
          [
            -98.135023,
            30.576077
          ],
          [
            -98.135192,
            30.575752
          ],
          [
            -98.135245,
            30.575623
          ],
          [
            -98.135259,
            30.57559
          ],
          [
            -98.135302,
            30.575485
          ],
          [
            -98.135322,
            30.575389
          ],
          [
            -98.135368,
            30.575216
          ],
          [
            -98.135421,
            30.574978
          ],
          [
            -98.135468,
            30.574552
          ],
          [
            -98.135632,
            30.572831
          ],
          [
            -98.135711,
            30.572003
          ],
          [
            -98.135747,
            30.571689
          ],
          [
            -98.135925,
            30.570061
          ],
          [
            -98.135975,
            30.569597
          ],
          [
            -98.13611,
            30.568572
          ],
          [
            -98.136162,
            30.568311
          ],
          [
            -98.136355,
            30.567685
          ],
          [
            -98.136466,
            30.567401
          ],
          [
            -98.136607,
            30.567134
          ],
          [
            -98.136933,
            30.566611
          ],
          [
            -98.137152,
            30.566328
          ],
          [
            -98.137197,
            30.566269
          ],
          [
            -98.137451,
            30.565977
          ],
          [
            -98.137759,
            30.565682
          ],
          [
            -98.138158,
            30.565345
          ],
          [
            -98.13846,
            30.565084
          ],
          [
            -98.13875,
            30.564909
          ],
          [
            -98.139139,
            30.564677
          ],
          [
            -98.139358,
            30.564546
          ],
          [
            -98.140394,
            30.563925
          ],
          [
            -98.141961,
            30.562988
          ],
          [
            -98.14254,
            30.562649
          ],
          [
            -98.143212,
            30.562243
          ],
          [
            -98.144492,
            30.561474
          ],
          [
            -98.14475,
            30.561323
          ],
          [
            -98.144951,
            30.5612
          ],
          [
            -98.145039,
            30.561147
          ],
          [
            -98.145962,
            30.560598
          ],
          [
            -98.146387,
            30.560346
          ],
          [
            -98.146846,
            30.56006
          ],
          [
            -98.14763,
            30.559742
          ],
          [
            -98.14778,
            30.559681
          ],
          [
            -98.14845,
            30.559458
          ],
          [
            -98.149242,
            30.559315
          ],
          [
            -98.149781,
            30.559248
          ],
          [
            -98.150395,
            30.559221
          ],
          [
            -98.152544,
            30.559177
          ],
          [
            -98.154883,
            30.559129
          ],
          [
            -98.155116,
            30.559129
          ],
          [
            -98.155666,
            30.559127
          ],
          [
            -98.156251,
            30.559126
          ],
          [
            -98.156723,
            30.559124
          ],
          [
            -98.158745,
            30.559092
          ],
          [
            -98.158981,
            30.559071
          ],
          [
            -98.159217,
            30.559036
          ],
          [
            -98.15945,
            30.558985
          ],
          [
            -98.159677,
            30.558923
          ],
          [
            -98.159899,
            30.558844
          ],
          [
            -98.161493,
            30.558143
          ],
          [
            -98.161706,
            30.558038
          ],
          [
            -98.161982,
            30.557919
          ],
          [
            -98.162215,
            30.557829
          ],
          [
            -98.162501,
            30.557756
          ],
          [
            -98.16269,
            30.557719
          ],
          [
            -98.163052,
            30.557674
          ],
          [
            -98.163351,
            30.557643
          ],
          [
            -98.16349,
            30.557642
          ],
          [
            -98.163657,
            30.557642
          ],
          [
            -98.163783,
            30.557641
          ],
          [
            -98.164083,
            30.557677
          ],
          [
            -98.165063,
            30.557887
          ],
          [
            -98.166406,
            30.558139
          ],
          [
            -98.167247,
            30.558387
          ],
          [
            -98.167523,
            30.55848
          ],
          [
            -98.167784,
            30.558583
          ],
          [
            -98.168028,
            30.558692
          ],
          [
            -98.168297,
            30.558864
          ],
          [
            -98.168371,
            30.558911
          ],
          [
            -98.168659,
            30.559117
          ],
          [
            -98.169353,
            30.559679
          ],
          [
            -98.17018,
            30.560328
          ],
          [
            -98.170481,
            30.560578
          ],
          [
            -98.17067,
            30.560775
          ],
          [
            -98.170929,
            30.56113
          ],
          [
            -98.171004,
            30.561269
          ],
          [
            -98.171137,
            30.561475
          ],
          [
            -98.171254,
            30.561736
          ],
          [
            -98.171407,
            30.56227
          ],
          [
            -98.171554,
            30.562808
          ],
          [
            -98.171763,
            30.563724
          ],
          [
            -98.172138,
            30.565785
          ],
          [
            -98.172208,
            30.566114
          ],
          [
            -98.172327,
            30.566675
          ],
          [
            -98.172333,
            30.566733
          ],
          [
            -98.172431,
            30.567168
          ],
          [
            -98.172526,
            30.567654
          ],
          [
            -98.172582,
            30.568148
          ],
          [
            -98.172593,
            30.5687
          ],
          [
            -98.172547,
            30.569138
          ],
          [
            -98.172481,
            30.569463
          ],
          [
            -98.172459,
            30.569571
          ],
          [
            -98.172314,
            30.570032
          ],
          [
            -98.172134,
            30.570381
          ],
          [
            -98.171999,
            30.570623
          ],
          [
            -98.171888,
            30.570871
          ],
          [
            -98.171605,
            30.57132
          ],
          [
            -98.171521,
            30.571453
          ],
          [
            -98.17084,
            30.572506
          ],
          [
            -98.170326,
            30.573301
          ],
          [
            -98.17027,
            30.573396
          ],
          [
            -98.169826,
            30.574101
          ],
          [
            -98.169635,
            30.574537
          ],
          [
            -98.169521,
            30.574876
          ],
          [
            -98.169455,
            30.575183
          ],
          [
            -98.169418,
            30.575397
          ],
          [
            -98.169462,
            30.575736
          ],
          [
            -98.1695,
            30.576015
          ],
          [
            -98.169619,
            30.576454
          ],
          [
            -98.169752,
            30.576813
          ],
          [
            -98.169893,
            30.577094
          ],
          [
            -98.170007,
            30.577277
          ],
          [
            -98.170165,
            30.577477
          ],
          [
            -98.170373,
            30.577741
          ],
          [
            -98.170472,
            30.577867
          ],
          [
            -98.170664,
            30.578107
          ],
          [
            -98.170777,
            30.578249
          ],
          [
            -98.171132,
            30.578691
          ],
          [
            -98.171646,
            30.579352
          ],
          [
            -98.171843,
            30.579735
          ],
          [
            -98.171998,
            30.58012
          ],
          [
            -98.172356,
            30.581409
          ],
          [
            -98.172373,
            30.581469
          ],
          [
            -98.172652,
            30.582477
          ],
          [
            -98.172671,
            30.582545
          ],
          [
            -98.172721,
            30.582725
          ],
          [
            -98.172744,
            30.582811
          ],
          [
            -98.173396,
            30.585118
          ],
          [
            -98.173464,
            30.585399
          ],
          [
            -98.173493,
            30.585561
          ],
          [
            -98.173507,
            30.585635
          ],
          [
            -98.173541,
            30.586112
          ],
          [
            -98.17357,
            30.586505
          ],
          [
            -98.173651,
            30.587594
          ],
          [
            -98.173759,
            30.588011
          ],
          [
            -98.173774,
            30.588069
          ],
          [
            -98.173984,
            30.588454
          ],
          [
            -98.174233,
            30.588867
          ],
          [
            -98.174495,
            30.589159
          ],
          [
            -98.174588,
            30.589262
          ],
          [
            -98.17477,
            30.589465
          ],
          [
            -98.175081,
            30.589697
          ],
          [
            -98.175392,
            30.589881
          ],
          [
            -98.175534,
            30.589966
          ],
          [
            -98.175756,
            30.590074
          ],
          [
            -98.17608,
            30.590208
          ],
          [
            -98.176403,
            30.590297
          ],
          [
            -98.176767,
            30.59038
          ],
          [
            -98.177123,
            30.590407
          ],
          [
            -98.177507,
            30.590415
          ],
          [
            -98.177805,
            30.590407
          ],
          [
            -98.178129,
            30.590378
          ],
          [
            -98.17844,
            30.590327
          ],
          [
            -98.178903,
            30.590202
          ],
          [
            -98.179372,
            30.590001
          ],
          [
            -98.179426,
            30.58997
          ],
          [
            -98.179892,
            30.589709
          ],
          [
            -98.180204,
            30.589431
          ],
          [
            -98.180433,
            30.589207
          ],
          [
            -98.181199,
            30.588446
          ],
          [
            -98.181584,
            30.588094
          ],
          [
            -98.182008,
            30.5878
          ],
          [
            -98.182482,
            30.587542
          ],
          [
            -98.182945,
            30.587344
          ],
          [
            -98.183429,
            30.587218
          ],
          [
            -98.183886,
            30.587146
          ],
          [
            -98.183914,
            30.587141
          ],
          [
            -98.184401,
            30.5871
          ],
          [
            -98.185863,
            30.586977
          ],
          [
            -98.18628,
            30.586942
          ],
          [
            -98.187137,
            30.586868
          ],
          [
            -98.188716,
            30.58673
          ],
          [
            -98.188959,
            30.586713
          ],
          [
            -98.19003,
            30.58665
          ],
          [
            -98.190448,
            30.586635
          ],
          [
            -98.190884,
            30.586659
          ],
          [
            -98.19129,
            30.586699
          ],
          [
            -98.191832,
            30.586837
          ],
          [
            -98.192281,
            30.58704
          ],
          [
            -98.192755,
            30.587273
          ],
          [
            -98.193321,
            30.587524
          ],
          [
            -98.193515,
            30.587591
          ],
          [
            -98.193884,
            30.587685
          ],
          [
            -98.194279,
            30.587752
          ],
          [
            -98.195071,
            30.587774
          ],
          [
            -98.195571,
            30.587842
          ],
          [
            -98.196006,
            30.587938
          ],
          [
            -98.196762,
            30.588099
          ],
          [
            -98.197222,
            30.5882
          ],
          [
            -98.19811,
            30.588398
          ],
          [
            -98.198754,
            30.588544
          ],
          [
            -98.199863,
            30.588695
          ],
          [
            -98.200633,
            30.588741
          ],
          [
            -98.201801,
            30.588675
          ],
          [
            -98.203094,
            30.588583
          ],
          [
            -98.203907,
            30.588525
          ],
          [
            -98.204583,
            30.588407
          ],
          [
            -98.205146,
            30.58827
          ],
          [
            -98.205163,
            30.588266
          ],
          [
            -98.205812,
            30.588023
          ],
          [
            -98.207613,
            30.587261
          ],
          [
            -98.208582,
            30.586843
          ],
          [
            -98.209098,
            30.586694
          ],
          [
            -98.209517,
            30.586625
          ],
          [
            -98.209615,
            30.586609
          ],
          [
            -98.210852,
            30.586579
          ],
          [
            -98.213068,
            30.586526
          ],
          [
            -98.214631,
            30.586434
          ],
          [
            -98.215722,
            30.586376
          ],
          [
            -98.216051,
            30.586358
          ],
          [
            -98.217212,
            30.586289
          ],
          [
            -98.218105,
            30.586224
          ],
          [
            -98.21848,
            30.586179
          ],
          [
            -98.219405,
            30.586069
          ],
          [
            -98.220941,
            30.585869
          ],
          [
            -98.221941,
            30.585754
          ],
          [
            -98.222571,
            30.585646
          ],
          [
            -98.22263,
            30.585638
          ],
          [
            -98.223159,
            30.585465
          ],
          [
            -98.223448,
            30.585371
          ],
          [
            -98.223753,
            30.585258
          ],
          [
            -98.224118,
            30.585083
          ],
          [
            -98.224442,
            30.584904
          ],
          [
            -98.22562,
            30.584191
          ],
          [
            -98.226215,
            30.583756
          ],
          [
            -98.226523,
            30.583478
          ],
          [
            -98.226557,
            30.583439
          ],
          [
            -98.226759,
            30.583237
          ],
          [
            -98.228015,
            30.58176
          ],
          [
            -98.228806,
            30.580742
          ],
          [
            -98.229281,
            30.5802
          ],
          [
            -98.229801,
            30.579556
          ],
          [
            -98.230399,
            30.578976
          ],
          [
            -98.230639,
            30.578762
          ],
          [
            -98.232202,
            30.577363
          ],
          [
            -98.232665,
            30.576909
          ],
          [
            -98.233355,
            30.576128
          ],
          [
            -98.233703,
            30.575587
          ],
          [
            -98.234082,
            30.575084
          ],
          [
            -98.234104,
            30.575054
          ],
          [
            -98.234314,
            30.574728
          ],
          [
            -98.236042,
            30.572047
          ],
          [
            -98.236214,
            30.57181
          ],
          [
            -98.236531,
            30.571403
          ],
          [
            -98.236674,
            30.571282
          ],
          [
            -98.236839,
            30.57115
          ],
          [
            -98.237073,
            30.57101
          ],
          [
            -98.237094,
            30.570999
          ],
          [
            -98.237297,
            30.570896
          ],
          [
            -98.237464,
            30.570819
          ],
          [
            -98.237733,
            30.570738
          ],
          [
            -98.23797,
            30.570692
          ],
          [
            -98.238228,
            30.570669
          ],
          [
            -98.238387,
            30.570666
          ],
          [
            -98.238616,
            30.570662
          ],
          [
            -98.238721,
            30.570669
          ],
          [
            -98.238892,
            30.57068
          ],
          [
            -98.238987,
            30.570697
          ],
          [
            -98.239224,
            30.57074
          ],
          [
            -98.239616,
            30.570845
          ],
          [
            -98.239759,
            30.570886
          ],
          [
            -98.240267,
            30.571024
          ],
          [
            -98.240808,
            30.571154
          ],
          [
            -98.241758,
            30.571381
          ],
          [
            -98.241978,
            30.571434
          ],
          [
            -98.24383,
            30.571915
          ],
          [
            -98.244067,
            30.571985
          ],
          [
            -98.244337,
            30.572094
          ],
          [
            -98.244604,
            30.572217
          ],
          [
            -98.244953,
            30.572416
          ],
          [
            -98.245527,
            30.572743
          ],
          [
            -98.245974,
            30.572948
          ],
          [
            -98.24623,
            30.573029
          ],
          [
            -98.246454,
            30.573085
          ],
          [
            -98.246858,
            30.573144
          ],
          [
            -98.247752,
            30.573272
          ],
          [
            -98.249193,
            30.573432
          ],
          [
            -98.249403,
            30.573466
          ],
          [
            -98.249607,
            30.573516
          ],
          [
            -98.249749,
            30.573552
          ],
          [
            -98.249935,
            30.573596
          ],
          [
            -98.250273,
            30.573678
          ],
          [
            -98.250476,
            30.573747
          ],
          [
            -98.251061,
            30.574007
          ],
          [
            -98.251809,
            30.574341
          ],
          [
            -98.253692,
            30.575202
          ],
          [
            -98.253758,
            30.575232
          ],
          [
            -98.25382,
            30.575259
          ],
          [
            -98.255089,
            30.575816
          ],
          [
            -98.255432,
            30.575964
          ],
          [
            -98.255493,
            30.57599
          ],
          [
            -98.255909,
            30.57617
          ],
          [
            -98.255982,
            30.576202
          ],
          [
            -98.256469,
            30.576413
          ],
          [
            -98.256713,
            30.576491
          ],
          [
            -98.256981,
            30.576559
          ],
          [
            -98.257221,
            30.576596
          ],
          [
            -98.257539,
            30.576625
          ],
          [
            -98.257787,
            30.576624
          ],
          [
            -98.257909,
            30.576623
          ],
          [
            -98.257951,
            30.57662
          ],
          [
            -98.258334,
            30.576592
          ],
          [
            -98.258714,
            30.576555
          ],
          [
            -98.258865,
            30.57654
          ],
          [
            -98.259654,
            30.576409
          ],
          [
            -98.260609,
            30.576295
          ],
          [
            -98.263147,
            30.575896
          ],
          [
            -98.26336,
            30.575869
          ],
          [
            -98.26346,
            30.575856
          ],
          [
            -98.263605,
            30.575838
          ],
          [
            -98.263937,
            30.575792
          ],
          [
            -98.264097,
            30.57577
          ],
          [
            -98.264426,
            30.575725
          ],
          [
            -98.264923,
            30.575657
          ],
          [
            -98.265082,
            30.575635
          ],
          [
            -98.266084,
            30.575479
          ],
          [
            -98.266235,
            30.575458
          ],
          [
            -98.266315,
            30.575447
          ],
          [
            -98.26638,
            30.575445
          ],
          [
            -98.2665,
            30.57544
          ],
          [
            -98.266624,
            30.575444
          ],
          [
            -98.266939,
            30.575476
          ],
          [
            -98.267226,
            30.575541
          ],
          [
            -98.267414,
            30.575616
          ],
          [
            -98.267577,
            30.575701
          ],
          [
            -98.268104,
            30.575971
          ],
          [
            -98.268131,
            30.575985
          ],
          [
            -98.268664,
            30.576246
          ],
          [
            -98.26922,
            30.576537
          ],
          [
            -98.269269,
            30.576563
          ],
          [
            -98.269757,
            30.576792
          ],
          [
            -98.270898,
            30.577362
          ],
          [
            -98.271987,
            30.577867
          ],
          [
            -98.272246,
            30.577997
          ],
          [
            -98.272461,
            30.578103
          ],
          [
            -98.272499,
            30.578123
          ],
          [
            -98.272654,
            30.578201
          ],
          [
            -98.272823,
            30.578285
          ],
          [
            -98.272941,
            30.578336
          ],
          [
            -98.272936,
            30.578047
          ],
          [
            -98.272939,
            30.577795
          ],
          [
            -98.272945,
            30.577714
          ],
          [
            -98.272966,
            30.577504
          ],
          [
            -98.273015,
            30.577134
          ],
          [
            -98.273058,
            30.576911
          ],
          [
            -98.27314,
            30.576572
          ],
          [
            -98.273301,
            30.576095
          ],
          [
            -98.273513,
            30.575629
          ],
          [
            -98.273639,
            30.575397
          ],
          [
            -98.273814,
            30.575094
          ],
          [
            -98.274038,
            30.574758
          ],
          [
            -98.274222,
            30.574473
          ],
          [
            -98.27442,
            30.574185
          ],
          [
            -98.2746,
            30.573899
          ],
          [
            -98.274695,
            30.573749
          ],
          [
            -98.27479,
            30.573609
          ],
          [
            -98.27502,
            30.573259
          ],
          [
            -98.275358,
            30.572762
          ],
          [
            -98.275377,
            30.572726
          ],
          [
            -98.275613,
            30.572359
          ],
          [
            -98.275938,
            30.571833
          ],
          [
            -98.275974,
            30.571758
          ],
          [
            -98.276136,
            30.571374
          ],
          [
            -98.276182,
            30.571205
          ],
          [
            -98.276224,
            30.571034
          ],
          [
            -98.276271,
            30.570786
          ],
          [
            -98.276294,
            30.570614
          ],
          [
            -98.276298,
            30.570491
          ],
          [
            -98.276291,
            30.570264
          ],
          [
            -98.276267,
            30.569994
          ],
          [
            -98.276199,
            30.569756
          ],
          [
            -98.276165,
            30.569503
          ],
          [
            -98.27605,
            30.569195
          ],
          [
            -98.275957,
            30.568936
          ],
          [
            -98.27572,
            30.568289
          ],
          [
            -98.274769,
            30.565732
          ],
          [
            -98.274648,
            30.565404
          ],
          [
            -98.274601,
            30.565277
          ],
          [
            -98.274584,
            30.565183
          ],
          [
            -98.274566,
            30.565043
          ],
          [
            -98.27456,
            30.564832
          ],
          [
            -98.274556,
            30.564754
          ],
          [
            -98.274557,
            30.564579
          ],
          [
            -98.27457,
            30.564481
          ],
          [
            -98.274595,
            30.564323
          ],
          [
            -98.27458,
            30.564092
          ],
          [
            -98.274658,
            30.563863
          ],
          [
            -98.274725,
            30.563734
          ],
          [
            -98.274805,
            30.563578
          ],
          [
            -98.274958,
            30.563339
          ],
          [
            -98.275148,
            30.563055
          ],
          [
            -98.275198,
            30.562982
          ],
          [
            -98.275477,
            30.562619
          ],
          [
            -98.275815,
            30.562096
          ],
          [
            -98.275974,
            30.561765
          ],
          [
            -98.276081,
            30.561369
          ],
          [
            -98.276132,
            30.561089
          ],
          [
            -98.276155,
            30.560863
          ],
          [
            -98.276147,
            30.560595
          ],
          [
            -98.276096,
            30.56022
          ],
          [
            -98.275957,
            30.559758
          ],
          [
            -98.275697,
            30.559245
          ],
          [
            -98.275562,
            30.559063
          ],
          [
            -98.275385,
            30.558821
          ],
          [
            -98.274593,
            30.557834
          ],
          [
            -98.274438,
            30.557592
          ],
          [
            -98.274183,
            30.557101
          ],
          [
            -98.274111,
            30.55694
          ],
          [
            -98.273967,
            30.556511
          ],
          [
            -98.273914,
            30.556265
          ],
          [
            -98.27385,
            30.555899
          ],
          [
            -98.273828,
            30.555456
          ],
          [
            -98.273845,
            30.555199
          ],
          [
            -98.273871,
            30.554919
          ],
          [
            -98.273933,
            30.554605
          ],
          [
            -98.27402,
            30.554279
          ],
          [
            -98.274121,
            30.55399
          ],
          [
            -98.274549,
            30.55294
          ],
          [
            -98.274627,
            30.552758
          ],
          [
            -98.2747,
            30.552587
          ],
          [
            -98.274888,
            30.552156
          ],
          [
            -98.275622,
            30.550394
          ],
          [
            -98.275848,
            30.549785
          ],
          [
            -98.276062,
            30.549164
          ],
          [
            -98.276212,
            30.548657
          ],
          [
            -98.276308,
            30.548325
          ],
          [
            -98.27643,
            30.547833
          ],
          [
            -98.276512,
            30.547493
          ],
          [
            -98.276593,
            30.547162
          ],
          [
            -98.27671,
            30.546628
          ],
          [
            -98.276814,
            30.546127
          ],
          [
            -98.276947,
            30.545573
          ],
          [
            -98.276997,
            30.545337
          ],
          [
            -98.277169,
            30.544591
          ],
          [
            -98.277863,
            30.541787
          ],
          [
            -98.277883,
            30.541731
          ],
          [
            -98.278184,
            30.540873
          ],
          [
            -98.278368,
            30.540466
          ],
          [
            -98.278636,
            30.539868
          ],
          [
            -98.27899,
            30.539187
          ],
          [
            -98.282177,
            30.533114
          ],
          [
            -98.282492,
            30.532552
          ],
          [
            -98.284717,
            30.528319
          ],
          [
            -98.285123,
            30.527549
          ],
          [
            -98.286855,
            30.524261
          ],
          [
            -98.290701,
            30.516825
          ],
          [
            -98.290786,
            30.516661
          ],
          [
            -98.290923,
            30.516345
          ],
          [
            -98.291559,
            30.515203
          ],
          [
            -98.291637,
            30.515078
          ],
          [
            -98.292613,
            30.513769
          ],
          [
            -98.292725,
            30.51362
          ],
          [
            -98.292973,
            30.513293
          ],
          [
            -98.293236,
            30.512947
          ],
          [
            -98.296048,
            30.509457
          ],
          [
            -98.296594,
            30.508779
          ],
          [
            -98.299249,
            30.505483
          ],
          [
            -98.29983,
            30.504761
          ],
          [
            -98.301104,
            30.503179
          ],
          [
            -98.301457,
            30.502629
          ],
          [
            -98.30212,
            30.501579
          ],
          [
            -98.302287,
            30.501322
          ],
          [
            -98.302404,
            30.501085
          ],
          [
            -98.305624,
            30.497129
          ],
          [
            -98.305731,
            30.497007
          ],
          [
            -98.307158,
            30.495185
          ],
          [
            -98.30864,
            30.493294
          ],
          [
            -98.313709,
            30.486987
          ],
          [
            -98.314698,
            30.485767
          ],
          [
            -98.316638,
            30.483345
          ],
          [
            -98.317555,
            30.482201
          ],
          [
            -98.318374,
            30.481178
          ],
          [
            -98.319262,
            30.480074
          ],
          [
            -98.320669,
            30.478289
          ],
          [
            -98.320882,
            30.478013
          ],
          [
            -98.320895,
            30.477996
          ],
          [
            -98.320911,
            30.477974
          ],
          [
            -98.320932,
            30.477946
          ],
          [
            -98.320964,
            30.477901
          ],
          [
            -98.321143,
            30.477653
          ],
          [
            -98.321429,
            30.477222
          ],
          [
            -98.321874,
            30.476518
          ],
          [
            -98.321927,
            30.476431
          ],
          [
            -98.322492,
            30.475501
          ],
          [
            -98.322579,
            30.475358
          ],
          [
            -98.324502,
            30.472195
          ],
          [
            -98.325271,
            30.470895
          ],
          [
            -98.325447,
            30.470552
          ],
          [
            -98.325757,
            30.469945
          ],
          [
            -98.326193,
            30.469058
          ],
          [
            -98.326843,
            30.467691
          ],
          [
            -98.326926,
            30.467518
          ],
          [
            -98.328545,
            30.464176
          ],
          [
            -98.330005,
            30.461161
          ],
          [
            -98.330108,
            30.460963
          ],
          [
            -98.330221,
            30.46076
          ],
          [
            -98.330381,
            30.460472
          ],
          [
            -98.330675,
            30.459991
          ],
          [
            -98.330993,
            30.459515
          ],
          [
            -98.331332,
            30.459012
          ],
          [
            -98.332202,
            30.457752
          ],
          [
            -98.332594,
            30.457185
          ],
          [
            -98.332739,
            30.456974
          ],
          [
            -98.332964,
            30.456647
          ],
          [
            -98.333088,
            30.456468
          ],
          [
            -98.333655,
            30.455639
          ],
          [
            -98.334177,
            30.454877
          ],
          [
            -98.334866,
            30.453871
          ],
          [
            -98.335121,
            30.453498
          ],
          [
            -98.336968,
            30.450824
          ],
          [
            -98.337297,
            30.450304
          ],
          [
            -98.337605,
            30.449775
          ],
          [
            -98.337892,
            30.449236
          ],
          [
            -98.338133,
            30.448739
          ],
          [
            -98.338355,
            30.448232
          ],
          [
            -98.338399,
            30.448118
          ],
          [
            -98.338555,
            30.44772
          ],
          [
            -98.338734,
            30.447201
          ],
          [
            -98.338892,
            30.446677
          ],
          [
            -98.339002,
            30.446244
          ],
          [
            -98.339295,
            30.445092
          ],
          [
            -98.339354,
            30.444861
          ],
          [
            -98.339566,
            30.444012
          ],
          [
            -98.339704,
            30.443455
          ],
          [
            -98.339867,
            30.442876
          ],
          [
            -98.340055,
            30.442302
          ],
          [
            -98.340267,
            30.441735
          ],
          [
            -98.341211,
            30.439469
          ],
          [
            -98.342351,
            30.436729
          ],
          [
            -98.34252,
            30.436322
          ],
          [
            -98.342892,
            30.435437
          ],
          [
            -98.343392,
            30.434245
          ],
          [
            -98.343575,
            30.433793
          ],
          [
            -98.34373,
            30.433436
          ],
          [
            -98.343949,
            30.432908
          ],
          [
            -98.344467,
            30.431658
          ],
          [
            -98.344506,
            30.431564
          ],
          [
            -98.345508,
            30.429147
          ],
          [
            -98.344562,
            30.429136
          ],
          [
            -98.344186,
            30.429149
          ],
          [
            -98.343921,
            30.429159
          ],
          [
            -98.342498,
            30.429209
          ],
          [
            -98.342141,
            30.429222
          ],
          [
            -98.341114,
            30.429263
          ],
          [
            -98.339904,
            30.42931
          ],
          [
            -98.339249,
            30.429336
          ],
          [
            -98.338071,
            30.429371
          ],
          [
            -98.337727,
            30.429381
          ],
          [
            -98.337206,
            30.429395
          ],
          [
            -98.336437,
            30.429403
          ],
          [
            -98.33591,
            30.429408
          ],
          [
            -98.335213,
            30.429432
          ],
          [
            -98.334814,
            30.429439
          ],
          [
            -98.33463,
            30.42943
          ],
          [
            -98.334448,
            30.429407
          ],
          [
            -98.334269,
            30.429369
          ],
          [
            -98.334095,
            30.429317
          ],
          [
            -98.334017,
            30.429286
          ],
          [
            -98.333927,
            30.42925
          ],
          [
            -98.333767,
            30.429171
          ],
          [
            -98.333656,
            30.429122
          ],
          [
            -98.333315,
            30.428988
          ],
          [
            -98.332967,
            30.428871
          ],
          [
            -98.33285,
            30.428838
          ],
          [
            -98.33261,
            30.42877
          ],
          [
            -98.331537,
            30.428527
          ],
          [
            -98.330927,
            30.428389
          ],
          [
            -98.330758,
            30.428338
          ],
          [
            -98.330594,
            30.428273
          ],
          [
            -98.330461,
            30.428206
          ],
          [
            -98.330439,
            30.428195
          ],
          [
            -98.330292,
            30.428105
          ],
          [
            -98.330155,
            30.428004
          ],
          [
            -98.330009,
            30.427879
          ],
          [
            -98.329434,
            30.427386
          ],
          [
            -98.329013,
            30.427025
          ],
          [
            -98.32861,
            30.426685
          ],
          [
            -98.328365,
            30.426478
          ],
          [
            -98.327329,
            30.425605
          ],
          [
            -98.326517,
            30.424819
          ],
          [
            -98.326342,
            30.424669
          ],
          [
            -98.326156,
            30.424531
          ],
          [
            -98.325959,
            30.424405
          ],
          [
            -98.324925,
            30.423839
          ],
          [
            -98.322569,
            30.422572
          ],
          [
            -98.321746,
            30.422135
          ],
          [
            -98.321463,
            30.421995
          ],
          [
            -98.321086,
            30.421809
          ],
          [
            -98.318404,
            30.420609
          ],
          [
            -98.317252,
            30.420075
          ],
          [
            -98.316832,
            30.419858
          ],
          [
            -98.316424,
            30.419624
          ],
          [
            -98.315842,
            30.419232
          ],
          [
            -98.31533,
            30.418847
          ],
          [
            -98.314566,
            30.418301
          ],
          [
            -98.314414,
            30.418206
          ],
          [
            -98.314254,
            30.41812
          ],
          [
            -98.314087,
            30.418044
          ],
          [
            -98.313914,
            30.41798
          ],
          [
            -98.313448,
            30.417837
          ],
          [
            -98.313106,
            30.417737
          ],
          [
            -98.312391,
            30.417546
          ],
          [
            -98.310958,
            30.417181
          ],
          [
            -98.310723,
            30.417142
          ],
          [
            -98.310623,
            30.41712
          ],
          [
            -98.3101,
            30.41696
          ],
          [
            -98.309524,
            30.416773
          ],
          [
            -98.309375,
            30.416721
          ],
          [
            -98.30884,
            30.416536
          ],
          [
            -98.308167,
            30.416321
          ],
          [
            -98.307802,
            30.416188
          ],
          [
            -98.307679,
            30.416143
          ],
          [
            -98.307242,
            30.416029
          ],
          [
            -98.306586,
            30.41588
          ],
          [
            -98.305978,
            30.415735
          ],
          [
            -98.305343,
            30.415594
          ],
          [
            -98.304203,
            30.415329
          ],
          [
            -98.304176,
            30.415322
          ],
          [
            -98.30393,
            30.415254
          ],
          [
            -98.303533,
            30.415125
          ],
          [
            -98.30278,
            30.414864
          ],
          [
            -98.302634,
            30.41482
          ],
          [
            -98.301927,
            30.414624
          ],
          [
            -98.301758,
            30.414571
          ],
          [
            -98.301651,
            30.41453
          ],
          [
            -98.301587,
            30.414506
          ],
          [
            -98.301455,
            30.414445
          ],
          [
            -98.301381,
            30.414403
          ],
          [
            -98.30127,
            30.414339
          ],
          [
            -98.30113,
            30.414246
          ],
          [
            -98.3009,
            30.414075
          ],
          [
            -98.299902,
            30.413255
          ],
          [
            -98.299328,
            30.412795
          ],
          [
            -98.29878,
            30.412337
          ],
          [
            -98.296067,
            30.410096
          ],
          [
            -98.295366,
            30.409501
          ],
          [
            -98.29459,
            30.408871
          ],
          [
            -98.294395,
            30.408729
          ],
          [
            -98.294193,
            30.408605
          ],
          [
            -98.293976,
            30.408492
          ],
          [
            -98.291908,
            30.407617
          ],
          [
            -98.291356,
            30.407408
          ],
          [
            -98.289149,
            30.406553
          ],
          [
            -98.288876,
            30.406427
          ],
          [
            -98.288613,
            30.406284
          ],
          [
            -98.286342,
            30.404863
          ],
          [
            -98.286048,
            30.404689
          ],
          [
            -98.285888,
            30.404595
          ],
          [
            -98.285372,
            30.404314
          ],
          [
            -98.284117,
            30.403704
          ],
          [
            -98.283761,
            30.403531
          ],
          [
            -98.282457,
            30.402912
          ],
          [
            -98.281855,
            30.402626
          ],
          [
            -98.28006,
            30.401841
          ],
          [
            -98.278979,
            30.401358
          ],
          [
            -98.278215,
            30.401027
          ],
          [
            -98.277516,
            30.400715
          ],
          [
            -98.27579,
            30.399957
          ],
          [
            -98.275515,
            30.399844
          ],
          [
            -98.27523,
            30.39975
          ],
          [
            -98.274937,
            30.399676
          ],
          [
            -98.273399,
            30.39939
          ],
          [
            -98.271773,
            30.399051
          ],
          [
            -98.270925,
            30.398843
          ],
          [
            -98.270101,
            30.398638
          ],
          [
            -98.269628,
            30.398515
          ],
          [
            -98.269149,
            30.398411
          ],
          [
            -98.26737,
            30.39809
          ],
          [
            -98.265752,
            30.397804
          ],
          [
            -98.264896,
            30.397642
          ],
          [
            -98.264598,
            30.39757
          ],
          [
            -98.264307,
            30.397477
          ],
          [
            -98.263688,
            30.397294
          ],
          [
            -98.262437,
            30.396899
          ],
          [
            -98.261826,
            30.396695
          ],
          [
            -98.261757,
            30.396672
          ],
          [
            -98.261532,
            30.396596
          ],
          [
            -98.261482,
            30.396583
          ],
          [
            -98.261308,
            30.396536
          ],
          [
            -98.261078,
            30.396494
          ],
          [
            -98.260845,
            30.396466
          ],
          [
            -98.260434,
            30.396406
          ],
          [
            -98.260138,
            30.39635
          ],
          [
            -98.259849,
            30.396274
          ],
          [
            -98.259304,
            30.396083
          ],
          [
            -98.2588,
            30.395895
          ],
          [
            -98.257439,
            30.39537
          ],
          [
            -98.255922,
            30.394791
          ],
          [
            -98.255702,
            30.394686
          ],
          [
            -98.255493,
            30.394565
          ],
          [
            -98.255402,
            30.394504
          ],
          [
            -98.254616,
            30.39391
          ],
          [
            -98.254161,
            30.393566
          ],
          [
            -98.253571,
            30.3931
          ],
          [
            -98.252713,
            30.392406
          ],
          [
            -98.252627,
            30.392331
          ],
          [
            -98.252469,
            30.392172
          ],
          [
            -98.252328,
            30.392002
          ],
          [
            -98.252203,
            30.391823
          ],
          [
            -98.252095,
            30.391636
          ],
          [
            -98.251979,
            30.391389
          ],
          [
            -98.251922,
            30.391236
          ],
          [
            -98.251879,
            30.391079
          ],
          [
            -98.251849,
            30.39092
          ],
          [
            -98.251831,
            30.390759
          ],
          [
            -98.251777,
            30.388457
          ],
          [
            -98.251764,
            30.388238
          ],
          [
            -98.251734,
            30.38802
          ],
          [
            -98.251686,
            30.387804
          ],
          [
            -98.251621,
            30.387592
          ],
          [
            -98.251539,
            30.387384
          ],
          [
            -98.25117,
            30.386629
          ],
          [
            -98.250748,
            30.38576
          ],
          [
            -98.250398,
            30.385067
          ],
          [
            -98.250038,
            30.384312
          ],
          [
            -98.249997,
            30.384211
          ],
          [
            -98.249966,
            30.384108
          ],
          [
            -98.249943,
            30.384003
          ],
          [
            -98.249929,
            30.383896
          ],
          [
            -98.249924,
            30.383789
          ],
          [
            -98.249935,
            30.383629
          ],
          [
            -98.249953,
            30.383148
          ],
          [
            -98.249964,
            30.382691
          ],
          [
            -98.24997,
            30.38242
          ],
          [
            -98.249984,
            30.382259
          ],
          [
            -98.250011,
            30.3821
          ],
          [
            -98.250039,
            30.381995
          ],
          [
            -98.250053,
            30.381942
          ],
          [
            -98.250107,
            30.381788
          ],
          [
            -98.250392,
            30.381197
          ],
          [
            -98.250423,
            30.38115
          ],
          [
            -98.250495,
            30.381061
          ],
          [
            -98.250578,
            30.380982
          ],
          [
            -98.250579,
            30.380981
          ],
          [
            -98.250613,
            30.380954
          ],
          [
            -98.250496,
            30.380845
          ],
          [
            -98.250188,
            30.380558
          ],
          [
            -98.249999,
            30.380351
          ],
          [
            -98.249788,
            30.38009
          ],
          [
            -98.2496,
            30.379819
          ],
          [
            -98.249468,
            30.379644
          ],
          [
            -98.249321,
            30.379478
          ],
          [
            -98.24916,
            30.379322
          ],
          [
            -98.248939,
            30.379138
          ],
          [
            -98.248793,
            30.379028
          ],
          [
            -98.248447,
            30.378811
          ],
          [
            -98.24818,
            30.378673
          ],
          [
            -98.24807,
            30.378627
          ],
          [
            -98.247778,
            30.37852
          ],
          [
            -98.247626,
            30.378477
          ],
          [
            -98.24748,
            30.378435
          ],
          [
            -98.247382,
            30.378414
          ],
          [
            -98.247175,
            30.37837
          ],
          [
            -98.246872,
            30.378335
          ],
          [
            -98.246568,
            30.378319
          ],
          [
            -98.246263,
            30.378323
          ],
          [
            -98.245216,
            30.378399
          ],
          [
            -98.24485,
            30.378417
          ],
          [
            -98.244423,
            30.378421
          ],
          [
            -98.244178,
            30.378413
          ],
          [
            -98.243934,
            30.378387
          ],
          [
            -98.243692,
            30.378343
          ],
          [
            -98.243456,
            30.378281
          ],
          [
            -98.243226,
            30.378204
          ],
          [
            -98.242784,
            30.378018
          ],
          [
            -98.242314,
            30.377812
          ],
          [
            -98.241676,
            30.377515
          ],
          [
            -98.240825,
            30.377139
          ],
          [
            -98.240432,
            30.376987
          ],
          [
            -98.24003,
            30.376854
          ],
          [
            -98.239679,
            30.376757
          ],
          [
            -98.238558,
            30.376495
          ],
          [
            -98.237875,
            30.376342
          ],
          [
            -98.237577,
            30.376266
          ],
          [
            -98.237283,
            30.376173
          ],
          [
            -98.236997,
            30.376065
          ],
          [
            -98.236718,
            30.375941
          ],
          [
            -98.236448,
            30.375797
          ],
          [
            -98.236192,
            30.375636
          ],
          [
            -98.23595,
            30.375459
          ],
          [
            -98.23582,
            30.375348
          ],
          [
            -98.23478,
            30.37442
          ],
          [
            -98.234748,
            30.374395
          ],
          [
            -98.234542,
            30.374238
          ],
          [
            -98.23429,
            30.374072
          ],
          [
            -98.234025,
            30.373922
          ],
          [
            -98.233812,
            30.373819
          ],
          [
            -98.233696,
            30.373763
          ],
          [
            -98.233377,
            30.373637
          ],
          [
            -98.233122,
            30.373554
          ],
          [
            -98.232823,
            30.373477
          ],
          [
            -98.232328,
            30.373387
          ],
          [
            -98.230969,
            30.373155
          ],
          [
            -98.229246,
            30.372886
          ],
          [
            -98.228591,
            30.372813
          ],
          [
            -98.228195,
            30.37278
          ],
          [
            -98.226867,
            30.37267
          ],
          [
            -98.223964,
            30.372407
          ],
          [
            -98.223229,
            30.372337
          ],
          [
            -98.22256,
            30.372253
          ],
          [
            -98.220253,
            30.371882
          ],
          [
            -98.219363,
            30.371731
          ],
          [
            -98.218638,
            30.371615
          ],
          [
            -98.218102,
            30.37154
          ],
          [
            -98.217549,
            30.371484
          ],
          [
            -98.216992,
            30.371448
          ],
          [
            -98.21649,
            30.371431
          ],
          [
            -98.215988,
            30.371434
          ],
          [
            -98.215486,
            30.371458
          ],
          [
            -98.214186,
            30.371533
          ],
          [
            -98.213807,
            30.371544
          ],
          [
            -98.213429,
            30.371536
          ],
          [
            -98.213052,
            30.371508
          ],
          [
            -98.212785,
            30.371473
          ],
          [
            -98.212678,
            30.371459
          ],
          [
            -98.212434,
            30.371411
          ],
          [
            -98.212073,
            30.371325
          ],
          [
            -98.211718,
            30.371221
          ],
          [
            -98.210745,
            30.370882
          ],
          [
            -98.210648,
            30.370848
          ],
          [
            -98.209036,
            30.370256
          ],
          [
            -98.208635,
            30.370097
          ],
          [
            -98.208516,
            30.370043
          ],
          [
            -98.208245,
            30.36992
          ],
          [
            -98.207866,
            30.369725
          ],
          [
            -98.2075,
            30.369511
          ],
          [
            -98.206966,
            30.369157
          ],
          [
            -98.206041,
            30.368519
          ],
          [
            -98.204646,
            30.36754
          ],
          [
            -98.203453,
            30.366694
          ],
          [
            -98.202994,
            30.366363
          ],
          [
            -98.20187,
            30.365553
          ],
          [
            -98.200749,
            30.364732
          ],
          [
            -98.199961,
            30.364206
          ],
          [
            -98.199234,
            30.363665
          ],
          [
            -98.19874,
            30.363328
          ],
          [
            -98.19823,
            30.363008
          ],
          [
            -98.197901,
            30.362828
          ],
          [
            -98.197602,
            30.362645
          ],
          [
            -98.197334,
            30.362481
          ],
          [
            -98.195861,
            30.361616
          ],
          [
            -98.195604,
            30.361474
          ],
          [
            -98.195335,
            30.361349
          ],
          [
            -98.195058,
            30.361242
          ],
          [
            -98.194779,
            30.361152
          ],
          [
            -98.194494,
            30.361078
          ],
          [
            -98.194204,
            30.36102
          ],
          [
            -98.193894,
            30.360979
          ],
          [
            -98.193583,
            30.360956
          ],
          [
            -98.193283,
            30.360952
          ],
          [
            -98.192727,
            30.360977
          ],
          [
            -98.191453,
            30.361018
          ],
          [
            -98.189774,
            30.361082
          ],
          [
            -98.189176,
            30.3611
          ],
          [
            -98.188689,
            30.361114
          ],
          [
            -98.188262,
            30.361105
          ],
          [
            -98.187837,
            30.361076
          ],
          [
            -98.187666,
            30.361059
          ],
          [
            -98.187578,
            30.361048
          ],
          [
            -98.187208,
            30.360981
          ],
          [
            -98.186844,
            30.360894
          ],
          [
            -98.186159,
            30.360697
          ],
          [
            -98.185537,
            30.360503
          ],
          [
            -98.185133,
            30.360381
          ],
          [
            -98.184835,
            30.360308
          ],
          [
            -98.184533,
            30.360252
          ],
          [
            -98.1841,
            30.360192
          ],
          [
            -98.183787,
            30.360164
          ],
          [
            -98.183473,
            30.360152
          ],
          [
            -98.18304,
            30.360163
          ],
          [
            -98.18261,
            30.360195
          ],
          [
            -98.180284,
            30.360469
          ],
          [
            -98.179434,
            30.360557
          ],
          [
            -98.179119,
            30.360588
          ],
          [
            -98.178768,
            30.360587
          ],
          [
            -98.178647,
            30.360592
          ],
          [
            -98.178128,
            30.360529
          ],
          [
            -98.177708,
            30.360441
          ],
          [
            -98.177295,
            30.360331
          ],
          [
            -98.176899,
            30.360203
          ],
          [
            -98.176501,
            30.360088
          ],
          [
            -98.176384,
            30.360059
          ],
          [
            -98.176081,
            30.360007
          ],
          [
            -98.175774,
            30.359973
          ],
          [
            -98.175465,
            30.359959
          ],
          [
            -98.175087,
            30.359959
          ],
          [
            -98.17475,
            30.35998
          ],
          [
            -98.174709,
            30.359982
          ],
          [
            -98.174334,
            30.360026
          ],
          [
            -98.171662,
            30.360276
          ],
          [
            -98.17124,
            30.360276
          ],
          [
            -98.170875,
            30.360262
          ],
          [
            -98.170515,
            30.360216
          ],
          [
            -98.170307,
            30.360188
          ],
          [
            -98.169863,
            30.360082
          ],
          [
            -98.169608,
            30.359959
          ],
          [
            -98.169369,
            30.359802
          ],
          [
            -98.168431,
            30.35912
          ],
          [
            -98.167843,
            30.35861
          ],
          [
            -98.167455,
            30.358276
          ],
          [
            -98.167175,
            30.358072
          ],
          [
            -98.166839,
            30.35787
          ],
          [
            -98.166571,
            30.357752
          ],
          [
            -98.166324,
            30.35769
          ],
          [
            -98.165599,
            30.357565
          ],
          [
            -98.165183,
            30.357449
          ],
          [
            -98.165059,
            30.357414
          ],
          [
            -98.164598,
            30.357137
          ],
          [
            -98.162461,
            30.355525
          ],
          [
            -98.161012,
            30.354452
          ],
          [
            -98.160332,
            30.353972
          ],
          [
            -98.159549,
            30.353419
          ],
          [
            -98.15918,
            30.353134
          ],
          [
            -98.158745,
            30.352849
          ],
          [
            -98.158507,
            30.352693
          ],
          [
            -98.157033,
            30.351728
          ],
          [
            -98.157002,
            30.351706
          ],
          [
            -98.155807,
            30.350849
          ],
          [
            -98.155607,
            30.350705
          ],
          [
            -98.154655,
            30.350022
          ],
          [
            -98.1544,
            30.349834
          ],
          [
            -98.154095,
            30.349609
          ],
          [
            -98.150917,
            30.347379
          ],
          [
            -98.148038,
            30.345281
          ],
          [
            -98.146609,
            30.344254
          ],
          [
            -98.145906,
            30.343741
          ],
          [
            -98.14553,
            30.343467
          ],
          [
            -98.145345,
            30.34333
          ],
          [
            -98.145177,
            30.343182
          ],
          [
            -98.145077,
            30.343072
          ],
          [
            -98.144941,
            30.342838
          ],
          [
            -98.144873,
            30.342652
          ],
          [
            -98.144732,
            30.342136
          ],
          [
            -98.144603,
            30.341559
          ],
          [
            -98.144562,
            30.341385
          ],
          [
            -98.144519,
            30.341179
          ],
          [
            -98.144481,
            30.340969
          ],
          [
            -98.144445,
            30.340643
          ],
          [
            -98.144455,
            30.34038
          ],
          [
            -98.144495,
            30.340177
          ],
          [
            -98.144573,
            30.33989
          ],
          [
            -98.144683,
            30.339565
          ],
          [
            -98.144962,
            30.33879
          ],
          [
            -98.145004,
            30.338611
          ],
          [
            -98.145007,
            30.338522
          ],
          [
            -98.144975,
            30.338364
          ],
          [
            -98.144931,
            30.338246
          ],
          [
            -98.144767,
            30.338006
          ],
          [
            -98.144639,
            30.337867
          ],
          [
            -98.143461,
            30.336674
          ],
          [
            -98.143254,
            30.336526
          ],
          [
            -98.14278,
            30.336328
          ],
          [
            -98.141683,
            30.33593
          ],
          [
            -98.141562,
            30.335893
          ],
          [
            -98.141163,
            30.335772
          ],
          [
            -98.14086,
            30.335671
          ],
          [
            -98.140672,
            30.33571
          ],
          [
            -98.140532,
            30.33576
          ],
          [
            -98.140371,
            30.335882
          ],
          [
            -98.140239,
            30.336115
          ],
          [
            -98.140071,
            30.336456
          ],
          [
            -98.139801,
            30.337983
          ],
          [
            -98.139705,
            30.338497
          ],
          [
            -98.139603,
            30.33883
          ],
          [
            -98.139509,
            30.339027
          ],
          [
            -98.13948,
            30.339418
          ],
          [
            -98.13945,
            30.339649
          ],
          [
            -98.139437,
            30.339773
          ],
          [
            -98.139389,
            30.339846
          ],
          [
            -98.1393,
            30.339909
          ],
          [
            -98.138563,
            30.340151
          ],
          [
            -98.138481,
            30.340183
          ],
          [
            -98.138279,
            30.340251
          ],
          [
            -98.13799,
            30.340421
          ],
          [
            -98.137831,
            30.340642
          ],
          [
            -98.137731,
            30.340873
          ],
          [
            -98.137489,
            30.341471
          ],
          [
            -98.137453,
            30.341537
          ],
          [
            -98.137406,
            30.34158
          ],
          [
            -98.13736,
            30.341607
          ],
          [
            -98.1373,
            30.341612
          ],
          [
            -98.137246,
            30.341603
          ],
          [
            -98.137201,
            30.341567
          ],
          [
            -98.137166,
            30.341515
          ],
          [
            -98.137154,
            30.341457
          ],
          [
            -98.137147,
            30.341397
          ],
          [
            -98.137271,
            30.340436
          ],
          [
            -98.137255,
            30.340199
          ],
          [
            -98.137215,
            30.339988
          ],
          [
            -98.13717,
            30.339902
          ],
          [
            -98.137115,
            30.33985
          ],
          [
            -98.137007,
            30.339826
          ],
          [
            -98.136805,
            30.339867
          ],
          [
            -98.136651,
            30.339944
          ],
          [
            -98.136461,
            30.340052
          ],
          [
            -98.136368,
            30.34011
          ],
          [
            -98.136284,
            30.340163
          ],
          [
            -98.136248,
            30.340189
          ],
          [
            -98.136026,
            30.340349
          ],
          [
            -98.135961,
            30.340395
          ],
          [
            -98.135641,
            30.34068
          ],
          [
            -98.135499,
            30.340768
          ],
          [
            -98.135322,
            30.340825
          ],
          [
            -98.135185,
            30.34084
          ],
          [
            -98.134968,
            30.340837
          ],
          [
            -98.134802,
            30.340813
          ],
          [
            -98.134609,
            30.340764
          ],
          [
            -98.134418,
            30.340678
          ],
          [
            -98.133819,
            30.340309
          ],
          [
            -98.133415,
            30.340103
          ],
          [
            -98.133109,
            30.339969
          ],
          [
            -98.132879,
            30.339918
          ],
          [
            -98.132397,
            30.339904
          ],
          [
            -98.131979,
            30.339926
          ],
          [
            -98.131851,
            30.339912
          ],
          [
            -98.13161,
            30.339883
          ],
          [
            -98.131354,
            30.339786
          ],
          [
            -98.13112,
            30.339664
          ],
          [
            -98.130696,
            30.339404
          ],
          [
            -98.130261,
            30.339017
          ],
          [
            -98.129926,
            30.338577
          ],
          [
            -98.129436,
            30.337931
          ],
          [
            -98.129207,
            30.337541
          ],
          [
            -98.128925,
            30.336915
          ],
          [
            -98.128786,
            30.336648
          ],
          [
            -98.12862,
            30.336435
          ],
          [
            -98.12843,
            30.336273
          ],
          [
            -98.128233,
            30.336136
          ],
          [
            -98.127986,
            30.336018
          ],
          [
            -98.127841,
            30.335966
          ],
          [
            -98.127715,
            30.335933
          ],
          [
            -98.126685,
            30.335779
          ],
          [
            -98.126464,
            30.33572
          ],
          [
            -98.126219,
            30.335619
          ],
          [
            -98.125413,
            30.335201
          ],
          [
            -98.124867,
            30.33492
          ],
          [
            -98.123266,
            30.33409
          ],
          [
            -98.122233,
            30.333549
          ],
          [
            -98.121729,
            30.333295
          ],
          [
            -98.121454,
            30.333184
          ],
          [
            -98.121138,
            30.333076
          ],
          [
            -98.119998,
            30.332805
          ],
          [
            -98.119784,
            30.332727
          ],
          [
            -98.119532,
            30.332605
          ],
          [
            -98.119174,
            30.332391
          ],
          [
            -98.118036,
            30.331575
          ],
          [
            -98.117405,
            30.331139
          ],
          [
            -98.117158,
            30.330919
          ],
          [
            -98.117029,
            30.330738
          ],
          [
            -98.116416,
            30.329863
          ],
          [
            -98.116186,
            30.329578
          ],
          [
            -98.115953,
            30.329375
          ],
          [
            -98.115724,
            30.329221
          ],
          [
            -98.11549,
            30.329106
          ],
          [
            -98.114765,
            30.328817
          ],
          [
            -98.11359,
            30.328364
          ],
          [
            -98.112854,
            30.328065
          ],
          [
            -98.112284,
            30.327836
          ],
          [
            -98.111778,
            30.327567
          ],
          [
            -98.111004,
            30.327076
          ],
          [
            -98.110003,
            30.326626
          ],
          [
            -98.109177,
            30.326186
          ],
          [
            -98.108905,
            30.325989
          ],
          [
            -98.108609,
            30.325691
          ],
          [
            -98.108466,
            30.32549
          ],
          [
            -98.108312,
            30.325268
          ],
          [
            -98.107847,
            30.324486
          ],
          [
            -98.107711,
            30.32428
          ],
          [
            -98.107529,
            30.324094
          ],
          [
            -98.107245,
            30.323863
          ],
          [
            -98.106299,
            30.323194
          ],
          [
            -98.105557,
            30.322575
          ],
          [
            -98.105219,
            30.32231
          ],
          [
            -98.105053,
            30.322175
          ],
          [
            -98.104946,
            30.322074
          ],
          [
            -98.104182,
            30.321214
          ],
          [
            -98.103421,
            30.320713
          ],
          [
            -98.101854,
            30.319713
          ],
          [
            -98.099828,
            30.318382
          ],
          [
            -98.099087,
            30.317881
          ],
          [
            -98.09859,
            30.317559
          ],
          [
            -98.098175,
            30.317277
          ],
          [
            -98.097397,
            30.316748
          ],
          [
            -98.095911,
            30.315727
          ],
          [
            -98.094413,
            30.314752
          ],
          [
            -98.09302,
            30.313884
          ],
          [
            -98.092642,
            30.313649
          ],
          [
            -98.092066,
            30.313212
          ],
          [
            -98.091436,
            30.31284
          ],
          [
            -98.091,
            30.312575
          ],
          [
            -98.090812,
            30.312426
          ],
          [
            -98.090559,
            30.312153
          ],
          [
            -98.090353,
            30.311798
          ],
          [
            -98.089944,
            30.3108
          ],
          [
            -98.08976,
            30.31007
          ],
          [
            -98.089345,
            30.308809
          ],
          [
            -98.089341,
            30.307995
          ],
          [
            -98.089355,
            30.307363
          ],
          [
            -98.089356,
            30.307319
          ],
          [
            -98.089348,
            30.306737
          ],
          [
            -98.08934,
            30.306127
          ],
          [
            -98.089364,
            30.306038
          ],
          [
            -98.089593,
            30.305176
          ],
          [
            -98.089701,
            30.304817
          ],
          [
            -98.089732,
            30.304693
          ],
          [
            -98.089808,
            30.304386
          ],
          [
            -98.089843,
            30.303875
          ],
          [
            -98.089814,
            30.303733
          ],
          [
            -98.089741,
            30.30335
          ],
          [
            -98.089686,
            30.303059
          ],
          [
            -98.089525,
            30.302398
          ],
          [
            -98.089498,
            30.302239
          ],
          [
            -98.089466,
            30.302046
          ],
          [
            -98.089325,
            30.301262
          ],
          [
            -98.089282,
            30.301024
          ],
          [
            -98.089168,
            30.300391
          ],
          [
            -98.089097,
            30.300226
          ],
          [
            -98.088865,
            30.299687
          ],
          [
            -98.088484,
            30.299149
          ],
          [
            -98.087805,
            30.298112
          ],
          [
            -98.08763,
            30.297808
          ],
          [
            -98.087402,
            30.297414
          ],
          [
            -98.087087,
            30.296989
          ],
          [
            -98.086978,
            30.296842
          ],
          [
            -98.086401,
            30.295964
          ],
          [
            -98.086258,
            30.295792
          ],
          [
            -98.085178,
            30.294661
          ],
          [
            -98.084546,
            30.293971
          ],
          [
            -98.084425,
            30.293839
          ],
          [
            -98.084315,
            30.293779
          ],
          [
            -98.084243,
            30.29374
          ],
          [
            -98.083918,
            30.293563
          ],
          [
            -98.083534,
            30.293337
          ],
          [
            -98.083089,
            30.293175
          ],
          [
            -98.082504,
            30.292963
          ],
          [
            -98.082147,
            30.292834
          ],
          [
            -98.080564,
            30.292259
          ],
          [
            -98.08,
            30.292054
          ],
          [
            -98.079367,
            30.291822
          ],
          [
            -98.078546,
            30.291491
          ],
          [
            -98.078257,
            30.291374
          ],
          [
            -98.077648,
            30.291195
          ],
          [
            -98.076753,
            30.291052
          ],
          [
            -98.076732,
            30.29105
          ],
          [
            -98.074751,
            30.290919
          ],
          [
            -98.074588,
            30.290908
          ],
          [
            -98.07426,
            30.29084
          ],
          [
            -98.073829,
            30.290751
          ],
          [
            -98.070712,
            30.289352
          ],
          [
            -98.070004,
            30.289034
          ],
          [
            -98.069306,
            30.288721
          ],
          [
            -98.068317,
            30.288277
          ],
          [
            -98.068193,
            30.288221
          ],
          [
            -98.067819,
            30.28803
          ],
          [
            -98.067423,
            30.287831
          ],
          [
            -98.065806,
            30.28702
          ],
          [
            -98.065255,
            30.286744
          ],
          [
            -98.065022,
            30.286627
          ],
          [
            -98.06488,
            30.286556
          ],
          [
            -98.064724,
            30.286484
          ],
          [
            -98.063837,
            30.286078
          ],
          [
            -98.063478,
            30.285978
          ],
          [
            -98.063452,
            30.285974
          ],
          [
            -98.062919,
            30.285882
          ],
          [
            -98.062608,
            30.285857
          ],
          [
            -98.062424,
            30.285842
          ],
          [
            -98.061869,
            30.285867
          ],
          [
            -98.061307,
            30.285968
          ],
          [
            -98.059998,
            30.286255
          ],
          [
            -98.058977,
            30.286494
          ],
          [
            -98.058843,
            30.286526
          ],
          [
            -98.058003,
            30.286726
          ],
          [
            -98.057511,
            30.286843
          ],
          [
            -98.057208,
            30.286915
          ],
          [
            -98.056464,
            30.287053
          ],
          [
            -98.056137,
            30.287114
          ],
          [
            -98.055131,
            30.287244
          ],
          [
            -98.053508,
            30.287353
          ],
          [
            -98.052847,
            30.287388
          ],
          [
            -98.052514,
            30.28745
          ],
          [
            -98.052277,
            30.287494
          ],
          [
            -98.051768,
            30.287644
          ],
          [
            -98.05127,
            30.287856
          ],
          [
            -98.051202,
            30.287885
          ],
          [
            -98.050202,
            30.288412
          ],
          [
            -98.050045,
            30.288499
          ],
          [
            -98.049798,
            30.288634
          ],
          [
            -98.049707,
            30.288684
          ],
          [
            -98.049198,
            30.288963
          ],
          [
            -98.049103,
            30.289015
          ],
          [
            -98.048359,
            30.289423
          ],
          [
            -98.046784,
            30.290287
          ],
          [
            -98.046296,
            30.290528
          ],
          [
            -98.046201,
            30.290563
          ],
          [
            -98.045739,
            30.290734
          ],
          [
            -98.045292,
            30.290855
          ],
          [
            -98.04474,
            30.290984
          ],
          [
            -98.043604,
            30.291195
          ],
          [
            -98.04289,
            30.291328
          ],
          [
            -98.042349,
            30.291428
          ],
          [
            -98.041906,
            30.291488
          ],
          [
            -98.041424,
            30.291521
          ],
          [
            -98.041118,
            30.291517
          ],
          [
            -98.040965,
            30.291514
          ],
          [
            -98.040364,
            30.291473
          ],
          [
            -98.039426,
            30.291339
          ],
          [
            -98.039083,
            30.29129
          ],
          [
            -98.038937,
            30.291285
          ],
          [
            -98.038879,
            30.291283
          ],
          [
            -98.038559,
            30.291266
          ],
          [
            -98.038435,
            30.291259
          ],
          [
            -98.038377,
            30.291263
          ],
          [
            -98.038004,
            30.291283
          ],
          [
            -98.037132,
            30.291365
          ],
          [
            -98.036309,
            30.29149
          ],
          [
            -98.035434,
            30.291595
          ],
          [
            -98.034615,
            30.291694
          ],
          [
            -98.034494,
            30.291716
          ],
          [
            -98.032452,
            30.291998
          ],
          [
            -98.031857,
            30.29208
          ],
          [
            -98.030639,
            30.292213
          ],
          [
            -98.029986,
            30.292262
          ],
          [
            -98.029618,
            30.292247
          ],
          [
            -98.029173,
            30.292195
          ],
          [
            -98.02868,
            30.292088
          ],
          [
            -98.02825,
            30.292004
          ],
          [
            -98.024822,
            30.291329
          ],
          [
            -98.023547,
            30.291079
          ],
          [
            -98.023264,
            30.291023
          ],
          [
            -98.022722,
            30.290916
          ],
          [
            -98.022341,
            30.290847
          ],
          [
            -98.021976,
            30.290787
          ],
          [
            -98.021617,
            30.290748
          ],
          [
            -98.021306,
            30.290732
          ],
          [
            -98.021031,
            30.290722
          ],
          [
            -98.020805,
            30.29072
          ],
          [
            -98.020605,
            30.290727
          ],
          [
            -98.020405,
            30.290739
          ],
          [
            -98.02018,
            30.290758
          ],
          [
            -98.019946,
            30.290789
          ],
          [
            -98.019738,
            30.290828
          ],
          [
            -98.01955,
            30.290866
          ],
          [
            -98.019374,
            30.290913
          ],
          [
            -98.019219,
            30.290961
          ],
          [
            -98.019075,
            30.291009
          ],
          [
            -98.018894,
            30.291085
          ],
          [
            -98.018706,
            30.291175
          ],
          [
            -98.018513,
            30.291275
          ],
          [
            -98.018352,
            30.291372
          ],
          [
            -98.018171,
            30.291494
          ],
          [
            -98.018018,
            30.291614
          ],
          [
            -98.01788,
            30.291736
          ],
          [
            -98.017749,
            30.291857
          ],
          [
            -98.017632,
            30.291981
          ],
          [
            -98.01751,
            30.292121
          ],
          [
            -98.017394,
            30.292272
          ],
          [
            -98.017292,
            30.292439
          ],
          [
            -98.017202,
            30.292608
          ],
          [
            -98.017126,
            30.292764
          ],
          [
            -98.016831,
            30.293449
          ],
          [
            -98.016618,
            30.293916
          ],
          [
            -98.016544,
            30.294056
          ],
          [
            -98.016467,
            30.294182
          ],
          [
            -98.016383,
            30.294309
          ],
          [
            -98.016236,
            30.294516
          ],
          [
            -98.016116,
            30.294657
          ],
          [
            -98.015985,
            30.294788
          ],
          [
            -98.015845,
            30.294919
          ],
          [
            -98.015707,
            30.295034
          ],
          [
            -98.015576,
            30.295136
          ],
          [
            -98.015455,
            30.295215
          ],
          [
            -98.015294,
            30.295311
          ],
          [
            -98.015126,
            30.295402
          ],
          [
            -98.014987,
            30.295467
          ],
          [
            -98.014833,
            30.295535
          ],
          [
            -98.014633,
            30.295618
          ],
          [
            -98.014478,
            30.295667
          ],
          [
            -98.01436,
            30.295701
          ],
          [
            -98.01421,
            30.295739
          ],
          [
            -98.014022,
            30.295776
          ],
          [
            -98.013872,
            30.295797
          ],
          [
            -98.013746,
            30.295814
          ],
          [
            -98.01321,
            30.295857
          ],
          [
            -98.010709,
            30.296044
          ],
          [
            -98.010178,
            30.296088
          ],
          [
            -98.009853,
            30.296125
          ],
          [
            -98.009594,
            30.296176
          ],
          [
            -98.009355,
            30.296236
          ],
          [
            -98.009129,
            30.296307
          ],
          [
            -98.008914,
            30.296383
          ],
          [
            -98.008708,
            30.29648
          ],
          [
            -98.00852,
            30.296579
          ],
          [
            -98.008375,
            30.296663
          ],
          [
            -98.008192,
            30.296779
          ],
          [
            -98.008022,
            30.296908
          ],
          [
            -98.007813,
            30.297085
          ],
          [
            -98.007659,
            30.29724
          ],
          [
            -98.007507,
            30.297415
          ],
          [
            -98.007345,
            30.297611
          ],
          [
            -98.007121,
            30.29784
          ],
          [
            -98.006994,
            30.297961
          ],
          [
            -98.006858,
            30.298074
          ],
          [
            -98.006683,
            30.298192
          ],
          [
            -98.006525,
            30.2983
          ],
          [
            -98.006346,
            30.298405
          ],
          [
            -98.006136,
            30.298505
          ],
          [
            -98.005929,
            30.298593
          ],
          [
            -98.005739,
            30.298656
          ],
          [
            -98.005535,
            30.298722
          ],
          [
            -98.005327,
            30.298769
          ],
          [
            -98.004154,
            30.299023
          ],
          [
            -98.002325,
            30.299412
          ],
          [
            -98.002162,
            30.299451
          ],
          [
            -98.00199,
            30.299492
          ],
          [
            -98.001814,
            30.299543
          ],
          [
            -98.00162,
            30.299603
          ],
          [
            -98.001392,
            30.299685
          ],
          [
            -98.001166,
            30.299778
          ],
          [
            -98.00094,
            30.299876
          ],
          [
            -98.000772,
            30.299966
          ],
          [
            -98.000595,
            30.300068
          ],
          [
            -98.000407,
            30.300188
          ],
          [
            -98.000224,
            30.300311
          ],
          [
            -98.000092,
            30.300414
          ],
          [
            -97.999983,
            30.300494
          ],
          [
            -97.999739,
            30.300716
          ],
          [
            -97.999424,
            30.301024
          ],
          [
            -97.999209,
            30.301265
          ],
          [
            -97.999125,
            30.301386
          ],
          [
            -97.998949,
            30.301641
          ],
          [
            -97.998846,
            30.30183
          ],
          [
            -97.998769,
            30.30197
          ],
          [
            -97.998522,
            30.302518
          ],
          [
            -97.998463,
            30.302647
          ],
          [
            -97.998054,
            30.303555
          ],
          [
            -97.997811,
            30.304053
          ],
          [
            -97.997613,
            30.304461
          ],
          [
            -97.997427,
            30.304737
          ],
          [
            -97.997267,
            30.304931
          ],
          [
            -97.997126,
            30.305102
          ],
          [
            -97.996932,
            30.305268
          ],
          [
            -97.99676,
            30.305415
          ],
          [
            -97.996584,
            30.305523
          ],
          [
            -97.996407,
            30.305631
          ],
          [
            -97.996109,
            30.305784
          ],
          [
            -97.995912,
            30.30588
          ],
          [
            -97.995567,
            30.306064
          ],
          [
            -97.995453,
            30.306103
          ],
          [
            -97.995091,
            30.30628
          ],
          [
            -97.994793,
            30.306425
          ],
          [
            -97.993869,
            30.30688
          ],
          [
            -97.993407,
            30.307107
          ],
          [
            -97.99337,
            30.307125
          ],
          [
            -97.993026,
            30.3073
          ],
          [
            -97.992696,
            30.307468
          ],
          [
            -97.992533,
            30.307551
          ],
          [
            -97.992371,
            30.307623
          ],
          [
            -97.992166,
            30.307714
          ],
          [
            -97.99172,
            30.307861
          ],
          [
            -97.991358,
            30.307942
          ],
          [
            -97.990999,
            30.307991
          ],
          [
            -97.990421,
            30.30799
          ],
          [
            -97.989925,
            30.307967
          ],
          [
            -97.989622,
            30.307953
          ],
          [
            -97.989415,
            30.307944
          ],
          [
            -97.989183,
            30.307933
          ],
          [
            -97.988402,
            30.307904
          ],
          [
            -97.988034,
            30.307892
          ],
          [
            -97.987956,
            30.307889
          ],
          [
            -97.987155,
            30.307864
          ],
          [
            -97.986989,
            30.307854
          ],
          [
            -97.986789,
            30.30787
          ],
          [
            -97.986608,
            30.307853
          ],
          [
            -97.986451,
            30.30786
          ],
          [
            -97.986131,
            30.307858
          ],
          [
            -97.985986,
            30.307863
          ],
          [
            -97.985675,
            30.307852
          ],
          [
            -97.985111,
            30.307834
          ],
          [
            -97.984688,
            30.30782
          ],
          [
            -97.984465,
            30.307815
          ],
          [
            -97.983946,
            30.307787
          ],
          [
            -97.983536,
            30.307723
          ],
          [
            -97.983319,
            30.307659
          ],
          [
            -97.983242,
            30.307636
          ],
          [
            -97.983184,
            30.307616
          ],
          [
            -97.982896,
            30.307515
          ],
          [
            -97.982601,
            30.307373
          ],
          [
            -97.98212,
            30.307088
          ],
          [
            -97.981731,
            30.306822
          ],
          [
            -97.981281,
            30.306573
          ],
          [
            -97.981271,
            30.306567
          ],
          [
            -97.980793,
            30.306405
          ],
          [
            -97.980304,
            30.306307
          ],
          [
            -97.979795,
            30.306238
          ],
          [
            -97.979349,
            30.306229
          ],
          [
            -97.979245,
            30.306227
          ],
          [
            -97.978716,
            30.306271
          ],
          [
            -97.978199,
            30.306366
          ],
          [
            -97.978013,
            30.306429
          ],
          [
            -97.977771,
            30.30651
          ],
          [
            -97.97744,
            30.30665
          ],
          [
            -97.976877,
            30.3069
          ],
          [
            -97.976761,
            30.306938
          ],
          [
            -97.97639,
            30.30706
          ],
          [
            -97.975912,
            30.307189
          ],
          [
            -97.975359,
            30.307276
          ],
          [
            -97.974905,
            30.307315
          ],
          [
            -97.974773,
            30.307326
          ],
          [
            -97.974168,
            30.307328
          ],
          [
            -97.973626,
            30.307295
          ],
          [
            -97.97316,
            30.307232
          ],
          [
            -97.972813,
            30.307184
          ],
          [
            -97.972331,
            30.307119
          ],
          [
            -97.972097,
            30.307087
          ],
          [
            -97.971919,
            30.307071
          ],
          [
            -97.971581,
            30.307042
          ],
          [
            -97.971464,
            30.307048
          ],
          [
            -97.971183,
            30.307064
          ],
          [
            -97.970923,
            30.307091
          ],
          [
            -97.970608,
            30.307155
          ],
          [
            -97.970265,
            30.30723
          ],
          [
            -97.970237,
            30.307239
          ],
          [
            -97.970052,
            30.307299
          ],
          [
            -97.969778,
            30.307405
          ],
          [
            -97.969143,
            30.307722
          ],
          [
            -97.96681,
            30.308859
          ],
          [
            -97.966621,
            30.308951
          ],
          [
            -97.966408,
            30.309069
          ],
          [
            -97.96613,
            30.309257
          ],
          [
            -97.965976,
            30.309386
          ],
          [
            -97.965703,
            30.309527
          ],
          [
            -97.965574,
            30.309645
          ],
          [
            -97.965529,
            30.309692
          ],
          [
            -97.965384,
            30.309819
          ],
          [
            -97.965313,
            30.309854
          ],
          [
            -97.965131,
            30.309875
          ],
          [
            -97.964731,
            30.30986
          ],
          [
            -97.963904,
            30.309687
          ],
          [
            -97.963875,
            30.309681
          ],
          [
            -97.963693,
            30.309642
          ],
          [
            -97.963377,
            30.30958
          ],
          [
            -97.96319,
            30.309543
          ],
          [
            -97.963023,
            30.30951
          ],
          [
            -97.962968,
            30.309498
          ],
          [
            -97.962482,
            30.309395
          ],
          [
            -97.962032,
            30.3093
          ],
          [
            -97.961562,
            30.309201
          ],
          [
            -97.961512,
            30.30919
          ],
          [
            -97.961222,
            30.309129
          ],
          [
            -97.961058,
            30.309094
          ],
          [
            -97.960567,
            30.30899
          ],
          [
            -97.960211,
            30.308913
          ],
          [
            -97.959839,
            30.308833
          ],
          [
            -97.959462,
            30.308751
          ],
          [
            -97.957347,
            30.308295
          ],
          [
            -97.956616,
            30.308157
          ],
          [
            -97.956194,
            30.308093
          ],
          [
            -97.955562,
            30.308026
          ],
          [
            -97.955105,
            30.308003
          ],
          [
            -97.954623,
            30.307996
          ],
          [
            -97.9541,
            30.308
          ],
          [
            -97.95281,
            30.308079
          ],
          [
            -97.952255,
            30.308118
          ],
          [
            -97.951137,
            30.308184
          ],
          [
            -97.950781,
            30.308205
          ],
          [
            -97.950302,
            30.308233
          ],
          [
            -97.949826,
            30.308263
          ],
          [
            -97.949448,
            30.308286
          ],
          [
            -97.949029,
            30.308314
          ],
          [
            -97.948587,
            30.308293
          ],
          [
            -97.947828,
            30.308337
          ],
          [
            -97.947843,
            30.30846
          ],
          [
            -97.947878,
            30.308888
          ],
          [
            -97.947879,
            30.308897
          ],
          [
            -97.94789,
            30.309094
          ],
          [
            -97.947887,
            30.309277
          ],
          [
            -97.947884,
            30.30932
          ],
          [
            -97.947879,
            30.309377
          ],
          [
            -97.947847,
            30.309481
          ],
          [
            -97.94778,
            30.309576
          ],
          [
            -97.947654,
            30.309673
          ],
          [
            -97.947584,
            30.309697
          ],
          [
            -97.947501,
            30.309719
          ],
          [
            -97.947337,
            30.309754
          ],
          [
            -97.947178,
            30.309791
          ],
          [
            -97.947201,
            30.309848
          ],
          [
            -97.947216,
            30.309897
          ],
          [
            -97.947231,
            30.309949
          ],
          [
            -97.947236,
            30.309983
          ],
          [
            -97.947255,
            30.310098
          ],
          [
            -97.947282,
            30.310378
          ],
          [
            -97.947066,
            30.310388
          ],
          [
            -97.947085,
            30.310495
          ],
          [
            -97.947077,
            30.310657
          ],
          [
            -97.946996,
            30.310777
          ],
          [
            -97.946926,
            30.310841
          ],
          [
            -97.946912,
            30.310854
          ],
          [
            -97.946752,
            30.310952
          ],
          [
            -97.946524,
            30.311075
          ],
          [
            -97.946193,
            30.311239
          ],
          [
            -97.946224,
            30.311322
          ],
          [
            -97.946366,
            30.311614
          ],
          [
            -97.946459,
            30.311806
          ],
          [
            -97.946886,
            30.312371
          ],
          [
            -97.94691,
            30.312396
          ],
          [
            -97.947177,
            30.312668
          ],
          [
            -97.947203,
            30.312694
          ],
          [
            -97.947269,
            30.312761
          ],
          [
            -97.947299,
            30.312792
          ],
          [
            -97.947867,
            30.31337
          ],
          [
            -97.948213,
            30.313722
          ],
          [
            -97.948504,
            30.314018
          ],
          [
            -97.948526,
            30.314049
          ],
          [
            -97.948792,
            30.314422
          ],
          [
            -97.949039,
            30.314807
          ],
          [
            -97.949048,
            30.314824
          ],
          [
            -97.949112,
            30.314945
          ],
          [
            -97.949166,
            30.315045
          ],
          [
            -97.949221,
            30.315149
          ],
          [
            -97.949271,
            30.315251
          ],
          [
            -97.949409,
            30.315529
          ],
          [
            -97.949434,
            30.315601
          ],
          [
            -97.949516,
            30.315876
          ],
          [
            -97.949638,
            30.316283
          ],
          [
            -97.949664,
            30.316372
          ],
          [
            -97.949699,
            30.316495
          ],
          [
            -97.949973,
            30.317299
          ],
          [
            -97.950082,
            30.317516
          ],
          [
            -97.950221,
            30.317795
          ],
          [
            -97.95033,
            30.317931
          ],
          [
            -97.950469,
            30.318106
          ],
          [
            -97.950655,
            30.318338
          ],
          [
            -97.950926,
            30.31857
          ],
          [
            -97.951289,
            30.318881
          ],
          [
            -97.951524,
            30.319044
          ],
          [
            -97.951803,
            30.319236
          ],
          [
            -97.952538,
            30.319744
          ],
          [
            -97.952773,
            30.3199
          ],
          [
            -97.952957,
            30.320023
          ],
          [
            -97.95338,
            30.320304
          ],
          [
            -97.95383,
            30.320602
          ],
          [
            -97.954194,
            30.320844
          ],
          [
            -97.95426,
            30.320896
          ],
          [
            -97.955092,
            30.321478
          ],
          [
            -97.955458,
            30.321758
          ],
          [
            -97.955653,
            30.321995
          ],
          [
            -97.95585,
            30.322232
          ],
          [
            -97.956026,
            30.322479
          ],
          [
            -97.956693,
            30.323415
          ],
          [
            -97.956847,
            30.32363
          ],
          [
            -97.956993,
            30.323836
          ],
          [
            -97.957057,
            30.323925
          ],
          [
            -97.957066,
            30.323936
          ],
          [
            -97.957235,
            30.324142
          ],
          [
            -97.957331,
            30.324256
          ],
          [
            -97.957379,
            30.324307
          ],
          [
            -97.957543,
            30.32448
          ],
          [
            -97.957749,
            30.324712
          ],
          [
            -97.958116,
            30.324952
          ],
          [
            -97.958243,
            30.325014
          ],
          [
            -97.958626,
            30.325204
          ],
          [
            -97.958788,
            30.325264
          ],
          [
            -97.959084,
            30.325373
          ],
          [
            -97.959393,
            30.325434
          ],
          [
            -97.959527,
            30.325461
          ],
          [
            -97.960166,
            30.325598
          ],
          [
            -97.960641,
            30.3257
          ],
          [
            -97.961576,
            30.3259
          ],
          [
            -97.96221,
            30.326076
          ],
          [
            -97.962795,
            30.326267
          ],
          [
            -97.963209,
            30.326461
          ],
          [
            -97.963613,
            30.326754
          ],
          [
            -97.963796,
            30.326904
          ],
          [
            -97.963944,
            30.327053
          ],
          [
            -97.96404,
            30.327149
          ],
          [
            -97.964288,
            30.327459
          ],
          [
            -97.96433,
            30.327511
          ],
          [
            -97.964423,
            30.327622
          ],
          [
            -97.965173,
            30.32858
          ],
          [
            -97.96572,
            30.329279
          ],
          [
            -97.966413,
            30.32991
          ],
          [
            -97.966928,
            30.330436
          ],
          [
            -97.967107,
            30.33071
          ],
          [
            -97.96729,
            30.330991
          ],
          [
            -97.967374,
            30.331168
          ],
          [
            -97.96759,
            30.331622
          ],
          [
            -97.967966,
            30.332445
          ],
          [
            -97.968015,
            30.33256
          ],
          [
            -97.968324,
            30.333243
          ],
          [
            -97.96889,
            30.334496
          ],
          [
            -97.968939,
            30.334601
          ],
          [
            -97.969366,
            30.335473
          ],
          [
            -97.969563,
            30.335958
          ],
          [
            -97.969755,
            30.336635
          ],
          [
            -97.969856,
            30.337253
          ],
          [
            -97.969879,
            30.33788
          ],
          [
            -97.969853,
            30.338408
          ],
          [
            -97.969756,
            30.338806
          ],
          [
            -97.969436,
            30.339689
          ],
          [
            -97.969184,
            30.340128
          ],
          [
            -97.968688,
            30.340854
          ],
          [
            -97.968608,
            30.340954
          ],
          [
            -97.968541,
            30.341045
          ],
          [
            -97.968076,
            30.341676
          ],
          [
            -97.967974,
            30.341816
          ],
          [
            -97.967807,
            30.342041
          ],
          [
            -97.967751,
            30.34212
          ],
          [
            -97.967296,
            30.342754
          ],
          [
            -97.96725,
            30.342817
          ],
          [
            -97.967101,
            30.343011
          ],
          [
            -97.967055,
            30.343076
          ],
          [
            -97.966971,
            30.343194
          ],
          [
            -97.96679,
            30.343445
          ],
          [
            -97.966575,
            30.343756
          ],
          [
            -97.96616,
            30.344312
          ],
          [
            -97.965698,
            30.34498
          ],
          [
            -97.965622,
            30.345082
          ],
          [
            -97.965514,
            30.345136
          ],
          [
            -97.965229,
            30.345545
          ],
          [
            -97.965129,
            30.345685
          ],
          [
            -97.965037,
            30.345815
          ],
          [
            -97.964932,
            30.345968
          ],
          [
            -97.96486,
            30.346064
          ],
          [
            -97.964741,
            30.34624
          ],
          [
            -97.964476,
            30.346698
          ],
          [
            -97.96443,
            30.346766
          ],
          [
            -97.964286,
            30.347052
          ],
          [
            -97.964158,
            30.347325
          ],
          [
            -97.96403,
            30.347647
          ],
          [
            -97.963966,
            30.347826
          ],
          [
            -97.963818,
            30.348343
          ],
          [
            -97.963794,
            30.348407
          ],
          [
            -97.963757,
            30.348506
          ],
          [
            -97.963702,
            30.348767
          ],
          [
            -97.963673,
            30.348863
          ],
          [
            -97.963593,
            30.349109
          ],
          [
            -97.963532,
            30.349409
          ],
          [
            -97.963506,
            30.349515
          ],
          [
            -97.963472,
            30.349632
          ],
          [
            -97.963421,
            30.349845
          ],
          [
            -97.963374,
            30.349987
          ],
          [
            -97.963294,
            30.350317
          ],
          [
            -97.963168,
            30.350783
          ],
          [
            -97.963059,
            30.351148
          ],
          [
            -97.96291,
            30.351558
          ],
          [
            -97.962877,
            30.351649
          ],
          [
            -97.962836,
            30.351734
          ],
          [
            -97.962762,
            30.351868
          ],
          [
            -97.962649,
            30.352096
          ],
          [
            -97.962605,
            30.352183
          ],
          [
            -97.962205,
            30.352873
          ],
          [
            -97.96196,
            30.353311
          ],
          [
            -97.961558,
            30.354015
          ],
          [
            -97.961542,
            30.354107
          ],
          [
            -97.961446,
            30.354249
          ],
          [
            -97.961223,
            30.354483
          ],
          [
            -97.960839,
            30.354915
          ],
          [
            -97.960716,
            30.355038
          ],
          [
            -97.960599,
            30.355153
          ],
          [
            -97.960527,
            30.355226
          ],
          [
            -97.959809,
            30.35599
          ],
          [
            -97.958664,
            30.357145
          ],
          [
            -97.958427,
            30.357349
          ],
          [
            -97.958225,
            30.357445
          ],
          [
            -97.958015,
            30.357584
          ],
          [
            -97.957634,
            30.3578
          ],
          [
            -97.956979,
            30.358091
          ],
          [
            -97.956899,
            30.358124
          ],
          [
            -97.956522,
            30.358284
          ],
          [
            -97.956225,
            30.358413
          ],
          [
            -97.955592,
            30.358686
          ],
          [
            -97.955354,
            30.358794
          ],
          [
            -97.955244,
            30.358849
          ],
          [
            -97.955141,
            30.358957
          ],
          [
            -97.954792,
            30.359165
          ],
          [
            -97.95449,
            30.359408
          ],
          [
            -97.954264,
            30.359667
          ],
          [
            -97.954071,
            30.35989
          ],
          [
            -97.953954,
            30.360064
          ],
          [
            -97.953826,
            30.360254
          ],
          [
            -97.953664,
            30.360587
          ],
          [
            -97.953471,
            30.361099
          ],
          [
            -97.953248,
            30.36162
          ],
          [
            -97.953039,
            30.362116
          ],
          [
            -97.952838,
            30.362592
          ],
          [
            -97.952461,
            30.363484
          ],
          [
            -97.952261,
            30.363981
          ],
          [
            -97.95218,
            30.364208
          ],
          [
            -97.952012,
            30.364639
          ],
          [
            -97.951964,
            30.364764
          ],
          [
            -97.951933,
            30.364826
          ],
          [
            -97.951896,
            30.364899
          ],
          [
            -97.951783,
            30.365095
          ],
          [
            -97.951709,
            30.365223
          ],
          [
            -97.951614,
            30.365388
          ],
          [
            -97.951441,
            30.365689
          ],
          [
            -97.951371,
            30.365799
          ],
          [
            -97.951347,
            30.365837
          ],
          [
            -97.951256,
            30.365982
          ],
          [
            -97.951129,
            30.366183
          ],
          [
            -97.951103,
            30.366224
          ],
          [
            -97.950922,
            30.366504
          ],
          [
            -97.950806,
            30.366683
          ],
          [
            -97.950663,
            30.366902
          ],
          [
            -97.950542,
            30.367089
          ],
          [
            -97.950404,
            30.367302
          ],
          [
            -97.950303,
            30.367458
          ],
          [
            -97.949841,
            30.368115
          ],
          [
            -97.949442,
            30.368767
          ],
          [
            -97.949147,
            30.369218
          ],
          [
            -97.949038,
            30.369385
          ],
          [
            -97.948733,
            30.36986
          ],
          [
            -97.948575,
            30.370106
          ],
          [
            -97.948329,
            30.37058
          ],
          [
            -97.948013,
            30.371285
          ],
          [
            -97.947927,
            30.371563
          ],
          [
            -97.947842,
            30.371837
          ],
          [
            -97.947725,
            30.372291
          ],
          [
            -97.947577,
            30.372844
          ],
          [
            -97.947208,
            30.374227
          ],
          [
            -97.947183,
            30.374322
          ],
          [
            -97.947007,
            30.375006
          ],
          [
            -97.946864,
            30.375563
          ],
          [
            -97.946799,
            30.375817
          ],
          [
            -97.946734,
            30.376068
          ],
          [
            -97.946622,
            30.37652
          ],
          [
            -97.946521,
            30.376897
          ],
          [
            -97.946318,
            30.377639
          ],
          [
            -97.9463,
            30.377692
          ],
          [
            -97.946253,
            30.377832
          ],
          [
            -97.946157,
            30.378119
          ],
          [
            -97.946037,
            30.378419
          ],
          [
            -97.945932,
            30.378681
          ],
          [
            -97.945733,
            30.379085
          ],
          [
            -97.945635,
            30.379279
          ],
          [
            -97.945291,
            30.379821
          ],
          [
            -97.944834,
            30.380427
          ],
          [
            -97.944405,
            30.380933
          ],
          [
            -97.944167,
            30.381213
          ],
          [
            -97.944067,
            30.381332
          ],
          [
            -97.944017,
            30.38139
          ],
          [
            -97.943883,
            30.381557
          ],
          [
            -97.943833,
            30.381618
          ],
          [
            -97.943692,
            30.381793
          ],
          [
            -97.943603,
            30.381902
          ],
          [
            -97.943555,
            30.381973
          ],
          [
            -97.94332,
            30.382318
          ],
          [
            -97.943242,
            30.382506
          ],
          [
            -97.943154,
            30.382719
          ],
          [
            -97.943014,
            30.383241
          ],
          [
            -97.943008,
            30.383275
          ],
          [
            -97.943,
            30.383321
          ],
          [
            -97.942985,
            30.38341
          ],
          [
            -97.942924,
            30.383778
          ],
          [
            -97.942775,
            30.384615
          ],
          [
            -97.942715,
            30.385217
          ],
          [
            -97.942715,
            30.385279
          ],
          [
            -97.942715,
            30.385327
          ],
          [
            -97.942712,
            30.385968
          ],
          [
            -97.942684,
            30.386179
          ],
          [
            -97.942669,
            30.386292
          ],
          [
            -97.942624,
            30.38645
          ],
          [
            -97.942568,
            30.386744
          ],
          [
            -97.942404,
            30.387096
          ],
          [
            -97.942252,
            30.387395
          ],
          [
            -97.94164,
            30.388247
          ],
          [
            -97.941417,
            30.388585
          ],
          [
            -97.941051,
            30.389136
          ],
          [
            -97.940812,
            30.389448
          ],
          [
            -97.940719,
            30.389567
          ],
          [
            -97.940411,
            30.389844
          ],
          [
            -97.940147,
            30.390051
          ],
          [
            -97.940064,
            30.390115
          ],
          [
            -97.939773,
            30.390312
          ],
          [
            -97.938913,
            30.390773
          ],
          [
            -97.938823,
            30.390827
          ],
          [
            -97.938568,
            30.390969
          ],
          [
            -97.938299,
            30.391119
          ],
          [
            -97.937322,
            30.391654
          ],
          [
            -97.937102,
            30.391781
          ],
          [
            -97.936764,
            30.392002
          ],
          [
            -97.936074,
            30.392474
          ],
          [
            -97.935483,
            30.392974
          ],
          [
            -97.935007,
            30.393399
          ],
          [
            -97.934857,
            30.393533
          ],
          [
            -97.934805,
            30.393579
          ],
          [
            -97.934774,
            30.393614
          ],
          [
            -97.934328,
            30.394125
          ],
          [
            -97.933967,
            30.394538
          ],
          [
            -97.933886,
            30.394631
          ],
          [
            -97.933806,
            30.394723
          ],
          [
            -97.933041,
            30.395658
          ],
          [
            -97.932877,
            30.395858
          ],
          [
            -97.932637,
            30.39612
          ],
          [
            -97.932575,
            30.396187
          ],
          [
            -97.93234,
            30.396443
          ],
          [
            -97.932305,
            30.396482
          ],
          [
            -97.93214,
            30.396612
          ],
          [
            -97.931943,
            30.396766
          ],
          [
            -97.931768,
            30.396869
          ],
          [
            -97.931736,
            30.396888
          ],
          [
            -97.931418,
            30.397077
          ],
          [
            -97.930911,
            30.397303
          ],
          [
            -97.93068,
            30.397407
          ],
          [
            -97.930359,
            30.397508
          ],
          [
            -97.930143,
            30.397561
          ],
          [
            -97.929824,
            30.397615
          ],
          [
            -97.929621,
            30.397632
          ],
          [
            -97.929417,
            30.397649
          ],
          [
            -97.928894,
            30.397636
          ],
          [
            -97.92823,
            30.397569
          ],
          [
            -97.927688,
            30.397499
          ],
          [
            -97.92737,
            30.397449
          ],
          [
            -97.926602,
            30.39733
          ],
          [
            -97.926299,
            30.397283
          ],
          [
            -97.925131,
            30.397069
          ],
          [
            -97.924835,
            30.397019
          ],
          [
            -97.923342,
            30.39681
          ],
          [
            -97.923104,
            30.39679
          ],
          [
            -97.922784,
            30.396763
          ],
          [
            -97.921986,
            30.396707
          ],
          [
            -97.920776,
            30.396685
          ],
          [
            -97.920384,
            30.396691
          ],
          [
            -97.918744,
            30.396682
          ],
          [
            -97.918178,
            30.396659
          ],
          [
            -97.917752,
            30.396616
          ],
          [
            -97.917183,
            30.396523
          ],
          [
            -97.916624,
            30.396396
          ],
          [
            -97.916581,
            30.396386
          ],
          [
            -97.916176,
            30.396252
          ],
          [
            -97.915887,
            30.396157
          ],
          [
            -97.915406,
            30.395998
          ],
          [
            -97.91526,
            30.39595
          ],
          [
            -97.914688,
            30.395752
          ],
          [
            -97.913914,
            30.395469
          ],
          [
            -97.913631,
            30.395339
          ],
          [
            -97.913184,
            30.39512
          ],
          [
            -97.91257,
            30.394724
          ],
          [
            -97.912236,
            30.394462
          ],
          [
            -97.911866,
            30.394155
          ],
          [
            -97.911504,
            30.3938
          ],
          [
            -97.91124,
            30.3935
          ],
          [
            -97.910832,
            30.392972
          ],
          [
            -97.908375,
            30.389212
          ],
          [
            -97.908086,
            30.388817
          ],
          [
            -97.907843,
            30.38855
          ],
          [
            -97.907559,
            30.388276
          ],
          [
            -97.906887,
            30.387798
          ],
          [
            -97.906504,
            30.38762
          ],
          [
            -97.906169,
            30.387495
          ],
          [
            -97.905788,
            30.387364
          ],
          [
            -97.905386,
            30.387262
          ],
          [
            -97.905006,
            30.387203
          ],
          [
            -97.9045,
            30.387164
          ],
          [
            -97.904027,
            30.387171
          ],
          [
            -97.903507,
            30.387222
          ],
          [
            -97.900008,
            30.387566
          ],
          [
            -97.899578,
            30.387609
          ],
          [
            -97.899068,
            30.387653
          ],
          [
            -97.898558,
            30.387654
          ],
          [
            -97.89749,
            30.387538
          ],
          [
            -97.897393,
            30.387528
          ],
          [
            -97.897098,
            30.387493
          ],
          [
            -97.897051,
            30.387488
          ],
          [
            -97.896923,
            30.387478
          ],
          [
            -97.896417,
            30.387436
          ],
          [
            -97.895714,
            30.387445
          ],
          [
            -97.895063,
            30.387494
          ],
          [
            -97.894101,
            30.387694
          ],
          [
            -97.893183,
            30.387931
          ],
          [
            -97.892536,
            30.388191
          ],
          [
            -97.892213,
            30.388377
          ],
          [
            -97.891758,
            30.388619
          ],
          [
            -97.891286,
            30.388938
          ],
          [
            -97.890866,
            30.389212
          ],
          [
            -97.890811,
            30.389254
          ],
          [
            -97.890531,
            30.389471
          ],
          [
            -97.890461,
            30.389529
          ],
          [
            -97.889913,
            30.389982
          ],
          [
            -97.889429,
            30.390361
          ],
          [
            -97.88926,
            30.390463
          ],
          [
            -97.889135,
            30.39053
          ],
          [
            -97.889024,
            30.39059
          ],
          [
            -97.888806,
            30.390707
          ],
          [
            -97.888402,
            30.390863
          ],
          [
            -97.888053,
            30.390953
          ],
          [
            -97.887633,
            30.391012
          ],
          [
            -97.887265,
            30.391025
          ],
          [
            -97.886986,
            30.391018
          ],
          [
            -97.886681,
            30.391015
          ],
          [
            -97.886156,
            30.390915
          ],
          [
            -97.88593,
            30.390855
          ],
          [
            -97.885762,
            30.390792
          ],
          [
            -97.884779,
            30.390423
          ],
          [
            -97.884581,
            30.390352
          ],
          [
            -97.884543,
            30.390338
          ],
          [
            -97.883665,
            30.389991
          ],
          [
            -97.883583,
            30.389958
          ],
          [
            -97.882706,
            30.3898
          ],
          [
            -97.882337,
            30.389782
          ],
          [
            -97.882167,
            30.389782
          ],
          [
            -97.882148,
            30.389783
          ],
          [
            -97.881703,
            30.389813
          ],
          [
            -97.881249,
            30.389882
          ],
          [
            -97.880653,
            30.390087
          ],
          [
            -97.880265,
            30.39029
          ],
          [
            -97.879625,
            30.390702
          ],
          [
            -97.878755,
            30.391319
          ],
          [
            -97.878338,
            30.391614
          ],
          [
            -97.877699,
            30.391967
          ],
          [
            -97.877152,
            30.39224
          ],
          [
            -97.876318,
            30.39261
          ],
          [
            -97.875219,
            30.392998
          ],
          [
            -97.874892,
            30.393099
          ],
          [
            -97.874515,
            30.393176
          ],
          [
            -97.874108,
            30.393264
          ],
          [
            -97.869872,
            30.394185
          ],
          [
            -97.869724,
            30.394216
          ],
          [
            -97.869189,
            30.394333
          ],
          [
            -97.869003,
            30.394314
          ],
          [
            -97.868082,
            30.394506
          ],
          [
            -97.866932,
            30.394725
          ],
          [
            -97.866748,
            30.394761
          ],
          [
            -97.865473,
            30.395004
          ],
          [
            -97.864989,
            30.395096
          ],
          [
            -97.86435,
            30.395218
          ],
          [
            -97.864158,
            30.39531
          ],
          [
            -97.863894,
            30.395361
          ],
          [
            -97.86281,
            30.395623
          ],
          [
            -97.862658,
            30.395669
          ],
          [
            -97.861265,
            30.39609
          ],
          [
            -97.86109,
            30.396096
          ],
          [
            -97.859419,
            30.396601
          ],
          [
            -97.858551,
            30.39688
          ],
          [
            -97.858371,
            30.396948
          ],
          [
            -97.858157,
            30.397044
          ],
          [
            -97.857939,
            30.397154
          ],
          [
            -97.857718,
            30.397295
          ],
          [
            -97.85751,
            30.397447
          ],
          [
            -97.857316,
            30.397622
          ],
          [
            -97.857088,
            30.397873
          ],
          [
            -97.856941,
            30.398088
          ],
          [
            -97.856917,
            30.398213
          ],
          [
            -97.856857,
            30.398317
          ],
          [
            -97.856648,
            30.398715
          ],
          [
            -97.856325,
            30.399333
          ],
          [
            -97.855996,
            30.399961
          ],
          [
            -97.855781,
            30.400372
          ],
          [
            -97.855683,
            30.400558
          ],
          [
            -97.855598,
            30.400721
          ],
          [
            -97.855413,
            30.401076
          ],
          [
            -97.855155,
            30.401568
          ],
          [
            -97.855051,
            30.401766
          ],
          [
            -97.854992,
            30.401879
          ],
          [
            -97.854937,
            30.401985
          ],
          [
            -97.854814,
            30.40222
          ],
          [
            -97.854779,
            30.402286
          ],
          [
            -97.854599,
            30.402631
          ],
          [
            -97.854476,
            30.402865
          ],
          [
            -97.854417,
            30.402978
          ],
          [
            -97.854243,
            30.40331
          ],
          [
            -97.854111,
            30.403563
          ],
          [
            -97.854064,
            30.403653
          ],
          [
            -97.853994,
            30.403786
          ],
          [
            -97.853838,
            30.404073
          ],
          [
            -97.853705,
            30.404333
          ],
          [
            -97.853555,
            30.404627
          ],
          [
            -97.853415,
            30.404899
          ],
          [
            -97.853186,
            30.405327
          ],
          [
            -97.852697,
            30.406251
          ],
          [
            -97.852589,
            30.406455
          ],
          [
            -97.852531,
            30.406558
          ],
          [
            -97.852473,
            30.406661
          ],
          [
            -97.852443,
            30.406723
          ],
          [
            -97.852271,
            30.407078
          ],
          [
            -97.85215,
            30.407327
          ],
          [
            -97.852112,
            30.407404
          ],
          [
            -97.851851,
            30.40793
          ],
          [
            -97.851795,
            30.408041
          ],
          [
            -97.851724,
            30.408183
          ],
          [
            -97.851637,
            30.408359
          ],
          [
            -97.851594,
            30.408445
          ],
          [
            -97.851554,
            30.408525
          ],
          [
            -97.851456,
            30.408724
          ],
          [
            -97.85142,
            30.408796
          ],
          [
            -97.851329,
            30.408979
          ],
          [
            -97.851205,
            30.409229
          ],
          [
            -97.851196,
            30.409246
          ],
          [
            -97.851138,
            30.409361
          ],
          [
            -97.85109,
            30.409458
          ],
          [
            -97.850947,
            30.409741
          ],
          [
            -97.850905,
            30.409824
          ],
          [
            -97.850799,
            30.410036
          ],
          [
            -97.850712,
            30.410209
          ],
          [
            -97.850625,
            30.410382
          ],
          [
            -97.850545,
            30.410539
          ],
          [
            -97.850534,
            30.410561
          ],
          [
            -97.850484,
            30.41066
          ],
          [
            -97.850429,
            30.41077
          ],
          [
            -97.850382,
            30.410864
          ],
          [
            -97.850288,
            30.41105
          ],
          [
            -97.850262,
            30.411102
          ],
          [
            -97.850162,
            30.411298
          ],
          [
            -97.849963,
            30.411693
          ],
          [
            -97.849933,
            30.411753
          ],
          [
            -97.84991,
            30.411795
          ],
          [
            -97.849834,
            30.411942
          ],
          [
            -97.849712,
            30.412174
          ],
          [
            -97.849692,
            30.412209
          ],
          [
            -97.849624,
            30.412328
          ],
          [
            -97.849092,
            30.41337
          ],
          [
            -97.849053,
            30.413446
          ],
          [
            -97.848443,
            30.414633
          ],
          [
            -97.847981,
            30.415536
          ],
          [
            -97.847631,
            30.416205
          ],
          [
            -97.847554,
            30.416353
          ],
          [
            -97.847525,
            30.416408
          ],
          [
            -97.847343,
            30.416757
          ],
          [
            -97.847284,
            30.416877
          ],
          [
            -97.847146,
            30.417156
          ],
          [
            -97.847047,
            30.417357
          ],
          [
            -97.846999,
            30.417455
          ],
          [
            -97.846932,
            30.417591
          ],
          [
            -97.846902,
            30.417652
          ],
          [
            -97.846804,
            30.417852
          ],
          [
            -97.846516,
            30.418437
          ],
          [
            -97.846447,
            30.418577
          ],
          [
            -97.8464,
            30.418671
          ],
          [
            -97.846261,
            30.418946
          ],
          [
            -97.846139,
            30.419187
          ],
          [
            -97.845832,
            30.419799
          ],
          [
            -97.845631,
            30.420233
          ],
          [
            -97.84555,
            30.42045
          ],
          [
            -97.845282,
            30.421207
          ],
          [
            -97.845155,
            30.421553
          ],
          [
            -97.845064,
            30.421788
          ],
          [
            -97.845043,
            30.421845
          ],
          [
            -97.84501,
            30.421937
          ],
          [
            -97.844984,
            30.422014
          ],
          [
            -97.844649,
            30.423027
          ],
          [
            -97.844635,
            30.42307
          ],
          [
            -97.844488,
            30.423503
          ],
          [
            -97.844073,
            30.424727
          ],
          [
            -97.844045,
            30.424804
          ],
          [
            -97.843485,
            30.426393
          ],
          [
            -97.843383,
            30.426699
          ],
          [
            -97.843316,
            30.426905
          ],
          [
            -97.843168,
            30.427355
          ],
          [
            -97.84313,
            30.427472
          ],
          [
            -97.842953,
            30.428006
          ],
          [
            -97.842759,
            30.428589
          ],
          [
            -97.842748,
            30.428623
          ],
          [
            -97.842722,
            30.428701
          ],
          [
            -97.84267,
            30.428857
          ],
          [
            -97.842644,
            30.428935
          ],
          [
            -97.842427,
            30.429574
          ],
          [
            -97.842376,
            30.429724
          ],
          [
            -97.842069,
            30.430634
          ],
          [
            -97.841979,
            30.430871
          ],
          [
            -97.841726,
            30.431538
          ],
          [
            -97.841458,
            30.432362
          ],
          [
            -97.841433,
            30.432444
          ],
          [
            -97.841238,
            30.43308
          ],
          [
            -97.84119,
            30.433221
          ],
          [
            -97.840937,
            30.433906
          ],
          [
            -97.840822,
            30.434229
          ],
          [
            -97.840702,
            30.434484
          ],
          [
            -97.840629,
            30.434638
          ],
          [
            -97.840541,
            30.434824
          ],
          [
            -97.840414,
            30.435038
          ],
          [
            -97.840303,
            30.435223
          ],
          [
            -97.840156,
            30.435447
          ],
          [
            -97.839899,
            30.435747
          ],
          [
            -97.839582,
            30.436071
          ],
          [
            -97.839031,
            30.436634
          ],
          [
            -97.838976,
            30.436692
          ],
          [
            -97.838776,
            30.436902
          ],
          [
            -97.838562,
            30.437128
          ],
          [
            -97.838467,
            30.43723
          ],
          [
            -97.838228,
            30.437482
          ],
          [
            -97.83763,
            30.438114
          ],
          [
            -97.837556,
            30.438192
          ],
          [
            -97.837249,
            30.438516
          ],
          [
            -97.837235,
            30.438531
          ],
          [
            -97.836703,
            30.439052
          ],
          [
            -97.836588,
            30.439164
          ],
          [
            -97.836261,
            30.439501
          ],
          [
            -97.835772,
            30.440005
          ],
          [
            -97.835718,
            30.440061
          ],
          [
            -97.835542,
            30.440213
          ],
          [
            -97.835031,
            30.440697
          ],
          [
            -97.834352,
            30.441439
          ],
          [
            -97.83404,
            30.441849
          ],
          [
            -97.834032,
            30.44186
          ],
          [
            -97.833797,
            30.4422
          ],
          [
            -97.833638,
            30.442491
          ],
          [
            -97.833581,
            30.442591
          ],
          [
            -97.833517,
            30.442705
          ],
          [
            -97.833452,
            30.44283
          ],
          [
            -97.83341,
            30.442924
          ],
          [
            -97.833223,
            30.443292
          ],
          [
            -97.833119,
            30.443505
          ],
          [
            -97.833066,
            30.443623
          ],
          [
            -97.832823,
            30.444155
          ],
          [
            -97.832768,
            30.444273
          ],
          [
            -97.832708,
            30.444403
          ],
          [
            -97.832576,
            30.444691
          ],
          [
            -97.832199,
            30.445506
          ],
          [
            -97.832096,
            30.445707
          ],
          [
            -97.831961,
            30.445968
          ],
          [
            -97.83187,
            30.446146
          ],
          [
            -97.831757,
            30.446365
          ],
          [
            -97.831724,
            30.446429
          ],
          [
            -97.831698,
            30.446481
          ],
          [
            -97.831589,
            30.446701
          ],
          [
            -97.831237,
            30.447409
          ],
          [
            -97.831056,
            30.447773
          ],
          [
            -97.831031,
            30.447821
          ],
          [
            -97.831016,
            30.447852
          ],
          [
            -97.830874,
            30.448137
          ],
          [
            -97.830791,
            30.448332
          ],
          [
            -97.830732,
            30.448473
          ],
          [
            -97.830606,
            30.448721
          ],
          [
            -97.830268,
            30.449382
          ],
          [
            -97.83022,
            30.449476
          ],
          [
            -97.830054,
            30.449821
          ],
          [
            -97.829921,
            30.450093
          ],
          [
            -97.829789,
            30.450363
          ],
          [
            -97.829679,
            30.450588
          ],
          [
            -97.829665,
            30.450616
          ],
          [
            -97.829631,
            30.45068
          ],
          [
            -97.829506,
            30.450919
          ],
          [
            -97.829455,
            30.451017
          ],
          [
            -97.829291,
            30.451366
          ],
          [
            -97.829238,
            30.451477
          ],
          [
            -97.829173,
            30.451616
          ],
          [
            -97.829032,
            30.451909
          ],
          [
            -97.829013,
            30.45195
          ],
          [
            -97.828781,
            30.452436
          ],
          [
            -97.828762,
            30.452466
          ],
          [
            -97.828679,
            30.452593
          ],
          [
            -97.828622,
            30.45268
          ],
          [
            -97.828536,
            30.452796
          ],
          [
            -97.828353,
            30.453037
          ],
          [
            -97.828104,
            30.453295
          ],
          [
            -97.827891,
            30.45349
          ],
          [
            -97.827447,
            30.453898
          ],
          [
            -97.827339,
            30.453997
          ],
          [
            -97.827232,
            30.454093
          ],
          [
            -97.82662,
            30.454657
          ],
          [
            -97.826322,
            30.454931
          ],
          [
            -97.826196,
            30.455052
          ],
          [
            -97.826037,
            30.455195
          ],
          [
            -97.825896,
            30.455333
          ],
          [
            -97.825839,
            30.455389
          ],
          [
            -97.825741,
            30.455484
          ],
          [
            -97.825893,
            30.455527
          ],
          [
            -97.826283,
            30.455639
          ],
          [
            -97.826859,
            30.455758
          ],
          [
            -97.827168,
            30.455821
          ],
          [
            -97.827667,
            30.455915
          ],
          [
            -97.827887,
            30.455951
          ],
          [
            -97.8284,
            30.456045
          ],
          [
            -97.828757,
            30.456127
          ],
          [
            -97.828818,
            30.456143
          ],
          [
            -97.82934,
            30.456286
          ],
          [
            -97.829601,
            30.456356
          ],
          [
            -97.829867,
            30.456451
          ],
          [
            -97.830665,
            30.456764
          ],
          [
            -97.830772,
            30.456602
          ],
          [
            -97.830665,
            30.456764
          ],
          [
            -97.83141,
            30.457039
          ],
          [
            -97.831692,
            30.457121
          ],
          [
            -97.831978,
            30.457183
          ],
          [
            -97.832388,
            30.457243
          ],
          [
            -97.833221,
            30.457379
          ],
          [
            -97.833587,
            30.457447
          ],
          [
            -97.833866,
            30.457505
          ],
          [
            -97.834385,
            30.457693
          ],
          [
            -97.834665,
            30.457842
          ],
          [
            -97.83509,
            30.45814
          ],
          [
            -97.835712,
            30.45859
          ],
          [
            -97.836653,
            30.459283
          ],
          [
            -97.836951,
            30.45949
          ],
          [
            -97.837145,
            30.459608
          ],
          [
            -97.837307,
            30.459694
          ],
          [
            -97.837744,
            30.459898
          ],
          [
            -97.83808,
            30.460005
          ],
          [
            -97.838432,
            30.460092
          ],
          [
            -97.839012,
            30.460195
          ],
          [
            -97.839351,
            30.460285
          ],
          [
            -97.839718,
            30.460431
          ],
          [
            -97.840497,
            30.460798
          ],
          [
            -97.841547,
            30.461298
          ],
          [
            -97.841635,
            30.461356
          ],
          [
            -97.841833,
            30.461483
          ],
          [
            -97.842041,
            30.461638
          ],
          [
            -97.842332,
            30.46189
          ],
          [
            -97.842618,
            30.462226
          ],
          [
            -97.842885,
            30.462563
          ],
          [
            -97.843163,
            30.462916
          ],
          [
            -97.843167,
            30.46292
          ],
          [
            -97.843242,
            30.463015
          ],
          [
            -97.843315,
            30.463122
          ],
          [
            -97.843557,
            30.46348
          ],
          [
            -97.843624,
            30.463608
          ],
          [
            -97.843746,
            30.463905
          ],
          [
            -97.843792,
            30.464062
          ],
          [
            -97.843843,
            30.46433
          ],
          [
            -97.843868,
            30.464666
          ],
          [
            -97.843846,
            30.465285
          ],
          [
            -97.843842,
            30.465605
          ],
          [
            -97.843836,
            30.465977
          ],
          [
            -97.843833,
            30.466071
          ],
          [
            -97.843831,
            30.46617
          ],
          [
            -97.843819,
            30.466721
          ],
          [
            -97.843861,
            30.467011
          ],
          [
            -97.843889,
            30.467146
          ],
          [
            -97.843956,
            30.467435
          ],
          [
            -97.844135,
            30.467849
          ],
          [
            -97.844266,
            30.468101
          ],
          [
            -97.844877,
            30.469107
          ],
          [
            -97.844922,
            30.469182
          ],
          [
            -97.844989,
            30.469291
          ],
          [
            -97.84505,
            30.469389
          ],
          [
            -97.845811,
            30.47061
          ],
          [
            -97.846029,
            30.470959
          ],
          [
            -97.846294,
            30.471301
          ],
          [
            -97.846497,
            30.471516
          ],
          [
            -97.846751,
            30.471749
          ],
          [
            -97.846934,
            30.4719
          ],
          [
            -97.847225,
            30.472118
          ],
          [
            -97.847478,
            30.472252
          ],
          [
            -97.8476,
            30.472316
          ],
          [
            -97.847714,
            30.472366
          ],
          [
            -97.84783,
            30.472418
          ],
          [
            -97.848088,
            30.472525
          ],
          [
            -97.848434,
            30.472641
          ],
          [
            -97.848782,
            30.47273
          ],
          [
            -97.849065,
            30.47279
          ],
          [
            -97.849345,
            30.472842
          ],
          [
            -97.849545,
            30.472877
          ],
          [
            -97.84984,
            30.472952
          ],
          [
            -97.850064,
            30.473018
          ],
          [
            -97.850398,
            30.473152
          ],
          [
            -97.850733,
            30.473336
          ],
          [
            -97.850913,
            30.473455
          ],
          [
            -97.851145,
            30.473632
          ],
          [
            -97.851375,
            30.473884
          ],
          [
            -97.851465,
            30.473984
          ],
          [
            -97.851523,
            30.474064
          ],
          [
            -97.851613,
            30.474193
          ],
          [
            -97.851763,
            30.47449
          ],
          [
            -97.851894,
            30.474792
          ],
          [
            -97.851971,
            30.475085
          ],
          [
            -97.852045,
            30.475786
          ],
          [
            -97.85214,
            30.476843
          ],
          [
            -97.852129,
            30.477446
          ],
          [
            -97.852089,
            30.478226
          ],
          [
            -97.85207,
            30.47858
          ],
          [
            -97.852068,
            30.478626
          ],
          [
            -97.852062,
            30.478711
          ],
          [
            -97.852059,
            30.478748
          ],
          [
            -97.851921,
            30.48004
          ],
          [
            -97.851861,
            30.480389
          ],
          [
            -97.851796,
            30.480637
          ],
          [
            -97.85171,
            30.480879
          ],
          [
            -97.851475,
            30.481395
          ],
          [
            -97.851381,
            30.481611
          ],
          [
            -97.851334,
            30.481767
          ],
          [
            -97.851288,
            30.481923
          ],
          [
            -97.851237,
            30.48222
          ],
          [
            -97.85123,
            30.482539
          ],
          [
            -97.851244,
            30.482725
          ],
          [
            -97.851297,
            30.483016
          ],
          [
            -97.851401,
            30.483366
          ],
          [
            -97.851541,
            30.483656
          ],
          [
            -97.85189,
            30.4842
          ],
          [
            -97.851942,
            30.484281
          ],
          [
            -97.85209,
            30.484514
          ],
          [
            -97.852355,
            30.484842
          ],
          [
            -97.85257,
            30.48508
          ],
          [
            -97.85284,
            30.485368
          ],
          [
            -97.853147,
            30.485641
          ],
          [
            -97.853356,
            30.485809
          ],
          [
            -97.853712,
            30.486095
          ],
          [
            -97.853977,
            30.486281
          ],
          [
            -97.854271,
            30.486441
          ],
          [
            -97.854724,
            30.486654
          ],
          [
            -97.856364,
            30.487428
          ],
          [
            -97.857841,
            30.488122
          ],
          [
            -97.858262,
            30.488318
          ],
          [
            -97.858792,
            30.48857
          ],
          [
            -97.859027,
            30.488705
          ],
          [
            -97.859273,
            30.488873
          ],
          [
            -97.859526,
            30.489086
          ],
          [
            -97.859727,
            30.489293
          ],
          [
            -97.859899,
            30.489518
          ],
          [
            -97.860048,
            30.489732
          ],
          [
            -97.860163,
            30.489951
          ],
          [
            -97.860255,
            30.490193
          ],
          [
            -97.860313,
            30.490374
          ],
          [
            -97.86035,
            30.490563
          ],
          [
            -97.860382,
            30.490758
          ],
          [
            -97.860397,
            30.49094
          ],
          [
            -97.860394,
            30.491036
          ],
          [
            -97.860391,
            30.491137
          ],
          [
            -97.860374,
            30.49134
          ],
          [
            -97.860341,
            30.491536
          ],
          [
            -97.860281,
            30.491772
          ],
          [
            -97.860209,
            30.491979
          ],
          [
            -97.860122,
            30.492167
          ],
          [
            -97.860024,
            30.492341
          ],
          [
            -97.859737,
            30.49276
          ],
          [
            -97.859488,
            30.493123
          ],
          [
            -97.859258,
            30.493427
          ],
          [
            -97.858951,
            30.493893
          ],
          [
            -97.858307,
            30.494876
          ],
          [
            -97.858188,
            30.495031
          ],
          [
            -97.858166,
            30.495061
          ],
          [
            -97.857905,
            30.495413
          ],
          [
            -97.857368,
            30.496217
          ],
          [
            -97.857167,
            30.496544
          ],
          [
            -97.857059,
            30.496833
          ],
          [
            -97.857009,
            30.497038
          ],
          [
            -97.857005,
            30.497245
          ],
          [
            -97.857035,
            30.497456
          ],
          [
            -97.857119,
            30.497701
          ],
          [
            -97.857211,
            30.497803
          ],
          [
            -97.858301,
            30.500679
          ],
          [
            -97.858328,
            30.500927
          ],
          [
            -97.858323,
            30.50135
          ],
          [
            -97.8583,
            30.501469
          ],
          [
            -97.858251,
            30.501706
          ],
          [
            -97.858206,
            30.501884
          ],
          [
            -97.857755,
            30.502801
          ],
          [
            -97.857513,
            30.503294
          ],
          [
            -97.857409,
            30.503401
          ],
          [
            -97.857288,
            30.503671
          ],
          [
            -97.857142,
            30.503989
          ],
          [
            -97.856962,
            30.504375
          ],
          [
            -97.856806,
            30.50473
          ],
          [
            -97.856733,
            30.50488
          ],
          [
            -97.856699,
            30.504985
          ],
          [
            -97.856656,
            30.505117
          ],
          [
            -97.856605,
            30.50546
          ],
          [
            -97.856681,
            30.507642
          ],
          [
            -97.856745,
            30.508026
          ],
          [
            -97.856872,
            30.508533
          ],
          [
            -97.857013,
            30.509005
          ],
          [
            -97.857138,
            30.509474
          ],
          [
            -97.857268,
            30.509984
          ],
          [
            -97.857425,
            30.510502
          ],
          [
            -97.857628,
            30.51123
          ],
          [
            -97.857789,
            30.511752
          ],
          [
            -97.857871,
            30.512096
          ],
          [
            -97.858102,
            30.512305
          ],
          [
            -97.858208,
            30.512273
          ],
          [
            -97.858438,
            30.5122
          ],
          [
            -97.859343,
            30.511912
          ],
          [
            -97.859672,
            30.511825
          ],
          [
            -97.860165,
            30.511727
          ],
          [
            -97.860586,
            30.511682
          ],
          [
            -97.861043,
            30.511673
          ],
          [
            -97.861383,
            30.511686
          ],
          [
            -97.861681,
            30.511715
          ],
          [
            -97.86193,
            30.511753
          ],
          [
            -97.862011,
            30.511765
          ],
          [
            -97.862317,
            30.51183
          ],
          [
            -97.862538,
            30.511885
          ],
          [
            -97.862688,
            30.511932
          ],
          [
            -97.862907,
            30.512001
          ],
          [
            -97.863134,
            30.512093
          ],
          [
            -97.863309,
            30.512175
          ],
          [
            -97.863557,
            30.512336
          ],
          [
            -97.863827,
            30.51252
          ],
          [
            -97.864167,
            30.512755
          ],
          [
            -97.864444,
            30.512978
          ],
          [
            -97.864775,
            30.513307
          ],
          [
            -97.864815,
            30.513351
          ],
          [
            -97.864958,
            30.513513
          ],
          [
            -97.865491,
            30.51411
          ],
          [
            -97.865969,
            30.514556
          ],
          [
            -97.866218,
            30.514769
          ],
          [
            -97.866524,
            30.514987
          ],
          [
            -97.866979,
            30.515233
          ],
          [
            -97.867505,
            30.515446
          ],
          [
            -97.868069,
            30.515625
          ],
          [
            -97.868473,
            30.515717
          ],
          [
            -97.868715,
            30.51576
          ],
          [
            -97.869031,
            30.515794
          ],
          [
            -97.869529,
            30.515821
          ],
          [
            -97.869923,
            30.51581
          ],
          [
            -97.8701,
            30.515794
          ],
          [
            -97.87022,
            30.515779
          ]
        ]
      }
    }
  ]
}
