{
  "type": "FeatureCollection",
  "features": [
    {
      "type": "Feature",
      "properties": {
        "route": "The Three Twisted Sisters Circuit",
        "category": "Twisties & Canyons",
        "color": "#e74c3c",
        "waypoints": [
          "Leakey",
          "Camp Wood",
          "Vanderpool",
          "Medina"
        ],
        "via": "FM 337 -> FM 335 -> FM 336 -> FM 337 (100-mi canyon loop)",
        "distance_mi": 174.0,
        "source": "road-snapped"
      },
      "geometry": {
        "type": "LineString",
        "coordinates": [
          [
            -99.7618,
            29.725969
          ],
          [
            -99.76183,
            29.725826
          ],
          [
            -99.761829,
            29.725753
          ],
          [
            -99.761826,
            29.725678
          ],
          [
            -99.761947,
            29.724991
          ],
          [
            -99.762086,
            29.724225
          ],
          [
            -99.762544,
            29.724301
          ],
          [
            -99.76292,
            29.724363
          ],
          [
            -99.763106,
            29.724394
          ],
          [
            -99.763238,
            29.724416
          ],
          [
            -99.763807,
            29.724514
          ],
          [
            -99.764031,
            29.724551
          ],
          [
            -99.764546,
            29.724642
          ],
          [
            -99.764828,
            29.724666
          ],
          [
            -99.764867,
            29.724666
          ],
          [
            -99.765141,
            29.724677
          ],
          [
            -99.765719,
            29.724688
          ],
          [
            -99.766197,
            29.724697
          ],
          [
            -99.766505,
            29.724705
          ],
          [
            -99.767674,
            29.724697
          ],
          [
            -99.768618,
            29.72469
          ],
          [
            -99.769963,
            29.724697
          ],
          [
            -99.770582,
            29.724691
          ],
          [
            -99.770601,
            29.724691
          ],
          [
            -99.770978,
            29.724692
          ],
          [
            -99.771307,
            29.724691
          ],
          [
            -99.771443,
            29.72469
          ],
          [
            -99.772098,
            29.724684
          ],
          [
            -99.772168,
            29.724683
          ],
          [
            -99.772555,
            29.724705
          ],
          [
            -99.772755,
            29.724726
          ],
          [
            -99.773021,
            29.72481
          ],
          [
            -99.77329,
            29.724918
          ],
          [
            -99.773491,
            29.725045
          ],
          [
            -99.773766,
            29.725263
          ],
          [
            -99.774101,
            29.725618
          ],
          [
            -99.774498,
            29.726022
          ],
          [
            -99.774816,
            29.726354
          ],
          [
            -99.775045,
            29.726587
          ],
          [
            -99.77554,
            29.727083
          ],
          [
            -99.776654,
            29.728181
          ],
          [
            -99.776672,
            29.728199
          ],
          [
            -99.777764,
            29.729311
          ],
          [
            -99.778765,
            29.730298
          ],
          [
            -99.780246,
            29.731543
          ],
          [
            -99.781171,
            29.732265
          ],
          [
            -99.78202,
            29.732927
          ],
          [
            -99.782362,
            29.733158
          ],
          [
            -99.782596,
            29.733298
          ],
          [
            -99.782895,
            29.73345
          ],
          [
            -99.783541,
            29.733719
          ],
          [
            -99.783895,
            29.733828
          ],
          [
            -99.784191,
            29.73391
          ],
          [
            -99.78597,
            29.734254
          ],
          [
            -99.788733,
            29.734754
          ],
          [
            -99.78907,
            29.734821
          ],
          [
            -99.789373,
            29.73488
          ],
          [
            -99.789679,
            29.734954
          ],
          [
            -99.79,
            29.735039
          ],
          [
            -99.790454,
            29.735176
          ],
          [
            -99.790851,
            29.735293
          ],
          [
            -99.792147,
            29.735798
          ],
          [
            -99.792831,
            29.736087
          ],
          [
            -99.79313,
            29.736198
          ],
          [
            -99.793375,
            29.736276
          ],
          [
            -99.793736,
            29.736346
          ],
          [
            -99.793999,
            29.736376
          ],
          [
            -99.794326,
            29.73638
          ],
          [
            -99.794463,
            29.73638
          ],
          [
            -99.794899,
            29.736378
          ],
          [
            -99.795368,
            29.736375
          ],
          [
            -99.796043,
            29.736372
          ],
          [
            -99.796835,
            29.736385
          ],
          [
            -99.797222,
            29.736403
          ],
          [
            -99.797368,
            29.736416
          ],
          [
            -99.797781,
            29.736472
          ],
          [
            -99.798715,
            29.736631
          ],
          [
            -99.799445,
            29.736748
          ],
          [
            -99.800005,
            29.736824
          ],
          [
            -99.800389,
            29.736861
          ],
          [
            -99.80103,
            29.736892
          ],
          [
            -99.802487,
            29.736957
          ],
          [
            -99.802917,
            29.736986
          ],
          [
            -99.803166,
            29.737011
          ],
          [
            -99.803543,
            29.737086
          ],
          [
            -99.803903,
            29.7372
          ],
          [
            -99.804069,
            29.73726
          ],
          [
            -99.804259,
            29.737354
          ],
          [
            -99.804526,
            29.737474
          ],
          [
            -99.804841,
            29.737667
          ],
          [
            -99.805382,
            29.738029
          ],
          [
            -99.806156,
            29.738522
          ],
          [
            -99.807378,
            29.7392
          ],
          [
            -99.809257,
            29.740186
          ],
          [
            -99.809464,
            29.74029
          ],
          [
            -99.809705,
            29.740406
          ],
          [
            -99.810028,
            29.740532
          ],
          [
            -99.810344,
            29.740629
          ],
          [
            -99.810573,
            29.740677
          ],
          [
            -99.810775,
            29.740695
          ],
          [
            -99.811069,
            29.740703
          ],
          [
            -99.811331,
            29.740691
          ],
          [
            -99.811576,
            29.740666
          ],
          [
            -99.813171,
            29.7404
          ],
          [
            -99.815183,
            29.740073
          ],
          [
            -99.815585,
            29.740007
          ],
          [
            -99.816157,
            29.73992
          ],
          [
            -99.816336,
            29.739901
          ],
          [
            -99.816543,
            29.739906
          ],
          [
            -99.816705,
            29.73992
          ],
          [
            -99.816912,
            29.739968
          ],
          [
            -99.817114,
            29.740047
          ],
          [
            -99.817293,
            29.740141
          ],
          [
            -99.817464,
            29.740255
          ],
          [
            -99.817783,
            29.740545
          ],
          [
            -99.818083,
            29.740889
          ],
          [
            -99.818308,
            29.741104
          ],
          [
            -99.818502,
            29.741211
          ],
          [
            -99.818605,
            29.741237
          ],
          [
            -99.818757,
            29.741252
          ],
          [
            -99.818891,
            29.741237
          ],
          [
            -99.818998,
            29.741218
          ],
          [
            -99.819023,
            29.741212
          ],
          [
            -99.819115,
            29.741184
          ],
          [
            -99.819218,
            29.741122
          ],
          [
            -99.819327,
            29.74105
          ],
          [
            -99.820623,
            29.740974
          ],
          [
            -99.820687,
            29.741106
          ],
          [
            -99.820804,
            29.741254
          ],
          [
            -99.820938,
            29.741372
          ],
          [
            -99.821469,
            29.74171
          ],
          [
            -99.821674,
            29.741839
          ],
          [
            -99.821927,
            29.741954
          ],
          [
            -99.822165,
            29.742063
          ],
          [
            -99.822345,
            29.742159
          ],
          [
            -99.822426,
            29.74221
          ],
          [
            -99.822516,
            29.742293
          ],
          [
            -99.822577,
            29.742383
          ],
          [
            -99.822652,
            29.742519
          ],
          [
            -99.822685,
            29.742625
          ],
          [
            -99.822687,
            29.742745
          ],
          [
            -99.822674,
            29.74291
          ],
          [
            -99.822631,
            29.743064
          ],
          [
            -99.82256,
            29.743211
          ],
          [
            -99.822418,
            29.743547
          ],
          [
            -99.822361,
            29.743707
          ],
          [
            -99.822337,
            29.743852
          ],
          [
            -99.822328,
            29.743989
          ],
          [
            -99.822347,
            29.744129
          ],
          [
            -99.822367,
            29.744235
          ],
          [
            -99.822403,
            29.744348
          ],
          [
            -99.822457,
            29.744468
          ],
          [
            -99.822528,
            29.744572
          ],
          [
            -99.822664,
            29.744723
          ],
          [
            -99.822821,
            29.744841
          ],
          [
            -99.822985,
            29.744916
          ],
          [
            -99.823148,
            29.744971
          ],
          [
            -99.82331,
            29.744994
          ],
          [
            -99.823655,
            29.744971
          ],
          [
            -99.823861,
            29.744973
          ],
          [
            -99.824034,
            29.744999
          ],
          [
            -99.824214,
            29.745048
          ],
          [
            -99.824327,
            29.745101
          ],
          [
            -99.824441,
            29.745174
          ],
          [
            -99.824575,
            29.745312
          ],
          [
            -99.824656,
            29.745447
          ],
          [
            -99.82469,
            29.745594
          ],
          [
            -99.824715,
            29.745738
          ],
          [
            -99.824707,
            29.745939
          ],
          [
            -99.824678,
            29.74637
          ],
          [
            -99.824628,
            29.746615
          ],
          [
            -99.824516,
            29.746777
          ],
          [
            -99.824261,
            29.746994
          ],
          [
            -99.82324,
            29.747764
          ],
          [
            -99.823137,
            29.747882
          ],
          [
            -99.823067,
            29.748
          ],
          [
            -99.822946,
            29.748338
          ],
          [
            -99.82286,
            29.748711
          ],
          [
            -99.822829,
            29.749354
          ],
          [
            -99.822819,
            29.750021
          ],
          [
            -99.822877,
            29.750203
          ],
          [
            -99.822957,
            29.750344
          ],
          [
            -99.823056,
            29.750485
          ],
          [
            -99.823232,
            29.750636
          ],
          [
            -99.823372,
            29.750761
          ],
          [
            -99.824427,
            29.75153
          ],
          [
            -99.825122,
            29.752062
          ],
          [
            -99.825544,
            29.75233
          ],
          [
            -99.825762,
            29.752476
          ],
          [
            -99.826027,
            29.752611
          ],
          [
            -99.826311,
            29.752747
          ],
          [
            -99.826641,
            29.752891
          ],
          [
            -99.82744,
            29.753141
          ],
          [
            -99.827818,
            29.75325
          ],
          [
            -99.828277,
            29.753407
          ],
          [
            -99.828476,
            29.753517
          ],
          [
            -99.82876,
            29.753725
          ],
          [
            -99.828837,
            29.753808
          ],
          [
            -99.82895,
            29.75393
          ],
          [
            -99.829136,
            29.754196
          ],
          [
            -99.829285,
            29.754544
          ],
          [
            -99.82973,
            29.755713
          ],
          [
            -99.829856,
            29.756093
          ],
          [
            -99.829998,
            29.756436
          ],
          [
            -99.830171,
            29.756817
          ],
          [
            -99.830366,
            29.757142
          ],
          [
            -99.830528,
            29.757411
          ],
          [
            -99.830744,
            29.757755
          ],
          [
            -99.831136,
            29.758288
          ],
          [
            -99.832086,
            29.759335
          ],
          [
            -99.83243,
            29.759715
          ],
          [
            -99.833743,
            29.761212
          ],
          [
            -99.83636,
            29.764119
          ],
          [
            -99.83763,
            29.765563
          ],
          [
            -99.840211,
            29.768398
          ],
          [
            -99.840699,
            29.768937
          ],
          [
            -99.841069,
            29.769322
          ],
          [
            -99.841287,
            29.769507
          ],
          [
            -99.841566,
            29.7697
          ],
          [
            -99.841917,
            29.769891
          ],
          [
            -99.842235,
            29.770046
          ],
          [
            -99.842492,
            29.770159
          ],
          [
            -99.842868,
            29.770286
          ],
          [
            -99.844281,
            29.770637
          ],
          [
            -99.846068,
            29.77108
          ],
          [
            -99.846497,
            29.771186
          ],
          [
            -99.848694,
            29.771752
          ],
          [
            -99.853092,
            29.772875
          ],
          [
            -99.853277,
            29.772921
          ],
          [
            -99.853512,
            29.772979
          ],
          [
            -99.853931,
            29.773083
          ],
          [
            -99.855341,
            29.773433
          ],
          [
            -99.857618,
            29.774026
          ],
          [
            -99.860032,
            29.774615
          ],
          [
            -99.862234,
            29.775169
          ],
          [
            -99.864081,
            29.775629
          ],
          [
            -99.864506,
            29.775668
          ],
          [
            -99.864774,
            29.77567
          ],
          [
            -99.865142,
            29.775618
          ],
          [
            -99.865372,
            29.775563
          ],
          [
            -99.865682,
            29.775459
          ],
          [
            -99.866034,
            29.775284
          ],
          [
            -99.866316,
            29.775088
          ],
          [
            -99.866582,
            29.77486
          ],
          [
            -99.866917,
            29.774423
          ],
          [
            -99.868418,
            29.772331
          ],
          [
            -99.868552,
            29.772189
          ],
          [
            -99.868712,
            29.77202
          ],
          [
            -99.86895,
            29.771871
          ],
          [
            -99.869251,
            29.771711
          ],
          [
            -99.869582,
            29.771587
          ],
          [
            -99.869925,
            29.771539
          ],
          [
            -99.870349,
            29.771511
          ],
          [
            -99.873486,
            29.771698
          ],
          [
            -99.874266,
            29.771728
          ],
          [
            -99.874687,
            29.771721
          ],
          [
            -99.875327,
            29.771686
          ],
          [
            -99.87599,
            29.771587
          ],
          [
            -99.87601,
            29.771583
          ],
          [
            -99.878351,
            29.771104
          ],
          [
            -99.880706,
            29.77063
          ],
          [
            -99.8825,
            29.770245
          ],
          [
            -99.883164,
            29.770103
          ],
          [
            -99.883556,
            29.770024
          ],
          [
            -99.886364,
            29.769454
          ],
          [
            -99.887924,
            29.769192
          ],
          [
            -99.890179,
            29.768954
          ],
          [
            -99.892208,
            29.768745
          ],
          [
            -99.894136,
            29.768556
          ],
          [
            -99.895393,
            29.76846
          ],
          [
            -99.895872,
            29.768366
          ],
          [
            -99.896323,
            29.76821
          ],
          [
            -99.896872,
            29.767953
          ],
          [
            -99.897021,
            29.767862
          ],
          [
            -99.897269,
            29.767686
          ],
          [
            -99.897551,
            29.767454
          ],
          [
            -99.898155,
            29.766841
          ],
          [
            -99.89947,
            29.765599
          ],
          [
            -99.900097,
            29.764998
          ],
          [
            -99.900325,
            29.764779
          ],
          [
            -99.900639,
            29.764468
          ],
          [
            -99.902158,
            29.763034
          ],
          [
            -99.902678,
            29.762535
          ],
          [
            -99.903206,
            29.762015
          ],
          [
            -99.903419,
            29.761784
          ],
          [
            -99.903773,
            29.761416
          ],
          [
            -99.903923,
            29.761235
          ],
          [
            -99.904105,
            29.760989
          ],
          [
            -99.904367,
            29.760585
          ],
          [
            -99.904599,
            29.760178
          ],
          [
            -99.904991,
            29.759436
          ],
          [
            -99.905811,
            29.757845
          ],
          [
            -99.90659,
            29.756359
          ],
          [
            -99.907179,
            29.755242
          ],
          [
            -99.907249,
            29.755062
          ],
          [
            -99.907267,
            29.754939
          ],
          [
            -99.907263,
            29.754828
          ],
          [
            -99.907249,
            29.754716
          ],
          [
            -99.907209,
            29.754602
          ],
          [
            -99.907127,
            29.754459
          ],
          [
            -99.906708,
            29.753818
          ],
          [
            -99.906507,
            29.753577
          ],
          [
            -99.906391,
            29.753469
          ],
          [
            -99.9062,
            29.753343
          ],
          [
            -99.905785,
            29.753161
          ],
          [
            -99.905562,
            29.753045
          ],
          [
            -99.905474,
            29.752985
          ],
          [
            -99.905401,
            29.752913
          ],
          [
            -99.905326,
            29.75281
          ],
          [
            -99.905297,
            29.75272
          ],
          [
            -99.905177,
            29.752172
          ],
          [
            -99.905156,
            29.752082
          ],
          [
            -99.905159,
            29.75194
          ],
          [
            -99.905191,
            29.751829
          ],
          [
            -99.905258,
            29.751709
          ],
          [
            -99.905393,
            29.751562
          ],
          [
            -99.905841,
            29.751197
          ],
          [
            -99.906094,
            29.750999
          ],
          [
            -99.906749,
            29.750465
          ],
          [
            -99.907092,
            29.750216
          ],
          [
            -99.907338,
            29.750006
          ],
          [
            -99.907535,
            29.749855
          ],
          [
            -99.907877,
            29.74953
          ],
          [
            -99.907988,
            29.749406
          ],
          [
            -99.908193,
            29.749143
          ],
          [
            -99.908325,
            29.748941
          ],
          [
            -99.908569,
            29.748499
          ],
          [
            -99.908681,
            29.748326
          ],
          [
            -99.908781,
            29.748197
          ],
          [
            -99.908954,
            29.748012
          ],
          [
            -99.909148,
            29.747868
          ],
          [
            -99.909321,
            29.747763
          ],
          [
            -99.909525,
            29.747674
          ],
          [
            -99.909766,
            29.747589
          ],
          [
            -99.910137,
            29.747473
          ],
          [
            -99.91044,
            29.747393
          ],
          [
            -99.910681,
            29.747346
          ],
          [
            -99.911165,
            29.747282
          ],
          [
            -99.911356,
            29.747244
          ],
          [
            -99.911435,
            29.747222
          ],
          [
            -99.911511,
            29.747167
          ],
          [
            -99.91156,
            29.747116
          ],
          [
            -99.911593,
            29.747044
          ],
          [
            -99.911599,
            29.74695
          ],
          [
            -99.911574,
            29.746869
          ],
          [
            -99.911518,
            29.746771
          ],
          [
            -99.911343,
            29.746507
          ],
          [
            -99.91127,
            29.746379
          ],
          [
            -99.911259,
            29.74629
          ],
          [
            -99.911264,
            29.746195
          ],
          [
            -99.911328,
            29.746097
          ],
          [
            -99.91141,
            29.746032
          ],
          [
            -99.911535,
            29.745981
          ],
          [
            -99.911941,
            29.745898
          ],
          [
            -99.912208,
            29.745847
          ],
          [
            -99.912423,
            29.745842
          ],
          [
            -99.912616,
            29.745859
          ],
          [
            -99.912993,
            29.745952
          ],
          [
            -99.913144,
            29.745971
          ],
          [
            -99.913303,
            29.745964
          ],
          [
            -99.913459,
            29.74591
          ],
          [
            -99.91358,
            29.745824
          ],
          [
            -99.913843,
            29.745557
          ],
          [
            -99.914065,
            29.745302
          ],
          [
            -99.914191,
            29.74511
          ],
          [
            -99.914201,
            29.74492
          ],
          [
            -99.914083,
            29.744619
          ],
          [
            -99.913916,
            29.744261
          ],
          [
            -99.913817,
            29.743966
          ],
          [
            -99.913823,
            29.74364
          ],
          [
            -99.913894,
            29.743423
          ],
          [
            -99.913916,
            29.743185
          ],
          [
            -99.913853,
            29.742947
          ],
          [
            -99.913742,
            29.74271
          ],
          [
            -99.913691,
            29.742483
          ],
          [
            -99.913737,
            29.742245
          ],
          [
            -99.913899,
            29.742069
          ],
          [
            -99.914197,
            29.741805
          ],
          [
            -99.914335,
            29.741635
          ],
          [
            -99.914496,
            29.741327
          ],
          [
            -99.914639,
            29.741094
          ],
          [
            -99.914855,
            29.740902
          ],
          [
            -99.915109,
            29.740784
          ],
          [
            -99.915568,
            29.740659
          ],
          [
            -99.915876,
            29.740493
          ],
          [
            -99.916594,
            29.739814
          ],
          [
            -99.916649,
            29.739758
          ],
          [
            -99.91708,
            29.739287
          ],
          [
            -99.917517,
            29.738755
          ],
          [
            -99.918125,
            29.737955
          ],
          [
            -99.918328,
            29.737605
          ],
          [
            -99.918555,
            29.737254
          ],
          [
            -99.918723,
            29.7371
          ],
          [
            -99.918923,
            29.736959
          ],
          [
            -99.918952,
            29.736939
          ],
          [
            -99.91932,
            29.736826
          ],
          [
            -99.919809,
            29.736611
          ],
          [
            -99.92014,
            29.736355
          ],
          [
            -99.920425,
            29.73607
          ],
          [
            -99.92064,
            29.735767
          ],
          [
            -99.920855,
            29.735416
          ],
          [
            -99.920999,
            29.735273
          ],
          [
            -99.921026,
            29.735246
          ],
          [
            -99.921192,
            29.735081
          ],
          [
            -99.921469,
            29.734883
          ],
          [
            -99.921831,
            29.734743
          ],
          [
            -99.922995,
            29.734542
          ],
          [
            -99.923467,
            29.734417
          ],
          [
            -99.924004,
            29.734239
          ],
          [
            -99.924573,
            29.733968
          ],
          [
            -99.924696,
            29.733899
          ],
          [
            -99.925024,
            29.733685
          ],
          [
            -99.926144,
            29.73272
          ],
          [
            -99.926647,
            29.732287
          ],
          [
            -99.92677,
            29.732181
          ],
          [
            -99.927257,
            29.731781
          ],
          [
            -99.927859,
            29.731423
          ],
          [
            -99.928544,
            29.731156
          ],
          [
            -99.931115,
            29.730316
          ],
          [
            -99.931688,
            29.730132
          ],
          [
            -99.934081,
            29.729361
          ],
          [
            -99.936171,
            29.728689
          ],
          [
            -99.936817,
            29.728473
          ],
          [
            -99.937245,
            29.728374
          ],
          [
            -99.937337,
            29.728353
          ],
          [
            -99.937458,
            29.728325
          ],
          [
            -99.93802,
            29.72821
          ],
          [
            -99.938553,
            29.728178
          ],
          [
            -99.939155,
            29.728141
          ],
          [
            -99.939859,
            29.728145
          ],
          [
            -99.9407,
            29.728151
          ],
          [
            -99.940876,
            29.728152
          ],
          [
            -99.942194,
            29.728159
          ],
          [
            -99.944608,
            29.728158
          ],
          [
            -99.945183,
            29.728158
          ],
          [
            -99.947441,
            29.72817
          ],
          [
            -99.947644,
            29.728157
          ],
          [
            -99.948046,
            29.728133
          ],
          [
            -99.948585,
            29.72805
          ],
          [
            -99.948971,
            29.727958
          ],
          [
            -99.949424,
            29.72778
          ],
          [
            -99.949907,
            29.727549
          ],
          [
            -99.950199,
            29.727376
          ],
          [
            -99.951909,
            29.726188
          ],
          [
            -99.95398,
            29.724723
          ],
          [
            -99.95443,
            29.72441
          ],
          [
            -99.954494,
            29.724378
          ],
          [
            -99.954761,
            29.724242
          ],
          [
            -99.95537,
            29.723933
          ],
          [
            -99.956876,
            29.723332
          ],
          [
            -99.961259,
            29.721774
          ],
          [
            -99.962331,
            29.721371
          ],
          [
            -99.962892,
            29.72116
          ],
          [
            -99.963088,
            29.721054
          ],
          [
            -99.963375,
            29.720897
          ],
          [
            -99.96367,
            29.720694
          ],
          [
            -99.963832,
            29.72057
          ],
          [
            -99.965134,
            29.719571
          ],
          [
            -99.967128,
            29.718078
          ],
          [
            -99.967699,
            29.717643
          ],
          [
            -99.968222,
            29.717244
          ],
          [
            -99.969062,
            29.716604
          ],
          [
            -99.971235,
            29.714965
          ],
          [
            -99.972946,
            29.713681
          ],
          [
            -99.973451,
            29.713286
          ],
          [
            -99.973752,
            29.71303
          ],
          [
            -99.974046,
            29.712732
          ],
          [
            -99.974315,
            29.712396
          ],
          [
            -99.974485,
            29.712155
          ],
          [
            -99.975335,
            29.710361
          ],
          [
            -99.975987,
            29.708992
          ],
          [
            -99.977002,
            29.706813
          ],
          [
            -99.977584,
            29.705564
          ],
          [
            -99.978358,
            29.703933
          ],
          [
            -99.979138,
            29.702258
          ],
          [
            -99.979284,
            29.701968
          ],
          [
            -99.979364,
            29.701807
          ],
          [
            -99.980137,
            29.700567
          ],
          [
            -99.980229,
            29.70043
          ],
          [
            -99.980282,
            29.70035
          ],
          [
            -99.980336,
            29.70027
          ],
          [
            -99.980437,
            29.70012
          ],
          [
            -99.980634,
            29.699827
          ],
          [
            -99.981184,
            29.699007
          ],
          [
            -99.981289,
            29.698832
          ],
          [
            -99.981322,
            29.698777
          ],
          [
            -99.981631,
            29.698258
          ],
          [
            -99.982063,
            29.697496
          ],
          [
            -99.982124,
            29.697391
          ],
          [
            -99.983033,
            29.695811
          ],
          [
            -99.983123,
            29.69565
          ],
          [
            -99.983791,
            29.694458
          ],
          [
            -99.98398,
            29.694119
          ],
          [
            -99.984925,
            29.692441
          ],
          [
            -99.984989,
            29.692327
          ],
          [
            -99.985358,
            29.691682
          ],
          [
            -99.985633,
            29.691201
          ],
          [
            -99.985767,
            29.690964
          ],
          [
            -99.985939,
            29.690646
          ],
          [
            -99.986135,
            29.690301
          ],
          [
            -99.986355,
            29.689802
          ],
          [
            -99.986375,
            29.68974
          ],
          [
            -99.98654,
            29.689232
          ],
          [
            -99.986846,
            29.688368
          ],
          [
            -99.987025,
            29.687907
          ],
          [
            -99.987106,
            29.6877
          ],
          [
            -99.987306,
            29.687384
          ],
          [
            -99.987324,
            29.687358
          ],
          [
            -99.987545,
            29.687038
          ],
          [
            -99.987845,
            29.686719
          ],
          [
            -99.989169,
            29.685554
          ],
          [
            -99.990298,
            29.684573
          ],
          [
            -99.991057,
            29.683929
          ],
          [
            -99.99173,
            29.683349
          ],
          [
            -99.992202,
            29.682962
          ],
          [
            -99.992904,
            29.682369
          ],
          [
            -99.995198,
            29.680385
          ],
          [
            -99.996012,
            29.679679
          ],
          [
            -99.996747,
            29.679042
          ],
          [
            -99.997357,
            29.678521
          ],
          [
            -99.998299,
            29.677715
          ],
          [
            -99.998614,
            29.677453
          ],
          [
            -99.998892,
            29.67722
          ],
          [
            -99.999182,
            29.676978
          ],
          [
            -100.000329,
            29.675976
          ],
          [
            -100.001352,
            29.67509
          ],
          [
            -100.001661,
            29.674823
          ],
          [
            -100.002642,
            29.673998
          ],
          [
            -100.003143,
            29.673577
          ],
          [
            -100.003195,
            29.673533
          ],
          [
            -100.003513,
            29.673255
          ],
          [
            -100.00415,
            29.672698
          ],
          [
            -100.004803,
            29.672128
          ],
          [
            -100.005147,
            29.671862
          ],
          [
            -100.005345,
            29.671708
          ],
          [
            -100.005681,
            29.671471
          ],
          [
            -100.00576,
            29.671423
          ],
          [
            -100.006072,
            29.671233
          ],
          [
            -100.006224,
            29.671177
          ],
          [
            -100.006663,
            29.671017
          ],
          [
            -100.007277,
            29.670842
          ],
          [
            -100.008625,
            29.670483
          ],
          [
            -100.009978,
            29.670123
          ],
          [
            -100.010056,
            29.670102
          ],
          [
            -100.011086,
            29.669828
          ],
          [
            -100.011277,
            29.669778
          ],
          [
            -100.011375,
            29.669752
          ],
          [
            -100.011589,
            29.669695
          ],
          [
            -100.011877,
            29.669617
          ],
          [
            -100.011892,
            29.669613
          ],
          [
            -100.012339,
            29.669491
          ],
          [
            -100.012353,
            29.669488
          ],
          [
            -100.012457,
            29.669461
          ],
          [
            -100.012486,
            29.669541
          ],
          [
            -100.012572,
            29.66978
          ],
          [
            -100.01264,
            29.669969
          ],
          [
            -100.012677,
            29.670072
          ],
          [
            -100.012709,
            29.670162
          ],
          [
            -100.012715,
            29.670179
          ],
          [
            -100.012809,
            29.670445
          ],
          [
            -100.012895,
            29.670695
          ],
          [
            -100.013137,
            29.671399
          ],
          [
            -100.013297,
            29.671854
          ],
          [
            -100.013464,
            29.672332
          ],
          [
            -100.013892,
            29.673537
          ],
          [
            -100.014277,
            29.674617
          ],
          [
            -100.01437,
            29.674895
          ],
          [
            -100.014413,
            29.675052
          ],
          [
            -100.014447,
            29.675177
          ],
          [
            -100.014468,
            29.67525
          ],
          [
            -100.014506,
            29.675387
          ],
          [
            -100.014544,
            29.675523
          ],
          [
            -100.014647,
            29.676066
          ],
          [
            -100.014724,
            29.676469
          ],
          [
            -100.014746,
            29.676584
          ],
          [
            -100.014875,
            29.677021
          ],
          [
            -100.014985,
            29.677359
          ],
          [
            -100.015047,
            29.677525
          ],
          [
            -100.015138,
            29.677771
          ],
          [
            -100.015317,
            29.678178
          ],
          [
            -100.015341,
            29.678222
          ],
          [
            -100.015618,
            29.67873
          ],
          [
            -100.016076,
            29.67936
          ],
          [
            -100.016677,
            29.680186
          ],
          [
            -100.016903,
            29.680503
          ],
          [
            -100.017153,
            29.680842
          ],
          [
            -100.017641,
            29.681764
          ],
          [
            -100.017795,
            29.682199
          ],
          [
            -100.01805,
            29.682814
          ],
          [
            -100.018152,
            29.683097
          ],
          [
            -100.018449,
            29.68393
          ],
          [
            -100.01849,
            29.684064
          ],
          [
            -100.019093,
            29.685866
          ],
          [
            -100.019601,
            29.68741
          ],
          [
            -100.019908,
            29.688234
          ],
          [
            -100.020188,
            29.688986
          ],
          [
            -100.020373,
            29.689458
          ],
          [
            -100.020689,
            29.690151
          ],
          [
            -100.020871,
            29.690551
          ],
          [
            -100.021346,
            29.691365
          ],
          [
            -100.021935,
            29.692371
          ],
          [
            -100.022639,
            29.693568
          ],
          [
            -100.023364,
            29.694841
          ],
          [
            -100.023448,
            29.694989
          ],
          [
            -100.023736,
            29.69555
          ],
          [
            -100.024371,
            29.696613
          ],
          [
            -100.025118,
            29.69783
          ],
          [
            -100.0262,
            29.699759
          ],
          [
            -100.026594,
            29.700427
          ],
          [
            -100.027048,
            29.701197
          ],
          [
            -100.02716,
            29.701387
          ],
          [
            -100.027401,
            29.701812
          ],
          [
            -100.027672,
            29.702288
          ],
          [
            -100.028017,
            29.702896
          ],
          [
            -100.028408,
            29.703654
          ],
          [
            -100.028824,
            29.7046
          ],
          [
            -100.028977,
            29.704984
          ],
          [
            -100.029086,
            29.705257
          ],
          [
            -100.029304,
            29.706023
          ],
          [
            -100.029441,
            29.706458
          ],
          [
            -100.029652,
            29.707577
          ],
          [
            -100.029885,
            29.708843
          ],
          [
            -100.029953,
            29.709229
          ],
          [
            -100.03016,
            29.710464
          ],
          [
            -100.030265,
            29.711039
          ],
          [
            -100.030376,
            29.711645
          ],
          [
            -100.030422,
            29.711894
          ],
          [
            -100.030673,
            29.713356
          ],
          [
            -100.030687,
            29.713435
          ],
          [
            -100.030761,
            29.713845
          ],
          [
            -100.030929,
            29.714779
          ],
          [
            -100.031169,
            29.716141
          ],
          [
            -100.031221,
            29.716404
          ],
          [
            -100.031225,
            29.716426
          ],
          [
            -100.031239,
            29.716496
          ],
          [
            -100.031281,
            29.716706
          ],
          [
            -100.03151,
            29.717477
          ],
          [
            -100.031609,
            29.717825
          ],
          [
            -100.031757,
            29.718218
          ],
          [
            -100.03214,
            29.719141
          ],
          [
            -100.032242,
            29.719361
          ],
          [
            -100.032392,
            29.719689
          ],
          [
            -100.032553,
            29.720039
          ],
          [
            -100.032775,
            29.720573
          ],
          [
            -100.033012,
            29.721112
          ],
          [
            -100.033301,
            29.721718
          ],
          [
            -100.034062,
            29.72336
          ],
          [
            -100.034477,
            29.724217
          ],
          [
            -100.034642,
            29.724586
          ],
          [
            -100.03479,
            29.72495
          ],
          [
            -100.035081,
            29.725685
          ],
          [
            -100.035518,
            29.726884
          ],
          [
            -100.035768,
            29.727572
          ],
          [
            -100.035889,
            29.727947
          ],
          [
            -100.036031,
            29.72828
          ],
          [
            -100.036059,
            29.728319
          ],
          [
            -100.036314,
            29.728583
          ],
          [
            -100.036461,
            29.728729
          ],
          [
            -100.036564,
            29.728816
          ],
          [
            -100.0368,
            29.728969
          ],
          [
            -100.036934,
            29.729047
          ],
          [
            -100.037079,
            29.729124
          ],
          [
            -100.042709,
            29.731613
          ],
          [
            -100.043365,
            29.731872
          ],
          [
            -100.045094,
            29.732706
          ],
          [
            -100.04655,
            29.733473
          ],
          [
            -100.047364,
            29.733901
          ],
          [
            -100.049633,
            29.735078
          ],
          [
            -100.051855,
            29.736237
          ],
          [
            -100.054022,
            29.73734
          ],
          [
            -100.056094,
            29.738417
          ],
          [
            -100.056536,
            29.73865
          ],
          [
            -100.058038,
            29.739443
          ],
          [
            -100.060532,
            29.74072
          ],
          [
            -100.061354,
            29.741199
          ],
          [
            -100.06158,
            29.741324
          ],
          [
            -100.061866,
            29.741489
          ],
          [
            -100.062306,
            29.741789
          ],
          [
            -100.062809,
            29.742115
          ],
          [
            -100.062856,
            29.74215
          ],
          [
            -100.064244,
            29.743257
          ],
          [
            -100.064598,
            29.743592
          ],
          [
            -100.064784,
            29.743782
          ],
          [
            -100.065816,
            29.744838
          ],
          [
            -100.067323,
            29.746355
          ],
          [
            -100.067645,
            29.74669
          ],
          [
            -100.068735,
            29.747823
          ],
          [
            -100.069727,
            29.748872
          ],
          [
            -100.069975,
            29.749134
          ],
          [
            -100.070217,
            29.74939
          ],
          [
            -100.07092,
            29.7501
          ],
          [
            -100.070987,
            29.750179
          ],
          [
            -100.071442,
            29.750619
          ],
          [
            -100.072444,
            29.751628
          ],
          [
            -100.073455,
            29.752686
          ],
          [
            -100.073664,
            29.752903
          ],
          [
            -100.07447,
            29.753737
          ],
          [
            -100.07554,
            29.754801
          ],
          [
            -100.076425,
            29.755713
          ],
          [
            -100.076639,
            29.755967
          ],
          [
            -100.07675,
            29.756099
          ],
          [
            -100.076999,
            29.756448
          ],
          [
            -100.077122,
            29.75662
          ],
          [
            -100.077298,
            29.756944
          ],
          [
            -100.07742,
            29.757151
          ],
          [
            -100.077514,
            29.757312
          ],
          [
            -100.077745,
            29.757765
          ],
          [
            -100.077906,
            29.758158
          ],
          [
            -100.078061,
            29.758601
          ],
          [
            -100.078156,
            29.758943
          ],
          [
            -100.078261,
            29.759407
          ],
          [
            -100.078299,
            29.7597
          ],
          [
            -100.07833,
            29.760018
          ],
          [
            -100.078373,
            29.760825
          ],
          [
            -100.078402,
            29.761802
          ],
          [
            -100.078472,
            29.764106
          ],
          [
            -100.078481,
            29.764421
          ],
          [
            -100.078497,
            29.765672
          ],
          [
            -100.078537,
            29.767
          ],
          [
            -100.078546,
            29.767999
          ],
          [
            -100.078563,
            29.768612
          ],
          [
            -100.078575,
            29.769051
          ],
          [
            -100.078584,
            29.769761
          ],
          [
            -100.078588,
            29.770071
          ],
          [
            -100.078608,
            29.770886
          ],
          [
            -100.078614,
            29.771158
          ],
          [
            -100.078648,
            29.77192
          ],
          [
            -100.078705,
            29.772423
          ],
          [
            -100.078784,
            29.772824
          ],
          [
            -100.078804,
            29.772899
          ],
          [
            -100.078926,
            29.773347
          ],
          [
            -100.079167,
            29.773992
          ],
          [
            -100.07993,
            29.775635
          ],
          [
            -100.080269,
            29.77644
          ],
          [
            -100.080503,
            29.776948
          ],
          [
            -100.08062,
            29.777241
          ],
          [
            -100.080728,
            29.777628
          ],
          [
            -100.08082,
            29.778158
          ],
          [
            -100.080829,
            29.778588
          ],
          [
            -100.080827,
            29.77899
          ],
          [
            -100.08079,
            29.779308
          ],
          [
            -100.080582,
            29.780247
          ],
          [
            -100.080327,
            29.781266
          ],
          [
            -100.080279,
            29.7817
          ],
          [
            -100.080263,
            29.782284
          ],
          [
            -100.080266,
            29.78256
          ],
          [
            -100.080306,
            29.782884
          ],
          [
            -100.080352,
            29.783116
          ],
          [
            -100.080405,
            29.783341
          ],
          [
            -100.080726,
            29.784402
          ],
          [
            -100.080752,
            29.784489
          ],
          [
            -100.081212,
            29.786089
          ],
          [
            -100.081334,
            29.786801
          ],
          [
            -100.081376,
            29.787367
          ],
          [
            -100.081331,
            29.78785
          ],
          [
            -100.081286,
            29.788158
          ],
          [
            -100.081237,
            29.788441
          ],
          [
            -100.081103,
            29.788858
          ],
          [
            -100.080592,
            29.789949
          ],
          [
            -100.080381,
            29.790384
          ],
          [
            -100.080061,
            29.791069
          ],
          [
            -100.079937,
            29.791398
          ],
          [
            -100.079664,
            29.792203
          ],
          [
            -100.079612,
            29.792355
          ],
          [
            -100.079571,
            29.792489
          ],
          [
            -100.079408,
            29.793016
          ],
          [
            -100.079242,
            29.79355
          ],
          [
            -100.079006,
            29.794276
          ],
          [
            -100.078988,
            29.794331
          ],
          [
            -100.078893,
            29.794786
          ],
          [
            -100.078824,
            29.795238
          ],
          [
            -100.078788,
            29.795619
          ],
          [
            -100.078821,
            29.796098
          ],
          [
            -100.078848,
            29.796405
          ],
          [
            -100.078962,
            29.796935
          ],
          [
            -100.079077,
            29.797371
          ],
          [
            -100.079818,
            29.798833
          ],
          [
            -100.080706,
            29.800553
          ],
          [
            -100.081237,
            29.801528
          ],
          [
            -100.081593,
            29.802181
          ],
          [
            -100.082481,
            29.8039
          ],
          [
            -100.083047,
            29.805035
          ],
          [
            -100.083449,
            29.805584
          ],
          [
            -100.08353,
            29.805686
          ],
          [
            -100.083831,
            29.80607
          ],
          [
            -100.08444,
            29.806736
          ],
          [
            -100.084828,
            29.807097
          ],
          [
            -100.086676,
            29.808556
          ],
          [
            -100.08849,
            29.809939
          ],
          [
            -100.089056,
            29.810389
          ],
          [
            -100.089655,
            29.810888
          ],
          [
            -100.090091,
            29.811261
          ],
          [
            -100.090481,
            29.811706
          ],
          [
            -100.090705,
            29.812067
          ],
          [
            -100.090822,
            29.812335
          ],
          [
            -100.090829,
            29.81236
          ],
          [
            -100.09093,
            29.812862
          ],
          [
            -100.090984,
            29.813323
          ],
          [
            -100.090948,
            29.81375
          ],
          [
            -100.090777,
            29.814569
          ],
          [
            -100.090574,
            29.815471
          ],
          [
            -100.090563,
            29.815522
          ],
          [
            -100.090489,
            29.816102
          ],
          [
            -100.090525,
            29.816843
          ],
          [
            -100.090726,
            29.818722
          ],
          [
            -100.090821,
            29.819434
          ],
          [
            -100.091023,
            29.819936
          ],
          [
            -100.091219,
            29.820276
          ],
          [
            -100.091537,
            29.820693
          ],
          [
            -100.091853,
            29.821047
          ],
          [
            -100.092525,
            29.821629
          ],
          [
            -100.093191,
            29.822127
          ],
          [
            -100.093379,
            29.822228
          ],
          [
            -100.09382,
            29.822464
          ],
          [
            -100.09469,
            29.822702
          ],
          [
            -100.095259,
            29.822787
          ],
          [
            -100.095524,
            29.822791
          ],
          [
            -100.095908,
            29.822796
          ],
          [
            -100.096831,
            29.822816
          ],
          [
            -100.097733,
            29.822865
          ],
          [
            -100.098295,
            29.822993
          ],
          [
            -100.098593,
            29.823105
          ],
          [
            -100.098988,
            29.823253
          ],
          [
            -100.099529,
            29.823598
          ],
          [
            -100.099869,
            29.82391
          ],
          [
            -100.100177,
            29.824263
          ],
          [
            -100.100419,
            29.82473
          ],
          [
            -100.100599,
            29.825064
          ],
          [
            -100.100773,
            29.825545
          ],
          [
            -100.101319,
            29.827337
          ],
          [
            -100.101434,
            29.827727
          ],
          [
            -100.101787,
            29.828859
          ],
          [
            -100.10202,
            29.829603
          ],
          [
            -100.102033,
            29.829649
          ],
          [
            -100.102491,
            29.831311
          ],
          [
            -100.103031,
            29.834054
          ],
          [
            -100.103234,
            29.834723
          ],
          [
            -100.103521,
            29.835432
          ],
          [
            -100.103906,
            29.836381
          ],
          [
            -100.103965,
            29.83666
          ],
          [
            -100.103977,
            29.836996
          ],
          [
            -100.103933,
            29.837374
          ],
          [
            -100.103793,
            29.837731
          ],
          [
            -100.103619,
            29.837978
          ],
          [
            -100.103239,
            29.838456
          ],
          [
            -100.103039,
            29.838877
          ],
          [
            -100.102964,
            29.839318
          ],
          [
            -100.102996,
            29.839449
          ],
          [
            -100.103065,
            29.839737
          ],
          [
            -100.103237,
            29.840071
          ],
          [
            -100.103513,
            29.840341
          ],
          [
            -100.103876,
            29.840576
          ],
          [
            -100.104517,
            29.840871
          ],
          [
            -100.10458,
            29.840899
          ],
          [
            -100.107079,
            29.84201
          ],
          [
            -100.108114,
            29.8424
          ],
          [
            -100.108877,
            29.842596
          ],
          [
            -100.109633,
            29.842736
          ],
          [
            -100.110075,
            29.842764
          ],
          [
            -100.111883,
            29.842878
          ],
          [
            -100.112268,
            29.842891
          ],
          [
            -100.112557,
            29.8429
          ],
          [
            -100.112966,
            29.842876
          ],
          [
            -100.113349,
            29.842768
          ],
          [
            -100.113868,
            29.842547
          ],
          [
            -100.114308,
            29.842452
          ],
          [
            -100.114777,
            29.842441
          ],
          [
            -100.115259,
            29.842507
          ],
          [
            -100.115718,
            29.84272
          ],
          [
            -100.116041,
            29.842934
          ],
          [
            -100.116422,
            29.843315
          ],
          [
            -100.11662,
            29.843782
          ],
          [
            -100.116706,
            29.844305
          ],
          [
            -100.116695,
            29.844725
          ],
          [
            -100.116633,
            29.844977
          ],
          [
            -100.116481,
            29.8453
          ],
          [
            -100.116164,
            29.845645
          ],
          [
            -100.115694,
            29.84595
          ],
          [
            -100.115159,
            29.846192
          ],
          [
            -100.114849,
            29.846397
          ],
          [
            -100.11466,
            29.846664
          ],
          [
            -100.114472,
            29.847057
          ],
          [
            -100.114368,
            29.847527
          ],
          [
            -100.114285,
            29.847933
          ],
          [
            -100.11387,
            29.848852
          ],
          [
            -100.113458,
            29.84945
          ],
          [
            -100.113444,
            29.849471
          ],
          [
            -100.113193,
            29.849669
          ],
          [
            -100.112739,
            29.84991
          ],
          [
            -100.112014,
            29.850329
          ],
          [
            -100.111536,
            29.850591
          ],
          [
            -100.111186,
            29.850846
          ],
          [
            -100.110964,
            29.851127
          ],
          [
            -100.110812,
            29.851513
          ],
          [
            -100.110785,
            29.851905
          ],
          [
            -100.110721,
            29.852702
          ],
          [
            -100.110606,
            29.853144
          ],
          [
            -100.110401,
            29.853446
          ],
          [
            -100.109857,
            29.853982
          ],
          [
            -100.109611,
            29.854179
          ],
          [
            -100.109373,
            29.854454
          ],
          [
            -100.109217,
            29.854826
          ],
          [
            -100.10911,
            29.855288
          ],
          [
            -100.109125,
            29.855498
          ],
          [
            -100.109138,
            29.855686
          ],
          [
            -100.109215,
            29.856063
          ],
          [
            -100.109457,
            29.85662
          ],
          [
            -100.109548,
            29.85685
          ],
          [
            -100.1096,
            29.857164
          ],
          [
            -100.109563,
            29.857479
          ],
          [
            -100.109415,
            29.857858
          ],
          [
            -100.108545,
            29.859347
          ],
          [
            -100.108318,
            29.859852
          ],
          [
            -100.108219,
            29.860294
          ],
          [
            -100.108337,
            29.860817
          ],
          [
            -100.108564,
            29.861074
          ],
          [
            -100.108856,
            29.861302
          ],
          [
            -100.109186,
            29.861467
          ],
          [
            -100.109604,
            29.861554
          ],
          [
            -100.110186,
            29.86157
          ],
          [
            -100.110603,
            29.861602
          ],
          [
            -100.111053,
            29.861689
          ],
          [
            -100.111689,
            29.861907
          ],
          [
            -100.112463,
            29.862264
          ],
          [
            -100.114315,
            29.863262
          ],
          [
            -100.114541,
            29.863421
          ],
          [
            -100.114809,
            29.863761
          ],
          [
            -100.114933,
            29.864075
          ],
          [
            -100.114962,
            29.864452
          ],
          [
            -100.114841,
            29.865117
          ],
          [
            -100.114596,
            29.865867
          ],
          [
            -100.114385,
            29.866365
          ],
          [
            -100.114285,
            29.866511
          ],
          [
            -100.114149,
            29.86671
          ],
          [
            -100.1138,
            29.867069
          ],
          [
            -100.112677,
            29.868162
          ],
          [
            -100.112145,
            29.86867
          ],
          [
            -100.111764,
            29.869008
          ],
          [
            -100.110707,
            29.869884
          ],
          [
            -100.109766,
            29.870745
          ],
          [
            -100.109449,
            29.871104
          ],
          [
            -100.109144,
            29.871764
          ],
          [
            -100.109046,
            29.872352
          ],
          [
            -100.109059,
            29.872771
          ],
          [
            -100.109199,
            29.87349
          ],
          [
            -100.109236,
            29.873643
          ],
          [
            -100.109375,
            29.874215
          ],
          [
            -100.109714,
            29.875168
          ],
          [
            -100.109864,
            29.87554
          ],
          [
            -100.110141,
            29.875966
          ],
          [
            -100.11048,
            29.876397
          ],
          [
            -100.111071,
            29.877183
          ],
          [
            -100.112749,
            29.878782
          ],
          [
            -100.114351,
            29.880366
          ],
          [
            -100.114602,
            29.880788
          ],
          [
            -100.114837,
            29.881378
          ],
          [
            -100.114934,
            29.881949
          ],
          [
            -100.11496,
            29.883495
          ],
          [
            -100.115058,
            29.883913
          ],
          [
            -100.115158,
            29.884208
          ],
          [
            -100.115361,
            29.884538
          ],
          [
            -100.115569,
            29.884802
          ],
          [
            -100.115942,
            29.885181
          ],
          [
            -100.116493,
            29.885483
          ],
          [
            -100.117012,
            29.885744
          ],
          [
            -100.117607,
            29.886086
          ],
          [
            -100.117891,
            29.886303
          ],
          [
            -100.118176,
            29.886658
          ],
          [
            -100.118346,
            29.886932
          ],
          [
            -100.11852,
            29.887314
          ],
          [
            -100.118659,
            29.887695
          ],
          [
            -100.118659,
            29.888241
          ],
          [
            -100.118684,
            29.888843
          ],
          [
            -100.118736,
            29.889108
          ],
          [
            -100.118904,
            29.889439
          ],
          [
            -100.119112,
            29.889672
          ],
          [
            -100.119342,
            29.889874
          ],
          [
            -100.11974,
            29.890105
          ],
          [
            -100.120111,
            29.890215
          ],
          [
            -100.120743,
            29.890219
          ],
          [
            -100.122402,
            29.890042
          ],
          [
            -100.122906,
            29.890058
          ],
          [
            -100.12337,
            29.890172
          ],
          [
            -100.123811,
            29.890341
          ],
          [
            -100.1241,
            29.890477
          ],
          [
            -100.124396,
            29.890674
          ],
          [
            -100.125243,
            29.891396
          ],
          [
            -100.126234,
            29.892279
          ],
          [
            -100.128522,
            29.894375
          ],
          [
            -100.129127,
            29.894975
          ],
          [
            -100.129225,
            29.89511
          ],
          [
            -100.129374,
            29.895316
          ],
          [
            -100.129997,
            29.896433
          ],
          [
            -100.130182,
            29.896737
          ],
          [
            -100.130522,
            29.897297
          ],
          [
            -100.131001,
            29.897825
          ],
          [
            -100.13133,
            29.898078
          ],
          [
            -100.131844,
            29.898351
          ],
          [
            -100.132795,
            29.898802
          ],
          [
            -100.133881,
            29.899325
          ],
          [
            -100.134214,
            29.899563
          ],
          [
            -100.134459,
            29.899772
          ],
          [
            -100.134815,
            29.900156
          ],
          [
            -100.136741,
            29.902668
          ],
          [
            -100.137169,
            29.903222
          ],
          [
            -100.137942,
            29.904224
          ],
          [
            -100.139061,
            29.905627
          ],
          [
            -100.140329,
            29.907059
          ],
          [
            -100.141737,
            29.908626
          ],
          [
            -100.143491,
            29.910643
          ],
          [
            -100.145275,
            29.912673
          ],
          [
            -100.146791,
            29.914427
          ],
          [
            -100.147045,
            29.91472
          ],
          [
            -100.14874,
            29.916667
          ],
          [
            -100.150525,
            29.918727
          ],
          [
            -100.152486,
            29.920972
          ],
          [
            -100.153621,
            29.922279
          ],
          [
            -100.155748,
            29.924729
          ],
          [
            -100.157236,
            29.926436
          ],
          [
            -100.158457,
            29.927838
          ],
          [
            -100.158604,
            29.928042
          ],
          [
            -100.159459,
            29.929212
          ],
          [
            -100.160068,
            29.930046
          ],
          [
            -100.160171,
            29.930187
          ],
          [
            -100.161123,
            29.931468
          ],
          [
            -100.162217,
            29.932933
          ],
          [
            -100.162887,
            29.933828
          ],
          [
            -100.164166,
            29.935565
          ],
          [
            -100.164249,
            29.935678
          ],
          [
            -100.165624,
            29.937492
          ],
          [
            -100.165676,
            29.937561
          ],
          [
            -100.166965,
            29.939271
          ],
          [
            -100.168061,
            29.940786
          ],
          [
            -100.1683,
            29.941116
          ],
          [
            -100.169613,
            29.94283
          ],
          [
            -100.171002,
            29.944709
          ],
          [
            -100.172103,
            29.946213
          ],
          [
            -100.17291,
            29.947606
          ],
          [
            -100.173369,
            29.948542
          ],
          [
            -100.174482,
            29.950572
          ],
          [
            -100.175595,
            29.952619
          ],
          [
            -100.17575,
            29.952905
          ],
          [
            -100.176688,
            29.954613
          ],
          [
            -100.176852,
            29.954927
          ],
          [
            -100.177754,
            29.956654
          ],
          [
            -100.178888,
            29.958713
          ],
          [
            -100.18003,
            29.960825
          ],
          [
            -100.180603,
            29.961961
          ],
          [
            -100.180919,
            29.962833
          ],
          [
            -100.181239,
            29.963675
          ],
          [
            -100.181644,
            29.964741
          ],
          [
            -100.182391,
            29.966738
          ],
          [
            -100.182687,
            29.967386
          ],
          [
            -100.183257,
            29.968468
          ],
          [
            -100.184412,
            29.970545
          ],
          [
            -100.184873,
            29.971409
          ],
          [
            -100.18507,
            29.971951
          ],
          [
            -100.185581,
            29.973452
          ],
          [
            -100.185685,
            29.973761
          ],
          [
            -100.186363,
            29.975675
          ],
          [
            -100.187,
            29.977544
          ],
          [
            -100.187307,
            29.978481
          ],
          [
            -100.187427,
            29.978911
          ],
          [
            -100.187586,
            29.979684
          ],
          [
            -100.188461,
            29.983607
          ],
          [
            -100.18866,
            29.984397
          ],
          [
            -100.188866,
            29.985116
          ],
          [
            -100.189019,
            29.985476
          ],
          [
            -100.189283,
            29.985934
          ],
          [
            -100.189788,
            29.986704
          ],
          [
            -100.190344,
            29.987521
          ],
          [
            -100.190586,
            29.987844
          ],
          [
            -100.190956,
            29.988283
          ],
          [
            -100.190992,
            29.988325
          ],
          [
            -100.191926,
            29.989284
          ],
          [
            -100.192453,
            29.989825
          ],
          [
            -100.193027,
            29.990446
          ],
          [
            -100.193185,
            29.990648
          ],
          [
            -100.193331,
            29.990833
          ],
          [
            -100.193689,
            29.991303
          ],
          [
            -100.194676,
            29.992854
          ],
          [
            -100.195538,
            29.994265
          ],
          [
            -100.196037,
            29.994828
          ],
          [
            -100.196421,
            29.995162
          ],
          [
            -100.196846,
            29.995447
          ],
          [
            -100.197447,
            29.995749
          ],
          [
            -100.198906,
            29.996417
          ],
          [
            -100.200018,
            29.996926
          ],
          [
            -100.202206,
            29.997893
          ],
          [
            -100.203179,
            29.998363
          ],
          [
            -100.203635,
            29.998635
          ],
          [
            -100.203706,
            29.998677
          ],
          [
            -100.20395,
            29.998883
          ],
          [
            -100.204186,
            29.999081
          ],
          [
            -100.204489,
            29.999397
          ],
          [
            -100.204716,
            29.999685
          ],
          [
            -100.204867,
            29.999903
          ],
          [
            -100.204942,
            30.000032
          ],
          [
            -100.205044,
            30.000229
          ],
          [
            -100.205132,
            30.000422
          ],
          [
            -100.205205,
            30.000619
          ],
          [
            -100.205274,
            30.000833
          ],
          [
            -100.205326,
            30.001049
          ],
          [
            -100.205369,
            30.001296
          ],
          [
            -100.205394,
            30.001727
          ],
          [
            -100.205427,
            30.002068
          ],
          [
            -100.205409,
            30.003065
          ],
          [
            -100.205413,
            30.00443
          ],
          [
            -100.205417,
            30.005052
          ],
          [
            -100.205428,
            30.006676
          ],
          [
            -100.205428,
            30.007536
          ],
          [
            -100.205429,
            30.007658
          ],
          [
            -100.205437,
            30.008545
          ],
          [
            -100.205436,
            30.008821
          ],
          [
            -100.205436,
            30.009462
          ],
          [
            -100.205443,
            30.010384
          ],
          [
            -100.205447,
            30.011035
          ],
          [
            -100.205447,
            30.011317
          ],
          [
            -100.205453,
            30.011954
          ],
          [
            -100.205454,
            30.012368
          ],
          [
            -100.205456,
            30.012851
          ],
          [
            -100.20546,
            30.013796
          ],
          [
            -100.205466,
            30.014711
          ],
          [
            -100.20548,
            30.015719
          ],
          [
            -100.205474,
            30.016415
          ],
          [
            -100.205477,
            30.016632
          ],
          [
            -100.205479,
            30.017541
          ],
          [
            -100.205494,
            30.018461
          ],
          [
            -100.205498,
            30.019402
          ],
          [
            -100.205498,
            30.019535
          ],
          [
            -100.2055,
            30.019956
          ],
          [
            -100.205486,
            30.020292
          ],
          [
            -100.205435,
            30.02052
          ],
          [
            -100.20535,
            30.020763
          ],
          [
            -100.205255,
            30.020969
          ],
          [
            -100.205114,
            30.021198
          ],
          [
            -100.204883,
            30.021455
          ],
          [
            -100.204434,
            30.0218
          ],
          [
            -100.204133,
            30.022021
          ],
          [
            -100.203581,
            30.022427
          ],
          [
            -100.201764,
            30.023765
          ],
          [
            -100.20173,
            30.02379
          ],
          [
            -100.201086,
            30.024265
          ],
          [
            -100.200293,
            30.024857
          ],
          [
            -100.200021,
            30.025089
          ],
          [
            -100.199818,
            30.025262
          ],
          [
            -100.199586,
            30.025483
          ],
          [
            -100.19934,
            30.025729
          ],
          [
            -100.198848,
            30.026265
          ],
          [
            -100.197255,
            30.027989
          ],
          [
            -100.196741,
            30.028517
          ],
          [
            -100.196482,
            30.028873
          ],
          [
            -100.196305,
            30.02919
          ],
          [
            -100.195894,
            30.030233
          ],
          [
            -100.195841,
            30.030375
          ],
          [
            -100.195054,
            30.032456
          ],
          [
            -100.194286,
            30.034431
          ],
          [
            -100.19346,
            30.036584
          ],
          [
            -100.192795,
            30.038375
          ],
          [
            -100.192575,
            30.038889
          ],
          [
            -100.192257,
            30.039416
          ],
          [
            -100.1919,
            30.039833
          ],
          [
            -100.191459,
            30.040267
          ],
          [
            -100.191489,
            30.040553
          ],
          [
            -100.191633,
            30.041325
          ],
          [
            -100.191706,
            30.041663
          ],
          [
            -100.191954,
            30.042848
          ],
          [
            -100.192061,
            30.043354
          ],
          [
            -100.192303,
            30.044647
          ],
          [
            -100.192335,
            30.044816
          ],
          [
            -100.192338,
            30.045097
          ],
          [
            -100.192314,
            30.045378
          ],
          [
            -100.191989,
            30.046893
          ],
          [
            -100.191514,
            30.048871
          ],
          [
            -100.191054,
            30.050926
          ],
          [
            -100.190424,
            30.053725
          ],
          [
            -100.190384,
            30.053948
          ],
          [
            -100.190365,
            30.054309
          ],
          [
            -100.190389,
            30.055994
          ],
          [
            -100.19041,
            30.056335
          ],
          [
            -100.190455,
            30.056704
          ],
          [
            -100.191209,
            30.059893
          ],
          [
            -100.191889,
            30.062722
          ],
          [
            -100.191954,
            30.063062
          ],
          [
            -100.191983,
            30.063811
          ],
          [
            -100.191991,
            30.064491
          ],
          [
            -100.191993,
            30.064655
          ],
          [
            -100.191987,
            30.064852
          ],
          [
            -100.191971,
            30.065156
          ],
          [
            -100.19176,
            30.066866
          ],
          [
            -100.191684,
            30.067499
          ],
          [
            -100.191234,
            30.071563
          ],
          [
            -100.191191,
            30.071885
          ],
          [
            -100.191174,
            30.072202
          ],
          [
            -100.191205,
            30.072483
          ],
          [
            -100.191415,
            30.073705
          ],
          [
            -100.191787,
            30.075535
          ],
          [
            -100.192154,
            30.077524
          ],
          [
            -100.192342,
            30.078517
          ],
          [
            -100.192359,
            30.078766
          ],
          [
            -100.192353,
            30.078922
          ],
          [
            -100.192355,
            30.079072
          ],
          [
            -100.192283,
            30.07935
          ],
          [
            -100.192178,
            30.079648
          ],
          [
            -100.192063,
            30.079846
          ],
          [
            -100.191941,
            30.079963
          ],
          [
            -100.191635,
            30.080276
          ],
          [
            -100.190848,
            30.080992
          ],
          [
            -100.189796,
            30.082003
          ],
          [
            -100.188885,
            30.082949
          ],
          [
            -100.18862,
            30.083245
          ],
          [
            -100.187985,
            30.083954
          ],
          [
            -100.186405,
            30.085719
          ],
          [
            -100.185115,
            30.087142
          ],
          [
            -100.184832,
            30.087476
          ],
          [
            -100.18411,
            30.088329
          ],
          [
            -100.182606,
            30.090135
          ],
          [
            -100.182336,
            30.090457
          ],
          [
            -100.181875,
            30.091006
          ],
          [
            -100.181196,
            30.091765
          ],
          [
            -100.181081,
            30.091899
          ],
          [
            -100.18002,
            30.093134
          ],
          [
            -100.179798,
            30.093416
          ],
          [
            -100.179721,
            30.093529
          ],
          [
            -100.179522,
            30.093801
          ],
          [
            -100.178728,
            30.094968
          ],
          [
            -100.178072,
            30.095893
          ],
          [
            -100.177847,
            30.096229
          ],
          [
            -100.17764,
            30.09643
          ],
          [
            -100.177266,
            30.096697
          ],
          [
            -100.176402,
            30.097109
          ],
          [
            -100.175384,
            30.097628
          ],
          [
            -100.175228,
            30.097706
          ],
          [
            -100.173852,
            30.098392
          ],
          [
            -100.172395,
            30.099107
          ],
          [
            -100.171491,
            30.099545
          ],
          [
            -100.170932,
            30.099839
          ],
          [
            -100.170512,
            30.100133
          ],
          [
            -100.170142,
            30.100391
          ],
          [
            -100.169807,
            30.100707
          ],
          [
            -100.16962,
            30.100915
          ],
          [
            -100.169473,
            30.10115
          ],
          [
            -100.169118,
            30.102195
          ],
          [
            -100.168866,
            30.102954
          ],
          [
            -100.168715,
            30.103411
          ],
          [
            -100.168545,
            30.104064
          ],
          [
            -100.168502,
            30.104219
          ],
          [
            -100.168448,
            30.104446
          ],
          [
            -100.168359,
            30.10474
          ],
          [
            -100.168205,
            30.105222
          ],
          [
            -100.168051,
            30.105773
          ],
          [
            -100.167955,
            30.106111
          ],
          [
            -100.167896,
            30.106347
          ],
          [
            -100.167725,
            30.107174
          ],
          [
            -100.1676,
            30.107787
          ],
          [
            -100.167482,
            30.108395
          ],
          [
            -100.167298,
            30.109346
          ],
          [
            -100.167218,
            30.109693
          ],
          [
            -100.167067,
            30.110277
          ],
          [
            -100.167043,
            30.110427
          ],
          [
            -100.166967,
            30.110609
          ],
          [
            -100.166907,
            30.110764
          ],
          [
            -100.16686,
            30.110875
          ],
          [
            -100.166773,
            30.111068
          ],
          [
            -100.166663,
            30.111258
          ],
          [
            -100.166524,
            30.111504
          ],
          [
            -100.166405,
            30.111659
          ],
          [
            -100.166315,
            30.111802
          ],
          [
            -100.166195,
            30.111964
          ],
          [
            -100.166106,
            30.112108
          ],
          [
            -100.166022,
            30.112267
          ],
          [
            -100.165903,
            30.112526
          ],
          [
            -100.165807,
            30.112768
          ],
          [
            -100.16569,
            30.113057
          ],
          [
            -100.165534,
            30.113425
          ],
          [
            -100.165285,
            30.114028
          ],
          [
            -100.16508,
            30.114529
          ],
          [
            -100.164853,
            30.115065
          ],
          [
            -100.16477,
            30.115235
          ],
          [
            -100.164703,
            30.115407
          ],
          [
            -100.16463,
            30.115558
          ],
          [
            -100.164518,
            30.115717
          ],
          [
            -100.164415,
            30.115851
          ],
          [
            -100.16424,
            30.116024
          ],
          [
            -100.163944,
            30.116302
          ],
          [
            -100.163516,
            30.116657
          ],
          [
            -100.163362,
            30.116778
          ],
          [
            -100.163202,
            30.116879
          ],
          [
            -100.163049,
            30.116974
          ],
          [
            -100.162839,
            30.11709
          ],
          [
            -100.162631,
            30.117188
          ],
          [
            -100.1624,
            30.117288
          ],
          [
            -100.161922,
            30.117494
          ],
          [
            -100.161074,
            30.117831
          ],
          [
            -100.160735,
            30.117959
          ],
          [
            -100.160505,
            30.11808
          ],
          [
            -100.160293,
            30.118188
          ],
          [
            -100.160091,
            30.118295
          ],
          [
            -100.159966,
            30.118363
          ],
          [
            -100.159862,
            30.11844
          ],
          [
            -100.159762,
            30.118522
          ],
          [
            -100.159661,
            30.118619
          ],
          [
            -100.159517,
            30.118772
          ],
          [
            -100.159401,
            30.118891
          ],
          [
            -100.159303,
            30.11902
          ],
          [
            -100.159258,
            30.119096
          ],
          [
            -100.159212,
            30.119216
          ],
          [
            -100.159136,
            30.119362
          ],
          [
            -100.159089,
            30.119465
          ],
          [
            -100.159041,
            30.119599
          ],
          [
            -100.158999,
            30.119731
          ],
          [
            -100.158963,
            30.119859
          ],
          [
            -100.158939,
            30.120051
          ],
          [
            -100.158939,
            30.120367
          ],
          [
            -100.158893,
            30.121164
          ],
          [
            -100.158887,
            30.121602
          ],
          [
            -100.158873,
            30.121939
          ],
          [
            -100.158898,
            30.122411
          ],
          [
            -100.158909,
            30.122988
          ],
          [
            -100.158922,
            30.123781
          ],
          [
            -100.158934,
            30.124492
          ],
          [
            -100.158939,
            30.124786
          ],
          [
            -100.158908,
            30.125118
          ],
          [
            -100.158869,
            30.125341
          ],
          [
            -100.158827,
            30.125535
          ],
          [
            -100.158728,
            30.125788
          ],
          [
            -100.158609,
            30.126061
          ],
          [
            -100.158518,
            30.126279
          ],
          [
            -100.158406,
            30.126583
          ],
          [
            -100.1581,
            30.127296
          ],
          [
            -100.157994,
            30.127546
          ],
          [
            -100.157799,
            30.128002
          ],
          [
            -100.157713,
            30.128192
          ],
          [
            -100.157612,
            30.12837
          ],
          [
            -100.157494,
            30.128574
          ],
          [
            -100.157369,
            30.128777
          ],
          [
            -100.157583,
            30.128885
          ],
          [
            -100.157804,
            30.128955
          ],
          [
            -100.158013,
            30.129024
          ],
          [
            -100.158117,
            30.129073
          ],
          [
            -100.158211,
            30.129125
          ],
          [
            -100.158406,
            30.129151
          ],
          [
            -100.158551,
            30.129154
          ],
          [
            -100.158759,
            30.129137
          ],
          [
            -100.15912,
            30.129079
          ],
          [
            -100.159463,
            30.129005
          ],
          [
            -100.15972,
            30.128944
          ],
          [
            -100.159975,
            30.128897
          ],
          [
            -100.160219,
            30.128878
          ],
          [
            -100.160424,
            30.128883
          ],
          [
            -100.160625,
            30.128903
          ],
          [
            -100.160773,
            30.12893
          ],
          [
            -100.161023,
            30.129009
          ],
          [
            -100.161341,
            30.12915
          ],
          [
            -100.161617,
            30.129316
          ],
          [
            -100.161997,
            30.129554
          ],
          [
            -100.162199,
            30.129698
          ],
          [
            -100.162452,
            30.129845
          ],
          [
            -100.162728,
            30.130007
          ],
          [
            -100.162874,
            30.130115
          ],
          [
            -100.163003,
            30.130213
          ],
          [
            -100.163169,
            30.130325
          ],
          [
            -100.163272,
            30.130416
          ],
          [
            -100.163348,
            30.130498
          ],
          [
            -100.163354,
            30.130505
          ],
          [
            -100.163467,
            30.130694
          ],
          [
            -100.163626,
            30.130928
          ],
          [
            -100.163901,
            30.131241
          ],
          [
            -100.164191,
            30.131578
          ],
          [
            -100.164478,
            30.131906
          ],
          [
            -100.164649,
            30.132071
          ],
          [
            -100.164843,
            30.132218
          ],
          [
            -100.165068,
            30.132388
          ],
          [
            -100.165328,
            30.132575
          ],
          [
            -100.165636,
            30.132788
          ],
          [
            -100.166065,
            30.133156
          ],
          [
            -100.166284,
            30.133357
          ],
          [
            -100.166537,
            30.133541
          ],
          [
            -100.166928,
            30.133791
          ],
          [
            -100.167749,
            30.134282
          ],
          [
            -100.168419,
            30.134674
          ],
          [
            -100.168766,
            30.134872
          ],
          [
            -100.169119,
            30.135046
          ],
          [
            -100.169485,
            30.135189
          ],
          [
            -100.169789,
            30.135325
          ],
          [
            -100.170193,
            30.135519
          ],
          [
            -100.17059,
            30.135726
          ],
          [
            -100.170823,
            30.135846
          ],
          [
            -100.170932,
            30.135923
          ],
          [
            -100.171081,
            30.136091
          ],
          [
            -100.171201,
            30.136244
          ],
          [
            -100.171727,
            30.13671
          ],
          [
            -100.171965,
            30.136921
          ],
          [
            -100.172235,
            30.137243
          ],
          [
            -100.172403,
            30.137473
          ],
          [
            -100.172509,
            30.137608
          ],
          [
            -100.17257,
            30.137733
          ],
          [
            -100.172594,
            30.137864
          ],
          [
            -100.172586,
            30.138008
          ],
          [
            -100.172566,
            30.138145
          ],
          [
            -100.172562,
            30.138257
          ],
          [
            -100.172585,
            30.138401
          ],
          [
            -100.172658,
            30.138521
          ],
          [
            -100.172756,
            30.138622
          ],
          [
            -100.172512,
            30.138825
          ],
          [
            -100.172312,
            30.13905
          ],
          [
            -100.172119,
            30.139356
          ],
          [
            -100.172052,
            30.140152
          ],
          [
            -100.172124,
            30.14066
          ],
          [
            -100.172237,
            30.141015
          ],
          [
            -100.17223,
            30.141305
          ],
          [
            -100.171787,
            30.142197
          ],
          [
            -100.171516,
            30.142456
          ],
          [
            -100.171226,
            30.142829
          ],
          [
            -100.171081,
            30.143524
          ],
          [
            -100.170716,
            30.144069
          ],
          [
            -100.170503,
            30.144555
          ],
          [
            -100.170203,
            30.145045
          ],
          [
            -100.170063,
            30.145245
          ],
          [
            -100.16978,
            30.14539
          ],
          [
            -100.169635,
            30.145617
          ],
          [
            -100.169605,
            30.145789
          ],
          [
            -100.169535,
            30.145898
          ],
          [
            -100.169388,
            30.145947
          ],
          [
            -100.169207,
            30.145892
          ],
          [
            -100.169046,
            30.145651
          ],
          [
            -100.168942,
            30.145676
          ],
          [
            -100.168482,
            30.146055
          ],
          [
            -100.168201,
            30.146357
          ],
          [
            -100.167739,
            30.146589
          ],
          [
            -100.167583,
            30.146785
          ],
          [
            -100.167388,
            30.146946
          ],
          [
            -100.167312,
            30.147384
          ],
          [
            -100.167199,
            30.147546
          ],
          [
            -100.166786,
            30.147752
          ],
          [
            -100.166557,
            30.147792
          ],
          [
            -100.166312,
            30.147927
          ],
          [
            -100.166232,
            30.148051
          ],
          [
            -100.16596,
            30.148196
          ],
          [
            -100.165683,
            30.148289
          ],
          [
            -100.16494,
            30.148333
          ],
          [
            -100.164586,
            30.148427
          ],
          [
            -100.163956,
            30.148297
          ],
          [
            -100.163703,
            30.148171
          ],
          [
            -100.16313,
            30.148271
          ],
          [
            -100.162687,
            30.148289
          ],
          [
            -100.162481,
            30.148381
          ],
          [
            -100.162396,
            30.148399
          ],
          [
            -100.161434,
            30.148597
          ],
          [
            -100.161183,
            30.148604
          ],
          [
            -100.160269,
            30.149025
          ],
          [
            -100.159684,
            30.14947
          ],
          [
            -100.159206,
            30.149736
          ],
          [
            -100.158668,
            30.149945
          ],
          [
            -100.158247,
            30.149984
          ],
          [
            -100.157782,
            30.14995
          ],
          [
            -100.15713,
            30.149747
          ],
          [
            -100.156835,
            30.149806
          ],
          [
            -100.156542,
            30.149999
          ],
          [
            -100.15619,
            30.150301
          ],
          [
            -100.155965,
            30.150636
          ],
          [
            -100.155938,
            30.150676
          ],
          [
            -100.155613,
            30.150931
          ],
          [
            -100.15539,
            30.151023
          ],
          [
            -100.15487,
            30.151393
          ],
          [
            -100.1544,
            30.151873
          ],
          [
            -100.153727,
            30.151871
          ],
          [
            -100.153209,
            30.151976
          ],
          [
            -100.152535,
            30.152262
          ],
          [
            -100.151069,
            30.153092
          ],
          [
            -100.150643,
            30.153364
          ],
          [
            -100.149973,
            30.153133
          ],
          [
            -100.148342,
            30.152714
          ],
          [
            -100.146574,
            30.15255
          ],
          [
            -100.146116,
            30.1523
          ],
          [
            -100.145754,
            30.152002
          ],
          [
            -100.145274,
            30.151695
          ],
          [
            -100.144836,
            30.151294
          ],
          [
            -100.14461,
            30.150969
          ],
          [
            -100.144549,
            30.150882
          ],
          [
            -100.144261,
            30.150282
          ],
          [
            -100.144182,
            30.149096
          ],
          [
            -100.143938,
            30.148618
          ],
          [
            -100.143609,
            30.14831
          ],
          [
            -100.143287,
            30.147653
          ],
          [
            -100.143033,
            30.145301
          ],
          [
            -100.142834,
            30.144992
          ],
          [
            -100.142474,
            30.14475
          ],
          [
            -100.142048,
            30.144521
          ],
          [
            -100.141612,
            30.144287
          ],
          [
            -100.141435,
            30.14417
          ],
          [
            -100.141295,
            30.144021
          ],
          [
            -100.141069,
            30.143631
          ],
          [
            -100.141223,
            30.142532
          ],
          [
            -100.141334,
            30.141921
          ],
          [
            -100.141393,
            30.141623
          ],
          [
            -100.141443,
            30.141301
          ],
          [
            -100.141586,
            30.140548
          ],
          [
            -100.141734,
            30.139762
          ],
          [
            -100.141452,
            30.139821
          ],
          [
            -100.141165,
            30.139894
          ],
          [
            -100.140707,
            30.140171
          ],
          [
            -100.140504,
            30.140411
          ],
          [
            -100.140299,
            30.140532
          ],
          [
            -100.139995,
            30.14056
          ],
          [
            -100.139406,
            30.14048
          ],
          [
            -100.138943,
            30.140305
          ],
          [
            -100.138627,
            30.140103
          ],
          [
            -100.138424,
            30.139517
          ],
          [
            -100.138185,
            30.139212
          ],
          [
            -100.137827,
            30.138831
          ],
          [
            -100.137706,
            30.138551
          ],
          [
            -100.137536,
            30.13828
          ],
          [
            -100.137181,
            30.138053
          ],
          [
            -100.136874,
            30.137799
          ],
          [
            -100.135822,
            30.135924
          ],
          [
            -100.13535,
            30.135817
          ],
          [
            -100.134899,
            30.135804
          ],
          [
            -100.134449,
            30.135962
          ],
          [
            -100.134056,
            30.13588
          ],
          [
            -100.133847,
            30.135626
          ],
          [
            -100.133686,
            30.135278
          ],
          [
            -100.133579,
            30.134452
          ],
          [
            -100.133358,
            30.134044
          ],
          [
            -100.133081,
            30.133791
          ],
          [
            -100.132951,
            30.133553
          ],
          [
            -100.132685,
            30.133513
          ],
          [
            -100.132431,
            30.133583
          ],
          [
            -100.131911,
            30.133596
          ],
          [
            -100.131697,
            30.133726
          ],
          [
            -100.13089,
            30.133783
          ],
          [
            -100.130932,
            30.133741
          ],
          [
            -100.130998,
            30.133476
          ],
          [
            -100.130934,
            30.133025
          ],
          [
            -100.131083,
            30.132333
          ],
          [
            -100.131107,
            30.131872
          ],
          [
            -100.131015,
            30.130671
          ],
          [
            -100.131414,
            30.129551
          ],
          [
            -100.131601,
            30.128756
          ],
          [
            -100.13185,
            30.128225
          ],
          [
            -100.13164,
            30.127877
          ],
          [
            -100.131608,
            30.127622
          ],
          [
            -100.131805,
            30.127403
          ],
          [
            -100.13184,
            30.127364
          ],
          [
            -100.131964,
            30.127039
          ],
          [
            -100.131806,
            30.126913
          ],
          [
            -100.131402,
            30.126754
          ],
          [
            -100.131006,
            30.126425
          ],
          [
            -100.130972,
            30.126093
          ],
          [
            -100.131014,
            30.125453
          ],
          [
            -100.131183,
            30.12517
          ],
          [
            -100.131223,
            30.124532
          ],
          [
            -100.131389,
            30.124303
          ],
          [
            -100.131516,
            30.123944
          ],
          [
            -100.131501,
            30.123765
          ],
          [
            -100.131324,
            30.123555
          ],
          [
            -100.131254,
            30.123184
          ],
          [
            -100.130603,
            30.122951
          ],
          [
            -100.130431,
            30.122719
          ],
          [
            -100.130027,
            30.121763
          ],
          [
            -100.130196,
            30.120972
          ],
          [
            -100.130159,
            30.120408
          ],
          [
            -100.129563,
            30.119369
          ],
          [
            -100.129096,
            30.11802
          ],
          [
            -100.129065,
            30.117543
          ],
          [
            -100.128936,
            30.117142
          ],
          [
            -100.128697,
            30.116944
          ],
          [
            -100.128009,
            30.116567
          ],
          [
            -100.127654,
            30.116087
          ],
          [
            -100.127329,
            30.115466
          ],
          [
            -100.127369,
            30.115113
          ],
          [
            -100.127118,
            30.115023
          ],
          [
            -100.126646,
            30.114626
          ],
          [
            -100.125796,
            30.11401
          ],
          [
            -100.125321,
            30.113565
          ],
          [
            -100.124948,
            30.113438
          ],
          [
            -100.124707,
            30.113418
          ],
          [
            -100.124569,
            30.113334
          ],
          [
            -100.124495,
            30.113057
          ],
          [
            -100.124531,
            30.112825
          ],
          [
            -100.124385,
            30.112571
          ],
          [
            -100.123787,
            30.112112
          ],
          [
            -100.122912,
            30.111665
          ],
          [
            -100.120139,
            30.110247
          ],
          [
            -100.119102,
            30.109794
          ],
          [
            -100.117714,
            30.109115
          ],
          [
            -100.117166,
            30.108772
          ],
          [
            -100.115332,
            30.107185
          ],
          [
            -100.113557,
            30.105448
          ],
          [
            -100.112989,
            30.104957
          ],
          [
            -100.110741,
            30.10336
          ],
          [
            -100.109353,
            30.102681
          ],
          [
            -100.109102,
            30.102623
          ],
          [
            -100.109087,
            30.101577
          ],
          [
            -100.109044,
            30.099844
          ],
          [
            -100.109029,
            30.099227
          ],
          [
            -100.109046,
            30.098666
          ],
          [
            -100.109103,
            30.098189
          ],
          [
            -100.109268,
            30.097535
          ],
          [
            -100.109458,
            30.097056
          ],
          [
            -100.109734,
            30.096514
          ],
          [
            -100.110111,
            30.09598
          ],
          [
            -100.110552,
            30.09552
          ],
          [
            -100.110994,
            30.095129
          ],
          [
            -100.113115,
            30.093553
          ],
          [
            -100.114126,
            30.092812
          ],
          [
            -100.113828,
            30.092515
          ],
          [
            -100.113643,
            30.092366
          ],
          [
            -100.113296,
            30.092226
          ],
          [
            -100.112506,
            30.092012
          ],
          [
            -100.112156,
            30.091993
          ],
          [
            -100.109696,
            30.091715
          ],
          [
            -100.108865,
            30.091626
          ],
          [
            -100.107534,
            30.091483
          ],
          [
            -100.105733,
            30.091289
          ],
          [
            -100.101989,
            30.090834
          ],
          [
            -100.101518,
            30.090726
          ],
          [
            -100.100653,
            30.090332
          ],
          [
            -100.09831,
            30.089209
          ],
          [
            -100.096797,
            30.088476
          ],
          [
            -100.094905,
            30.08756
          ],
          [
            -100.09146,
            30.085905
          ],
          [
            -100.088751,
            30.084586
          ],
          [
            -100.088047,
            30.084243
          ],
          [
            -100.087222,
            30.0839
          ],
          [
            -100.086985,
            30.083832
          ],
          [
            -100.086759,
            30.083767
          ],
          [
            -100.085711,
            30.083498
          ],
          [
            -100.081975,
            30.082606
          ],
          [
            -100.075913,
            30.081135
          ],
          [
            -100.072799,
            30.080392
          ],
          [
            -100.072367,
            30.080239
          ],
          [
            -100.071849,
            30.080006
          ],
          [
            -100.069655,
            30.078925
          ],
          [
            -100.068979,
            30.078617
          ],
          [
            -100.068571,
            30.078491
          ],
          [
            -100.067896,
            30.078296
          ],
          [
            -100.067457,
            30.078218
          ],
          [
            -100.065626,
            30.078124
          ],
          [
            -100.063714,
            30.078074
          ],
          [
            -100.062855,
            30.078052
          ],
          [
            -100.056634,
            30.077895
          ],
          [
            -100.054782,
            30.077848
          ],
          [
            -100.051198,
            30.077737
          ],
          [
            -100.049002,
            30.077674
          ],
          [
            -100.047972,
            30.077644
          ],
          [
            -100.047592,
            30.077633
          ],
          [
            -100.046551,
            30.077611
          ],
          [
            -100.046488,
            30.0776
          ],
          [
            -100.04554,
            30.077422
          ],
          [
            -100.044411,
            30.077153
          ],
          [
            -100.040992,
            30.076345
          ],
          [
            -100.038583,
            30.075768
          ],
          [
            -100.033676,
            30.074587
          ],
          [
            -100.03283,
            30.074393
          ],
          [
            -100.032462,
            30.074334
          ],
          [
            -100.032,
            30.074318
          ],
          [
            -100.031678,
            30.074314
          ],
          [
            -100.031624,
            30.074314
          ],
          [
            -100.03096,
            30.074367
          ],
          [
            -100.02685,
            30.074749
          ],
          [
            -100.021735,
            30.075238
          ],
          [
            -100.019091,
            30.07549
          ],
          [
            -100.017033,
            30.075674
          ],
          [
            -100.016498,
            30.075722
          ],
          [
            -100.012477,
            30.076084
          ],
          [
            -100.011394,
            30.076182
          ],
          [
            -100.007534,
            30.076548
          ],
          [
            -100.003611,
            30.076901
          ],
          [
            -100.001118,
            30.077135
          ],
          [
            -100.000735,
            30.077138
          ],
          [
            -100.000336,
            30.077133
          ],
          [
            -99.999541,
            30.0771
          ],
          [
            -99.998911,
            30.076983
          ],
          [
            -99.998298,
            30.07687
          ],
          [
            -99.996435,
            30.076455
          ],
          [
            -99.99533,
            30.076209
          ],
          [
            -99.992259,
            30.075539
          ],
          [
            -99.991137,
            30.075276
          ],
          [
            -99.989245,
            30.074858
          ],
          [
            -99.98779,
            30.074558
          ],
          [
            -99.987309,
            30.074537
          ],
          [
            -99.986755,
            30.074591
          ],
          [
            -99.986122,
            30.074683
          ],
          [
            -99.984343,
            30.075223
          ],
          [
            -99.981682,
            30.076061
          ],
          [
            -99.979125,
            30.076876
          ],
          [
            -99.976153,
            30.077807
          ],
          [
            -99.973303,
            30.078671
          ],
          [
            -99.972704,
            30.078748
          ],
          [
            -99.972233,
            30.07874
          ],
          [
            -99.971628,
            30.078696
          ],
          [
            -99.9707,
            30.078514
          ],
          [
            -99.968043,
            30.077907
          ],
          [
            -99.967603,
            30.077807
          ],
          [
            -99.964604,
            30.077122
          ],
          [
            -99.963344,
            30.076865
          ],
          [
            -99.962949,
            30.076838
          ],
          [
            -99.96208,
            30.07685
          ],
          [
            -99.959176,
            30.076913
          ],
          [
            -99.956821,
            30.076957
          ],
          [
            -99.950283,
            30.077088
          ],
          [
            -99.944823,
            30.077189
          ],
          [
            -99.941776,
            30.077265
          ],
          [
            -99.941724,
            30.077266
          ],
          [
            -99.939044,
            30.077315
          ],
          [
            -99.930333,
            30.077488
          ],
          [
            -99.929281,
            30.077478
          ],
          [
            -99.928967,
            30.077448
          ],
          [
            -99.9288,
            30.077422
          ],
          [
            -99.928631,
            30.077385
          ],
          [
            -99.928216,
            30.077272
          ],
          [
            -99.927808,
            30.077126
          ],
          [
            -99.927176,
            30.076805
          ],
          [
            -99.926664,
            30.07646
          ],
          [
            -99.92642,
            30.076216
          ],
          [
            -99.92618,
            30.075976
          ],
          [
            -99.925197,
            30.074842
          ],
          [
            -99.923087,
            30.072301
          ],
          [
            -99.921902,
            30.07088
          ],
          [
            -99.920571,
            30.069297
          ],
          [
            -99.919491,
            30.067993
          ],
          [
            -99.918929,
            30.067323
          ],
          [
            -99.917121,
            30.065165
          ],
          [
            -99.915964,
            30.063764
          ],
          [
            -99.914641,
            30.062159
          ],
          [
            -99.913393,
            30.060659
          ],
          [
            -99.913357,
            30.060623
          ],
          [
            -99.913035,
            30.060301
          ],
          [
            -99.909869,
            30.057904
          ],
          [
            -99.908094,
            30.056584
          ],
          [
            -99.908056,
            30.056556
          ],
          [
            -99.906191,
            30.055125
          ],
          [
            -99.905555,
            30.054647
          ],
          [
            -99.904332,
            30.053728
          ],
          [
            -99.903524,
            30.053117
          ],
          [
            -99.900603,
            30.050909
          ],
          [
            -99.898727,
            30.049483
          ],
          [
            -99.897799,
            30.048783
          ],
          [
            -99.896833,
            30.048056
          ],
          [
            -99.893386,
            30.045415
          ],
          [
            -99.89307,
            30.045173
          ],
          [
            -99.891338,
            30.043914
          ],
          [
            -99.891039,
            30.04375
          ],
          [
            -99.890546,
            30.043524
          ],
          [
            -99.890498,
            30.043505
          ],
          [
            -99.890213,
            30.043392
          ],
          [
            -99.890131,
            30.043368
          ],
          [
            -99.889629,
            30.043222
          ],
          [
            -99.888606,
            30.042994
          ],
          [
            -99.886181,
            30.042452
          ],
          [
            -99.883461,
            30.041862
          ],
          [
            -99.880827,
            30.041265
          ],
          [
            -99.87817,
            30.040684
          ],
          [
            -99.872313,
            30.039363
          ],
          [
            -99.871599,
            30.039216
          ],
          [
            -99.871242,
            30.039177
          ],
          [
            -99.870533,
            30.03913
          ],
          [
            -99.870167,
            30.039133
          ],
          [
            -99.866822,
            30.039166
          ],
          [
            -99.864985,
            30.039183
          ],
          [
            -99.864812,
            30.039185
          ],
          [
            -99.861505,
            30.03919
          ],
          [
            -99.86116,
            30.039195
          ],
          [
            -99.861015,
            30.039197
          ],
          [
            -99.859229,
            30.039222
          ],
          [
            -99.858564,
            30.039316
          ],
          [
            -99.857925,
            30.039513
          ],
          [
            -99.857853,
            30.039542
          ],
          [
            -99.857264,
            30.039782
          ],
          [
            -99.855695,
            30.04042
          ],
          [
            -99.852811,
            30.041648
          ],
          [
            -99.849698,
            30.042939
          ],
          [
            -99.846427,
            30.044328
          ],
          [
            -99.8438,
            30.045425
          ],
          [
            -99.843972,
            30.045704
          ],
          [
            -99.844085,
            30.045972
          ],
          [
            -99.844138,
            30.050863
          ],
          [
            -99.844155,
            30.0524
          ],
          [
            -99.844176,
            30.058465
          ],
          [
            -99.844179,
            30.059432
          ],
          [
            -99.844228,
            30.061922
          ],
          [
            -99.84404,
            30.063588
          ],
          [
            -99.843998,
            30.06404
          ],
          [
            -99.843781,
            30.066384
          ],
          [
            -99.843554,
            30.06882
          ],
          [
            -99.84351,
            30.069296
          ],
          [
            -99.843561,
            30.069647
          ],
          [
            -99.84407,
            30.070867
          ],
          [
            -99.844186,
            30.070998
          ],
          [
            -99.844337,
            30.071072
          ],
          [
            -99.844566,
            30.071097
          ],
          [
            -99.844695,
            30.071092
          ],
          [
            -99.845089,
            30.071039
          ],
          [
            -99.845091,
            30.071187
          ],
          [
            -99.84493,
            30.071649
          ],
          [
            -99.844917,
            30.07176
          ],
          [
            -99.844912,
            30.071829
          ],
          [
            -99.844919,
            30.07191
          ],
          [
            -99.844977,
            30.072251
          ],
          [
            -99.845004,
            30.072341
          ],
          [
            -99.845064,
            30.072467
          ],
          [
            -99.845165,
            30.072579
          ],
          [
            -99.845345,
            30.072744
          ],
          [
            -99.845395,
            30.072815
          ],
          [
            -99.845437,
            30.072925
          ],
          [
            -99.845473,
            30.073043
          ],
          [
            -99.845479,
            30.073128
          ],
          [
            -99.845477,
            30.073229
          ],
          [
            -99.845468,
            30.073333
          ],
          [
            -99.845433,
            30.073517
          ],
          [
            -99.845376,
            30.073726
          ],
          [
            -99.845328,
            30.073868
          ],
          [
            -99.845214,
            30.074046
          ],
          [
            -99.844907,
            30.074404
          ],
          [
            -99.844775,
            30.074559
          ],
          [
            -99.844688,
            30.074605
          ],
          [
            -99.844266,
            30.074828
          ],
          [
            -99.844199,
            30.074895
          ],
          [
            -99.844039,
            30.075056
          ],
          [
            -99.843741,
            30.075492
          ],
          [
            -99.84339,
            30.076115
          ],
          [
            -99.843077,
            30.076551
          ],
          [
            -99.842355,
            30.077369
          ],
          [
            -99.841901,
            30.078074
          ],
          [
            -99.841572,
            30.078462
          ],
          [
            -99.841298,
            30.078905
          ],
          [
            -99.841175,
            30.079326
          ],
          [
            -99.840845,
            30.080158
          ],
          [
            -99.840803,
            30.080703
          ],
          [
            -99.840514,
            30.081291
          ],
          [
            -99.8405,
            30.081541
          ],
          [
            -99.840476,
            30.081956
          ],
          [
            -99.840582,
            30.082279
          ],
          [
            -99.840698,
            30.082802
          ],
          [
            -99.840843,
            30.083152
          ],
          [
            -99.841004,
            30.083441
          ],
          [
            -99.841129,
            30.083796
          ],
          [
            -99.841001,
            30.084291
          ],
          [
            -99.84104,
            30.084487
          ],
          [
            -99.841126,
            30.084703
          ],
          [
            -99.841133,
            30.084762
          ],
          [
            -99.841105,
            30.084861
          ],
          [
            -99.840836,
            30.085588
          ],
          [
            -99.84072,
            30.086412
          ],
          [
            -99.840727,
            30.087225
          ],
          [
            -99.84084,
            30.088535
          ],
          [
            -99.840851,
            30.088713
          ],
          [
            -99.840792,
            30.088902
          ],
          [
            -99.840695,
            30.089018
          ],
          [
            -99.840622,
            30.089074
          ],
          [
            -99.840006,
            30.089541
          ],
          [
            -99.839833,
            30.089763
          ],
          [
            -99.839616,
            30.08981
          ],
          [
            -99.839379,
            30.089841
          ],
          [
            -99.839177,
            30.089892
          ],
          [
            -99.838871,
            30.090024
          ],
          [
            -99.838941,
            30.090086
          ],
          [
            -99.839181,
            30.090303
          ],
          [
            -99.839492,
            30.090542
          ],
          [
            -99.839889,
            30.090735
          ],
          [
            -99.840109,
            30.090817
          ],
          [
            -99.840219,
            30.090821
          ],
          [
            -99.840676,
            30.090722
          ],
          [
            -99.841218,
            30.09079
          ],
          [
            -99.841485,
            30.090833
          ],
          [
            -99.842355,
            30.090974
          ],
          [
            -99.84307,
            30.091079
          ],
          [
            -99.843743,
            30.091154
          ],
          [
            -99.843983,
            30.091205
          ],
          [
            -99.844242,
            30.091297
          ],
          [
            -99.844557,
            30.091375
          ],
          [
            -99.844651,
            30.091426
          ],
          [
            -99.844773,
            30.091566
          ],
          [
            -99.844974,
            30.092062
          ],
          [
            -99.845217,
            30.092318
          ],
          [
            -99.845505,
            30.092556
          ],
          [
            -99.846169,
            30.092971
          ],
          [
            -99.846488,
            30.093124
          ],
          [
            -99.846782,
            30.093299
          ],
          [
            -99.848267,
            30.094763
          ],
          [
            -99.848298,
            30.094806
          ],
          [
            -99.848437,
            30.094998
          ],
          [
            -99.848366,
            30.095436
          ],
          [
            -99.848322,
            30.096154
          ],
          [
            -99.848111,
            30.096493
          ],
          [
            -99.847972,
            30.09688
          ],
          [
            -99.84788,
            30.09726
          ],
          [
            -99.847892,
            30.097728
          ],
          [
            -99.847966,
            30.098086
          ],
          [
            -99.848063,
            30.098306
          ],
          [
            -99.848316,
            30.0987
          ],
          [
            -99.84836,
            30.09923
          ],
          [
            -99.848522,
            30.099567
          ],
          [
            -99.84886,
            30.100137
          ],
          [
            -99.849339,
            30.10063
          ],
          [
            -99.84965,
            30.100821
          ],
          [
            -99.850131,
            30.100993
          ],
          [
            -99.850614,
            30.100983
          ],
          [
            -99.851297,
            30.101103
          ],
          [
            -99.851675,
            30.100894
          ],
          [
            -99.851872,
            30.100706
          ],
          [
            -99.852085,
            30.100609
          ],
          [
            -99.853035,
            30.100499
          ],
          [
            -99.853241,
            30.100539
          ],
          [
            -99.853433,
            30.10071
          ],
          [
            -99.853763,
            30.100925
          ],
          [
            -99.854256,
            30.101104
          ],
          [
            -99.854304,
            30.101121
          ],
          [
            -99.854567,
            30.101312
          ],
          [
            -99.854617,
            30.10156
          ],
          [
            -99.854555,
            30.10174
          ],
          [
            -99.853973,
            30.102267
          ],
          [
            -99.853777,
            30.102537
          ],
          [
            -99.85363,
            30.102924
          ],
          [
            -99.853524,
            30.103962
          ],
          [
            -99.85336,
            30.104211
          ],
          [
            -99.853291,
            30.104473
          ],
          [
            -99.853341,
            30.104845
          ],
          [
            -99.853552,
            30.105735
          ],
          [
            -99.853617,
            30.106011
          ],
          [
            -99.853572,
            30.106349
          ],
          [
            -99.853338,
            30.106715
          ],
          [
            -99.853268,
            30.108256
          ],
          [
            -99.85316,
            30.10867
          ],
          [
            -99.853186,
            30.108883
          ],
          [
            -99.853427,
            30.109233
          ],
          [
            -99.853485,
            30.109584
          ],
          [
            -99.853577,
            30.110628
          ],
          [
            -99.853652,
            30.11102
          ],
          [
            -99.853622,
            30.11124
          ],
          [
            -99.853483,
            30.111302
          ],
          [
            -99.853433,
            30.111324
          ],
          [
            -99.853155,
            30.111285
          ],
          [
            -99.852965,
            30.111293
          ],
          [
            -99.850569,
            30.111929
          ],
          [
            -99.850205,
            30.111972
          ],
          [
            -99.849814,
            30.112075
          ],
          [
            -99.849546,
            30.112276
          ],
          [
            -99.849248,
            30.112699
          ],
          [
            -99.849213,
            30.113655
          ],
          [
            -99.849073,
            30.113886
          ],
          [
            -99.848982,
            30.113954
          ],
          [
            -99.848865,
            30.114043
          ],
          [
            -99.848735,
            30.11421
          ],
          [
            -99.847944,
            30.114353
          ],
          [
            -99.847576,
            30.114228
          ],
          [
            -99.846996,
            30.113505
          ],
          [
            -99.846521,
            30.113488
          ],
          [
            -99.844822,
            30.113571
          ],
          [
            -99.844347,
            30.113684
          ],
          [
            -99.843802,
            30.113902
          ],
          [
            -99.843305,
            30.114153
          ],
          [
            -99.841499,
            30.113878
          ],
          [
            -99.840261,
            30.113659
          ],
          [
            -99.839261,
            30.113438
          ],
          [
            -99.83885,
            30.113572
          ],
          [
            -99.838736,
            30.113627
          ],
          [
            -99.838451,
            30.113764
          ],
          [
            -99.838271,
            30.11404
          ],
          [
            -99.837561,
            30.114438
          ],
          [
            -99.837075,
            30.115081
          ],
          [
            -99.83682,
            30.115348
          ],
          [
            -99.836266,
            30.115379
          ],
          [
            -99.835896,
            30.115671
          ],
          [
            -99.835518,
            30.116066
          ],
          [
            -99.835211,
            30.116234
          ],
          [
            -99.834539,
            30.116507
          ],
          [
            -99.834311,
            30.116694
          ],
          [
            -99.833906,
            30.117524
          ],
          [
            -99.83378,
            30.1181
          ],
          [
            -99.833655,
            30.118335
          ],
          [
            -99.833586,
            30.118625
          ],
          [
            -99.833469,
            30.118873
          ],
          [
            -99.833146,
            30.119006
          ],
          [
            -99.831912,
            30.119324
          ],
          [
            -99.831478,
            30.119575
          ],
          [
            -99.830849,
            30.119734
          ],
          [
            -99.830453,
            30.119681
          ],
          [
            -99.830009,
            30.119438
          ],
          [
            -99.829442,
            30.119171
          ],
          [
            -99.828838,
            30.119065
          ],
          [
            -99.828408,
            30.118778
          ],
          [
            -99.827819,
            30.118513
          ],
          [
            -99.827079,
            30.118111
          ],
          [
            -99.826245,
            30.117951
          ],
          [
            -99.826245,
            30.117951
          ],
          [
            -99.826058,
            30.117838
          ],
          [
            -99.825866,
            30.11764
          ],
          [
            -99.825501,
            30.117497
          ],
          [
            -99.825292,
            30.11723
          ],
          [
            -99.825171,
            30.116879
          ],
          [
            -99.824898,
            30.116586
          ],
          [
            -99.824611,
            30.116277
          ],
          [
            -99.824297,
            30.115741
          ],
          [
            -99.823891,
            30.115502
          ],
          [
            -99.823655,
            30.115232
          ],
          [
            -99.82337,
            30.115309
          ],
          [
            -99.822361,
            30.115922
          ],
          [
            -99.821973,
            30.116014
          ],
          [
            -99.821433,
            30.115873
          ],
          [
            -99.821101,
            30.115861
          ],
          [
            -99.821018,
            30.1156
          ],
          [
            -99.820302,
            30.114862
          ],
          [
            -99.820207,
            30.114671
          ],
          [
            -99.820237,
            30.114431
          ],
          [
            -99.820999,
            30.113257
          ],
          [
            -99.821439,
            30.112779
          ],
          [
            -99.821849,
            30.112487
          ],
          [
            -99.822387,
            30.112318
          ],
          [
            -99.822575,
            30.112103
          ],
          [
            -99.822548,
            30.111204
          ],
          [
            -99.822473,
            30.11075
          ],
          [
            -99.822155,
            30.10967
          ],
          [
            -99.82201,
            30.109465
          ],
          [
            -99.821655,
            30.109126
          ],
          [
            -99.82158,
            30.108665
          ],
          [
            -99.82176,
            30.107451
          ],
          [
            -99.821744,
            30.106944
          ],
          [
            -99.821318,
            30.106286
          ],
          [
            -99.821189,
            30.105935
          ],
          [
            -99.821133,
            30.105718
          ],
          [
            -99.821066,
            30.10546
          ],
          [
            -99.820786,
            30.105118
          ],
          [
            -99.820452,
            30.105009
          ],
          [
            -99.819897,
            30.104999
          ],
          [
            -99.819288,
            30.105106
          ],
          [
            -99.818571,
            30.105135
          ],
          [
            -99.818158,
            30.105069
          ],
          [
            -99.817808,
            30.104926
          ],
          [
            -99.817561,
            30.104714
          ],
          [
            -99.81747,
            30.104322
          ],
          [
            -99.817535,
            30.103023
          ],
          [
            -99.817587,
            30.102554
          ],
          [
            -99.817702,
            30.10214
          ],
          [
            -99.818119,
            30.101813
          ],
          [
            -99.819209,
            30.10129
          ],
          [
            -99.819394,
            30.10114
          ],
          [
            -99.819452,
            30.100479
          ],
          [
            -99.81943,
            30.099783
          ],
          [
            -99.819728,
            30.098978
          ],
          [
            -99.819727,
            30.098751
          ],
          [
            -99.819834,
            30.098378
          ],
          [
            -99.819814,
            30.097882
          ],
          [
            -99.819336,
            30.097373
          ],
          [
            -99.819624,
            30.097065
          ],
          [
            -99.819821,
            30.096317
          ],
          [
            -99.820325,
            30.09617
          ],
          [
            -99.820866,
            30.095963
          ],
          [
            -99.821202,
            30.095535
          ],
          [
            -99.821346,
            30.0948
          ],
          [
            -99.821642,
            30.094244
          ],
          [
            -99.821913,
            30.094345
          ],
          [
            -99.822977,
            30.0946
          ],
          [
            -99.823245,
            30.094433
          ],
          [
            -99.823433,
            30.094177
          ],
          [
            -99.823641,
            30.0935
          ],
          [
            -99.823607,
            30.093204
          ],
          [
            -99.823637,
            30.093045
          ],
          [
            -99.824095,
            30.092829
          ],
          [
            -99.824626,
            30.092832
          ],
          [
            -99.825078,
            30.092892
          ],
          [
            -99.826196,
            30.092537
          ],
          [
            -99.826352,
            30.092191
          ],
          [
            -99.826696,
            30.091672
          ],
          [
            -99.826838,
            30.091527
          ],
          [
            -99.827448,
            30.091495
          ],
          [
            -99.827645,
            30.091418
          ],
          [
            -99.827899,
            30.091499
          ],
          [
            -99.828167,
            30.091346
          ],
          [
            -99.828444,
            30.091268
          ],
          [
            -99.828666,
            30.091308
          ],
          [
            -99.828922,
            30.091507
          ],
          [
            -99.829259,
            30.091542
          ],
          [
            -99.829741,
            30.09147
          ],
          [
            -99.830114,
            30.091461
          ],
          [
            -99.830305,
            30.091563
          ],
          [
            -99.830481,
            30.09179
          ],
          [
            -99.830688,
            30.091933
          ],
          [
            -99.831069,
            30.091986
          ],
          [
            -99.832166,
            30.092392
          ],
          [
            -99.832474,
            30.092363
          ],
          [
            -99.833122,
            30.092541
          ],
          [
            -99.833878,
            30.09295
          ],
          [
            -99.834221,
            30.093175
          ],
          [
            -99.834578,
            30.093283
          ],
          [
            -99.834685,
            30.093246
          ],
          [
            -99.834989,
            30.093142
          ],
          [
            -99.835239,
            30.092769
          ],
          [
            -99.835182,
            30.092576
          ],
          [
            -99.834975,
            30.09246
          ],
          [
            -99.834911,
            30.09233
          ],
          [
            -99.835052,
            30.09215
          ],
          [
            -99.835716,
            30.091693
          ],
          [
            -99.836082,
            30.091609
          ],
          [
            -99.836533,
            30.091474
          ],
          [
            -99.836892,
            30.091344
          ],
          [
            -99.837102,
            30.09125
          ],
          [
            -99.837482,
            30.091008
          ],
          [
            -99.83788,
            30.090745
          ],
          [
            -99.837985,
            30.090697
          ],
          [
            -99.838248,
            30.090637
          ],
          [
            -99.838472,
            30.090562
          ],
          [
            -99.838894,
            30.090366
          ],
          [
            -99.839181,
            30.090303
          ],
          [
            -99.838941,
            30.090086
          ],
          [
            -99.838871,
            30.090024
          ],
          [
            -99.839177,
            30.089892
          ],
          [
            -99.839379,
            30.089841
          ],
          [
            -99.839616,
            30.08981
          ],
          [
            -99.839833,
            30.089763
          ],
          [
            -99.840006,
            30.089541
          ],
          [
            -99.840622,
            30.089074
          ],
          [
            -99.840695,
            30.089018
          ],
          [
            -99.840792,
            30.088902
          ],
          [
            -99.840851,
            30.088713
          ],
          [
            -99.84084,
            30.088535
          ],
          [
            -99.840727,
            30.087225
          ],
          [
            -99.84072,
            30.086412
          ],
          [
            -99.840836,
            30.085588
          ],
          [
            -99.841105,
            30.084861
          ],
          [
            -99.841133,
            30.084762
          ],
          [
            -99.841126,
            30.084703
          ],
          [
            -99.84104,
            30.084487
          ],
          [
            -99.841001,
            30.084291
          ],
          [
            -99.841129,
            30.083796
          ],
          [
            -99.841004,
            30.083441
          ],
          [
            -99.840843,
            30.083152
          ],
          [
            -99.840698,
            30.082802
          ],
          [
            -99.840582,
            30.082279
          ],
          [
            -99.840476,
            30.081956
          ],
          [
            -99.8405,
            30.081541
          ],
          [
            -99.840514,
            30.081291
          ],
          [
            -99.840803,
            30.080703
          ],
          [
            -99.840845,
            30.080158
          ],
          [
            -99.841175,
            30.079326
          ],
          [
            -99.841298,
            30.078905
          ],
          [
            -99.841572,
            30.078462
          ],
          [
            -99.841901,
            30.078074
          ],
          [
            -99.842355,
            30.077369
          ],
          [
            -99.843077,
            30.076551
          ],
          [
            -99.84339,
            30.076115
          ],
          [
            -99.843741,
            30.075492
          ],
          [
            -99.844039,
            30.075056
          ],
          [
            -99.844199,
            30.074895
          ],
          [
            -99.844266,
            30.074828
          ],
          [
            -99.844688,
            30.074605
          ],
          [
            -99.844775,
            30.074559
          ],
          [
            -99.844907,
            30.074404
          ],
          [
            -99.845214,
            30.074046
          ],
          [
            -99.845328,
            30.073868
          ],
          [
            -99.845376,
            30.073726
          ],
          [
            -99.845433,
            30.073517
          ],
          [
            -99.845468,
            30.073333
          ],
          [
            -99.845477,
            30.073229
          ],
          [
            -99.845479,
            30.073128
          ],
          [
            -99.845473,
            30.073043
          ],
          [
            -99.845437,
            30.072925
          ],
          [
            -99.845395,
            30.072815
          ],
          [
            -99.845345,
            30.072744
          ],
          [
            -99.845165,
            30.072579
          ],
          [
            -99.845064,
            30.072467
          ],
          [
            -99.845004,
            30.072341
          ],
          [
            -99.844977,
            30.072251
          ],
          [
            -99.844919,
            30.07191
          ],
          [
            -99.844912,
            30.071829
          ],
          [
            -99.844917,
            30.07176
          ],
          [
            -99.84493,
            30.071649
          ],
          [
            -99.845091,
            30.071187
          ],
          [
            -99.845089,
            30.071039
          ],
          [
            -99.844695,
            30.071092
          ],
          [
            -99.844566,
            30.071097
          ],
          [
            -99.844337,
            30.071072
          ],
          [
            -99.844186,
            30.070998
          ],
          [
            -99.84407,
            30.070867
          ],
          [
            -99.843561,
            30.069647
          ],
          [
            -99.84351,
            30.069296
          ],
          [
            -99.843554,
            30.06882
          ],
          [
            -99.843781,
            30.066384
          ],
          [
            -99.843998,
            30.06404
          ],
          [
            -99.84404,
            30.063588
          ],
          [
            -99.844228,
            30.061922
          ],
          [
            -99.844179,
            30.059432
          ],
          [
            -99.844176,
            30.058465
          ],
          [
            -99.844155,
            30.0524
          ],
          [
            -99.844138,
            30.050863
          ],
          [
            -99.844085,
            30.045972
          ],
          [
            -99.843972,
            30.045704
          ],
          [
            -99.8438,
            30.045425
          ],
          [
            -99.842561,
            30.045944
          ],
          [
            -99.841025,
            30.046584
          ],
          [
            -99.836163,
            30.048621
          ],
          [
            -99.832498,
            30.05017
          ],
          [
            -99.832097,
            30.050335
          ],
          [
            -99.830483,
            30.051
          ],
          [
            -99.828886,
            30.051657
          ],
          [
            -99.825789,
            30.052971
          ],
          [
            -99.825252,
            30.053199
          ],
          [
            -99.823117,
            30.054095
          ],
          [
            -99.821609,
            30.054727
          ],
          [
            -99.820137,
            30.055284
          ],
          [
            -99.819622,
            30.055363
          ],
          [
            -99.814451,
            30.05595
          ],
          [
            -99.811496,
            30.056303
          ],
          [
            -99.807638,
            30.056736
          ],
          [
            -99.807453,
            30.056765
          ],
          [
            -99.807179,
            30.056808
          ],
          [
            -99.806831,
            30.056907
          ],
          [
            -99.806101,
            30.05719
          ],
          [
            -99.804618,
            30.05795
          ],
          [
            -99.803861,
            30.058348
          ],
          [
            -99.801987,
            30.059265
          ],
          [
            -99.801505,
            30.059441
          ],
          [
            -99.800936,
            30.059568
          ],
          [
            -99.800842,
            30.059573
          ],
          [
            -99.800437,
            30.059592
          ],
          [
            -99.798406,
            30.059637
          ],
          [
            -99.797233,
            30.059663
          ],
          [
            -99.796761,
            30.059666
          ],
          [
            -99.79407,
            30.059768
          ],
          [
            -99.790818,
            30.059777
          ],
          [
            -99.787472,
            30.059773
          ],
          [
            -99.783797,
            30.059776
          ],
          [
            -99.782742,
            30.059775
          ],
          [
            -99.781087,
            30.059773
          ],
          [
            -99.780723,
            30.059772
          ],
          [
            -99.77054,
            30.059781
          ],
          [
            -99.769816,
            30.059809
          ],
          [
            -99.769333,
            30.059895
          ],
          [
            -99.768978,
            30.060003
          ],
          [
            -99.768622,
            30.060112
          ],
          [
            -99.767216,
            30.060651
          ],
          [
            -99.76555,
            30.0613
          ],
          [
            -99.763809,
            30.061977
          ],
          [
            -99.761672,
            30.062764
          ],
          [
            -99.76103,
            30.062855
          ],
          [
            -99.760374,
            30.062889
          ],
          [
            -99.759775,
            30.062854
          ],
          [
            -99.757088,
            30.062601
          ],
          [
            -99.75586,
            30.062502
          ],
          [
            -99.755607,
            30.062483
          ],
          [
            -99.755159,
            30.062445
          ],
          [
            -99.754667,
            30.062405
          ],
          [
            -99.754041,
            30.062395
          ],
          [
            -99.753598,
            30.062432
          ],
          [
            -99.75302,
            30.062531
          ],
          [
            -99.7524,
            30.06278
          ],
          [
            -99.750837,
            30.063533
          ],
          [
            -99.750805,
            30.063549
          ],
          [
            -99.750332,
            30.063788
          ],
          [
            -99.747179,
            30.065326
          ],
          [
            -99.745737,
            30.066043
          ],
          [
            -99.745031,
            30.066393
          ],
          [
            -99.744584,
            30.066539
          ],
          [
            -99.744018,
            30.066661
          ],
          [
            -99.743424,
            30.066728
          ],
          [
            -99.743135,
            30.066755
          ],
          [
            -99.741382,
            30.066919
          ],
          [
            -99.740642,
            30.066971
          ],
          [
            -99.73911,
            30.067079
          ],
          [
            -99.734008,
            30.067051
          ],
          [
            -99.733167,
            30.067038
          ],
          [
            -99.7316,
            30.067013
          ],
          [
            -99.729499,
            30.066999
          ],
          [
            -99.728823,
            30.066994
          ],
          [
            -99.727218,
            30.066982
          ],
          [
            -99.724689,
            30.066928
          ],
          [
            -99.723963,
            30.066928
          ],
          [
            -99.722682,
            30.066927
          ],
          [
            -99.719994,
            30.066886
          ],
          [
            -99.716854,
            30.066853
          ],
          [
            -99.716286,
            30.066847
          ],
          [
            -99.713587,
            30.066834
          ],
          [
            -99.71121,
            30.066803
          ],
          [
            -99.709623,
            30.066788
          ],
          [
            -99.708773,
            30.06678
          ],
          [
            -99.706318,
            30.06679
          ],
          [
            -99.7039,
            30.066751
          ],
          [
            -99.701746,
            30.066711
          ],
          [
            -99.699556,
            30.066687
          ],
          [
            -99.694947,
            30.066655
          ],
          [
            -99.69459,
            30.066676
          ],
          [
            -99.694084,
            30.066759
          ],
          [
            -99.693959,
            30.066787
          ],
          [
            -99.693797,
            30.066823
          ],
          [
            -99.693926,
            30.04542
          ],
          [
            -99.693931,
            30.044653
          ],
          [
            -99.693938,
            30.043568
          ],
          [
            -99.693911,
            30.041863
          ],
          [
            -99.693808,
            30.040187
          ],
          [
            -99.693739,
            30.039381
          ],
          [
            -99.693215,
            30.033208
          ],
          [
            -99.69271,
            30.027271
          ],
          [
            -99.691679,
            30.015142
          ],
          [
            -99.690861,
            30.005525
          ],
          [
            -99.690792,
            30.004264
          ],
          [
            -99.690786,
            30.003904
          ],
          [
            -99.690761,
            30.000629
          ],
          [
            -99.690759,
            30.000385
          ],
          [
            -99.69079,
            30.000181
          ],
          [
            -99.690794,
            29.999724
          ],
          [
            -99.690799,
            29.998999
          ],
          [
            -99.690794,
            29.997004
          ],
          [
            -99.690878,
            29.991458
          ],
          [
            -99.690897,
            29.989602
          ],
          [
            -99.690906,
            29.987162
          ],
          [
            -99.690918,
            29.984031
          ],
          [
            -99.690959,
            29.982151
          ],
          [
            -99.690944,
            29.98031
          ],
          [
            -99.690963,
            29.978514
          ],
          [
            -99.690986,
            29.978135
          ],
          [
            -99.691017,
            29.977622
          ],
          [
            -99.691125,
            29.976802
          ],
          [
            -99.691243,
            29.976074
          ],
          [
            -99.691481,
            29.975084
          ],
          [
            -99.691979,
            29.973206
          ],
          [
            -99.692077,
            29.972819
          ],
          [
            -99.692917,
            29.96951
          ],
          [
            -99.693387,
            29.967682
          ],
          [
            -99.693845,
            29.965844
          ],
          [
            -99.69418,
            29.964458
          ],
          [
            -99.694286,
            29.964017
          ],
          [
            -99.694414,
            29.963268
          ],
          [
            -99.69449,
            29.962642
          ],
          [
            -99.694511,
            29.962344
          ],
          [
            -99.694678,
            29.960622
          ],
          [
            -99.694752,
            29.959541
          ],
          [
            -99.69479,
            29.958989
          ],
          [
            -99.694973,
            29.957022
          ],
          [
            -99.695039,
            29.956315
          ],
          [
            -99.695046,
            29.955694
          ],
          [
            -99.695032,
            29.954798
          ],
          [
            -99.694965,
            29.952958
          ],
          [
            -99.694965,
            29.952247
          ],
          [
            -99.694906,
            29.950626
          ],
          [
            -99.694857,
            29.948969
          ],
          [
            -99.694827,
            29.947667
          ],
          [
            -99.694719,
            29.943759
          ],
          [
            -99.694712,
            29.943492
          ],
          [
            -99.694703,
            29.943119
          ],
          [
            -99.69465,
            29.940901
          ],
          [
            -99.694727,
            29.940163
          ],
          [
            -99.694822,
            29.939064
          ],
          [
            -99.694995,
            29.937297
          ],
          [
            -99.695106,
            29.935978
          ],
          [
            -99.69514,
            29.935575
          ],
          [
            -99.695308,
            29.933823
          ],
          [
            -99.695464,
            29.932081
          ],
          [
            -99.695559,
            29.931089
          ],
          [
            -99.695621,
            29.930449
          ],
          [
            -99.695629,
            29.930323
          ],
          [
            -99.695737,
            29.928737
          ],
          [
            -99.695928,
            29.927084
          ],
          [
            -99.696151,
            29.92607
          ],
          [
            -99.696196,
            29.925863
          ],
          [
            -99.696335,
            29.925341
          ],
          [
            -99.696849,
            29.924183
          ],
          [
            -99.697091,
            29.923685
          ],
          [
            -99.698177,
            29.922052
          ],
          [
            -99.699258,
            29.92044
          ],
          [
            -99.700327,
            29.918827
          ],
          [
            -99.701402,
            29.917229
          ],
          [
            -99.701913,
            29.916457
          ],
          [
            -99.702472,
            29.915612
          ],
          [
            -99.703292,
            29.91432
          ],
          [
            -99.703439,
            29.914089
          ],
          [
            -99.703968,
            29.912999
          ],
          [
            -99.704155,
            29.912592
          ],
          [
            -99.704844,
            29.91114
          ],
          [
            -99.705554,
            29.909609
          ],
          [
            -99.706208,
            29.908173
          ],
          [
            -99.706518,
            29.90719
          ],
          [
            -99.706634,
            29.906628
          ],
          [
            -99.706729,
            29.905999
          ],
          [
            -99.706741,
            29.905308
          ],
          [
            -99.706541,
            29.903171
          ],
          [
            -99.706337,
            29.901322
          ],
          [
            -99.706207,
            29.900361
          ],
          [
            -99.706107,
            29.899939
          ],
          [
            -99.705962,
            29.899493
          ],
          [
            -99.705364,
            29.898455
          ],
          [
            -99.70353,
            29.895875
          ],
          [
            -99.702244,
            29.894111
          ],
          [
            -99.701032,
            29.892381
          ],
          [
            -99.6999,
            29.890775
          ],
          [
            -99.69962,
            29.890252
          ],
          [
            -99.699486,
            29.889821
          ],
          [
            -99.699415,
            29.889473
          ],
          [
            -99.699366,
            29.889042
          ],
          [
            -99.699355,
            29.888612
          ],
          [
            -99.699361,
            29.888502
          ],
          [
            -99.69939,
            29.887981
          ],
          [
            -99.699502,
            29.886448
          ],
          [
            -99.699524,
            29.885824
          ],
          [
            -99.699486,
            29.885318
          ],
          [
            -99.699397,
            29.884841
          ],
          [
            -99.699326,
            29.884544
          ],
          [
            -99.699198,
            29.884278
          ],
          [
            -99.69911,
            29.884095
          ],
          [
            -99.69881,
            29.88362
          ],
          [
            -99.698459,
            29.88319
          ],
          [
            -99.698206,
            29.882918
          ],
          [
            -99.69716,
            29.882096
          ],
          [
            -99.696564,
            29.881637
          ],
          [
            -99.694774,
            29.880293
          ],
          [
            -99.694539,
            29.880096
          ],
          [
            -99.692427,
            29.878529
          ],
          [
            -99.690304,
            29.876914
          ],
          [
            -99.689883,
            29.876536
          ],
          [
            -99.689653,
            29.876249
          ],
          [
            -99.689439,
            29.875882
          ],
          [
            -99.689311,
            29.87554
          ],
          [
            -99.689225,
            29.875176
          ],
          [
            -99.689204,
            29.87485
          ],
          [
            -99.689249,
            29.874289
          ],
          [
            -99.689398,
            29.873696
          ],
          [
            -99.689718,
            29.872509
          ],
          [
            -99.689786,
            29.872144
          ],
          [
            -99.689818,
            29.871975
          ],
          [
            -99.689877,
            29.87159
          ],
          [
            -99.689895,
            29.871104
          ],
          [
            -99.689837,
            29.870662
          ],
          [
            -99.689724,
            29.870283
          ],
          [
            -99.689592,
            29.869868
          ],
          [
            -99.689035,
            29.868563
          ],
          [
            -99.688316,
            29.866847
          ],
          [
            -99.687542,
            29.865132
          ],
          [
            -99.686861,
            29.863593
          ],
          [
            -99.686448,
            29.862864
          ],
          [
            -99.685848,
            29.861901
          ],
          [
            -99.684551,
            29.859916
          ],
          [
            -99.684021,
            29.859088
          ],
          [
            -99.683551,
            29.858352
          ],
          [
            -99.683059,
            29.857554
          ],
          [
            -99.682872,
            29.857106
          ],
          [
            -99.682734,
            29.856691
          ],
          [
            -99.682528,
            29.855613
          ],
          [
            -99.682427,
            29.85516
          ],
          [
            -99.682308,
            29.854707
          ],
          [
            -99.682239,
            29.854505
          ],
          [
            -99.68208,
            29.854164
          ],
          [
            -99.68187,
            29.853812
          ],
          [
            -99.681185,
            29.85289
          ],
          [
            -99.680729,
            29.852286
          ],
          [
            -99.680432,
            29.851823
          ],
          [
            -99.680361,
            29.851719
          ],
          [
            -99.680265,
            29.851579
          ],
          [
            -99.679971,
            29.851025
          ],
          [
            -99.67974,
            29.850482
          ],
          [
            -99.67954,
            29.849874
          ],
          [
            -99.679242,
            29.84876
          ],
          [
            -99.67911,
            29.848312
          ],
          [
            -99.678948,
            29.847859
          ],
          [
            -99.678842,
            29.847636
          ],
          [
            -99.678591,
            29.847194
          ],
          [
            -99.678332,
            29.846864
          ],
          [
            -99.677975,
            29.846551
          ],
          [
            -99.677538,
            29.846222
          ],
          [
            -99.676519,
            29.845384
          ],
          [
            -99.675952,
            29.844853
          ],
          [
            -99.675563,
            29.844476
          ],
          [
            -99.674093,
            29.84301
          ],
          [
            -99.673483,
            29.842389
          ],
          [
            -99.671853,
            29.840833
          ],
          [
            -99.670136,
            29.839107
          ],
          [
            -99.670025,
            29.838995
          ],
          [
            -99.6694,
            29.83848
          ],
          [
            -99.668963,
            29.83821
          ],
          [
            -99.668701,
            29.838073
          ],
          [
            -99.668238,
            29.83783
          ],
          [
            -99.667262,
            29.837413
          ],
          [
            -99.666589,
            29.837053
          ],
          [
            -99.666072,
            29.836698
          ],
          [
            -99.665758,
            29.836395
          ],
          [
            -99.665486,
            29.836061
          ],
          [
            -99.665134,
            29.835464
          ],
          [
            -99.665106,
            29.835416
          ],
          [
            -99.664906,
            29.834857
          ],
          [
            -99.66486,
            29.834377
          ],
          [
            -99.664851,
            29.834019
          ],
          [
            -99.664966,
            29.833341
          ],
          [
            -99.665165,
            29.8328
          ],
          [
            -99.665425,
            29.832367
          ],
          [
            -99.665644,
            29.832077
          ],
          [
            -99.666085,
            29.831621
          ],
          [
            -99.666413,
            29.831369
          ],
          [
            -99.666859,
            29.831126
          ],
          [
            -99.667476,
            29.830872
          ],
          [
            -99.668233,
            29.830639
          ],
          [
            -99.670064,
            29.830192
          ],
          [
            -99.671248,
            29.830026
          ],
          [
            -99.671692,
            29.830018
          ],
          [
            -99.672395,
            29.830002
          ],
          [
            -99.673699,
            29.829981
          ],
          [
            -99.67433,
            29.829935
          ],
          [
            -99.674715,
            29.829869
          ],
          [
            -99.675234,
            29.829696
          ],
          [
            -99.675613,
            29.829534
          ],
          [
            -99.676159,
            29.829248
          ],
          [
            -99.676518,
            29.828974
          ],
          [
            -99.676816,
            29.828695
          ],
          [
            -99.677211,
            29.828153
          ],
          [
            -99.677288,
            29.828002
          ],
          [
            -99.67738,
            29.827822
          ],
          [
            -99.677532,
            29.827502
          ],
          [
            -99.677558,
            29.827447
          ],
          [
            -99.677675,
            29.826995
          ],
          [
            -99.677713,
            29.826848
          ],
          [
            -99.677795,
            29.82625
          ],
          [
            -99.677826,
            29.825944
          ],
          [
            -99.677872,
            29.825481
          ],
          [
            -99.678143,
            29.823387
          ],
          [
            -99.678319,
            29.821891
          ],
          [
            -99.678472,
            29.820668
          ],
          [
            -99.678537,
            29.820144
          ],
          [
            -99.678713,
            29.818558
          ],
          [
            -99.678733,
            29.818431
          ],
          [
            -99.678865,
            29.817591
          ],
          [
            -99.67898,
            29.816859
          ],
          [
            -99.679161,
            29.815118
          ],
          [
            -99.679361,
            29.813419
          ],
          [
            -99.679473,
            29.812691
          ],
          [
            -99.679528,
            29.812335
          ],
          [
            -99.679641,
            29.81187
          ],
          [
            -99.679847,
            29.811436
          ],
          [
            -99.680165,
            29.810927
          ],
          [
            -99.680571,
            29.810429
          ],
          [
            -99.680955,
            29.81009
          ],
          [
            -99.68154,
            29.809523
          ],
          [
            -99.682026,
            29.809052
          ],
          [
            -99.682217,
            29.808867
          ],
          [
            -99.683497,
            29.807728
          ],
          [
            -99.685508,
            29.805898
          ],
          [
            -99.686026,
            29.805428
          ],
          [
            -99.686247,
            29.805227
          ],
          [
            -99.686479,
            29.805009
          ],
          [
            -99.687752,
            29.803809
          ],
          [
            -99.689276,
            29.802424
          ],
          [
            -99.689721,
            29.802107
          ],
          [
            -99.69048,
            29.80167
          ],
          [
            -99.691469,
            29.801244
          ],
          [
            -99.693262,
            29.800599
          ],
          [
            -99.693619,
            29.80047
          ],
          [
            -99.693969,
            29.800344
          ],
          [
            -99.694148,
            29.800274
          ],
          [
            -99.696214,
            29.799462
          ],
          [
            -99.696639,
            29.799295
          ],
          [
            -99.69942,
            29.798228
          ],
          [
            -99.700178,
            29.797925
          ],
          [
            -99.700381,
            29.797844
          ],
          [
            -99.70082,
            29.797548
          ],
          [
            -99.700928,
            29.797463
          ],
          [
            -99.701103,
            29.797325
          ],
          [
            -99.701222,
            29.797231
          ],
          [
            -99.701575,
            29.796904
          ],
          [
            -99.7019,
            29.796576
          ],
          [
            -99.702547,
            29.795457
          ],
          [
            -99.70367,
            29.793684
          ],
          [
            -99.704239,
            29.792747
          ],
          [
            -99.704665,
            29.792045
          ],
          [
            -99.704897,
            29.791499
          ],
          [
            -99.705082,
            29.790858
          ],
          [
            -99.705189,
            29.790318
          ],
          [
            -99.705363,
            29.788561
          ],
          [
            -99.705369,
            29.788514
          ],
          [
            -99.705603,
            29.786574
          ],
          [
            -99.705644,
            29.786257
          ],
          [
            -99.705838,
            29.784757
          ],
          [
            -99.705967,
            29.783523
          ],
          [
            -99.706147,
            29.782957
          ],
          [
            -99.706243,
            29.782721
          ],
          [
            -99.706608,
            29.781977
          ],
          [
            -99.706718,
            29.781808
          ],
          [
            -99.706832,
            29.781634
          ],
          [
            -99.707137,
            29.781258
          ],
          [
            -99.707245,
            29.781125
          ],
          [
            -99.707649,
            29.780701
          ],
          [
            -99.708506,
            29.779933
          ],
          [
            -99.710669,
            29.778106
          ],
          [
            -99.711097,
            29.777749
          ],
          [
            -99.712485,
            29.776591
          ],
          [
            -99.714361,
            29.774958
          ],
          [
            -99.715343,
            29.774151
          ],
          [
            -99.716244,
            29.773411
          ],
          [
            -99.71809,
            29.771826
          ],
          [
            -99.719923,
            29.770236
          ],
          [
            -99.720554,
            29.769701
          ],
          [
            -99.723583,
            29.76713
          ],
          [
            -99.725479,
            29.765518
          ],
          [
            -99.726795,
            29.764288
          ],
          [
            -99.727256,
            29.763816
          ],
          [
            -99.727391,
            29.763685
          ],
          [
            -99.728889,
            29.762237
          ],
          [
            -99.729434,
            29.761716
          ],
          [
            -99.730726,
            29.760482
          ],
          [
            -99.732448,
            29.758785
          ],
          [
            -99.732816,
            29.758431
          ],
          [
            -99.735935,
            29.755424
          ],
          [
            -99.73767,
            29.753738
          ],
          [
            -99.738105,
            29.753384
          ],
          [
            -99.73875,
            29.752926
          ],
          [
            -99.740348,
            29.751946
          ],
          [
            -99.742118,
            29.750868
          ],
          [
            -99.743207,
            29.750168
          ],
          [
            -99.745821,
            29.748591
          ],
          [
            -99.7478,
            29.747358
          ],
          [
            -99.748151,
            29.747139
          ],
          [
            -99.749254,
            29.74647
          ],
          [
            -99.75016,
            29.74592
          ],
          [
            -99.751193,
            29.745293
          ],
          [
            -99.752004,
            29.744828
          ],
          [
            -99.753979,
            29.743614
          ],
          [
            -99.754762,
            29.743123
          ],
          [
            -99.755992,
            29.742374
          ],
          [
            -99.758219,
            29.741002
          ],
          [
            -99.75905,
            29.740489
          ],
          [
            -99.75937,
            29.740292
          ],
          [
            -99.760121,
            29.739736
          ],
          [
            -99.760393,
            29.739463
          ],
          [
            -99.760781,
            29.73897
          ],
          [
            -99.760951,
            29.738691
          ],
          [
            -99.761205,
            29.738162
          ],
          [
            -99.761293,
            29.737881
          ],
          [
            -99.761346,
            29.73771
          ],
          [
            -99.761392,
            29.737273
          ],
          [
            -99.7614,
            29.736647
          ],
          [
            -99.761407,
            29.736511
          ],
          [
            -99.761367,
            29.736231
          ],
          [
            -99.761356,
            29.736112
          ],
          [
            -99.761333,
            29.735958
          ],
          [
            -99.761291,
            29.735682
          ],
          [
            -99.761271,
            29.735553
          ],
          [
            -99.761261,
            29.735476
          ],
          [
            -99.761187,
            29.734918
          ],
          [
            -99.761177,
            29.734845
          ],
          [
            -99.761143,
            29.734591
          ],
          [
            -99.760993,
            29.733551
          ],
          [
            -99.760961,
            29.733332
          ],
          [
            -99.760808,
            29.732283
          ],
          [
            -99.760775,
            29.731857
          ],
          [
            -99.760766,
            29.731481
          ],
          [
            -99.760765,
            29.731442
          ],
          [
            -99.760771,
            29.731382
          ],
          [
            -99.760836,
            29.731078
          ],
          [
            -99.760889,
            29.730802
          ],
          [
            -99.761052,
            29.730104
          ],
          [
            -99.761243,
            29.729249
          ],
          [
            -99.761301,
            29.728969
          ],
          [
            -99.761325,
            29.728905
          ],
          [
            -99.761345,
            29.728864
          ],
          [
            -99.761416,
            29.72874
          ],
          [
            -99.761254,
            29.728694
          ],
          [
            -99.76127,
            29.728623
          ],
          [
            -99.76128,
            29.728527
          ],
          [
            -99.761354,
            29.728119
          ],
          [
            -99.761483,
            29.727369
          ],
          [
            -99.761637,
            29.726633
          ],
          [
            -99.761653,
            29.72656
          ],
          [
            -99.761702,
            29.726441
          ],
          [
            -99.7618,
            29.725969
          ],
          [
            -99.76183,
            29.725826
          ],
          [
            -99.761829,
            29.725753
          ],
          [
            -99.761826,
            29.725678
          ],
          [
            -99.761947,
            29.724991
          ],
          [
            -99.762086,
            29.724225
          ],
          [
            -99.761506,
            29.724129
          ],
          [
            -99.761223,
            29.724089
          ],
          [
            -99.760435,
            29.723978
          ],
          [
            -99.76019,
            29.723943
          ],
          [
            -99.759548,
            29.723852
          ],
          [
            -99.759375,
            29.723827
          ],
          [
            -99.758234,
            29.72366
          ],
          [
            -99.757789,
            29.72354
          ],
          [
            -99.757501,
            29.723438
          ],
          [
            -99.757374,
            29.723367
          ],
          [
            -99.756614,
            29.723036
          ],
          [
            -99.756557,
            29.723009
          ],
          [
            -99.756324,
            29.722932
          ],
          [
            -99.756071,
            29.722907
          ],
          [
            -99.756036,
            29.722908
          ],
          [
            -99.755625,
            29.722923
          ],
          [
            -99.755203,
            29.722989
          ],
          [
            -99.754781,
            29.723055
          ],
          [
            -99.754396,
            29.723116
          ],
          [
            -99.754152,
            29.723154
          ],
          [
            -99.753815,
            29.723173
          ],
          [
            -99.753262,
            29.72317
          ],
          [
            -99.752992,
            29.723143
          ],
          [
            -99.752389,
            29.723084
          ],
          [
            -99.751838,
            29.723022
          ],
          [
            -99.751341,
            29.722967
          ],
          [
            -99.750337,
            29.722853
          ],
          [
            -99.749559,
            29.722769
          ],
          [
            -99.748374,
            29.722673
          ],
          [
            -99.74726,
            29.722551
          ],
          [
            -99.747102,
            29.722526
          ],
          [
            -99.746605,
            29.722449
          ],
          [
            -99.746133,
            29.722352
          ],
          [
            -99.745776,
            29.72223
          ],
          [
            -99.745523,
            29.722117
          ],
          [
            -99.744806,
            29.721685
          ],
          [
            -99.744145,
            29.721293
          ],
          [
            -99.743097,
            29.720672
          ],
          [
            -99.741372,
            29.719619
          ],
          [
            -99.739219,
            29.718313
          ],
          [
            -99.73884,
            29.718082
          ],
          [
            -99.73798,
            29.717556
          ],
          [
            -99.73704,
            29.717011
          ],
          [
            -99.736631,
            29.716812
          ],
          [
            -99.736205,
            29.716623
          ],
          [
            -99.734765,
            29.716023
          ],
          [
            -99.733808,
            29.715585
          ],
          [
            -99.733488,
            29.715385
          ],
          [
            -99.733209,
            29.715137
          ],
          [
            -99.733031,
            29.71494
          ],
          [
            -99.732878,
            29.714739
          ],
          [
            -99.732606,
            29.71429
          ],
          [
            -99.73239,
            29.714009
          ],
          [
            -99.732173,
            29.713676
          ],
          [
            -99.731652,
            29.712931
          ],
          [
            -99.73144,
            29.71265
          ],
          [
            -99.731291,
            29.712464
          ],
          [
            -99.731122,
            29.7123
          ],
          [
            -99.731016,
            29.712203
          ],
          [
            -99.730847,
            29.712049
          ],
          [
            -99.73048,
            29.711842
          ],
          [
            -99.730093,
            29.711694
          ],
          [
            -99.729786,
            29.711604
          ],
          [
            -99.729496,
            29.711565
          ],
          [
            -99.729466,
            29.711565
          ],
          [
            -99.729115,
            29.711551
          ],
          [
            -99.729012,
            29.711553
          ],
          [
            -99.72887,
            29.711554
          ],
          [
            -99.728662,
            29.711582
          ],
          [
            -99.72694,
            29.71177
          ],
          [
            -99.724871,
            29.711986
          ],
          [
            -99.724426,
            29.712034
          ],
          [
            -99.721919,
            29.712304
          ],
          [
            -99.720822,
            29.712422
          ],
          [
            -99.720016,
            29.712509
          ],
          [
            -99.714469,
            29.713106
          ],
          [
            -99.712672,
            29.713308
          ],
          [
            -99.711077,
            29.713486
          ],
          [
            -99.710273,
            29.713576
          ],
          [
            -99.709781,
            29.713627
          ],
          [
            -99.708166,
            29.713796
          ],
          [
            -99.703517,
            29.714301
          ],
          [
            -99.703228,
            29.714376
          ],
          [
            -99.703039,
            29.714428
          ],
          [
            -99.702272,
            29.714641
          ],
          [
            -99.700302,
            29.715234
          ],
          [
            -99.69894,
            29.715616
          ],
          [
            -99.698621,
            29.715669
          ],
          [
            -99.698361,
            29.715692
          ],
          [
            -99.697874,
            29.71572
          ],
          [
            -99.697089,
            29.715739
          ],
          [
            -99.696147,
            29.715774
          ],
          [
            -99.695923,
            29.715792
          ],
          [
            -99.695794,
            29.715825
          ],
          [
            -99.695699,
            29.715857
          ],
          [
            -99.695549,
            29.715912
          ],
          [
            -99.695344,
            29.716016
          ],
          [
            -99.695156,
            29.716127
          ],
          [
            -99.694612,
            29.716492
          ],
          [
            -99.694382,
            29.716618
          ],
          [
            -99.694068,
            29.716759
          ],
          [
            -99.693978,
            29.716785
          ],
          [
            -99.693716,
            29.71686
          ],
          [
            -99.692807,
            29.717099
          ],
          [
            -99.692425,
            29.717259
          ],
          [
            -99.692254,
            29.717374
          ],
          [
            -99.6921,
            29.717521
          ],
          [
            -99.69195,
            29.717679
          ],
          [
            -99.6918,
            29.717889
          ],
          [
            -99.691469,
            29.71858
          ],
          [
            -99.691392,
            29.718757
          ],
          [
            -99.691291,
            29.718988
          ],
          [
            -99.69105,
            29.719348
          ],
          [
            -99.690902,
            29.719546
          ],
          [
            -99.690766,
            29.719662
          ],
          [
            -99.690511,
            29.719839
          ],
          [
            -99.690268,
            29.719957
          ],
          [
            -99.690042,
            29.720032
          ],
          [
            -99.689711,
            29.720092
          ],
          [
            -99.688954,
            29.720072
          ],
          [
            -99.687615,
            29.720037
          ],
          [
            -99.687,
            29.720021
          ],
          [
            -99.685032,
            29.71997
          ],
          [
            -99.684507,
            29.719968
          ],
          [
            -99.684168,
            29.719991
          ],
          [
            -99.683764,
            29.720031
          ],
          [
            -99.683315,
            29.720147
          ],
          [
            -99.682951,
            29.720261
          ],
          [
            -99.682507,
            29.720441
          ],
          [
            -99.682168,
            29.720623
          ],
          [
            -99.6819,
            29.720789
          ],
          [
            -99.681386,
            29.721176
          ],
          [
            -99.681028,
            29.721453
          ],
          [
            -99.680375,
            29.721959
          ],
          [
            -99.679973,
            29.722199
          ],
          [
            -99.679571,
            29.722373
          ],
          [
            -99.679052,
            29.722512
          ],
          [
            -99.678603,
            29.722587
          ],
          [
            -99.678361,
            29.722586
          ],
          [
            -99.678229,
            29.722586
          ],
          [
            -99.678002,
            29.722539
          ],
          [
            -99.677787,
            29.722467
          ],
          [
            -99.67755,
            29.722345
          ],
          [
            -99.677349,
            29.722242
          ],
          [
            -99.677016,
            29.72202
          ],
          [
            -99.676628,
            29.72182
          ],
          [
            -99.675689,
            29.721528
          ],
          [
            -99.675248,
            29.721443
          ],
          [
            -99.674927,
            29.72143
          ],
          [
            -99.674472,
            29.721442
          ],
          [
            -99.673508,
            29.721498
          ],
          [
            -99.672834,
            29.721601
          ],
          [
            -99.672226,
            29.721766
          ],
          [
            -99.671987,
            29.721886
          ],
          [
            -99.67187,
            29.721944
          ],
          [
            -99.671632,
            29.722095
          ],
          [
            -99.671461,
            29.722265
          ],
          [
            -99.671298,
            29.72246
          ],
          [
            -99.670715,
            29.723713
          ],
          [
            -99.670563,
            29.72412
          ],
          [
            -99.670426,
            29.724488
          ],
          [
            -99.67033,
            29.725016
          ],
          [
            -99.670326,
            29.725037
          ],
          [
            -99.670266,
            29.725669
          ],
          [
            -99.670196,
            29.725893
          ],
          [
            -99.670062,
            29.726025
          ],
          [
            -99.669952,
            29.726059
          ],
          [
            -99.669823,
            29.726067
          ],
          [
            -99.669717,
            29.72603
          ],
          [
            -99.669574,
            29.72594
          ],
          [
            -99.669269,
            29.725729
          ],
          [
            -99.668768,
            29.725269
          ],
          [
            -99.668592,
            29.725142
          ],
          [
            -99.668245,
            29.724909
          ],
          [
            -99.668003,
            29.724759
          ],
          [
            -99.667829,
            29.724649
          ],
          [
            -99.667603,
            29.724515
          ],
          [
            -99.667433,
            29.724425
          ],
          [
            -99.667259,
            29.72435
          ],
          [
            -99.667113,
            29.724305
          ],
          [
            -99.666894,
            29.724273
          ],
          [
            -99.66658,
            29.724231
          ],
          [
            -99.66638,
            29.724179
          ],
          [
            -99.666079,
            29.72406
          ],
          [
            -99.665735,
            29.723895
          ],
          [
            -99.665444,
            29.723725
          ],
          [
            -99.664988,
            29.723419
          ],
          [
            -99.664756,
            29.723267
          ],
          [
            -99.664562,
            29.723113
          ],
          [
            -99.664453,
            29.723006
          ],
          [
            -99.664358,
            29.722876
          ],
          [
            -99.664276,
            29.722758
          ],
          [
            -99.664199,
            29.722608
          ],
          [
            -99.664155,
            29.722487
          ],
          [
            -99.664106,
            29.722365
          ],
          [
            -99.664088,
            29.722246
          ],
          [
            -99.664078,
            29.722181
          ],
          [
            -99.664085,
            29.722071
          ],
          [
            -99.66411,
            29.721936
          ],
          [
            -99.664111,
            29.721839
          ],
          [
            -99.664097,
            29.721742
          ],
          [
            -99.66406,
            29.721647
          ],
          [
            -99.663999,
            29.721529
          ],
          [
            -99.663947,
            29.721414
          ],
          [
            -99.663929,
            29.721346
          ],
          [
            -99.663923,
            29.721285
          ],
          [
            -99.663928,
            29.72121
          ],
          [
            -99.663952,
            29.721129
          ],
          [
            -99.664027,
            29.720986
          ],
          [
            -99.664113,
            29.720835
          ],
          [
            -99.664141,
            29.720728
          ],
          [
            -99.664143,
            29.720639
          ],
          [
            -99.664118,
            29.720546
          ],
          [
            -99.664076,
            29.720445
          ],
          [
            -99.664,
            29.720338
          ],
          [
            -99.663909,
            29.720257
          ],
          [
            -99.663795,
            29.720182
          ],
          [
            -99.663686,
            29.720145
          ],
          [
            -99.663421,
            29.720073
          ],
          [
            -99.663271,
            29.720007
          ],
          [
            -99.663183,
            29.719944
          ],
          [
            -99.663119,
            29.719882
          ],
          [
            -99.663057,
            29.71978
          ],
          [
            -99.663017,
            29.719646
          ],
          [
            -99.662985,
            29.719456
          ],
          [
            -99.662928,
            29.719261
          ],
          [
            -99.662873,
            29.71915
          ],
          [
            -99.662805,
            29.719089
          ],
          [
            -99.662705,
            29.719024
          ],
          [
            -99.662588,
            29.718977
          ],
          [
            -99.66239,
            29.718941
          ],
          [
            -99.66212,
            29.718895
          ],
          [
            -99.661917,
            29.718838
          ],
          [
            -99.661669,
            29.718742
          ],
          [
            -99.661507,
            29.718693
          ],
          [
            -99.661384,
            29.718676
          ],
          [
            -99.661264,
            29.718674
          ],
          [
            -99.661097,
            29.718698
          ],
          [
            -99.660534,
            29.71888
          ],
          [
            -99.660341,
            29.718923
          ],
          [
            -99.660167,
            29.718934
          ],
          [
            -99.659983,
            29.718925
          ],
          [
            -99.659822,
            29.718882
          ],
          [
            -99.659588,
            29.71879
          ],
          [
            -99.659306,
            29.718661
          ],
          [
            -99.659143,
            29.718594
          ],
          [
            -99.658852,
            29.718512
          ],
          [
            -99.658644,
            29.718476
          ],
          [
            -99.658406,
            29.718459
          ],
          [
            -99.658126,
            29.718456
          ],
          [
            -99.65794,
            29.718466
          ],
          [
            -99.657781,
            29.718512
          ],
          [
            -99.657651,
            29.718583
          ],
          [
            -99.657559,
            29.718668
          ],
          [
            -99.657481,
            29.718776
          ],
          [
            -99.657422,
            29.718894
          ],
          [
            -99.657385,
            29.719015
          ],
          [
            -99.657375,
            29.719162
          ],
          [
            -99.657396,
            29.719353
          ],
          [
            -99.657434,
            29.719548
          ],
          [
            -99.657506,
            29.719791
          ],
          [
            -99.657587,
            29.719984
          ],
          [
            -99.657702,
            29.720328
          ],
          [
            -99.65779,
            29.720618
          ],
          [
            -99.657815,
            29.72073
          ],
          [
            -99.65781,
            29.72085
          ],
          [
            -99.65778,
            29.720974
          ],
          [
            -99.657712,
            29.721116
          ],
          [
            -99.657632,
            29.721237
          ],
          [
            -99.65755,
            29.721332
          ],
          [
            -99.65747,
            29.721396
          ],
          [
            -99.657426,
            29.721421
          ],
          [
            -99.657294,
            29.721493
          ],
          [
            -99.657051,
            29.721549
          ],
          [
            -99.656829,
            29.721605
          ],
          [
            -99.656622,
            29.721692
          ],
          [
            -99.656304,
            29.721859
          ],
          [
            -99.656004,
            29.72195
          ],
          [
            -99.655867,
            29.72201
          ],
          [
            -99.655753,
            29.722085
          ],
          [
            -99.65565,
            29.722205
          ],
          [
            -99.655593,
            29.722301
          ],
          [
            -99.655557,
            29.722381
          ],
          [
            -99.655523,
            29.722618
          ],
          [
            -99.655504,
            29.722934
          ],
          [
            -99.655521,
            29.723235
          ],
          [
            -99.655551,
            29.723489
          ],
          [
            -99.6556,
            29.723737
          ],
          [
            -99.655685,
            29.724079
          ],
          [
            -99.655762,
            29.72429
          ],
          [
            -99.655839,
            29.724451
          ],
          [
            -99.655962,
            29.724705
          ],
          [
            -99.656044,
            29.72491
          ],
          [
            -99.656084,
            29.725123
          ],
          [
            -99.656092,
            29.725267
          ],
          [
            -99.656102,
            29.72557
          ],
          [
            -99.656118,
            29.725722
          ],
          [
            -99.65618,
            29.726012
          ],
          [
            -99.656187,
            29.726154
          ],
          [
            -99.656183,
            29.726303
          ],
          [
            -99.656163,
            29.72641
          ],
          [
            -99.65611,
            29.726671
          ],
          [
            -99.656108,
            29.72679
          ],
          [
            -99.656132,
            29.726883
          ],
          [
            -99.65618,
            29.726979
          ],
          [
            -99.656219,
            29.727059
          ],
          [
            -99.656326,
            29.727152
          ],
          [
            -99.656471,
            29.727278
          ],
          [
            -99.656529,
            29.727346
          ],
          [
            -99.656573,
            29.727444
          ],
          [
            -99.656602,
            29.727527
          ],
          [
            -99.656584,
            29.727624
          ],
          [
            -99.656566,
            29.727664
          ],
          [
            -99.656542,
            29.727716
          ],
          [
            -99.656464,
            29.727807
          ],
          [
            -99.656266,
            29.72799
          ],
          [
            -99.656088,
            29.728127
          ],
          [
            -99.655926,
            29.728231
          ],
          [
            -99.655702,
            29.728319
          ],
          [
            -99.655529,
            29.728349
          ],
          [
            -99.655252,
            29.728388
          ],
          [
            -99.655052,
            29.728415
          ],
          [
            -99.654919,
            29.72845
          ],
          [
            -99.654887,
            29.728464
          ],
          [
            -99.654784,
            29.728509
          ],
          [
            -99.654673,
            29.7286
          ],
          [
            -99.654597,
            29.728713
          ],
          [
            -99.65455,
            29.728854
          ],
          [
            -99.654529,
            29.729066
          ],
          [
            -99.654527,
            29.729362
          ],
          [
            -99.654514,
            29.729837
          ],
          [
            -99.654522,
            29.729945
          ],
          [
            -99.654546,
            29.730094
          ],
          [
            -99.654581,
            29.730228
          ],
          [
            -99.654674,
            29.730462
          ],
          [
            -99.6547,
            29.730575
          ],
          [
            -99.6547,
            29.730659
          ],
          [
            -99.654681,
            29.730759
          ],
          [
            -99.654632,
            29.730867
          ],
          [
            -99.654546,
            29.730971
          ],
          [
            -99.654243,
            29.731187
          ],
          [
            -99.653179,
            29.731894
          ],
          [
            -99.65305,
            29.731948
          ],
          [
            -99.652952,
            29.731973
          ],
          [
            -99.652808,
            29.731996
          ],
          [
            -99.652699,
            29.732003
          ],
          [
            -99.652522,
            29.731983
          ],
          [
            -99.652268,
            29.731949
          ],
          [
            -99.652138,
            29.731942
          ],
          [
            -99.651973,
            29.73197
          ],
          [
            -99.651824,
            29.732015
          ],
          [
            -99.651634,
            29.732093
          ],
          [
            -99.651459,
            29.73215
          ],
          [
            -99.651335,
            29.732171
          ],
          [
            -99.651244,
            29.732172
          ],
          [
            -99.650985,
            29.732159
          ],
          [
            -99.650841,
            29.732147
          ],
          [
            -99.650725,
            29.73216
          ],
          [
            -99.650615,
            29.732198
          ],
          [
            -99.650506,
            29.732266
          ],
          [
            -99.65024,
            29.732488
          ],
          [
            -99.649966,
            29.732669
          ],
          [
            -99.649879,
            29.732734
          ],
          [
            -99.649819,
            29.732798
          ],
          [
            -99.649772,
            29.732847
          ],
          [
            -99.649675,
            29.732998
          ],
          [
            -99.649533,
            29.733253
          ],
          [
            -99.649396,
            29.733442
          ],
          [
            -99.649222,
            29.733604
          ],
          [
            -99.649141,
            29.733663
          ],
          [
            -99.649024,
            29.733711
          ],
          [
            -99.648861,
            29.73376
          ],
          [
            -99.64872,
            29.733768
          ],
          [
            -99.64857,
            29.733767
          ],
          [
            -99.648343,
            29.733714
          ],
          [
            -99.648076,
            29.733642
          ],
          [
            -99.647942,
            29.733622
          ],
          [
            -99.647803,
            29.733625
          ],
          [
            -99.647657,
            29.733647
          ],
          [
            -99.647493,
            29.733698
          ],
          [
            -99.647382,
            29.733737
          ],
          [
            -99.647042,
            29.73386
          ],
          [
            -99.646878,
            29.733897
          ],
          [
            -99.646618,
            29.733934
          ],
          [
            -99.646409,
            29.733963
          ],
          [
            -99.646195,
            29.734021
          ],
          [
            -99.645938,
            29.734126
          ],
          [
            -99.645638,
            29.7343
          ],
          [
            -99.64508,
            29.734546
          ],
          [
            -99.644773,
            29.73465
          ],
          [
            -99.644594,
            29.73469
          ],
          [
            -99.644467,
            29.734701
          ],
          [
            -99.644306,
            29.734689
          ],
          [
            -99.644175,
            29.734648
          ],
          [
            -99.644033,
            29.734554
          ],
          [
            -99.643825,
            29.734384
          ],
          [
            -99.643707,
            29.734326
          ],
          [
            -99.643544,
            29.73429
          ],
          [
            -99.643414,
            29.734288
          ],
          [
            -99.643288,
            29.734317
          ],
          [
            -99.643199,
            29.734361
          ],
          [
            -99.643084,
            29.734438
          ],
          [
            -99.642908,
            29.734599
          ],
          [
            -99.642804,
            29.734673
          ],
          [
            -99.642708,
            29.73471
          ],
          [
            -99.642571,
            29.734734
          ],
          [
            -99.642439,
            29.734742
          ],
          [
            -99.642308,
            29.734697
          ],
          [
            -99.642082,
            29.734564
          ],
          [
            -99.641931,
            29.734492
          ],
          [
            -99.641838,
            29.734468
          ],
          [
            -99.641691,
            29.734461
          ],
          [
            -99.641597,
            29.734476
          ],
          [
            -99.641468,
            29.734522
          ],
          [
            -99.641284,
            29.734629
          ],
          [
            -99.641071,
            29.734765
          ],
          [
            -99.640765,
            29.734928
          ],
          [
            -99.640331,
            29.735124
          ],
          [
            -99.639887,
            29.735355
          ],
          [
            -99.639548,
            29.735491
          ],
          [
            -99.639251,
            29.735614
          ],
          [
            -99.63893,
            29.735808
          ],
          [
            -99.638682,
            29.735938
          ],
          [
            -99.638418,
            29.736025
          ],
          [
            -99.638184,
            29.736085
          ],
          [
            -99.637963,
            29.736122
          ],
          [
            -99.63768,
            29.736141
          ],
          [
            -99.637343,
            29.73615
          ],
          [
            -99.636995,
            29.736175
          ],
          [
            -99.636672,
            29.736218
          ],
          [
            -99.636102,
            29.736331
          ],
          [
            -99.635474,
            29.736511
          ],
          [
            -99.634263,
            29.736862
          ],
          [
            -99.633973,
            29.736911
          ],
          [
            -99.633705,
            29.73692
          ],
          [
            -99.633479,
            29.736908
          ],
          [
            -99.633213,
            29.736865
          ],
          [
            -99.632866,
            29.736779
          ],
          [
            -99.632583,
            29.736663
          ],
          [
            -99.63227,
            29.736488
          ],
          [
            -99.631656,
            29.736162
          ],
          [
            -99.631433,
            29.736054
          ],
          [
            -99.631127,
            29.735975
          ],
          [
            -99.630954,
            29.735956
          ],
          [
            -99.630834,
            29.735958
          ],
          [
            -99.630411,
            29.73598
          ],
          [
            -99.62978,
            29.736081
          ],
          [
            -99.629196,
            29.736177
          ],
          [
            -99.628803,
            29.736202
          ],
          [
            -99.628338,
            29.736205
          ],
          [
            -99.627785,
            29.736206
          ],
          [
            -99.626083,
            29.736209
          ],
          [
            -99.625792,
            29.736199
          ],
          [
            -99.625593,
            29.73617
          ],
          [
            -99.625321,
            29.736137
          ],
          [
            -99.625,
            29.736098
          ],
          [
            -99.624325,
            29.736078
          ],
          [
            -99.623298,
            29.736096
          ],
          [
            -99.622523,
            29.736106
          ],
          [
            -99.621886,
            29.736111
          ],
          [
            -99.621348,
            29.736145
          ],
          [
            -99.620745,
            29.736214
          ],
          [
            -99.620642,
            29.736231
          ],
          [
            -99.620225,
            29.736298
          ],
          [
            -99.619924,
            29.736317
          ],
          [
            -99.619157,
            29.736305
          ],
          [
            -99.618372,
            29.736311
          ],
          [
            -99.617758,
            29.736309
          ],
          [
            -99.617029,
            29.736291
          ],
          [
            -99.616785,
            29.736295
          ],
          [
            -99.616568,
            29.736301
          ],
          [
            -99.616392,
            29.736329
          ],
          [
            -99.616187,
            29.736384
          ],
          [
            -99.615964,
            29.736464
          ],
          [
            -99.615774,
            29.736567
          ],
          [
            -99.61562,
            29.736662
          ],
          [
            -99.61543,
            29.736829
          ],
          [
            -99.615253,
            29.737026
          ],
          [
            -99.615147,
            29.737185
          ],
          [
            -99.615083,
            29.737311
          ],
          [
            -99.614949,
            29.737537
          ],
          [
            -99.614834,
            29.737674
          ],
          [
            -99.614717,
            29.737785
          ],
          [
            -99.614326,
            29.73813
          ],
          [
            -99.614043,
            29.738368
          ],
          [
            -99.613884,
            29.738515
          ],
          [
            -99.613719,
            29.738701
          ],
          [
            -99.613484,
            29.739024
          ],
          [
            -99.613348,
            29.739204
          ],
          [
            -99.61319,
            29.739354
          ],
          [
            -99.613043,
            29.739448
          ],
          [
            -99.612898,
            29.739505
          ],
          [
            -99.612744,
            29.739533
          ],
          [
            -99.612499,
            29.739529
          ],
          [
            -99.612047,
            29.7395
          ],
          [
            -99.611805,
            29.739517
          ],
          [
            -99.611656,
            29.739547
          ],
          [
            -99.611444,
            29.739617
          ],
          [
            -99.611288,
            29.739699
          ],
          [
            -99.61114,
            29.739785
          ],
          [
            -99.61104,
            29.739901
          ],
          [
            -99.611,
            29.740003
          ],
          [
            -99.610994,
            29.740112
          ],
          [
            -99.611013,
            29.740193
          ],
          [
            -99.611078,
            29.740413
          ],
          [
            -99.611103,
            29.740575
          ],
          [
            -99.61108,
            29.740697
          ],
          [
            -99.611036,
            29.740815
          ],
          [
            -99.610934,
            29.740938
          ],
          [
            -99.610657,
            29.741143
          ],
          [
            -99.610354,
            29.741315
          ],
          [
            -99.609905,
            29.741565
          ],
          [
            -99.609746,
            29.741633
          ],
          [
            -99.609609,
            29.741668
          ],
          [
            -99.609449,
            29.741686
          ],
          [
            -99.609314,
            29.741664
          ],
          [
            -99.609155,
            29.741603
          ],
          [
            -99.609053,
            29.741512
          ],
          [
            -99.608814,
            29.7413
          ],
          [
            -99.608466,
            29.740985
          ],
          [
            -99.608319,
            29.740839
          ],
          [
            -99.608073,
            29.74054
          ],
          [
            -99.608007,
            29.740447
          ],
          [
            -99.607786,
            29.740173
          ],
          [
            -99.607602,
            29.740003
          ],
          [
            -99.607445,
            29.739887
          ],
          [
            -99.607122,
            29.73975
          ],
          [
            -99.606631,
            29.739605
          ],
          [
            -99.605923,
            29.739401
          ],
          [
            -99.60562,
            29.739333
          ],
          [
            -99.605383,
            29.739305
          ],
          [
            -99.605165,
            29.739313
          ],
          [
            -99.604948,
            29.739341
          ],
          [
            -99.604749,
            29.73939
          ],
          [
            -99.604501,
            29.739476
          ],
          [
            -99.604428,
            29.739511
          ],
          [
            -99.604111,
            29.739691
          ],
          [
            -99.603407,
            29.740171
          ],
          [
            -99.603277,
            29.740267
          ],
          [
            -99.602929,
            29.740513
          ],
          [
            -99.602679,
            29.740725
          ],
          [
            -99.602461,
            29.740962
          ],
          [
            -99.602325,
            29.741146
          ],
          [
            -99.602201,
            29.741351
          ],
          [
            -99.602082,
            29.741601
          ],
          [
            -99.60199,
            29.74187
          ],
          [
            -99.601924,
            29.742188
          ],
          [
            -99.601789,
            29.743173
          ],
          [
            -99.601751,
            29.743429
          ],
          [
            -99.601726,
            29.743604
          ],
          [
            -99.601705,
            29.743827
          ],
          [
            -99.60163,
            29.744123
          ],
          [
            -99.601522,
            29.744441
          ],
          [
            -99.601398,
            29.744707
          ],
          [
            -99.601227,
            29.744977
          ],
          [
            -99.601056,
            29.745211
          ],
          [
            -99.600838,
            29.745452
          ],
          [
            -99.600625,
            29.745644
          ],
          [
            -99.600391,
            29.745815
          ],
          [
            -99.600206,
            29.74593
          ],
          [
            -99.599944,
            29.746077
          ],
          [
            -99.599541,
            29.746257
          ],
          [
            -99.599075,
            29.746415
          ],
          [
            -99.59746,
            29.747051
          ],
          [
            -99.597052,
            29.747186
          ],
          [
            -99.596664,
            29.747283
          ],
          [
            -99.596328,
            29.74735
          ],
          [
            -99.59591,
            29.747404
          ],
          [
            -99.59555,
            29.747437
          ],
          [
            -99.595045,
            29.747446
          ],
          [
            -99.59478,
            29.747432
          ],
          [
            -99.59405,
            29.747426
          ],
          [
            -99.593713,
            29.747433
          ],
          [
            -99.593403,
            29.747466
          ],
          [
            -99.593026,
            29.747537
          ],
          [
            -99.592602,
            29.747659
          ],
          [
            -99.592293,
            29.747779
          ],
          [
            -99.592042,
            29.747895
          ],
          [
            -99.591739,
            29.748064
          ],
          [
            -99.591493,
            29.748231
          ],
          [
            -99.59028,
            29.749222
          ],
          [
            -99.590062,
            29.749367
          ],
          [
            -99.589784,
            29.74952
          ],
          [
            -99.589257,
            29.749756
          ],
          [
            -99.588994,
            29.749885
          ],
          [
            -99.588716,
            29.750049
          ],
          [
            -99.588436,
            29.750243
          ],
          [
            -99.588116,
            29.7505
          ],
          [
            -99.58788,
            29.750744
          ],
          [
            -99.587656,
            29.750978
          ],
          [
            -99.587424,
            29.751323
          ],
          [
            -99.587221,
            29.751705
          ],
          [
            -99.586914,
            29.752431
          ],
          [
            -99.586001,
            29.754767
          ],
          [
            -99.585822,
            29.755161
          ],
          [
            -99.585662,
            29.755395
          ],
          [
            -99.585487,
            29.755595
          ],
          [
            -99.58524,
            29.75581
          ],
          [
            -99.584996,
            29.75599
          ],
          [
            -99.584754,
            29.756139
          ],
          [
            -99.584267,
            29.756389
          ],
          [
            -99.582372,
            29.7574
          ],
          [
            -99.579933,
            29.758673
          ],
          [
            -99.579687,
            29.758813
          ],
          [
            -99.579328,
            29.758998
          ],
          [
            -99.579115,
            29.759107
          ],
          [
            -99.578723,
            29.75931
          ],
          [
            -99.578534,
            29.759396
          ],
          [
            -99.578269,
            29.759515
          ],
          [
            -99.577924,
            29.759641
          ],
          [
            -99.577543,
            29.759755
          ],
          [
            -99.577223,
            29.759832
          ],
          [
            -99.576863,
            29.759906
          ],
          [
            -99.576531,
            29.759952
          ],
          [
            -99.576503,
            29.759956
          ],
          [
            -99.576056,
            29.759981
          ],
          [
            -99.575547,
            29.759986
          ],
          [
            -99.575192,
            29.759971
          ],
          [
            -99.574862,
            29.759937
          ],
          [
            -99.574586,
            29.7599
          ],
          [
            -99.574355,
            29.75985
          ],
          [
            -99.573883,
            29.75973
          ],
          [
            -99.57373,
            29.759688
          ],
          [
            -99.572122,
            29.759243
          ],
          [
            -99.570692,
            29.758819
          ],
          [
            -99.569529,
            29.758555
          ],
          [
            -99.568314,
            29.758361
          ],
          [
            -99.567408,
            29.75826
          ],
          [
            -99.566923,
            29.75822
          ],
          [
            -99.566202,
            29.758184
          ],
          [
            -99.563544,
            29.758165
          ],
          [
            -99.563466,
            29.758164
          ],
          [
            -99.563347,
            29.758164
          ],
          [
            -99.563046,
            29.758163
          ],
          [
            -99.562945,
            29.758162
          ],
          [
            -99.56292,
            29.75801
          ],
          [
            -99.562873,
            29.7578
          ],
          [
            -99.562852,
            29.757705
          ],
          [
            -99.562761,
            29.757394
          ],
          [
            -99.562632,
            29.757031
          ],
          [
            -99.562424,
            29.756535
          ],
          [
            -99.562176,
            29.756087
          ],
          [
            -99.561398,
            29.754782
          ],
          [
            -99.560809,
            29.753826
          ],
          [
            -99.56047,
            29.753262
          ],
          [
            -99.560192,
            29.752718
          ],
          [
            -99.559977,
            29.752169
          ],
          [
            -99.559711,
            29.751242
          ],
          [
            -99.559697,
            29.75118
          ],
          [
            -99.559523,
            29.75042
          ],
          [
            -99.559383,
            29.749955
          ],
          [
            -99.559081,
            29.749056
          ],
          [
            -99.558755,
            29.748478
          ],
          [
            -99.558321,
            29.747922
          ],
          [
            -99.554932,
            29.743907
          ],
          [
            -99.55476,
            29.743704
          ],
          [
            -99.554681,
            29.743746
          ],
          [
            -99.554615,
            29.743782
          ],
          [
            -99.554321,
            29.743942
          ],
          [
            -99.554005,
            29.744112
          ],
          [
            -99.553342,
            29.744477
          ],
          [
            -99.553037,
            29.74464
          ],
          [
            -99.552426,
            29.744966
          ],
          [
            -99.551956,
            29.745209
          ],
          [
            -99.551709,
            29.74534
          ],
          [
            -99.550708,
            29.745871
          ],
          [
            -99.548886,
            29.746837
          ],
          [
            -99.548103,
            29.747253
          ],
          [
            -99.546707,
            29.747887
          ],
          [
            -99.545142,
            29.748494
          ],
          [
            -99.542539,
            29.749514
          ],
          [
            -99.542329,
            29.749586
          ],
          [
            -99.539644,
            29.750727
          ],
          [
            -99.5393,
            29.750891
          ],
          [
            -99.537696,
            29.751581
          ],
          [
            -99.536958,
            29.75193
          ],
          [
            -99.536604,
            29.752112
          ],
          [
            -99.536329,
            29.752262
          ],
          [
            -99.536022,
            29.752497
          ],
          [
            -99.535424,
            29.752911
          ],
          [
            -99.534539,
            29.753671
          ],
          [
            -99.532002,
            29.755814
          ],
          [
            -99.531346,
            29.756364
          ],
          [
            -99.530872,
            29.756693
          ],
          [
            -99.530599,
            29.756874
          ],
          [
            -99.53013,
            29.757117
          ],
          [
            -99.529796,
            29.757277
          ],
          [
            -99.529426,
            29.757444
          ],
          [
            -99.529228,
            29.757479
          ],
          [
            -99.528923,
            29.757575
          ],
          [
            -99.528223,
            29.757712
          ],
          [
            -99.527606,
            29.757794
          ],
          [
            -99.527167,
            29.757803
          ],
          [
            -99.526708,
            29.757785
          ],
          [
            -99.524351,
            29.757491
          ],
          [
            -99.524035,
            29.757464
          ],
          [
            -99.523718,
            29.757456
          ],
          [
            -99.523085,
            29.757482
          ],
          [
            -99.522616,
            29.757535
          ],
          [
            -99.522159,
            29.757622
          ],
          [
            -99.521591,
            29.757773
          ],
          [
            -99.521576,
            29.757777
          ],
          [
            -99.521277,
            29.757898
          ],
          [
            -99.521,
            29.758011
          ],
          [
            -99.520784,
            29.758098
          ],
          [
            -99.520054,
            29.75843
          ],
          [
            -99.518388,
            29.759314
          ],
          [
            -99.516513,
            29.760297
          ],
          [
            -99.516127,
            29.760529
          ],
          [
            -99.515733,
            29.760793
          ],
          [
            -99.514243,
            29.761896
          ],
          [
            -99.513874,
            29.762123
          ],
          [
            -99.513622,
            29.762259
          ],
          [
            -99.513243,
            29.762434
          ],
          [
            -99.512876,
            29.762576
          ],
          [
            -99.511279,
            29.763093
          ],
          [
            -99.51068,
            29.763324
          ],
          [
            -99.510184,
            29.763548
          ],
          [
            -99.508513,
            29.764364
          ],
          [
            -99.508102,
            29.764619
          ],
          [
            -99.507255,
            29.765033
          ],
          [
            -99.506568,
            29.765337
          ],
          [
            -99.505773,
            29.765646
          ],
          [
            -99.504807,
            29.765976
          ],
          [
            -99.504117,
            29.766174
          ],
          [
            -99.50379,
            29.766256
          ],
          [
            -99.503406,
            29.766354
          ],
          [
            -99.502907,
            29.766459
          ],
          [
            -99.502662,
            29.766486
          ],
          [
            -99.502591,
            29.766496
          ],
          [
            -99.502212,
            29.766587
          ],
          [
            -99.501408,
            29.766708
          ],
          [
            -99.500686,
            29.76679
          ],
          [
            -99.49946,
            29.766862
          ],
          [
            -99.498935,
            29.766873
          ],
          [
            -99.498557,
            29.766861
          ],
          [
            -99.498034,
            29.766786
          ],
          [
            -99.497184,
            29.766597
          ],
          [
            -99.496814,
            29.766532
          ],
          [
            -99.496397,
            29.76649
          ],
          [
            -99.496041,
            29.766489
          ],
          [
            -99.495528,
            29.766509
          ],
          [
            -99.493937,
            29.766635
          ],
          [
            -99.4933,
            29.766711
          ],
          [
            -99.493034,
            29.766733
          ],
          [
            -99.492589,
            29.766769
          ],
          [
            -99.4922,
            29.766839
          ],
          [
            -99.491822,
            29.766957
          ],
          [
            -99.491458,
            29.767118
          ],
          [
            -99.491149,
            29.767284
          ],
          [
            -99.490812,
            29.767572
          ],
          [
            -99.490545,
            29.767847
          ],
          [
            -99.490385,
            29.768054
          ],
          [
            -99.490244,
            29.768283
          ],
          [
            -99.49006,
            29.768643
          ],
          [
            -99.489828,
            29.768994
          ],
          [
            -99.489638,
            29.769206
          ],
          [
            -99.489311,
            29.769494
          ],
          [
            -99.48924,
            29.76953
          ],
          [
            -99.48895,
            29.769738
          ],
          [
            -99.488691,
            29.769872
          ],
          [
            -99.488274,
            29.770027
          ],
          [
            -99.488029,
            29.770075
          ],
          [
            -99.487834,
            29.770129
          ],
          [
            -99.487526,
            29.770168
          ],
          [
            -99.487039,
            29.770176
          ],
          [
            -99.486062,
            29.770104
          ],
          [
            -99.484762,
            29.770003
          ],
          [
            -99.483823,
            29.769937
          ],
          [
            -99.483052,
            29.769912
          ],
          [
            -99.482336,
            29.769941
          ],
          [
            -99.480429,
            29.770112
          ],
          [
            -99.480068,
            29.770128
          ],
          [
            -99.479707,
            29.770114
          ],
          [
            -99.479347,
            29.770082
          ],
          [
            -99.478814,
            29.769982
          ],
          [
            -99.47831,
            29.769827
          ],
          [
            -99.477702,
            29.769591
          ],
          [
            -99.477427,
            29.769463
          ],
          [
            -99.477173,
            29.769322
          ],
          [
            -99.476935,
            29.769162
          ],
          [
            -99.476712,
            29.768986
          ],
          [
            -99.476507,
            29.768791
          ],
          [
            -99.47632,
            29.768585
          ],
          [
            -99.476179,
            29.768396
          ],
          [
            -99.476011,
            29.768136
          ],
          [
            -99.475837,
            29.767795
          ],
          [
            -99.475701,
            29.767321
          ],
          [
            -99.47539,
            29.764907
          ],
          [
            -99.475327,
            29.764555
          ],
          [
            -99.475258,
            29.764331
          ],
          [
            -99.475163,
            29.764109
          ],
          [
            -99.475045,
            29.763891
          ],
          [
            -99.474814,
            29.763578
          ],
          [
            -99.474535,
            29.763297
          ],
          [
            -99.474328,
            29.763131
          ],
          [
            -99.474109,
            29.762978
          ],
          [
            -99.473745,
            29.762786
          ],
          [
            -99.473305,
            29.762623
          ],
          [
            -99.473056,
            29.762524
          ],
          [
            -99.470462,
            29.761599
          ],
          [
            -99.467418,
            29.76053
          ],
          [
            -99.464559,
            29.759547
          ],
          [
            -99.464214,
            29.759457
          ],
          [
            -99.463858,
            29.759384
          ],
          [
            -99.463308,
            29.759313
          ],
          [
            -99.462748,
            29.75929
          ],
          [
            -99.46257,
            29.759283
          ],
          [
            -99.462212,
            29.759299
          ],
          [
            -99.461864,
            29.759333
          ],
          [
            -99.461523,
            29.759383
          ],
          [
            -99.461012,
            29.759493
          ],
          [
            -99.460374,
            29.759696
          ],
          [
            -99.459788,
            29.759942
          ],
          [
            -99.459502,
            29.760101
          ],
          [
            -99.459205,
            29.760266
          ],
          [
            -99.458919,
            29.760454
          ],
          [
            -99.458514,
            29.760771
          ],
          [
            -99.456647,
            29.762516
          ],
          [
            -99.456103,
            29.762979
          ],
          [
            -99.455796,
            29.763184
          ],
          [
            -99.455464,
            29.763358
          ],
          [
            -99.45529,
            29.763433
          ],
          [
            -99.454931,
            29.763556
          ],
          [
            -99.454569,
            29.763647
          ],
          [
            -99.441202,
            29.766092
          ],
          [
            -99.440551,
            29.766213
          ],
          [
            -99.440233,
            29.766273
          ],
          [
            -99.439751,
            29.766352
          ],
          [
            -99.439384,
            29.766407
          ],
          [
            -99.436455,
            29.766709
          ],
          [
            -99.435866,
            29.766806
          ],
          [
            -99.43524,
            29.766951
          ],
          [
            -99.434627,
            29.767138
          ],
          [
            -99.434386,
            29.767219
          ],
          [
            -99.433984,
            29.767378
          ],
          [
            -99.433564,
            29.767567
          ],
          [
            -99.432363,
            29.768182
          ],
          [
            -99.431788,
            29.768422
          ],
          [
            -99.431349,
            29.768573
          ],
          [
            -99.431175,
            29.768641
          ],
          [
            -99.42995,
            29.769031
          ],
          [
            -99.426767,
            29.77008
          ],
          [
            -99.424124,
            29.770952
          ],
          [
            -99.423198,
            29.771259
          ],
          [
            -99.423181,
            29.771265
          ],
          [
            -99.416721,
            29.773393
          ],
          [
            -99.416204,
            29.773563
          ],
          [
            -99.415419,
            29.773804
          ],
          [
            -99.414428,
            29.774055
          ],
          [
            -99.413887,
            29.774161
          ],
          [
            -99.413158,
            29.77427
          ],
          [
            -99.412955,
            29.774295
          ],
          [
            -99.412251,
            29.774367
          ],
          [
            -99.411567,
            29.774402
          ],
          [
            -99.410751,
            29.774408
          ],
          [
            -99.410528,
            29.7744
          ],
          [
            -99.407996,
            29.7743
          ],
          [
            -99.407946,
            29.774298
          ],
          [
            -99.407451,
            29.774281
          ],
          [
            -99.405938,
            29.774253
          ],
          [
            -99.405016,
            29.774267
          ],
          [
            -99.404656,
            29.774319
          ],
          [
            -99.404355,
            29.774376
          ],
          [
            -99.403997,
            29.774471
          ],
          [
            -99.403612,
            29.774608
          ],
          [
            -99.403238,
            29.774776
          ],
          [
            -99.402755,
            29.77505
          ],
          [
            -99.40208,
            29.775495
          ],
          [
            -99.402005,
            29.775548
          ],
          [
            -99.40158,
            29.775846
          ],
          [
            -99.401344,
            29.775982
          ],
          [
            -99.401079,
            29.776108
          ],
          [
            -99.400791,
            29.776217
          ],
          [
            -99.400486,
            29.776308
          ],
          [
            -99.400171,
            29.776375
          ],
          [
            -99.399845,
            29.776415
          ],
          [
            -99.399353,
            29.776428
          ],
          [
            -99.398891,
            29.776408
          ],
          [
            -99.398873,
            29.776408
          ],
          [
            -99.396996,
            29.776327
          ],
          [
            -99.391429,
            29.776088
          ],
          [
            -99.389057,
            29.775986
          ],
          [
            -99.388911,
            29.775988
          ],
          [
            -99.388682,
            29.775992
          ],
          [
            -99.388303,
            29.776022
          ],
          [
            -99.387737,
            29.776124
          ],
          [
            -99.387369,
            29.776228
          ],
          [
            -99.38701,
            29.776358
          ],
          [
            -99.386664,
            29.776515
          ],
          [
            -99.386334,
            29.776701
          ],
          [
            -99.386026,
            29.776908
          ],
          [
            -99.385742,
            29.777137
          ],
          [
            -99.385486,
            29.777383
          ],
          [
            -99.385253,
            29.777642
          ],
          [
            -99.385049,
            29.777914
          ],
          [
            -99.384874,
            29.778202
          ],
          [
            -99.384658,
            29.778652
          ],
          [
            -99.383117,
            29.782268
          ],
          [
            -99.38287,
            29.782722
          ],
          [
            -99.382689,
            29.782964
          ],
          [
            -99.382574,
            29.783117
          ],
          [
            -99.38235,
            29.783361
          ],
          [
            -99.382094,
            29.783597
          ],
          [
            -99.381821,
            29.783812
          ],
          [
            -99.381522,
            29.784012
          ],
          [
            -99.38119,
            29.784193
          ],
          [
            -99.380826,
            29.784353
          ],
          [
            -99.380431,
            29.784496
          ],
          [
            -99.380154,
            29.784574
          ],
          [
            -99.379677,
            29.784662
          ],
          [
            -99.379382,
            29.784685
          ],
          [
            -99.379028,
            29.784716
          ],
          [
            -99.373,
            29.784711
          ],
          [
            -99.372254,
            29.78473
          ],
          [
            -99.371619,
            29.78483
          ],
          [
            -99.368926,
            29.785335
          ],
          [
            -99.366651,
            29.785744
          ],
          [
            -99.364161,
            29.786173
          ],
          [
            -99.363701,
            29.786247
          ],
          [
            -99.363456,
            29.786271
          ],
          [
            -99.362878,
            29.786346
          ],
          [
            -99.361952,
            29.786442
          ],
          [
            -99.361321,
            29.786518
          ],
          [
            -99.361105,
            29.786545
          ],
          [
            -99.360737,
            29.786597
          ],
          [
            -99.359205,
            29.786829
          ],
          [
            -99.356158,
            29.787237
          ],
          [
            -99.354655,
            29.787451
          ],
          [
            -99.350635,
            29.788029
          ],
          [
            -99.349186,
            29.788201
          ],
          [
            -99.347195,
            29.78839
          ],
          [
            -99.346688,
            29.788453
          ],
          [
            -99.33872,
            29.789292
          ],
          [
            -99.335775,
            29.789587
          ],
          [
            -99.334966,
            29.78968
          ],
          [
            -99.333169,
            29.789866
          ],
          [
            -99.332523,
            29.78995
          ],
          [
            -99.331866,
            29.790102
          ],
          [
            -99.330571,
            29.790487
          ],
          [
            -99.330208,
            29.790636
          ],
          [
            -99.330133,
            29.790667
          ],
          [
            -99.329869,
            29.790811
          ],
          [
            -99.329512,
            29.79105
          ],
          [
            -99.329299,
            29.791225
          ],
          [
            -99.328538,
            29.791905
          ],
          [
            -99.328033,
            29.79234
          ],
          [
            -99.327797,
            29.792583
          ],
          [
            -99.327326,
            29.792912
          ],
          [
            -99.326918,
            29.793132
          ],
          [
            -99.326373,
            29.793355
          ],
          [
            -99.320333,
            29.79556
          ],
          [
            -99.319953,
            29.795709
          ],
          [
            -99.319657,
            29.795845
          ],
          [
            -99.319134,
            29.796196
          ],
          [
            -99.31873,
            29.796533
          ],
          [
            -99.317361,
            29.797952
          ],
          [
            -99.317129,
            29.798169
          ],
          [
            -99.31688,
            29.798372
          ],
          [
            -99.316613,
            29.798557
          ],
          [
            -99.316332,
            29.798724
          ],
          [
            -99.316037,
            29.798874
          ],
          [
            -99.315729,
            29.799004
          ],
          [
            -99.315512,
            29.799081
          ],
          [
            -99.315084,
            29.799223
          ],
          [
            -99.313237,
            29.799835
          ],
          [
            -99.312291,
            29.800157
          ],
          [
            -99.311902,
            29.800276
          ],
          [
            -99.311503,
            29.800368
          ],
          [
            -99.310932,
            29.800457
          ],
          [
            -99.310477,
            29.800493
          ],
          [
            -99.310175,
            29.800499
          ],
          [
            -99.309435,
            29.800466
          ],
          [
            -99.309037,
            29.800413
          ],
          [
            -99.308754,
            29.800358
          ],
          [
            -99.308199,
            29.800223
          ],
          [
            -99.30596,
            29.799606
          ],
          [
            -99.305338,
            29.799434
          ],
          [
            -99.304288,
            29.799145
          ],
          [
            -99.303951,
            29.799052
          ],
          [
            -99.300826,
            29.798172
          ],
          [
            -99.299774,
            29.797876
          ],
          [
            -99.299478,
            29.797806
          ],
          [
            -99.299173,
            29.797762
          ],
          [
            -99.298853,
            29.797743
          ],
          [
            -99.298687,
            29.797743
          ],
          [
            -99.298524,
            29.79775
          ],
          [
            -99.298191,
            29.797793
          ],
          [
            -99.29786,
            29.797875
          ],
          [
            -99.297369,
            29.798052
          ],
          [
            -99.296735,
            29.798325
          ],
          [
            -99.295835,
            29.7987
          ],
          [
            -99.29554,
            29.798808
          ],
          [
            -99.295199,
            29.798922
          ],
          [
            -99.294848,
            29.799006
          ],
          [
            -99.294487,
            29.799059
          ],
          [
            -99.294118,
            29.799074
          ],
          [
            -99.292662,
            29.799022
          ],
          [
            -99.292312,
            29.798981
          ],
          [
            -99.291978,
            29.798909
          ],
          [
            -99.291715,
            29.798799
          ],
          [
            -99.29151,
            29.798739
          ],
          [
            -99.291081,
            29.798508
          ],
          [
            -99.289785,
            29.797573
          ],
          [
            -99.289527,
            29.797427
          ],
          [
            -99.289202,
            29.797272
          ],
          [
            -99.289022,
            29.797206
          ],
          [
            -99.288754,
            29.797131
          ],
          [
            -99.288414,
            29.797064
          ],
          [
            -99.288302,
            29.797058
          ],
          [
            -99.288023,
            29.797032
          ],
          [
            -99.285205,
            29.796928
          ],
          [
            -99.284128,
            29.796909
          ],
          [
            -99.283791,
            29.796877
          ],
          [
            -99.283467,
            29.796827
          ],
          [
            -99.282166,
            29.796561
          ],
          [
            -99.281757,
            29.796498
          ],
          [
            -99.281434,
            29.796472
          ],
          [
            -99.280144,
            29.796453
          ],
          [
            -99.279432,
            29.796386
          ],
          [
            -99.277425,
            29.796006
          ],
          [
            -99.277021,
            29.795897
          ],
          [
            -99.276614,
            29.795752
          ],
          [
            -99.275914,
            29.795502
          ],
          [
            -99.275482,
            29.795364
          ],
          [
            -99.275173,
            29.795294
          ],
          [
            -99.274682,
            29.795234
          ],
          [
            -99.274183,
            29.795232
          ],
          [
            -99.273676,
            29.795296
          ],
          [
            -99.272104,
            29.795638
          ],
          [
            -99.271278,
            29.795806
          ],
          [
            -99.270711,
            29.795933
          ],
          [
            -99.270296,
            29.796026
          ],
          [
            -99.269691,
            29.796082
          ],
          [
            -99.26936,
            29.796074
          ],
          [
            -99.269061,
            29.796066
          ],
          [
            -99.268599,
            29.796002
          ],
          [
            -99.268149,
            29.795901
          ],
          [
            -99.265056,
            29.795074
          ],
          [
            -99.264792,
            29.795004
          ],
          [
            -99.264498,
            29.794922
          ],
          [
            -99.264304,
            29.794899
          ],
          [
            -99.264082,
            29.794897
          ],
          [
            -99.263822,
            29.794903
          ],
          [
            -99.263445,
            29.794961
          ],
          [
            -99.2632,
            29.79501
          ],
          [
            -99.262963,
            29.79508
          ],
          [
            -99.262337,
            29.795358
          ],
          [
            -99.261991,
            29.795598
          ],
          [
            -99.26143,
            29.796168
          ],
          [
            -99.261206,
            29.796415
          ],
          [
            -99.261009,
            29.796702
          ],
          [
            -99.260441,
            29.797384
          ],
          [
            -99.259511,
            29.798513
          ],
          [
            -99.259289,
            29.798724
          ],
          [
            -99.258859,
            29.799015
          ],
          [
            -99.258682,
            29.799111
          ],
          [
            -99.25834,
            29.799248
          ],
          [
            -99.258088,
            29.799327
          ],
          [
            -99.257696,
            29.799382
          ],
          [
            -99.257458,
            29.799401
          ],
          [
            -99.256986,
            29.799414
          ],
          [
            -99.256733,
            29.79942
          ],
          [
            -99.255614,
            29.799489
          ],
          [
            -99.255016,
            29.799536
          ],
          [
            -99.254579,
            29.799593
          ],
          [
            -99.254144,
            29.799668
          ],
          [
            -99.253714,
            29.799762
          ],
          [
            -99.252554,
            29.800047
          ],
          [
            -99.252322,
            29.800115
          ],
          [
            -99.252268,
            29.800131
          ],
          [
            -99.251941,
            29.799679
          ],
          [
            -99.251773,
            29.799482
          ],
          [
            -99.251683,
            29.799401
          ],
          [
            -99.251583,
            29.799299
          ],
          [
            -99.251225,
            29.798994
          ],
          [
            -99.250328,
            29.798335
          ],
          [
            -99.250157,
            29.798216
          ],
          [
            -99.249921,
            29.798053
          ],
          [
            -99.249322,
            29.797639
          ],
          [
            -99.249197,
            29.797552
          ],
          [
            -99.248604,
            29.797304
          ],
          [
            -99.248503,
            29.797261
          ],
          [
            -99.248494,
            29.797257
          ],
          [
            -99.247988,
            29.797077
          ],
          [
            -99.247834,
            29.79701
          ],
          [
            -99.247535,
            29.796888
          ],
          [
            -99.246673,
            29.796531
          ],
          [
            -99.246819,
            29.79631
          ],
          [
            -99.247025,
            29.796013
          ]
        ]
      }
    }
  ]
}