<?xml version="1.0" encoding="UTF-8"?>
<gpx version="1.1" creator="Antigravity Route Curation" xmlns="http://www.topografix.com/GPX/1/1">
  <trk>
    <name>Austin to Llano - Hill Country Blast</name>
    <trkseg>
      <trkpt lat="30.410660" lon="-97.850484"></trkpt>
      <trkpt lat="30.410561" lon="-97.850534"></trkpt>
      <trkpt lat="30.410539" lon="-97.850545"></trkpt>
      <trkpt lat="30.410382" lon="-97.850625"></trkpt>
      <trkpt lat="30.410209" lon="-97.850712"></trkpt>
      <trkpt lat="30.410036" lon="-97.850799"></trkpt>
      <trkpt lat="30.409824" lon="-97.850905"></trkpt>
      <trkpt lat="30.409741" lon="-97.850947"></trkpt>
      <trkpt lat="30.409458" lon="-97.851090"></trkpt>
      <trkpt lat="30.409361" lon="-97.851138"></trkpt>
      <trkpt lat="30.409246" lon="-97.851196"></trkpt>
      <trkpt lat="30.409229" lon="-97.851205"></trkpt>
      <trkpt lat="30.408979" lon="-97.851329"></trkpt>
      <trkpt lat="30.408796" lon="-97.851420"></trkpt>
      <trkpt lat="30.408724" lon="-97.851456"></trkpt>
      <trkpt lat="30.408525" lon="-97.851554"></trkpt>
      <trkpt lat="30.408445" lon="-97.851594"></trkpt>
      <trkpt lat="30.408359" lon="-97.851637"></trkpt>
      <trkpt lat="30.408183" lon="-97.851724"></trkpt>
      <trkpt lat="30.408041" lon="-97.851795"></trkpt>
      <trkpt lat="30.407930" lon="-97.851851"></trkpt>
      <trkpt lat="30.407404" lon="-97.852112"></trkpt>
      <trkpt lat="30.407327" lon="-97.852150"></trkpt>
      <trkpt lat="30.407078" lon="-97.852271"></trkpt>
      <trkpt lat="30.406723" lon="-97.852443"></trkpt>
      <trkpt lat="30.406661" lon="-97.852473"></trkpt>
      <trkpt lat="30.406558" lon="-97.852531"></trkpt>
      <trkpt lat="30.406455" lon="-97.852589"></trkpt>
      <trkpt lat="30.406251" lon="-97.852697"></trkpt>
      <trkpt lat="30.405327" lon="-97.853186"></trkpt>
      <trkpt lat="30.404899" lon="-97.853415"></trkpt>
      <trkpt lat="30.404627" lon="-97.853555"></trkpt>
      <trkpt lat="30.404333" lon="-97.853705"></trkpt>
      <trkpt lat="30.404073" lon="-97.853838"></trkpt>
      <trkpt lat="30.403786" lon="-97.853994"></trkpt>
      <trkpt lat="30.403653" lon="-97.854064"></trkpt>
      <trkpt lat="30.403563" lon="-97.854111"></trkpt>
      <trkpt lat="30.403310" lon="-97.854243"></trkpt>
      <trkpt lat="30.402978" lon="-97.854417"></trkpt>
      <trkpt lat="30.402865" lon="-97.854476"></trkpt>
      <trkpt lat="30.402631" lon="-97.854599"></trkpt>
      <trkpt lat="30.402286" lon="-97.854779"></trkpt>
      <trkpt lat="30.402220" lon="-97.854814"></trkpt>
      <trkpt lat="30.401985" lon="-97.854937"></trkpt>
      <trkpt lat="30.401879" lon="-97.854992"></trkpt>
      <trkpt lat="30.401766" lon="-97.855051"></trkpt>
      <trkpt lat="30.401568" lon="-97.855155"></trkpt>
      <trkpt lat="30.401076" lon="-97.855413"></trkpt>
      <trkpt lat="30.400721" lon="-97.855598"></trkpt>
      <trkpt lat="30.400558" lon="-97.855683"></trkpt>
      <trkpt lat="30.400372" lon="-97.855781"></trkpt>
      <trkpt lat="30.399961" lon="-97.855996"></trkpt>
      <trkpt lat="30.399333" lon="-97.856325"></trkpt>
      <trkpt lat="30.398715" lon="-97.856648"></trkpt>
      <trkpt lat="30.398317" lon="-97.856857"></trkpt>
      <trkpt lat="30.398213" lon="-97.856917"></trkpt>
      <trkpt lat="30.398138" lon="-97.857010"></trkpt>
      <trkpt lat="30.397958" lon="-97.857146"></trkpt>
      <trkpt lat="30.397817" lon="-97.857259"></trkpt>
      <trkpt lat="30.397699" lon="-97.857371"></trkpt>
      <trkpt lat="30.397535" lon="-97.857554"></trkpt>
      <trkpt lat="30.397384" lon="-97.857752"></trkpt>
      <trkpt lat="30.397279" lon="-97.857903"></trkpt>
      <trkpt lat="30.397178" lon="-97.858077"></trkpt>
      <trkpt lat="30.397104" lon="-97.858233"></trkpt>
      <trkpt lat="30.397001" lon="-97.858478"></trkpt>
      <trkpt lat="30.396909" lon="-97.858756"></trkpt>
      <trkpt lat="30.396173" lon="-97.861188"></trkpt>
      <trkpt lat="30.396090" lon="-97.861265"></trkpt>
      <trkpt lat="30.395669" lon="-97.862658"></trkpt>
      <trkpt lat="30.395623" lon="-97.862810"></trkpt>
      <trkpt lat="30.395361" lon="-97.863894"></trkpt>
      <trkpt lat="30.395310" lon="-97.864158"></trkpt>
      <trkpt lat="30.395343" lon="-97.864254"></trkpt>
      <trkpt lat="30.395281" lon="-97.864579"></trkpt>
      <trkpt lat="30.394917" lon="-97.866491"></trkpt>
      <trkpt lat="30.394863" lon="-97.866776"></trkpt>
      <trkpt lat="30.394829" lon="-97.866961"></trkpt>
      <trkpt lat="30.394727" lon="-97.867502"></trkpt>
      <trkpt lat="30.394597" lon="-97.868163"></trkpt>
      <trkpt lat="30.394480" lon="-97.868734"></trkpt>
      <trkpt lat="30.394416" lon="-97.869031"></trkpt>
      <trkpt lat="30.394333" lon="-97.869189"></trkpt>
      <trkpt lat="30.394216" lon="-97.869724"></trkpt>
      <trkpt lat="30.394185" lon="-97.869872"></trkpt>
      <trkpt lat="30.393264" lon="-97.874108"></trkpt>
      <trkpt lat="30.393176" lon="-97.874515"></trkpt>
      <trkpt lat="30.393099" lon="-97.874892"></trkpt>
      <trkpt lat="30.392998" lon="-97.875219"></trkpt>
      <trkpt lat="30.392610" lon="-97.876318"></trkpt>
      <trkpt lat="30.392240" lon="-97.877152"></trkpt>
      <trkpt lat="30.391967" lon="-97.877699"></trkpt>
      <trkpt lat="30.391614" lon="-97.878338"></trkpt>
      <trkpt lat="30.391319" lon="-97.878755"></trkpt>
      <trkpt lat="30.390702" lon="-97.879625"></trkpt>
      <trkpt lat="30.390290" lon="-97.880265"></trkpt>
      <trkpt lat="30.390087" lon="-97.880653"></trkpt>
      <trkpt lat="30.389882" lon="-97.881249"></trkpt>
      <trkpt lat="30.389813" lon="-97.881703"></trkpt>
      <trkpt lat="30.389783" lon="-97.882148"></trkpt>
      <trkpt lat="30.389782" lon="-97.882167"></trkpt>
      <trkpt lat="30.389782" lon="-97.882337"></trkpt>
      <trkpt lat="30.389800" lon="-97.882706"></trkpt>
      <trkpt lat="30.389958" lon="-97.883583"></trkpt>
      <trkpt lat="30.389991" lon="-97.883665"></trkpt>
      <trkpt lat="30.390338" lon="-97.884543"></trkpt>
      <trkpt lat="30.390352" lon="-97.884581"></trkpt>
      <trkpt lat="30.390423" lon="-97.884779"></trkpt>
      <trkpt lat="30.390792" lon="-97.885762"></trkpt>
      <trkpt lat="30.390855" lon="-97.885930"></trkpt>
      <trkpt lat="30.390915" lon="-97.886156"></trkpt>
      <trkpt lat="30.391015" lon="-97.886681"></trkpt>
      <trkpt lat="30.391018" lon="-97.886986"></trkpt>
      <trkpt lat="30.391025" lon="-97.887265"></trkpt>
      <trkpt lat="30.391012" lon="-97.887633"></trkpt>
      <trkpt lat="30.390953" lon="-97.888053"></trkpt>
      <trkpt lat="30.390863" lon="-97.888402"></trkpt>
      <trkpt lat="30.390707" lon="-97.888806"></trkpt>
      <trkpt lat="30.390590" lon="-97.889024"></trkpt>
      <trkpt lat="30.390530" lon="-97.889135"></trkpt>
      <trkpt lat="30.390463" lon="-97.889260"></trkpt>
      <trkpt lat="30.390361" lon="-97.889429"></trkpt>
      <trkpt lat="30.389982" lon="-97.889913"></trkpt>
      <trkpt lat="30.389529" lon="-97.890461"></trkpt>
      <trkpt lat="30.389471" lon="-97.890531"></trkpt>
      <trkpt lat="30.389254" lon="-97.890811"></trkpt>
      <trkpt lat="30.389212" lon="-97.890866"></trkpt>
      <trkpt lat="30.388938" lon="-97.891286"></trkpt>
      <trkpt lat="30.388619" lon="-97.891758"></trkpt>
      <trkpt lat="30.388377" lon="-97.892213"></trkpt>
      <trkpt lat="30.388191" lon="-97.892536"></trkpt>
      <trkpt lat="30.387931" lon="-97.893183"></trkpt>
      <trkpt lat="30.387694" lon="-97.894101"></trkpt>
      <trkpt lat="30.387494" lon="-97.895063"></trkpt>
      <trkpt lat="30.387445" lon="-97.895714"></trkpt>
      <trkpt lat="30.387436" lon="-97.896417"></trkpt>
      <trkpt lat="30.387478" lon="-97.896923"></trkpt>
      <trkpt lat="30.387488" lon="-97.897051"></trkpt>
      <trkpt lat="30.387493" lon="-97.897098"></trkpt>
      <trkpt lat="30.387528" lon="-97.897393"></trkpt>
      <trkpt lat="30.387538" lon="-97.897490"></trkpt>
      <trkpt lat="30.387654" lon="-97.898558"></trkpt>
      <trkpt lat="30.387653" lon="-97.899068"></trkpt>
      <trkpt lat="30.387609" lon="-97.899578"></trkpt>
      <trkpt lat="30.387566" lon="-97.900008"></trkpt>
      <trkpt lat="30.387222" lon="-97.903507"></trkpt>
      <trkpt lat="30.387171" lon="-97.904027"></trkpt>
      <trkpt lat="30.387164" lon="-97.904500"></trkpt>
      <trkpt lat="30.387203" lon="-97.905006"></trkpt>
      <trkpt lat="30.387262" lon="-97.905386"></trkpt>
      <trkpt lat="30.387364" lon="-97.905788"></trkpt>
      <trkpt lat="30.387495" lon="-97.906169"></trkpt>
      <trkpt lat="30.387620" lon="-97.906504"></trkpt>
      <trkpt lat="30.387798" lon="-97.906887"></trkpt>
      <trkpt lat="30.388276" lon="-97.907559"></trkpt>
      <trkpt lat="30.388550" lon="-97.907843"></trkpt>
      <trkpt lat="30.388817" lon="-97.908086"></trkpt>
      <trkpt lat="30.389212" lon="-97.908375"></trkpt>
      <trkpt lat="30.392972" lon="-97.910832"></trkpt>
      <trkpt lat="30.393500" lon="-97.911240"></trkpt>
      <trkpt lat="30.393800" lon="-97.911504"></trkpt>
      <trkpt lat="30.394155" lon="-97.911866"></trkpt>
      <trkpt lat="30.394462" lon="-97.912236"></trkpt>
      <trkpt lat="30.394724" lon="-97.912570"></trkpt>
      <trkpt lat="30.395120" lon="-97.913184"></trkpt>
      <trkpt lat="30.395339" lon="-97.913631"></trkpt>
      <trkpt lat="30.395469" lon="-97.913914"></trkpt>
      <trkpt lat="30.395752" lon="-97.914688"></trkpt>
      <trkpt lat="30.395950" lon="-97.915260"></trkpt>
      <trkpt lat="30.395998" lon="-97.915406"></trkpt>
      <trkpt lat="30.396157" lon="-97.915887"></trkpt>
      <trkpt lat="30.396252" lon="-97.916176"></trkpt>
      <trkpt lat="30.396386" lon="-97.916581"></trkpt>
      <trkpt lat="30.396396" lon="-97.916624"></trkpt>
      <trkpt lat="30.396523" lon="-97.917183"></trkpt>
      <trkpt lat="30.396616" lon="-97.917752"></trkpt>
      <trkpt lat="30.396659" lon="-97.918178"></trkpt>
      <trkpt lat="30.396682" lon="-97.918744"></trkpt>
      <trkpt lat="30.396691" lon="-97.920384"></trkpt>
      <trkpt lat="30.396685" lon="-97.920776"></trkpt>
      <trkpt lat="30.396707" lon="-97.921986"></trkpt>
      <trkpt lat="30.396763" lon="-97.922784"></trkpt>
      <trkpt lat="30.396790" lon="-97.923104"></trkpt>
      <trkpt lat="30.396810" lon="-97.923342"></trkpt>
      <trkpt lat="30.397019" lon="-97.924835"></trkpt>
      <trkpt lat="30.397069" lon="-97.925131"></trkpt>
      <trkpt lat="30.397283" lon="-97.926299"></trkpt>
      <trkpt lat="30.397330" lon="-97.926602"></trkpt>
      <trkpt lat="30.397449" lon="-97.927370"></trkpt>
      <trkpt lat="30.397499" lon="-97.927688"></trkpt>
      <trkpt lat="30.397569" lon="-97.928230"></trkpt>
      <trkpt lat="30.397636" lon="-97.928894"></trkpt>
      <trkpt lat="30.397649" lon="-97.929417"></trkpt>
      <trkpt lat="30.397632" lon="-97.929621"></trkpt>
      <trkpt lat="30.397615" lon="-97.929824"></trkpt>
      <trkpt lat="30.397561" lon="-97.930143"></trkpt>
      <trkpt lat="30.397508" lon="-97.930359"></trkpt>
      <trkpt lat="30.397407" lon="-97.930680"></trkpt>
      <trkpt lat="30.397303" lon="-97.930911"></trkpt>
      <trkpt lat="30.397077" lon="-97.931418"></trkpt>
      <trkpt lat="30.396888" lon="-97.931736"></trkpt>
      <trkpt lat="30.396869" lon="-97.931768"></trkpt>
      <trkpt lat="30.396766" lon="-97.931943"></trkpt>
      <trkpt lat="30.396612" lon="-97.932140"></trkpt>
      <trkpt lat="30.396482" lon="-97.932305"></trkpt>
      <trkpt lat="30.396443" lon="-97.932340"></trkpt>
      <trkpt lat="30.396187" lon="-97.932575"></trkpt>
      <trkpt lat="30.396120" lon="-97.932637"></trkpt>
      <trkpt lat="30.395858" lon="-97.932877"></trkpt>
      <trkpt lat="30.395658" lon="-97.933041"></trkpt>
      <trkpt lat="30.394723" lon="-97.933806"></trkpt>
      <trkpt lat="30.394631" lon="-97.933886"></trkpt>
      <trkpt lat="30.394538" lon="-97.933967"></trkpt>
      <trkpt lat="30.394125" lon="-97.934328"></trkpt>
      <trkpt lat="30.393614" lon="-97.934774"></trkpt>
      <trkpt lat="30.393579" lon="-97.934805"></trkpt>
      <trkpt lat="30.393533" lon="-97.934857"></trkpt>
      <trkpt lat="30.393399" lon="-97.935007"></trkpt>
      <trkpt lat="30.392974" lon="-97.935483"></trkpt>
      <trkpt lat="30.392474" lon="-97.936074"></trkpt>
      <trkpt lat="30.392002" lon="-97.936764"></trkpt>
      <trkpt lat="30.391781" lon="-97.937102"></trkpt>
      <trkpt lat="30.391654" lon="-97.937322"></trkpt>
      <trkpt lat="30.391119" lon="-97.938299"></trkpt>
      <trkpt lat="30.390969" lon="-97.938568"></trkpt>
      <trkpt lat="30.390827" lon="-97.938823"></trkpt>
      <trkpt lat="30.390773" lon="-97.938913"></trkpt>
      <trkpt lat="30.390312" lon="-97.939773"></trkpt>
      <trkpt lat="30.390115" lon="-97.940064"></trkpt>
      <trkpt lat="30.390051" lon="-97.940147"></trkpt>
      <trkpt lat="30.389844" lon="-97.940411"></trkpt>
      <trkpt lat="30.389567" lon="-97.940719"></trkpt>
      <trkpt lat="30.389448" lon="-97.940812"></trkpt>
      <trkpt lat="30.389136" lon="-97.941051"></trkpt>
      <trkpt lat="30.388585" lon="-97.941417"></trkpt>
      <trkpt lat="30.388247" lon="-97.941640"></trkpt>
      <trkpt lat="30.387395" lon="-97.942252"></trkpt>
      <trkpt lat="30.387096" lon="-97.942404"></trkpt>
      <trkpt lat="30.386744" lon="-97.942568"></trkpt>
      <trkpt lat="30.386450" lon="-97.942624"></trkpt>
      <trkpt lat="30.386292" lon="-97.942669"></trkpt>
      <trkpt lat="30.386179" lon="-97.942684"></trkpt>
      <trkpt lat="30.385968" lon="-97.942712"></trkpt>
      <trkpt lat="30.385327" lon="-97.942715"></trkpt>
      <trkpt lat="30.385279" lon="-97.942715"></trkpt>
      <trkpt lat="30.385217" lon="-97.942715"></trkpt>
      <trkpt lat="30.384615" lon="-97.942775"></trkpt>
      <trkpt lat="30.383778" lon="-97.942924"></trkpt>
      <trkpt lat="30.383410" lon="-97.942985"></trkpt>
      <trkpt lat="30.383321" lon="-97.943000"></trkpt>
      <trkpt lat="30.383275" lon="-97.943008"></trkpt>
      <trkpt lat="30.383241" lon="-97.943014"></trkpt>
      <trkpt lat="30.382719" lon="-97.943154"></trkpt>
      <trkpt lat="30.382506" lon="-97.943242"></trkpt>
      <trkpt lat="30.382318" lon="-97.943320"></trkpt>
      <trkpt lat="30.381973" lon="-97.943555"></trkpt>
      <trkpt lat="30.381902" lon="-97.943603"></trkpt>
      <trkpt lat="30.381793" lon="-97.943692"></trkpt>
      <trkpt lat="30.381618" lon="-97.943833"></trkpt>
      <trkpt lat="30.381557" lon="-97.943883"></trkpt>
      <trkpt lat="30.381390" lon="-97.944017"></trkpt>
      <trkpt lat="30.381332" lon="-97.944067"></trkpt>
      <trkpt lat="30.381213" lon="-97.944167"></trkpt>
      <trkpt lat="30.380933" lon="-97.944405"></trkpt>
      <trkpt lat="30.380427" lon="-97.944834"></trkpt>
      <trkpt lat="30.379821" lon="-97.945291"></trkpt>
      <trkpt lat="30.379279" lon="-97.945635"></trkpt>
      <trkpt lat="30.379085" lon="-97.945733"></trkpt>
      <trkpt lat="30.378681" lon="-97.945932"></trkpt>
      <trkpt lat="30.378419" lon="-97.946037"></trkpt>
      <trkpt lat="30.378119" lon="-97.946157"></trkpt>
      <trkpt lat="30.377832" lon="-97.946253"></trkpt>
      <trkpt lat="30.377692" lon="-97.946300"></trkpt>
      <trkpt lat="30.377639" lon="-97.946318"></trkpt>
      <trkpt lat="30.376897" lon="-97.946521"></trkpt>
      <trkpt lat="30.376520" lon="-97.946622"></trkpt>
      <trkpt lat="30.376068" lon="-97.946734"></trkpt>
      <trkpt lat="30.375817" lon="-97.946799"></trkpt>
      <trkpt lat="30.375563" lon="-97.946864"></trkpt>
      <trkpt lat="30.375006" lon="-97.947007"></trkpt>
      <trkpt lat="30.374322" lon="-97.947183"></trkpt>
      <trkpt lat="30.374227" lon="-97.947208"></trkpt>
      <trkpt lat="30.372844" lon="-97.947577"></trkpt>
      <trkpt lat="30.372291" lon="-97.947725"></trkpt>
      <trkpt lat="30.371837" lon="-97.947842"></trkpt>
      <trkpt lat="30.371563" lon="-97.947927"></trkpt>
      <trkpt lat="30.371285" lon="-97.948013"></trkpt>
      <trkpt lat="30.370580" lon="-97.948329"></trkpt>
      <trkpt lat="30.370106" lon="-97.948575"></trkpt>
      <trkpt lat="30.369860" lon="-97.948733"></trkpt>
      <trkpt lat="30.369385" lon="-97.949038"></trkpt>
      <trkpt lat="30.369218" lon="-97.949147"></trkpt>
      <trkpt lat="30.368767" lon="-97.949442"></trkpt>
      <trkpt lat="30.368115" lon="-97.949841"></trkpt>
      <trkpt lat="30.367458" lon="-97.950303"></trkpt>
      <trkpt lat="30.367302" lon="-97.950404"></trkpt>
      <trkpt lat="30.367089" lon="-97.950542"></trkpt>
      <trkpt lat="30.366902" lon="-97.950663"></trkpt>
      <trkpt lat="30.366683" lon="-97.950806"></trkpt>
      <trkpt lat="30.366504" lon="-97.950922"></trkpt>
      <trkpt lat="30.366224" lon="-97.951103"></trkpt>
      <trkpt lat="30.366183" lon="-97.951129"></trkpt>
      <trkpt lat="30.365982" lon="-97.951256"></trkpt>
      <trkpt lat="30.365837" lon="-97.951347"></trkpt>
      <trkpt lat="30.365799" lon="-97.951371"></trkpt>
      <trkpt lat="30.365689" lon="-97.951441"></trkpt>
      <trkpt lat="30.365388" lon="-97.951614"></trkpt>
      <trkpt lat="30.365223" lon="-97.951709"></trkpt>
      <trkpt lat="30.365095" lon="-97.951783"></trkpt>
      <trkpt lat="30.364899" lon="-97.951896"></trkpt>
      <trkpt lat="30.364826" lon="-97.951933"></trkpt>
      <trkpt lat="30.364764" lon="-97.951964"></trkpt>
      <trkpt lat="30.364639" lon="-97.952012"></trkpt>
      <trkpt lat="30.364208" lon="-97.952180"></trkpt>
      <trkpt lat="30.363981" lon="-97.952261"></trkpt>
      <trkpt lat="30.363484" lon="-97.952461"></trkpt>
      <trkpt lat="30.362592" lon="-97.952838"></trkpt>
      <trkpt lat="30.362116" lon="-97.953039"></trkpt>
      <trkpt lat="30.361620" lon="-97.953248"></trkpt>
      <trkpt lat="30.361099" lon="-97.953471"></trkpt>
      <trkpt lat="30.360587" lon="-97.953664"></trkpt>
      <trkpt lat="30.360254" lon="-97.953826"></trkpt>
      <trkpt lat="30.360064" lon="-97.953954"></trkpt>
      <trkpt lat="30.359890" lon="-97.954071"></trkpt>
      <trkpt lat="30.359667" lon="-97.954264"></trkpt>
      <trkpt lat="30.359408" lon="-97.954490"></trkpt>
      <trkpt lat="30.359165" lon="-97.954792"></trkpt>
      <trkpt lat="30.358957" lon="-97.955141"></trkpt>
      <trkpt lat="30.358928" lon="-97.955323"></trkpt>
      <trkpt lat="30.358778" lon="-97.955646"></trkpt>
      <trkpt lat="30.358516" lon="-97.956269"></trkpt>
      <trkpt lat="30.358378" lon="-97.956573"></trkpt>
      <trkpt lat="30.358253" lon="-97.956846"></trkpt>
      <trkpt lat="30.358206" lon="-97.956951"></trkpt>
      <trkpt lat="30.358142" lon="-97.957100"></trkpt>
      <trkpt lat="30.358045" lon="-97.957332"></trkpt>
      <trkpt lat="30.358004" lon="-97.957427"></trkpt>
      <trkpt lat="30.357901" lon="-97.957660"></trkpt>
      <trkpt lat="30.357780" lon="-97.957895"></trkpt>
      <trkpt lat="30.357664" lon="-97.958098"></trkpt>
      <trkpt lat="30.357531" lon="-97.958298"></trkpt>
      <trkpt lat="30.357349" lon="-97.958427"></trkpt>
      <trkpt lat="30.357145" lon="-97.958664"></trkpt>
      <trkpt lat="30.355990" lon="-97.959809"></trkpt>
      <trkpt lat="30.355226" lon="-97.960527"></trkpt>
      <trkpt lat="30.355153" lon="-97.960599"></trkpt>
      <trkpt lat="30.355038" lon="-97.960716"></trkpt>
      <trkpt lat="30.354915" lon="-97.960839"></trkpt>
      <trkpt lat="30.354483" lon="-97.961223"></trkpt>
      <trkpt lat="30.354249" lon="-97.961446"></trkpt>
      <trkpt lat="30.354107" lon="-97.961542"></trkpt>
      <trkpt lat="30.354057" lon="-97.961646"></trkpt>
      <trkpt lat="30.353368" lon="-97.962049"></trkpt>
      <trkpt lat="30.352938" lon="-97.962294"></trkpt>
      <trkpt lat="30.352226" lon="-97.962701"></trkpt>
      <trkpt lat="30.352161" lon="-97.962738"></trkpt>
      <trkpt lat="30.351934" lon="-97.962852"></trkpt>
      <trkpt lat="30.351766" lon="-97.962927"></trkpt>
      <trkpt lat="30.351470" lon="-97.963067"></trkpt>
      <trkpt lat="30.351213" lon="-97.963148"></trkpt>
      <trkpt lat="30.351163" lon="-97.963163"></trkpt>
      <trkpt lat="30.350849" lon="-97.963257"></trkpt>
      <trkpt lat="30.350781" lon="-97.963275"></trkpt>
      <trkpt lat="30.350383" lon="-97.963383"></trkpt>
      <trkpt lat="30.350052" lon="-97.963464"></trkpt>
      <trkpt lat="30.349959" lon="-97.963494"></trkpt>
      <trkpt lat="30.349910" lon="-97.963510"></trkpt>
      <trkpt lat="30.349698" lon="-97.963561"></trkpt>
      <trkpt lat="30.349611" lon="-97.963587"></trkpt>
      <trkpt lat="30.349581" lon="-97.963595"></trkpt>
      <trkpt lat="30.349524" lon="-97.963609"></trkpt>
      <trkpt lat="30.349475" lon="-97.963622"></trkpt>
      <trkpt lat="30.349188" lon="-97.963699"></trkpt>
      <trkpt lat="30.349128" lon="-97.963713"></trkpt>
      <trkpt lat="30.348928" lon="-97.963762"></trkpt>
      <trkpt lat="30.348739" lon="-97.963822"></trkpt>
      <trkpt lat="30.348538" lon="-97.963874"></trkpt>
      <trkpt lat="30.348399" lon="-97.963913"></trkpt>
      <trkpt lat="30.347891" lon="-97.964056"></trkpt>
      <trkpt lat="30.347712" lon="-97.964120"></trkpt>
      <trkpt lat="30.347535" lon="-97.964190"></trkpt>
      <trkpt lat="30.347390" lon="-97.964248"></trkpt>
      <trkpt lat="30.347118" lon="-97.964375"></trkpt>
      <trkpt lat="30.346832" lon="-97.964520"></trkpt>
      <trkpt lat="30.346764" lon="-97.964565"></trkpt>
      <trkpt lat="30.346305" lon="-97.964831"></trkpt>
      <trkpt lat="30.346129" lon="-97.964950"></trkpt>
      <trkpt lat="30.346089" lon="-97.964980"></trkpt>
      <trkpt lat="30.346033" lon="-97.965022"></trkpt>
      <trkpt lat="30.345881" lon="-97.965126"></trkpt>
      <trkpt lat="30.345803" lon="-97.965182"></trkpt>
      <trkpt lat="30.345751" lon="-97.965219"></trkpt>
      <trkpt lat="30.345610" lon="-97.965318"></trkpt>
      <trkpt lat="30.345201" lon="-97.965604"></trkpt>
      <trkpt lat="30.345082" lon="-97.965622"></trkpt>
      <trkpt lat="30.344980" lon="-97.965698"></trkpt>
      <trkpt lat="30.344312" lon="-97.966160"></trkpt>
      <trkpt lat="30.343756" lon="-97.966575"></trkpt>
      <trkpt lat="30.343445" lon="-97.966790"></trkpt>
      <trkpt lat="30.343194" lon="-97.966971"></trkpt>
      <trkpt lat="30.343076" lon="-97.967055"></trkpt>
      <trkpt lat="30.343011" lon="-97.967101"></trkpt>
      <trkpt lat="30.342817" lon="-97.967250"></trkpt>
      <trkpt lat="30.342754" lon="-97.967296"></trkpt>
      <trkpt lat="30.342120" lon="-97.967751"></trkpt>
      <trkpt lat="30.342041" lon="-97.967807"></trkpt>
      <trkpt lat="30.341816" lon="-97.967974"></trkpt>
      <trkpt lat="30.341676" lon="-97.968076"></trkpt>
      <trkpt lat="30.341045" lon="-97.968541"></trkpt>
      <trkpt lat="30.340954" lon="-97.968608"></trkpt>
      <trkpt lat="30.340854" lon="-97.968688"></trkpt>
      <trkpt lat="30.340128" lon="-97.969184"></trkpt>
      <trkpt lat="30.339689" lon="-97.969436"></trkpt>
      <trkpt lat="30.338806" lon="-97.969756"></trkpt>
      <trkpt lat="30.338408" lon="-97.969853"></trkpt>
      <trkpt lat="30.337880" lon="-97.969879"></trkpt>
      <trkpt lat="30.337253" lon="-97.969856"></trkpt>
      <trkpt lat="30.336635" lon="-97.969755"></trkpt>
      <trkpt lat="30.335958" lon="-97.969563"></trkpt>
      <trkpt lat="30.335473" lon="-97.969366"></trkpt>
      <trkpt lat="30.334601" lon="-97.968939"></trkpt>
      <trkpt lat="30.334496" lon="-97.968890"></trkpt>
      <trkpt lat="30.333243" lon="-97.968324"></trkpt>
      <trkpt lat="30.332560" lon="-97.968015"></trkpt>
      <trkpt lat="30.332445" lon="-97.967966"></trkpt>
      <trkpt lat="30.331622" lon="-97.967590"></trkpt>
      <trkpt lat="30.331168" lon="-97.967374"></trkpt>
      <trkpt lat="30.330991" lon="-97.967290"></trkpt>
      <trkpt lat="30.330710" lon="-97.967107"></trkpt>
      <trkpt lat="30.330436" lon="-97.966928"></trkpt>
      <trkpt lat="30.329910" lon="-97.966413"></trkpt>
      <trkpt lat="30.329279" lon="-97.965720"></trkpt>
      <trkpt lat="30.328580" lon="-97.965173"></trkpt>
      <trkpt lat="30.327622" lon="-97.964423"></trkpt>
      <trkpt lat="30.327511" lon="-97.964330"></trkpt>
      <trkpt lat="30.327459" lon="-97.964288"></trkpt>
      <trkpt lat="30.327149" lon="-97.964040"></trkpt>
      <trkpt lat="30.327053" lon="-97.963944"></trkpt>
      <trkpt lat="30.326904" lon="-97.963796"></trkpt>
      <trkpt lat="30.326754" lon="-97.963613"></trkpt>
      <trkpt lat="30.326461" lon="-97.963209"></trkpt>
      <trkpt lat="30.326267" lon="-97.962795"></trkpt>
      <trkpt lat="30.326076" lon="-97.962210"></trkpt>
      <trkpt lat="30.325900" lon="-97.961576"></trkpt>
      <trkpt lat="30.325700" lon="-97.960641"></trkpt>
      <trkpt lat="30.325598" lon="-97.960166"></trkpt>
      <trkpt lat="30.325461" lon="-97.959527"></trkpt>
      <trkpt lat="30.325434" lon="-97.959393"></trkpt>
      <trkpt lat="30.325373" lon="-97.959084"></trkpt>
      <trkpt lat="30.325264" lon="-97.958788"></trkpt>
      <trkpt lat="30.325204" lon="-97.958626"></trkpt>
      <trkpt lat="30.325014" lon="-97.958243"></trkpt>
      <trkpt lat="30.324952" lon="-97.958116"></trkpt>
      <trkpt lat="30.324712" lon="-97.957749"></trkpt>
      <trkpt lat="30.324480" lon="-97.957543"></trkpt>
      <trkpt lat="30.324307" lon="-97.957379"></trkpt>
      <trkpt lat="30.324256" lon="-97.957331"></trkpt>
      <trkpt lat="30.324142" lon="-97.957235"></trkpt>
      <trkpt lat="30.323936" lon="-97.957066"></trkpt>
      <trkpt lat="30.323925" lon="-97.957057"></trkpt>
      <trkpt lat="30.323836" lon="-97.956993"></trkpt>
      <trkpt lat="30.323630" lon="-97.956847"></trkpt>
      <trkpt lat="30.323415" lon="-97.956693"></trkpt>
      <trkpt lat="30.322479" lon="-97.956026"></trkpt>
      <trkpt lat="30.322232" lon="-97.955850"></trkpt>
      <trkpt lat="30.321995" lon="-97.955653"></trkpt>
      <trkpt lat="30.321758" lon="-97.955458"></trkpt>
      <trkpt lat="30.321478" lon="-97.955092"></trkpt>
      <trkpt lat="30.320896" lon="-97.954260"></trkpt>
      <trkpt lat="30.320844" lon="-97.954194"></trkpt>
      <trkpt lat="30.320602" lon="-97.953830"></trkpt>
      <trkpt lat="30.320304" lon="-97.953380"></trkpt>
      <trkpt lat="30.320023" lon="-97.952957"></trkpt>
      <trkpt lat="30.319900" lon="-97.952773"></trkpt>
      <trkpt lat="30.319744" lon="-97.952538"></trkpt>
      <trkpt lat="30.319236" lon="-97.951803"></trkpt>
      <trkpt lat="30.319044" lon="-97.951524"></trkpt>
      <trkpt lat="30.318881" lon="-97.951289"></trkpt>
      <trkpt lat="30.318570" lon="-97.950926"></trkpt>
      <trkpt lat="30.318338" lon="-97.950655"></trkpt>
      <trkpt lat="30.318106" lon="-97.950469"></trkpt>
      <trkpt lat="30.317931" lon="-97.950330"></trkpt>
      <trkpt lat="30.317795" lon="-97.950221"></trkpt>
      <trkpt lat="30.317516" lon="-97.950082"></trkpt>
      <trkpt lat="30.317299" lon="-97.949973"></trkpt>
      <trkpt lat="30.316495" lon="-97.949699"></trkpt>
      <trkpt lat="30.316372" lon="-97.949664"></trkpt>
      <trkpt lat="30.316449" lon="-97.949296"></trkpt>
      <trkpt lat="30.316490" lon="-97.948938"></trkpt>
      <trkpt lat="30.316505" lon="-97.948664"></trkpt>
      <trkpt lat="30.316497" lon="-97.948372"></trkpt>
      <trkpt lat="30.316461" lon="-97.948047"></trkpt>
      <trkpt lat="30.316395" lon="-97.947728"></trkpt>
      <trkpt lat="30.316297" lon="-97.947429"></trkpt>
      <trkpt lat="30.316158" lon="-97.947102"></trkpt>
      <trkpt lat="30.316035" lon="-97.946867"></trkpt>
      <trkpt lat="30.315868" lon="-97.946628"></trkpt>
      <trkpt lat="30.315673" lon="-97.946388"></trkpt>
      <trkpt lat="30.315472" lon="-97.946198"></trkpt>
      <trkpt lat="30.315283" lon="-97.946043"></trkpt>
      <trkpt lat="30.315097" lon="-97.945922"></trkpt>
      <trkpt lat="30.314748" lon="-97.945704"></trkpt>
      <trkpt lat="30.313938" lon="-97.945200"></trkpt>
      <trkpt lat="30.313005" lon="-97.944619"></trkpt>
      <trkpt lat="30.312819" lon="-97.944490"></trkpt>
      <trkpt lat="30.312684" lon="-97.944377"></trkpt>
      <trkpt lat="30.312530" lon="-97.944235"></trkpt>
      <trkpt lat="30.312357" lon="-97.944042"></trkpt>
      <trkpt lat="30.312112" lon="-97.943712"></trkpt>
      <trkpt lat="30.312000" lon="-97.943507"></trkpt>
      <trkpt lat="30.311886" lon="-97.943256"></trkpt>
      <trkpt lat="30.311774" lon="-97.942960"></trkpt>
      <trkpt lat="30.311680" lon="-97.942608"></trkpt>
      <trkpt lat="30.311655" lon="-97.942611"></trkpt>
      <trkpt lat="30.311562" lon="-97.942622"></trkpt>
      <trkpt lat="30.311280" lon="-97.942743"></trkpt>
      <trkpt lat="30.311150" lon="-97.942742"></trkpt>
      <trkpt lat="30.310864" lon="-97.942005"></trkpt>
      <trkpt lat="30.310486" lon="-97.941030"></trkpt>
      <trkpt lat="30.310110" lon="-97.940087"></trkpt>
      <trkpt lat="30.310064" lon="-97.939967"></trkpt>
      <trkpt lat="30.309994" lon="-97.939787"></trkpt>
      <trkpt lat="30.309882" lon="-97.939498"></trkpt>
      <trkpt lat="30.308846" lon="-97.940057"></trkpt>
      <trkpt lat="30.308333" lon="-97.940341"></trkpt>
      <trkpt lat="30.308219" lon="-97.940398"></trkpt>
      <trkpt lat="30.308159" lon="-97.940410"></trkpt>
      <trkpt lat="30.308089" lon="-97.940386"></trkpt>
      <trkpt lat="30.307988" lon="-97.940335"></trkpt>
      <trkpt lat="30.307964" lon="-97.940379"></trkpt>
      <trkpt lat="30.307932" lon="-97.940415"></trkpt>
      <trkpt lat="30.307893" lon="-97.940441"></trkpt>
      <trkpt lat="30.307837" lon="-97.940457"></trkpt>
      <trkpt lat="30.307779" lon="-97.940451"></trkpt>
      <trkpt lat="30.307726" lon="-97.940425"></trkpt>
      <trkpt lat="30.307683" lon="-97.940381"></trkpt>
      <trkpt lat="30.307574" lon="-97.940438"></trkpt>
      <trkpt lat="30.307387" lon="-97.940537"></trkpt>
      <trkpt lat="30.307009" lon="-97.940712"></trkpt>
      <trkpt lat="30.308015" lon="-97.943378"></trkpt>
      <trkpt lat="30.308113" lon="-97.943638"></trkpt>
      <trkpt lat="30.308254" lon="-97.944063"></trkpt>
      <trkpt lat="30.308284" lon="-97.944156"></trkpt>
      <trkpt lat="30.308378" lon="-97.944519"></trkpt>
      <trkpt lat="30.308396" lon="-97.944605"></trkpt>
      <trkpt lat="30.308454" lon="-97.944890"></trkpt>
      <trkpt lat="30.308502" lon="-97.945395"></trkpt>
      <trkpt lat="30.308528" lon="-97.945678"></trkpt>
      <trkpt lat="30.308542" lon="-97.945935"></trkpt>
      <trkpt lat="30.308541" lon="-97.945972"></trkpt>
      <trkpt lat="30.308539" lon="-97.946060"></trkpt>
      <trkpt lat="30.308534" lon="-97.946328"></trkpt>
      <trkpt lat="30.308460" lon="-97.947843"></trkpt>
      <trkpt lat="30.308400" lon="-97.948607"></trkpt>
      <trkpt lat="30.308314" lon="-97.949029"></trkpt>
      <trkpt lat="30.308286" lon="-97.949448"></trkpt>
      <trkpt lat="30.308263" lon="-97.949826"></trkpt>
      <trkpt lat="30.308233" lon="-97.950302"></trkpt>
      <trkpt lat="30.308205" lon="-97.950781"></trkpt>
      <trkpt lat="30.308184" lon="-97.951137"></trkpt>
      <trkpt lat="30.308118" lon="-97.952255"></trkpt>
      <trkpt lat="30.308079" lon="-97.952810"></trkpt>
      <trkpt lat="30.308000" lon="-97.954100"></trkpt>
      <trkpt lat="30.307996" lon="-97.954623"></trkpt>
      <trkpt lat="30.308003" lon="-97.955105"></trkpt>
      <trkpt lat="30.308026" lon="-97.955562"></trkpt>
      <trkpt lat="30.308093" lon="-97.956194"></trkpt>
      <trkpt lat="30.308157" lon="-97.956616"></trkpt>
      <trkpt lat="30.308295" lon="-97.957347"></trkpt>
      <trkpt lat="30.308751" lon="-97.959462"></trkpt>
      <trkpt lat="30.308833" lon="-97.959839"></trkpt>
      <trkpt lat="30.308913" lon="-97.960211"></trkpt>
      <trkpt lat="30.308990" lon="-97.960567"></trkpt>
      <trkpt lat="30.309094" lon="-97.961058"></trkpt>
      <trkpt lat="30.309129" lon="-97.961222"></trkpt>
      <trkpt lat="30.309190" lon="-97.961512"></trkpt>
      <trkpt lat="30.309201" lon="-97.961562"></trkpt>
      <trkpt lat="30.309300" lon="-97.962032"></trkpt>
      <trkpt lat="30.309395" lon="-97.962482"></trkpt>
      <trkpt lat="30.309498" lon="-97.962968"></trkpt>
      <trkpt lat="30.309510" lon="-97.963023"></trkpt>
      <trkpt lat="30.309543" lon="-97.963190"></trkpt>
      <trkpt lat="30.309580" lon="-97.963377"></trkpt>
      <trkpt lat="30.309642" lon="-97.963693"></trkpt>
      <trkpt lat="30.309681" lon="-97.963875"></trkpt>
      <trkpt lat="30.309687" lon="-97.963904"></trkpt>
      <trkpt lat="30.309860" lon="-97.964731"></trkpt>
      <trkpt lat="30.309987" lon="-97.965311"></trkpt>
      <trkpt lat="30.310014" lon="-97.965452"></trkpt>
      <trkpt lat="30.310138" lon="-97.966034"></trkpt>
      <trkpt lat="30.310170" lon="-97.966180"></trkpt>
      <trkpt lat="30.310255" lon="-97.966576"></trkpt>
      <trkpt lat="30.310426" lon="-97.967375"></trkpt>
      <trkpt lat="30.310444" lon="-97.967463"></trkpt>
      <trkpt lat="30.310820" lon="-97.969209"></trkpt>
      <trkpt lat="30.310846" lon="-97.969329"></trkpt>
      <trkpt lat="30.310977" lon="-97.969938"></trkpt>
      <trkpt lat="30.311018" lon="-97.970128"></trkpt>
      <trkpt lat="30.311053" lon="-97.970308"></trkpt>
      <trkpt lat="30.311143" lon="-97.970712"></trkpt>
      <trkpt lat="30.311160" lon="-97.970784"></trkpt>
      <trkpt lat="30.311234" lon="-97.971108"></trkpt>
      <trkpt lat="30.311328" lon="-97.971494"></trkpt>
      <trkpt lat="30.311530" lon="-97.972046"></trkpt>
      <trkpt lat="30.311798" lon="-97.972658"></trkpt>
      <trkpt lat="30.312022" lon="-97.973081"></trkpt>
      <trkpt lat="30.312325" lon="-97.973559"></trkpt>
      <trkpt lat="30.312525" lon="-97.973838"></trkpt>
      <trkpt lat="30.312623" lon="-97.973975"></trkpt>
      <trkpt lat="30.312862" lon="-97.974271"></trkpt>
      <trkpt lat="30.314721" lon="-97.976501"></trkpt>
      <trkpt lat="30.315485" lon="-97.977417"></trkpt>
      <trkpt lat="30.315721" lon="-97.977726"></trkpt>
      <trkpt lat="30.315821" lon="-97.977856"></trkpt>
      <trkpt lat="30.316073" lon="-97.978239"></trkpt>
      <trkpt lat="30.316126" lon="-97.978347"></trkpt>
      <trkpt lat="30.316181" lon="-97.978460"></trkpt>
      <trkpt lat="30.316399" lon="-97.978909"></trkpt>
      <trkpt lat="30.316492" lon="-97.979176"></trkpt>
      <trkpt lat="30.316505" lon="-97.979211"></trkpt>
      <trkpt lat="30.316646" lon="-97.979615"></trkpt>
      <trkpt lat="30.316704" lon="-97.979828"></trkpt>
      <trkpt lat="30.316778" lon="-97.980100"></trkpt>
      <trkpt lat="30.316812" lon="-97.980303"></trkpt>
      <trkpt lat="30.316831" lon="-97.980411"></trkpt>
      <trkpt lat="30.316871" lon="-97.980650"></trkpt>
      <trkpt lat="30.316910" lon="-97.980972"></trkpt>
      <trkpt lat="30.317020" lon="-97.981967"></trkpt>
      <trkpt lat="30.317263" lon="-97.984481"></trkpt>
      <trkpt lat="30.317295" lon="-97.984825"></trkpt>
      <trkpt lat="30.317298" lon="-97.984875"></trkpt>
      <trkpt lat="30.317340" lon="-97.985259"></trkpt>
      <trkpt lat="30.317500" lon="-97.986887"></trkpt>
      <trkpt lat="30.317695" lon="-97.988725"></trkpt>
      <trkpt lat="30.317834" lon="-97.990174"></trkpt>
      <trkpt lat="30.317854" lon="-97.990383"></trkpt>
      <trkpt lat="30.317887" lon="-97.990782"></trkpt>
      <trkpt lat="30.317947" lon="-97.991320"></trkpt>
      <trkpt lat="30.317991" lon="-97.991719"></trkpt>
      <trkpt lat="30.318043" lon="-97.992184"></trkpt>
      <trkpt lat="30.318065" lon="-97.992341"></trkpt>
      <trkpt lat="30.318094" lon="-97.992656"></trkpt>
      <trkpt lat="30.318172" lon="-97.993557"></trkpt>
      <trkpt lat="30.318223" lon="-97.994397"></trkpt>
      <trkpt lat="30.318222" lon="-97.994521"></trkpt>
      <trkpt lat="30.318222" lon="-97.994631"></trkpt>
      <trkpt lat="30.318228" lon="-97.995124"></trkpt>
      <trkpt lat="30.318213" lon="-97.995941"></trkpt>
      <trkpt lat="30.318154" lon="-97.996821"></trkpt>
      <trkpt lat="30.318083" lon="-97.997604"></trkpt>
      <trkpt lat="30.317828" lon="-97.999452"></trkpt>
      <trkpt lat="30.317672" lon="-98.000605"></trkpt>
      <trkpt lat="30.317630" lon="-98.000918"></trkpt>
      <trkpt lat="30.317604" lon="-98.001157"></trkpt>
      <trkpt lat="30.317584" lon="-98.001420"></trkpt>
      <trkpt lat="30.317579" lon="-98.001617"></trkpt>
      <trkpt lat="30.317579" lon="-98.001816"></trkpt>
      <trkpt lat="30.317586" lon="-98.001992"></trkpt>
      <trkpt lat="30.317598" lon="-98.002174"></trkpt>
      <trkpt lat="30.317645" lon="-98.002489"></trkpt>
      <trkpt lat="30.317693" lon="-98.002749"></trkpt>
      <trkpt lat="30.317752" lon="-98.002987"></trkpt>
      <trkpt lat="30.317807" lon="-98.003180"></trkpt>
      <trkpt lat="30.317896" lon="-98.003447"></trkpt>
      <trkpt lat="30.317980" lon="-98.003636"></trkpt>
      <trkpt lat="30.318142" lon="-98.004001"></trkpt>
      <trkpt lat="30.318245" lon="-98.004175"></trkpt>
      <trkpt lat="30.318339" lon="-98.004334"></trkpt>
      <trkpt lat="30.318572" lon="-98.004683"></trkpt>
      <trkpt lat="30.319208" lon="-98.005555"></trkpt>
      <trkpt lat="30.319409" lon="-98.005831"></trkpt>
      <trkpt lat="30.320249" lon="-98.006992"></trkpt>
      <trkpt lat="30.320340" lon="-98.007115"></trkpt>
      <trkpt lat="30.323353" lon="-98.011283"></trkpt>
      <trkpt lat="30.323414" lon="-98.011366"></trkpt>
      <trkpt lat="30.323488" lon="-98.011469"></trkpt>
      <trkpt lat="30.323725" lon="-98.011797"></trkpt>
      <trkpt lat="30.323769" lon="-98.011858"></trkpt>
      <trkpt lat="30.323883" lon="-98.012016"></trkpt>
      <trkpt lat="30.324555" lon="-98.012946"></trkpt>
      <trkpt lat="30.327365" lon="-98.016836"></trkpt>
      <trkpt lat="30.327563" lon="-98.017150"></trkpt>
      <trkpt lat="30.327754" lon="-98.017460"></trkpt>
      <trkpt lat="30.328326" lon="-98.018458"></trkpt>
      <trkpt lat="30.328671" lon="-98.019118"></trkpt>
      <trkpt lat="30.328820" lon="-98.019404"></trkpt>
      <trkpt lat="30.329014" lon="-98.019811"></trkpt>
      <trkpt lat="30.329102" lon="-98.020015"></trkpt>
      <trkpt lat="30.329276" lon="-98.020418"></trkpt>
      <trkpt lat="30.329334" lon="-98.020560"></trkpt>
      <trkpt lat="30.329508" lon="-98.021015"></trkpt>
      <trkpt lat="30.329700" lon="-98.021518"></trkpt>
      <trkpt lat="30.330086" lon="-98.022667"></trkpt>
      <trkpt lat="30.330112" lon="-98.022746"></trkpt>
      <trkpt lat="30.330288" lon="-98.023126"></trkpt>
      <trkpt lat="30.330379" lon="-98.023288"></trkpt>
      <trkpt lat="30.330550" lon="-98.023556"></trkpt>
      <trkpt lat="30.330755" lon="-98.023827"></trkpt>
      <trkpt lat="30.331003" lon="-98.024095"></trkpt>
      <trkpt lat="30.331435" lon="-98.024520"></trkpt>
      <trkpt lat="30.331539" lon="-98.024630"></trkpt>
      <trkpt lat="30.331695" lon="-98.024779"></trkpt>
      <trkpt lat="30.331765" lon="-98.024846"></trkpt>
      <trkpt lat="30.331912" lon="-98.025007"></trkpt>
      <trkpt lat="30.332035" lon="-98.025159"></trkpt>
      <trkpt lat="30.332140" lon="-98.025296"></trkpt>
      <trkpt lat="30.332235" lon="-98.025423"></trkpt>
      <trkpt lat="30.332341" lon="-98.025578"></trkpt>
      <trkpt lat="30.332519" lon="-98.025889"></trkpt>
      <trkpt lat="30.332607" lon="-98.026067"></trkpt>
      <trkpt lat="30.332752" lon="-98.026381"></trkpt>
      <trkpt lat="30.333041" lon="-98.027101"></trkpt>
      <trkpt lat="30.333234" lon="-98.027485"></trkpt>
      <trkpt lat="30.333438" lon="-98.027830"></trkpt>
      <trkpt lat="30.333704" lon="-98.028201"></trkpt>
      <trkpt lat="30.334507" lon="-98.029086"></trkpt>
      <trkpt lat="30.334786" lon="-98.029405"></trkpt>
      <trkpt lat="30.334975" lon="-98.029674"></trkpt>
      <trkpt lat="30.335123" lon="-98.029931"></trkpt>
      <trkpt lat="30.335271" lon="-98.030232"></trkpt>
      <trkpt lat="30.335719" lon="-98.031337"></trkpt>
      <trkpt lat="30.336007" lon="-98.031906"></trkpt>
      <trkpt lat="30.336288" lon="-98.032332"></trkpt>
      <trkpt lat="30.337103" lon="-98.033408"></trkpt>
      <trkpt lat="30.337492" lon="-98.033892"></trkpt>
      <trkpt lat="30.338097" lon="-98.034734"></trkpt>
      <trkpt lat="30.338560" lon="-98.035378"></trkpt>
      <trkpt lat="30.338667" lon="-98.035527"></trkpt>
      <trkpt lat="30.338931" lon="-98.035891"></trkpt>
      <trkpt lat="30.339286" lon="-98.036448"></trkpt>
      <trkpt lat="30.339410" lon="-98.036654"></trkpt>
      <trkpt lat="30.339500" lon="-98.036805"></trkpt>
      <trkpt lat="30.339712" lon="-98.037334"></trkpt>
      <trkpt lat="30.339771" lon="-98.037495"></trkpt>
      <trkpt lat="30.339835" lon="-98.037690"></trkpt>
      <trkpt lat="30.339878" lon="-98.037848"></trkpt>
      <trkpt lat="30.339916" lon="-98.038027"></trkpt>
      <trkpt lat="30.339957" lon="-98.038230"></trkpt>
      <trkpt lat="30.339982" lon="-98.038383"></trkpt>
      <trkpt lat="30.340004" lon="-98.038521"></trkpt>
      <trkpt lat="30.340039" lon="-98.038940"></trkpt>
      <trkpt lat="30.340042" lon="-98.039146"></trkpt>
      <trkpt lat="30.340045" lon="-98.039271"></trkpt>
      <trkpt lat="30.340045" lon="-98.039300"></trkpt>
      <trkpt lat="30.340047" lon="-98.039530"></trkpt>
      <trkpt lat="30.340055" lon="-98.040350"></trkpt>
      <trkpt lat="30.340114" lon="-98.040877"></trkpt>
      <trkpt lat="30.340253" lon="-98.041459"></trkpt>
      <trkpt lat="30.340384" lon="-98.041784"></trkpt>
      <trkpt lat="30.340430" lon="-98.041897"></trkpt>
      <trkpt lat="30.340611" lon="-98.042247"></trkpt>
      <trkpt lat="30.340813" lon="-98.042566"></trkpt>
      <trkpt lat="30.341108" lon="-98.042977"></trkpt>
      <trkpt lat="30.341864" lon="-98.043944"></trkpt>
      <trkpt lat="30.342417" lon="-98.044696"></trkpt>
      <trkpt lat="30.343406" lon="-98.046040"></trkpt>
      <trkpt lat="30.343850" lon="-98.046643"></trkpt>
      <trkpt lat="30.344030" lon="-98.046885"></trkpt>
      <trkpt lat="30.344058" lon="-98.046923"></trkpt>
      <trkpt lat="30.344307" lon="-98.047256"></trkpt>
      <trkpt lat="30.344955" lon="-98.048127"></trkpt>
      <trkpt lat="30.345298" lon="-98.048602"></trkpt>
      <trkpt lat="30.346007" lon="-98.049671"></trkpt>
      <trkpt lat="30.346657" lon="-98.050888"></trkpt>
      <trkpt lat="30.346992" lon="-98.051664"></trkpt>
      <trkpt lat="30.347104" lon="-98.052029"></trkpt>
      <trkpt lat="30.347332" lon="-98.052828"></trkpt>
      <trkpt lat="30.347456" lon="-98.053460"></trkpt>
      <trkpt lat="30.347588" lon="-98.054306"></trkpt>
      <trkpt lat="30.347876" lon="-98.056417"></trkpt>
      <trkpt lat="30.348094" lon="-98.057903"></trkpt>
      <trkpt lat="30.348101" lon="-98.058307"></trkpt>
      <trkpt lat="30.348326" lon="-98.059333"></trkpt>
      <trkpt lat="30.348436" lon="-98.059567"></trkpt>
      <trkpt lat="30.348863" lon="-98.060471"></trkpt>
      <trkpt lat="30.349012" lon="-98.060739"></trkpt>
      <trkpt lat="30.349202" lon="-98.061080"></trkpt>
      <trkpt lat="30.349266" lon="-98.061194"></trkpt>
      <trkpt lat="30.349963" lon="-98.061953"></trkpt>
      <trkpt lat="30.350670" lon="-98.062640"></trkpt>
      <trkpt lat="30.351020" lon="-98.062959"></trkpt>
      <trkpt lat="30.351169" lon="-98.063083"></trkpt>
      <trkpt lat="30.351659" lon="-98.063468"></trkpt>
      <trkpt lat="30.351982" lon="-98.063722"></trkpt>
      <trkpt lat="30.352028" lon="-98.063757"></trkpt>
      <trkpt lat="30.352087" lon="-98.063804"></trkpt>
      <trkpt lat="30.352282" lon="-98.063963"></trkpt>
      <trkpt lat="30.352547" lon="-98.064178"></trkpt>
      <trkpt lat="30.352690" lon="-98.064295"></trkpt>
      <trkpt lat="30.352931" lon="-98.064490"></trkpt>
      <trkpt lat="30.353404" lon="-98.064892"></trkpt>
      <trkpt lat="30.353679" lon="-98.065125"></trkpt>
      <trkpt lat="30.354015" lon="-98.065407"></trkpt>
      <trkpt lat="30.354254" lon="-98.065609"></trkpt>
      <trkpt lat="30.354753" lon="-98.066035"></trkpt>
      <trkpt lat="30.355287" lon="-98.066489"></trkpt>
      <trkpt lat="30.355604" lon="-98.066758"></trkpt>
      <trkpt lat="30.356470" lon="-98.067495"></trkpt>
      <trkpt lat="30.357308" lon="-98.068131"></trkpt>
      <trkpt lat="30.357606" lon="-98.068331"></trkpt>
      <trkpt lat="30.357695" lon="-98.068391"></trkpt>
      <trkpt lat="30.358337" lon="-98.068729"></trkpt>
      <trkpt lat="30.358455" lon="-98.068792"></trkpt>
      <trkpt lat="30.358695" lon="-98.068887"></trkpt>
      <trkpt lat="30.358972" lon="-98.068998"></trkpt>
      <trkpt lat="30.359896" lon="-98.069163"></trkpt>
      <trkpt lat="30.360186" lon="-98.069204"></trkpt>
      <trkpt lat="30.360424" lon="-98.069212"></trkpt>
      <trkpt lat="30.360570" lon="-98.069217"></trkpt>
      <trkpt lat="30.360913" lon="-98.069229"></trkpt>
      <trkpt lat="30.361854" lon="-98.069261"></trkpt>
      <trkpt lat="30.362396" lon="-98.069347"></trkpt>
      <trkpt lat="30.362450" lon="-98.069356"></trkpt>
      <trkpt lat="30.363061" lon="-98.069453"></trkpt>
      <trkpt lat="30.363607" lon="-98.069739"></trkpt>
      <trkpt lat="30.363864" lon="-98.069903"></trkpt>
      <trkpt lat="30.364121" lon="-98.070068"></trkpt>
      <trkpt lat="30.364234" lon="-98.070140"></trkpt>
      <trkpt lat="30.365058" lon="-98.070680"></trkpt>
      <trkpt lat="30.366677" lon="-98.071749"></trkpt>
      <trkpt lat="30.366957" lon="-98.071933"></trkpt>
      <trkpt lat="30.367969" lon="-98.072601"></trkpt>
      <trkpt lat="30.368109" lon="-98.072694"></trkpt>
      <trkpt lat="30.368632" lon="-98.073166"></trkpt>
      <trkpt lat="30.369131" lon="-98.073765"></trkpt>
      <trkpt lat="30.369286" lon="-98.074008"></trkpt>
      <trkpt lat="30.369491" lon="-98.074341"></trkpt>
      <trkpt lat="30.369713" lon="-98.074798"></trkpt>
      <trkpt lat="30.369895" lon="-98.075151"></trkpt>
      <trkpt lat="30.370567" lon="-98.076275"></trkpt>
      <trkpt lat="30.370968" lon="-98.076699"></trkpt>
      <trkpt lat="30.371189" lon="-98.076877"></trkpt>
      <trkpt lat="30.371403" lon="-98.077048"></trkpt>
      <trkpt lat="30.372060" lon="-98.077485"></trkpt>
      <trkpt lat="30.372455" lon="-98.077747"></trkpt>
      <trkpt lat="30.372669" lon="-98.077887"></trkpt>
      <trkpt lat="30.372829" lon="-98.077993"></trkpt>
      <trkpt lat="30.373122" lon="-98.078174"></trkpt>
      <trkpt lat="30.374002" lon="-98.078762"></trkpt>
      <trkpt lat="30.374288" lon="-98.078949"></trkpt>
      <trkpt lat="30.374681" lon="-98.079208"></trkpt>
      <trkpt lat="30.374831" lon="-98.079306"></trkpt>
      <trkpt lat="30.375777" lon="-98.079872"></trkpt>
      <trkpt lat="30.375792" lon="-98.079882"></trkpt>
      <trkpt lat="30.376204" lon="-98.080157"></trkpt>
      <trkpt lat="30.376548" lon="-98.080386"></trkpt>
      <trkpt lat="30.377008" lon="-98.080699"></trkpt>
      <trkpt lat="30.378727" lon="-98.081808"></trkpt>
      <trkpt lat="30.380716" lon="-98.083100"></trkpt>
      <trkpt lat="30.383847" lon="-98.085171"></trkpt>
      <trkpt lat="30.384234" lon="-98.085442"></trkpt>
      <trkpt lat="30.384412" lon="-98.085525"></trkpt>
      <trkpt lat="30.384584" lon="-98.085605"></trkpt>
      <trkpt lat="30.385400" lon="-98.085984"></trkpt>
      <trkpt lat="30.385787" lon="-98.086128"></trkpt>
      <trkpt lat="30.386491" lon="-98.086341"></trkpt>
      <trkpt lat="30.387126" lon="-98.086465"></trkpt>
      <trkpt lat="30.387279" lon="-98.086462"></trkpt>
      <trkpt lat="30.388472" lon="-98.086440"></trkpt>
      <trkpt lat="30.391026" lon="-98.086307"></trkpt>
      <trkpt lat="30.391853" lon="-98.086238"></trkpt>
      <trkpt lat="30.392484" lon="-98.086264"></trkpt>
      <trkpt lat="30.393341" lon="-98.086489"></trkpt>
      <trkpt lat="30.393927" lon="-98.086740"></trkpt>
      <trkpt lat="30.394338" lon="-98.086985"></trkpt>
      <trkpt lat="30.394845" lon="-98.087391"></trkpt>
      <trkpt lat="30.396488" lon="-98.088801"></trkpt>
      <trkpt lat="30.397179" lon="-98.089394"></trkpt>
      <trkpt lat="30.397408" lon="-98.089602"></trkpt>
      <trkpt lat="30.397809" lon="-98.089966"></trkpt>
      <trkpt lat="30.398651" lon="-98.090731"></trkpt>
      <trkpt lat="30.398907" lon="-98.090964"></trkpt>
      <trkpt lat="30.400204" lon="-98.091900"></trkpt>
      <trkpt lat="30.400234" lon="-98.091925"></trkpt>
      <trkpt lat="30.400966" lon="-98.092649"></trkpt>
      <trkpt lat="30.401497" lon="-98.093175"></trkpt>
      <trkpt lat="30.401930" lon="-98.093603"></trkpt>
      <trkpt lat="30.402050" lon="-98.093770"></trkpt>
      <trkpt lat="30.402835" lon="-98.094884"></trkpt>
      <trkpt lat="30.403301" lon="-98.095574"></trkpt>
      <trkpt lat="30.404427" lon="-98.098522"></trkpt>
      <trkpt lat="30.404477" lon="-98.098660"></trkpt>
      <trkpt lat="30.404673" lon="-98.099165"></trkpt>
      <trkpt lat="30.404682" lon="-98.099189"></trkpt>
      <trkpt lat="30.405104" lon="-98.100353"></trkpt>
      <trkpt lat="30.405297" lon="-98.100884"></trkpt>
      <trkpt lat="30.405997" lon="-98.102407"></trkpt>
      <trkpt lat="30.406785" lon="-98.103732"></trkpt>
      <trkpt lat="30.407912" lon="-98.105627"></trkpt>
      <trkpt lat="30.408348" lon="-98.106359"></trkpt>
      <trkpt lat="30.408787" lon="-98.107287"></trkpt>
      <trkpt lat="30.409371" lon="-98.108175"></trkpt>
      <trkpt lat="30.409758" lon="-98.108834"></trkpt>
      <trkpt lat="30.409773" lon="-98.108861"></trkpt>
      <trkpt lat="30.409979" lon="-98.109228"></trkpt>
      <trkpt lat="30.411048" lon="-98.111056"></trkpt>
      <trkpt lat="30.411794" lon="-98.112351"></trkpt>
      <trkpt lat="30.412216" lon="-98.113084"></trkpt>
      <trkpt lat="30.414552" lon="-98.117139"></trkpt>
      <trkpt lat="30.414964" lon="-98.117867"></trkpt>
      <trkpt lat="30.414997" lon="-98.117925"></trkpt>
      <trkpt lat="30.415171" lon="-98.118233"></trkpt>
      <trkpt lat="30.416305" lon="-98.120235"></trkpt>
      <trkpt lat="30.417313" lon="-98.121977"></trkpt>
      <trkpt lat="30.417546" lon="-98.122303"></trkpt>
      <trkpt lat="30.418203" lon="-98.123220"></trkpt>
      <trkpt lat="30.418848" lon="-98.123986"></trkpt>
      <trkpt lat="30.419173" lon="-98.124345"></trkpt>
      <trkpt lat="30.419484" lon="-98.124688"></trkpt>
      <trkpt lat="30.420081" lon="-98.125348"></trkpt>
      <trkpt lat="30.421089" lon="-98.126412"></trkpt>
      <trkpt lat="30.422385" lon="-98.127709"></trkpt>
      <trkpt lat="30.422533" lon="-98.127881"></trkpt>
      <trkpt lat="30.422625" lon="-98.127988"></trkpt>
      <trkpt lat="30.423557" lon="-98.129072"></trkpt>
      <trkpt lat="30.423818" lon="-98.129361"></trkpt>
      <trkpt lat="30.423937" lon="-98.129493"></trkpt>
      <trkpt lat="30.424112" lon="-98.129719"></trkpt>
      <trkpt lat="30.424273" lon="-98.129959"></trkpt>
      <trkpt lat="30.424418" lon="-98.130213"></trkpt>
      <trkpt lat="30.424548" lon="-98.130470"></trkpt>
      <trkpt lat="30.424668" lon="-98.130741"></trkpt>
      <trkpt lat="30.424771" lon="-98.131017"></trkpt>
      <trkpt lat="30.424895" lon="-98.131380"></trkpt>
      <trkpt lat="30.424975" lon="-98.131616"></trkpt>
      <trkpt lat="30.425090" lon="-98.131956"></trkpt>
      <trkpt lat="30.425428" lon="-98.132904"></trkpt>
      <trkpt lat="30.425449" lon="-98.132963"></trkpt>
      <trkpt lat="30.425589" lon="-98.133284"></trkpt>
      <trkpt lat="30.425726" lon="-98.133558"></trkpt>
      <trkpt lat="30.425909" lon="-98.133875"></trkpt>
      <trkpt lat="30.426106" lon="-98.134184"></trkpt>
      <trkpt lat="30.426284" lon="-98.134429"></trkpt>
      <trkpt lat="30.428192" lon="-98.136797"></trkpt>
      <trkpt lat="30.428423" lon="-98.137077"></trkpt>
      <trkpt lat="30.429463" lon="-98.138335"></trkpt>
      <trkpt lat="30.429602" lon="-98.138499"></trkpt>
      <trkpt lat="30.429633" lon="-98.138540"></trkpt>
      <trkpt lat="30.429875" lon="-98.138836"></trkpt>
      <trkpt lat="30.430166" lon="-98.139200"></trkpt>
      <trkpt lat="30.430384" lon="-98.139473"></trkpt>
      <trkpt lat="30.431358" lon="-98.140670"></trkpt>
      <trkpt lat="30.431694" lon="-98.141016"></trkpt>
      <trkpt lat="30.432167" lon="-98.141462"></trkpt>
      <trkpt lat="30.432359" lon="-98.141629"></trkpt>
      <trkpt lat="30.432677" lon="-98.141872"></trkpt>
      <trkpt lat="30.433000" lon="-98.142094"></trkpt>
      <trkpt lat="30.433396" lon="-98.142331"></trkpt>
      <trkpt lat="30.433487" lon="-98.142380"></trkpt>
      <trkpt lat="30.433730" lon="-98.142509"></trkpt>
      <trkpt lat="30.434068" lon="-98.142664"></trkpt>
      <trkpt lat="30.435689" lon="-98.143336"></trkpt>
      <trkpt lat="30.436780" lon="-98.143806"></trkpt>
      <trkpt lat="30.437318" lon="-98.144052"></trkpt>
      <trkpt lat="30.437581" lon="-98.144186"></trkpt>
      <trkpt lat="30.437601" lon="-98.144197"></trkpt>
      <trkpt lat="30.437851" lon="-98.144336"></trkpt>
      <trkpt lat="30.438893" lon="-98.144976"></trkpt>
      <trkpt lat="30.439374" lon="-98.145261"></trkpt>
      <trkpt lat="30.440978" lon="-98.146269"></trkpt>
      <trkpt lat="30.441750" lon="-98.146759"></trkpt>
      <trkpt lat="30.442095" lon="-98.146949"></trkpt>
      <trkpt lat="30.442550" lon="-98.147178"></trkpt>
      <trkpt lat="30.442957" lon="-98.147357"></trkpt>
      <trkpt lat="30.443358" lon="-98.147508"></trkpt>
      <trkpt lat="30.443466" lon="-98.147544"></trkpt>
      <trkpt lat="30.443942" lon="-98.147701"></trkpt>
      <trkpt lat="30.444365" lon="-98.147814"></trkpt>
      <trkpt lat="30.444489" lon="-98.147840"></trkpt>
      <trkpt lat="30.444767" lon="-98.147885"></trkpt>
      <trkpt lat="30.445086" lon="-98.147942"></trkpt>
      <trkpt lat="30.445225" lon="-98.147967"></trkpt>
      <trkpt lat="30.445314" lon="-98.147983"></trkpt>
      <trkpt lat="30.445534" lon="-98.148013"></trkpt>
      <trkpt lat="30.446364" lon="-98.148126"></trkpt>
      <trkpt lat="30.448392" lon="-98.148403"></trkpt>
      <trkpt lat="30.449757" lon="-98.148590"></trkpt>
      <trkpt lat="30.450286" lon="-98.148645"></trkpt>
      <trkpt lat="30.450458" lon="-98.148672"></trkpt>
      <trkpt lat="30.450573" lon="-98.148685"></trkpt>
      <trkpt lat="30.451042" lon="-98.148766"></trkpt>
      <trkpt lat="30.451550" lon="-98.148884"></trkpt>
      <trkpt lat="30.451807" lon="-98.148954"></trkpt>
      <trkpt lat="30.452125" lon="-98.149063"></trkpt>
      <trkpt lat="30.452416" lon="-98.149186"></trkpt>
      <trkpt lat="30.452712" lon="-98.149336"></trkpt>
      <trkpt lat="30.452999" lon="-98.149504"></trkpt>
      <trkpt lat="30.453438" lon="-98.149808"></trkpt>
      <trkpt lat="30.453658" lon="-98.149975"></trkpt>
      <trkpt lat="30.453904" lon="-98.150179"></trkpt>
      <trkpt lat="30.454164" lon="-98.150417"></trkpt>
      <trkpt lat="30.454404" lon="-98.150664"></trkpt>
      <trkpt lat="30.454560" lon="-98.150845"></trkpt>
      <trkpt lat="30.454797" lon="-98.151120"></trkpt>
      <trkpt lat="30.455923" lon="-98.152440"></trkpt>
      <trkpt lat="30.456586" lon="-98.153214"></trkpt>
      <trkpt lat="30.457004" lon="-98.153715"></trkpt>
      <trkpt lat="30.457146" lon="-98.153882"></trkpt>
      <trkpt lat="30.457263" lon="-98.154023"></trkpt>
      <trkpt lat="30.457514" lon="-98.154327"></trkpt>
      <trkpt lat="30.457775" lon="-98.154624"></trkpt>
      <trkpt lat="30.458155" lon="-98.155071"></trkpt>
      <trkpt lat="30.458577" lon="-98.155568"></trkpt>
      <trkpt lat="30.459471" lon="-98.156617"></trkpt>
      <trkpt lat="30.459716" lon="-98.156905"></trkpt>
      <trkpt lat="30.459811" lon="-98.157022"></trkpt>
      <trkpt lat="30.460202" lon="-98.157503"></trkpt>
      <trkpt lat="30.460520" lon="-98.157911"></trkpt>
      <trkpt lat="30.460971" lon="-98.158548"></trkpt>
      <trkpt lat="30.461168" lon="-98.158848"></trkpt>
      <trkpt lat="30.461273" lon="-98.159017"></trkpt>
      <trkpt lat="30.461302" lon="-98.159064"></trkpt>
      <trkpt lat="30.461331" lon="-98.159111"></trkpt>
      <trkpt lat="30.461583" lon="-98.159528"></trkpt>
      <trkpt lat="30.461939" lon="-98.159416"></trkpt>
      <trkpt lat="30.461583" lon="-98.159528"></trkpt>
      <trkpt lat="30.461767" lon="-98.159834"></trkpt>
      <trkpt lat="30.461850" lon="-98.159971"></trkpt>
      <trkpt lat="30.462177" lon="-98.160572"></trkpt>
      <trkpt lat="30.462350" lon="-98.160916"></trkpt>
      <trkpt lat="30.462625" lon="-98.161464"></trkpt>
      <trkpt lat="30.462951" lon="-98.162113"></trkpt>
      <trkpt lat="30.463448" lon="-98.163083"></trkpt>
      <trkpt lat="30.463869" lon="-98.163903"></trkpt>
      <trkpt lat="30.464635" lon="-98.165372"></trkpt>
      <trkpt lat="30.464794" lon="-98.165678"></trkpt>
      <trkpt lat="30.465542" lon="-98.167154"></trkpt>
      <trkpt lat="30.465570" lon="-98.167207"></trkpt>
      <trkpt lat="30.465592" lon="-98.167251"></trkpt>
      <trkpt lat="30.465857" lon="-98.167752"></trkpt>
      <trkpt lat="30.466188" lon="-98.168388"></trkpt>
      <trkpt lat="30.466897" lon="-98.169764"></trkpt>
      <trkpt lat="30.468119" lon="-98.172114"></trkpt>
      <trkpt lat="30.469594" lon="-98.174931"></trkpt>
      <trkpt lat="30.472735" lon="-98.181039"></trkpt>
      <trkpt lat="30.473255" lon="-98.182039"></trkpt>
      <trkpt lat="30.473303" lon="-98.182132"></trkpt>
      <trkpt lat="30.474645" lon="-98.184741"></trkpt>
      <trkpt lat="30.474829" lon="-98.185103"></trkpt>
      <trkpt lat="30.474916" lon="-98.185272"></trkpt>
      <trkpt lat="30.475188" lon="-98.185801"></trkpt>
      <trkpt lat="30.475382" lon="-98.186172"></trkpt>
      <trkpt lat="30.475443" lon="-98.186291"></trkpt>
      <trkpt lat="30.475775" lon="-98.186939"></trkpt>
      <trkpt lat="30.475983" lon="-98.187344"></trkpt>
      <trkpt lat="30.476325" lon="-98.188012"></trkpt>
      <trkpt lat="30.478126" lon="-98.191524"></trkpt>
      <trkpt lat="30.478515" lon="-98.192285"></trkpt>
      <trkpt lat="30.479055" lon="-98.193335"></trkpt>
      <trkpt lat="30.480101" lon="-98.195379"></trkpt>
      <trkpt lat="30.480112" lon="-98.195401"></trkpt>
      <trkpt lat="30.480501" lon="-98.196158"></trkpt>
      <trkpt lat="30.480698" lon="-98.196542"></trkpt>
      <trkpt lat="30.480881" lon="-98.196898"></trkpt>
      <trkpt lat="30.481059" lon="-98.197244"></trkpt>
      <trkpt lat="30.481490" lon="-98.198083"></trkpt>
      <trkpt lat="30.481806" lon="-98.198733"></trkpt>
      <trkpt lat="30.481889" lon="-98.198903"></trkpt>
      <trkpt lat="30.482253" lon="-98.199703"></trkpt>
      <trkpt lat="30.482414" lon="-98.200057"></trkpt>
      <trkpt lat="30.482645" lon="-98.200576"></trkpt>
      <trkpt lat="30.482809" lon="-98.200964"></trkpt>
      <trkpt lat="30.483239" lon="-98.201974"></trkpt>
      <trkpt lat="30.483495" lon="-98.202575"></trkpt>
      <trkpt lat="30.483713" lon="-98.203073"></trkpt>
      <trkpt lat="30.484071" lon="-98.203890"></trkpt>
      <trkpt lat="30.484266" lon="-98.204335"></trkpt>
      <trkpt lat="30.484586" lon="-98.205062"></trkpt>
      <trkpt lat="30.485049" lon="-98.206141"></trkpt>
      <trkpt lat="30.485675" lon="-98.207598"></trkpt>
      <trkpt lat="30.485950" lon="-98.208238"></trkpt>
      <trkpt lat="30.486017" lon="-98.208394"></trkpt>
      <trkpt lat="30.486528" lon="-98.209584"></trkpt>
      <trkpt lat="30.487110" lon="-98.210940"></trkpt>
      <trkpt lat="30.487265" lon="-98.211347"></trkpt>
      <trkpt lat="30.487322" lon="-98.211508"></trkpt>
      <trkpt lat="30.487461" lon="-98.211904"></trkpt>
      <trkpt lat="30.487607" lon="-98.212404"></trkpt>
      <trkpt lat="30.487793" lon="-98.213179"></trkpt>
      <trkpt lat="30.487896" lon="-98.213673"></trkpt>
      <trkpt lat="30.488035" lon="-98.214343"></trkpt>
      <trkpt lat="30.488120" lon="-98.214737"></trkpt>
      <trkpt lat="30.488384" lon="-98.215960"></trkpt>
      <trkpt lat="30.489857" lon="-98.222762"></trkpt>
      <trkpt lat="30.490613" lon="-98.226305"></trkpt>
      <trkpt lat="30.490833" lon="-98.227327"></trkpt>
      <trkpt lat="30.491951" lon="-98.232502"></trkpt>
      <trkpt lat="30.492225" lon="-98.233817"></trkpt>
      <trkpt lat="30.492444" lon="-98.234813"></trkpt>
      <trkpt lat="30.492573" lon="-98.235472"></trkpt>
      <trkpt lat="30.492678" lon="-98.236150"></trkpt>
      <trkpt lat="30.492741" lon="-98.236657"></trkpt>
      <trkpt lat="30.492889" lon="-98.237987"></trkpt>
      <trkpt lat="30.493015" lon="-98.239058"></trkpt>
      <trkpt lat="30.493237" lon="-98.241094"></trkpt>
      <trkpt lat="30.493293" lon="-98.241863"></trkpt>
      <trkpt lat="30.493642" lon="-98.245225"></trkpt>
      <trkpt lat="30.493747" lon="-98.246226"></trkpt>
      <trkpt lat="30.494017" lon="-98.248811"></trkpt>
      <trkpt lat="30.494081" lon="-98.249385"></trkpt>
      <trkpt lat="30.494153" lon="-98.249876"></trkpt>
      <trkpt lat="30.494243" lon="-98.250381"></trkpt>
      <trkpt lat="30.494341" lon="-98.250799"></trkpt>
      <trkpt lat="30.494549" lon="-98.251601"></trkpt>
      <trkpt lat="30.497516" lon="-98.261436"></trkpt>
      <trkpt lat="30.497684" lon="-98.261941"></trkpt>
      <trkpt lat="30.497966" lon="-98.262729"></trkpt>
      <trkpt lat="30.498398" lon="-98.263749"></trkpt>
      <trkpt lat="30.498460" lon="-98.263894"></trkpt>
      <trkpt lat="30.500061" lon="-98.267307"></trkpt>
      <trkpt lat="30.502765" lon="-98.273154"></trkpt>
      <trkpt lat="30.503631" lon="-98.275035"></trkpt>
      <trkpt lat="30.503779" lon="-98.275388"></trkpt>
      <trkpt lat="30.503957" lon="-98.275852"></trkpt>
      <trkpt lat="30.504111" lon="-98.276317"></trkpt>
      <trkpt lat="30.504256" lon="-98.276801"></trkpt>
      <trkpt lat="30.506095" lon="-98.283856"></trkpt>
      <trkpt lat="30.506270" lon="-98.284527"></trkpt>
      <trkpt lat="30.507438" lon="-98.289096"></trkpt>
      <trkpt lat="30.507865" lon="-98.290784"></trkpt>
      <trkpt lat="30.508270" lon="-98.292347"></trkpt>
      <trkpt lat="30.508871" lon="-98.294690"></trkpt>
      <trkpt lat="30.508872" lon="-98.294381"></trkpt>
      <trkpt lat="30.508871" lon="-98.294690"></trkpt>
      <trkpt lat="30.508940" lon="-98.294983"></trkpt>
      <trkpt lat="30.509089" lon="-98.295567"></trkpt>
      <trkpt lat="30.509365" lon="-98.296629"></trkpt>
      <trkpt lat="30.509390" lon="-98.296725"></trkpt>
      <trkpt lat="30.509580" lon="-98.297436"></trkpt>
      <trkpt lat="30.510172" lon="-98.299713"></trkpt>
      <trkpt lat="30.510218" lon="-98.299876"></trkpt>
      <trkpt lat="30.510523" lon="-98.301119"></trkpt>
      <trkpt lat="30.510851" lon="-98.302347"></trkpt>
      <trkpt lat="30.510883" lon="-98.302470"></trkpt>
      <trkpt lat="30.511404" lon="-98.304494"></trkpt>
      <trkpt lat="30.511429" lon="-98.304591"></trkpt>
      <trkpt lat="30.511778" lon="-98.305958"></trkpt>
      <trkpt lat="30.511808" lon="-98.306075"></trkpt>
      <trkpt lat="30.513592" lon="-98.313021"></trkpt>
      <trkpt lat="30.513620" lon="-98.313140"></trkpt>
      <trkpt lat="30.513856" lon="-98.314085"></trkpt>
      <trkpt lat="30.513999" lon="-98.314738"></trkpt>
      <trkpt lat="30.514116" lon="-98.315357"></trkpt>
      <trkpt lat="30.514213" lon="-98.315975"></trkpt>
      <trkpt lat="30.514295" lon="-98.316637"></trkpt>
      <trkpt lat="30.515353" lon="-98.326712"></trkpt>
      <trkpt lat="30.516445" lon="-98.337140"></trkpt>
      <trkpt lat="30.516881" lon="-98.341345"></trkpt>
      <trkpt lat="30.517067" lon="-98.343131"></trkpt>
      <trkpt lat="30.517406" lon="-98.346405"></trkpt>
      <trkpt lat="30.517501" lon="-98.347319"></trkpt>
      <trkpt lat="30.517515" lon="-98.347549"></trkpt>
      <trkpt lat="30.517535" lon="-98.347883"></trkpt>
      <trkpt lat="30.517547" lon="-98.348458"></trkpt>
      <trkpt lat="30.517536" lon="-98.349011"></trkpt>
      <trkpt lat="30.517505" lon="-98.349517"></trkpt>
      <trkpt lat="30.517447" lon="-98.350097"></trkpt>
      <trkpt lat="30.517288" lon="-98.351092"></trkpt>
      <trkpt lat="30.517169" lon="-98.351550"></trkpt>
      <trkpt lat="30.516693" lon="-98.353463"></trkpt>
      <trkpt lat="30.515928" lon="-98.356619"></trkpt>
      <trkpt lat="30.515098" lon="-98.360077"></trkpt>
      <trkpt lat="30.514300" lon="-98.363338"></trkpt>
      <trkpt lat="30.514170" lon="-98.363946"></trkpt>
      <trkpt lat="30.513929" lon="-98.365168"></trkpt>
      <trkpt lat="30.513519" lon="-98.367436"></trkpt>
      <trkpt lat="30.513023" lon="-98.370353"></trkpt>
      <trkpt lat="30.512833" lon="-98.371522"></trkpt>
      <trkpt lat="30.512724" lon="-98.372269"></trkpt>
      <trkpt lat="30.512672" lon="-98.372771"></trkpt>
      <trkpt lat="30.512641" lon="-98.373276"></trkpt>
      <trkpt lat="30.512628" lon="-98.373846"></trkpt>
      <trkpt lat="30.512634" lon="-98.374258"></trkpt>
      <trkpt lat="30.512636" lon="-98.374417"></trkpt>
      <trkpt lat="30.512664" lon="-98.374987"></trkpt>
      <trkpt lat="30.512696" lon="-98.375355"></trkpt>
      <trkpt lat="30.512825" lon="-98.376665"></trkpt>
      <trkpt lat="30.512871" lon="-98.377146"></trkpt>
      <trkpt lat="30.513046" lon="-98.379079"></trkpt>
      <trkpt lat="30.513065" lon="-98.379273"></trkpt>
      <trkpt lat="30.513145" lon="-98.380087"></trkpt>
      <trkpt lat="30.513349" lon="-98.382157"></trkpt>
      <trkpt lat="30.514028" lon="-98.389454"></trkpt>
      <trkpt lat="30.514495" lon="-98.394298"></trkpt>
      <trkpt lat="30.514523" lon="-98.394519"></trkpt>
      <trkpt lat="30.514572" lon="-98.394902"></trkpt>
      <trkpt lat="30.514668" lon="-98.395503"></trkpt>
      <trkpt lat="30.514753" lon="-98.395950"></trkpt>
      <trkpt lat="30.514847" lon="-98.396345"></trkpt>
      <trkpt lat="30.515057" lon="-98.397051"></trkpt>
      <trkpt lat="30.515332" lon="-98.398003"></trkpt>
      <trkpt lat="30.515952" lon="-98.400217"></trkpt>
      <trkpt lat="30.516576" lon="-98.402503"></trkpt>
      <trkpt lat="30.516839" lon="-98.403438"></trkpt>
      <trkpt lat="30.517023" lon="-98.404140"></trkpt>
      <trkpt lat="30.517181" lon="-98.404596"></trkpt>
      <trkpt lat="30.517452" lon="-98.405289"></trkpt>
      <trkpt lat="30.517500" lon="-98.405396"></trkpt>
      <trkpt lat="30.517599" lon="-98.405620"></trkpt>
      <trkpt lat="30.517832" lon="-98.406111"></trkpt>
      <trkpt lat="30.519620" lon="-98.409784"></trkpt>
      <trkpt lat="30.520711" lon="-98.412060"></trkpt>
      <trkpt lat="30.520936" lon="-98.412468"></trkpt>
      <trkpt lat="30.521159" lon="-98.412844"></trkpt>
      <trkpt lat="30.521402" lon="-98.413222"></trkpt>
      <trkpt lat="30.521630" lon="-98.413547"></trkpt>
      <trkpt lat="30.523220" lon="-98.415713"></trkpt>
      <trkpt lat="30.525359" lon="-98.418626"></trkpt>
      <trkpt lat="30.525761" lon="-98.419258"></trkpt>
      <trkpt lat="30.526069" lon="-98.419793"></trkpt>
      <trkpt lat="30.526367" lon="-98.420386"></trkpt>
      <trkpt lat="30.526681" lon="-98.421042"></trkpt>
      <trkpt lat="30.527777" lon="-98.423450"></trkpt>
      <trkpt lat="30.528010" lon="-98.423968"></trkpt>
      <trkpt lat="30.529435" lon="-98.427121"></trkpt>
      <trkpt lat="30.529670" lon="-98.427718"></trkpt>
      <trkpt lat="30.529887" lon="-98.428340"></trkpt>
      <trkpt lat="30.532506" lon="-98.436485"></trkpt>
      <trkpt lat="30.532678" lon="-98.436925"></trkpt>
      <trkpt lat="30.532831" lon="-98.437301"></trkpt>
      <trkpt lat="30.533030" lon="-98.437728"></trkpt>
      <trkpt lat="30.533219" lon="-98.438107"></trkpt>
      <trkpt lat="30.533426" lon="-98.438481"></trkpt>
      <trkpt lat="30.533641" lon="-98.438841"></trkpt>
      <trkpt lat="30.533871" lon="-98.439206"></trkpt>
      <trkpt lat="30.534120" lon="-98.439579"></trkpt>
      <trkpt lat="30.536664" lon="-98.443035"></trkpt>
      <trkpt lat="30.537839" lon="-98.444635"></trkpt>
      <trkpt lat="30.538206" lon="-98.445135"></trkpt>
      <trkpt lat="30.539973" lon="-98.447543"></trkpt>
      <trkpt lat="30.540357" lon="-98.448096"></trkpt>
      <trkpt lat="30.540743" lon="-98.448743"></trkpt>
      <trkpt lat="30.541092" lon="-98.449407"></trkpt>
      <trkpt lat="30.541404" lon="-98.450088"></trkpt>
      <trkpt lat="30.543594" lon="-98.455255"></trkpt>
      <trkpt lat="30.543806" lon="-98.455710"></trkpt>
      <trkpt lat="30.544062" lon="-98.456208"></trkpt>
      <trkpt lat="30.544396" lon="-98.456780"></trkpt>
      <trkpt lat="30.544707" lon="-98.457256"></trkpt>
      <trkpt lat="30.545009" lon="-98.457679"></trkpt>
      <trkpt lat="30.545357" lon="-98.458122"></trkpt>
      <trkpt lat="30.555379" lon="-98.469720"></trkpt>
      <trkpt lat="30.555960" lon="-98.470390"></trkpt>
      <trkpt lat="30.556342" lon="-98.470831"></trkpt>
      <trkpt lat="30.556770" lon="-98.471327"></trkpt>
      <trkpt lat="30.557540" lon="-98.472219"></trkpt>
      <trkpt lat="30.558581" lon="-98.473424"></trkpt>
      <trkpt lat="30.568861" lon="-98.485335"></trkpt>
      <trkpt lat="30.570047" lon="-98.486705"></trkpt>
      <trkpt lat="30.570564" lon="-98.487265"></trkpt>
      <trkpt lat="30.571046" lon="-98.487748"></trkpt>
      <trkpt lat="30.578633" lon="-98.494906"></trkpt>
      <trkpt lat="30.580315" lon="-98.496513"></trkpt>
      <trkpt lat="30.580738" lon="-98.496881"></trkpt>
      <trkpt lat="30.581107" lon="-98.497181"></trkpt>
      <trkpt lat="30.581680" lon="-98.497605"></trkpt>
      <trkpt lat="30.582731" lon="-98.498325"></trkpt>
      <trkpt lat="30.585181" lon="-98.499979"></trkpt>
      <trkpt lat="30.588526" lon="-98.502281"></trkpt>
      <trkpt lat="30.590303" lon="-98.503507"></trkpt>
      <trkpt lat="30.590750" lon="-98.503824"></trkpt>
      <trkpt lat="30.591164" lon="-98.504134"></trkpt>
      <trkpt lat="30.593031" lon="-98.505583"></trkpt>
      <trkpt lat="30.596202" lon="-98.508038"></trkpt>
      <trkpt lat="30.601738" lon="-98.512330"></trkpt>
      <trkpt lat="30.603892" lon="-98.513994"></trkpt>
      <trkpt lat="30.604287" lon="-98.514287"></trkpt>
      <trkpt lat="30.604970" lon="-98.514751"></trkpt>
      <trkpt lat="30.605224" lon="-98.514907"></trkpt>
      <trkpt lat="30.611448" lon="-98.518547"></trkpt>
      <trkpt lat="30.625988" lon="-98.527045"></trkpt>
      <trkpt lat="30.626372" lon="-98.527259"></trkpt>
      <trkpt lat="30.626781" lon="-98.527459"></trkpt>
      <trkpt lat="30.627145" lon="-98.527631"></trkpt>
      <trkpt lat="30.627490" lon="-98.527795"></trkpt>
      <trkpt lat="30.629139" lon="-98.528563"></trkpt>
      <trkpt lat="30.629671" lon="-98.528811"></trkpt>
      <trkpt lat="30.630589" lon="-98.529239"></trkpt>
      <trkpt lat="30.630919" lon="-98.529403"></trkpt>
      <trkpt lat="30.631196" lon="-98.529565"></trkpt>
      <trkpt lat="30.631521" lon="-98.529771"></trkpt>
      <trkpt lat="30.631788" lon="-98.529964"></trkpt>
      <trkpt lat="30.632107" lon="-98.530220"></trkpt>
      <trkpt lat="30.632394" lon="-98.530485"></trkpt>
      <trkpt lat="30.632668" lon="-98.530779"></trkpt>
      <trkpt lat="30.632914" lon="-98.531053"></trkpt>
      <trkpt lat="30.639948" lon="-98.539690"></trkpt>
      <trkpt lat="30.640293" lon="-98.540095"></trkpt>
      <trkpt lat="30.640663" lon="-98.540476"></trkpt>
      <trkpt lat="30.641077" lon="-98.540843"></trkpt>
      <trkpt lat="30.641504" lon="-98.541169"></trkpt>
      <trkpt lat="30.641939" lon="-98.541467"></trkpt>
      <trkpt lat="30.642410" lon="-98.541740"></trkpt>
      <trkpt lat="30.642893" lon="-98.541968"></trkpt>
      <trkpt lat="30.643390" lon="-98.542158"></trkpt>
      <trkpt lat="30.646837" lon="-98.543289"></trkpt>
      <trkpt lat="30.652188" lon="-98.545038"></trkpt>
      <trkpt lat="30.652583" lon="-98.545189"></trkpt>
      <trkpt lat="30.652976" lon="-98.545362"></trkpt>
      <trkpt lat="30.653361" lon="-98.545562"></trkpt>
      <trkpt lat="30.653727" lon="-98.545790"></trkpt>
      <trkpt lat="30.653849" lon="-98.545872"></trkpt>
      <trkpt lat="30.653955" lon="-98.545942"></trkpt>
      <trkpt lat="30.654093" lon="-98.546035"></trkpt>
      <trkpt lat="30.654439" lon="-98.546297"></trkpt>
      <trkpt lat="30.654779" lon="-98.546578"></trkpt>
      <trkpt lat="30.655096" lon="-98.546868"></trkpt>
      <trkpt lat="30.656956" lon="-98.548697"></trkpt>
      <trkpt lat="30.657367" lon="-98.549048"></trkpt>
      <trkpt lat="30.657781" lon="-98.549349"></trkpt>
      <trkpt lat="30.658236" lon="-98.549643"></trkpt>
      <trkpt lat="30.658710" lon="-98.549904"></trkpt>
      <trkpt lat="30.659217" lon="-98.550133"></trkpt>
      <trkpt lat="30.659747" lon="-98.550328"></trkpt>
      <trkpt lat="30.660286" lon="-98.550477"></trkpt>
      <trkpt lat="30.660836" lon="-98.550575"></trkpt>
      <trkpt lat="30.661532" lon="-98.550674"></trkpt>
      <trkpt lat="30.666906" lon="-98.551397"></trkpt>
      <trkpt lat="30.667319" lon="-98.551482"></trkpt>
      <trkpt lat="30.667698" lon="-98.551581"></trkpt>
      <trkpt lat="30.668094" lon="-98.551699"></trkpt>
      <trkpt lat="30.668479" lon="-98.551843"></trkpt>
      <trkpt lat="30.668860" lon="-98.552013"></trkpt>
      <trkpt lat="30.669239" lon="-98.552206"></trkpt>
      <trkpt lat="30.669609" lon="-98.552429"></trkpt>
      <trkpt lat="30.669927" lon="-98.552636"></trkpt>
      <trkpt lat="30.674706" lon="-98.556228"></trkpt>
      <trkpt lat="30.675007" lon="-98.556444"></trkpt>
      <trkpt lat="30.675301" lon="-98.556622"></trkpt>
      <trkpt lat="30.675612" lon="-98.556805"></trkpt>
      <trkpt lat="30.675941" lon="-98.556975"></trkpt>
      <trkpt lat="30.676248" lon="-98.557109"></trkpt>
      <trkpt lat="30.676586" lon="-98.557237"></trkpt>
      <trkpt lat="30.676923" lon="-98.557358"></trkpt>
      <trkpt lat="30.677301" lon="-98.557452"></trkpt>
      <trkpt lat="30.683694" lon="-98.559174"></trkpt>
      <trkpt lat="30.683936" lon="-98.559256"></trkpt>
      <trkpt lat="30.685620" lon="-98.559895"></trkpt>
      <trkpt lat="30.691513" lon="-98.562079"></trkpt>
      <trkpt lat="30.692146" lon="-98.562326"></trkpt>
      <trkpt lat="30.692475" lon="-98.562484"></trkpt>
      <trkpt lat="30.692861" lon="-98.562703"></trkpt>
      <trkpt lat="30.693250" lon="-98.562941"></trkpt>
      <trkpt lat="30.693517" lon="-98.563117"></trkpt>
      <trkpt lat="30.693918" lon="-98.563418"></trkpt>
      <trkpt lat="30.698282" lon="-98.566711"></trkpt>
      <trkpt lat="30.699554" lon="-98.567671"></trkpt>
      <trkpt lat="30.703285" lon="-98.570486"></trkpt>
      <trkpt lat="30.703603" lon="-98.570754"></trkpt>
      <trkpt lat="30.703890" lon="-98.571039"></trkpt>
      <trkpt lat="30.704122" lon="-98.571322"></trkpt>
      <trkpt lat="30.704354" lon="-98.571651"></trkpt>
      <trkpt lat="30.704574" lon="-98.572000"></trkpt>
      <trkpt lat="30.704796" lon="-98.572407"></trkpt>
      <trkpt lat="30.704964" lon="-98.572784"></trkpt>
      <trkpt lat="30.705112" lon="-98.573195"></trkpt>
      <trkpt lat="30.705228" lon="-98.573608"></trkpt>
      <trkpt lat="30.705316" lon="-98.574014"></trkpt>
      <trkpt lat="30.705381" lon="-98.574461"></trkpt>
      <trkpt lat="30.705414" lon="-98.574901"></trkpt>
      <trkpt lat="30.705419" lon="-98.575366"></trkpt>
      <trkpt lat="30.705395" lon="-98.575824"></trkpt>
      <trkpt lat="30.705345" lon="-98.576235"></trkpt>
      <trkpt lat="30.705244" lon="-98.576764"></trkpt>
      <trkpt lat="30.705099" lon="-98.577232"></trkpt>
      <trkpt lat="30.704796" lon="-98.578107"></trkpt>
      <trkpt lat="30.704688" lon="-98.578418"></trkpt>
      <trkpt lat="30.704093" lon="-98.580140"></trkpt>
      <trkpt lat="30.703387" lon="-98.582170"></trkpt>
      <trkpt lat="30.703078" lon="-98.583071"></trkpt>
      <trkpt lat="30.702983" lon="-98.583384"></trkpt>
      <trkpt lat="30.702899" lon="-98.583707"></trkpt>
      <trkpt lat="30.702826" lon="-98.584032"></trkpt>
      <trkpt lat="30.702766" lon="-98.584360"></trkpt>
      <trkpt lat="30.702724" lon="-98.584701"></trkpt>
      <trkpt lat="30.702694" lon="-98.585045"></trkpt>
      <trkpt lat="30.702676" lon="-98.585391"></trkpt>
      <trkpt lat="30.702670" lon="-98.585745"></trkpt>
      <trkpt lat="30.702800" lon="-98.589796"></trkpt>
      <trkpt lat="30.702847" lon="-98.590332"></trkpt>
      <trkpt lat="30.702926" lon="-98.590831"></trkpt>
      <trkpt lat="30.703047" lon="-98.591335"></trkpt>
      <trkpt lat="30.703199" lon="-98.591812"></trkpt>
      <trkpt lat="30.703640" lon="-98.593058"></trkpt>
      <trkpt lat="30.703755" lon="-98.593347"></trkpt>
      <trkpt lat="30.703867" lon="-98.593601"></trkpt>
      <trkpt lat="30.704005" lon="-98.593873"></trkpt>
      <trkpt lat="30.704136" lon="-98.594117"></trkpt>
      <trkpt lat="30.704295" lon="-98.594366"></trkpt>
      <trkpt lat="30.704446" lon="-98.594587"></trkpt>
      <trkpt lat="30.704612" lon="-98.594808"></trkpt>
      <trkpt lat="30.704794" lon="-98.595036"></trkpt>
      <trkpt lat="30.707688" lon="-98.598466"></trkpt>
      <trkpt lat="30.707927" lon="-98.598769"></trkpt>
      <trkpt lat="30.708139" lon="-98.599055"></trkpt>
      <trkpt lat="30.708346" lon="-98.599380"></trkpt>
      <trkpt lat="30.708550" lon="-98.599727"></trkpt>
      <trkpt lat="30.708718" lon="-98.600071"></trkpt>
      <trkpt lat="30.708867" lon="-98.600426"></trkpt>
      <trkpt lat="30.708993" lon="-98.600785"></trkpt>
      <trkpt lat="30.709107" lon="-98.601158"></trkpt>
      <trkpt lat="30.711150" lon="-98.608527"></trkpt>
      <trkpt lat="30.711282" lon="-98.608940"></trkpt>
      <trkpt lat="30.711419" lon="-98.609329"></trkpt>
      <trkpt lat="30.711556" lon="-98.609678"></trkpt>
      <trkpt lat="30.711735" lon="-98.610104"></trkpt>
      <trkpt lat="30.711916" lon="-98.610512"></trkpt>
      <trkpt lat="30.713316" lon="-98.613518"></trkpt>
      <trkpt lat="30.713538" lon="-98.614007"></trkpt>
      <trkpt lat="30.713728" lon="-98.614530"></trkpt>
      <trkpt lat="30.713902" lon="-98.615074"></trkpt>
      <trkpt lat="30.714040" lon="-98.615612"></trkpt>
      <trkpt lat="30.714149" lon="-98.616171"></trkpt>
      <trkpt lat="30.714226" lon="-98.616718"></trkpt>
      <trkpt lat="30.714271" lon="-98.617262"></trkpt>
      <trkpt lat="30.714289" lon="-98.617818"></trkpt>
      <trkpt lat="30.714276" lon="-98.627317"></trkpt>
      <trkpt lat="30.714275" lon="-98.627690"></trkpt>
      <trkpt lat="30.714300" lon="-98.628094"></trkpt>
      <trkpt lat="30.714339" lon="-98.628496"></trkpt>
      <trkpt lat="30.714392" lon="-98.628892"></trkpt>
      <trkpt lat="30.714459" lon="-98.629286"></trkpt>
      <trkpt lat="30.714547" lon="-98.629687"></trkpt>
      <trkpt lat="30.714645" lon="-98.630064"></trkpt>
      <trkpt lat="30.714757" lon="-98.630448"></trkpt>
      <trkpt lat="30.714882" lon="-98.630817"></trkpt>
      <trkpt lat="30.717626" lon="-98.638088"></trkpt>
      <trkpt lat="30.717772" lon="-98.638435"></trkpt>
      <trkpt lat="30.717936" lon="-98.638803"></trkpt>
      <trkpt lat="30.718117" lon="-98.639175"></trkpt>
      <trkpt lat="30.718314" lon="-98.639526"></trkpt>
      <trkpt lat="30.718521" lon="-98.639849"></trkpt>
      <trkpt lat="30.718749" lon="-98.640176"></trkpt>
      <trkpt lat="30.718976" lon="-98.640485"></trkpt>
      <trkpt lat="30.719228" lon="-98.640789"></trkpt>
      <trkpt lat="30.719493" lon="-98.641084"></trkpt>
      <trkpt lat="30.719755" lon="-98.641358"></trkpt>
      <trkpt lat="30.727307" lon="-98.649108"></trkpt>
      <trkpt lat="30.730213" lon="-98.652138"></trkpt>
      <trkpt lat="30.730556" lon="-98.652579"></trkpt>
      <trkpt lat="30.730841" lon="-98.652966"></trkpt>
      <trkpt lat="30.731119" lon="-98.653378"></trkpt>
      <trkpt lat="30.731382" lon="-98.653835"></trkpt>
      <trkpt lat="30.731612" lon="-98.654316"></trkpt>
      <trkpt lat="30.731811" lon="-98.654790"></trkpt>
      <trkpt lat="30.731969" lon="-98.655224"></trkpt>
      <trkpt lat="30.732095" lon="-98.655609"></trkpt>
      <trkpt lat="30.732651" lon="-98.657503"></trkpt>
      <trkpt lat="30.734108" lon="-98.662611"></trkpt>
      <trkpt lat="30.734357" lon="-98.663458"></trkpt>
      <trkpt lat="30.734494" lon="-98.663931"></trkpt>
      <trkpt lat="30.734906" lon="-98.665391"></trkpt>
      <trkpt lat="30.735019" lon="-98.665762"></trkpt>
      <trkpt lat="30.735240" lon="-98.666489"></trkpt>
      <trkpt lat="30.735370" lon="-98.666944"></trkpt>
      <trkpt lat="30.735730" lon="-98.668198"></trkpt>
      <trkpt lat="30.736098" lon="-98.669511"></trkpt>
      <trkpt lat="30.736919" lon="-98.672335"></trkpt>
      <trkpt lat="30.736994" lon="-98.672591"></trkpt>
      <trkpt lat="30.737121" lon="-98.673034"></trkpt>
      <trkpt lat="30.737290" lon="-98.673622"></trkpt>
      <trkpt lat="30.737391" lon="-98.673976"></trkpt>
      <trkpt lat="30.737446" lon="-98.674168"></trkpt>
      <trkpt lat="30.737645" lon="-98.674859"></trkpt>
      <trkpt lat="30.737751" lon="-98.675050"></trkpt>
      <trkpt lat="30.737912" lon="-98.675615"></trkpt>
      <trkpt lat="30.737978" lon="-98.675747"></trkpt>
      <trkpt lat="30.738044" lon="-98.675850"></trkpt>
      <trkpt lat="30.738114" lon="-98.675926"></trkpt>
      <trkpt lat="30.738182" lon="-98.675985"></trkpt>
      <trkpt lat="30.738268" lon="-98.676044"></trkpt>
      <trkpt lat="30.738367" lon="-98.676090"></trkpt>
      <trkpt lat="30.738474" lon="-98.676119"></trkpt>
      <trkpt lat="30.738592" lon="-98.676132"></trkpt>
      <trkpt lat="30.738790" lon="-98.676112"></trkpt>
      <trkpt lat="30.738963" lon="-98.676044"></trkpt>
      <trkpt lat="30.739111" lon="-98.675997"></trkpt>
      <trkpt lat="30.739288" lon="-98.675955"></trkpt>
      <trkpt lat="30.739493" lon="-98.675920"></trkpt>
      <trkpt lat="30.739707" lon="-98.675901"></trkpt>
      <trkpt lat="30.739897" lon="-98.675890"></trkpt>
      <trkpt lat="30.740098" lon="-98.675920"></trkpt>
      <trkpt lat="30.740397" lon="-98.675912"></trkpt>
      <trkpt lat="30.741423" lon="-98.675906"></trkpt>
      <trkpt lat="30.742402" lon="-98.675900"></trkpt>
      <trkpt lat="30.743361" lon="-98.675917"></trkpt>
      <trkpt lat="30.743797" lon="-98.675905"></trkpt>
      <trkpt lat="30.744345" lon="-98.675908"></trkpt>
      <trkpt lat="30.745317" lon="-98.675915"></trkpt>
      <trkpt lat="30.746319" lon="-98.675922"></trkpt>
      <trkpt lat="30.746879" lon="-98.675918"></trkpt>
      <trkpt lat="30.747180" lon="-98.675923"></trkpt>
      <trkpt lat="30.747299" lon="-98.675926"></trkpt>
      <trkpt lat="30.747616" lon="-98.675927"></trkpt>
      <trkpt lat="30.747682" lon="-98.675928"></trkpt>
      <trkpt lat="30.748257" lon="-98.675931"></trkpt>
      <trkpt lat="30.749271" lon="-98.675934"></trkpt>
      <trkpt lat="30.749549" lon="-98.675934"></trkpt>
      <trkpt lat="30.750075" lon="-98.675934"></trkpt>
      <trkpt lat="30.750290" lon="-98.675934"></trkpt>
      <trkpt lat="30.750819" lon="-98.675937"></trkpt>
      <trkpt lat="30.751267" lon="-98.675940"></trkpt>
      <trkpt lat="30.751697" lon="-98.675916"></trkpt>
      <trkpt lat="30.751876" lon="-98.675905"></trkpt>
      <trkpt lat="30.754404" lon="-98.675779"></trkpt>
      <trkpt lat="30.754886" lon="-98.675746"></trkpt>
      <trkpt lat="30.755143" lon="-98.675739"></trkpt>
      <trkpt lat="30.755220" lon="-98.675734"></trkpt>
      <trkpt lat="30.755510" lon="-98.675720"></trkpt>
      <trkpt lat="30.755564" lon="-98.675717"></trkpt>
      <trkpt lat="30.755604" lon="-98.675715"></trkpt>
      <trkpt lat="30.756011" lon="-98.675706"></trkpt>
      <trkpt lat="30.756416" lon="-98.675676"></trkpt>
      <trkpt lat="30.756489" lon="-98.675672"></trkpt>
      <trkpt lat="30.756552" lon="-98.675660"></trkpt>
      <trkpt lat="30.756707" lon="-98.675635"></trkpt>
      <trkpt lat="30.756857" lon="-98.675596"></trkpt>
      <trkpt lat="30.757459" lon="-98.675419"></trkpt>
      <trkpt lat="30.757702" lon="-98.675338"></trkpt>
      <trkpt lat="30.757933" lon="-98.675284"></trkpt>
      <trkpt lat="30.758031" lon="-98.675269"></trkpt>
      <trkpt lat="30.758344" lon="-98.675220"></trkpt>
      <trkpt lat="30.758473" lon="-98.675206"></trkpt>
      <trkpt lat="30.758633" lon="-98.675193"></trkpt>
      <trkpt lat="30.758927" lon="-98.675184"></trkpt>
      <trkpt lat="30.759155" lon="-98.675183"></trkpt>
      <trkpt lat="30.759324" lon="-98.675085"></trkpt>
      <trkpt lat="30.759390" lon="-98.675016"></trkpt>
      <trkpt lat="30.759472" lon="-98.674863"></trkpt>
      <trkpt lat="30.759513" lon="-98.674707"></trkpt>
      <trkpt lat="30.759510" lon="-98.674489"></trkpt>
      <trkpt lat="30.759512" lon="-98.673684"></trkpt>
      <trkpt lat="30.759494" lon="-98.672159"></trkpt>
      <trkpt lat="30.759468" lon="-98.669952"></trkpt>
      <trkpt lat="30.759465" lon="-98.669592"></trkpt>
      <trkpt lat="30.759474" lon="-98.669143"></trkpt>
      <trkpt lat="30.759468" lon="-98.668526"></trkpt>
      <trkpt lat="30.759468" lon="-98.667646"></trkpt>
      <trkpt lat="30.759453" lon="-98.666082"></trkpt>
      <trkpt lat="30.759447" lon="-98.665127"></trkpt>
      <trkpt lat="30.759444" lon="-98.664578"></trkpt>
      <trkpt lat="30.759434" lon="-98.663440"></trkpt>
      <trkpt lat="30.759437" lon="-98.663267"></trkpt>
      <trkpt lat="30.759443" lon="-98.663114"></trkpt>
      <trkpt lat="30.759447" lon="-98.662818"></trkpt>
      <trkpt lat="30.759466" lon="-98.662493"></trkpt>
      <trkpt lat="30.759491" lon="-98.662228"></trkpt>
      <trkpt lat="30.759594" lon="-98.661514"></trkpt>
      <trkpt lat="30.759651" lon="-98.661221"></trkpt>
      <trkpt lat="30.759811" lon="-98.660443"></trkpt>
      <trkpt lat="30.759878" lon="-98.660142"></trkpt>
      <trkpt lat="30.760289" lon="-98.658338"></trkpt>
      <trkpt lat="30.760340" lon="-98.658093"></trkpt>
      <trkpt lat="30.760379" lon="-98.657947"></trkpt>
      <trkpt lat="30.760438" lon="-98.657757"></trkpt>
      <trkpt lat="30.760515" lon="-98.657437"></trkpt>
      <trkpt lat="30.760567" lon="-98.657174"></trkpt>
      <trkpt lat="30.760786" lon="-98.656237"></trkpt>
      <trkpt lat="30.761028" lon="-98.655108"></trkpt>
      <trkpt lat="30.761222" lon="-98.654278"></trkpt>
      <trkpt lat="30.761378" lon="-98.653569"></trkpt>
      <trkpt lat="30.761481" lon="-98.653056"></trkpt>
      <trkpt lat="30.761602" lon="-98.652337"></trkpt>
      <trkpt lat="30.761631" lon="-98.652024"></trkpt>
      <trkpt lat="30.761677" lon="-98.651676"></trkpt>
      <trkpt lat="30.761699" lon="-98.651465"></trkpt>
      <trkpt lat="30.761724" lon="-98.651220"></trkpt>
      <trkpt lat="30.761769" lon="-98.650618"></trkpt>
      <trkpt lat="30.761790" lon="-98.650096"></trkpt>
      <trkpt lat="30.761801" lon="-98.649867"></trkpt>
      <trkpt lat="30.761798" lon="-98.648582"></trkpt>
      <trkpt lat="30.761789" lon="-98.646940"></trkpt>
      <trkpt lat="30.761783" lon="-98.645755"></trkpt>
      <trkpt lat="30.761774" lon="-98.645202"></trkpt>
      <trkpt lat="30.761745" lon="-98.640108"></trkpt>
      <trkpt lat="30.761746" lon="-98.639696"></trkpt>
      <trkpt lat="30.761734" lon="-98.639077"></trkpt>
      <trkpt lat="30.761721" lon="-98.636583"></trkpt>
      <trkpt lat="30.761718" lon="-98.636008"></trkpt>
      <trkpt lat="30.761700" lon="-98.633589"></trkpt>
      <trkpt lat="30.761692" lon="-98.632211"></trkpt>
      <trkpt lat="30.761676" lon="-98.631628"></trkpt>
      <trkpt lat="30.761659" lon="-98.630982"></trkpt>
      <trkpt lat="30.761609" lon="-98.630380"></trkpt>
      <trkpt lat="30.761541" lon="-98.629829"></trkpt>
      <trkpt lat="30.761464" lon="-98.629336"></trkpt>
      <trkpt lat="30.761206" lon="-98.627955"></trkpt>
      <trkpt lat="30.760446" lon="-98.623789"></trkpt>
      <trkpt lat="30.760398" lon="-98.623485"></trkpt>
      <trkpt lat="30.760339" lon="-98.623008"></trkpt>
      <trkpt lat="30.760304" lon="-98.622619"></trkpt>
      <trkpt lat="30.760284" lon="-98.622330"></trkpt>
      <trkpt lat="30.760278" lon="-98.622016"></trkpt>
      <trkpt lat="30.760287" lon="-98.621611"></trkpt>
      <trkpt lat="30.760291" lon="-98.621457"></trkpt>
      <trkpt lat="30.760315" lon="-98.621035"></trkpt>
      <trkpt lat="30.760375" lon="-98.620429"></trkpt>
      <trkpt lat="30.760513" lon="-98.619686"></trkpt>
      <trkpt lat="30.760611" lon="-98.619272"></trkpt>
      <trkpt lat="30.760729" lon="-98.618844"></trkpt>
      <trkpt lat="30.760796" lon="-98.618630"></trkpt>
      <trkpt lat="30.760908" lon="-98.618309"></trkpt>
      <trkpt lat="30.761085" lon="-98.617843"></trkpt>
      <trkpt lat="30.761664" lon="-98.616421"></trkpt>
      <trkpt lat="30.762035" lon="-98.615537"></trkpt>
      <trkpt lat="30.762728" lon="-98.613835"></trkpt>
      <trkpt lat="30.762798" lon="-98.613642"></trkpt>
      <trkpt lat="30.762928" lon="-98.613268"></trkpt>
      <trkpt lat="30.763060" lon="-98.612802"></trkpt>
      <trkpt lat="30.763118" lon="-98.612563"></trkpt>
      <trkpt lat="30.763217" lon="-98.611939"></trkpt>
      <trkpt lat="30.763263" lon="-98.611255"></trkpt>
      <trkpt lat="30.763285" lon="-98.610247"></trkpt>
      <trkpt lat="30.763304" lon="-98.609975"></trkpt>
      <trkpt lat="30.763344" lon="-98.609638"></trkpt>
      <trkpt lat="30.763396" lon="-98.609341"></trkpt>
      <trkpt lat="30.763496" lon="-98.608880"></trkpt>
      <trkpt lat="30.763551" lon="-98.608669"></trkpt>
      <trkpt lat="30.763660" lon="-98.608332"></trkpt>
      <trkpt lat="30.763732" lon="-98.608133"></trkpt>
      <trkpt lat="30.763789" lon="-98.607995"></trkpt>
      <trkpt lat="30.763931" lon="-98.607698"></trkpt>
      <trkpt lat="30.764000" lon="-98.607541"></trkpt>
      <trkpt lat="30.764805" lon="-98.606057"></trkpt>
      <trkpt lat="30.764982" lon="-98.605741"></trkpt>
      <trkpt lat="30.765619" lon="-98.604557"></trkpt>
      <trkpt lat="30.766687" lon="-98.602647"></trkpt>
      <trkpt lat="30.767033" lon="-98.602014"></trkpt>
      <trkpt lat="30.767642" lon="-98.600873"></trkpt>
      <trkpt lat="30.768041" lon="-98.600141"></trkpt>
      <trkpt lat="30.769481" lon="-98.597500"></trkpt>
      <trkpt lat="30.771326" lon="-98.594126"></trkpt>
      <trkpt lat="30.772811" lon="-98.591404"></trkpt>
      <trkpt lat="30.773824" lon="-98.589547"></trkpt>
      <trkpt lat="30.774598" lon="-98.588122"></trkpt>
      <trkpt lat="30.776095" lon="-98.585379"></trkpt>
      <trkpt lat="30.778394" lon="-98.581166"></trkpt>
      <trkpt lat="30.778426" lon="-98.581102"></trkpt>
      <trkpt lat="30.778584" lon="-98.580790"></trkpt>
      <trkpt lat="30.778759" lon="-98.580405"></trkpt>
      <trkpt lat="30.778918" lon="-98.580011"></trkpt>
      <trkpt lat="30.779061" lon="-98.579609"></trkpt>
      <trkpt lat="30.779221" lon="-98.579073"></trkpt>
      <trkpt lat="30.779405" lon="-98.578370"></trkpt>
      <trkpt lat="30.780438" lon="-98.574076"></trkpt>
      <trkpt lat="30.780682" lon="-98.572967"></trkpt>
      <trkpt lat="30.780941" lon="-98.571535"></trkpt>
      <trkpt lat="30.781158" lon="-98.570136"></trkpt>
      <trkpt lat="30.781314" lon="-98.568954"></trkpt>
      <trkpt lat="30.781444" lon="-98.568026"></trkpt>
      <trkpt lat="30.781522" lon="-98.567412"></trkpt>
      <trkpt lat="30.781624" lon="-98.566671"></trkpt>
      <trkpt lat="30.781652" lon="-98.566435"></trkpt>
      <trkpt lat="30.781687" lon="-98.565997"></trkpt>
      <trkpt lat="30.781699" lon="-98.565619"></trkpt>
      <trkpt lat="30.781692" lon="-98.565179"></trkpt>
      <trkpt lat="30.781668" lon="-98.564802"></trkpt>
      <trkpt lat="30.781627" lon="-98.564428"></trkpt>
      <trkpt lat="30.781570" lon="-98.564056"></trkpt>
      <trkpt lat="30.781497" lon="-98.563688"></trkpt>
      <trkpt lat="30.781408" lon="-98.563325"></trkpt>
      <trkpt lat="30.781283" lon="-98.562909"></trkpt>
      <trkpt lat="30.781160" lon="-98.562559"></trkpt>
      <trkpt lat="30.780974" lon="-98.562101"></trkpt>
      <trkpt lat="30.780817" lon="-98.561766"></trkpt>
      <trkpt lat="30.780643" lon="-98.561442"></trkpt>
      <trkpt lat="30.780454" lon="-98.561130"></trkpt>
      <trkpt lat="30.780250" lon="-98.560831"></trkpt>
      <trkpt lat="30.779906" lon="-98.560384"></trkpt>
      <trkpt lat="30.779074" lon="-98.559361"></trkpt>
      <trkpt lat="30.777079" lon="-98.556865"></trkpt>
      <trkpt lat="30.777060" lon="-98.556837"></trkpt>
      <trkpt lat="30.776479" lon="-98.556120"></trkpt>
      <trkpt lat="30.776094" lon="-98.555636"></trkpt>
      <trkpt lat="30.775218" lon="-98.554559"></trkpt>
      <trkpt lat="30.774896" lon="-98.554145"></trkpt>
      <trkpt lat="30.774390" lon="-98.553523"></trkpt>
      <trkpt lat="30.771794" lon="-98.550285"></trkpt>
      <trkpt lat="30.771109" lon="-98.549391"></trkpt>
      <trkpt lat="30.770581" lon="-98.548669"></trkpt>
      <trkpt lat="30.770138" lon="-98.548021"></trkpt>
      <trkpt lat="30.769608" lon="-98.547208"></trkpt>
      <trkpt lat="30.769096" lon="-98.546380"></trkpt>
      <trkpt lat="30.768659" lon="-98.545625"></trkpt>
      <trkpt lat="30.768232" lon="-98.544853"></trkpt>
      <trkpt lat="30.766087" lon="-98.540743"></trkpt>
      <trkpt lat="30.766039" lon="-98.540640"></trkpt>
      <trkpt lat="30.765868" lon="-98.540322"></trkpt>
      <trkpt lat="30.765735" lon="-98.540076"></trkpt>
      <trkpt lat="30.764011" lon="-98.536761"></trkpt>
      <trkpt lat="30.763740" lon="-98.536290"></trkpt>
      <trkpt lat="30.763451" lon="-98.535833"></trkpt>
      <trkpt lat="30.763146" lon="-98.535391"></trkpt>
      <trkpt lat="30.762824" lon="-98.534965"></trkpt>
      <trkpt lat="30.762413" lon="-98.534472"></trkpt>
      <trkpt lat="30.762093" lon="-98.534125"></trkpt>
      <trkpt lat="30.761761" lon="-98.533793"></trkpt>
      <trkpt lat="30.761418" lon="-98.533478"></trkpt>
      <trkpt lat="30.761305" lon="-98.533382"></trkpt>
      <trkpt lat="30.761047" lon="-98.533166"></trkpt>
      <trkpt lat="30.760385" lon="-98.532659"></trkpt>
      <trkpt lat="30.759958" lon="-98.532388"></trkpt>
      <trkpt lat="30.759474" lon="-98.532108"></trkpt>
      <trkpt lat="30.759030" lon="-98.531876"></trkpt>
      <trkpt lat="30.758575" lon="-98.531665"></trkpt>
      <trkpt lat="30.758112" lon="-98.531478"></trkpt>
      <trkpt lat="30.757694" lon="-98.531333"></trkpt>
      <trkpt lat="30.757272" lon="-98.531207"></trkpt>
      <trkpt lat="30.755116" lon="-98.530671"></trkpt>
      <trkpt lat="30.752553" lon="-98.530034"></trkpt>
      <trkpt lat="30.752182" lon="-98.529931"></trkpt>
      <trkpt lat="30.751815" lon="-98.529808"></trkpt>
      <trkpt lat="30.751454" lon="-98.529665"></trkpt>
      <trkpt lat="30.751100" lon="-98.529502"></trkpt>
      <trkpt lat="30.750752" lon="-98.529319"></trkpt>
      <trkpt lat="30.750412" lon="-98.529118"></trkpt>
      <trkpt lat="30.750081" lon="-98.528898"></trkpt>
      <trkpt lat="30.749760" lon="-98.528660"></trkpt>
      <trkpt lat="30.749449" lon="-98.528405"></trkpt>
      <trkpt lat="30.749148" lon="-98.528133"></trkpt>
      <trkpt lat="30.748859" lon="-98.527844"></trkpt>
      <trkpt lat="30.748582" lon="-98.527540"></trkpt>
      <trkpt lat="30.748318" lon="-98.527221"></trkpt>
      <trkpt lat="30.748009" lon="-98.526810"></trkpt>
      <trkpt lat="30.746919" lon="-98.525300"></trkpt>
      <trkpt lat="30.745255" lon="-98.522966"></trkpt>
      <trkpt lat="30.744622" lon="-98.522100"></trkpt>
      <trkpt lat="30.743197" lon="-98.520116"></trkpt>
      <trkpt lat="30.741557" lon="-98.517812"></trkpt>
      <trkpt lat="30.740432" lon="-98.516244"></trkpt>
      <trkpt lat="30.739447" lon="-98.514884"></trkpt>
      <trkpt lat="30.739226" lon="-98.514611"></trkpt>
      <trkpt lat="30.738991" lon="-98.514356"></trkpt>
      <trkpt lat="30.738741" lon="-98.514118"></trkpt>
      <trkpt lat="30.738479" lon="-98.513901"></trkpt>
      <trkpt lat="30.738204" lon="-98.513703"></trkpt>
      <trkpt lat="30.737814" lon="-98.513460"></trkpt>
      <trkpt lat="30.737363" lon="-98.513225"></trkpt>
      <trkpt lat="30.737024" lon="-98.513057"></trkpt>
      <trkpt lat="30.736623" lon="-98.512871"></trkpt>
      <trkpt lat="30.736376" lon="-98.512735"></trkpt>
      <trkpt lat="30.736136" lon="-98.512583"></trkpt>
      <trkpt lat="30.735904" lon="-98.512414"></trkpt>
      <trkpt lat="30.735681" lon="-98.512230"></trkpt>
      <trkpt lat="30.735469" lon="-98.512031"></trkpt>
      <trkpt lat="30.735267" lon="-98.511817"></trkpt>
      <trkpt lat="30.735196" lon="-98.511733"></trkpt>
      <trkpt lat="30.735076" lon="-98.511589"></trkpt>
      <trkpt lat="30.734898" lon="-98.511349"></trkpt>
      <trkpt lat="30.734673" lon="-98.511008"></trkpt>
      <trkpt lat="30.734613" lon="-98.510909"></trkpt>
      <trkpt lat="30.734310" lon="-98.510415"></trkpt>
      <trkpt lat="30.734096" lon="-98.510040"></trkpt>
      <trkpt lat="30.733755" lon="-98.509444"></trkpt>
      <trkpt lat="30.733556" lon="-98.509071"></trkpt>
      <trkpt lat="30.733373" lon="-98.508687"></trkpt>
      <trkpt lat="30.733204" lon="-98.508295"></trkpt>
      <trkpt lat="30.733033" lon="-98.507843"></trkpt>
      <trkpt lat="30.732929" lon="-98.507497"></trkpt>
      <trkpt lat="30.732862" lon="-98.507257"></trkpt>
      <trkpt lat="30.732813" lon="-98.507084"></trkpt>
      <trkpt lat="30.732730" lon="-98.506724"></trkpt>
      <trkpt lat="30.732662" lon="-98.506359"></trkpt>
      <trkpt lat="30.732612" lon="-98.505991"></trkpt>
      <trkpt lat="30.732577" lon="-98.505620"></trkpt>
      <trkpt lat="30.732548" lon="-98.504976"></trkpt>
      <trkpt lat="30.732560" lon="-98.504115"></trkpt>
      <trkpt lat="30.732601" lon="-98.501751"></trkpt>
      <trkpt lat="30.732625" lon="-98.500768"></trkpt>
      <trkpt lat="30.732669" lon="-98.498902"></trkpt>
      <trkpt lat="30.732689" lon="-98.497133"></trkpt>
      <trkpt lat="30.732690" lon="-98.496013"></trkpt>
      <trkpt lat="30.732768" lon="-98.493959"></trkpt>
      <trkpt lat="30.732777" lon="-98.492548"></trkpt>
      <trkpt lat="30.732821" lon="-98.489507"></trkpt>
      <trkpt lat="30.732861" lon="-98.487027"></trkpt>
      <trkpt lat="30.732868" lon="-98.486840"></trkpt>
      <trkpt lat="30.732867" lon="-98.486714"></trkpt>
      <trkpt lat="30.732881" lon="-98.486197"></trkpt>
      <trkpt lat="30.732888" lon="-98.485950"></trkpt>
      <trkpt lat="30.732921" lon="-98.484279"></trkpt>
      <trkpt lat="30.733242" lon="-98.484289"></trkpt>
      <trkpt lat="30.733114" lon="-98.484290"></trkpt>
      <trkpt lat="30.732991" lon="-98.484291"></trkpt>
      <trkpt lat="30.732921" lon="-98.484279"></trkpt>
      <trkpt lat="30.732971" lon="-98.480650"></trkpt>
      <trkpt lat="30.733016" lon="-98.478783"></trkpt>
      <trkpt lat="30.733033" lon="-98.477709"></trkpt>
      <trkpt lat="30.733072" lon="-98.476329"></trkpt>
      <trkpt lat="30.733086" lon="-98.474310"></trkpt>
      <trkpt lat="30.733117" lon="-98.472997"></trkpt>
      <trkpt lat="30.733125" lon="-98.472157"></trkpt>
      <trkpt lat="30.733159" lon="-98.471067"></trkpt>
      <trkpt lat="30.733180" lon="-98.469423"></trkpt>
      <trkpt lat="30.733204" lon="-98.468441"></trkpt>
      <trkpt lat="30.733216" lon="-98.467447"></trkpt>
      <trkpt lat="30.733223" lon="-98.467065"></trkpt>
      <trkpt lat="30.733246" lon="-98.465887"></trkpt>
      <trkpt lat="30.732938" lon="-98.465919"></trkpt>
      <trkpt lat="30.731259" lon="-98.466151"></trkpt>
      <trkpt lat="30.730533" lon="-98.466259"></trkpt>
      <trkpt lat="30.729740" lon="-98.466357"></trkpt>
      <trkpt lat="30.727790" lon="-98.466619"></trkpt>
      <trkpt lat="30.726553" lon="-98.466791"></trkpt>
      <trkpt lat="30.725619" lon="-98.466936"></trkpt>
      <trkpt lat="30.725486" lon="-98.466952"></trkpt>
      <trkpt lat="30.725331" lon="-98.466971"></trkpt>
      <trkpt lat="30.725163" lon="-98.466992"></trkpt>
      <trkpt lat="30.723401" lon="-98.467227"></trkpt>
      <trkpt lat="30.719942" lon="-98.467698"></trkpt>
      <trkpt lat="30.719604" lon="-98.467745"></trkpt>
      <trkpt lat="30.718654" lon="-98.467882"></trkpt>
      <trkpt lat="30.717506" lon="-98.468040"></trkpt>
      <trkpt lat="30.716773" lon="-98.468096"></trkpt>
      <trkpt lat="30.716304" lon="-98.468110"></trkpt>
      <trkpt lat="30.714432" lon="-98.468017"></trkpt>
      <trkpt lat="30.713190" lon="-98.467831"></trkpt>
      <trkpt lat="30.711926" lon="-98.467620"></trkpt>
      <trkpt lat="30.711647" lon="-98.467576"></trkpt>
      <trkpt lat="30.710944" lon="-98.467505"></trkpt>
      <trkpt lat="30.710324" lon="-98.467474"></trkpt>
      <trkpt lat="30.710263" lon="-98.467471"></trkpt>
      <trkpt lat="30.710178" lon="-98.467476"></trkpt>
      <trkpt lat="30.709304" lon="-98.467530"></trkpt>
      <trkpt lat="30.708679" lon="-98.467602"></trkpt>
      <trkpt lat="30.707644" lon="-98.467692"></trkpt>
      <trkpt lat="30.707398" lon="-98.467714"></trkpt>
      <trkpt lat="30.707339" lon="-98.467717"></trkpt>
      <trkpt lat="30.706963" lon="-98.467738"></trkpt>
      <trkpt lat="30.706463" lon="-98.467703"></trkpt>
      <trkpt lat="30.705980" lon="-98.467557"></trkpt>
      <trkpt lat="30.705554" lon="-98.467349"></trkpt>
      <trkpt lat="30.705132" lon="-98.467050"></trkpt>
      <trkpt lat="30.704851" lon="-98.466754"></trkpt>
      <trkpt lat="30.704274" lon="-98.466100"></trkpt>
      <trkpt lat="30.703837" lon="-98.465582"></trkpt>
      <trkpt lat="30.703636" lon="-98.465366"></trkpt>
      <trkpt lat="30.703425" lon="-98.465164"></trkpt>
      <trkpt lat="30.703204" lon="-98.464975"></trkpt>
      <trkpt lat="30.702975" lon="-98.464801"></trkpt>
      <trkpt lat="30.702316" lon="-98.464363"></trkpt>
      <trkpt lat="30.701466" lon="-98.463819"></trkpt>
      <trkpt lat="30.700664" lon="-98.463292"></trkpt>
      <trkpt lat="30.699996" lon="-98.462909"></trkpt>
      <trkpt lat="30.699171" lon="-98.462464"></trkpt>
      <trkpt lat="30.698626" lon="-98.462199"></trkpt>
      <trkpt lat="30.697727" lon="-98.461801"></trkpt>
      <trkpt lat="30.697209" lon="-98.461590"></trkpt>
      <trkpt lat="30.697175" lon="-98.461576"></trkpt>
      <trkpt lat="30.696617" lon="-98.461373"></trkpt>
      <trkpt lat="30.696489" lon="-98.461330"></trkpt>
      <trkpt lat="30.695938" lon="-98.461170"></trkpt>
      <trkpt lat="30.695465" lon="-98.461049"></trkpt>
      <trkpt lat="30.694886" lon="-98.460924"></trkpt>
      <trkpt lat="30.694254" lon="-98.460830"></trkpt>
      <trkpt lat="30.693622" lon="-98.460748"></trkpt>
      <trkpt lat="30.692366" lon="-98.460609"></trkpt>
      <trkpt lat="30.691991" lon="-98.460588"></trkpt>
      <trkpt lat="30.691616" lon="-98.460587"></trkpt>
      <trkpt lat="30.691349" lon="-98.460598"></trkpt>
      <trkpt lat="30.689599" lon="-98.460753"></trkpt>
      <trkpt lat="30.687143" lon="-98.460959"></trkpt>
      <trkpt lat="30.686044" lon="-98.461047"></trkpt>
      <trkpt lat="30.684027" lon="-98.461110"></trkpt>
      <trkpt lat="30.683652" lon="-98.461106"></trkpt>
      <trkpt lat="30.683278" lon="-98.461079"></trkpt>
      <trkpt lat="30.682286" lon="-98.460949"></trkpt>
      <trkpt lat="30.681812" lon="-98.460895"></trkpt>
      <trkpt lat="30.681496" lon="-98.460843"></trkpt>
      <trkpt lat="30.681127" lon="-98.460758"></trkpt>
      <trkpt lat="30.680810" lon="-98.460661"></trkpt>
      <trkpt lat="30.680499" lon="-98.460540"></trkpt>
      <trkpt lat="30.680197" lon="-98.460395"></trkpt>
      <trkpt lat="30.679911" lon="-98.460236"></trkpt>
      <trkpt lat="30.679313" lon="-98.459915"></trkpt>
      <trkpt lat="30.678707" lon="-98.459618"></trkpt>
      <trkpt lat="30.678543" lon="-98.459529"></trkpt>
      <trkpt lat="30.678257" lon="-98.459370"></trkpt>
      <trkpt lat="30.677742" lon="-98.459063"></trkpt>
      <trkpt lat="30.676604" lon="-98.458316"></trkpt>
      <trkpt lat="30.675966" lon="-98.457888"></trkpt>
      <trkpt lat="30.675171" lon="-98.457378"></trkpt>
      <trkpt lat="30.674805" lon="-98.457158"></trkpt>
      <trkpt lat="30.675124" lon="-98.456508"></trkpt>
      <trkpt lat="30.675462" lon="-98.455870"></trkpt>
      <trkpt lat="30.675678" lon="-98.455507"></trkpt>
      <trkpt lat="30.675823" lon="-98.455287"></trkpt>
      <trkpt lat="30.675928" lon="-98.455148"></trkpt>
      <trkpt lat="30.676064" lon="-98.454967"></trkpt>
      <trkpt lat="30.676484" lon="-98.454452"></trkpt>
      <trkpt lat="30.677060" lon="-98.453778"></trkpt>
      <trkpt lat="30.677098" lon="-98.453738"></trkpt>
      <trkpt lat="30.677164" lon="-98.453649"></trkpt>
      <trkpt lat="30.677217" lon="-98.453549"></trkpt>
      <trkpt lat="30.677227" lon="-98.453521"></trkpt>
      <trkpt lat="30.677255" lon="-98.453440"></trkpt>
      <trkpt lat="30.677269" lon="-98.453383"></trkpt>
      <trkpt lat="30.677284" lon="-98.453267"></trkpt>
      <trkpt lat="30.677283" lon="-98.453150"></trkpt>
      <trkpt lat="30.677276" lon="-98.453091"></trkpt>
      <trkpt lat="30.677274" lon="-98.452971"></trkpt>
      <trkpt lat="30.677260" lon="-98.452852"></trkpt>
      <trkpt lat="30.677232" lon="-98.452736"></trkpt>
      <trkpt lat="30.677119" lon="-98.452410"></trkpt>
      <trkpt lat="30.677090" lon="-98.452301"></trkpt>
      <trkpt lat="30.677068" lon="-98.452190"></trkpt>
      <trkpt lat="30.677055" lon="-98.452077"></trkpt>
      <trkpt lat="30.676925" lon="-98.449355"></trkpt>
      <trkpt lat="30.676924" lon="-98.449268"></trkpt>
      <trkpt lat="30.676909" lon="-98.448606"></trkpt>
      <trkpt lat="30.676884" lon="-98.448301"></trkpt>
      <trkpt lat="30.676834" lon="-98.447938"></trkpt>
      <trkpt lat="30.676513" lon="-98.446464"></trkpt>
      <trkpt lat="30.676322" lon="-98.445513"></trkpt>
      <trkpt lat="30.676607" lon="-98.445239"></trkpt>
      <trkpt lat="30.676466" lon="-98.445153"></trkpt>
      <trkpt lat="30.676331" lon="-98.445056"></trkpt>
      <trkpt lat="30.676231" lon="-98.445005"></trkpt>
      <trkpt lat="30.676177" lon="-98.444739"></trkpt>
      <trkpt lat="30.676133" lon="-98.444662"></trkpt>
      <trkpt lat="30.676048" lon="-98.444528"></trkpt>
      <trkpt lat="30.675898" lon="-98.444706"></trkpt>
      <trkpt lat="30.675701" lon="-98.444915"></trkpt>
      <trkpt lat="30.675611" lon="-98.444988"></trkpt>
      <trkpt lat="30.675415" lon="-98.445129"></trkpt>
      <trkpt lat="30.675380" lon="-98.445154"></trkpt>
      <trkpt lat="30.675138" lon="-98.445299"></trkpt>
      <trkpt lat="30.674886" lon="-98.445422"></trkpt>
      <trkpt lat="30.674673" lon="-98.445503"></trkpt>
      <trkpt lat="30.674241" lon="-98.445683"></trkpt>
      <trkpt lat="30.673914" lon="-98.445810"></trkpt>
      <trkpt lat="30.673389" lon="-98.446015"></trkpt>
      <trkpt lat="30.673139" lon="-98.446112"></trkpt>
      <trkpt lat="30.672930" lon="-98.446191"></trkpt>
      <trkpt lat="30.672704" lon="-98.446274"></trkpt>
      <trkpt lat="30.672347" lon="-98.446389"></trkpt>
      <trkpt lat="30.671908" lon="-98.446508"></trkpt>
      <trkpt lat="30.671792" lon="-98.446526"></trkpt>
      <trkpt lat="30.671257" lon="-98.446624"></trkpt>
      <trkpt lat="30.670906" lon="-98.446681"></trkpt>
      <trkpt lat="30.670271" lon="-98.446839"></trkpt>
      <trkpt lat="30.670145" lon="-98.446889"></trkpt>
      <trkpt lat="30.669895" lon="-98.447005"></trkpt>
      <trkpt lat="30.669653" lon="-98.447142"></trkpt>
      <trkpt lat="30.669421" lon="-98.447301"></trkpt>
      <trkpt lat="30.669060" lon="-98.447657"></trkpt>
      <trkpt lat="30.668898" lon="-98.447816"></trkpt>
      <trkpt lat="30.668744" lon="-98.448027"></trkpt>
      <trkpt lat="30.668604" lon="-98.448225"></trkpt>
      <trkpt lat="30.668359" lon="-98.448560"></trkpt>
      <trkpt lat="30.668170" lon="-98.448780"></trkpt>
      <trkpt lat="30.668065" lon="-98.448905"></trkpt>
      <trkpt lat="30.667897" lon="-98.449108"></trkpt>
      <trkpt lat="30.667720" lon="-98.449297"></trkpt>
      <trkpt lat="30.667499" lon="-98.449535"></trkpt>
      <trkpt lat="30.667458" lon="-98.449578"></trkpt>
      <trkpt lat="30.667354" lon="-98.449690"></trkpt>
      <trkpt lat="30.666563" lon="-98.450588"></trkpt>
      <trkpt lat="30.666228" lon="-98.450312"></trkpt>
      <trkpt lat="30.666040" lon="-98.450157"></trkpt>
      <trkpt lat="30.664833" lon="-98.449165"></trkpt>
      <trkpt lat="30.663554" lon="-98.448115"></trkpt>
      <trkpt lat="30.663177" lon="-98.447806"></trkpt>
      <trkpt lat="30.661975" lon="-98.446792"></trkpt>
      <trkpt lat="30.661630" lon="-98.446497"></trkpt>
      <trkpt lat="30.661450" lon="-98.446329"></trkpt>
      <trkpt lat="30.661184" lon="-98.446073"></trkpt>
      <trkpt lat="30.660597" lon="-98.445471"></trkpt>
      <trkpt lat="30.660414" lon="-98.445286"></trkpt>
      <trkpt lat="30.660354" lon="-98.445225"></trkpt>
      <trkpt lat="30.660223" lon="-98.445092"></trkpt>
      <trkpt lat="30.660110" lon="-98.444959"></trkpt>
      <trkpt lat="30.660099" lon="-98.444944"></trkpt>
      <trkpt lat="30.659842" lon="-98.444593"></trkpt>
      <trkpt lat="30.659632" lon="-98.444307"></trkpt>
      <trkpt lat="30.659454" lon="-98.444024"></trkpt>
      <trkpt lat="30.659369" lon="-98.443880"></trkpt>
      <trkpt lat="30.659192" lon="-98.443516"></trkpt>
      <trkpt lat="30.659093" lon="-98.443297"></trkpt>
      <trkpt lat="30.659076" lon="-98.443258"></trkpt>
      <trkpt lat="30.659054" lon="-98.443202"></trkpt>
      <trkpt lat="30.659007" lon="-98.443081"></trkpt>
      <trkpt lat="30.658937" lon="-98.442890"></trkpt>
      <trkpt lat="30.658877" lon="-98.442721"></trkpt>
      <trkpt lat="30.658776" lon="-98.442411"></trkpt>
      <trkpt lat="30.658596" lon="-98.441851"></trkpt>
      <trkpt lat="30.658564" lon="-98.441751"></trkpt>
      <trkpt lat="30.658432" lon="-98.441339"></trkpt>
      <trkpt lat="30.658342" lon="-98.440990"></trkpt>
      <trkpt lat="30.658287" lon="-98.440717"></trkpt>
      <trkpt lat="30.658265" lon="-98.440574"></trkpt>
      <trkpt lat="30.658252" lon="-98.440451"></trkpt>
      <trkpt lat="30.658236" lon="-98.440226"></trkpt>
      <trkpt lat="30.658233" lon="-98.440019"></trkpt>
      <trkpt lat="30.658244" lon="-98.439772"></trkpt>
      <trkpt lat="30.658262" lon="-98.439588"></trkpt>
      <trkpt lat="30.658294" lon="-98.439382"></trkpt>
      <trkpt lat="30.658358" lon="-98.439081"></trkpt>
      <trkpt lat="30.658438" lon="-98.438786"></trkpt>
      <trkpt lat="30.658536" lon="-98.438497"></trkpt>
      <trkpt lat="30.658655" lon="-98.438205"></trkpt>
      <trkpt lat="30.658700" lon="-98.438124"></trkpt>
      <trkpt lat="30.658735" lon="-98.438006"></trkpt>
      <trkpt lat="30.659271" lon="-98.436698"></trkpt>
      <trkpt lat="30.659309" lon="-98.436573"></trkpt>
      <trkpt lat="30.659569" lon="-98.435947"></trkpt>
      <trkpt lat="30.659603" lon="-98.435857"></trkpt>
      <trkpt lat="30.659675" lon="-98.435638"></trkpt>
      <trkpt lat="30.659730" lon="-98.435413"></trkpt>
      <trkpt lat="30.659741" lon="-98.435355"></trkpt>
      <trkpt lat="30.659774" lon="-98.435119"></trkpt>
      <trkpt lat="30.659789" lon="-98.434880"></trkpt>
      <trkpt lat="30.659786" lon="-98.434671"></trkpt>
      <trkpt lat="30.659773" lon="-98.434505"></trkpt>
      <trkpt lat="30.659745" lon="-98.434319"></trkpt>
      <trkpt lat="30.659703" lon="-98.434136"></trkpt>
      <trkpt lat="30.659633" lon="-98.433896"></trkpt>
      <trkpt lat="30.659617" lon="-98.433854"></trkpt>
      <trkpt lat="30.659175" lon="-98.432809"></trkpt>
      <trkpt lat="30.659122" lon="-98.432681"></trkpt>
      <trkpt lat="30.658966" lon="-98.432284"></trkpt>
      <trkpt lat="30.658828" lon="-98.431878"></trkpt>
      <trkpt lat="30.658706" lon="-98.431466"></trkpt>
      <trkpt lat="30.658501" lon="-98.430662"></trkpt>
      <trkpt lat="30.658458" lon="-98.430529"></trkpt>
      <trkpt lat="30.658313" lon="-98.429999"></trkpt>
      <trkpt lat="30.657653" lon="-98.427617"></trkpt>
      <trkpt lat="30.657527" lon="-98.427226"></trkpt>
      <trkpt lat="30.657412" lon="-98.426903"></trkpt>
      <trkpt lat="30.657393" lon="-98.426851"></trkpt>
      <trkpt lat="30.657308" lon="-98.426646"></trkpt>
      <trkpt lat="30.657189" lon="-98.426362"></trkpt>
      <trkpt lat="30.656890" lon="-98.425795"></trkpt>
      <trkpt lat="30.658480" lon="-98.424234"></trkpt>
      <trkpt lat="30.660319" lon="-98.422451"></trkpt>
      <trkpt lat="30.662593" lon="-98.420250"></trkpt>
      <trkpt lat="30.662982" lon="-98.419857"></trkpt>
      <trkpt lat="30.663201" lon="-98.419626"></trkpt>
      <trkpt lat="30.664027" lon="-98.418711"></trkpt>
      <trkpt lat="30.664085" lon="-98.418647"></trkpt>
      <trkpt lat="30.664943" lon="-98.417711"></trkpt>
      <trkpt lat="30.665246" lon="-98.417374"></trkpt>
      <trkpt lat="30.666049" lon="-98.416483"></trkpt>
      <trkpt lat="30.666473" lon="-98.415731"></trkpt>
      <trkpt lat="30.666619" lon="-98.415423"></trkpt>
      <trkpt lat="30.666712" lon="-98.415151"></trkpt>
      <trkpt lat="30.666751" lon="-98.415034"></trkpt>
      <trkpt lat="30.666783" lon="-98.414926"></trkpt>
      <trkpt lat="30.667082" lon="-98.413859"></trkpt>
      <trkpt lat="30.667496" lon="-98.412378"></trkpt>
      <trkpt lat="30.667712" lon="-98.411612"></trkpt>
      <trkpt lat="30.668145" lon="-98.410032"></trkpt>
      <trkpt lat="30.668438" lon="-98.408998"></trkpt>
      <trkpt lat="30.668549" lon="-98.408605"></trkpt>
      <trkpt lat="30.668795" lon="-98.407739"></trkpt>
      <trkpt lat="30.668962" lon="-98.407151"></trkpt>
      <trkpt lat="30.669054" lon="-98.406814"></trkpt>
      <trkpt lat="30.669121" lon="-98.406563"></trkpt>
      <trkpt lat="30.669412" lon="-98.405409"></trkpt>
      <trkpt lat="30.669629" lon="-98.404660"></trkpt>
      <trkpt lat="30.669877" lon="-98.403791"></trkpt>
      <trkpt lat="30.669950" lon="-98.403524"></trkpt>
      <trkpt lat="30.670290" lon="-98.402243"></trkpt>
      <trkpt lat="30.670978" lon="-98.399796"></trkpt>
      <trkpt lat="30.671038" lon="-98.399573"></trkpt>
      <trkpt lat="30.671046" lon="-98.399543"></trkpt>
      <trkpt lat="30.671208" lon="-98.398954"></trkpt>
      <trkpt lat="30.671585" lon="-98.397576"></trkpt>
      <trkpt lat="30.671966" lon="-98.396182"></trkpt>
      <trkpt lat="30.672035" lon="-98.395957"></trkpt>
      <trkpt lat="30.672178" lon="-98.395491"></trkpt>
      <trkpt lat="30.672309" lon="-98.395136"></trkpt>
      <trkpt lat="30.672571" lon="-98.394627"></trkpt>
      <trkpt lat="30.672806" lon="-98.394291"></trkpt>
      <trkpt lat="30.673036" lon="-98.394037"></trkpt>
      <trkpt lat="30.673218" lon="-98.393871"></trkpt>
      <trkpt lat="30.673514" lon="-98.393667"></trkpt>
      <trkpt lat="30.673813" lon="-98.393485"></trkpt>
      <trkpt lat="30.673951" lon="-98.393429"></trkpt>
      <trkpt lat="30.674175" lon="-98.393325"></trkpt>
      <trkpt lat="30.674723" lon="-98.393186"></trkpt>
      <trkpt lat="30.675282" lon="-98.393059"></trkpt>
      <trkpt lat="30.677327" lon="-98.392593"></trkpt>
      <trkpt lat="30.678030" lon="-98.392433"></trkpt>
      <trkpt lat="30.678687" lon="-98.392282"></trkpt>
      <trkpt lat="30.679784" lon="-98.392031"></trkpt>
      <trkpt lat="30.681407" lon="-98.391659"></trkpt>
      <trkpt lat="30.681829" lon="-98.391536"></trkpt>
      <trkpt lat="30.682239" lon="-98.391396"></trkpt>
      <trkpt lat="30.682320" lon="-98.391359"></trkpt>
      <trkpt lat="30.683293" lon="-98.390919"></trkpt>
      <trkpt lat="30.684763" lon="-98.390252"></trkpt>
      <trkpt lat="30.685078" lon="-98.390106"></trkpt>
      <trkpt lat="30.685861" lon="-98.389742"></trkpt>
      <trkpt lat="30.686470" lon="-98.389459"></trkpt>
      <trkpt lat="30.686898" lon="-98.389201"></trkpt>
      <trkpt lat="30.687373" lon="-98.388819"></trkpt>
      <trkpt lat="30.687815" lon="-98.388396"></trkpt>
      <trkpt lat="30.688723" lon="-98.387469"></trkpt>
      <trkpt lat="30.689332" lon="-98.386848"></trkpt>
      <trkpt lat="30.689826" lon="-98.386345"></trkpt>
      <trkpt lat="30.690291" lon="-98.385870"></trkpt>
      <trkpt lat="30.690438" lon="-98.385720"></trkpt>
      <trkpt lat="30.690866" lon="-98.385284"></trkpt>
      <trkpt lat="30.691868" lon="-98.384239"></trkpt>
      <trkpt lat="30.691927" lon="-98.384182"></trkpt>
      <trkpt lat="30.692079" lon="-98.384039"></trkpt>
      <trkpt lat="30.692245" lon="-98.383895"></trkpt>
      <trkpt lat="30.692402" lon="-98.383771"></trkpt>
      <trkpt lat="30.692627" lon="-98.383612"></trkpt>
      <trkpt lat="30.692863" lon="-98.383469"></trkpt>
      <trkpt lat="30.693057" lon="-98.383364"></trkpt>
      <trkpt lat="30.693243" lon="-98.383269"></trkpt>
      <trkpt lat="30.695544" lon="-98.382234"></trkpt>
      <trkpt lat="30.696482" lon="-98.381899"></trkpt>
      <trkpt lat="30.696670" lon="-98.381844"></trkpt>
      <trkpt lat="30.696887" lon="-98.381791"></trkpt>
      <trkpt lat="30.698431" lon="-98.381431"></trkpt>
      <trkpt lat="30.700305" lon="-98.381016"></trkpt>
      <trkpt lat="30.700361" lon="-98.380765"></trkpt>
      <trkpt lat="30.699885" lon="-98.380555"></trkpt>
      <trkpt lat="30.699820" lon="-98.380536"></trkpt>
      <trkpt lat="30.699658" lon="-98.380510"></trkpt>
      <trkpt lat="30.699460" lon="-98.380487"></trkpt>
      <trkpt lat="30.699191" lon="-98.380502"></trkpt>
      <trkpt lat="30.698900" lon="-98.380582"></trkpt>
      <trkpt lat="30.698530" lon="-98.380619"></trkpt>
      <trkpt lat="30.698229" lon="-98.380578"></trkpt>
      <trkpt lat="30.697893" lon="-98.380499"></trkpt>
      <trkpt lat="30.697608" lon="-98.380408"></trkpt>
      <trkpt lat="30.697364" lon="-98.380269"></trkpt>
      <trkpt lat="30.697102" lon="-98.380064"></trkpt>
      <trkpt lat="30.696873" lon="-98.379791"></trkpt>
      <trkpt lat="30.696703" lon="-98.379523"></trkpt>
      <trkpt lat="30.696564" lon="-98.379200"></trkpt>
      <trkpt lat="30.696463" lon="-98.378872"></trkpt>
      <trkpt lat="30.696414" lon="-98.378544"></trkpt>
      <trkpt lat="30.696245" lon="-98.377572"></trkpt>
      <trkpt lat="30.696195" lon="-98.377184"></trkpt>
      <trkpt lat="30.696186" lon="-98.376765"></trkpt>
      <trkpt lat="30.696231" lon="-98.376321"></trkpt>
      <trkpt lat="30.696298" lon="-98.375843"></trkpt>
      <trkpt lat="30.696402" lon="-98.375447"></trkpt>
      <trkpt lat="30.696492" lon="-98.375194"></trkpt>
      <trkpt lat="30.696728" lon="-98.374788"></trkpt>
      <trkpt lat="30.696813" lon="-98.374597"></trkpt>
      <trkpt lat="30.696878" lon="-98.374354"></trkpt>
      <trkpt lat="30.696914" lon="-98.374039"></trkpt>
      <trkpt lat="30.696937" lon="-98.373726"></trkpt>
      <trkpt lat="30.696933" lon="-98.373425"></trkpt>
      <trkpt lat="30.696910" lon="-98.373220"></trkpt>
      <trkpt lat="30.696907" lon="-98.373194"></trkpt>
      <trkpt lat="30.696837" lon="-98.372914"></trkpt>
      <trkpt lat="30.696702" lon="-98.372573"></trkpt>
      <trkpt lat="30.696569" lon="-98.372323"></trkpt>
      <trkpt lat="30.696503" lon="-98.372104"></trkpt>
      <trkpt lat="30.696459" lon="-98.371957"></trkpt>
      <trkpt lat="30.696406" lon="-98.371738"></trkpt>
      <trkpt lat="30.696378" lon="-98.371508"></trkpt>
      <trkpt lat="30.696315" lon="-98.370642"></trkpt>
      <trkpt lat="30.696283" lon="-98.369937"></trkpt>
      <trkpt lat="30.696260" lon="-98.369556"></trkpt>
      <trkpt lat="30.696253" lon="-98.369057"></trkpt>
      <trkpt lat="30.696261" lon="-98.368495"></trkpt>
      <trkpt lat="30.696306" lon="-98.367838"></trkpt>
      <trkpt lat="30.696413" lon="-98.366580"></trkpt>
      <trkpt lat="30.696607" lon="-98.364035"></trkpt>
      <trkpt lat="30.696645" lon="-98.363141"></trkpt>
      <trkpt lat="30.696672" lon="-98.362140"></trkpt>
      <trkpt lat="30.696673" lon="-98.362108"></trkpt>
      <trkpt lat="30.696713" lon="-98.361011"></trkpt>
      <trkpt lat="30.696720" lon="-98.360466"></trkpt>
      <trkpt lat="30.696722" lon="-98.360353"></trkpt>
      <trkpt lat="30.696712" lon="-98.359706"></trkpt>
      <trkpt lat="30.696690" lon="-98.359346"></trkpt>
      <trkpt lat="30.696655" lon="-98.359077"></trkpt>
      <trkpt lat="30.696611" lon="-98.358834"></trkpt>
      <trkpt lat="30.696601" lon="-98.358771"></trkpt>
      <trkpt lat="30.696531" lon="-98.358494"></trkpt>
      <trkpt lat="30.696462" lon="-98.358280"></trkpt>
      <trkpt lat="30.696373" lon="-98.358041"></trkpt>
      <trkpt lat="30.696268" lon="-98.357820"></trkpt>
      <trkpt lat="30.696112" lon="-98.357548"></trkpt>
      <trkpt lat="30.695969" lon="-98.357322"></trkpt>
      <trkpt lat="30.695803" lon="-98.357102"></trkpt>
      <trkpt lat="30.695565" lon="-98.356832"></trkpt>
      <trkpt lat="30.695392" lon="-98.356671"></trkpt>
      <trkpt lat="30.695281" lon="-98.356575"></trkpt>
      <trkpt lat="30.695141" lon="-98.356462"></trkpt>
      <trkpt lat="30.694857" lon="-98.356261"></trkpt>
      <trkpt lat="30.694727" lon="-98.356169"></trkpt>
      <trkpt lat="30.694438" lon="-98.355996"></trkpt>
      <trkpt lat="30.693402" lon="-98.355424"></trkpt>
      <trkpt lat="30.692923" lon="-98.355182"></trkpt>
      <trkpt lat="30.691712" lon="-98.354658"></trkpt>
      <trkpt lat="30.690634" lon="-98.354158"></trkpt>
      <trkpt lat="30.689688" lon="-98.353628"></trkpt>
      <trkpt lat="30.689130" lon="-98.353286"></trkpt>
      <trkpt lat="30.688353" lon="-98.352717"></trkpt>
      <trkpt lat="30.686835" lon="-98.351542"></trkpt>
      <trkpt lat="30.686521" lon="-98.351327"></trkpt>
      <trkpt lat="30.686231" lon="-98.351179"></trkpt>
      <trkpt lat="30.685993" lon="-98.351077"></trkpt>
      <trkpt lat="30.685798" lon="-98.350995"></trkpt>
      <trkpt lat="30.685603" lon="-98.350861"></trkpt>
      <trkpt lat="30.685491" lon="-98.350721"></trkpt>
      <trkpt lat="30.685392" lon="-98.350570"></trkpt>
      <trkpt lat="30.685294" lon="-98.350406"></trkpt>
      <trkpt lat="30.685019" lon="-98.349983"></trkpt>
      <trkpt lat="30.684755" lon="-98.349577"></trkpt>
      <trkpt lat="30.684629" lon="-98.349376"></trkpt>
      <trkpt lat="30.684541" lon="-98.349230"></trkpt>
      <trkpt lat="30.684462" lon="-98.349092"></trkpt>
      <trkpt lat="30.684399" lon="-98.348942"></trkpt>
      <trkpt lat="30.684337" lon="-98.348762"></trkpt>
      <trkpt lat="30.684298" lon="-98.348597"></trkpt>
      <trkpt lat="30.684199" lon="-98.348109"></trkpt>
      <trkpt lat="30.684100" lon="-98.347707"></trkpt>
      <trkpt lat="30.684061" lon="-98.347548"></trkpt>
      <trkpt lat="30.683850" lon="-98.347022"></trkpt>
      <trkpt lat="30.683584" lon="-98.346427"></trkpt>
      <trkpt lat="30.683481" lon="-98.346048"></trkpt>
      <trkpt lat="30.683426" lon="-98.345754"></trkpt>
      <trkpt lat="30.683396" lon="-98.345505"></trkpt>
      <trkpt lat="30.683384" lon="-98.345329"></trkpt>
      <trkpt lat="30.683389" lon="-98.345104"></trkpt>
      <trkpt lat="30.683400" lon="-98.344879"></trkpt>
      <trkpt lat="30.683604" lon="-98.342600"></trkpt>
      <trkpt lat="30.683659" lon="-98.341988"></trkpt>
      <trkpt lat="30.683683" lon="-98.341755"></trkpt>
      <trkpt lat="30.683718" lon="-98.341537"></trkpt>
      <trkpt lat="30.683763" lon="-98.341322"></trkpt>
      <trkpt lat="30.683859" lon="-98.341059"></trkpt>
      <trkpt lat="30.683954" lon="-98.340867"></trkpt>
      <trkpt lat="30.684105" lon="-98.340630"></trkpt>
      <trkpt lat="30.684258" lon="-98.340460"></trkpt>
      <trkpt lat="30.684587" lon="-98.340134"></trkpt>
      <trkpt lat="30.684693" lon="-98.340002"></trkpt>
      <trkpt lat="30.684752" lon="-98.339904"></trkpt>
      <trkpt lat="30.684827" lon="-98.339787"></trkpt>
      <trkpt lat="30.684913" lon="-98.339573"></trkpt>
      <trkpt lat="30.684961" lon="-98.339381"></trkpt>
      <trkpt lat="30.684982" lon="-98.339223"></trkpt>
      <trkpt lat="30.684993" lon="-98.339044"></trkpt>
      <trkpt lat="30.684981" lon="-98.338860"></trkpt>
      <trkpt lat="30.684947" lon="-98.338663"></trkpt>
      <trkpt lat="30.684891" lon="-98.338461"></trkpt>
      <trkpt lat="30.684719" lon="-98.338077"></trkpt>
      <trkpt lat="30.684485" lon="-98.337579"></trkpt>
      <trkpt lat="30.684414" lon="-98.337410"></trkpt>
      <trkpt lat="30.684366" lon="-98.337238"></trkpt>
      <trkpt lat="30.684309" lon="-98.336924"></trkpt>
      <trkpt lat="30.684289" lon="-98.336754"></trkpt>
      <trkpt lat="30.684259" lon="-98.336401"></trkpt>
      <trkpt lat="30.684191" lon="-98.335386"></trkpt>
      <trkpt lat="30.684160" lon="-98.335131"></trkpt>
      <trkpt lat="30.684116" lon="-98.334872"></trkpt>
      <trkpt lat="30.684083" lon="-98.334718"></trkpt>
      <trkpt lat="30.684063" lon="-98.334646"></trkpt>
      <trkpt lat="30.683830" lon="-98.333834"></trkpt>
      <trkpt lat="30.683591" lon="-98.332994"></trkpt>
      <trkpt lat="30.683394" lon="-98.332326"></trkpt>
      <trkpt lat="30.683181" lon="-98.331472"></trkpt>
      <trkpt lat="30.683142" lon="-98.331318"></trkpt>
      <trkpt lat="30.682965" lon="-98.330526"></trkpt>
      <trkpt lat="30.682937" lon="-98.330334"></trkpt>
      <trkpt lat="30.682890" lon="-98.330172"></trkpt>
      <trkpt lat="30.682838" lon="-98.329957"></trkpt>
      <trkpt lat="30.682777" lon="-98.329796"></trkpt>
      <trkpt lat="30.682563" lon="-98.329392"></trkpt>
      <trkpt lat="30.682460" lon="-98.329196"></trkpt>
      <trkpt lat="30.682231" lon="-98.328808"></trkpt>
      <trkpt lat="30.682169" lon="-98.328703"></trkpt>
      <trkpt lat="30.682056" lon="-98.328534"></trkpt>
      <trkpt lat="30.681912" lon="-98.328257"></trkpt>
      <trkpt lat="30.681833" lon="-98.328099"></trkpt>
      <trkpt lat="30.681747" lon="-98.327926"></trkpt>
      <trkpt lat="30.681664" lon="-98.327744"></trkpt>
      <trkpt lat="30.681548" lon="-98.327489"></trkpt>
      <trkpt lat="30.681396" lon="-98.327080"></trkpt>
      <trkpt lat="30.681186" lon="-98.326489"></trkpt>
      <trkpt lat="30.681071" lon="-98.326165"></trkpt>
      <trkpt lat="30.680803" lon="-98.325401"></trkpt>
      <trkpt lat="30.680746" lon="-98.325237"></trkpt>
      <trkpt lat="30.680715" lon="-98.325149"></trkpt>
      <trkpt lat="30.680702" lon="-98.325111"></trkpt>
      <trkpt lat="30.680555" lon="-98.324673"></trkpt>
      <trkpt lat="30.680338" lon="-98.323988"></trkpt>
      <trkpt lat="30.680296" lon="-98.323823"></trkpt>
      <trkpt lat="30.680212" lon="-98.323488"></trkpt>
      <trkpt lat="30.680085" lon="-98.322915"></trkpt>
      <trkpt lat="30.679997" lon="-98.322520"></trkpt>
      <trkpt lat="30.679898" lon="-98.322071"></trkpt>
      <trkpt lat="30.679839" lon="-98.321807"></trkpt>
      <trkpt lat="30.679646" lon="-98.320518"></trkpt>
      <trkpt lat="30.679642" lon="-98.320484"></trkpt>
      <trkpt lat="30.679609" lon="-98.320219"></trkpt>
      <trkpt lat="30.679580" lon="-98.319987"></trkpt>
      <trkpt lat="30.679562" lon="-98.319703"></trkpt>
      <trkpt lat="30.679552" lon="-98.319504"></trkpt>
      <trkpt lat="30.679529" lon="-98.319040"></trkpt>
      <trkpt lat="30.679517" lon="-98.318445"></trkpt>
      <trkpt lat="30.679513" lon="-98.317823"></trkpt>
      <trkpt lat="30.679514" lon="-98.317782"></trkpt>
      <trkpt lat="30.679530" lon="-98.316802"></trkpt>
      <trkpt lat="30.679528" lon="-98.316669"></trkpt>
      <trkpt lat="30.679560" lon="-98.316429"></trkpt>
      <trkpt lat="30.679613" lon="-98.316148"></trkpt>
      <trkpt lat="30.679678" lon="-98.315912"></trkpt>
      <trkpt lat="30.679760" lon="-98.315664"></trkpt>
      <trkpt lat="30.679813" lon="-98.315541"></trkpt>
      <trkpt lat="30.679900" lon="-98.315339"></trkpt>
      <trkpt lat="30.680031" lon="-98.315080"></trkpt>
      <trkpt lat="30.680240" lon="-98.314728"></trkpt>
      <trkpt lat="30.680310" lon="-98.314626"></trkpt>
      <trkpt lat="30.680604" lon="-98.314288"></trkpt>
      <trkpt lat="30.681434" lon="-98.313384"></trkpt>
      <trkpt lat="30.681529" lon="-98.313265"></trkpt>
      <trkpt lat="30.681606" lon="-98.313115"></trkpt>
      <trkpt lat="30.681646" lon="-98.313013"></trkpt>
      <trkpt lat="30.681667" lon="-98.312961"></trkpt>
      <trkpt lat="30.681714" lon="-98.312796"></trkpt>
      <trkpt lat="30.681741" lon="-98.312649"></trkpt>
      <trkpt lat="30.681752" lon="-98.312567"></trkpt>
      <trkpt lat="30.681749" lon="-98.312390"></trkpt>
      <trkpt lat="30.681742" lon="-98.311746"></trkpt>
      <trkpt lat="30.681767" lon="-98.311452"></trkpt>
      <trkpt lat="30.681778" lon="-98.311371"></trkpt>
      <trkpt lat="30.681804" lon="-98.311185"></trkpt>
      <trkpt lat="30.682762" lon="-98.306220"></trkpt>
      <trkpt lat="30.683162" lon="-98.304105"></trkpt>
      <trkpt lat="30.684551" lon="-98.296899"></trkpt>
      <trkpt lat="30.685646" lon="-98.291220"></trkpt>
      <trkpt lat="30.687111" lon="-98.283954"></trkpt>
      <trkpt lat="30.687224" lon="-98.283417"></trkpt>
      <trkpt lat="30.687515" lon="-98.281751"></trkpt>
      <trkpt lat="30.687657" lon="-98.280937"></trkpt>
      <trkpt lat="30.687813" lon="-98.280045"></trkpt>
      <trkpt lat="30.688096" lon="-98.278422"></trkpt>
      <trkpt lat="30.688285" lon="-98.277337"></trkpt>
      <trkpt lat="30.688453" lon="-98.276210"></trkpt>
      <trkpt lat="30.688627" lon="-98.275020"></trkpt>
      <trkpt lat="30.688729" lon="-98.274326"></trkpt>
      <trkpt lat="30.688943" lon="-98.272870"></trkpt>
      <trkpt lat="30.688956" lon="-98.272782"></trkpt>
      <trkpt lat="30.689033" lon="-98.272259"></trkpt>
      <trkpt lat="30.689320" lon="-98.270282"></trkpt>
      <trkpt lat="30.689604" lon="-98.268778"></trkpt>
      <trkpt lat="30.689979" lon="-98.266801"></trkpt>
      <trkpt lat="30.690251" lon="-98.265372"></trkpt>
      <trkpt lat="30.690659" lon="-98.263223"></trkpt>
      <trkpt lat="30.690979" lon="-98.261537"></trkpt>
      <trkpt lat="30.691035" lon="-98.261245"></trkpt>
      <trkpt lat="30.691064" lon="-98.261089"></trkpt>
      <trkpt lat="30.691173" lon="-98.260503"></trkpt>
      <trkpt lat="30.691264" lon="-98.260018"></trkpt>
      <trkpt lat="30.691287" lon="-98.259881"></trkpt>
      <trkpt lat="30.691538" lon="-98.258364"></trkpt>
      <trkpt lat="30.691550" lon="-98.258291"></trkpt>
      <trkpt lat="30.691605" lon="-98.257955"></trkpt>
      <trkpt lat="30.691665" lon="-98.257594"></trkpt>
      <trkpt lat="30.691694" lon="-98.257347"></trkpt>
      <trkpt lat="30.691710" lon="-98.257158"></trkpt>
      <trkpt lat="30.691716" lon="-98.256973"></trkpt>
      <trkpt lat="30.691701" lon="-98.256737"></trkpt>
      <trkpt lat="30.691674" lon="-98.256455"></trkpt>
      <trkpt lat="30.691590" lon="-98.256006"></trkpt>
      <trkpt lat="30.691584" lon="-98.255978"></trkpt>
      <trkpt lat="30.691420" lon="-98.255018"></trkpt>
      <trkpt lat="30.691155" lon="-98.255062"></trkpt>
      <trkpt lat="30.691420" lon="-98.255018"></trkpt>
      <trkpt lat="30.691704" lon="-98.254964"></trkpt>
      <trkpt lat="30.692883" lon="-98.254671"></trkpt>
      <trkpt lat="30.693511" lon="-98.254472"></trkpt>
      <trkpt lat="30.694228" lon="-98.254208"></trkpt>
      <trkpt lat="30.695510" lon="-98.253677"></trkpt>
      <trkpt lat="30.696269" lon="-98.253363"></trkpt>
      <trkpt lat="30.697685" lon="-98.252779"></trkpt>
      <trkpt lat="30.698138" lon="-98.252599"></trkpt>
      <trkpt lat="30.699321" lon="-98.252121"></trkpt>
      <trkpt lat="30.700862" lon="-98.251495"></trkpt>
      <trkpt lat="30.711243" lon="-98.247153"></trkpt>
      <trkpt lat="30.719215" lon="-98.243821"></trkpt>
      <trkpt lat="30.719313" lon="-98.243780"></trkpt>
      <trkpt lat="30.719940" lon="-98.243522"></trkpt>
      <trkpt lat="30.720604" lon="-98.243248"></trkpt>
      <trkpt lat="30.724670" lon="-98.241534"></trkpt>
      <trkpt lat="30.727675" lon="-98.240278"></trkpt>
      <trkpt lat="30.728370" lon="-98.239995"></trkpt>
      <trkpt lat="30.731282" lon="-98.238773"></trkpt>
      <trkpt lat="30.731803" lon="-98.238564"></trkpt>
      <trkpt lat="30.731859" lon="-98.238542"></trkpt>
      <trkpt lat="30.732389" lon="-98.238308"></trkpt>
      <trkpt lat="30.732544" lon="-98.238245"></trkpt>
      <trkpt lat="30.733086" lon="-98.238018"></trkpt>
      <trkpt lat="30.733347" lon="-98.237914"></trkpt>
      <trkpt lat="30.734989" lon="-98.237225"></trkpt>
      <trkpt lat="30.735221" lon="-98.237135"></trkpt>
      <trkpt lat="30.735839" lon="-98.236876"></trkpt>
      <trkpt lat="30.736040" lon="-98.236792"></trkpt>
      <trkpt lat="30.736349" lon="-98.236659"></trkpt>
      <trkpt lat="30.736417" lon="-98.236633"></trkpt>
      <trkpt lat="30.736629" lon="-98.236546"></trkpt>
      <trkpt lat="30.736919" lon="-98.236422"></trkpt>
      <trkpt lat="30.737684" lon="-98.236101"></trkpt>
      <trkpt lat="30.738075" lon="-98.235927"></trkpt>
      <trkpt lat="30.738346" lon="-98.235807"></trkpt>
      <trkpt lat="30.738963" lon="-98.235513"></trkpt>
      <trkpt lat="30.739398" lon="-98.235300"></trkpt>
      <trkpt lat="30.740126" lon="-98.234918"></trkpt>
      <trkpt lat="30.740596" lon="-98.234642"></trkpt>
      <trkpt lat="30.740695" lon="-98.234584"></trkpt>
      <trkpt lat="30.740893" lon="-98.234468"></trkpt>
      <trkpt lat="30.741575" lon="-98.234067"></trkpt>
      <trkpt lat="30.741807" lon="-98.233931"></trkpt>
      <trkpt lat="30.742486" lon="-98.233489"></trkpt>
      <trkpt lat="30.742678" lon="-98.233359"></trkpt>
      <trkpt lat="30.742908" lon="-98.233193"></trkpt>
      <trkpt lat="30.743471" lon="-98.232791"></trkpt>
      <trkpt lat="30.743912" lon="-98.232475"></trkpt>
      <trkpt lat="30.744077" lon="-98.232350"></trkpt>
      <trkpt lat="30.744303" lon="-98.232186"></trkpt>
      <trkpt lat="30.744479" lon="-98.232065"></trkpt>
      <trkpt lat="30.744836" lon="-98.231812"></trkpt>
      <trkpt lat="30.744902" lon="-98.231763"></trkpt>
      <trkpt lat="30.745479" lon="-98.231343"></trkpt>
      <trkpt lat="30.746236" lon="-98.230791"></trkpt>
      <trkpt lat="30.746914" lon="-98.230297"></trkpt>
      <trkpt lat="30.747257" lon="-98.230050"></trkpt>
      <trkpt lat="30.747462" lon="-98.229904"></trkpt>
      <trkpt lat="30.748088" lon="-98.229508"></trkpt>
      <trkpt lat="30.748185" lon="-98.229453"></trkpt>
      <trkpt lat="30.748513" lon="-98.229285"></trkpt>
      <trkpt lat="30.748783" lon="-98.229152"></trkpt>
      <trkpt lat="30.749148" lon="-98.228969"></trkpt>
      <trkpt lat="30.749616" lon="-98.228731"></trkpt>
      <trkpt lat="30.749835" lon="-98.228628"></trkpt>
      <trkpt lat="30.750340" lon="-98.228381"></trkpt>
      <trkpt lat="30.750818" lon="-98.228149"></trkpt>
      <trkpt lat="30.751117" lon="-98.228005"></trkpt>
      <trkpt lat="30.751616" lon="-98.227775"></trkpt>
      <trkpt lat="30.751688" lon="-98.227732"></trkpt>
      <trkpt lat="30.751885" lon="-98.227654"></trkpt>
      <trkpt lat="30.752155" lon="-98.227578"></trkpt>
      <trkpt lat="30.752546" lon="-98.227494"></trkpt>
      <trkpt lat="30.752835" lon="-98.227490"></trkpt>
      <trkpt lat="30.753082" lon="-98.227505"></trkpt>
      <trkpt lat="30.753133" lon="-98.227510"></trkpt>
      <trkpt lat="30.753223" lon="-98.227519"></trkpt>
      <trkpt lat="30.753296" lon="-98.227540"></trkpt>
      <trkpt lat="30.753487" lon="-98.227579"></trkpt>
      <trkpt lat="30.753831" lon="-98.227669"></trkpt>
      <trkpt lat="30.753971" lon="-98.227704"></trkpt>
      <trkpt lat="30.754414" lon="-98.227812"></trkpt>
      <trkpt lat="30.754454" lon="-98.227823"></trkpt>
      <trkpt lat="30.754785" lon="-98.227914"></trkpt>
      <trkpt lat="30.755029" lon="-98.227976"></trkpt>
      <trkpt lat="30.755362" lon="-98.228062"></trkpt>
      <trkpt lat="30.755655" lon="-98.228130"></trkpt>
      <trkpt lat="30.756292" lon="-98.228291"></trkpt>
      <trkpt lat="30.757195" lon="-98.228517"></trkpt>
      <trkpt lat="30.757242" lon="-98.228277"></trkpt>
      <trkpt lat="30.757281" lon="-98.228024"></trkpt>
      <trkpt lat="30.757362" lon="-98.227557"></trkpt>
      <trkpt lat="30.757356" lon="-98.227464"></trkpt>
      <trkpt lat="30.757293" lon="-98.227430"></trkpt>
      <trkpt lat="30.756934" lon="-98.227335"></trkpt>
      <trkpt lat="30.756600" lon="-98.227246"></trkpt>
      <trkpt lat="30.756502" lon="-98.227251"></trkpt>
      <trkpt lat="30.756557" lon="-98.227184"></trkpt>
      <trkpt lat="30.756718" lon="-98.226353"></trkpt>
      <trkpt lat="30.756709" lon="-98.226245"></trkpt>
      <trkpt lat="30.756697" lon="-98.226091"></trkpt>
      <trkpt lat="30.756796" lon="-98.225611"></trkpt>
      <trkpt lat="30.756856" lon="-98.225290"></trkpt>
      <trkpt lat="30.756887" lon="-98.225126"></trkpt>
      <trkpt lat="30.757370" lon="-98.225248"></trkpt>
      <trkpt lat="30.757527" lon="-98.225287"></trkpt>
      <trkpt lat="30.757670" lon="-98.225323"></trkpt>
      <trkpt lat="30.757801" lon="-98.225356"></trkpt>
      <trkpt lat="30.758795" lon="-98.225609"></trkpt>
      <trkpt lat="30.758873" lon="-98.225169"></trkpt>
      <trkpt lat="30.758989" lon="-98.224514"></trkpt>
      <trkpt lat="30.759015" lon="-98.224368"></trkpt>
      <trkpt lat="30.759063" lon="-98.224100"></trkpt>
      <trkpt lat="30.759081" lon="-98.224000"></trkpt>
      <trkpt lat="30.759158" lon="-98.223439"></trkpt>
      <trkpt lat="30.759208" lon="-98.223149"></trkpt>
      <trkpt lat="30.759344" lon="-98.222390"></trkpt>
      <trkpt lat="30.759426" lon="-98.221963"></trkpt>
      <trkpt lat="30.759489" lon="-98.221594"></trkpt>
      <trkpt lat="30.759551" lon="-98.221243"></trkpt>
      <trkpt lat="30.759630" lon="-98.220861"></trkpt>
      <trkpt lat="30.759695" lon="-98.220522"></trkpt>
      <trkpt lat="30.759825" lon="-98.219895"></trkpt>
      <trkpt lat="30.759911" lon="-98.219219"></trkpt>
      <trkpt lat="30.759931" lon="-98.218938"></trkpt>
      <trkpt lat="30.759942" lon="-98.218723"></trkpt>
      <trkpt lat="30.759946" lon="-98.218635"></trkpt>
      <trkpt lat="30.759952" lon="-98.218382"></trkpt>
      <trkpt lat="30.759948" lon="-98.218108"></trkpt>
      <trkpt lat="30.759928" lon="-98.217719"></trkpt>
      <trkpt lat="30.759920" lon="-98.217576"></trkpt>
      <trkpt lat="30.759911" lon="-98.217483"></trkpt>
      <trkpt lat="30.759883" lon="-98.217167"></trkpt>
      <trkpt lat="30.759866" lon="-98.217052"></trkpt>
      <trkpt lat="30.759807" lon="-98.216651"></trkpt>
      <trkpt lat="30.759793" lon="-98.216553"></trkpt>
      <trkpt lat="30.759721" lon="-98.216195"></trkpt>
      <trkpt lat="30.759638" lon="-98.215819"></trkpt>
      <trkpt lat="30.759576" lon="-98.215589"></trkpt>
      <trkpt lat="30.759556" lon="-98.215517"></trkpt>
      <trkpt lat="30.759440" lon="-98.215120"></trkpt>
      <trkpt lat="30.759267" lon="-98.214636"></trkpt>
      <trkpt lat="30.759242" lon="-98.214579"></trkpt>
      <trkpt lat="30.759195" lon="-98.214471"></trkpt>
      <trkpt lat="30.759106" lon="-98.214248"></trkpt>
      <trkpt lat="30.759024" lon="-98.214072"></trkpt>
      <trkpt lat="30.758832" lon="-98.213641"></trkpt>
      <trkpt lat="30.758741" lon="-98.213437"></trkpt>
      <trkpt lat="30.758683" lon="-98.213286"></trkpt>
      <trkpt lat="30.758544" lon="-98.212997"></trkpt>
      <trkpt lat="30.758460" lon="-98.212822"></trkpt>
      <trkpt lat="30.758322" lon="-98.212536"></trkpt>
      <trkpt lat="30.758150" lon="-98.212158"></trkpt>
      <trkpt lat="30.758029" lon="-98.211895"></trkpt>
      <trkpt lat="30.757917" lon="-98.211652"></trkpt>
      <trkpt lat="30.757692" lon="-98.211168"></trkpt>
      <trkpt lat="30.757432" lon="-98.210608"></trkpt>
      <trkpt lat="30.757340" lon="-98.210414"></trkpt>
      <trkpt lat="30.757207" lon="-98.210117"></trkpt>
      <trkpt lat="30.757165" lon="-98.210029"></trkpt>
      <trkpt lat="30.757073" lon="-98.209829"></trkpt>
      <trkpt lat="30.756846" lon="-98.209340"></trkpt>
      <trkpt lat="30.756672" lon="-98.208963"></trkpt>
      <trkpt lat="30.756600" lon="-98.208800"></trkpt>
      <trkpt lat="30.756570" lon="-98.208737"></trkpt>
      <trkpt lat="30.756508" lon="-98.208610"></trkpt>
      <trkpt lat="30.756459" lon="-98.208505"></trkpt>
      <trkpt lat="30.756154" lon="-98.207846"></trkpt>
      <trkpt lat="30.755705" lon="-98.206876"></trkpt>
      <trkpt lat="30.755662" lon="-98.206783"></trkpt>
      <trkpt lat="30.755532" lon="-98.206513"></trkpt>
      <trkpt lat="30.755490" lon="-98.206423"></trkpt>
      <trkpt lat="30.755026" lon="-98.205404"></trkpt>
      <trkpt lat="30.754435" lon="-98.204125"></trkpt>
      <trkpt lat="30.754336" lon="-98.203910"></trkpt>
      <trkpt lat="30.753861" lon="-98.202845"></trkpt>
      <trkpt lat="30.753346" lon="-98.201671"></trkpt>
      <trkpt lat="30.753273" lon="-98.201463"></trkpt>
      <trkpt lat="30.753086" lon="-98.200930"></trkpt>
      <trkpt lat="30.753028" lon="-98.200731"></trkpt>
      <trkpt lat="30.753018" lon="-98.200699"></trkpt>
      <trkpt lat="30.752973" lon="-98.200559"></trkpt>
      <trkpt lat="30.752806" lon="-98.199932"></trkpt>
      <trkpt lat="30.752708" lon="-98.199500"></trkpt>
      <trkpt lat="30.752685" lon="-98.199377"></trkpt>
      <trkpt lat="30.752608" lon="-98.198963"></trkpt>
      <trkpt lat="30.752593" lon="-98.198839"></trkpt>
      <trkpt lat="30.752522" lon="-98.198433"></trkpt>
      <trkpt lat="30.752469" lon="-98.197867"></trkpt>
      <trkpt lat="30.752428" lon="-98.197349"></trkpt>
      <trkpt lat="30.752400" lon="-98.197025"></trkpt>
      <trkpt lat="30.752356" lon="-98.196517"></trkpt>
      <trkpt lat="30.752266" lon="-98.195576"></trkpt>
      <trkpt lat="30.752263" lon="-98.195538"></trkpt>
      <trkpt lat="30.752217" lon="-98.194961"></trkpt>
      <trkpt lat="30.752175" lon="-98.194529"></trkpt>
      <trkpt lat="30.752095" lon="-98.193708"></trkpt>
      <trkpt lat="30.751959" lon="-98.192310"></trkpt>
      <trkpt lat="30.751895" lon="-98.191587"></trkpt>
      <trkpt lat="30.751765" lon="-98.190255"></trkpt>
      <trkpt lat="30.751571" lon="-98.188080"></trkpt>
      <trkpt lat="30.751546" lon="-98.187806"></trkpt>
      <trkpt lat="30.751532" lon="-98.187640"></trkpt>
      <trkpt lat="30.751466" lon="-98.186950"></trkpt>
      <trkpt lat="30.751422" lon="-98.186493"></trkpt>
      <trkpt lat="30.751361" lon="-98.185784"></trkpt>
      <trkpt lat="30.751337" lon="-98.185531"></trkpt>
      <trkpt lat="30.751329" lon="-98.185448"></trkpt>
      <trkpt lat="30.751314" lon="-98.185297"></trkpt>
      <trkpt lat="30.751293" lon="-98.185083"></trkpt>
      <trkpt lat="30.751287" lon="-98.185016"></trkpt>
      <trkpt lat="30.751279" lon="-98.184926"></trkpt>
      <trkpt lat="30.751250" lon="-98.184614"></trkpt>
      <trkpt lat="30.751226" lon="-98.184352"></trkpt>
      <trkpt lat="30.751203" lon="-98.184091"></trkpt>
      <trkpt lat="30.751200" lon="-98.184059"></trkpt>
      <trkpt lat="30.751170" lon="-98.183725"></trkpt>
      <trkpt lat="30.751112" lon="-98.183088"></trkpt>
      <trkpt lat="30.751071" lon="-98.182660"></trkpt>
      <trkpt lat="30.751032" lon="-98.182257"></trkpt>
      <trkpt lat="30.751004" lon="-98.182016"></trkpt>
      <trkpt lat="30.750995" lon="-98.181938"></trkpt>
      <trkpt lat="30.750969" lon="-98.181618"></trkpt>
      <trkpt lat="30.750965" lon="-98.181564"></trkpt>
      <trkpt lat="30.750938" lon="-98.181248"></trkpt>
      <trkpt lat="30.750901" lon="-98.180954"></trkpt>
      <trkpt lat="30.750873" lon="-98.180624"></trkpt>
      <trkpt lat="30.750818" lon="-98.179983"></trkpt>
      <trkpt lat="30.750550" lon="-98.177108"></trkpt>
      <trkpt lat="30.750265" lon="-98.174061"></trkpt>
      <trkpt lat="30.750251" lon="-98.173878"></trkpt>
      <trkpt lat="30.750223" lon="-98.173577"></trkpt>
      <trkpt lat="30.750139" lon="-98.172676"></trkpt>
      <trkpt lat="30.750071" lon="-98.171951"></trkpt>
      <trkpt lat="30.749980" lon="-98.170966"></trkpt>
      <trkpt lat="30.749945" lon="-98.170587"></trkpt>
      <trkpt lat="30.749921" lon="-98.170274"></trkpt>
      <trkpt lat="30.749884" lon="-98.169922"></trkpt>
      <trkpt lat="30.749758" lon="-98.168557"></trkpt>
      <trkpt lat="30.749713" lon="-98.168071"></trkpt>
      <trkpt lat="30.749690" lon="-98.167816"></trkpt>
      <trkpt lat="30.749679" lon="-98.167703"></trkpt>
      <trkpt lat="30.749538" lon="-98.166169"></trkpt>
      <trkpt lat="30.749499" lon="-98.165748"></trkpt>
      <trkpt lat="30.749456" lon="-98.165029"></trkpt>
      <trkpt lat="30.749454" lon="-98.165005"></trkpt>
      <trkpt lat="30.749433" lon="-98.164675"></trkpt>
      <trkpt lat="30.749429" lon="-98.164455"></trkpt>
      <trkpt lat="30.749411" lon="-98.163505"></trkpt>
      <trkpt lat="30.749411" lon="-98.162499"></trkpt>
      <trkpt lat="30.749411" lon="-98.160871"></trkpt>
      <trkpt lat="30.749415" lon="-98.159617"></trkpt>
      <trkpt lat="30.749414" lon="-98.159142"></trkpt>
      <trkpt lat="30.749412" lon="-98.158666"></trkpt>
      <trkpt lat="30.749417" lon="-98.157640"></trkpt>
      <trkpt lat="30.749419" lon="-98.155328"></trkpt>
      <trkpt lat="30.749414" lon="-98.151883"></trkpt>
      <trkpt lat="30.749429" lon="-98.148420"></trkpt>
      <trkpt lat="30.749430" lon="-98.147797"></trkpt>
      <trkpt lat="30.749432" lon="-98.147172"></trkpt>
      <trkpt lat="30.749431" lon="-98.146768"></trkpt>
      <trkpt lat="30.749431" lon="-98.146606"></trkpt>
      <trkpt lat="30.749431" lon="-98.146465"></trkpt>
      <trkpt lat="30.749450" lon="-98.146096"></trkpt>
      <trkpt lat="30.749485" lon="-98.145728"></trkpt>
      <trkpt lat="30.749539" lon="-98.145364"></trkpt>
      <trkpt lat="30.749584" lon="-98.145123"></trkpt>
      <trkpt lat="30.749674" lon="-98.144756"></trkpt>
      <trkpt lat="30.749745" lon="-98.144524"></trkpt>
      <trkpt lat="30.749920" lon="-98.144041"></trkpt>
      <trkpt lat="30.750156" lon="-98.143391"></trkpt>
      <trkpt lat="30.750291" lon="-98.143019"></trkpt>
      <trkpt lat="30.750304" lon="-98.142983"></trkpt>
      <trkpt lat="30.750525" lon="-98.142220"></trkpt>
      <trkpt lat="30.750930" lon="-98.141052"></trkpt>
      <trkpt lat="30.751532" lon="-98.139313"></trkpt>
      <trkpt lat="30.751697" lon="-98.138820"></trkpt>
      <trkpt lat="30.751846" lon="-98.138416"></trkpt>
      <trkpt lat="30.751990" lon="-98.137965"></trkpt>
      <trkpt lat="30.752086" lon="-98.137611"></trkpt>
      <trkpt lat="30.752099" lon="-98.137563"></trkpt>
      <trkpt lat="30.752117" lon="-98.137484"></trkpt>
      <trkpt lat="30.752193" lon="-98.137156"></trkpt>
      <trkpt lat="30.752232" lon="-98.136970"></trkpt>
      <trkpt lat="30.752283" lon="-98.136588"></trkpt>
      <trkpt lat="30.752307" lon="-98.136259"></trkpt>
      <trkpt lat="30.752325" lon="-98.135846"></trkpt>
      <trkpt lat="30.752324" lon="-98.135798"></trkpt>
      <trkpt lat="30.752322" lon="-98.135687"></trkpt>
      <trkpt lat="30.752312" lon="-98.135380"></trkpt>
      <trkpt lat="30.752286" lon="-98.135014"></trkpt>
      <trkpt lat="30.752232" lon="-98.134594"></trkpt>
      <trkpt lat="30.752121" lon="-98.133960"></trkpt>
      <trkpt lat="30.751930" lon="-98.132864"></trkpt>
      <trkpt lat="30.751809" lon="-98.132202"></trkpt>
      <trkpt lat="30.751683" lon="-98.131476"></trkpt>
      <trkpt lat="30.751556" lon="-98.130741"></trkpt>
      <trkpt lat="30.751545" lon="-98.130693"></trkpt>
      <trkpt lat="30.751422" lon="-98.129977"></trkpt>
      <trkpt lat="30.751387" lon="-98.129773"></trkpt>
      <trkpt lat="30.751345" lon="-98.129527"></trkpt>
      <trkpt lat="30.751312" lon="-98.129345"></trkpt>
      <trkpt lat="30.751093" lon="-98.128073"></trkpt>
      <trkpt lat="30.751011" lon="-98.127599"></trkpt>
      <trkpt lat="30.750901" lon="-98.126966"></trkpt>
      <trkpt lat="30.750882" lon="-98.126854"></trkpt>
      <trkpt lat="30.750828" lon="-98.126530"></trkpt>
      <trkpt lat="30.750769" lon="-98.126184"></trkpt>
      <trkpt lat="30.750765" lon="-98.126158"></trkpt>
      <trkpt lat="30.750571" lon="-98.125045"></trkpt>
      <trkpt lat="30.750531" lon="-98.124817"></trkpt>
      <trkpt lat="30.750496" lon="-98.124619"></trkpt>
      <trkpt lat="30.750234" lon="-98.123117"></trkpt>
      <trkpt lat="30.749817" lon="-98.120864"></trkpt>
      <trkpt lat="30.749796" lon="-98.120741"></trkpt>
      <trkpt lat="30.749748" lon="-98.120450"></trkpt>
      <trkpt lat="30.749412" lon="-98.118551"></trkpt>
      <trkpt lat="30.749002" lon="-98.116145"></trkpt>
      <trkpt lat="30.748946" lon="-98.115831"></trkpt>
      <trkpt lat="30.748865" lon="-98.115370"></trkpt>
      <trkpt lat="30.748649" lon="-98.114141"></trkpt>
      <trkpt lat="30.748493" lon="-98.113249"></trkpt>
      <trkpt lat="30.748033" lon="-98.110589"></trkpt>
      <trkpt lat="30.747536" lon="-98.107572"></trkpt>
      <trkpt lat="30.747079" lon="-98.104970"></trkpt>
      <trkpt lat="30.746983" lon="-98.104423"></trkpt>
      <trkpt lat="30.746832" lon="-98.103563"></trkpt>
      <trkpt lat="30.746661" lon="-98.102589"></trkpt>
      <trkpt lat="30.746300" lon="-98.100533"></trkpt>
      <trkpt lat="30.746247" lon="-98.100152"></trkpt>
      <trkpt lat="30.746198" lon="-98.099746"></trkpt>
      <trkpt lat="30.746181" lon="-98.099400"></trkpt>
      <trkpt lat="30.746180" lon="-98.098985"></trkpt>
      <trkpt lat="30.746215" lon="-98.098505"></trkpt>
      <trkpt lat="30.746281" lon="-98.098035"></trkpt>
      <trkpt lat="30.746334" lon="-98.097741"></trkpt>
      <trkpt lat="30.746452" lon="-98.097224"></trkpt>
      <trkpt lat="30.747600" lon="-98.092444"></trkpt>
      <trkpt lat="30.748295" lon="-98.089499"></trkpt>
      <trkpt lat="30.748419" lon="-98.088928"></trkpt>
      <trkpt lat="30.748510" lon="-98.088466"></trkpt>
      <trkpt lat="30.748551" lon="-98.087817"></trkpt>
      <trkpt lat="30.748543" lon="-98.087365"></trkpt>
      <trkpt lat="30.748434" lon="-98.085769"></trkpt>
      <trkpt lat="30.748395" lon="-98.085179"></trkpt>
      <trkpt lat="30.748280" lon="-98.083338"></trkpt>
      <trkpt lat="30.748212" lon="-98.082248"></trkpt>
      <trkpt lat="30.748158" lon="-98.081366"></trkpt>
      <trkpt lat="30.748149" lon="-98.081223"></trkpt>
      <trkpt lat="30.748143" lon="-98.081127"></trkpt>
      <trkpt lat="30.748113" lon="-98.080594"></trkpt>
      <trkpt lat="30.748069" lon="-98.079886"></trkpt>
      <trkpt lat="30.748049" lon="-98.079569"></trkpt>
      <trkpt lat="30.747943" lon="-98.077907"></trkpt>
      <trkpt lat="30.747813" lon="-98.075723"></trkpt>
      <trkpt lat="30.747671" lon="-98.073344"></trkpt>
      <trkpt lat="30.747603" lon="-98.072199"></trkpt>
      <trkpt lat="30.747504" lon="-98.070539"></trkpt>
      <trkpt lat="30.747485" lon="-98.070227"></trkpt>
      <trkpt lat="30.747476" lon="-98.070073"></trkpt>
      <trkpt lat="30.747424" lon="-98.069205"></trkpt>
      <trkpt lat="30.747399" lon="-98.068781"></trkpt>
      <trkpt lat="30.747388" lon="-98.068605"></trkpt>
      <trkpt lat="30.747346" lon="-98.067900"></trkpt>
      <trkpt lat="30.747328" lon="-98.067595"></trkpt>
      <trkpt lat="30.747300" lon="-98.067128"></trkpt>
      <trkpt lat="30.747278" lon="-98.066749"></trkpt>
      <trkpt lat="30.747260" lon="-98.066442"></trkpt>
      <trkpt lat="30.747249" lon="-98.066267"></trkpt>
      <trkpt lat="30.747226" lon="-98.065851"></trkpt>
      <trkpt lat="30.747139" lon="-98.064372"></trkpt>
      <trkpt lat="30.747128" lon="-98.064178"></trkpt>
      <trkpt lat="30.747034" lon="-98.063057"></trkpt>
      <trkpt lat="30.746980" lon="-98.062688"></trkpt>
      <trkpt lat="30.746922" lon="-98.062352"></trkpt>
      <trkpt lat="30.746836" lon="-98.061968"></trkpt>
      <trkpt lat="30.746570" lon="-98.061082"></trkpt>
      <trkpt lat="30.746477" lon="-98.060811"></trkpt>
      <trkpt lat="30.746261" lon="-98.060267"></trkpt>
      <trkpt lat="30.745246" lon="-98.058055"></trkpt>
      <trkpt lat="30.744774" lon="-98.057028"></trkpt>
      <trkpt lat="30.744729" lon="-98.056929"></trkpt>
      <trkpt lat="30.744533" lon="-98.056504"></trkpt>
      <trkpt lat="30.744404" lon="-98.056195"></trkpt>
      <trkpt lat="30.744120" lon="-98.055590"></trkpt>
      <trkpt lat="30.744014" lon="-98.055360"></trkpt>
      <trkpt lat="30.743980" lon="-98.055282"></trkpt>
      <trkpt lat="30.743707" lon="-98.054702"></trkpt>
      <trkpt lat="30.743628" lon="-98.054567"></trkpt>
      <trkpt lat="30.743421" lon="-98.054231"></trkpt>
      <trkpt lat="30.743097" lon="-98.053838"></trkpt>
      <trkpt lat="30.742643" lon="-98.053291"></trkpt>
      <trkpt lat="30.742562" lon="-98.053192"></trkpt>
      <trkpt lat="30.742512" lon="-98.053132"></trkpt>
      <trkpt lat="30.742306" lon="-98.052883"></trkpt>
      <trkpt lat="30.742134" lon="-98.052667"></trkpt>
      <trkpt lat="30.741796" lon="-98.052241"></trkpt>
      <trkpt lat="30.741587" lon="-98.051972"></trkpt>
      <trkpt lat="30.741338" lon="-98.051616"></trkpt>
      <trkpt lat="30.741168" lon="-98.051321"></trkpt>
      <trkpt lat="30.740532" lon="-98.051712"></trkpt>
      <trkpt lat="30.740244" lon="-98.051884"></trkpt>
      <trkpt lat="30.739768" lon="-98.052168"></trkpt>
      <trkpt lat="30.739075" lon="-98.052583"></trkpt>
      <trkpt lat="30.738978" lon="-98.052641"></trkpt>
      <trkpt lat="30.738823" lon="-98.052733"></trkpt>
      <trkpt lat="30.738715" lon="-98.052786"></trkpt>
      <trkpt lat="30.738472" lon="-98.052904"></trkpt>
      <trkpt lat="30.738076" lon="-98.053074"></trkpt>
      <trkpt lat="30.738036" lon="-98.053088"></trkpt>
      <trkpt lat="30.737915" lon="-98.053129"></trkpt>
      <trkpt lat="30.737510" lon="-98.053242"></trkpt>
      <trkpt lat="30.737112" lon="-98.053307"></trkpt>
      <trkpt lat="30.737032" lon="-98.053320"></trkpt>
      <trkpt lat="30.736694" lon="-98.053325"></trkpt>
      <trkpt lat="30.736373" lon="-98.053326"></trkpt>
      <trkpt lat="30.736328" lon="-98.053323"></trkpt>
      <trkpt lat="30.736144" lon="-98.053301"></trkpt>
      <trkpt lat="30.735903" lon="-98.053241"></trkpt>
      <trkpt lat="30.735896" lon="-98.053239"></trkpt>
      <trkpt lat="30.735702" lon="-98.053177"></trkpt>
      <trkpt lat="30.735007" lon="-98.052886"></trkpt>
      <trkpt lat="30.734774" lon="-98.052788"></trkpt>
      <trkpt lat="30.734748" lon="-98.052777"></trkpt>
      <trkpt lat="30.734640" lon="-98.052732"></trkpt>
      <trkpt lat="30.734422" lon="-98.052656"></trkpt>
      <trkpt lat="30.734283" lon="-98.052600"></trkpt>
      <trkpt lat="30.733817" lon="-98.052414"></trkpt>
      <trkpt lat="30.733532" lon="-98.052301"></trkpt>
      <trkpt lat="30.733212" lon="-98.052173"></trkpt>
      <trkpt lat="30.732073" lon="-98.051718"></trkpt>
      <trkpt lat="30.731937" lon="-98.051664"></trkpt>
      <trkpt lat="30.731785" lon="-98.051603"></trkpt>
      <trkpt lat="30.730262" lon="-98.051004"></trkpt>
      <trkpt lat="30.729464" lon="-98.050659"></trkpt>
      <trkpt lat="30.729156" lon="-98.050547"></trkpt>
      <trkpt lat="30.729064" lon="-98.050513"></trkpt>
      <trkpt lat="30.728666" lon="-98.050369"></trkpt>
      <trkpt lat="30.727825" lon="-98.050027"></trkpt>
      <trkpt lat="30.727337" lon="-98.049829"></trkpt>
      <trkpt lat="30.727010" lon="-98.049696"></trkpt>
      <trkpt lat="30.726237" lon="-98.049381"></trkpt>
      <trkpt lat="30.726185" lon="-98.049361"></trkpt>
      <trkpt lat="30.725848" lon="-98.049232"></trkpt>
      <trkpt lat="30.725271" lon="-98.049012"></trkpt>
      <trkpt lat="30.724820" lon="-98.048832"></trkpt>
      <trkpt lat="30.724564" lon="-98.048731"></trkpt>
      <trkpt lat="30.724212" lon="-98.048590"></trkpt>
      <trkpt lat="30.724093" lon="-98.048543"></trkpt>
      <trkpt lat="30.723830" lon="-98.048438"></trkpt>
      <trkpt lat="30.723395" lon="-98.048262"></trkpt>
      <trkpt lat="30.722580" lon="-98.047932"></trkpt>
      <trkpt lat="30.722093" lon="-98.047735"></trkpt>
      <trkpt lat="30.721140" lon="-98.047322"></trkpt>
      <trkpt lat="30.720733" lon="-98.047188"></trkpt>
      <trkpt lat="30.720513" lon="-98.047152"></trkpt>
      <trkpt lat="30.720188" lon="-98.047113"></trkpt>
      <trkpt lat="30.719808" lon="-98.047126"></trkpt>
      <trkpt lat="30.719457" lon="-98.047182"></trkpt>
      <trkpt lat="30.719020" lon="-98.047326"></trkpt>
      <trkpt lat="30.718766" lon="-98.047437"></trkpt>
      <trkpt lat="30.718480" lon="-98.047615"></trkpt>
      <trkpt lat="30.718296" lon="-98.047743"></trkpt>
      <trkpt lat="30.718103" lon="-98.047912"></trkpt>
      <trkpt lat="30.717879" lon="-98.048122"></trkpt>
      <trkpt lat="30.717645" lon="-98.048415"></trkpt>
      <trkpt lat="30.716719" lon="-98.049612"></trkpt>
      <trkpt lat="30.716650" lon="-98.049702"></trkpt>
      <trkpt lat="30.715922" lon="-98.050625"></trkpt>
      <trkpt lat="30.715690" lon="-98.050920"></trkpt>
      <trkpt lat="30.715466" lon="-98.051203"></trkpt>
      <trkpt lat="30.715182" lon="-98.051564"></trkpt>
      <trkpt lat="30.714915" lon="-98.051903"></trkpt>
      <trkpt lat="30.713005" lon="-98.054327"></trkpt>
      <trkpt lat="30.712767" lon="-98.054659"></trkpt>
      <trkpt lat="30.712382" lon="-98.055163"></trkpt>
      <trkpt lat="30.712057" lon="-98.055548"></trkpt>
      <trkpt lat="30.712024" lon="-98.055587"></trkpt>
      <trkpt lat="30.711713" lon="-98.056030"></trkpt>
      <trkpt lat="30.711510" lon="-98.056381"></trkpt>
      <trkpt lat="30.711350" lon="-98.056677"></trkpt>
      <trkpt lat="30.711184" lon="-98.057055"></trkpt>
      <trkpt lat="30.711068" lon="-98.057344"></trkpt>
      <trkpt lat="30.710950" lon="-98.057709"></trkpt>
      <trkpt lat="30.710803" lon="-98.058256"></trkpt>
      <trkpt lat="30.710485" lon="-98.059453"></trkpt>
      <trkpt lat="30.709982" lon="-98.061387"></trkpt>
      <trkpt lat="30.709599" lon="-98.062818"></trkpt>
      <trkpt lat="30.709530" lon="-98.063075"></trkpt>
      <trkpt lat="30.709370" lon="-98.063498"></trkpt>
      <trkpt lat="30.709237" lon="-98.063759"></trkpt>
      <trkpt lat="30.708982" lon="-98.064154"></trkpt>
      <trkpt lat="30.708746" lon="-98.064453"></trkpt>
      <trkpt lat="30.708478" lon="-98.064708"></trkpt>
      <trkpt lat="30.708185" lon="-98.064944"></trkpt>
      <trkpt lat="30.707861" lon="-98.065136"></trkpt>
      <trkpt lat="30.707633" lon="-98.065215"></trkpt>
      <trkpt lat="30.707338" lon="-98.065316"></trkpt>
      <trkpt lat="30.707111" lon="-98.065365"></trkpt>
      <trkpt lat="30.706835" lon="-98.065408"></trkpt>
      <trkpt lat="30.706490" lon="-98.065368"></trkpt>
      <trkpt lat="30.706288" lon="-98.065367"></trkpt>
      <trkpt lat="30.706114" lon="-98.065342"></trkpt>
      <trkpt lat="30.705884" lon="-98.065299"></trkpt>
      <trkpt lat="30.705604" lon="-98.065217"></trkpt>
      <trkpt lat="30.704515" lon="-98.064755"></trkpt>
      <trkpt lat="30.703441" lon="-98.064338"></trkpt>
      <trkpt lat="30.703218" lon="-98.064245"></trkpt>
      <trkpt lat="30.702944" lon="-98.064127"></trkpt>
      <trkpt lat="30.700008" lon="-98.062906"></trkpt>
      <trkpt lat="30.699503" lon="-98.062698"></trkpt>
      <trkpt lat="30.697769" lon="-98.061981"></trkpt>
      <trkpt lat="30.697047" lon="-98.061683"></trkpt>
      <trkpt lat="30.695340" lon="-98.060960"></trkpt>
      <trkpt lat="30.695218" lon="-98.060908"></trkpt>
      <trkpt lat="30.694746" lon="-98.060708"></trkpt>
      <trkpt lat="30.694703" lon="-98.060690"></trkpt>
      <trkpt lat="30.694412" lon="-98.060567"></trkpt>
      <trkpt lat="30.693240" lon="-98.060111"></trkpt>
      <trkpt lat="30.692923" lon="-98.060000"></trkpt>
      <trkpt lat="30.692722" lon="-98.059938"></trkpt>
      <trkpt lat="30.692188" lon="-98.059857"></trkpt>
      <trkpt lat="30.692046" lon="-98.059837"></trkpt>
      <trkpt lat="30.691572" lon="-98.059761"></trkpt>
      <trkpt lat="30.691102" lon="-98.059684"></trkpt>
      <trkpt lat="30.689163" lon="-98.059395"></trkpt>
      <trkpt lat="30.688456" lon="-98.059278"></trkpt>
      <trkpt lat="30.686874" lon="-98.059015"></trkpt>
      <trkpt lat="30.686139" lon="-98.058968"></trkpt>
      <trkpt lat="30.685507" lon="-98.059003"></trkpt>
      <trkpt lat="30.684961" lon="-98.059119"></trkpt>
      <trkpt lat="30.684807" lon="-98.059164"></trkpt>
      <trkpt lat="30.684502" lon="-98.059271"></trkpt>
      <trkpt lat="30.683978" lon="-98.059504"></trkpt>
      <trkpt lat="30.683565" lon="-98.059752"></trkpt>
      <trkpt lat="30.682315" lon="-98.060626"></trkpt>
      <trkpt lat="30.679215" lon="-98.062809"></trkpt>
      <trkpt lat="30.677808" lon="-98.063806"></trkpt>
      <trkpt lat="30.677289" lon="-98.064174"></trkpt>
      <trkpt lat="30.676799" lon="-98.064522"></trkpt>
      <trkpt lat="30.676655" lon="-98.064624"></trkpt>
      <trkpt lat="30.675881" lon="-98.065173"></trkpt>
      <trkpt lat="30.674361" lon="-98.066250"></trkpt>
      <trkpt lat="30.674022" lon="-98.066491"></trkpt>
      <trkpt lat="30.673913" lon="-98.066565"></trkpt>
      <trkpt lat="30.673525" lon="-98.066827"></trkpt>
      <trkpt lat="30.672937" lon="-98.067330"></trkpt>
      <trkpt lat="30.672170" lon="-98.067973"></trkpt>
      <trkpt lat="30.671729" lon="-98.068421"></trkpt>
      <trkpt lat="30.665930" lon="-98.074432"></trkpt>
      <trkpt lat="30.665773" lon="-98.074567"></trkpt>
      <trkpt lat="30.665343" lon="-98.074824"></trkpt>
      <trkpt lat="30.665080" lon="-98.074943"></trkpt>
      <trkpt lat="30.664978" lon="-98.074999"></trkpt>
      <trkpt lat="30.664610" lon="-98.075090"></trkpt>
      <trkpt lat="30.664353" lon="-98.075125"></trkpt>
      <trkpt lat="30.664113" lon="-98.075145"></trkpt>
      <trkpt lat="30.663883" lon="-98.075129"></trkpt>
      <trkpt lat="30.663550" lon="-98.075109"></trkpt>
      <trkpt lat="30.663133" lon="-98.075015"></trkpt>
      <trkpt lat="30.662897" lon="-98.074910"></trkpt>
      <trkpt lat="30.659522" lon="-98.073509"></trkpt>
      <trkpt lat="30.655413" lon="-98.071827"></trkpt>
      <trkpt lat="30.655225" lon="-98.071740"></trkpt>
      <trkpt lat="30.653860" lon="-98.071142"></trkpt>
      <trkpt lat="30.652215" lon="-98.070461"></trkpt>
      <trkpt lat="30.650996" lon="-98.069937"></trkpt>
      <trkpt lat="30.650007" lon="-98.069525"></trkpt>
      <trkpt lat="30.649249" lon="-98.069223"></trkpt>
      <trkpt lat="30.649100" lon="-98.069160"></trkpt>
      <trkpt lat="30.648442" lon="-98.068884"></trkpt>
      <trkpt lat="30.647108" lon="-98.068324"></trkpt>
      <trkpt lat="30.646667" lon="-98.068222"></trkpt>
      <trkpt lat="30.646550" lon="-98.068195"></trkpt>
      <trkpt lat="30.646145" lon="-98.068136"></trkpt>
      <trkpt lat="30.645759" lon="-98.068118"></trkpt>
      <trkpt lat="30.645663" lon="-98.068114"></trkpt>
      <trkpt lat="30.645264" lon="-98.068149"></trkpt>
      <trkpt lat="30.645232" lon="-98.068152"></trkpt>
      <trkpt lat="30.645066" lon="-98.068174"></trkpt>
      <trkpt lat="30.644717" lon="-98.068219"></trkpt>
      <trkpt lat="30.643934" lon="-98.068321"></trkpt>
      <trkpt lat="30.642910" lon="-98.068463"></trkpt>
      <trkpt lat="30.642407" lon="-98.068533"></trkpt>
      <trkpt lat="30.642382" lon="-98.068536"></trkpt>
      <trkpt lat="30.640936" lon="-98.068750"></trkpt>
      <trkpt lat="30.640623" lon="-98.068799"></trkpt>
      <trkpt lat="30.639872" lon="-98.068916"></trkpt>
      <trkpt lat="30.638859" lon="-98.069055"></trkpt>
      <trkpt lat="30.638059" lon="-98.069195"></trkpt>
      <trkpt lat="30.637419" lon="-98.069423"></trkpt>
      <trkpt lat="30.636910" lon="-98.069679"></trkpt>
      <trkpt lat="30.636642" lon="-98.069847"></trkpt>
      <trkpt lat="30.636333" lon="-98.070040"></trkpt>
      <trkpt lat="30.635688" lon="-98.070500"></trkpt>
      <trkpt lat="30.635570" lon="-98.070584"></trkpt>
      <trkpt lat="30.633834" lon="-98.071823"></trkpt>
      <trkpt lat="30.633785" lon="-98.071858"></trkpt>
      <trkpt lat="30.633456" lon="-98.072068"></trkpt>
      <trkpt lat="30.633265" lon="-98.072161"></trkpt>
      <trkpt lat="30.633047" lon="-98.072278"></trkpt>
      <trkpt lat="30.632848" lon="-98.072341"></trkpt>
      <trkpt lat="30.632547" lon="-98.072436"></trkpt>
      <trkpt lat="30.632379" lon="-98.072456"></trkpt>
      <trkpt lat="30.632102" lon="-98.072489"></trkpt>
      <trkpt lat="30.632038" lon="-98.072484"></trkpt>
      <trkpt lat="30.631700" lon="-98.072458"></trkpt>
      <trkpt lat="30.630187" lon="-98.072135"></trkpt>
      <trkpt lat="30.629545" lon="-98.072046"></trkpt>
      <trkpt lat="30.629152" lon="-98.072046"></trkpt>
      <trkpt lat="30.628671" lon="-98.072082"></trkpt>
      <trkpt lat="30.628361" lon="-98.072127"></trkpt>
      <trkpt lat="30.627211" lon="-98.072393"></trkpt>
      <trkpt lat="30.626086" lon="-98.072623"></trkpt>
      <trkpt lat="30.625868" lon="-98.072667"></trkpt>
      <trkpt lat="30.624410" lon="-98.072979"></trkpt>
      <trkpt lat="30.623532" lon="-98.073228"></trkpt>
      <trkpt lat="30.623019" lon="-98.073441"></trkpt>
      <trkpt lat="30.622537" lon="-98.073734"></trkpt>
      <trkpt lat="30.622284" lon="-98.073922"></trkpt>
      <trkpt lat="30.621446" lon="-98.074499"></trkpt>
      <trkpt lat="30.621118" lon="-98.074730"></trkpt>
      <trkpt lat="30.619549" lon="-98.075874"></trkpt>
      <trkpt lat="30.618763" lon="-98.076436"></trkpt>
      <trkpt lat="30.618161" lon="-98.076866"></trkpt>
      <trkpt lat="30.617517" lon="-98.077326"></trkpt>
      <trkpt lat="30.616896" lon="-98.077769"></trkpt>
      <trkpt lat="30.615040" lon="-98.079094"></trkpt>
      <trkpt lat="30.614016" lon="-98.079818"></trkpt>
      <trkpt lat="30.613438" lon="-98.080235"></trkpt>
      <trkpt lat="30.612593" lon="-98.080845"></trkpt>
      <trkpt lat="30.612354" lon="-98.081013"></trkpt>
      <trkpt lat="30.611602" lon="-98.081540"></trkpt>
      <trkpt lat="30.610654" lon="-98.082212"></trkpt>
      <trkpt lat="30.609837" lon="-98.082801"></trkpt>
      <trkpt lat="30.609097" lon="-98.083333"></trkpt>
      <trkpt lat="30.608621" lon="-98.083624"></trkpt>
      <trkpt lat="30.608524" lon="-98.083675"></trkpt>
      <trkpt lat="30.608258" lon="-98.083815"></trkpt>
      <trkpt lat="30.607784" lon="-98.084006"></trkpt>
      <trkpt lat="30.607406" lon="-98.084137"></trkpt>
      <trkpt lat="30.607099" lon="-98.084243"></trkpt>
      <trkpt lat="30.606165" lon="-98.084566"></trkpt>
      <trkpt lat="30.604826" lon="-98.085038"></trkpt>
      <trkpt lat="30.604652" lon="-98.085107"></trkpt>
      <trkpt lat="30.604285" lon="-98.085334"></trkpt>
      <trkpt lat="30.604097" lon="-98.085492"></trkpt>
      <trkpt lat="30.603829" lon="-98.085753"></trkpt>
      <trkpt lat="30.603764" lon="-98.085816"></trkpt>
      <trkpt lat="30.603401" lon="-98.086280"></trkpt>
      <trkpt lat="30.603357" lon="-98.086353"></trkpt>
      <trkpt lat="30.603281" lon="-98.086481"></trkpt>
      <trkpt lat="30.603166" lon="-98.086694"></trkpt>
      <trkpt lat="30.603109" lon="-98.086830"></trkpt>
      <trkpt lat="30.603018" lon="-98.087049"></trkpt>
      <trkpt lat="30.602895" lon="-98.087485"></trkpt>
      <trkpt lat="30.602846" lon="-98.087660"></trkpt>
      <trkpt lat="30.602663" lon="-98.088310"></trkpt>
      <trkpt lat="30.602651" lon="-98.088350"></trkpt>
      <trkpt lat="30.602581" lon="-98.088629"></trkpt>
      <trkpt lat="30.602529" lon="-98.088957"></trkpt>
      <trkpt lat="30.602469" lon="-98.089897"></trkpt>
      <trkpt lat="30.602420" lon="-98.090289"></trkpt>
      <trkpt lat="30.602328" lon="-98.090652"></trkpt>
      <trkpt lat="30.602273" lon="-98.090803"></trkpt>
      <trkpt lat="30.602228" lon="-98.090927"></trkpt>
      <trkpt lat="30.602109" lon="-98.091220"></trkpt>
      <trkpt lat="30.601979" lon="-98.091466"></trkpt>
      <trkpt lat="30.601370" lon="-98.092482"></trkpt>
      <trkpt lat="30.601036" lon="-98.093041"></trkpt>
      <trkpt lat="30.600499" lon="-98.093970"></trkpt>
      <trkpt lat="30.600365" lon="-98.094167"></trkpt>
      <trkpt lat="30.600250" lon="-98.094374"></trkpt>
      <trkpt lat="30.600147" lon="-98.094626"></trkpt>
      <trkpt lat="30.599922" lon="-98.095256"></trkpt>
      <trkpt lat="30.599848" lon="-98.095462"></trkpt>
      <trkpt lat="30.599706" lon="-98.095886"></trkpt>
      <trkpt lat="30.599477" lon="-98.096571"></trkpt>
      <trkpt lat="30.599336" lon="-98.096963"></trkpt>
      <trkpt lat="30.599208" lon="-98.097242"></trkpt>
      <trkpt lat="30.598966" lon="-98.097677"></trkpt>
      <trkpt lat="30.598691" lon="-98.098102"></trkpt>
      <trkpt lat="30.598647" lon="-98.098170"></trkpt>
      <trkpt lat="30.598314" lon="-98.098611"></trkpt>
      <trkpt lat="30.597674" lon="-98.099314"></trkpt>
      <trkpt lat="30.597614" lon="-98.099378"></trkpt>
      <trkpt lat="30.596693" lon="-98.100357"></trkpt>
      <trkpt lat="30.596229" lon="-98.100850"></trkpt>
      <trkpt lat="30.596047" lon="-98.101121"></trkpt>
      <trkpt lat="30.595923" lon="-98.101411"></trkpt>
      <trkpt lat="30.595824" lon="-98.101762"></trkpt>
      <trkpt lat="30.595749" lon="-98.102289"></trkpt>
      <trkpt lat="30.595665" lon="-98.102879"></trkpt>
      <trkpt lat="30.595532" lon="-98.103280"></trkpt>
      <trkpt lat="30.595423" lon="-98.103519"></trkpt>
      <trkpt lat="30.595172" lon="-98.103926"></trkpt>
      <trkpt lat="30.594003" lon="-98.105340"></trkpt>
      <trkpt lat="30.593615" lon="-98.105786"></trkpt>
      <trkpt lat="30.593512" lon="-98.105907"></trkpt>
      <trkpt lat="30.593302" lon="-98.106167"></trkpt>
      <trkpt lat="30.593017" lon="-98.106548"></trkpt>
      <trkpt lat="30.591337" lon="-98.108792"></trkpt>
      <trkpt lat="30.589778" lon="-98.110889"></trkpt>
      <trkpt lat="30.589462" lon="-98.111222"></trkpt>
      <trkpt lat="30.589297" lon="-98.111373"></trkpt>
      <trkpt lat="30.589118" lon="-98.111506"></trkpt>
      <trkpt lat="30.588684" lon="-98.111795"></trkpt>
      <trkpt lat="30.588656" lon="-98.111814"></trkpt>
      <trkpt lat="30.588446" lon="-98.111922"></trkpt>
      <trkpt lat="30.588200" lon="-98.112004"></trkpt>
      <trkpt lat="30.587882" lon="-98.112073"></trkpt>
      <trkpt lat="30.587441" lon="-98.112140"></trkpt>
      <trkpt lat="30.585071" lon="-98.112534"></trkpt>
      <trkpt lat="30.584552" lon="-98.112601"></trkpt>
      <trkpt lat="30.584399" lon="-98.112643"></trkpt>
      <trkpt lat="30.584172" lon="-98.112704"></trkpt>
      <trkpt lat="30.584122" lon="-98.112722"></trkpt>
      <trkpt lat="30.584019" lon="-98.112760"></trkpt>
      <trkpt lat="30.583683" lon="-98.112913"></trkpt>
      <trkpt lat="30.583351" lon="-98.113128"></trkpt>
      <trkpt lat="30.583221" lon="-98.113228"></trkpt>
      <trkpt lat="30.582875" lon="-98.113574"></trkpt>
      <trkpt lat="30.582608" lon="-98.113891"></trkpt>
      <trkpt lat="30.582548" lon="-98.113985"></trkpt>
      <trkpt lat="30.582378" lon="-98.114254"></trkpt>
      <trkpt lat="30.582090" lon="-98.114770"></trkpt>
      <trkpt lat="30.581913" lon="-98.115111"></trkpt>
      <trkpt lat="30.581805" lon="-98.115318"></trkpt>
      <trkpt lat="30.581559" lon="-98.115766"></trkpt>
      <trkpt lat="30.581494" lon="-98.115884"></trkpt>
      <trkpt lat="30.580871" lon="-98.117017"></trkpt>
      <trkpt lat="30.580732" lon="-98.117250"></trkpt>
      <trkpt lat="30.580620" lon="-98.117414"></trkpt>
      <trkpt lat="30.580151" lon="-98.118104"></trkpt>
      <trkpt lat="30.579619" lon="-98.118928"></trkpt>
      <trkpt lat="30.579613" lon="-98.118938"></trkpt>
      <trkpt lat="30.579448" lon="-98.119194"></trkpt>
      <trkpt lat="30.579050" lon="-98.119810"></trkpt>
      <trkpt lat="30.579022" lon="-98.119857"></trkpt>
      <trkpt lat="30.578852" lon="-98.120142"></trkpt>
      <trkpt lat="30.578809" lon="-98.120225"></trkpt>
      <trkpt lat="30.578639" lon="-98.120557"></trkpt>
      <trkpt lat="30.578430" lon="-98.121017"></trkpt>
      <trkpt lat="30.578284" lon="-98.121414"></trkpt>
      <trkpt lat="30.578118" lon="-98.121864"></trkpt>
      <trkpt lat="30.578082" lon="-98.121960"></trkpt>
      <trkpt lat="30.577999" lon="-98.122185"></trkpt>
      <trkpt lat="30.577922" lon="-98.122412"></trkpt>
      <trkpt lat="30.577529" lon="-98.123577"></trkpt>
      <trkpt lat="30.577489" lon="-98.123694"></trkpt>
      <trkpt lat="30.577435" lon="-98.123855"></trkpt>
      <trkpt lat="30.576879" lon="-98.125505"></trkpt>
      <trkpt lat="30.576847" lon="-98.125599"></trkpt>
      <trkpt lat="30.576635" lon="-98.126182"></trkpt>
      <trkpt lat="30.576515" lon="-98.126443"></trkpt>
      <trkpt lat="30.576264" lon="-98.126877"></trkpt>
      <trkpt lat="30.576087" lon="-98.127081"></trkpt>
      <trkpt lat="30.574860" lon="-98.125865"></trkpt>
      <trkpt lat="30.574689" lon="-98.125696"></trkpt>
      <trkpt lat="30.574108" lon="-98.125120"></trkpt>
      <trkpt lat="30.573549" lon="-98.124521"></trkpt>
      <trkpt lat="30.573495" lon="-98.124462"></trkpt>
      <trkpt lat="30.573246" lon="-98.124192"></trkpt>
      <trkpt lat="30.571768" lon="-98.122584"></trkpt>
      <trkpt lat="30.571740" lon="-98.122556"></trkpt>
      <trkpt lat="30.571709" lon="-98.122525"></trkpt>
      <trkpt lat="30.571369" lon="-98.122181"></trkpt>
      <trkpt lat="30.570010" lon="-98.120708"></trkpt>
      <trkpt lat="30.569897" lon="-98.120585"></trkpt>
      <trkpt lat="30.569588" lon="-98.120250"></trkpt>
      <trkpt lat="30.569381" lon="-98.120026"></trkpt>
      <trkpt lat="30.569040" lon="-98.119709"></trkpt>
      <trkpt lat="30.568527" lon="-98.119252"></trkpt>
      <trkpt lat="30.568333" lon="-98.119080"></trkpt>
      <trkpt lat="30.568152" lon="-98.118963"></trkpt>
      <trkpt lat="30.567202" lon="-98.118346"></trkpt>
      <trkpt lat="30.566754" lon="-98.118048"></trkpt>
      <trkpt lat="30.566521" lon="-98.117927"></trkpt>
      <trkpt lat="30.565932" lon="-98.117590"></trkpt>
      <trkpt lat="30.565240" lon="-98.117167"></trkpt>
      <trkpt lat="30.564304" lon="-98.116585"></trkpt>
      <trkpt lat="30.564138" lon="-98.116479"></trkpt>
      <trkpt lat="30.563558" lon="-98.116117"></trkpt>
      <trkpt lat="30.562637" lon="-98.115615"></trkpt>
      <trkpt lat="30.562489" lon="-98.115534"></trkpt>
      <trkpt lat="30.561899" lon="-98.115311"></trkpt>
      <trkpt lat="30.561769" lon="-98.115262"></trkpt>
      <trkpt lat="30.561664" lon="-98.115227"></trkpt>
      <trkpt lat="30.561372" lon="-98.115141"></trkpt>
      <trkpt lat="30.561313" lon="-98.115124"></trkpt>
      <trkpt lat="30.558495" lon="-98.114403"></trkpt>
      <trkpt lat="30.557912" lon="-98.114254"></trkpt>
      <trkpt lat="30.557437" lon="-98.114129"></trkpt>
      <trkpt lat="30.557255" lon="-98.114077"></trkpt>
      <trkpt lat="30.556932" lon="-98.113983"></trkpt>
      <trkpt lat="30.556265" lon="-98.113791"></trkpt>
      <trkpt lat="30.555845" lon="-98.113688"></trkpt>
      <trkpt lat="30.555281" lon="-98.113474"></trkpt>
      <trkpt lat="30.554494" lon="-98.113149"></trkpt>
      <trkpt lat="30.552446" lon="-98.112051"></trkpt>
      <trkpt lat="30.550472" lon="-98.110994"></trkpt>
      <trkpt lat="30.548007" lon="-98.109658"></trkpt>
      <trkpt lat="30.547738" lon="-98.109581"></trkpt>
      <trkpt lat="30.547482" lon="-98.109507"></trkpt>
      <trkpt lat="30.547412" lon="-98.109487"></trkpt>
      <trkpt lat="30.546593" lon="-98.109486"></trkpt>
      <trkpt lat="30.545925" lon="-98.109677"></trkpt>
      <trkpt lat="30.545056" lon="-98.110146"></trkpt>
      <trkpt lat="30.544787" lon="-98.110290"></trkpt>
      <trkpt lat="30.543920" lon="-98.110753"></trkpt>
      <trkpt lat="30.543710" lon="-98.110875"></trkpt>
      <trkpt lat="30.543557" lon="-98.110948"></trkpt>
      <trkpt lat="30.543339" lon="-98.111068"></trkpt>
      <trkpt lat="30.543135" lon="-98.111167"></trkpt>
      <trkpt lat="30.542723" lon="-98.111389"></trkpt>
      <trkpt lat="30.542424" lon="-98.111556"></trkpt>
      <trkpt lat="30.541964" lon="-98.111706"></trkpt>
      <trkpt lat="30.541188" lon="-98.111834"></trkpt>
      <trkpt lat="30.540993" lon="-98.111835"></trkpt>
      <trkpt lat="30.540814" lon="-98.111825"></trkpt>
      <trkpt lat="30.540771" lon="-98.111821"></trkpt>
      <trkpt lat="30.540594" lon="-98.111806"></trkpt>
      <trkpt lat="30.540298" lon="-98.111757"></trkpt>
      <trkpt lat="30.539923" lon="-98.111662"></trkpt>
      <trkpt lat="30.539455" lon="-98.111497"></trkpt>
      <trkpt lat="30.538968" lon="-98.111264"></trkpt>
      <trkpt lat="30.538399" lon="-98.110991"></trkpt>
      <trkpt lat="30.537600" lon="-98.110622"></trkpt>
      <trkpt lat="30.537262" lon="-98.110476"></trkpt>
      <trkpt lat="30.535129" lon="-98.109554"></trkpt>
      <trkpt lat="30.534441" lon="-98.109256"></trkpt>
      <trkpt lat="30.533972" lon="-98.108967"></trkpt>
      <trkpt lat="30.533603" lon="-98.108638"></trkpt>
      <trkpt lat="30.533216" lon="-98.108200"></trkpt>
      <trkpt lat="30.532717" lon="-98.107194"></trkpt>
      <trkpt lat="30.532476" lon="-98.106138"></trkpt>
      <trkpt lat="30.532288" lon="-98.104992"></trkpt>
      <trkpt lat="30.532081" lon="-98.104305"></trkpt>
      <trkpt lat="30.531873" lon="-98.103754"></trkpt>
      <trkpt lat="30.531851" lon="-98.103697"></trkpt>
      <trkpt lat="30.531753" lon="-98.103565"></trkpt>
      <trkpt lat="30.531386" lon="-98.103069"></trkpt>
      <trkpt lat="30.530864" lon="-98.102601"></trkpt>
      <trkpt lat="30.530299" lon="-98.102244"></trkpt>
      <trkpt lat="30.529464" lon="-98.101814"></trkpt>
      <trkpt lat="30.528839" lon="-98.101483"></trkpt>
      <trkpt lat="30.528545" lon="-98.101262"></trkpt>
      <trkpt lat="30.528456" lon="-98.101188"></trkpt>
      <trkpt lat="30.528192" lon="-98.100967"></trkpt>
      <trkpt lat="30.527853" lon="-98.100531"></trkpt>
      <trkpt lat="30.527644" lon="-98.100151"></trkpt>
      <trkpt lat="30.527491" lon="-98.099855"></trkpt>
      <trkpt lat="30.527282" lon="-98.099226"></trkpt>
      <trkpt lat="30.527175" lon="-98.098635"></trkpt>
      <trkpt lat="30.527136" lon="-98.097903"></trkpt>
      <trkpt lat="30.527116" lon="-98.097173"></trkpt>
      <trkpt lat="30.527083" lon="-98.096002"></trkpt>
      <trkpt lat="30.526922" lon="-98.095206"></trkpt>
      <trkpt lat="30.526770" lon="-98.094452"></trkpt>
      <trkpt lat="30.526599" lon="-98.094139"></trkpt>
      <trkpt lat="30.525933" lon="-98.092603"></trkpt>
      <trkpt lat="30.525777" lon="-98.092244"></trkpt>
      <trkpt lat="30.525704" lon="-98.091941"></trkpt>
      <trkpt lat="30.525526" lon="-98.091261"></trkpt>
      <trkpt lat="30.525367" lon="-98.089528"></trkpt>
      <trkpt lat="30.525313" lon="-98.089139"></trkpt>
      <trkpt lat="30.525207" lon="-98.088646"></trkpt>
      <trkpt lat="30.524935" lon="-98.087801"></trkpt>
      <trkpt lat="30.524555" lon="-98.087919"></trkpt>
      <trkpt lat="30.524935" lon="-98.087801"></trkpt>
      <trkpt lat="30.524552" lon="-98.086535"></trkpt>
      <trkpt lat="30.524174" lon="-98.085369"></trkpt>
      <trkpt lat="30.523822" lon="-98.084355"></trkpt>
      <trkpt lat="30.523514" lon="-98.083596"></trkpt>
      <trkpt lat="30.523407" lon="-98.083352"></trkpt>
      <trkpt lat="30.522768" lon="-98.081890"></trkpt>
      <trkpt lat="30.522128" lon="-98.080429"></trkpt>
      <trkpt lat="30.521532" lon="-98.079066"></trkpt>
      <trkpt lat="30.520982" lon="-98.077807"></trkpt>
      <trkpt lat="30.520935" lon="-98.077704"></trkpt>
      <trkpt lat="30.519806" lon="-98.075237"></trkpt>
      <trkpt lat="30.519563" lon="-98.074586"></trkpt>
      <trkpt lat="30.519394" lon="-98.073930"></trkpt>
      <trkpt lat="30.519263" lon="-98.073252"></trkpt>
      <trkpt lat="30.519230" lon="-98.072665"></trkpt>
      <trkpt lat="30.519231" lon="-98.072255"></trkpt>
      <trkpt lat="30.519264" lon="-98.071445"></trkpt>
      <trkpt lat="30.519427" lon="-98.069446"></trkpt>
      <trkpt lat="30.519475" lon="-98.068857"></trkpt>
      <trkpt lat="30.519574" lon="-98.067739"></trkpt>
      <trkpt lat="30.519683" lon="-98.066968"></trkpt>
      <trkpt lat="30.520041" lon="-98.065251"></trkpt>
      <trkpt lat="30.520192" lon="-98.064580"></trkpt>
      <trkpt lat="30.520255" lon="-98.064099"></trkpt>
      <trkpt lat="30.520297" lon="-98.063779"></trkpt>
      <trkpt lat="30.520337" lon="-98.062662"></trkpt>
      <trkpt lat="30.520406" lon="-98.061604"></trkpt>
      <trkpt lat="30.520429" lon="-98.061022"></trkpt>
      <trkpt lat="30.520438" lon="-98.060925"></trkpt>
      <trkpt lat="30.520465" lon="-98.060643"></trkpt>
      <trkpt lat="30.520609" lon="-98.059959"></trkpt>
      <trkpt lat="30.520833" lon="-98.059429"></trkpt>
      <trkpt lat="30.521249" lon="-98.058729"></trkpt>
      <trkpt lat="30.522017" lon="-98.057656"></trkpt>
      <trkpt lat="30.522436" lon="-98.057071"></trkpt>
      <trkpt lat="30.522704" lon="-98.056597"></trkpt>
      <trkpt lat="30.522824" lon="-98.056385"></trkpt>
      <trkpt lat="30.522979" lon="-98.055913"></trkpt>
      <trkpt lat="30.523090" lon="-98.055227"></trkpt>
      <trkpt lat="30.523134" lon="-98.054540"></trkpt>
      <trkpt lat="30.523116" lon="-98.054389"></trkpt>
      <trkpt lat="30.523083" lon="-98.054119"></trkpt>
      <trkpt lat="30.522882" lon="-98.053253"></trkpt>
      <trkpt lat="30.521935" lon="-98.049963"></trkpt>
      <trkpt lat="30.521356" lon="-98.047954"></trkpt>
      <trkpt lat="30.521040" lon="-98.047098"></trkpt>
      <trkpt lat="30.520803" lon="-98.046561"></trkpt>
      <trkpt lat="30.520442" lon="-98.046023"></trkpt>
      <trkpt lat="30.520351" lon="-98.045897"></trkpt>
      <trkpt lat="30.520044" lon="-98.045473"></trkpt>
      <trkpt lat="30.519559" lon="-98.044989"></trkpt>
      <trkpt lat="30.517966" lon="-98.043414"></trkpt>
      <trkpt lat="30.517749" lon="-98.043249"></trkpt>
      <trkpt lat="30.517542" lon="-98.043091"></trkpt>
      <trkpt lat="30.517088" lon="-98.042824"></trkpt>
      <trkpt lat="30.516770" lon="-98.042668"></trkpt>
      <trkpt lat="30.514568" lon="-98.041714"></trkpt>
      <trkpt lat="30.513904" lon="-98.041440"></trkpt>
      <trkpt lat="30.513800" lon="-98.041397"></trkpt>
      <trkpt lat="30.512485" lon="-98.040836"></trkpt>
      <trkpt lat="30.512036" lon="-98.040598"></trkpt>
      <trkpt lat="30.511725" lon="-98.040356"></trkpt>
      <trkpt lat="30.511352" lon="-98.040031"></trkpt>
      <trkpt lat="30.511064" lon="-98.039629"></trkpt>
      <trkpt lat="30.510851" lon="-98.039248"></trkpt>
      <trkpt lat="30.510699" lon="-98.038873"></trkpt>
      <trkpt lat="30.510454" lon="-98.038029"></trkpt>
      <trkpt lat="30.510289" lon="-98.037270"></trkpt>
      <trkpt lat="30.510211" lon="-98.036909"></trkpt>
      <trkpt lat="30.510163" lon="-98.036693"></trkpt>
      <trkpt lat="30.510037" lon="-98.036320"></trkpt>
      <trkpt lat="30.509935" lon="-98.036118"></trkpt>
      <trkpt lat="30.509810" lon="-98.035913"></trkpt>
      <trkpt lat="30.509626" lon="-98.035684"></trkpt>
      <trkpt lat="30.508292" lon="-98.034556"></trkpt>
      <trkpt lat="30.508046" lon="-98.034268"></trkpt>
      <trkpt lat="30.507668" lon="-98.033618"></trkpt>
      <trkpt lat="30.507110" lon="-98.032516"></trkpt>
      <trkpt lat="30.506962" lon="-98.032257"></trkpt>
      <trkpt lat="30.506765" lon="-98.031912"></trkpt>
      <trkpt lat="30.506243" lon="-98.030997"></trkpt>
      <trkpt lat="30.506015" lon="-98.030417"></trkpt>
      <trkpt lat="30.505901" lon="-98.030005"></trkpt>
      <trkpt lat="30.505813" lon="-98.029417"></trkpt>
      <trkpt lat="30.505678" lon="-98.027948"></trkpt>
      <trkpt lat="30.505553" lon="-98.026388"></trkpt>
      <trkpt lat="30.505501" lon="-98.026096"></trkpt>
      <trkpt lat="30.505411" lon="-98.025772"></trkpt>
      <trkpt lat="30.505105" lon="-98.024907"></trkpt>
      <trkpt lat="30.505001" lon="-98.024511"></trkpt>
      <trkpt lat="30.504940" lon="-98.024117"></trkpt>
      <trkpt lat="30.504959" lon="-98.023761"></trkpt>
      <trkpt lat="30.505037" lon="-98.023275"></trkpt>
      <trkpt lat="30.505079" lon="-98.023021"></trkpt>
      <trkpt lat="30.505102" lon="-98.022857"></trkpt>
      <trkpt lat="30.505112" lon="-98.022796"></trkpt>
      <trkpt lat="30.505096" lon="-98.022430"></trkpt>
      <trkpt lat="30.505015" lon="-98.022124"></trkpt>
      <trkpt lat="30.504902" lon="-98.021817"></trkpt>
      <trkpt lat="30.504825" lon="-98.021632"></trkpt>
      <trkpt lat="30.504629" lon="-98.021166"></trkpt>
      <trkpt lat="30.504492" lon="-98.020729"></trkpt>
      <trkpt lat="30.504415" lon="-98.020327"></trkpt>
      <trkpt lat="30.504350" lon="-98.019812"></trkpt>
      <trkpt lat="30.504309" lon="-98.019636"></trkpt>
      <trkpt lat="30.504265" lon="-98.019449"></trkpt>
      <trkpt lat="30.504139" lon="-98.019108"></trkpt>
      <trkpt lat="30.504008" lon="-98.018854"></trkpt>
      <trkpt lat="30.503839" lon="-98.018616"></trkpt>
      <trkpt lat="30.503771" lon="-98.018548"></trkpt>
      <trkpt lat="30.503614" lon="-98.018392"></trkpt>
      <trkpt lat="30.503523" lon="-98.018321"></trkpt>
      <trkpt lat="30.503397" lon="-98.018222"></trkpt>
      <trkpt lat="30.502633" lon="-98.017780"></trkpt>
      <trkpt lat="30.502236" lon="-98.017444"></trkpt>
      <trkpt lat="30.502029" lon="-98.017166"></trkpt>
      <trkpt lat="30.501937" lon="-98.017006"></trkpt>
      <trkpt lat="30.501869" lon="-98.016887"></trkpt>
      <trkpt lat="30.501799" lon="-98.016698"></trkpt>
      <trkpt lat="30.501730" lon="-98.016495"></trkpt>
      <trkpt lat="30.501690" lon="-98.016279"></trkpt>
      <trkpt lat="30.501660" lon="-98.015976"></trkpt>
      <trkpt lat="30.501581" lon="-98.014999"></trkpt>
      <trkpt lat="30.501575" lon="-98.014666"></trkpt>
      <trkpt lat="30.501580" lon="-98.014508"></trkpt>
      <trkpt lat="30.501587" lon="-98.014411"></trkpt>
      <trkpt lat="30.501612" lon="-98.014229"></trkpt>
      <trkpt lat="30.501651" lon="-98.013937"></trkpt>
      <trkpt lat="30.501707" lon="-98.013643"></trkpt>
      <trkpt lat="30.501803" lon="-98.013278"></trkpt>
      <trkpt lat="30.501940" lon="-98.012882"></trkpt>
      <trkpt lat="30.502129" lon="-98.012467"></trkpt>
      <trkpt lat="30.502220" lon="-98.012286"></trkpt>
      <trkpt lat="30.502576" lon="-98.011571"></trkpt>
      <trkpt lat="30.502864" lon="-98.011052"></trkpt>
      <trkpt lat="30.503435" lon="-98.010340"></trkpt>
      <trkpt lat="30.504664" lon="-98.008925"></trkpt>
      <trkpt lat="30.505091" lon="-98.008302"></trkpt>
      <trkpt lat="30.505404" lon="-98.007717"></trkpt>
      <trkpt lat="30.505690" lon="-98.007108"></trkpt>
      <trkpt lat="30.505818" lon="-98.006648"></trkpt>
      <trkpt lat="30.505850" lon="-98.006325"></trkpt>
      <trkpt lat="30.505841" lon="-98.005910"></trkpt>
      <trkpt lat="30.505787" lon="-98.005589"></trkpt>
      <trkpt lat="30.505666" lon="-98.005240"></trkpt>
      <trkpt lat="30.505520" lon="-98.004938"></trkpt>
      <trkpt lat="30.504968" lon="-98.003822"></trkpt>
      <trkpt lat="30.504873" lon="-98.003638"></trkpt>
      <trkpt lat="30.504133" lon="-98.002217"></trkpt>
      <trkpt lat="30.504001" lon="-98.001829"></trkpt>
      <trkpt lat="30.503952" lon="-98.001472"></trkpt>
      <trkpt lat="30.503954" lon="-98.001402"></trkpt>
      <trkpt lat="30.503963" lon="-98.001098"></trkpt>
      <trkpt lat="30.504032" lon="-98.000793"></trkpt>
      <trkpt lat="30.504171" lon="-98.000466"></trkpt>
      <trkpt lat="30.504303" lon="-98.000211"></trkpt>
      <trkpt lat="30.504520" lon="-97.999966"></trkpt>
      <trkpt lat="30.504709" lon="-97.999817"></trkpt>
      <trkpt lat="30.505015" lon="-97.999650"></trkpt>
      <trkpt lat="30.506147" lon="-97.999160"></trkpt>
      <trkpt lat="30.506539" lon="-97.998938"></trkpt>
      <trkpt lat="30.506794" lon="-97.998678"></trkpt>
      <trkpt lat="30.506963" lon="-97.998427"></trkpt>
      <trkpt lat="30.507108" lon="-97.998063"></trkpt>
      <trkpt lat="30.507242" lon="-97.997470"></trkpt>
      <trkpt lat="30.507284" lon="-97.997098"></trkpt>
      <trkpt lat="30.507294" lon="-97.996735"></trkpt>
      <trkpt lat="30.507245" lon="-97.996381"></trkpt>
      <trkpt lat="30.507179" lon="-97.996083"></trkpt>
      <trkpt lat="30.507030" lon="-97.995669"></trkpt>
      <trkpt lat="30.506534" lon="-97.994777"></trkpt>
      <trkpt lat="30.506051" lon="-97.993963"></trkpt>
      <trkpt lat="30.505872" lon="-97.993602"></trkpt>
      <trkpt lat="30.505699" lon="-97.993112"></trkpt>
      <trkpt lat="30.505539" lon="-97.992343"></trkpt>
      <trkpt lat="30.505426" lon="-97.992017"></trkpt>
      <trkpt lat="30.505231" lon="-97.991679"></trkpt>
      <trkpt lat="30.505036" lon="-97.991457"></trkpt>
      <trkpt lat="30.504737" lon="-97.991234"></trkpt>
      <trkpt lat="30.504350" lon="-97.990960"></trkpt>
      <trkpt lat="30.504011" lon="-97.990621"></trkpt>
      <trkpt lat="30.503799" lon="-97.990349"></trkpt>
      <trkpt lat="30.503312" lon="-97.989564"></trkpt>
      <trkpt lat="30.503147" lon="-97.989356"></trkpt>
      <trkpt lat="30.502949" lon="-97.989140"></trkpt>
      <trkpt lat="30.502622" lon="-97.988925"></trkpt>
      <trkpt lat="30.502276" lon="-97.988768"></trkpt>
      <trkpt lat="30.502034" lon="-97.988706"></trkpt>
      <trkpt lat="30.501779" lon="-97.988691"></trkpt>
      <trkpt lat="30.501374" lon="-97.988720"></trkpt>
      <trkpt lat="30.500997" lon="-97.988758"></trkpt>
      <trkpt lat="30.500722" lon="-97.988742"></trkpt>
      <trkpt lat="30.500421" lon="-97.988630"></trkpt>
      <trkpt lat="30.500176" lon="-97.988466"></trkpt>
      <trkpt lat="30.500028" lon="-97.988310"></trkpt>
      <trkpt lat="30.499400" lon="-97.987646"></trkpt>
      <trkpt lat="30.499065" lon="-97.987368"></trkpt>
      <trkpt lat="30.498735" lon="-97.987140"></trkpt>
      <trkpt lat="30.498151" lon="-97.986748"></trkpt>
      <trkpt lat="30.497716" lon="-97.986382"></trkpt>
      <trkpt lat="30.497496" lon="-97.986102"></trkpt>
      <trkpt lat="30.497365" lon="-97.985853"></trkpt>
      <trkpt lat="30.497189" lon="-97.985441"></trkpt>
      <trkpt lat="30.497106" lon="-97.985066"></trkpt>
      <trkpt lat="30.497081" lon="-97.984738"></trkpt>
      <trkpt lat="30.497098" lon="-97.984362"></trkpt>
      <trkpt lat="30.497147" lon="-97.984016"></trkpt>
      <trkpt lat="30.497243" lon="-97.983694"></trkpt>
      <trkpt lat="30.497400" lon="-97.983360"></trkpt>
      <trkpt lat="30.497831" lon="-97.982757"></trkpt>
      <trkpt lat="30.497996" lon="-97.982420"></trkpt>
      <trkpt lat="30.498076" lon="-97.982115"></trkpt>
      <trkpt lat="30.498117" lon="-97.981743"></trkpt>
      <trkpt lat="30.498114" lon="-97.981507"></trkpt>
      <trkpt lat="30.498038" lon="-97.981186"></trkpt>
      <trkpt lat="30.497896" lon="-97.980840"></trkpt>
      <trkpt lat="30.497366" lon="-97.979924"></trkpt>
      <trkpt lat="30.497221" lon="-97.979728"></trkpt>
      <trkpt lat="30.497053" lon="-97.979573"></trkpt>
      <trkpt lat="30.496691" lon="-97.979299"></trkpt>
      <trkpt lat="30.496479" lon="-97.979194"></trkpt>
      <trkpt lat="30.496246" lon="-97.979106"></trkpt>
      <trkpt lat="30.495896" lon="-97.979011"></trkpt>
      <trkpt lat="30.495736" lon="-97.978992"></trkpt>
      <trkpt lat="30.495448" lon="-97.979002"></trkpt>
      <trkpt lat="30.495154" lon="-97.979057"></trkpt>
      <trkpt lat="30.494448" lon="-97.979304"></trkpt>
      <trkpt lat="30.493986" lon="-97.979436"></trkpt>
      <trkpt lat="30.493655" lon="-97.979500"></trkpt>
      <trkpt lat="30.493310" lon="-97.979540"></trkpt>
      <trkpt lat="30.492896" lon="-97.979559"></trkpt>
      <trkpt lat="30.492588" lon="-97.979546"></trkpt>
      <trkpt lat="30.491906" lon="-97.979507"></trkpt>
      <trkpt lat="30.491572" lon="-97.979443"></trkpt>
      <trkpt lat="30.491326" lon="-97.979368"></trkpt>
      <trkpt lat="30.491066" lon="-97.979219"></trkpt>
      <trkpt lat="30.490825" lon="-97.979029"></trkpt>
      <trkpt lat="30.490613" lon="-97.978794"></trkpt>
      <trkpt lat="30.489826" lon="-97.977565"></trkpt>
      <trkpt lat="30.489560" lon="-97.977133"></trkpt>
      <trkpt lat="30.489464" lon="-97.977001"></trkpt>
      <trkpt lat="30.489061" lon="-97.976393"></trkpt>
      <trkpt lat="30.488739" lon="-97.976024"></trkpt>
      <trkpt lat="30.488231" lon="-97.975511"></trkpt>
      <trkpt lat="30.487759" lon="-97.975074"></trkpt>
      <trkpt lat="30.487471" lon="-97.974898"></trkpt>
      <trkpt lat="30.487310" lon="-97.974836"></trkpt>
      <trkpt lat="30.487060" lon="-97.974788"></trkpt>
      <trkpt lat="30.486868" lon="-97.974775"></trkpt>
      <trkpt lat="30.486594" lon="-97.974827"></trkpt>
      <trkpt lat="30.486358" lon="-97.974917"></trkpt>
      <trkpt lat="30.486136" lon="-97.975044"></trkpt>
      <trkpt lat="30.485930" lon="-97.975237"></trkpt>
      <trkpt lat="30.485024" lon="-97.976322"></trkpt>
      <trkpt lat="30.484245" lon="-97.977318"></trkpt>
      <trkpt lat="30.484006" lon="-97.977565"></trkpt>
      <trkpt lat="30.483980" lon="-97.977591"></trkpt>
      <trkpt lat="30.483768" lon="-97.977780"></trkpt>
      <trkpt lat="30.483518" lon="-97.977905"></trkpt>
      <trkpt lat="30.483212" lon="-97.978025"></trkpt>
      <trkpt lat="30.482926" lon="-97.978076"></trkpt>
      <trkpt lat="30.482556" lon="-97.978077"></trkpt>
      <trkpt lat="30.482289" lon="-97.978024"></trkpt>
      <trkpt lat="30.481957" lon="-97.977884"></trkpt>
      <trkpt lat="30.481636" lon="-97.977672"></trkpt>
      <trkpt lat="30.481452" lon="-97.977470"></trkpt>
      <trkpt lat="30.480726" lon="-97.976499"></trkpt>
      <trkpt lat="30.480358" lon="-97.976143"></trkpt>
      <trkpt lat="30.480111" lon="-97.975952"></trkpt>
      <trkpt lat="30.480014" lon="-97.975877"></trkpt>
      <trkpt lat="30.479610" lon="-97.975655"></trkpt>
      <trkpt lat="30.479306" lon="-97.975520"></trkpt>
      <trkpt lat="30.479058" lon="-97.975429"></trkpt>
      <trkpt lat="30.478029" lon="-97.975114"></trkpt>
      <trkpt lat="30.477727" lon="-97.975014"></trkpt>
      <trkpt lat="30.477501" lon="-97.974939"></trkpt>
      <trkpt lat="30.476888" lon="-97.974815"></trkpt>
      <trkpt lat="30.476157" lon="-97.974726"></trkpt>
      <trkpt lat="30.476026" lon="-97.974710"></trkpt>
      <trkpt lat="30.475445" lon="-97.974640"></trkpt>
      <trkpt lat="30.475362" lon="-97.974630"></trkpt>
      <trkpt lat="30.475048" lon="-97.974611"></trkpt>
      <trkpt lat="30.475000" lon="-97.974605"></trkpt>
      <trkpt lat="30.474717" lon="-97.974569"></trkpt>
      <trkpt lat="30.474560" lon="-97.974549"></trkpt>
      <trkpt lat="30.474151" lon="-97.974450"></trkpt>
      <trkpt lat="30.474105" lon="-97.974757"></trkpt>
      <trkpt lat="30.474151" lon="-97.974450"></trkpt>
      <trkpt lat="30.473763" lon="-97.974289"></trkpt>
      <trkpt lat="30.473755" lon="-97.974284"></trkpt>
      <trkpt lat="30.473452" lon="-97.974068"></trkpt>
      <trkpt lat="30.473366" lon="-97.973999"></trkpt>
      <trkpt lat="30.473329" lon="-97.973966"></trkpt>
      <trkpt lat="30.473031" lon="-97.973695"></trkpt>
      <trkpt lat="30.472933" lon="-97.973561"></trkpt>
      <trkpt lat="30.472422" lon="-97.972862"></trkpt>
      <trkpt lat="30.472154" lon="-97.972522"></trkpt>
      <trkpt lat="30.472150" lon="-97.972515"></trkpt>
      <trkpt lat="30.471304" lon="-97.971318"></trkpt>
      <trkpt lat="30.471109" lon="-97.970974"></trkpt>
      <trkpt lat="30.471008" lon="-97.970620"></trkpt>
      <trkpt lat="30.470887" lon="-97.970158"></trkpt>
      <trkpt lat="30.470813" lon="-97.969557"></trkpt>
      <trkpt lat="30.470824" lon="-97.969062"></trkpt>
      <trkpt lat="30.470902" lon="-97.968554"></trkpt>
      <trkpt lat="30.471215" lon="-97.967435"></trkpt>
      <trkpt lat="30.471489" lon="-97.966483"></trkpt>
      <trkpt lat="30.471528" lon="-97.966350"></trkpt>
      <trkpt lat="30.472321" lon="-97.963543"></trkpt>
      <trkpt lat="30.472605" lon="-97.962660"></trkpt>
      <trkpt lat="30.472824" lon="-97.962147"></trkpt>
      <trkpt lat="30.473116" lon="-97.961670"></trkpt>
      <trkpt lat="30.473377" lon="-97.961350"></trkpt>
      <trkpt lat="30.473717" lon="-97.960964"></trkpt>
      <trkpt lat="30.475356" lon="-97.959321"></trkpt>
      <trkpt lat="30.475659" lon="-97.958915"></trkpt>
      <trkpt lat="30.475688" lon="-97.958865"></trkpt>
      <trkpt lat="30.475888" lon="-97.958513"></trkpt>
      <trkpt lat="30.476016" lon="-97.958283"></trkpt>
      <trkpt lat="30.476167" lon="-97.957964"></trkpt>
      <trkpt lat="30.476288" lon="-97.957674"></trkpt>
      <trkpt lat="30.476403" lon="-97.957376"></trkpt>
      <trkpt lat="30.476506" lon="-97.957048"></trkpt>
      <trkpt lat="30.476601" lon="-97.956675"></trkpt>
      <trkpt lat="30.476736" lon="-97.956087"></trkpt>
      <trkpt lat="30.476796" lon="-97.955840"></trkpt>
      <trkpt lat="30.476854" lon="-97.955570"></trkpt>
      <trkpt lat="30.476952" lon="-97.955139"></trkpt>
      <trkpt lat="30.476976" lon="-97.955033"></trkpt>
      <trkpt lat="30.477008" lon="-97.954893"></trkpt>
      <trkpt lat="30.477340" lon="-97.953436"></trkpt>
      <trkpt lat="30.477432" lon="-97.953036"></trkpt>
      <trkpt lat="30.477666" lon="-97.952006"></trkpt>
      <trkpt lat="30.477684" lon="-97.951930"></trkpt>
      <trkpt lat="30.477766" lon="-97.951591"></trkpt>
      <trkpt lat="30.478204" lon="-97.949749"></trkpt>
      <trkpt lat="30.478327" lon="-97.949230"></trkpt>
      <trkpt lat="30.478612" lon="-97.947870"></trkpt>
      <trkpt lat="30.478794" lon="-97.947004"></trkpt>
      <trkpt lat="30.479370" lon="-97.944684"></trkpt>
      <trkpt lat="30.479584" lon="-97.943751"></trkpt>
      <trkpt lat="30.480085" lon="-97.941833"></trkpt>
      <trkpt lat="30.480476" lon="-97.940339"></trkpt>
      <trkpt lat="30.480735" lon="-97.939541"></trkpt>
      <trkpt lat="30.481128" lon="-97.938471"></trkpt>
      <trkpt lat="30.481574" lon="-97.937259"></trkpt>
      <trkpt lat="30.481761" lon="-97.936749"></trkpt>
      <trkpt lat="30.481895" lon="-97.936239"></trkpt>
      <trkpt lat="30.481950" lon="-97.935757"></trkpt>
      <trkpt lat="30.481976" lon="-97.935272"></trkpt>
      <trkpt lat="30.481951" lon="-97.934870"></trkpt>
      <trkpt lat="30.481938" lon="-97.934236"></trkpt>
      <trkpt lat="30.481935" lon="-97.934063"></trkpt>
      <trkpt lat="30.481963" lon="-97.933779"></trkpt>
      <trkpt lat="30.482001" lon="-97.933563"></trkpt>
      <trkpt lat="30.482034" lon="-97.933373"></trkpt>
      <trkpt lat="30.482182" lon="-97.932944"></trkpt>
      <trkpt lat="30.482353" lon="-97.932569"></trkpt>
      <trkpt lat="30.482630" lon="-97.932163"></trkpt>
      <trkpt lat="30.482891" lon="-97.931856"></trkpt>
      <trkpt lat="30.483239" lon="-97.931570"></trkpt>
      <trkpt lat="30.483264" lon="-97.931550"></trkpt>
      <trkpt lat="30.483952" lon="-97.931017"></trkpt>
      <trkpt lat="30.484897" lon="-97.930422"></trkpt>
      <trkpt lat="30.485395" lon="-97.930127"></trkpt>
      <trkpt lat="30.485789" lon="-97.929892"></trkpt>
      <trkpt lat="30.485946" lon="-97.929799"></trkpt>
      <trkpt lat="30.486009" lon="-97.929762"></trkpt>
      <trkpt lat="30.486365" lon="-97.929575"></trkpt>
      <trkpt lat="30.486533" lon="-97.929508"></trkpt>
      <trkpt lat="30.486705" lon="-97.929453"></trkpt>
      <trkpt lat="30.487169" lon="-97.929323"></trkpt>
      <trkpt lat="30.487632" lon="-97.929191"></trkpt>
      <trkpt lat="30.487896" lon="-97.929054"></trkpt>
      <trkpt lat="30.488084" lon="-97.928943"></trkpt>
      <trkpt lat="30.488429" lon="-97.928667"></trkpt>
      <trkpt lat="30.488693" lon="-97.928379"></trkpt>
      <trkpt lat="30.488898" lon="-97.928096"></trkpt>
      <trkpt lat="30.489044" lon="-97.927832"></trkpt>
      <trkpt lat="30.489104" lon="-97.927696"></trkpt>
      <trkpt lat="30.489226" lon="-97.927364"></trkpt>
      <trkpt lat="30.489444" lon="-97.926791"></trkpt>
      <trkpt lat="30.490085" lon="-97.925068"></trkpt>
      <trkpt lat="30.490089" lon="-97.925059"></trkpt>
      <trkpt lat="30.490243" lon="-97.924748"></trkpt>
      <trkpt lat="30.490448" lon="-97.924450"></trkpt>
      <trkpt lat="30.490676" lon="-97.924221"></trkpt>
      <trkpt lat="30.490994" lon="-97.924013"></trkpt>
      <trkpt lat="30.491060" lon="-97.923966"></trkpt>
      <trkpt lat="30.491388" lon="-97.923802"></trkpt>
      <trkpt lat="30.491756" lon="-97.923701"></trkpt>
      <trkpt lat="30.491944" lon="-97.923678"></trkpt>
      <trkpt lat="30.492136" lon="-97.923688"></trkpt>
      <trkpt lat="30.492371" lon="-97.923744"></trkpt>
      <trkpt lat="30.492722" lon="-97.923846"></trkpt>
      <trkpt lat="30.493078" lon="-97.924003"></trkpt>
      <trkpt lat="30.493287" lon="-97.924095"></trkpt>
      <trkpt lat="30.493848" lon="-97.924342"></trkpt>
      <trkpt lat="30.494024" lon="-97.924425"></trkpt>
      <trkpt lat="30.494238" lon="-97.924513"></trkpt>
      <trkpt lat="30.494453" lon="-97.924573"></trkpt>
      <trkpt lat="30.494533" lon="-97.924576"></trkpt>
      <trkpt lat="30.494613" lon="-97.924579"></trkpt>
      <trkpt lat="30.494827" lon="-97.924570"></trkpt>
      <trkpt lat="30.495122" lon="-97.924504"></trkpt>
      <trkpt lat="30.495475" lon="-97.924349"></trkpt>
      <trkpt lat="30.496264" lon="-97.923982"></trkpt>
      <trkpt lat="30.496531" lon="-97.923844"></trkpt>
      <trkpt lat="30.496741" lon="-97.923752"></trkpt>
      <trkpt lat="30.497117" lon="-97.923585"></trkpt>
      <trkpt lat="30.497419" lon="-97.923438"></trkpt>
      <trkpt lat="30.498142" lon="-97.923087"></trkpt>
      <trkpt lat="30.498284" lon="-97.923018"></trkpt>
      <trkpt lat="30.498453" lon="-97.922936"></trkpt>
      <trkpt lat="30.498803" lon="-97.922723"></trkpt>
      <trkpt lat="30.499092" lon="-97.922513"></trkpt>
      <trkpt lat="30.499884" lon="-97.921989"></trkpt>
      <trkpt lat="30.500605" lon="-97.921481"></trkpt>
      <trkpt lat="30.501138" lon="-97.921119"></trkpt>
      <trkpt lat="30.501822" lon="-97.920709"></trkpt>
      <trkpt lat="30.502208" lon="-97.920459"></trkpt>
      <trkpt lat="30.502399" lon="-97.920266"></trkpt>
      <trkpt lat="30.502607" lon="-97.919994"></trkpt>
      <trkpt lat="30.502830" lon="-97.919651"></trkpt>
      <trkpt lat="30.502944" lon="-97.919382"></trkpt>
      <trkpt lat="30.503025" lon="-97.919096"></trkpt>
      <trkpt lat="30.503076" lon="-97.918799"></trkpt>
      <trkpt lat="30.503081" lon="-97.918451"></trkpt>
      <trkpt lat="30.503005" lon="-97.917215"></trkpt>
      <trkpt lat="30.503001" lon="-97.917147"></trkpt>
      <trkpt lat="30.503001" lon="-97.916746"></trkpt>
      <trkpt lat="30.503029" lon="-97.916454"></trkpt>
      <trkpt lat="30.503041" lon="-97.916403"></trkpt>
      <trkpt lat="30.503124" lon="-97.916062"></trkpt>
      <trkpt lat="30.503316" lon="-97.915566"></trkpt>
      <trkpt lat="30.503422" lon="-97.915395"></trkpt>
      <trkpt lat="30.503959" lon="-97.914742"></trkpt>
      <trkpt lat="30.504374" lon="-97.914293"></trkpt>
      <trkpt lat="30.504841" lon="-97.913921"></trkpt>
      <trkpt lat="30.505388" lon="-97.913548"></trkpt>
      <trkpt lat="30.505907" lon="-97.913223"></trkpt>
      <trkpt lat="30.506341" lon="-97.913023"></trkpt>
      <trkpt lat="30.506487" lon="-97.912956"></trkpt>
      <trkpt lat="30.507140" lon="-97.912702"></trkpt>
      <trkpt lat="30.507879" lon="-97.912450"></trkpt>
      <trkpt lat="30.508012" lon="-97.912426"></trkpt>
      <trkpt lat="30.509559" lon="-97.912148"></trkpt>
      <trkpt lat="30.509959" lon="-97.912076"></trkpt>
      <trkpt lat="30.510128" lon="-97.912036"></trkpt>
      <trkpt lat="30.510326" lon="-97.911988"></trkpt>
      <trkpt lat="30.510425" lon="-97.911956"></trkpt>
      <trkpt lat="30.511132" lon="-97.911727"></trkpt>
      <trkpt lat="30.511620" lon="-97.911487"></trkpt>
      <trkpt lat="30.511901" lon="-97.911358"></trkpt>
      <trkpt lat="30.512047" lon="-97.911291"></trkpt>
      <trkpt lat="30.513443" lon="-97.910656"></trkpt>
      <trkpt lat="30.514409" lon="-97.910248"></trkpt>
      <trkpt lat="30.515362" lon="-97.909836"></trkpt>
      <trkpt lat="30.515548" lon="-97.909714"></trkpt>
      <trkpt lat="30.515686" lon="-97.909604"></trkpt>
      <trkpt lat="30.515917" lon="-97.909369"></trkpt>
      <trkpt lat="30.516119" lon="-97.909077"></trkpt>
      <trkpt lat="30.516176" lon="-97.908973"></trkpt>
      <trkpt lat="30.516489" lon="-97.908399"></trkpt>
      <trkpt lat="30.516603" lon="-97.908189"></trkpt>
      <trkpt lat="30.517276" lon="-97.907033"></trkpt>
      <trkpt lat="30.517458" lon="-97.906728"></trkpt>
      <trkpt lat="30.517611" lon="-97.906471"></trkpt>
      <trkpt lat="30.517762" lon="-97.906217"></trkpt>
      <trkpt lat="30.517956" lon="-97.905818"></trkpt>
      <trkpt lat="30.518068" lon="-97.905538"></trkpt>
      <trkpt lat="30.518211" lon="-97.905088"></trkpt>
      <trkpt lat="30.518301" lon="-97.904794"></trkpt>
      <trkpt lat="30.518470" lon="-97.904004"></trkpt>
      <trkpt lat="30.518615" lon="-97.903424"></trkpt>
      <trkpt lat="30.518666" lon="-97.903240"></trkpt>
      <trkpt lat="30.518725" lon="-97.902988"></trkpt>
      <trkpt lat="30.518780" lon="-97.902731"></trkpt>
      <trkpt lat="30.518944" lon="-97.901964"></trkpt>
      <trkpt lat="30.519011" lon="-97.901673"></trkpt>
      <trkpt lat="30.519272" lon="-97.900602"></trkpt>
      <trkpt lat="30.519851" lon="-97.898737"></trkpt>
      <trkpt lat="30.519927" lon="-97.898363"></trkpt>
      <trkpt lat="30.519946" lon="-97.897968"></trkpt>
      <trkpt lat="30.519919" lon="-97.897640"></trkpt>
      <trkpt lat="30.519851" lon="-97.897374"></trkpt>
      <trkpt lat="30.519837" lon="-97.897308"></trkpt>
      <trkpt lat="30.519733" lon="-97.897054"></trkpt>
      <trkpt lat="30.519671" lon="-97.896910"></trkpt>
      <trkpt lat="30.519583" lon="-97.896699"></trkpt>
      <trkpt lat="30.519528" lon="-97.896602"></trkpt>
      <trkpt lat="30.519057" lon="-97.895539"></trkpt>
      <trkpt lat="30.518797" lon="-97.894950"></trkpt>
      <trkpt lat="30.518537" lon="-97.894212"></trkpt>
      <trkpt lat="30.518370" lon="-97.893535"></trkpt>
      <trkpt lat="30.518006" lon="-97.891162"></trkpt>
      <trkpt lat="30.517967" lon="-97.890964"></trkpt>
      <trkpt lat="30.517903" lon="-97.890639"></trkpt>
      <trkpt lat="30.517717" lon="-97.890124"></trkpt>
      <trkpt lat="30.517529" lon="-97.889737"></trkpt>
      <trkpt lat="30.517392" lon="-97.889495"></trkpt>
      <trkpt lat="30.517244" lon="-97.889306"></trkpt>
      <trkpt lat="30.517073" lon="-97.889112"></trkpt>
      <trkpt lat="30.516128" lon="-97.888037"></trkpt>
      <trkpt lat="30.515658" lon="-97.887713"></trkpt>
      <trkpt lat="30.515550" lon="-97.887639"></trkpt>
      <trkpt lat="30.515106" lon="-97.887386"></trkpt>
      <trkpt lat="30.514622" lon="-97.887200"></trkpt>
      <trkpt lat="30.514282" lon="-97.887069"></trkpt>
      <trkpt lat="30.514118" lon="-97.887006"></trkpt>
      <trkpt lat="30.513692" lon="-97.886792"></trkpt>
      <trkpt lat="30.513388" lon="-97.886556"></trkpt>
      <trkpt lat="30.512932" lon="-97.886161"></trkpt>
      <trkpt lat="30.512574" lon="-97.885748"></trkpt>
      <trkpt lat="30.512203" lon="-97.885120"></trkpt>
      <trkpt lat="30.511964" lon="-97.884493"></trkpt>
      <trkpt lat="30.511853" lon="-97.884139"></trkpt>
      <trkpt lat="30.511771" lon="-97.883653"></trkpt>
      <trkpt lat="30.511734" lon="-97.883318"></trkpt>
      <trkpt lat="30.511719" lon="-97.882906"></trkpt>
      <trkpt lat="30.511735" lon="-97.882710"></trkpt>
      <trkpt lat="30.511751" lon="-97.882508"></trkpt>
      <trkpt lat="30.511765" lon="-97.882423"></trkpt>
      <trkpt lat="30.511834" lon="-97.881982"></trkpt>
      <trkpt lat="30.511973" lon="-97.881500"></trkpt>
      <trkpt lat="30.512016" lon="-97.881382"></trkpt>
      <trkpt lat="30.512149" lon="-97.881017"></trkpt>
      <trkpt lat="30.512693" lon="-97.879238"></trkpt>
      <trkpt lat="30.512722" lon="-97.879144"></trkpt>
      <trkpt lat="30.513507" lon="-97.876817"></trkpt>
      <trkpt lat="30.513534" lon="-97.876754"></trkpt>
      <trkpt lat="30.513887" lon="-97.875644"></trkpt>
      <trkpt lat="30.514716" lon="-97.873124"></trkpt>
      <trkpt lat="30.515333" lon="-97.871326"></trkpt>
      <trkpt lat="30.515448" lon="-97.870900"></trkpt>
      <trkpt lat="30.515513" lon="-97.870567"></trkpt>
      <trkpt lat="30.515563" lon="-97.870192"></trkpt>
      <trkpt lat="30.515572" lon="-97.870084"></trkpt>
      <trkpt lat="30.515597" lon="-97.869754"></trkpt>
      <trkpt lat="30.515596" lon="-97.869344"></trkpt>
      <trkpt lat="30.515559" lon="-97.868958"></trkpt>
      <trkpt lat="30.515476" lon="-97.868443"></trkpt>
      <trkpt lat="30.515347" lon="-97.867938"></trkpt>
      <trkpt lat="30.515153" lon="-97.867391"></trkpt>
      <trkpt lat="30.514903" lon="-97.866887"></trkpt>
      <trkpt lat="30.514635" lon="-97.866447"></trkpt>
      <trkpt lat="30.514395" lon="-97.866082"></trkpt>
      <trkpt lat="30.514296" lon="-97.865976"></trkpt>
      <trkpt lat="30.513979" lon="-97.865648"></trkpt>
      <trkpt lat="30.513423" lon="-97.865082"></trkpt>
      <trkpt lat="30.513045" lon="-97.864709"></trkpt>
      <trkpt lat="30.512723" lon="-97.864308"></trkpt>
      <trkpt lat="30.512657" lon="-97.864226"></trkpt>
      <trkpt lat="30.512382" lon="-97.863795"></trkpt>
      <trkpt lat="30.512175" lon="-97.863309"></trkpt>
      <trkpt lat="30.512093" lon="-97.863134"></trkpt>
      <trkpt lat="30.512001" lon="-97.862907"></trkpt>
      <trkpt lat="30.511932" lon="-97.862688"></trkpt>
      <trkpt lat="30.511885" lon="-97.862538"></trkpt>
      <trkpt lat="30.511830" lon="-97.862317"></trkpt>
      <trkpt lat="30.511765" lon="-97.862011"></trkpt>
      <trkpt lat="30.511753" lon="-97.861930"></trkpt>
      <trkpt lat="30.511715" lon="-97.861681"></trkpt>
      <trkpt lat="30.511686" lon="-97.861383"></trkpt>
      <trkpt lat="30.511673" lon="-97.861043"></trkpt>
      <trkpt lat="30.511682" lon="-97.860586"></trkpt>
      <trkpt lat="30.511727" lon="-97.860165"></trkpt>
      <trkpt lat="30.511825" lon="-97.859672"></trkpt>
      <trkpt lat="30.511912" lon="-97.859343"></trkpt>
      <trkpt lat="30.511920" lon="-97.859166"></trkpt>
      <trkpt lat="30.511935" lon="-97.858970"></trkpt>
      <trkpt lat="30.512039" lon="-97.858624"></trkpt>
      <trkpt lat="30.512098" lon="-97.858410"></trkpt>
      <trkpt lat="30.512103" lon="-97.858257"></trkpt>
      <trkpt lat="30.512094" lon="-97.858167"></trkpt>
      <trkpt lat="30.512083" lon="-97.858134"></trkpt>
      <trkpt lat="30.512018" lon="-97.858063"></trkpt>
      <trkpt lat="30.511897" lon="-97.858014"></trkpt>
      <trkpt lat="30.511803" lon="-97.857985"></trkpt>
      <trkpt lat="30.511745" lon="-97.857922"></trkpt>
      <trkpt lat="30.511712" lon="-97.857913"></trkpt>
      <trkpt lat="30.511326" lon="-97.857811"></trkpt>
      <trkpt lat="30.510933" lon="-97.857695"></trkpt>
      <trkpt lat="30.509961" lon="-97.857408"></trkpt>
      <trkpt lat="30.509227" lon="-97.857184"></trkpt>
      <trkpt lat="30.508968" lon="-97.857085"></trkpt>
      <trkpt lat="30.508517" lon="-97.856970"></trkpt>
      <trkpt lat="30.507989" lon="-97.856835"></trkpt>
      <trkpt lat="30.507661" lon="-97.856789"></trkpt>
      <trkpt lat="30.507469" lon="-97.856781"></trkpt>
      <trkpt lat="30.507214" lon="-97.856777"></trkpt>
      <trkpt lat="30.506817" lon="-97.856759"></trkpt>
      <trkpt lat="30.506506" lon="-97.856744"></trkpt>
      <trkpt lat="30.506014" lon="-97.856717"></trkpt>
      <trkpt lat="30.505587" lon="-97.856709"></trkpt>
      <trkpt lat="30.505407" lon="-97.856714"></trkpt>
      <trkpt lat="30.505273" lon="-97.856732"></trkpt>
      <trkpt lat="30.505139" lon="-97.856760"></trkpt>
      <trkpt lat="30.504946" lon="-97.856815"></trkpt>
      <trkpt lat="30.504409" lon="-97.857067"></trkpt>
      <trkpt lat="30.503912" lon="-97.857298"></trkpt>
      <trkpt lat="30.503474" lon="-97.857504"></trkpt>
      <trkpt lat="30.503294" lon="-97.857513"></trkpt>
      <trkpt lat="30.502801" lon="-97.857755"></trkpt>
      <trkpt lat="30.501884" lon="-97.858206"></trkpt>
      <trkpt lat="30.501706" lon="-97.858251"></trkpt>
      <trkpt lat="30.501469" lon="-97.858300"></trkpt>
      <trkpt lat="30.501350" lon="-97.858323"></trkpt>
      <trkpt lat="30.500927" lon="-97.858328"></trkpt>
      <trkpt lat="30.500679" lon="-97.858301"></trkpt>
      <trkpt lat="30.497803" lon="-97.857211"></trkpt>
      <trkpt lat="30.497633" lon="-97.857194"></trkpt>
      <trkpt lat="30.497521" lon="-97.857155"></trkpt>
      <trkpt lat="30.497254" lon="-97.857110"></trkpt>
      <trkpt lat="30.497038" lon="-97.857111"></trkpt>
      <trkpt lat="30.496847" lon="-97.857150"></trkpt>
      <trkpt lat="30.496669" lon="-97.857209"></trkpt>
      <trkpt lat="30.496403" lon="-97.857367"></trkpt>
      <trkpt lat="30.496008" lon="-97.857642"></trkpt>
      <trkpt lat="30.495471" lon="-97.858021"></trkpt>
      <trkpt lat="30.495360" lon="-97.858096"></trkpt>
      <trkpt lat="30.493506" lon="-97.859303"></trkpt>
      <trkpt lat="30.493211" lon="-97.859556"></trkpt>
      <trkpt lat="30.492962" lon="-97.859761"></trkpt>
      <trkpt lat="30.492772" lon="-97.859887"></trkpt>
      <trkpt lat="30.492542" lon="-97.860049"></trkpt>
      <trkpt lat="30.492318" lon="-97.860182"></trkpt>
      <trkpt lat="30.492135" lon="-97.860273"></trkpt>
      <trkpt lat="30.491885" lon="-97.860379"></trkpt>
      <trkpt lat="30.491707" lon="-97.860433"></trkpt>
      <trkpt lat="30.491526" lon="-97.860478"></trkpt>
      <trkpt lat="30.491311" lon="-97.860518"></trkpt>
      <trkpt lat="30.491143" lon="-97.860540"></trkpt>
      <trkpt lat="30.491124" lon="-97.860542"></trkpt>
      <trkpt lat="30.490918" lon="-97.860548"></trkpt>
      <trkpt lat="30.490756" lon="-97.860537"></trkpt>
      <trkpt lat="30.490716" lon="-97.860534"></trkpt>
      <trkpt lat="30.490538" lon="-97.860512"></trkpt>
      <trkpt lat="30.490342" lon="-97.860467"></trkpt>
      <trkpt lat="30.490153" lon="-97.860408"></trkpt>
      <trkpt lat="30.490118" lon="-97.860543"></trkpt>
      <trkpt lat="30.490056" lon="-97.860785"></trkpt>
      <trkpt lat="30.490016" lon="-97.860960"></trkpt>
      <trkpt lat="30.489963" lon="-97.861142"></trkpt>
      <trkpt lat="30.489945" lon="-97.861181"></trkpt>
      <trkpt lat="30.489879" lon="-97.861328"></trkpt>
      <trkpt lat="30.489786" lon="-97.861505"></trkpt>
      <trkpt lat="30.489591" lon="-97.861835"></trkpt>
      <trkpt lat="30.489292" lon="-97.862320"></trkpt>
      <trkpt lat="30.489012" lon="-97.862821"></trkpt>
      <trkpt lat="30.488848" lon="-97.863119"></trkpt>
      <trkpt lat="30.488736" lon="-97.863338"></trkpt>
      <trkpt lat="30.488610" lon="-97.863535"></trkpt>
      <trkpt lat="30.488484" lon="-97.863707"></trkpt>
      <trkpt lat="30.488353" lon="-97.863873"></trkpt>
      <trkpt lat="30.488087" lon="-97.864194"></trkpt>
      <trkpt lat="30.487559" lon="-97.864835"></trkpt>
      <trkpt lat="30.486488" lon="-97.866135"></trkpt>
      <trkpt lat="30.485955" lon="-97.866798"></trkpt>
      <trkpt lat="30.485690" lon="-97.867122"></trkpt>
      <trkpt lat="30.485424" lon="-97.867459"></trkpt>
      <trkpt lat="30.484802" lon="-97.868214"></trkpt>
      <trkpt lat="30.484493" lon="-97.868585"></trkpt>
      <trkpt lat="30.484341" lon="-97.868767"></trkpt>
      <trkpt lat="30.484266" lon="-97.868863"></trkpt>
      <trkpt lat="30.484196" lon="-97.868958"></trkpt>
      <trkpt lat="30.484124" lon="-97.869064"></trkpt>
      <trkpt lat="30.484051" lon="-97.869175"></trkpt>
      <trkpt lat="30.483991" lon="-97.869283"></trkpt>
      <trkpt lat="30.483932" lon="-97.869399"></trkpt>
      <trkpt lat="30.483853" lon="-97.869578"></trkpt>
      <trkpt lat="30.483848" lon="-97.869590"></trkpt>
      <trkpt lat="30.483780" lon="-97.869757"></trkpt>
      <trkpt lat="30.483632" lon="-97.870116"></trkpt>
      <trkpt lat="30.483488" lon="-97.870477"></trkpt>
      <trkpt lat="30.483452" lon="-97.870571"></trkpt>
      <trkpt lat="30.483344" lon="-97.870847"></trkpt>
      <trkpt lat="30.483111" lon="-97.871427"></trkpt>
      <trkpt lat="30.482997" lon="-97.871708"></trkpt>
      <trkpt lat="30.482948" lon="-97.871860"></trkpt>
      <trkpt lat="30.482906" lon="-97.872013"></trkpt>
      <trkpt lat="30.482890" lon="-97.872103"></trkpt>
      <trkpt lat="30.482880" lon="-97.872192"></trkpt>
      <trkpt lat="30.482883" lon="-97.872286"></trkpt>
      <trkpt lat="30.482890" lon="-97.872373"></trkpt>
      <trkpt lat="30.482923" lon="-97.872565"></trkpt>
      <trkpt lat="30.482965" lon="-97.872757"></trkpt>
      <trkpt lat="30.483024" lon="-97.873017"></trkpt>
      <trkpt lat="30.483052" lon="-97.873145"></trkpt>
      <trkpt lat="30.483074" lon="-97.873277"></trkpt>
      <trkpt lat="30.483089" lon="-97.873384"></trkpt>
      <trkpt lat="30.483095" lon="-97.873496"></trkpt>
      <trkpt lat="30.483095" lon="-97.873713"></trkpt>
      <trkpt lat="30.483008" lon="-97.876395"></trkpt>
      <trkpt lat="30.482978" lon="-97.877069"></trkpt>
      <trkpt lat="30.482944" lon="-97.877735"></trkpt>
      <trkpt lat="30.482914" lon="-97.878405"></trkpt>
      <trkpt lat="30.482902" lon="-97.878744"></trkpt>
      <trkpt lat="30.482895" lon="-97.879079"></trkpt>
      <trkpt lat="30.482903" lon="-97.879453"></trkpt>
      <trkpt lat="30.482914" lon="-97.879640"></trkpt>
      <trkpt lat="30.482928" lon="-97.879745"></trkpt>
      <trkpt lat="30.482939" lon="-97.879824"></trkpt>
      <trkpt lat="30.483003" lon="-97.880140"></trkpt>
      <trkpt lat="30.483085" lon="-97.880453"></trkpt>
      <trkpt lat="30.483233" lon="-97.880960"></trkpt>
      <trkpt lat="30.483308" lon="-97.881220"></trkpt>
      <trkpt lat="30.483399" lon="-97.881467"></trkpt>
      <trkpt lat="30.483547" lon="-97.881827"></trkpt>
      <trkpt lat="30.483621" lon="-97.882008"></trkpt>
      <trkpt lat="30.483849" lon="-97.882552"></trkpt>
      <trkpt lat="30.483918" lon="-97.882779"></trkpt>
      <trkpt lat="30.483962" lon="-97.882950"></trkpt>
      <trkpt lat="30.483975" lon="-97.883000"></trkpt>
      <trkpt lat="30.484056" lon="-97.883477"></trkpt>
      <trkpt lat="30.484118" lon="-97.883908"></trkpt>
      <trkpt lat="30.484125" lon="-97.883959"></trkpt>
      <trkpt lat="30.484168" lon="-97.884201"></trkpt>
      <trkpt lat="30.484222" lon="-97.884439"></trkpt>
      <trkpt lat="30.484262" lon="-97.884587"></trkpt>
      <trkpt lat="30.484311" lon="-97.884735"></trkpt>
      <trkpt lat="30.484336" lon="-97.884804"></trkpt>
      <trkpt lat="30.484361" lon="-97.884874"></trkpt>
      <trkpt lat="30.484420" lon="-97.885007"></trkpt>
      <trkpt lat="30.484535" lon="-97.885226"></trkpt>
      <trkpt lat="30.484548" lon="-97.885250"></trkpt>
      <trkpt lat="30.484633" lon="-97.885374"></trkpt>
      <trkpt lat="30.484683" lon="-97.885427"></trkpt>
      <trkpt lat="30.484738" lon="-97.885485"></trkpt>
      <trkpt lat="30.484836" lon="-97.885574"></trkpt>
      <trkpt lat="30.484940" lon="-97.885648"></trkpt>
      <trkpt lat="30.485160" lon="-97.885784"></trkpt>
      <trkpt lat="30.485269" lon="-97.885854"></trkpt>
      <trkpt lat="30.485373" lon="-97.885928"></trkpt>
      <trkpt lat="30.485474" lon="-97.886012"></trkpt>
      <trkpt lat="30.485569" lon="-97.886099"></trkpt>
      <trkpt lat="30.485699" lon="-97.886242"></trkpt>
      <trkpt lat="30.485810" lon="-97.886399"></trkpt>
      <trkpt lat="30.485937" lon="-97.886623"></trkpt>
      <trkpt lat="30.486052" lon="-97.886852"></trkpt>
      <trkpt lat="30.486279" lon="-97.887319"></trkpt>
      <trkpt lat="30.486475" lon="-97.887689"></trkpt>
      <trkpt lat="30.486519" lon="-97.887771"></trkpt>
      <trkpt lat="30.486742" lon="-97.888137"></trkpt>
      <trkpt lat="30.486985" lon="-97.888492"></trkpt>
      <trkpt lat="30.487174" lon="-97.888739"></trkpt>
      <trkpt lat="30.487300" lon="-97.888988"></trkpt>
      <trkpt lat="30.487426" lon="-97.889374"></trkpt>
      <trkpt lat="30.487493" lon="-97.889914"></trkpt>
      <trkpt lat="30.487499" lon="-97.890515"></trkpt>
      <trkpt lat="30.487440" lon="-97.890876"></trkpt>
      <trkpt lat="30.487293" lon="-97.891306"></trkpt>
      <trkpt lat="30.486881" lon="-97.892187"></trkpt>
      <trkpt lat="30.486656" lon="-97.892395"></trkpt>
      <trkpt lat="30.486338" lon="-97.892550"></trkpt>
      <trkpt lat="30.485857" lon="-97.892678"></trkpt>
      <trkpt lat="30.485554" lon="-97.892756"></trkpt>
      <trkpt lat="30.485258" lon="-97.892876"></trkpt>
      <trkpt lat="30.484999" lon="-97.893125"></trkpt>
      <trkpt lat="30.484635" lon="-97.893525"></trkpt>
      <trkpt lat="30.484303" lon="-97.893745"></trkpt>
      <trkpt lat="30.483912" lon="-97.893923"></trkpt>
      <trkpt lat="30.483609" lon="-97.894019"></trkpt>
      <trkpt lat="30.483334" lon="-97.894107"></trkpt>
      <trkpt lat="30.482751" lon="-97.894309"></trkpt>
      <trkpt lat="30.482529" lon="-97.894361"></trkpt>
      <trkpt lat="30.482344" lon="-97.894352"></trkpt>
      <trkpt lat="30.482041" lon="-97.894232"></trkpt>
      <trkpt lat="30.481721" lon="-97.894053"></trkpt>
      <trkpt lat="30.481530" lon="-97.893983"></trkpt>
      <trkpt lat="30.481437" lon="-97.893988"></trkpt>
      <trkpt lat="30.481360" lon="-97.893991"></trkpt>
      <trkpt lat="30.481227" lon="-97.894077"></trkpt>
      <trkpt lat="30.481141" lon="-97.894263"></trkpt>
      <trkpt lat="30.481085" lon="-97.894585"></trkpt>
      <trkpt lat="30.481083" lon="-97.894715"></trkpt>
      <trkpt lat="30.481078" lon="-97.895160"></trkpt>
      <trkpt lat="30.481079" lon="-97.895571"></trkpt>
      <trkpt lat="30.481048" lon="-97.895778"></trkpt>
      <trkpt lat="30.481005" lon="-97.896000"></trkpt>
      <trkpt lat="30.480907" lon="-97.896190"></trkpt>
      <trkpt lat="30.480524" lon="-97.896824"></trkpt>
      <trkpt lat="30.480273" lon="-97.897202"></trkpt>
      <trkpt lat="30.480169" lon="-97.897433"></trkpt>
      <trkpt lat="30.480147" lon="-97.897674"></trkpt>
      <trkpt lat="30.480214" lon="-97.897923"></trkpt>
      <trkpt lat="30.480369" lon="-97.898240"></trkpt>
      <trkpt lat="30.480487" lon="-97.898558"></trkpt>
      <trkpt lat="30.480495" lon="-97.898875"></trkpt>
      <trkpt lat="30.480458" lon="-97.899167"></trkpt>
      <trkpt lat="30.480347" lon="-97.899442"></trkpt>
      <trkpt lat="30.480306" lon="-97.899488"></trkpt>
      <trkpt lat="30.480204" lon="-97.899595"></trkpt>
      <trkpt lat="30.480147" lon="-97.899656"></trkpt>
      <trkpt lat="30.479593" lon="-97.899981"></trkpt>
      <trkpt lat="30.479093" lon="-97.900280"></trkpt>
      <trkpt lat="30.478952" lon="-97.900412"></trkpt>
      <trkpt lat="30.478579" lon="-97.900927"></trkpt>
      <trkpt lat="30.478291" lon="-97.901304"></trkpt>
      <trkpt lat="30.478173" lon="-97.901403"></trkpt>
      <trkpt lat="30.478054" lon="-97.901467"></trkpt>
      <trkpt lat="30.477841" lon="-97.901504"></trkpt>
      <trkpt lat="30.477583" lon="-97.901477"></trkpt>
      <trkpt lat="30.477277" lon="-97.901423"></trkpt>
      <trkpt lat="30.476974" lon="-97.901350"></trkpt>
      <trkpt lat="30.476832" lon="-97.901329"></trkpt>
      <trkpt lat="30.476689" lon="-97.901347"></trkpt>
      <trkpt lat="30.476371" lon="-97.901499"></trkpt>
      <trkpt lat="30.476023" lon="-97.901664"></trkpt>
      <trkpt lat="30.475317" lon="-97.901905"></trkpt>
      <trkpt lat="30.475142" lon="-97.902006"></trkpt>
      <trkpt lat="30.474572" lon="-97.902336"></trkpt>
      <trkpt lat="30.474372" lon="-97.902353"></trkpt>
      <trkpt lat="30.474216" lon="-97.902311"></trkpt>
      <trkpt lat="30.474059" lon="-97.902250"></trkpt>
      <trkpt lat="30.473966" lon="-97.902192"></trkpt>
      <trkpt lat="30.473516" lon="-97.901910"></trkpt>
      <trkpt lat="30.473514" lon="-97.901909"></trkpt>
      <trkpt lat="30.473290" lon="-97.901723"></trkpt>
      <trkpt lat="30.473059" lon="-97.901511"></trkpt>
      <trkpt lat="30.472810" lon="-97.901134"></trkpt>
      <trkpt lat="30.472442" lon="-97.900459"></trkpt>
      <trkpt lat="30.472310" lon="-97.900143"></trkpt>
      <trkpt lat="30.472203" lon="-97.899708"></trkpt>
      <trkpt lat="30.472211" lon="-97.899525"></trkpt>
      <trkpt lat="30.472240" lon="-97.899330"></trkpt>
      <trkpt lat="30.472384" lon="-97.899047"></trkpt>
      <trkpt lat="30.472589" lon="-97.898768"></trkpt>
      <trkpt lat="30.472879" lon="-97.898470"></trkpt>
      <trkpt lat="30.473003" lon="-97.898333"></trkpt>
      <trkpt lat="30.473079" lon="-97.898174"></trkpt>
      <trkpt lat="30.473091" lon="-97.898084"></trkpt>
      <trkpt lat="30.473080" lon="-97.897987"></trkpt>
      <trkpt lat="30.473037" lon="-97.897893"></trkpt>
      <trkpt lat="30.472985" lon="-97.897813"></trkpt>
      <trkpt lat="30.472855" lon="-97.897697"></trkpt>
      <trkpt lat="30.472720" lon="-97.897632"></trkpt>
      <trkpt lat="30.472574" lon="-97.897596"></trkpt>
      <trkpt lat="30.472036" lon="-97.897510"></trkpt>
      <trkpt lat="30.471820" lon="-97.897440"></trkpt>
      <trkpt lat="30.471690" lon="-97.897350"></trkpt>
      <trkpt lat="30.471570" lon="-97.897225"></trkpt>
      <trkpt lat="30.471226" lon="-97.896796"></trkpt>
      <trkpt lat="30.471202" lon="-97.896767"></trkpt>
      <trkpt lat="30.470810" lon="-97.896292"></trkpt>
      <trkpt lat="30.470737" lon="-97.896218"></trkpt>
      <trkpt lat="30.470599" lon="-97.896152"></trkpt>
      <trkpt lat="30.470504" lon="-97.896145"></trkpt>
      <trkpt lat="30.470435" lon="-97.896182"></trkpt>
      <trkpt lat="30.470359" lon="-97.896276"></trkpt>
      <trkpt lat="30.470325" lon="-97.896390"></trkpt>
      <trkpt lat="30.470280" lon="-97.896741"></trkpt>
      <trkpt lat="30.470236" lon="-97.897067"></trkpt>
      <trkpt lat="30.470175" lon="-97.897284"></trkpt>
      <trkpt lat="30.470079" lon="-97.897500"></trkpt>
      <trkpt lat="30.469874" lon="-97.897847"></trkpt>
      <trkpt lat="30.469797" lon="-97.897927"></trkpt>
      <trkpt lat="30.469713" lon="-97.897978"></trkpt>
      <trkpt lat="30.469593" lon="-97.898010"></trkpt>
      <trkpt lat="30.469471" lon="-97.898017"></trkpt>
      <trkpt lat="30.469183" lon="-97.897972"></trkpt>
      <trkpt lat="30.468724" lon="-97.897819"></trkpt>
      <trkpt lat="30.468067" lon="-97.897598"></trkpt>
      <trkpt lat="30.467956" lon="-97.897575"></trkpt>
      <trkpt lat="30.467856" lon="-97.897573"></trkpt>
      <trkpt lat="30.467800" lon="-97.897595"></trkpt>
      <trkpt lat="30.467735" lon="-97.897639"></trkpt>
      <trkpt lat="30.467692" lon="-97.897701"></trkpt>
      <trkpt lat="30.467676" lon="-97.897765"></trkpt>
      <trkpt lat="30.467675" lon="-97.897873"></trkpt>
      <trkpt lat="30.467742" lon="-97.898081"></trkpt>
      <trkpt lat="30.467932" lon="-97.898361"></trkpt>
      <trkpt lat="30.468182" lon="-97.898637"></trkpt>
      <trkpt lat="30.468387" lon="-97.898867"></trkpt>
      <trkpt lat="30.468570" lon="-97.899038"></trkpt>
      <trkpt lat="30.468829" lon="-97.899190"></trkpt>
      <trkpt lat="30.469026" lon="-97.899318"></trkpt>
      <trkpt lat="30.469198" lon="-97.899457"></trkpt>
      <trkpt lat="30.469365" lon="-97.899643"></trkpt>
      <trkpt lat="30.469477" lon="-97.899836"></trkpt>
      <trkpt lat="30.469553" lon="-97.900021"></trkpt>
      <trkpt lat="30.469613" lon="-97.900223"></trkpt>
      <trkpt lat="30.469648" lon="-97.900472"></trkpt>
      <trkpt lat="30.469667" lon="-97.900715"></trkpt>
      <trkpt lat="30.469649" lon="-97.900957"></trkpt>
      <trkpt lat="30.469608" lon="-97.901140"></trkpt>
      <trkpt lat="30.469545" lon="-97.901302"></trkpt>
      <trkpt lat="30.469466" lon="-97.901439"></trkpt>
      <trkpt lat="30.469378" lon="-97.901555"></trkpt>
      <trkpt lat="30.469199" lon="-97.901742"></trkpt>
      <trkpt lat="30.469025" lon="-97.901953"></trkpt>
      <trkpt lat="30.468955" lon="-97.902128"></trkpt>
      <trkpt lat="30.468949" lon="-97.902264"></trkpt>
      <trkpt lat="30.468964" lon="-97.902375"></trkpt>
      <trkpt lat="30.469040" lon="-97.902557"></trkpt>
      <trkpt lat="30.469184" lon="-97.902746"></trkpt>
      <trkpt lat="30.469416" lon="-97.902990"></trkpt>
      <trkpt lat="30.469609" lon="-97.903249"></trkpt>
      <trkpt lat="30.469710" lon="-97.903514"></trkpt>
      <trkpt lat="30.469784" lon="-97.903804"></trkpt>
      <trkpt lat="30.469843" lon="-97.904162"></trkpt>
      <trkpt lat="30.469841" lon="-97.904490"></trkpt>
      <trkpt lat="30.469753" lon="-97.904892"></trkpt>
      <trkpt lat="30.469576" lon="-97.905261"></trkpt>
      <trkpt lat="30.469440" lon="-97.905428"></trkpt>
      <trkpt lat="30.469295" lon="-97.905561"></trkpt>
      <trkpt lat="30.469100" lon="-97.905714"></trkpt>
      <trkpt lat="30.468888" lon="-97.905810"></trkpt>
      <trkpt lat="30.468474" lon="-97.905939"></trkpt>
      <trkpt lat="30.468023" lon="-97.905973"></trkpt>
      <trkpt lat="30.467564" lon="-97.905956"></trkpt>
      <trkpt lat="30.467246" lon="-97.905879"></trkpt>
      <trkpt lat="30.466706" lon="-97.905690"></trkpt>
      <trkpt lat="30.466314" lon="-97.905527"></trkpt>
      <trkpt lat="30.465633" lon="-97.904816"></trkpt>
      <trkpt lat="30.465506" lon="-97.904683"></trkpt>
      <trkpt lat="30.465130" lon="-97.904437"></trkpt>
      <trkpt lat="30.464746" lon="-97.904274"></trkpt>
      <trkpt lat="30.464457" lon="-97.904034"></trkpt>
      <trkpt lat="30.464169" lon="-97.903647"></trkpt>
      <trkpt lat="30.463658" lon="-97.902918"></trkpt>
      <trkpt lat="30.463458" lon="-97.902789"></trkpt>
      <trkpt lat="30.463194" lon="-97.902746"></trkpt>
      <trkpt lat="30.463020" lon="-97.902700"></trkpt>
      <trkpt lat="30.462866" lon="-97.902622"></trkpt>
      <trkpt lat="30.462698" lon="-97.902497"></trkpt>
      <trkpt lat="30.462542" lon="-97.902356"></trkpt>
      <trkpt lat="30.462338" lon="-97.902141"></trkpt>
      <trkpt lat="30.462161" lon="-97.901931"></trkpt>
      <trkpt lat="30.461814" lon="-97.901599"></trkpt>
      <trkpt lat="30.461407" lon="-97.901306"></trkpt>
      <trkpt lat="30.461104" lon="-97.901095"></trkpt>
      <trkpt lat="30.460941" lon="-97.900981"></trkpt>
      <trkpt lat="30.460797" lon="-97.900897"></trkpt>
      <trkpt lat="30.460712" lon="-97.900890"></trkpt>
      <trkpt lat="30.460645" lon="-97.900918"></trkpt>
      <trkpt lat="30.460596" lon="-97.900970"></trkpt>
      <trkpt lat="30.460543" lon="-97.901047"></trkpt>
      <trkpt lat="30.460530" lon="-97.901139"></trkpt>
      <trkpt lat="30.460536" lon="-97.901270"></trkpt>
      <trkpt lat="30.460560" lon="-97.901420"></trkpt>
      <trkpt lat="30.460616" lon="-97.901560"></trkpt>
      <trkpt lat="30.460784" lon="-97.901836"></trkpt>
      <trkpt lat="30.460989" lon="-97.902198"></trkpt>
      <trkpt lat="30.461172" lon="-97.902600"></trkpt>
      <trkpt lat="30.461270" lon="-97.902897"></trkpt>
      <trkpt lat="30.461340" lon="-97.903177"></trkpt>
      <trkpt lat="30.461385" lon="-97.903490"></trkpt>
      <trkpt lat="30.461392" lon="-97.903784"></trkpt>
      <trkpt lat="30.461375" lon="-97.904015"></trkpt>
      <trkpt lat="30.461320" lon="-97.904222"></trkpt>
      <trkpt lat="30.461217" lon="-97.904414"></trkpt>
      <trkpt lat="30.461098" lon="-97.904566"></trkpt>
      <trkpt lat="30.460358" lon="-97.905373"></trkpt>
      <trkpt lat="30.460307" lon="-97.905527"></trkpt>
      <trkpt lat="30.460321" lon="-97.905725"></trkpt>
      <trkpt lat="30.460381" lon="-97.905879"></trkpt>
      <trkpt lat="30.460484" lon="-97.906128"></trkpt>
      <trkpt lat="30.460617" lon="-97.906325"></trkpt>
      <trkpt lat="30.460802" lon="-97.906385"></trkpt>
      <trkpt lat="30.460972" lon="-97.906343"></trkpt>
      <trkpt lat="30.461507" lon="-97.906023"></trkpt>
      <trkpt lat="30.461642" lon="-97.905977"></trkpt>
      <trkpt lat="30.461781" lon="-97.905953"></trkpt>
      <trkpt lat="30.461934" lon="-97.905982"></trkpt>
      <trkpt lat="30.462083" lon="-97.906078"></trkpt>
      <trkpt lat="30.462201" lon="-97.906188"></trkpt>
      <trkpt lat="30.462585" lon="-97.906729"></trkpt>
      <trkpt lat="30.462841" lon="-97.907145"></trkpt>
      <trkpt lat="30.462960" lon="-97.907418"></trkpt>
      <trkpt lat="30.462984" lon="-97.907547"></trkpt>
      <trkpt lat="30.463010" lon="-97.907690"></trkpt>
      <trkpt lat="30.462990" lon="-97.908325"></trkpt>
      <trkpt lat="30.463016" lon="-97.909120"></trkpt>
      <trkpt lat="30.463038" lon="-97.909822"></trkpt>
      <trkpt lat="30.463024" lon="-97.910148"></trkpt>
      <trkpt lat="30.462985" lon="-97.910527"></trkpt>
      <trkpt lat="30.462888" lon="-97.911079"></trkpt>
      <trkpt lat="30.462841" lon="-97.911504"></trkpt>
      <trkpt lat="30.462783" lon="-97.911797"></trkpt>
      <trkpt lat="30.462574" lon="-97.912093"></trkpt>
      <trkpt lat="30.462046" lon="-97.912652"></trkpt>
      <trkpt lat="30.461724" lon="-97.912937"></trkpt>
      <trkpt lat="30.461676" lon="-97.912969"></trkpt>
      <trkpt lat="30.461561" lon="-97.913046"></trkpt>
      <trkpt lat="30.461422" lon="-97.913120"></trkpt>
      <trkpt lat="30.461273" lon="-97.913108"></trkpt>
      <trkpt lat="30.461138" lon="-97.913053"></trkpt>
      <trkpt lat="30.460825" lon="-97.912835"></trkpt>
      <trkpt lat="30.460689" lon="-97.912764"></trkpt>
      <trkpt lat="30.460521" lon="-97.912742"></trkpt>
      <trkpt lat="30.460333" lon="-97.912809"></trkpt>
      <trkpt lat="30.459712" lon="-97.913381"></trkpt>
      <trkpt lat="30.459640" lon="-97.913524"></trkpt>
      <trkpt lat="30.459624" lon="-97.913659"></trkpt>
      <trkpt lat="30.459652" lon="-97.913827"></trkpt>
      <trkpt lat="30.459725" lon="-97.913969"></trkpt>
      <trkpt lat="30.459844" lon="-97.914161"></trkpt>
      <trkpt lat="30.459900" lon="-97.914325"></trkpt>
      <trkpt lat="30.459941" lon="-97.914665"></trkpt>
      <trkpt lat="30.459942" lon="-97.914912"></trkpt>
      <trkpt lat="30.459942" lon="-97.914994"></trkpt>
      <trkpt lat="30.459656" lon="-97.915671"></trkpt>
      <trkpt lat="30.459609" lon="-97.915761"></trkpt>
      <trkpt lat="30.459496" lon="-97.915982"></trkpt>
      <trkpt lat="30.459404" lon="-97.916163"></trkpt>
      <trkpt lat="30.459302" lon="-97.916362"></trkpt>
      <trkpt lat="30.459183" lon="-97.916593"></trkpt>
      <trkpt lat="30.459074" lon="-97.916788"></trkpt>
      <trkpt lat="30.458989" lon="-97.916940"></trkpt>
      <trkpt lat="30.458861" lon="-97.917100"></trkpt>
      <trkpt lat="30.458846" lon="-97.917118"></trkpt>
      <trkpt lat="30.458688" lon="-97.917219"></trkpt>
      <trkpt lat="30.458562" lon="-97.917264"></trkpt>
      <trkpt lat="30.458440" lon="-97.917283"></trkpt>
      <trkpt lat="30.458317" lon="-97.917277"></trkpt>
      <trkpt lat="30.458288" lon="-97.917267"></trkpt>
      <trkpt lat="30.458196" lon="-97.917234"></trkpt>
      <trkpt lat="30.458058" lon="-97.917148"></trkpt>
      <trkpt lat="30.457873" lon="-97.916995"></trkpt>
      <trkpt lat="30.457717" lon="-97.916773"></trkpt>
      <trkpt lat="30.457597" lon="-97.916644"></trkpt>
      <trkpt lat="30.457533" lon="-97.916576"></trkpt>
      <trkpt lat="30.457344" lon="-97.916353"></trkpt>
      <trkpt lat="30.457311" lon="-97.916328"></trkpt>
      <trkpt lat="30.457144" lon="-97.916204"></trkpt>
      <trkpt lat="30.457053" lon="-97.916156"></trkpt>
      <trkpt lat="30.456573" lon="-97.915904"></trkpt>
      <trkpt lat="30.456480" lon="-97.915850"></trkpt>
      <trkpt lat="30.456218" lon="-97.915700"></trkpt>
      <trkpt lat="30.456118" lon="-97.915643"></trkpt>
      <trkpt lat="30.456041" lon="-97.915599"></trkpt>
      <trkpt lat="30.456017" lon="-97.915585"></trkpt>
      <trkpt lat="30.455792" lon="-97.915389"></trkpt>
      <trkpt lat="30.455727" lon="-97.915295"></trkpt>
      <trkpt lat="30.455663" lon="-97.915223"></trkpt>
      <trkpt lat="30.455513" lon="-97.915006"></trkpt>
      <trkpt lat="30.455467" lon="-97.914916"></trkpt>
      <trkpt lat="30.455356" lon="-97.914734"></trkpt>
      <trkpt lat="30.455349" lon="-97.914723"></trkpt>
      <trkpt lat="30.455211" lon="-97.914340"></trkpt>
      <trkpt lat="30.455173" lon="-97.914205"></trkpt>
      <trkpt lat="30.455119" lon="-97.914015"></trkpt>
      <trkpt lat="30.455016" lon="-97.913811"></trkpt>
      <trkpt lat="30.454949" lon="-97.913712"></trkpt>
      <trkpt lat="30.454923" lon="-97.913675"></trkpt>
      <trkpt lat="30.454820" lon="-97.913580"></trkpt>
      <trkpt lat="30.454674" lon="-97.913488"></trkpt>
      <trkpt lat="30.454662" lon="-97.913484"></trkpt>
      <trkpt lat="30.454523" lon="-97.913435"></trkpt>
      <trkpt lat="30.454104" lon="-97.913417"></trkpt>
      <trkpt lat="30.453999" lon="-97.913413"></trkpt>
      <trkpt lat="30.453976" lon="-97.913410"></trkpt>
      <trkpt lat="30.453498" lon="-97.913346"></trkpt>
      <trkpt lat="30.452734" lon="-97.913159"></trkpt>
      <trkpt lat="30.452591" lon="-97.913018"></trkpt>
      <trkpt lat="30.452469" lon="-97.912814"></trkpt>
      <trkpt lat="30.452331" lon="-97.912503"></trkpt>
      <trkpt lat="30.452131" lon="-97.912017"></trkpt>
      <trkpt lat="30.452002" lon="-97.911703"></trkpt>
      <trkpt lat="30.451547" lon="-97.910827"></trkpt>
      <trkpt lat="30.451333" lon="-97.910377"></trkpt>
      <trkpt lat="30.451272" lon="-97.910203"></trkpt>
      <trkpt lat="30.451212" lon="-97.909992"></trkpt>
      <trkpt lat="30.451082" lon="-97.909590"></trkpt>
      <trkpt lat="30.450965" lon="-97.909233"></trkpt>
      <trkpt lat="30.450913" lon="-97.909100"></trkpt>
      <trkpt lat="30.450869" lon="-97.908998"></trkpt>
      <trkpt lat="30.450813" lon="-97.908889"></trkpt>
      <trkpt lat="30.450754" lon="-97.908817"></trkpt>
      <trkpt lat="30.450613" lon="-97.908640"></trkpt>
      <trkpt lat="30.450425" lon="-97.908438"></trkpt>
      <trkpt lat="30.450288" lon="-97.908267"></trkpt>
      <trkpt lat="30.450264" lon="-97.908226"></trkpt>
      <trkpt lat="30.450135" lon="-97.908004"></trkpt>
      <trkpt lat="30.450111" lon="-97.907952"></trkpt>
      <trkpt lat="30.450011" lon="-97.907735"></trkpt>
      <trkpt lat="30.449891" lon="-97.907434"></trkpt>
      <trkpt lat="30.449771" lon="-97.907096"></trkpt>
      <trkpt lat="30.449724" lon="-97.906943"></trkpt>
      <trkpt lat="30.449695" lon="-97.906803"></trkpt>
      <trkpt lat="30.449681" lon="-97.906618"></trkpt>
      <trkpt lat="30.449678" lon="-97.906477"></trkpt>
      <trkpt lat="30.449677" lon="-97.906465"></trkpt>
      <trkpt lat="30.449697" lon="-97.905747"></trkpt>
      <trkpt lat="30.449695" lon="-97.905127"></trkpt>
      <trkpt lat="30.449679" lon="-97.904987"></trkpt>
      <trkpt lat="30.449635" lon="-97.904816"></trkpt>
      <trkpt lat="30.449567" lon="-97.904709"></trkpt>
      <trkpt lat="30.449487" lon="-97.904645"></trkpt>
      <trkpt lat="30.449390" lon="-97.904629"></trkpt>
      <trkpt lat="30.449312" lon="-97.904652"></trkpt>
      <trkpt lat="30.449234" lon="-97.904714"></trkpt>
      <trkpt lat="30.448904" lon="-97.905089"></trkpt>
      <trkpt lat="30.448678" lon="-97.905351"></trkpt>
      <trkpt lat="30.448515" lon="-97.905484"></trkpt>
      <trkpt lat="30.448089" lon="-97.905707"></trkpt>
      <trkpt lat="30.447891" lon="-97.905793"></trkpt>
      <trkpt lat="30.447694" lon="-97.905903"></trkpt>
      <trkpt lat="30.447651" lon="-97.905959"></trkpt>
      <trkpt lat="30.447593" lon="-97.906032"></trkpt>
      <trkpt lat="30.447529" lon="-97.906191"></trkpt>
      <trkpt lat="30.447507" lon="-97.906512"></trkpt>
      <trkpt lat="30.447463" lon="-97.907173"></trkpt>
      <trkpt lat="30.447342" lon="-97.907939"></trkpt>
      <trkpt lat="30.447256" lon="-97.908347"></trkpt>
      <trkpt lat="30.447076" lon="-97.908847"></trkpt>
      <trkpt lat="30.446941" lon="-97.909095"></trkpt>
      <trkpt lat="30.446845" lon="-97.909215"></trkpt>
      <trkpt lat="30.446747" lon="-97.909339"></trkpt>
      <trkpt lat="30.446502" lon="-97.909533"></trkpt>
      <trkpt lat="30.446073" lon="-97.909810"></trkpt>
      <trkpt lat="30.445914" lon="-97.909967"></trkpt>
      <trkpt lat="30.445751" lon="-97.910164"></trkpt>
      <trkpt lat="30.445473" lon="-97.910686"></trkpt>
      <trkpt lat="30.445354" lon="-97.910859"></trkpt>
      <trkpt lat="30.445174" lon="-97.911047"></trkpt>
      <trkpt lat="30.444999" lon="-97.911180"></trkpt>
      <trkpt lat="30.444812" lon="-97.911291"></trkpt>
      <trkpt lat="30.444601" lon="-97.911359"></trkpt>
      <trkpt lat="30.444108" lon="-97.911385"></trkpt>
      <trkpt lat="30.443598" lon="-97.911331"></trkpt>
      <trkpt lat="30.443471" lon="-97.911353"></trkpt>
      <trkpt lat="30.443402" lon="-97.911372"></trkpt>
      <trkpt lat="30.443300" lon="-97.911415"></trkpt>
      <trkpt lat="30.443092" lon="-97.911522"></trkpt>
      <trkpt lat="30.442471" lon="-97.911998"></trkpt>
      <trkpt lat="30.442286" lon="-97.912139"></trkpt>
      <trkpt lat="30.442113" lon="-97.912266"></trkpt>
      <trkpt lat="30.441864" lon="-97.912427"></trkpt>
      <trkpt lat="30.441738" lon="-97.912347"></trkpt>
      <trkpt lat="30.441429" lon="-97.912046"></trkpt>
      <trkpt lat="30.441134" lon="-97.911587"></trkpt>
      <trkpt lat="30.440778" lon="-97.911031"></trkpt>
      <trkpt lat="30.440265" lon="-97.910249"></trkpt>
      <trkpt lat="30.440202" lon="-97.910101"></trkpt>
      <trkpt lat="30.440102" lon="-97.909843"></trkpt>
      <trkpt lat="30.440076" lon="-97.909775"></trkpt>
      <trkpt lat="30.439951" lon="-97.909409"></trkpt>
      <trkpt lat="30.439799" lon="-97.908964"></trkpt>
      <trkpt lat="30.439629" lon="-97.908574"></trkpt>
      <trkpt lat="30.439490" lon="-97.908372"></trkpt>
      <trkpt lat="30.439146" lon="-97.907927"></trkpt>
      <trkpt lat="30.439031" lon="-97.907730"></trkpt>
      <trkpt lat="30.438910" lon="-97.907466"></trkpt>
      <trkpt lat="30.438806" lon="-97.907109"></trkpt>
      <trkpt lat="30.438768" lon="-97.906902"></trkpt>
      <trkpt lat="30.438740" lon="-97.906702"></trkpt>
      <trkpt lat="30.438735" lon="-97.906533"></trkpt>
      <trkpt lat="30.438764" lon="-97.906151"></trkpt>
      <trkpt lat="30.438792" lon="-97.905936"></trkpt>
      <trkpt lat="30.438843" lon="-97.905536"></trkpt>
      <trkpt lat="30.438873" lon="-97.905307"></trkpt>
      <trkpt lat="30.438925" lon="-97.905106"></trkpt>
      <trkpt lat="30.438943" lon="-97.905036"></trkpt>
      <trkpt lat="30.439034" lon="-97.904829"></trkpt>
      <trkpt lat="30.439224" lon="-97.904439"></trkpt>
      <trkpt lat="30.439253" lon="-97.904326"></trkpt>
      <trkpt lat="30.439264" lon="-97.904283"></trkpt>
      <trkpt lat="30.439283" lon="-97.904127"></trkpt>
      <trkpt lat="30.439265" lon="-97.903960"></trkpt>
      <trkpt lat="30.439181" lon="-97.903732"></trkpt>
      <trkpt lat="30.439037" lon="-97.903446"></trkpt>
      <trkpt lat="30.438868" lon="-97.903196"></trkpt>
      <trkpt lat="30.438778" lon="-97.903113"></trkpt>
      <trkpt lat="30.438687" lon="-97.903095"></trkpt>
      <trkpt lat="30.438651" lon="-97.903096"></trkpt>
      <trkpt lat="30.438554" lon="-97.903099"></trkpt>
      <trkpt lat="30.437986" lon="-97.903264"></trkpt>
      <trkpt lat="30.437800" lon="-97.903370"></trkpt>
      <trkpt lat="30.437125" lon="-97.903894"></trkpt>
      <trkpt lat="30.436582" lon="-97.904187"></trkpt>
      <trkpt lat="30.436341" lon="-97.904283"></trkpt>
      <trkpt lat="30.436165" lon="-97.904327"></trkpt>
      <trkpt lat="30.435889" lon="-97.904328"></trkpt>
      <trkpt lat="30.435141" lon="-97.904278"></trkpt>
      <trkpt lat="30.434732" lon="-97.904223"></trkpt>
      <trkpt lat="30.434566" lon="-97.904180"></trkpt>
      <trkpt lat="30.434081" lon="-97.904057"></trkpt>
      <trkpt lat="30.433906" lon="-97.904001"></trkpt>
      <trkpt lat="30.433766" lon="-97.903917"></trkpt>
      <trkpt lat="30.433661" lon="-97.903803"></trkpt>
      <trkpt lat="30.433558" lon="-97.903629"></trkpt>
      <trkpt lat="30.433476" lon="-97.903413"></trkpt>
      <trkpt lat="30.433369" lon="-97.903099"></trkpt>
      <trkpt lat="30.433316" lon="-97.902837"></trkpt>
      <trkpt lat="30.433269" lon="-97.902602"></trkpt>
      <trkpt lat="30.433246" lon="-97.902296"></trkpt>
      <trkpt lat="30.433258" lon="-97.902103"></trkpt>
      <trkpt lat="30.433285" lon="-97.901863"></trkpt>
      <trkpt lat="30.433335" lon="-97.901667"></trkpt>
      <trkpt lat="30.433451" lon="-97.901378"></trkpt>
      <trkpt lat="30.433504" lon="-97.901278"></trkpt>
      <trkpt lat="30.433527" lon="-97.901233"></trkpt>
      <trkpt lat="30.433585" lon="-97.901075"></trkpt>
      <trkpt lat="30.433680" lon="-97.900848"></trkpt>
      <trkpt lat="30.433793" lon="-97.900424"></trkpt>
      <trkpt lat="30.433841" lon="-97.900045"></trkpt>
      <trkpt lat="30.433860" lon="-97.899830"></trkpt>
      <trkpt lat="30.433885" lon="-97.899547"></trkpt>
      <trkpt lat="30.433901" lon="-97.899273"></trkpt>
      <trkpt lat="30.433906" lon="-97.899188"></trkpt>
      <trkpt lat="30.433964" lon="-97.898739"></trkpt>
      <trkpt lat="30.434003" lon="-97.898504"></trkpt>
      <trkpt lat="30.434008" lon="-97.898470"></trkpt>
      <trkpt lat="30.434200" lon="-97.897707"></trkpt>
      <trkpt lat="30.434240" lon="-97.897378"></trkpt>
      <trkpt lat="30.434228" lon="-97.897028"></trkpt>
      <trkpt lat="30.434202" lon="-97.896680"></trkpt>
      <trkpt lat="30.434144" lon="-97.895926"></trkpt>
      <trkpt lat="30.433919" lon="-97.894218"></trkpt>
      <trkpt lat="30.433620" lon="-97.892280"></trkpt>
      <trkpt lat="30.433596" lon="-97.892126"></trkpt>
      <trkpt lat="30.433474" lon="-97.891172"></trkpt>
      <trkpt lat="30.433431" lon="-97.890793"></trkpt>
      <trkpt lat="30.433367" lon="-97.890219"></trkpt>
      <trkpt lat="30.433263" lon="-97.889405"></trkpt>
      <trkpt lat="30.433197" lon="-97.889057"></trkpt>
      <trkpt lat="30.433114" lon="-97.888840"></trkpt>
      <trkpt lat="30.432990" lon="-97.888608"></trkpt>
      <trkpt lat="30.432619" lon="-97.888060"></trkpt>
      <trkpt lat="30.432468" lon="-97.887802"></trkpt>
      <trkpt lat="30.432373" lon="-97.887616"></trkpt>
      <trkpt lat="30.432326" lon="-97.887486"></trkpt>
      <trkpt lat="30.432276" lon="-97.887304"></trkpt>
      <trkpt lat="30.432235" lon="-97.887080"></trkpt>
      <trkpt lat="30.432230" lon="-97.886667"></trkpt>
      <trkpt lat="30.432261" lon="-97.886247"></trkpt>
      <trkpt lat="30.432282" lon="-97.885962"></trkpt>
      <trkpt lat="30.432352" lon="-97.885309"></trkpt>
      <trkpt lat="30.432407" lon="-97.884920"></trkpt>
      <trkpt lat="30.432422" lon="-97.884818"></trkpt>
      <trkpt lat="30.432528" lon="-97.884495"></trkpt>
      <trkpt lat="30.432626" lon="-97.884314"></trkpt>
      <trkpt lat="30.432651" lon="-97.884267"></trkpt>
      <trkpt lat="30.432768" lon="-97.884087"></trkpt>
      <trkpt lat="30.432840" lon="-97.883997"></trkpt>
      <trkpt lat="30.432883" lon="-97.883944"></trkpt>
      <trkpt lat="30.432991" lon="-97.883864"></trkpt>
      <trkpt lat="30.433056" lon="-97.883816"></trkpt>
      <trkpt lat="30.433310" lon="-97.883640"></trkpt>
      <trkpt lat="30.433335" lon="-97.883623"></trkpt>
      <trkpt lat="30.433523" lon="-97.883538"></trkpt>
      <trkpt lat="30.433605" lon="-97.883501"></trkpt>
      <trkpt lat="30.433775" lon="-97.883448"></trkpt>
      <trkpt lat="30.434011" lon="-97.883405"></trkpt>
      <trkpt lat="30.434198" lon="-97.883401"></trkpt>
      <trkpt lat="30.434387" lon="-97.883402"></trkpt>
      <trkpt lat="30.434533" lon="-97.883403"></trkpt>
      <trkpt lat="30.435438" lon="-97.883424"></trkpt>
      <trkpt lat="30.435719" lon="-97.883431"></trkpt>
      <trkpt lat="30.436007" lon="-97.883473"></trkpt>
      <trkpt lat="30.436209" lon="-97.883518"></trkpt>
      <trkpt lat="30.436375" lon="-97.883587"></trkpt>
      <trkpt lat="30.436631" lon="-97.883713"></trkpt>
      <trkpt lat="30.436692" lon="-97.883744"></trkpt>
      <trkpt lat="30.436830" lon="-97.883767"></trkpt>
      <trkpt lat="30.436959" lon="-97.883770"></trkpt>
      <trkpt lat="30.437022" lon="-97.883772"></trkpt>
      <trkpt lat="30.437298" lon="-97.883694"></trkpt>
      <trkpt lat="30.437541" lon="-97.883565"></trkpt>
      <trkpt lat="30.437690" lon="-97.883469"></trkpt>
      <trkpt lat="30.437786" lon="-97.883363"></trkpt>
      <trkpt lat="30.437915" lon="-97.883208"></trkpt>
      <trkpt lat="30.438121" lon="-97.882913"></trkpt>
      <trkpt lat="30.438275" lon="-97.882749"></trkpt>
      <trkpt lat="30.438498" lon="-97.882527"></trkpt>
      <trkpt lat="30.438575" lon="-97.882451"></trkpt>
      <trkpt lat="30.439122" lon="-97.882027"></trkpt>
      <trkpt lat="30.439290" lon="-97.881858"></trkpt>
      <trkpt lat="30.439362" lon="-97.881757"></trkpt>
      <trkpt lat="30.439398" lon="-97.881705"></trkpt>
      <trkpt lat="30.439476" lon="-97.881518"></trkpt>
      <trkpt lat="30.439485" lon="-97.881361"></trkpt>
      <trkpt lat="30.439481" lon="-97.881101"></trkpt>
      <trkpt lat="30.439383" lon="-97.880513"></trkpt>
      <trkpt lat="30.439358" lon="-97.880354"></trkpt>
      <trkpt lat="30.439319" lon="-97.880137"></trkpt>
      <trkpt lat="30.439245" lon="-97.879860"></trkpt>
      <trkpt lat="30.439201" lon="-97.879788"></trkpt>
      <trkpt lat="30.439173" lon="-97.879742"></trkpt>
      <trkpt lat="30.439046" lon="-97.879632"></trkpt>
      <trkpt lat="30.439020" lon="-97.879616"></trkpt>
      <trkpt lat="30.438957" lon="-97.879578"></trkpt>
      <trkpt lat="30.438813" lon="-97.879557"></trkpt>
      <trkpt lat="30.437825" lon="-97.879586"></trkpt>
      <trkpt lat="30.437603" lon="-97.879620"></trkpt>
      <trkpt lat="30.437452" lon="-97.879652"></trkpt>
      <trkpt lat="30.437324" lon="-97.879697"></trkpt>
      <trkpt lat="30.437092" lon="-97.879779"></trkpt>
      <trkpt lat="30.436929" lon="-97.879817"></trkpt>
      <trkpt lat="30.436718" lon="-97.879842"></trkpt>
      <trkpt lat="30.436457" lon="-97.879859"></trkpt>
      <trkpt lat="30.436188" lon="-97.879849"></trkpt>
      <trkpt lat="30.435932" lon="-97.879803"></trkpt>
      <trkpt lat="30.435747" lon="-97.879742"></trkpt>
      <trkpt lat="30.435533" lon="-97.879617"></trkpt>
      <trkpt lat="30.435144" lon="-97.879287"></trkpt>
      <trkpt lat="30.434955" lon="-97.879192"></trkpt>
      <trkpt lat="30.434528" lon="-97.879011"></trkpt>
      <trkpt lat="30.434440" lon="-97.878951"></trkpt>
      <trkpt lat="30.434351" lon="-97.878891"></trkpt>
      <trkpt lat="30.434238" lon="-97.878728"></trkpt>
      <trkpt lat="30.434127" lon="-97.878449"></trkpt>
      <trkpt lat="30.434094" lon="-97.878211"></trkpt>
      <trkpt lat="30.434113" lon="-97.877951"></trkpt>
      <trkpt lat="30.434146" lon="-97.877766"></trkpt>
      <trkpt lat="30.434275" lon="-97.877401"></trkpt>
      <trkpt lat="30.434440" lon="-97.877118"></trkpt>
      <trkpt lat="30.434619" lon="-97.876935"></trkpt>
      <trkpt lat="30.434770" lon="-97.876811"></trkpt>
      <trkpt lat="30.435114" lon="-97.876528"></trkpt>
      <trkpt lat="30.435347" lon="-97.876389"></trkpt>
      <trkpt lat="30.435533" lon="-97.876312"></trkpt>
      <trkpt lat="30.435789" lon="-97.876256"></trkpt>
      <trkpt lat="30.436631" lon="-97.876116"></trkpt>
      <trkpt lat="30.436912" lon="-97.876056"></trkpt>
      <trkpt lat="30.437149" lon="-97.875977"></trkpt>
      <trkpt lat="30.437491" lon="-97.875839"></trkpt>
      <trkpt lat="30.437705" lon="-97.875798"></trkpt>
      <trkpt lat="30.437952" lon="-97.875767"></trkpt>
      <trkpt lat="30.438128" lon="-97.875689"></trkpt>
      <trkpt lat="30.438301" lon="-97.875563"></trkpt>
      <trkpt lat="30.438580" lon="-97.875301"></trkpt>
      <trkpt lat="30.439025" lon="-97.874802"></trkpt>
      <trkpt lat="30.439480" lon="-97.874237"></trkpt>
      <trkpt lat="30.439692" lon="-97.873967"></trkpt>
      <trkpt lat="30.439854" lon="-97.873724"></trkpt>
      <trkpt lat="30.438970" lon="-97.873271"></trkpt>
      <trkpt lat="30.438510" lon="-97.873167"></trkpt>
      <trkpt lat="30.438227" lon="-97.873157"></trkpt>
      <trkpt lat="30.438131" lon="-97.873163"></trkpt>
      <trkpt lat="30.437814" lon="-97.873207"></trkpt>
      <trkpt lat="30.436984" lon="-97.873408"></trkpt>
      <trkpt lat="30.436927" lon="-97.873412"></trkpt>
      <trkpt lat="30.436983" lon="-97.873174"></trkpt>
      <trkpt lat="30.437034" lon="-97.873027"></trkpt>
      <trkpt lat="30.437016" lon="-97.872835"></trkpt>
      <trkpt lat="30.436990" lon="-97.872724"></trkpt>
      <trkpt lat="30.436945" lon="-97.872682"></trkpt>
      <trkpt lat="30.436844" lon="-97.872682"></trkpt>
      <trkpt lat="30.436717" lon="-97.872675"></trkpt>
      <trkpt lat="30.436520" lon="-97.872623"></trkpt>
      <trkpt lat="30.436171" lon="-97.872505"></trkpt>
      <trkpt lat="30.436038" lon="-97.872409"></trkpt>
      <trkpt lat="30.435809" lon="-97.872142"></trkpt>
      <trkpt lat="30.435684" lon="-97.871883"></trkpt>
      <trkpt lat="30.435422" lon="-97.871176"></trkpt>
      <trkpt lat="30.435319" lon="-97.870928"></trkpt>
      <trkpt lat="30.435085" lon="-97.870446"></trkpt>
      <trkpt lat="30.434947" lon="-97.870096"></trkpt>
      <trkpt lat="30.434925" lon="-97.870043"></trkpt>
      <trkpt lat="30.434901" lon="-97.869988"></trkpt>
      <trkpt lat="30.434831" lon="-97.869938"></trkpt>
      <trkpt lat="30.434730" lon="-97.869923"></trkpt>
      <trkpt lat="30.434506" lon="-97.870033"></trkpt>
      <trkpt lat="30.434434" lon="-97.870102"></trkpt>
      <trkpt lat="30.434424" lon="-97.870170"></trkpt>
      <trkpt lat="30.434434" lon="-97.870233"></trkpt>
      <trkpt lat="30.434565" lon="-97.870479"></trkpt>
      <trkpt lat="30.434636" lon="-97.870661"></trkpt>
      <trkpt lat="30.434844" lon="-97.871457"></trkpt>
      <trkpt lat="30.434852" lon="-97.871525"></trkpt>
      <trkpt lat="30.434850" lon="-97.871592"></trkpt>
      <trkpt lat="30.434829" lon="-97.871649"></trkpt>
      <trkpt lat="30.434574" lon="-97.871622"></trkpt>
      <trkpt lat="30.434273" lon="-97.871705"></trkpt>
      <trkpt lat="30.434058" lon="-97.871898"></trkpt>
      <trkpt lat="30.433822" lon="-97.872220"></trkpt>
      <trkpt lat="30.433693" lon="-97.872432"></trkpt>
      <trkpt lat="30.433524" lon="-97.872713"></trkpt>
      <trkpt lat="30.433334" lon="-97.872957"></trkpt>
      <trkpt lat="30.433006" lon="-97.873247"></trkpt>
      <trkpt lat="30.432719" lon="-97.873397"></trkpt>
      <trkpt lat="30.431929" lon="-97.873654"></trkpt>
      <trkpt lat="30.431493" lon="-97.873708"></trkpt>
      <trkpt lat="30.431151" lon="-97.873696"></trkpt>
      <trkpt lat="30.430649" lon="-97.873821"></trkpt>
      <trkpt lat="30.430194" lon="-97.873909"></trkpt>
      <trkpt lat="30.429731" lon="-97.873891"></trkpt>
      <trkpt lat="30.429389" lon="-97.873711"></trkpt>
      <trkpt lat="30.428963" lon="-97.873142"></trkpt>
      <trkpt lat="30.428640" lon="-97.872920"></trkpt>
      <trkpt lat="30.428128" lon="-97.872751"></trkpt>
      <trkpt lat="30.427917" lon="-97.872718"></trkpt>
      <trkpt lat="30.427303" lon="-97.872625"></trkpt>
      <trkpt lat="30.426054" lon="-97.872496"></trkpt>
      <trkpt lat="30.425205" lon="-97.872525"></trkpt>
      <trkpt lat="30.424839" lon="-97.872414"></trkpt>
      <trkpt lat="30.424634" lon="-97.872351"></trkpt>
      <trkpt lat="30.423961" lon="-97.871917"></trkpt>
      <trkpt lat="30.423017" lon="-97.871420"></trkpt>
      <trkpt lat="30.422729" lon="-97.871231"></trkpt>
      <trkpt lat="30.421680" lon="-97.870289"></trkpt>
      <trkpt lat="30.421292" lon="-97.869959"></trkpt>
      <trkpt lat="30.420782" lon="-97.869608"></trkpt>
      <trkpt lat="30.420073" lon="-97.869267"></trkpt>
      <trkpt lat="30.418847" lon="-97.868939"></trkpt>
      <trkpt lat="30.417031" lon="-97.868902"></trkpt>
      <trkpt lat="30.416608" lon="-97.868768"></trkpt>
      <trkpt lat="30.416196" lon="-97.868518"></trkpt>
      <trkpt lat="30.415037" lon="-97.867641"></trkpt>
      <trkpt lat="30.414591" lon="-97.867303"></trkpt>
      <trkpt lat="30.413541" lon="-97.866775"></trkpt>
      <trkpt lat="30.413055" lon="-97.866322"></trkpt>
      <trkpt lat="30.412854" lon="-97.865965"></trkpt>
      <trkpt lat="30.412797" lon="-97.865851"></trkpt>
      <trkpt lat="30.412696" lon="-97.865651"></trkpt>
      <trkpt lat="30.412541" lon="-97.865296"></trkpt>
      <trkpt lat="30.412376" lon="-97.864975"></trkpt>
      <trkpt lat="30.412217" lon="-97.864717"></trkpt>
      <trkpt lat="30.412035" lon="-97.864467"></trkpt>
      <trkpt lat="30.411767" lon="-97.864221"></trkpt>
      <trkpt lat="30.411595" lon="-97.864104"></trkpt>
      <trkpt lat="30.411474" lon="-97.864026"></trkpt>
      <trkpt lat="30.411391" lon="-97.863973"></trkpt>
      <trkpt lat="30.410604" lon="-97.863675"></trkpt>
      <trkpt lat="30.409849" lon="-97.863392"></trkpt>
      <trkpt lat="30.409444" lon="-97.863175"></trkpt>
      <trkpt lat="30.409035" lon="-97.862888"></trkpt>
      <trkpt lat="30.408505" lon="-97.862293"></trkpt>
      <trkpt lat="30.408042" lon="-97.861579"></trkpt>
      <trkpt lat="30.407628" lon="-97.860523"></trkpt>
      <trkpt lat="30.407444" lon="-97.860133"></trkpt>
      <trkpt lat="30.407284" lon="-97.859793"></trkpt>
      <trkpt lat="30.406541" lon="-97.858543"></trkpt>
      <trkpt lat="30.406048" lon="-97.857895"></trkpt>
      <trkpt lat="30.405884" lon="-97.857626"></trkpt>
      <trkpt lat="30.405303" lon="-97.856293"></trkpt>
      <trkpt lat="30.405071" lon="-97.855875"></trkpt>
      <trkpt lat="30.404806" lon="-97.855437"></trkpt>
      <trkpt lat="30.404516" lon="-97.855034"></trkpt>
      <trkpt lat="30.404214" lon="-97.854614"></trkpt>
      <trkpt lat="30.404101" lon="-97.854456"></trkpt>
      <trkpt lat="30.404085" lon="-97.854433"></trkpt>
      <trkpt lat="30.404007" lon="-97.854324"></trkpt>
      <trkpt lat="30.403786" lon="-97.853994"></trkpt>
      <trkpt lat="30.404073" lon="-97.853838"></trkpt>
      <trkpt lat="30.404333" lon="-97.853705"></trkpt>
      <trkpt lat="30.404627" lon="-97.853555"></trkpt>
      <trkpt lat="30.404899" lon="-97.853415"></trkpt>
      <trkpt lat="30.405327" lon="-97.853186"></trkpt>
      <trkpt lat="30.406251" lon="-97.852697"></trkpt>
      <trkpt lat="30.406455" lon="-97.852589"></trkpt>
      <trkpt lat="30.406558" lon="-97.852531"></trkpt>
      <trkpt lat="30.406661" lon="-97.852473"></trkpt>
      <trkpt lat="30.406723" lon="-97.852443"></trkpt>
      <trkpt lat="30.407078" lon="-97.852271"></trkpt>
      <trkpt lat="30.407327" lon="-97.852150"></trkpt>
      <trkpt lat="30.407404" lon="-97.852112"></trkpt>
      <trkpt lat="30.407930" lon="-97.851851"></trkpt>
      <trkpt lat="30.408041" lon="-97.851795"></trkpt>
      <trkpt lat="30.408183" lon="-97.851724"></trkpt>
      <trkpt lat="30.408359" lon="-97.851637"></trkpt>
      <trkpt lat="30.408445" lon="-97.851594"></trkpt>
      <trkpt lat="30.408525" lon="-97.851554"></trkpt>
      <trkpt lat="30.408724" lon="-97.851456"></trkpt>
      <trkpt lat="30.408796" lon="-97.851420"></trkpt>
      <trkpt lat="30.408979" lon="-97.851329"></trkpt>
      <trkpt lat="30.409229" lon="-97.851205"></trkpt>
      <trkpt lat="30.409246" lon="-97.851196"></trkpt>
      <trkpt lat="30.409361" lon="-97.851138"></trkpt>
      <trkpt lat="30.409458" lon="-97.851090"></trkpt>
      <trkpt lat="30.409741" lon="-97.850947"></trkpt>
      <trkpt lat="30.409824" lon="-97.850905"></trkpt>
      <trkpt lat="30.410036" lon="-97.850799"></trkpt>
      <trkpt lat="30.410209" lon="-97.850712"></trkpt>
      <trkpt lat="30.410382" lon="-97.850625"></trkpt>
      <trkpt lat="30.410539" lon="-97.850545"></trkpt>
      <trkpt lat="30.410561" lon="-97.850534"></trkpt>
      <trkpt lat="30.410660" lon="-97.850484"></trkpt>
    </trkseg>
  </trk>
</gpx>
