<?xml version="1.0" encoding="UTF-8"?>
<gpx version="1.1" creator="Antigravity Route Curation" xmlns="http://www.topografix.com/GPX/1/1">
  <trk>
    <name>Leander to Luckenbach Loop</name>
    <trkseg>
      <trkpt lat="30.583048" lon="-97.854691"></trkpt>
      <trkpt lat="30.582358" lon="-97.854395"></trkpt>
      <trkpt lat="30.582227" lon="-97.854339"></trkpt>
      <trkpt lat="30.581875" lon="-97.854189"></trkpt>
      <trkpt lat="30.581707" lon="-97.854123"></trkpt>
      <trkpt lat="30.581545" lon="-97.854064"></trkpt>
      <trkpt lat="30.581336" lon="-97.853977"></trkpt>
      <trkpt lat="30.581211" lon="-97.853926"></trkpt>
      <trkpt lat="30.581174" lon="-97.853910"></trkpt>
      <trkpt lat="30.581059" lon="-97.853863"></trkpt>
      <trkpt lat="30.580961" lon="-97.853822"></trkpt>
      <trkpt lat="30.580563" lon="-97.853657"></trkpt>
      <trkpt lat="30.580372" lon="-97.853580"></trkpt>
      <trkpt lat="30.580220" lon="-97.853518"></trkpt>
      <trkpt lat="30.580051" lon="-97.853450"></trkpt>
      <trkpt lat="30.579604" lon="-97.853268"></trkpt>
      <trkpt lat="30.578677" lon="-97.852857"></trkpt>
      <trkpt lat="30.578464" lon="-97.852759"></trkpt>
      <trkpt lat="30.578270" lon="-97.852674"></trkpt>
      <trkpt lat="30.577700" lon="-97.852409"></trkpt>
      <trkpt lat="30.577185" lon="-97.852188"></trkpt>
      <trkpt lat="30.575322" lon="-97.851417"></trkpt>
      <trkpt lat="30.574899" lon="-97.851242"></trkpt>
      <trkpt lat="30.574832" lon="-97.851214"></trkpt>
      <trkpt lat="30.574341" lon="-97.851009"></trkpt>
      <trkpt lat="30.572605" lon="-97.850287"></trkpt>
      <trkpt lat="30.571767" lon="-97.849943"></trkpt>
      <trkpt lat="30.571276" lon="-97.849741"></trkpt>
      <trkpt lat="30.571070" lon="-97.849655"></trkpt>
      <trkpt lat="30.570690" lon="-97.849496"></trkpt>
      <trkpt lat="30.570450" lon="-97.849394"></trkpt>
      <trkpt lat="30.570196" lon="-97.849289"></trkpt>
      <trkpt lat="30.569974" lon="-97.849198"></trkpt>
      <trkpt lat="30.569804" lon="-97.849128"></trkpt>
      <trkpt lat="30.569567" lon="-97.849030"></trkpt>
      <trkpt lat="30.569456" lon="-97.848985"></trkpt>
      <trkpt lat="30.569182" lon="-97.848871"></trkpt>
      <trkpt lat="30.568904" lon="-97.848753"></trkpt>
      <trkpt lat="30.568272" lon="-97.848487"></trkpt>
      <trkpt lat="30.568071" lon="-97.848403"></trkpt>
      <trkpt lat="30.567671" lon="-97.848238"></trkpt>
      <trkpt lat="30.567455" lon="-97.848148"></trkpt>
      <trkpt lat="30.567271" lon="-97.848072"></trkpt>
      <trkpt lat="30.566966" lon="-97.847946"></trkpt>
      <trkpt lat="30.566537" lon="-97.847768"></trkpt>
      <trkpt lat="30.565501" lon="-97.847339"></trkpt>
      <trkpt lat="30.565444" lon="-97.847315"></trkpt>
      <trkpt lat="30.564409" lon="-97.846881"></trkpt>
      <trkpt lat="30.563314" lon="-97.846432"></trkpt>
      <trkpt lat="30.561734" lon="-97.845771"></trkpt>
      <trkpt lat="30.561663" lon="-97.845741"></trkpt>
      <trkpt lat="30.560172" lon="-97.845122"></trkpt>
      <trkpt lat="30.560102" lon="-97.845093"></trkpt>
      <trkpt lat="30.558901" lon="-97.844579"></trkpt>
      <trkpt lat="30.558097" lon="-97.844218"></trkpt>
      <trkpt lat="30.557972" lon="-97.844162"></trkpt>
      <trkpt lat="30.557848" lon="-97.844097"></trkpt>
      <trkpt lat="30.557545" lon="-97.843948"></trkpt>
      <trkpt lat="30.556935" lon="-97.843646"></trkpt>
      <trkpt lat="30.556293" lon="-97.843323"></trkpt>
      <trkpt lat="30.556009" lon="-97.843188"></trkpt>
      <trkpt lat="30.555682" lon="-97.843024"></trkpt>
      <trkpt lat="30.555062" lon="-97.842712"></trkpt>
      <trkpt lat="30.554686" lon="-97.842526"></trkpt>
      <trkpt lat="30.553929" lon="-97.842147"></trkpt>
      <trkpt lat="30.553568" lon="-97.841974"></trkpt>
      <trkpt lat="30.553418" lon="-97.841900"></trkpt>
      <trkpt lat="30.553116" lon="-97.841785"></trkpt>
      <trkpt lat="30.552786" lon="-97.841702"></trkpt>
      <trkpt lat="30.552359" lon="-97.841633"></trkpt>
      <trkpt lat="30.552075" lon="-97.841620"></trkpt>
      <trkpt lat="30.551761" lon="-97.841630"></trkpt>
      <trkpt lat="30.550431" lon="-97.841706"></trkpt>
      <trkpt lat="30.550033" lon="-97.841729"></trkpt>
      <trkpt lat="30.549431" lon="-97.841774"></trkpt>
      <trkpt lat="30.549012" lon="-97.841792"></trkpt>
      <trkpt lat="30.548919" lon="-97.841797"></trkpt>
      <trkpt lat="30.548690" lon="-97.841810"></trkpt>
      <trkpt lat="30.548318" lon="-97.841801"></trkpt>
      <trkpt lat="30.547921" lon="-97.841737"></trkpt>
      <trkpt lat="30.547445" lon="-97.841596"></trkpt>
      <trkpt lat="30.547089" lon="-97.841454"></trkpt>
      <trkpt lat="30.546771" lon="-97.841315"></trkpt>
      <trkpt lat="30.546118" lon="-97.841028"></trkpt>
      <trkpt lat="30.545722" lon="-97.840850"></trkpt>
      <trkpt lat="30.545577" lon="-97.840785"></trkpt>
      <trkpt lat="30.545339" lon="-97.840678"></trkpt>
      <trkpt lat="30.545051" lon="-97.840548"></trkpt>
      <trkpt lat="30.544833" lon="-97.840457"></trkpt>
      <trkpt lat="30.544656" lon="-97.840376"></trkpt>
      <trkpt lat="30.544421" lon="-97.840275"></trkpt>
      <trkpt lat="30.544139" lon="-97.840146"></trkpt>
      <trkpt lat="30.543845" lon="-97.840022"></trkpt>
      <trkpt lat="30.543275" lon="-97.839771"></trkpt>
      <trkpt lat="30.543025" lon="-97.839653"></trkpt>
      <trkpt lat="30.542973" lon="-97.839629"></trkpt>
      <trkpt lat="30.542839" lon="-97.839574"></trkpt>
      <trkpt lat="30.542737" lon="-97.839531"></trkpt>
      <trkpt lat="30.542253" lon="-97.839328"></trkpt>
      <trkpt lat="30.539783" lon="-97.838245"></trkpt>
      <trkpt lat="30.539443" lon="-97.838099"></trkpt>
      <trkpt lat="30.537209" lon="-97.837112"></trkpt>
      <trkpt lat="30.536979" lon="-97.837009"></trkpt>
      <trkpt lat="30.536047" lon="-97.836586"></trkpt>
      <trkpt lat="30.535993" lon="-97.836564"></trkpt>
      <trkpt lat="30.535543" lon="-97.836372"></trkpt>
      <trkpt lat="30.535502" lon="-97.836355"></trkpt>
      <trkpt lat="30.534955" lon="-97.836112"></trkpt>
      <trkpt lat="30.534263" lon="-97.835805"></trkpt>
      <trkpt lat="30.534015" lon="-97.835696"></trkpt>
      <trkpt lat="30.533850" lon="-97.835617"></trkpt>
      <trkpt lat="30.533653" lon="-97.835533"></trkpt>
      <trkpt lat="30.533478" lon="-97.835458"></trkpt>
      <trkpt lat="30.533286" lon="-97.835377"></trkpt>
      <trkpt lat="30.533087" lon="-97.835291"></trkpt>
      <trkpt lat="30.532978" lon="-97.835245"></trkpt>
      <trkpt lat="30.532927" lon="-97.835400"></trkpt>
      <trkpt lat="30.532842" lon="-97.835665"></trkpt>
      <trkpt lat="30.532744" lon="-97.835971"></trkpt>
      <trkpt lat="30.532630" lon="-97.836250"></trkpt>
      <trkpt lat="30.532538" lon="-97.836329"></trkpt>
      <trkpt lat="30.532482" lon="-97.836485"></trkpt>
      <trkpt lat="30.532252" lon="-97.837163"></trkpt>
      <trkpt lat="30.532059" lon="-97.837769"></trkpt>
      <trkpt lat="30.531838" lon="-97.838437"></trkpt>
      <trkpt lat="30.531636" lon="-97.839064"></trkpt>
      <trkpt lat="30.531582" lon="-97.839244"></trkpt>
      <trkpt lat="30.531252" lon="-97.840274"></trkpt>
      <trkpt lat="30.530980" lon="-97.841150"></trkpt>
      <trkpt lat="30.530839" lon="-97.841612"></trkpt>
      <trkpt lat="30.530493" lon="-97.842753"></trkpt>
      <trkpt lat="30.530498" lon="-97.842974"></trkpt>
      <trkpt lat="30.530354" lon="-97.843508"></trkpt>
      <trkpt lat="30.530205" lon="-97.844091"></trkpt>
      <trkpt lat="30.530065" lon="-97.844594"></trkpt>
      <trkpt lat="30.530003" lon="-97.844846"></trkpt>
      <trkpt lat="30.529986" lon="-97.844913"></trkpt>
      <trkpt lat="30.529966" lon="-97.844989"></trkpt>
      <trkpt lat="30.529933" lon="-97.845126"></trkpt>
      <trkpt lat="30.529889" lon="-97.845303"></trkpt>
      <trkpt lat="30.529709" lon="-97.846022"></trkpt>
      <trkpt lat="30.529533" lon="-97.846781"></trkpt>
      <trkpt lat="30.529426" lon="-97.847550"></trkpt>
      <trkpt lat="30.529371" lon="-97.848015"></trkpt>
      <trkpt lat="30.529251" lon="-97.848857"></trkpt>
      <trkpt lat="30.529015" lon="-97.849776"></trkpt>
      <trkpt lat="30.528800" lon="-97.850464"></trkpt>
      <trkpt lat="30.528680" lon="-97.850866"></trkpt>
      <trkpt lat="30.528459" lon="-97.851580"></trkpt>
      <trkpt lat="30.528252" lon="-97.852251"></trkpt>
      <trkpt lat="30.528081" lon="-97.852800"></trkpt>
      <trkpt lat="30.527950" lon="-97.853225"></trkpt>
      <trkpt lat="30.527758" lon="-97.853825"></trkpt>
      <trkpt lat="30.527617" lon="-97.854270"></trkpt>
      <trkpt lat="30.527522" lon="-97.854533"></trkpt>
      <trkpt lat="30.527400" lon="-97.854831"></trkpt>
      <trkpt lat="30.527246" lon="-97.855322"></trkpt>
      <trkpt lat="30.527215" lon="-97.855421"></trkpt>
      <trkpt lat="30.527173" lon="-97.855539"></trkpt>
      <trkpt lat="30.527137" lon="-97.855657"></trkpt>
      <trkpt lat="30.526981" lon="-97.856173"></trkpt>
      <trkpt lat="30.526757" lon="-97.856836"></trkpt>
      <trkpt lat="30.526647" lon="-97.856993"></trkpt>
      <trkpt lat="30.526575" lon="-97.857248"></trkpt>
      <trkpt lat="30.526313" lon="-97.858173"></trkpt>
      <trkpt lat="30.526209" lon="-97.858556"></trkpt>
      <trkpt lat="30.525911" lon="-97.859515"></trkpt>
      <trkpt lat="30.525904" lon="-97.859537"></trkpt>
      <trkpt lat="30.525825" lon="-97.859772"></trkpt>
      <trkpt lat="30.525548" lon="-97.860647"></trkpt>
      <trkpt lat="30.524892" lon="-97.862670"></trkpt>
      <trkpt lat="30.524805" lon="-97.862939"></trkpt>
      <trkpt lat="30.524409" lon="-97.864155"></trkpt>
      <trkpt lat="30.524324" lon="-97.864420"></trkpt>
      <trkpt lat="30.524209" lon="-97.864688"></trkpt>
      <trkpt lat="30.524086" lon="-97.864950"></trkpt>
      <trkpt lat="30.523951" lon="-97.865137"></trkpt>
      <trkpt lat="30.523901" lon="-97.865203"></trkpt>
      <trkpt lat="30.523790" lon="-97.865341"></trkpt>
      <trkpt lat="30.523627" lon="-97.865581"></trkpt>
      <trkpt lat="30.523435" lon="-97.865752"></trkpt>
      <trkpt lat="30.523240" lon="-97.865890"></trkpt>
      <trkpt lat="30.522970" lon="-97.866047"></trkpt>
      <trkpt lat="30.522603" lon="-97.866257"></trkpt>
      <trkpt lat="30.522339" lon="-97.866408"></trkpt>
      <trkpt lat="30.522267" lon="-97.866450"></trkpt>
      <trkpt lat="30.521845" lon="-97.866689"></trkpt>
      <trkpt lat="30.521574" lon="-97.866850"></trkpt>
      <trkpt lat="30.521348" lon="-97.867016"></trkpt>
      <trkpt lat="30.521075" lon="-97.867270"></trkpt>
      <trkpt lat="30.520800" lon="-97.867550"></trkpt>
      <trkpt lat="30.520670" lon="-97.867682"></trkpt>
      <trkpt lat="30.520358" lon="-97.868025"></trkpt>
      <trkpt lat="30.520242" lon="-97.868152"></trkpt>
      <trkpt lat="30.520044" lon="-97.868329"></trkpt>
      <trkpt lat="30.519837" lon="-97.868503"></trkpt>
      <trkpt lat="30.519575" lon="-97.868681"></trkpt>
      <trkpt lat="30.519402" lon="-97.868797"></trkpt>
      <trkpt lat="30.519166" lon="-97.868919"></trkpt>
      <trkpt lat="30.518782" lon="-97.869099"></trkpt>
      <trkpt lat="30.518286" lon="-97.869344"></trkpt>
      <trkpt lat="30.517978" lon="-97.869495"></trkpt>
      <trkpt lat="30.517483" lon="-97.869736"></trkpt>
      <trkpt lat="30.517148" lon="-97.869882"></trkpt>
      <trkpt lat="30.516778" lon="-97.870060"></trkpt>
      <trkpt lat="30.516523" lon="-97.870155"></trkpt>
      <trkpt lat="30.516173" lon="-97.870208"></trkpt>
      <trkpt lat="30.515972" lon="-97.870220"></trkpt>
      <trkpt lat="30.515779" lon="-97.870220"></trkpt>
      <trkpt lat="30.515689" lon="-97.870778"></trkpt>
      <trkpt lat="30.515547" lon="-97.871324"></trkpt>
      <trkpt lat="30.515377" lon="-97.871855"></trkpt>
      <trkpt lat="30.515365" lon="-97.871904"></trkpt>
      <trkpt lat="30.514932" lon="-97.873230"></trkpt>
      <trkpt lat="30.514351" lon="-97.875005"></trkpt>
      <trkpt lat="30.513768" lon="-97.876771"></trkpt>
      <trkpt lat="30.513744" lon="-97.876844"></trkpt>
      <trkpt lat="30.513525" lon="-97.877516"></trkpt>
      <trkpt lat="30.513301" lon="-97.878203"></trkpt>
      <trkpt lat="30.513063" lon="-97.878917"></trkpt>
      <trkpt lat="30.512964" lon="-97.879207"></trkpt>
      <trkpt lat="30.512947" lon="-97.879254"></trkpt>
      <trkpt lat="30.512737" lon="-97.879855"></trkpt>
      <trkpt lat="30.512565" lon="-97.880389"></trkpt>
      <trkpt lat="30.512232" lon="-97.881445"></trkpt>
      <trkpt lat="30.512105" lon="-97.881848"></trkpt>
      <trkpt lat="30.511992" lon="-97.882350"></trkpt>
      <trkpt lat="30.511932" lon="-97.882832"></trkpt>
      <trkpt lat="30.511934" lon="-97.883236"></trkpt>
      <trkpt lat="30.511979" lon="-97.883649"></trkpt>
      <trkpt lat="30.512051" lon="-97.884035"></trkpt>
      <trkpt lat="30.512143" lon="-97.884405"></trkpt>
      <trkpt lat="30.512387" lon="-97.884994"></trkpt>
      <trkpt lat="30.512203" lon="-97.885120"></trkpt>
      <trkpt lat="30.512387" lon="-97.884994"></trkpt>
      <trkpt lat="30.512649" lon="-97.885415"></trkpt>
      <trkpt lat="30.512664" lon="-97.885437"></trkpt>
      <trkpt lat="30.512968" lon="-97.885886"></trkpt>
      <trkpt lat="30.513425" lon="-97.886308"></trkpt>
      <trkpt lat="30.513740" lon="-97.886532"></trkpt>
      <trkpt lat="30.514079" lon="-97.886718"></trkpt>
      <trkpt lat="30.514360" lon="-97.886830"></trkpt>
      <trkpt lat="30.514749" lon="-97.886986"></trkpt>
      <trkpt lat="30.515098" lon="-97.887165"></trkpt>
      <trkpt lat="30.515398" lon="-97.887317"></trkpt>
      <trkpt lat="30.515729" lon="-97.887549"></trkpt>
      <trkpt lat="30.515785" lon="-97.887610"></trkpt>
      <trkpt lat="30.515979" lon="-97.887817"></trkpt>
      <trkpt lat="30.516128" lon="-97.888037"></trkpt>
      <trkpt lat="30.517073" lon="-97.889112"></trkpt>
      <trkpt lat="30.517244" lon="-97.889306"></trkpt>
      <trkpt lat="30.517392" lon="-97.889495"></trkpt>
      <trkpt lat="30.517529" lon="-97.889737"></trkpt>
      <trkpt lat="30.517717" lon="-97.890124"></trkpt>
      <trkpt lat="30.517903" lon="-97.890639"></trkpt>
      <trkpt lat="30.517967" lon="-97.890964"></trkpt>
      <trkpt lat="30.518006" lon="-97.891162"></trkpt>
      <trkpt lat="30.518370" lon="-97.893535"></trkpt>
      <trkpt lat="30.518537" lon="-97.894212"></trkpt>
      <trkpt lat="30.518797" lon="-97.894950"></trkpt>
      <trkpt lat="30.519057" lon="-97.895539"></trkpt>
      <trkpt lat="30.519528" lon="-97.896602"></trkpt>
      <trkpt lat="30.519583" lon="-97.896699"></trkpt>
      <trkpt lat="30.519671" lon="-97.896910"></trkpt>
      <trkpt lat="30.519733" lon="-97.897054"></trkpt>
      <trkpt lat="30.519837" lon="-97.897308"></trkpt>
      <trkpt lat="30.519851" lon="-97.897374"></trkpt>
      <trkpt lat="30.519919" lon="-97.897640"></trkpt>
      <trkpt lat="30.519946" lon="-97.897968"></trkpt>
      <trkpt lat="30.519927" lon="-97.898363"></trkpt>
      <trkpt lat="30.519851" lon="-97.898737"></trkpt>
      <trkpt lat="30.519272" lon="-97.900602"></trkpt>
      <trkpt lat="30.519011" lon="-97.901673"></trkpt>
      <trkpt lat="30.518944" lon="-97.901964"></trkpt>
      <trkpt lat="30.518780" lon="-97.902731"></trkpt>
      <trkpt lat="30.518725" lon="-97.902988"></trkpt>
      <trkpt lat="30.518666" lon="-97.903240"></trkpt>
      <trkpt lat="30.518615" lon="-97.903424"></trkpt>
      <trkpt lat="30.518470" lon="-97.904004"></trkpt>
      <trkpt lat="30.518301" lon="-97.904794"></trkpt>
      <trkpt lat="30.518211" lon="-97.905088"></trkpt>
      <trkpt lat="30.518068" lon="-97.905538"></trkpt>
      <trkpt lat="30.517956" lon="-97.905818"></trkpt>
      <trkpt lat="30.517762" lon="-97.906217"></trkpt>
      <trkpt lat="30.517611" lon="-97.906471"></trkpt>
      <trkpt lat="30.517458" lon="-97.906728"></trkpt>
      <trkpt lat="30.517276" lon="-97.907033"></trkpt>
      <trkpt lat="30.516603" lon="-97.908189"></trkpt>
      <trkpt lat="30.516489" lon="-97.908399"></trkpt>
      <trkpt lat="30.516176" lon="-97.908973"></trkpt>
      <trkpt lat="30.516119" lon="-97.909077"></trkpt>
      <trkpt lat="30.515917" lon="-97.909369"></trkpt>
      <trkpt lat="30.515686" lon="-97.909604"></trkpt>
      <trkpt lat="30.515548" lon="-97.909714"></trkpt>
      <trkpt lat="30.515362" lon="-97.909836"></trkpt>
      <trkpt lat="30.514409" lon="-97.910248"></trkpt>
      <trkpt lat="30.513443" lon="-97.910656"></trkpt>
      <trkpt lat="30.512047" lon="-97.911291"></trkpt>
      <trkpt lat="30.511901" lon="-97.911358"></trkpt>
      <trkpt lat="30.511620" lon="-97.911487"></trkpt>
      <trkpt lat="30.511132" lon="-97.911727"></trkpt>
      <trkpt lat="30.510425" lon="-97.911956"></trkpt>
      <trkpt lat="30.510326" lon="-97.911988"></trkpt>
      <trkpt lat="30.510128" lon="-97.912036"></trkpt>
      <trkpt lat="30.509959" lon="-97.912076"></trkpt>
      <trkpt lat="30.509559" lon="-97.912148"></trkpt>
      <trkpt lat="30.508012" lon="-97.912426"></trkpt>
      <trkpt lat="30.507879" lon="-97.912450"></trkpt>
      <trkpt lat="30.507140" lon="-97.912702"></trkpt>
      <trkpt lat="30.506487" lon="-97.912956"></trkpt>
      <trkpt lat="30.506341" lon="-97.913023"></trkpt>
      <trkpt lat="30.505907" lon="-97.913223"></trkpt>
      <trkpt lat="30.505388" lon="-97.913548"></trkpt>
      <trkpt lat="30.504841" lon="-97.913921"></trkpt>
      <trkpt lat="30.504374" lon="-97.914293"></trkpt>
      <trkpt lat="30.503959" lon="-97.914742"></trkpt>
      <trkpt lat="30.503422" lon="-97.915395"></trkpt>
      <trkpt lat="30.503316" lon="-97.915566"></trkpt>
      <trkpt lat="30.503124" lon="-97.916062"></trkpt>
      <trkpt lat="30.503041" lon="-97.916403"></trkpt>
      <trkpt lat="30.503029" lon="-97.916454"></trkpt>
      <trkpt lat="30.503001" lon="-97.916746"></trkpt>
      <trkpt lat="30.503001" lon="-97.917147"></trkpt>
      <trkpt lat="30.503005" lon="-97.917215"></trkpt>
      <trkpt lat="30.503081" lon="-97.918451"></trkpt>
      <trkpt lat="30.503076" lon="-97.918799"></trkpt>
      <trkpt lat="30.503025" lon="-97.919096"></trkpt>
      <trkpt lat="30.502944" lon="-97.919382"></trkpt>
      <trkpt lat="30.502830" lon="-97.919651"></trkpt>
      <trkpt lat="30.502607" lon="-97.919994"></trkpt>
      <trkpt lat="30.502399" lon="-97.920266"></trkpt>
      <trkpt lat="30.502208" lon="-97.920459"></trkpt>
      <trkpt lat="30.501822" lon="-97.920709"></trkpt>
      <trkpt lat="30.501138" lon="-97.921119"></trkpt>
      <trkpt lat="30.500605" lon="-97.921481"></trkpt>
      <trkpt lat="30.499884" lon="-97.921989"></trkpt>
      <trkpt lat="30.499092" lon="-97.922513"></trkpt>
      <trkpt lat="30.498803" lon="-97.922723"></trkpt>
      <trkpt lat="30.498453" lon="-97.922936"></trkpt>
      <trkpt lat="30.498284" lon="-97.923018"></trkpt>
      <trkpt lat="30.498142" lon="-97.923087"></trkpt>
      <trkpt lat="30.497419" lon="-97.923438"></trkpt>
      <trkpt lat="30.497117" lon="-97.923585"></trkpt>
      <trkpt lat="30.496741" lon="-97.923752"></trkpt>
      <trkpt lat="30.496531" lon="-97.923844"></trkpt>
      <trkpt lat="30.496264" lon="-97.923982"></trkpt>
      <trkpt lat="30.495475" lon="-97.924349"></trkpt>
      <trkpt lat="30.495122" lon="-97.924504"></trkpt>
      <trkpt lat="30.494827" lon="-97.924570"></trkpt>
      <trkpt lat="30.494613" lon="-97.924579"></trkpt>
      <trkpt lat="30.494533" lon="-97.924576"></trkpt>
      <trkpt lat="30.494453" lon="-97.924573"></trkpt>
      <trkpt lat="30.494238" lon="-97.924513"></trkpt>
      <trkpt lat="30.494024" lon="-97.924425"></trkpt>
      <trkpt lat="30.493848" lon="-97.924342"></trkpt>
      <trkpt lat="30.493287" lon="-97.924095"></trkpt>
      <trkpt lat="30.493078" lon="-97.924003"></trkpt>
      <trkpt lat="30.492722" lon="-97.923846"></trkpt>
      <trkpt lat="30.492371" lon="-97.923744"></trkpt>
      <trkpt lat="30.492136" lon="-97.923688"></trkpt>
      <trkpt lat="30.491944" lon="-97.923678"></trkpt>
      <trkpt lat="30.491756" lon="-97.923701"></trkpt>
      <trkpt lat="30.491388" lon="-97.923802"></trkpt>
      <trkpt lat="30.491060" lon="-97.923966"></trkpt>
      <trkpt lat="30.490994" lon="-97.924013"></trkpt>
      <trkpt lat="30.490676" lon="-97.924221"></trkpt>
      <trkpt lat="30.490448" lon="-97.924450"></trkpt>
      <trkpt lat="30.490243" lon="-97.924748"></trkpt>
      <trkpt lat="30.490085" lon="-97.925068"></trkpt>
      <trkpt lat="30.489444" lon="-97.926791"></trkpt>
      <trkpt lat="30.489226" lon="-97.927364"></trkpt>
      <trkpt lat="30.489104" lon="-97.927696"></trkpt>
      <trkpt lat="30.489044" lon="-97.927832"></trkpt>
      <trkpt lat="30.488898" lon="-97.928096"></trkpt>
      <trkpt lat="30.488693" lon="-97.928379"></trkpt>
      <trkpt lat="30.488429" lon="-97.928667"></trkpt>
      <trkpt lat="30.488084" lon="-97.928943"></trkpt>
      <trkpt lat="30.487896" lon="-97.929054"></trkpt>
      <trkpt lat="30.487632" lon="-97.929191"></trkpt>
      <trkpt lat="30.487169" lon="-97.929323"></trkpt>
      <trkpt lat="30.486705" lon="-97.929453"></trkpt>
      <trkpt lat="30.486533" lon="-97.929508"></trkpt>
      <trkpt lat="30.486365" lon="-97.929575"></trkpt>
      <trkpt lat="30.486009" lon="-97.929762"></trkpt>
      <trkpt lat="30.485946" lon="-97.929799"></trkpt>
      <trkpt lat="30.485789" lon="-97.929892"></trkpt>
      <trkpt lat="30.485395" lon="-97.930127"></trkpt>
      <trkpt lat="30.484897" lon="-97.930422"></trkpt>
      <trkpt lat="30.483952" lon="-97.931017"></trkpt>
      <trkpt lat="30.483264" lon="-97.931550"></trkpt>
      <trkpt lat="30.483239" lon="-97.931570"></trkpt>
      <trkpt lat="30.482891" lon="-97.931856"></trkpt>
      <trkpt lat="30.482630" lon="-97.932163"></trkpt>
      <trkpt lat="30.482353" lon="-97.932569"></trkpt>
      <trkpt lat="30.482182" lon="-97.932944"></trkpt>
      <trkpt lat="30.482034" lon="-97.933373"></trkpt>
      <trkpt lat="30.482001" lon="-97.933563"></trkpt>
      <trkpt lat="30.481963" lon="-97.933779"></trkpt>
      <trkpt lat="30.481935" lon="-97.934063"></trkpt>
      <trkpt lat="30.481938" lon="-97.934236"></trkpt>
      <trkpt lat="30.481951" lon="-97.934870"></trkpt>
      <trkpt lat="30.481976" lon="-97.935272"></trkpt>
      <trkpt lat="30.481950" lon="-97.935757"></trkpt>
      <trkpt lat="30.481895" lon="-97.936239"></trkpt>
      <trkpt lat="30.481761" lon="-97.936749"></trkpt>
      <trkpt lat="30.481574" lon="-97.937259"></trkpt>
      <trkpt lat="30.481128" lon="-97.938471"></trkpt>
      <trkpt lat="30.480735" lon="-97.939541"></trkpt>
      <trkpt lat="30.480476" lon="-97.940339"></trkpt>
      <trkpt lat="30.480085" lon="-97.941833"></trkpt>
      <trkpt lat="30.479584" lon="-97.943751"></trkpt>
      <trkpt lat="30.479370" lon="-97.944684"></trkpt>
      <trkpt lat="30.479068" lon="-97.944898"></trkpt>
      <trkpt lat="30.479136" lon="-97.944822"></trkpt>
      <trkpt lat="30.479227" lon="-97.944747"></trkpt>
      <trkpt lat="30.479370" lon="-97.944684"></trkpt>
      <trkpt lat="30.478794" lon="-97.947004"></trkpt>
      <trkpt lat="30.478612" lon="-97.947870"></trkpt>
      <trkpt lat="30.478327" lon="-97.949230"></trkpt>
      <trkpt lat="30.478204" lon="-97.949749"></trkpt>
      <trkpt lat="30.477766" lon="-97.951591"></trkpt>
      <trkpt lat="30.477684" lon="-97.951930"></trkpt>
      <trkpt lat="30.477666" lon="-97.952006"></trkpt>
      <trkpt lat="30.477432" lon="-97.953036"></trkpt>
      <trkpt lat="30.477340" lon="-97.953436"></trkpt>
      <trkpt lat="30.477008" lon="-97.954893"></trkpt>
      <trkpt lat="30.476976" lon="-97.955033"></trkpt>
      <trkpt lat="30.476952" lon="-97.955139"></trkpt>
      <trkpt lat="30.476854" lon="-97.955570"></trkpt>
      <trkpt lat="30.476796" lon="-97.955840"></trkpt>
      <trkpt lat="30.476736" lon="-97.956087"></trkpt>
      <trkpt lat="30.476601" lon="-97.956675"></trkpt>
      <trkpt lat="30.476506" lon="-97.957048"></trkpt>
      <trkpt lat="30.476403" lon="-97.957376"></trkpt>
      <trkpt lat="30.476288" lon="-97.957674"></trkpt>
      <trkpt lat="30.476167" lon="-97.957964"></trkpt>
      <trkpt lat="30.476016" lon="-97.958283"></trkpt>
      <trkpt lat="30.475888" lon="-97.958513"></trkpt>
      <trkpt lat="30.475688" lon="-97.958865"></trkpt>
      <trkpt lat="30.475659" lon="-97.958915"></trkpt>
      <trkpt lat="30.475356" lon="-97.959321"></trkpt>
      <trkpt lat="30.473717" lon="-97.960964"></trkpt>
      <trkpt lat="30.473377" lon="-97.961350"></trkpt>
      <trkpt lat="30.473116" lon="-97.961670"></trkpt>
      <trkpt lat="30.472824" lon="-97.962147"></trkpt>
      <trkpt lat="30.472605" lon="-97.962660"></trkpt>
      <trkpt lat="30.472321" lon="-97.963543"></trkpt>
      <trkpt lat="30.471528" lon="-97.966350"></trkpt>
      <trkpt lat="30.471489" lon="-97.966483"></trkpt>
      <trkpt lat="30.471215" lon="-97.967435"></trkpt>
      <trkpt lat="30.470902" lon="-97.968554"></trkpt>
      <trkpt lat="30.470824" lon="-97.969062"></trkpt>
      <trkpt lat="30.470813" lon="-97.969557"></trkpt>
      <trkpt lat="30.470887" lon="-97.970158"></trkpt>
      <trkpt lat="30.471008" lon="-97.970620"></trkpt>
      <trkpt lat="30.471109" lon="-97.970974"></trkpt>
      <trkpt lat="30.471304" lon="-97.971318"></trkpt>
      <trkpt lat="30.472150" lon="-97.972515"></trkpt>
      <trkpt lat="30.472154" lon="-97.972522"></trkpt>
      <trkpt lat="30.472422" lon="-97.972862"></trkpt>
      <trkpt lat="30.472933" lon="-97.973561"></trkpt>
      <trkpt lat="30.473031" lon="-97.973695"></trkpt>
      <trkpt lat="30.473329" lon="-97.973966"></trkpt>
      <trkpt lat="30.473366" lon="-97.973999"></trkpt>
      <trkpt lat="30.473452" lon="-97.974068"></trkpt>
      <trkpt lat="30.473755" lon="-97.974284"></trkpt>
      <trkpt lat="30.473763" lon="-97.974289"></trkpt>
      <trkpt lat="30.474151" lon="-97.974450"></trkpt>
      <trkpt lat="30.474560" lon="-97.974549"></trkpt>
      <trkpt lat="30.474717" lon="-97.974569"></trkpt>
      <trkpt lat="30.475000" lon="-97.974605"></trkpt>
      <trkpt lat="30.475048" lon="-97.974611"></trkpt>
      <trkpt lat="30.475362" lon="-97.974630"></trkpt>
      <trkpt lat="30.475445" lon="-97.974640"></trkpt>
      <trkpt lat="30.476026" lon="-97.974710"></trkpt>
      <trkpt lat="30.476157" lon="-97.974726"></trkpt>
      <trkpt lat="30.476888" lon="-97.974815"></trkpt>
      <trkpt lat="30.477501" lon="-97.974939"></trkpt>
      <trkpt lat="30.477727" lon="-97.975014"></trkpt>
      <trkpt lat="30.478029" lon="-97.975114"></trkpt>
      <trkpt lat="30.479058" lon="-97.975429"></trkpt>
      <trkpt lat="30.479306" lon="-97.975520"></trkpt>
      <trkpt lat="30.479610" lon="-97.975655"></trkpt>
      <trkpt lat="30.480014" lon="-97.975877"></trkpt>
      <trkpt lat="30.480111" lon="-97.975952"></trkpt>
      <trkpt lat="30.480358" lon="-97.976143"></trkpt>
      <trkpt lat="30.480726" lon="-97.976499"></trkpt>
      <trkpt lat="30.481452" lon="-97.977470"></trkpt>
      <trkpt lat="30.481636" lon="-97.977672"></trkpt>
      <trkpt lat="30.481957" lon="-97.977884"></trkpt>
      <trkpt lat="30.482289" lon="-97.978024"></trkpt>
      <trkpt lat="30.482556" lon="-97.978077"></trkpt>
      <trkpt lat="30.482926" lon="-97.978076"></trkpt>
      <trkpt lat="30.483212" lon="-97.978025"></trkpt>
      <trkpt lat="30.483518" lon="-97.977905"></trkpt>
      <trkpt lat="30.483768" lon="-97.977780"></trkpt>
      <trkpt lat="30.483980" lon="-97.977591"></trkpt>
      <trkpt lat="30.484006" lon="-97.977565"></trkpt>
      <trkpt lat="30.484245" lon="-97.977318"></trkpt>
      <trkpt lat="30.485024" lon="-97.976322"></trkpt>
      <trkpt lat="30.485930" lon="-97.975237"></trkpt>
      <trkpt lat="30.486136" lon="-97.975044"></trkpt>
      <trkpt lat="30.486358" lon="-97.974917"></trkpt>
      <trkpt lat="30.486594" lon="-97.974827"></trkpt>
      <trkpt lat="30.486868" lon="-97.974775"></trkpt>
      <trkpt lat="30.487060" lon="-97.974788"></trkpt>
      <trkpt lat="30.487310" lon="-97.974836"></trkpt>
      <trkpt lat="30.487471" lon="-97.974898"></trkpt>
      <trkpt lat="30.487759" lon="-97.975074"></trkpt>
      <trkpt lat="30.488231" lon="-97.975511"></trkpt>
      <trkpt lat="30.488739" lon="-97.976024"></trkpt>
      <trkpt lat="30.489061" lon="-97.976393"></trkpt>
      <trkpt lat="30.489464" lon="-97.977001"></trkpt>
      <trkpt lat="30.489560" lon="-97.977133"></trkpt>
      <trkpt lat="30.489826" lon="-97.977565"></trkpt>
      <trkpt lat="30.490613" lon="-97.978794"></trkpt>
      <trkpt lat="30.490825" lon="-97.979029"></trkpt>
      <trkpt lat="30.491066" lon="-97.979219"></trkpt>
      <trkpt lat="30.491326" lon="-97.979368"></trkpt>
      <trkpt lat="30.491572" lon="-97.979443"></trkpt>
      <trkpt lat="30.491906" lon="-97.979507"></trkpt>
      <trkpt lat="30.492588" lon="-97.979546"></trkpt>
      <trkpt lat="30.492896" lon="-97.979559"></trkpt>
      <trkpt lat="30.493310" lon="-97.979540"></trkpt>
      <trkpt lat="30.493655" lon="-97.979500"></trkpt>
      <trkpt lat="30.493986" lon="-97.979436"></trkpt>
      <trkpt lat="30.494448" lon="-97.979304"></trkpt>
      <trkpt lat="30.495154" lon="-97.979057"></trkpt>
      <trkpt lat="30.495448" lon="-97.979002"></trkpt>
      <trkpt lat="30.495736" lon="-97.978992"></trkpt>
      <trkpt lat="30.495896" lon="-97.979011"></trkpt>
      <trkpt lat="30.496246" lon="-97.979106"></trkpt>
      <trkpt lat="30.496479" lon="-97.979194"></trkpt>
      <trkpt lat="30.496691" lon="-97.979299"></trkpt>
      <trkpt lat="30.497053" lon="-97.979573"></trkpt>
      <trkpt lat="30.497221" lon="-97.979728"></trkpt>
      <trkpt lat="30.497366" lon="-97.979924"></trkpt>
      <trkpt lat="30.497896" lon="-97.980840"></trkpt>
      <trkpt lat="30.498038" lon="-97.981186"></trkpt>
      <trkpt lat="30.498114" lon="-97.981507"></trkpt>
      <trkpt lat="30.498117" lon="-97.981743"></trkpt>
      <trkpt lat="30.498076" lon="-97.982115"></trkpt>
      <trkpt lat="30.497996" lon="-97.982420"></trkpt>
      <trkpt lat="30.497831" lon="-97.982757"></trkpt>
      <trkpt lat="30.497400" lon="-97.983360"></trkpt>
      <trkpt lat="30.497243" lon="-97.983694"></trkpt>
      <trkpt lat="30.497147" lon="-97.984016"></trkpt>
      <trkpt lat="30.497098" lon="-97.984362"></trkpt>
      <trkpt lat="30.497081" lon="-97.984738"></trkpt>
      <trkpt lat="30.497106" lon="-97.985066"></trkpt>
      <trkpt lat="30.497189" lon="-97.985441"></trkpt>
      <trkpt lat="30.497365" lon="-97.985853"></trkpt>
      <trkpt lat="30.497496" lon="-97.986102"></trkpt>
      <trkpt lat="30.497716" lon="-97.986382"></trkpt>
      <trkpt lat="30.498151" lon="-97.986748"></trkpt>
      <trkpt lat="30.498735" lon="-97.987140"></trkpt>
      <trkpt lat="30.499065" lon="-97.987368"></trkpt>
      <trkpt lat="30.499400" lon="-97.987646"></trkpt>
      <trkpt lat="30.500028" lon="-97.988310"></trkpt>
      <trkpt lat="30.500176" lon="-97.988466"></trkpt>
      <trkpt lat="30.500421" lon="-97.988630"></trkpt>
      <trkpt lat="30.500722" lon="-97.988742"></trkpt>
      <trkpt lat="30.500997" lon="-97.988758"></trkpt>
      <trkpt lat="30.501374" lon="-97.988720"></trkpt>
      <trkpt lat="30.501779" lon="-97.988691"></trkpt>
      <trkpt lat="30.502034" lon="-97.988706"></trkpt>
      <trkpt lat="30.502276" lon="-97.988768"></trkpt>
      <trkpt lat="30.502622" lon="-97.988925"></trkpt>
      <trkpt lat="30.502949" lon="-97.989140"></trkpt>
      <trkpt lat="30.503147" lon="-97.989356"></trkpt>
      <trkpt lat="30.503312" lon="-97.989564"></trkpt>
      <trkpt lat="30.503799" lon="-97.990349"></trkpt>
      <trkpt lat="30.504011" lon="-97.990621"></trkpt>
      <trkpt lat="30.504350" lon="-97.990960"></trkpt>
      <trkpt lat="30.504737" lon="-97.991234"></trkpt>
      <trkpt lat="30.505036" lon="-97.991457"></trkpt>
      <trkpt lat="30.505231" lon="-97.991679"></trkpt>
      <trkpt lat="30.505426" lon="-97.992017"></trkpt>
      <trkpt lat="30.505539" lon="-97.992343"></trkpt>
      <trkpt lat="30.505699" lon="-97.993112"></trkpt>
      <trkpt lat="30.505872" lon="-97.993602"></trkpt>
      <trkpt lat="30.506051" lon="-97.993963"></trkpt>
      <trkpt lat="30.506534" lon="-97.994777"></trkpt>
      <trkpt lat="30.507030" lon="-97.995669"></trkpt>
      <trkpt lat="30.507179" lon="-97.996083"></trkpt>
      <trkpt lat="30.507245" lon="-97.996381"></trkpt>
      <trkpt lat="30.507294" lon="-97.996735"></trkpt>
      <trkpt lat="30.507284" lon="-97.997098"></trkpt>
      <trkpt lat="30.507242" lon="-97.997470"></trkpt>
      <trkpt lat="30.507108" lon="-97.998063"></trkpt>
      <trkpt lat="30.506963" lon="-97.998427"></trkpt>
      <trkpt lat="30.506794" lon="-97.998678"></trkpt>
      <trkpt lat="30.506539" lon="-97.998938"></trkpt>
      <trkpt lat="30.506147" lon="-97.999160"></trkpt>
      <trkpt lat="30.505015" lon="-97.999650"></trkpt>
      <trkpt lat="30.504709" lon="-97.999817"></trkpt>
      <trkpt lat="30.504520" lon="-97.999966"></trkpt>
      <trkpt lat="30.504303" lon="-98.000211"></trkpt>
      <trkpt lat="30.504171" lon="-98.000466"></trkpt>
      <trkpt lat="30.504032" lon="-98.000793"></trkpt>
      <trkpt lat="30.503963" lon="-98.001098"></trkpt>
      <trkpt lat="30.503954" lon="-98.001402"></trkpt>
      <trkpt lat="30.503952" lon="-98.001472"></trkpt>
      <trkpt lat="30.504001" lon="-98.001829"></trkpt>
      <trkpt lat="30.504133" lon="-98.002217"></trkpt>
      <trkpt lat="30.504873" lon="-98.003638"></trkpt>
      <trkpt lat="30.504968" lon="-98.003822"></trkpt>
      <trkpt lat="30.505520" lon="-98.004938"></trkpt>
      <trkpt lat="30.505666" lon="-98.005240"></trkpt>
      <trkpt lat="30.505787" lon="-98.005589"></trkpt>
      <trkpt lat="30.505841" lon="-98.005910"></trkpt>
      <trkpt lat="30.505850" lon="-98.006325"></trkpt>
      <trkpt lat="30.505818" lon="-98.006648"></trkpt>
      <trkpt lat="30.505690" lon="-98.007108"></trkpt>
      <trkpt lat="30.505404" lon="-98.007717"></trkpt>
      <trkpt lat="30.505091" lon="-98.008302"></trkpt>
      <trkpt lat="30.504664" lon="-98.008925"></trkpt>
      <trkpt lat="30.503435" lon="-98.010340"></trkpt>
      <trkpt lat="30.502864" lon="-98.011052"></trkpt>
      <trkpt lat="30.502576" lon="-98.011571"></trkpt>
      <trkpt lat="30.502220" lon="-98.012286"></trkpt>
      <trkpt lat="30.502129" lon="-98.012467"></trkpt>
      <trkpt lat="30.501940" lon="-98.012882"></trkpt>
      <trkpt lat="30.501803" lon="-98.013278"></trkpt>
      <trkpt lat="30.501707" lon="-98.013643"></trkpt>
      <trkpt lat="30.501651" lon="-98.013937"></trkpt>
      <trkpt lat="30.501612" lon="-98.014229"></trkpt>
      <trkpt lat="30.501587" lon="-98.014411"></trkpt>
      <trkpt lat="30.501580" lon="-98.014508"></trkpt>
      <trkpt lat="30.501575" lon="-98.014666"></trkpt>
      <trkpt lat="30.501581" lon="-98.014999"></trkpt>
      <trkpt lat="30.501660" lon="-98.015976"></trkpt>
      <trkpt lat="30.501690" lon="-98.016279"></trkpt>
      <trkpt lat="30.501730" lon="-98.016495"></trkpt>
      <trkpt lat="30.501799" lon="-98.016698"></trkpt>
      <trkpt lat="30.501869" lon="-98.016887"></trkpt>
      <trkpt lat="30.501937" lon="-98.017006"></trkpt>
      <trkpt lat="30.502029" lon="-98.017166"></trkpt>
      <trkpt lat="30.502236" lon="-98.017444"></trkpt>
      <trkpt lat="30.502633" lon="-98.017780"></trkpt>
      <trkpt lat="30.503397" lon="-98.018222"></trkpt>
      <trkpt lat="30.503523" lon="-98.018321"></trkpt>
      <trkpt lat="30.503614" lon="-98.018392"></trkpt>
      <trkpt lat="30.503771" lon="-98.018548"></trkpt>
      <trkpt lat="30.503839" lon="-98.018616"></trkpt>
      <trkpt lat="30.504008" lon="-98.018854"></trkpt>
      <trkpt lat="30.504139" lon="-98.019108"></trkpt>
      <trkpt lat="30.504265" lon="-98.019449"></trkpt>
      <trkpt lat="30.504309" lon="-98.019636"></trkpt>
      <trkpt lat="30.504350" lon="-98.019812"></trkpt>
      <trkpt lat="30.504415" lon="-98.020327"></trkpt>
      <trkpt lat="30.504492" lon="-98.020729"></trkpt>
      <trkpt lat="30.504629" lon="-98.021166"></trkpt>
      <trkpt lat="30.504825" lon="-98.021632"></trkpt>
      <trkpt lat="30.504902" lon="-98.021817"></trkpt>
      <trkpt lat="30.505015" lon="-98.022124"></trkpt>
      <trkpt lat="30.505096" lon="-98.022430"></trkpt>
      <trkpt lat="30.505112" lon="-98.022796"></trkpt>
      <trkpt lat="30.505102" lon="-98.022857"></trkpt>
      <trkpt lat="30.505079" lon="-98.023021"></trkpt>
      <trkpt lat="30.505037" lon="-98.023275"></trkpt>
      <trkpt lat="30.504959" lon="-98.023761"></trkpt>
      <trkpt lat="30.504940" lon="-98.024117"></trkpt>
      <trkpt lat="30.505001" lon="-98.024511"></trkpt>
      <trkpt lat="30.505105" lon="-98.024907"></trkpt>
      <trkpt lat="30.505411" lon="-98.025772"></trkpt>
      <trkpt lat="30.505501" lon="-98.026096"></trkpt>
      <trkpt lat="30.505553" lon="-98.026388"></trkpt>
      <trkpt lat="30.505678" lon="-98.027948"></trkpt>
      <trkpt lat="30.505813" lon="-98.029417"></trkpt>
      <trkpt lat="30.505901" lon="-98.030005"></trkpt>
      <trkpt lat="30.506015" lon="-98.030417"></trkpt>
      <trkpt lat="30.506243" lon="-98.030997"></trkpt>
      <trkpt lat="30.506765" lon="-98.031912"></trkpt>
      <trkpt lat="30.506962" lon="-98.032257"></trkpt>
      <trkpt lat="30.507110" lon="-98.032516"></trkpt>
      <trkpt lat="30.507668" lon="-98.033618"></trkpt>
      <trkpt lat="30.508046" lon="-98.034268"></trkpt>
      <trkpt lat="30.508292" lon="-98.034556"></trkpt>
      <trkpt lat="30.509626" lon="-98.035684"></trkpt>
      <trkpt lat="30.509810" lon="-98.035913"></trkpt>
      <trkpt lat="30.509935" lon="-98.036118"></trkpt>
      <trkpt lat="30.510037" lon="-98.036320"></trkpt>
      <trkpt lat="30.510163" lon="-98.036693"></trkpt>
      <trkpt lat="30.510211" lon="-98.036909"></trkpt>
      <trkpt lat="30.510289" lon="-98.037270"></trkpt>
      <trkpt lat="30.510454" lon="-98.038029"></trkpt>
      <trkpt lat="30.510699" lon="-98.038873"></trkpt>
      <trkpt lat="30.510851" lon="-98.039248"></trkpt>
      <trkpt lat="30.511064" lon="-98.039629"></trkpt>
      <trkpt lat="30.511352" lon="-98.040031"></trkpt>
      <trkpt lat="30.511725" lon="-98.040356"></trkpt>
      <trkpt lat="30.512036" lon="-98.040598"></trkpt>
      <trkpt lat="30.512485" lon="-98.040836"></trkpt>
      <trkpt lat="30.513800" lon="-98.041397"></trkpt>
      <trkpt lat="30.513904" lon="-98.041440"></trkpt>
      <trkpt lat="30.514568" lon="-98.041714"></trkpt>
      <trkpt lat="30.516770" lon="-98.042668"></trkpt>
      <trkpt lat="30.517088" lon="-98.042824"></trkpt>
      <trkpt lat="30.517542" lon="-98.043091"></trkpt>
      <trkpt lat="30.517749" lon="-98.043249"></trkpt>
      <trkpt lat="30.517966" lon="-98.043414"></trkpt>
      <trkpt lat="30.519559" lon="-98.044989"></trkpt>
      <trkpt lat="30.520044" lon="-98.045473"></trkpt>
      <trkpt lat="30.520351" lon="-98.045897"></trkpt>
      <trkpt lat="30.520442" lon="-98.046023"></trkpt>
      <trkpt lat="30.520803" lon="-98.046561"></trkpt>
      <trkpt lat="30.521040" lon="-98.047098"></trkpt>
      <trkpt lat="30.521356" lon="-98.047954"></trkpt>
      <trkpt lat="30.521935" lon="-98.049963"></trkpt>
      <trkpt lat="30.522882" lon="-98.053253"></trkpt>
      <trkpt lat="30.523083" lon="-98.054119"></trkpt>
      <trkpt lat="30.523116" lon="-98.054389"></trkpt>
      <trkpt lat="30.523134" lon="-98.054540"></trkpt>
      <trkpt lat="30.523090" lon="-98.055227"></trkpt>
      <trkpt lat="30.522979" lon="-98.055913"></trkpt>
      <trkpt lat="30.522824" lon="-98.056385"></trkpt>
      <trkpt lat="30.522704" lon="-98.056597"></trkpt>
      <trkpt lat="30.522436" lon="-98.057071"></trkpt>
      <trkpt lat="30.522017" lon="-98.057656"></trkpt>
      <trkpt lat="30.521249" lon="-98.058729"></trkpt>
      <trkpt lat="30.520833" lon="-98.059429"></trkpt>
      <trkpt lat="30.520609" lon="-98.059959"></trkpt>
      <trkpt lat="30.520465" lon="-98.060643"></trkpt>
      <trkpt lat="30.520438" lon="-98.060925"></trkpt>
      <trkpt lat="30.520429" lon="-98.061022"></trkpt>
      <trkpt lat="30.520406" lon="-98.061604"></trkpt>
      <trkpt lat="30.520337" lon="-98.062662"></trkpt>
      <trkpt lat="30.520297" lon="-98.063779"></trkpt>
      <trkpt lat="30.520255" lon="-98.064099"></trkpt>
      <trkpt lat="30.520192" lon="-98.064580"></trkpt>
      <trkpt lat="30.520041" lon="-98.065251"></trkpt>
      <trkpt lat="30.519683" lon="-98.066968"></trkpt>
      <trkpt lat="30.519574" lon="-98.067739"></trkpt>
      <trkpt lat="30.519475" lon="-98.068857"></trkpt>
      <trkpt lat="30.519427" lon="-98.069446"></trkpt>
      <trkpt lat="30.519264" lon="-98.071445"></trkpt>
      <trkpt lat="30.519231" lon="-98.072255"></trkpt>
      <trkpt lat="30.519230" lon="-98.072665"></trkpt>
      <trkpt lat="30.519263" lon="-98.073252"></trkpt>
      <trkpt lat="30.519394" lon="-98.073930"></trkpt>
      <trkpt lat="30.519563" lon="-98.074586"></trkpt>
      <trkpt lat="30.519806" lon="-98.075237"></trkpt>
      <trkpt lat="30.520935" lon="-98.077704"></trkpt>
      <trkpt lat="30.520982" lon="-98.077807"></trkpt>
      <trkpt lat="30.521532" lon="-98.079066"></trkpt>
      <trkpt lat="30.522128" lon="-98.080429"></trkpt>
      <trkpt lat="30.522768" lon="-98.081890"></trkpt>
      <trkpt lat="30.523407" lon="-98.083352"></trkpt>
      <trkpt lat="30.523514" lon="-98.083596"></trkpt>
      <trkpt lat="30.523822" lon="-98.084355"></trkpt>
      <trkpt lat="30.524174" lon="-98.085369"></trkpt>
      <trkpt lat="30.524552" lon="-98.086535"></trkpt>
      <trkpt lat="30.524935" lon="-98.087801"></trkpt>
      <trkpt lat="30.525207" lon="-98.088646"></trkpt>
      <trkpt lat="30.525313" lon="-98.089139"></trkpt>
      <trkpt lat="30.525367" lon="-98.089528"></trkpt>
      <trkpt lat="30.525526" lon="-98.091261"></trkpt>
      <trkpt lat="30.525704" lon="-98.091941"></trkpt>
      <trkpt lat="30.525777" lon="-98.092244"></trkpt>
      <trkpt lat="30.525933" lon="-98.092603"></trkpt>
      <trkpt lat="30.526599" lon="-98.094139"></trkpt>
      <trkpt lat="30.526770" lon="-98.094452"></trkpt>
      <trkpt lat="30.526922" lon="-98.095206"></trkpt>
      <trkpt lat="30.527083" lon="-98.096002"></trkpt>
      <trkpt lat="30.527116" lon="-98.097173"></trkpt>
      <trkpt lat="30.527136" lon="-98.097903"></trkpt>
      <trkpt lat="30.527175" lon="-98.098635"></trkpt>
      <trkpt lat="30.527282" lon="-98.099226"></trkpt>
      <trkpt lat="30.527491" lon="-98.099855"></trkpt>
      <trkpt lat="30.527644" lon="-98.100151"></trkpt>
      <trkpt lat="30.527853" lon="-98.100531"></trkpt>
      <trkpt lat="30.528192" lon="-98.100967"></trkpt>
      <trkpt lat="30.528456" lon="-98.101188"></trkpt>
      <trkpt lat="30.528545" lon="-98.101262"></trkpt>
      <trkpt lat="30.528839" lon="-98.101483"></trkpt>
      <trkpt lat="30.529464" lon="-98.101814"></trkpt>
      <trkpt lat="30.530299" lon="-98.102244"></trkpt>
      <trkpt lat="30.530864" lon="-98.102601"></trkpt>
      <trkpt lat="30.531386" lon="-98.103069"></trkpt>
      <trkpt lat="30.531753" lon="-98.103565"></trkpt>
      <trkpt lat="30.531851" lon="-98.103697"></trkpt>
      <trkpt lat="30.531873" lon="-98.103754"></trkpt>
      <trkpt lat="30.532081" lon="-98.104305"></trkpt>
      <trkpt lat="30.532288" lon="-98.104992"></trkpt>
      <trkpt lat="30.532476" lon="-98.106138"></trkpt>
      <trkpt lat="30.532717" lon="-98.107194"></trkpt>
      <trkpt lat="30.533216" lon="-98.108200"></trkpt>
      <trkpt lat="30.533603" lon="-98.108638"></trkpt>
      <trkpt lat="30.533972" lon="-98.108967"></trkpt>
      <trkpt lat="30.534441" lon="-98.109256"></trkpt>
      <trkpt lat="30.535129" lon="-98.109554"></trkpt>
      <trkpt lat="30.537262" lon="-98.110476"></trkpt>
      <trkpt lat="30.537600" lon="-98.110622"></trkpt>
      <trkpt lat="30.538399" lon="-98.110991"></trkpt>
      <trkpt lat="30.538968" lon="-98.111264"></trkpt>
      <trkpt lat="30.539455" lon="-98.111497"></trkpt>
      <trkpt lat="30.539923" lon="-98.111662"></trkpt>
      <trkpt lat="30.540298" lon="-98.111757"></trkpt>
      <trkpt lat="30.540594" lon="-98.111806"></trkpt>
      <trkpt lat="30.540771" lon="-98.111821"></trkpt>
      <trkpt lat="30.540814" lon="-98.111825"></trkpt>
      <trkpt lat="30.540993" lon="-98.111835"></trkpt>
      <trkpt lat="30.541188" lon="-98.111834"></trkpt>
      <trkpt lat="30.541964" lon="-98.111706"></trkpt>
      <trkpt lat="30.542424" lon="-98.111556"></trkpt>
      <trkpt lat="30.542723" lon="-98.111389"></trkpt>
      <trkpt lat="30.543135" lon="-98.111167"></trkpt>
      <trkpt lat="30.543339" lon="-98.111068"></trkpt>
      <trkpt lat="30.543557" lon="-98.110948"></trkpt>
      <trkpt lat="30.543710" lon="-98.110875"></trkpt>
      <trkpt lat="30.543920" lon="-98.110753"></trkpt>
      <trkpt lat="30.544787" lon="-98.110290"></trkpt>
      <trkpt lat="30.545056" lon="-98.110146"></trkpt>
      <trkpt lat="30.545925" lon="-98.109677"></trkpt>
      <trkpt lat="30.546593" lon="-98.109486"></trkpt>
      <trkpt lat="30.547412" lon="-98.109487"></trkpt>
      <trkpt lat="30.547482" lon="-98.109507"></trkpt>
      <trkpt lat="30.547738" lon="-98.109581"></trkpt>
      <trkpt lat="30.548007" lon="-98.109658"></trkpt>
      <trkpt lat="30.550472" lon="-98.110994"></trkpt>
      <trkpt lat="30.552446" lon="-98.112051"></trkpt>
      <trkpt lat="30.554494" lon="-98.113149"></trkpt>
      <trkpt lat="30.555281" lon="-98.113474"></trkpt>
      <trkpt lat="30.555845" lon="-98.113688"></trkpt>
      <trkpt lat="30.556265" lon="-98.113791"></trkpt>
      <trkpt lat="30.556932" lon="-98.113983"></trkpt>
      <trkpt lat="30.557255" lon="-98.114077"></trkpt>
      <trkpt lat="30.557437" lon="-98.114129"></trkpt>
      <trkpt lat="30.557912" lon="-98.114254"></trkpt>
      <trkpt lat="30.558495" lon="-98.114403"></trkpt>
      <trkpt lat="30.561313" lon="-98.115124"></trkpt>
      <trkpt lat="30.561372" lon="-98.115141"></trkpt>
      <trkpt lat="30.561664" lon="-98.115227"></trkpt>
      <trkpt lat="30.561769" lon="-98.115262"></trkpt>
      <trkpt lat="30.561899" lon="-98.115311"></trkpt>
      <trkpt lat="30.562489" lon="-98.115534"></trkpt>
      <trkpt lat="30.562637" lon="-98.115615"></trkpt>
      <trkpt lat="30.563558" lon="-98.116117"></trkpt>
      <trkpt lat="30.564138" lon="-98.116479"></trkpt>
      <trkpt lat="30.564304" lon="-98.116585"></trkpt>
      <trkpt lat="30.565240" lon="-98.117167"></trkpt>
      <trkpt lat="30.565932" lon="-98.117590"></trkpt>
      <trkpt lat="30.566521" lon="-98.117927"></trkpt>
      <trkpt lat="30.566754" lon="-98.118048"></trkpt>
      <trkpt lat="30.567202" lon="-98.118346"></trkpt>
      <trkpt lat="30.568152" lon="-98.118963"></trkpt>
      <trkpt lat="30.568333" lon="-98.119080"></trkpt>
      <trkpt lat="30.568527" lon="-98.119252"></trkpt>
      <trkpt lat="30.569040" lon="-98.119709"></trkpt>
      <trkpt lat="30.569381" lon="-98.120026"></trkpt>
      <trkpt lat="30.569588" lon="-98.120250"></trkpt>
      <trkpt lat="30.569897" lon="-98.120585"></trkpt>
      <trkpt lat="30.570010" lon="-98.120708"></trkpt>
      <trkpt lat="30.571369" lon="-98.122181"></trkpt>
      <trkpt lat="30.571709" lon="-98.122525"></trkpt>
      <trkpt lat="30.571740" lon="-98.122556"></trkpt>
      <trkpt lat="30.571768" lon="-98.122584"></trkpt>
      <trkpt lat="30.573246" lon="-98.124192"></trkpt>
      <trkpt lat="30.573495" lon="-98.124462"></trkpt>
      <trkpt lat="30.573549" lon="-98.124521"></trkpt>
      <trkpt lat="30.574108" lon="-98.125120"></trkpt>
      <trkpt lat="30.574689" lon="-98.125696"></trkpt>
      <trkpt lat="30.574860" lon="-98.125865"></trkpt>
      <trkpt lat="30.576087" lon="-98.127081"></trkpt>
      <trkpt lat="30.576844" lon="-98.127900"></trkpt>
      <trkpt lat="30.577130" lon="-98.128248"></trkpt>
      <trkpt lat="30.577457" lon="-98.128740"></trkpt>
      <trkpt lat="30.577530" lon="-98.128835"></trkpt>
      <trkpt lat="30.577705" lon="-98.129093"></trkpt>
      <trkpt lat="30.577844" lon="-98.129355"></trkpt>
      <trkpt lat="30.577893" lon="-98.129466"></trkpt>
      <trkpt lat="30.577973" lon="-98.129647"></trkpt>
      <trkpt lat="30.578013" lon="-98.129738"></trkpt>
      <trkpt lat="30.578092" lon="-98.129993"></trkpt>
      <trkpt lat="30.578126" lon="-98.130122"></trkpt>
      <trkpt lat="30.578168" lon="-98.130279"></trkpt>
      <trkpt lat="30.578199" lon="-98.130458"></trkpt>
      <trkpt lat="30.578208" lon="-98.130511"></trkpt>
      <trkpt lat="30.578223" lon="-98.130594"></trkpt>
      <trkpt lat="30.578236" lon="-98.130745"></trkpt>
      <trkpt lat="30.578256" lon="-98.131066"></trkpt>
      <trkpt lat="30.578255" lon="-98.131175"></trkpt>
      <trkpt lat="30.578252" lon="-98.131353"></trkpt>
      <trkpt lat="30.578240" lon="-98.131500"></trkpt>
      <trkpt lat="30.578223" lon="-98.131704"></trkpt>
      <trkpt lat="30.578217" lon="-98.131767"></trkpt>
      <trkpt lat="30.578206" lon="-98.131870"></trkpt>
      <trkpt lat="30.578138" lon="-98.132202"></trkpt>
      <trkpt lat="30.578081" lon="-98.132408"></trkpt>
      <trkpt lat="30.578010" lon="-98.132594"></trkpt>
      <trkpt lat="30.577899" lon="-98.132868"></trkpt>
      <trkpt lat="30.577387" lon="-98.133813"></trkpt>
      <trkpt lat="30.577079" lon="-98.134195"></trkpt>
      <trkpt lat="30.576564" lon="-98.134668"></trkpt>
      <trkpt lat="30.576484" lon="-98.134743"></trkpt>
      <trkpt lat="30.576256" lon="-98.134912"></trkpt>
      <trkpt lat="30.576077" lon="-98.135023"></trkpt>
      <trkpt lat="30.575752" lon="-98.135192"></trkpt>
      <trkpt lat="30.575623" lon="-98.135245"></trkpt>
      <trkpt lat="30.575590" lon="-98.135259"></trkpt>
      <trkpt lat="30.575485" lon="-98.135302"></trkpt>
      <trkpt lat="30.575389" lon="-98.135322"></trkpt>
      <trkpt lat="30.575216" lon="-98.135368"></trkpt>
      <trkpt lat="30.574978" lon="-98.135421"></trkpt>
      <trkpt lat="30.574552" lon="-98.135468"></trkpt>
      <trkpt lat="30.572831" lon="-98.135632"></trkpt>
      <trkpt lat="30.572003" lon="-98.135711"></trkpt>
      <trkpt lat="30.571689" lon="-98.135747"></trkpt>
      <trkpt lat="30.570061" lon="-98.135925"></trkpt>
      <trkpt lat="30.569597" lon="-98.135975"></trkpt>
      <trkpt lat="30.568572" lon="-98.136110"></trkpt>
      <trkpt lat="30.568311" lon="-98.136162"></trkpt>
      <trkpt lat="30.567685" lon="-98.136355"></trkpt>
      <trkpt lat="30.567401" lon="-98.136466"></trkpt>
      <trkpt lat="30.567134" lon="-98.136607"></trkpt>
      <trkpt lat="30.566611" lon="-98.136933"></trkpt>
      <trkpt lat="30.566328" lon="-98.137152"></trkpt>
      <trkpt lat="30.566269" lon="-98.137197"></trkpt>
      <trkpt lat="30.565977" lon="-98.137451"></trkpt>
      <trkpt lat="30.565682" lon="-98.137759"></trkpt>
      <trkpt lat="30.565345" lon="-98.138158"></trkpt>
      <trkpt lat="30.565084" lon="-98.138460"></trkpt>
      <trkpt lat="30.564909" lon="-98.138750"></trkpt>
      <trkpt lat="30.564677" lon="-98.139139"></trkpt>
      <trkpt lat="30.564546" lon="-98.139358"></trkpt>
      <trkpt lat="30.563925" lon="-98.140394"></trkpt>
      <trkpt lat="30.562988" lon="-98.141961"></trkpt>
      <trkpt lat="30.562649" lon="-98.142540"></trkpt>
      <trkpt lat="30.562243" lon="-98.143212"></trkpt>
      <trkpt lat="30.561474" lon="-98.144492"></trkpt>
      <trkpt lat="30.561323" lon="-98.144750"></trkpt>
      <trkpt lat="30.561200" lon="-98.144951"></trkpt>
      <trkpt lat="30.561147" lon="-98.145039"></trkpt>
      <trkpt lat="30.560598" lon="-98.145962"></trkpt>
      <trkpt lat="30.560346" lon="-98.146387"></trkpt>
      <trkpt lat="30.560060" lon="-98.146846"></trkpt>
      <trkpt lat="30.559742" lon="-98.147630"></trkpt>
      <trkpt lat="30.559681" lon="-98.147780"></trkpt>
      <trkpt lat="30.559458" lon="-98.148450"></trkpt>
      <trkpt lat="30.559315" lon="-98.149242"></trkpt>
      <trkpt lat="30.559248" lon="-98.149781"></trkpt>
      <trkpt lat="30.559221" lon="-98.150395"></trkpt>
      <trkpt lat="30.559177" lon="-98.152544"></trkpt>
      <trkpt lat="30.559129" lon="-98.154883"></trkpt>
      <trkpt lat="30.559129" lon="-98.155116"></trkpt>
      <trkpt lat="30.559127" lon="-98.155666"></trkpt>
      <trkpt lat="30.559126" lon="-98.156251"></trkpt>
      <trkpt lat="30.559124" lon="-98.156723"></trkpt>
      <trkpt lat="30.559092" lon="-98.158745"></trkpt>
      <trkpt lat="30.559071" lon="-98.158981"></trkpt>
      <trkpt lat="30.559036" lon="-98.159217"></trkpt>
      <trkpt lat="30.558985" lon="-98.159450"></trkpt>
      <trkpt lat="30.558923" lon="-98.159677"></trkpt>
      <trkpt lat="30.558844" lon="-98.159899"></trkpt>
      <trkpt lat="30.558143" lon="-98.161493"></trkpt>
      <trkpt lat="30.558038" lon="-98.161706"></trkpt>
      <trkpt lat="30.557919" lon="-98.161982"></trkpt>
      <trkpt lat="30.557829" lon="-98.162215"></trkpt>
      <trkpt lat="30.557756" lon="-98.162501"></trkpt>
      <trkpt lat="30.557719" lon="-98.162690"></trkpt>
      <trkpt lat="30.557674" lon="-98.163052"></trkpt>
      <trkpt lat="30.557643" lon="-98.163351"></trkpt>
      <trkpt lat="30.557642" lon="-98.163490"></trkpt>
      <trkpt lat="30.557642" lon="-98.163657"></trkpt>
      <trkpt lat="30.557641" lon="-98.163783"></trkpt>
      <trkpt lat="30.557677" lon="-98.164083"></trkpt>
      <trkpt lat="30.557887" lon="-98.165063"></trkpt>
      <trkpt lat="30.558139" lon="-98.166406"></trkpt>
      <trkpt lat="30.558387" lon="-98.167247"></trkpt>
      <trkpt lat="30.558480" lon="-98.167523"></trkpt>
      <trkpt lat="30.558583" lon="-98.167784"></trkpt>
      <trkpt lat="30.558692" lon="-98.168028"></trkpt>
      <trkpt lat="30.558864" lon="-98.168297"></trkpt>
      <trkpt lat="30.558911" lon="-98.168371"></trkpt>
      <trkpt lat="30.559117" lon="-98.168659"></trkpt>
      <trkpt lat="30.559679" lon="-98.169353"></trkpt>
      <trkpt lat="30.560328" lon="-98.170180"></trkpt>
      <trkpt lat="30.560578" lon="-98.170481"></trkpt>
      <trkpt lat="30.560775" lon="-98.170670"></trkpt>
      <trkpt lat="30.561130" lon="-98.170929"></trkpt>
      <trkpt lat="30.561269" lon="-98.171004"></trkpt>
      <trkpt lat="30.561475" lon="-98.171137"></trkpt>
      <trkpt lat="30.561736" lon="-98.171254"></trkpt>
      <trkpt lat="30.562270" lon="-98.171407"></trkpt>
      <trkpt lat="30.562808" lon="-98.171554"></trkpt>
      <trkpt lat="30.563724" lon="-98.171763"></trkpt>
      <trkpt lat="30.565785" lon="-98.172138"></trkpt>
      <trkpt lat="30.566114" lon="-98.172208"></trkpt>
      <trkpt lat="30.566675" lon="-98.172327"></trkpt>
      <trkpt lat="30.566733" lon="-98.172333"></trkpt>
      <trkpt lat="30.567168" lon="-98.172431"></trkpt>
      <trkpt lat="30.567654" lon="-98.172526"></trkpt>
      <trkpt lat="30.568148" lon="-98.172582"></trkpt>
      <trkpt lat="30.568700" lon="-98.172593"></trkpt>
      <trkpt lat="30.569138" lon="-98.172547"></trkpt>
      <trkpt lat="30.569463" lon="-98.172481"></trkpt>
      <trkpt lat="30.569571" lon="-98.172459"></trkpt>
      <trkpt lat="30.570032" lon="-98.172314"></trkpt>
      <trkpt lat="30.570381" lon="-98.172134"></trkpt>
      <trkpt lat="30.570623" lon="-98.171999"></trkpt>
      <trkpt lat="30.570871" lon="-98.171888"></trkpt>
      <trkpt lat="30.571320" lon="-98.171605"></trkpt>
      <trkpt lat="30.571453" lon="-98.171521"></trkpt>
      <trkpt lat="30.572506" lon="-98.170840"></trkpt>
      <trkpt lat="30.573301" lon="-98.170326"></trkpt>
      <trkpt lat="30.573396" lon="-98.170270"></trkpt>
      <trkpt lat="30.574101" lon="-98.169826"></trkpt>
      <trkpt lat="30.574537" lon="-98.169635"></trkpt>
      <trkpt lat="30.574876" lon="-98.169521"></trkpt>
      <trkpt lat="30.575183" lon="-98.169455"></trkpt>
      <trkpt lat="30.575397" lon="-98.169418"></trkpt>
      <trkpt lat="30.575736" lon="-98.169462"></trkpt>
      <trkpt lat="30.576015" lon="-98.169500"></trkpt>
      <trkpt lat="30.576454" lon="-98.169619"></trkpt>
      <trkpt lat="30.576813" lon="-98.169752"></trkpt>
      <trkpt lat="30.577094" lon="-98.169893"></trkpt>
      <trkpt lat="30.577277" lon="-98.170007"></trkpt>
      <trkpt lat="30.577477" lon="-98.170165"></trkpt>
      <trkpt lat="30.577741" lon="-98.170373"></trkpt>
      <trkpt lat="30.577867" lon="-98.170472"></trkpt>
      <trkpt lat="30.578107" lon="-98.170664"></trkpt>
      <trkpt lat="30.578249" lon="-98.170777"></trkpt>
      <trkpt lat="30.578691" lon="-98.171132"></trkpt>
      <trkpt lat="30.579352" lon="-98.171646"></trkpt>
      <trkpt lat="30.579735" lon="-98.171843"></trkpt>
      <trkpt lat="30.580120" lon="-98.171998"></trkpt>
      <trkpt lat="30.581409" lon="-98.172356"></trkpt>
      <trkpt lat="30.581469" lon="-98.172373"></trkpt>
      <trkpt lat="30.582477" lon="-98.172652"></trkpt>
      <trkpt lat="30.582545" lon="-98.172671"></trkpt>
      <trkpt lat="30.582725" lon="-98.172721"></trkpt>
      <trkpt lat="30.582811" lon="-98.172744"></trkpt>
      <trkpt lat="30.585118" lon="-98.173396"></trkpt>
      <trkpt lat="30.585399" lon="-98.173464"></trkpt>
      <trkpt lat="30.585561" lon="-98.173493"></trkpt>
      <trkpt lat="30.585635" lon="-98.173507"></trkpt>
      <trkpt lat="30.586112" lon="-98.173541"></trkpt>
      <trkpt lat="30.586505" lon="-98.173570"></trkpt>
      <trkpt lat="30.587594" lon="-98.173651"></trkpt>
      <trkpt lat="30.588011" lon="-98.173759"></trkpt>
      <trkpt lat="30.588069" lon="-98.173774"></trkpt>
      <trkpt lat="30.588454" lon="-98.173984"></trkpt>
      <trkpt lat="30.588867" lon="-98.174233"></trkpt>
      <trkpt lat="30.589159" lon="-98.174495"></trkpt>
      <trkpt lat="30.589262" lon="-98.174588"></trkpt>
      <trkpt lat="30.589465" lon="-98.174770"></trkpt>
      <trkpt lat="30.589697" lon="-98.175081"></trkpt>
      <trkpt lat="30.589881" lon="-98.175392"></trkpt>
      <trkpt lat="30.589966" lon="-98.175534"></trkpt>
      <trkpt lat="30.590074" lon="-98.175756"></trkpt>
      <trkpt lat="30.590208" lon="-98.176080"></trkpt>
      <trkpt lat="30.590297" lon="-98.176403"></trkpt>
      <trkpt lat="30.590380" lon="-98.176767"></trkpt>
      <trkpt lat="30.590407" lon="-98.177123"></trkpt>
      <trkpt lat="30.590415" lon="-98.177507"></trkpt>
      <trkpt lat="30.590407" lon="-98.177805"></trkpt>
      <trkpt lat="30.590378" lon="-98.178129"></trkpt>
      <trkpt lat="30.590327" lon="-98.178440"></trkpt>
      <trkpt lat="30.590202" lon="-98.178903"></trkpt>
      <trkpt lat="30.590001" lon="-98.179372"></trkpt>
      <trkpt lat="30.589970" lon="-98.179426"></trkpt>
      <trkpt lat="30.589709" lon="-98.179892"></trkpt>
      <trkpt lat="30.589431" lon="-98.180204"></trkpt>
      <trkpt lat="30.589207" lon="-98.180433"></trkpt>
      <trkpt lat="30.588446" lon="-98.181199"></trkpt>
      <trkpt lat="30.588094" lon="-98.181584"></trkpt>
      <trkpt lat="30.587800" lon="-98.182008"></trkpt>
      <trkpt lat="30.587542" lon="-98.182482"></trkpt>
      <trkpt lat="30.587344" lon="-98.182945"></trkpt>
      <trkpt lat="30.587218" lon="-98.183429"></trkpt>
      <trkpt lat="30.587146" lon="-98.183886"></trkpt>
      <trkpt lat="30.587141" lon="-98.183914"></trkpt>
      <trkpt lat="30.587100" lon="-98.184401"></trkpt>
      <trkpt lat="30.586977" lon="-98.185863"></trkpt>
      <trkpt lat="30.586942" lon="-98.186280"></trkpt>
      <trkpt lat="30.586868" lon="-98.187137"></trkpt>
      <trkpt lat="30.586730" lon="-98.188716"></trkpt>
      <trkpt lat="30.586713" lon="-98.188959"></trkpt>
      <trkpt lat="30.586650" lon="-98.190030"></trkpt>
      <trkpt lat="30.586635" lon="-98.190448"></trkpt>
      <trkpt lat="30.586659" lon="-98.190884"></trkpt>
      <trkpt lat="30.586699" lon="-98.191290"></trkpt>
      <trkpt lat="30.586837" lon="-98.191832"></trkpt>
      <trkpt lat="30.587040" lon="-98.192281"></trkpt>
      <trkpt lat="30.587273" lon="-98.192755"></trkpt>
      <trkpt lat="30.587524" lon="-98.193321"></trkpt>
      <trkpt lat="30.587591" lon="-98.193515"></trkpt>
      <trkpt lat="30.587685" lon="-98.193884"></trkpt>
      <trkpt lat="30.587752" lon="-98.194279"></trkpt>
      <trkpt lat="30.587774" lon="-98.195071"></trkpt>
      <trkpt lat="30.587842" lon="-98.195571"></trkpt>
      <trkpt lat="30.587938" lon="-98.196006"></trkpt>
      <trkpt lat="30.588099" lon="-98.196762"></trkpt>
      <trkpt lat="30.588200" lon="-98.197222"></trkpt>
      <trkpt lat="30.588398" lon="-98.198110"></trkpt>
      <trkpt lat="30.588544" lon="-98.198754"></trkpt>
      <trkpt lat="30.588695" lon="-98.199863"></trkpt>
      <trkpt lat="30.588741" lon="-98.200633"></trkpt>
      <trkpt lat="30.588675" lon="-98.201801"></trkpt>
      <trkpt lat="30.588583" lon="-98.203094"></trkpt>
      <trkpt lat="30.588525" lon="-98.203907"></trkpt>
      <trkpt lat="30.588407" lon="-98.204583"></trkpt>
      <trkpt lat="30.588270" lon="-98.205146"></trkpt>
      <trkpt lat="30.588266" lon="-98.205163"></trkpt>
      <trkpt lat="30.588023" lon="-98.205812"></trkpt>
      <trkpt lat="30.587261" lon="-98.207613"></trkpt>
      <trkpt lat="30.586843" lon="-98.208582"></trkpt>
      <trkpt lat="30.586694" lon="-98.209098"></trkpt>
      <trkpt lat="30.586625" lon="-98.209517"></trkpt>
      <trkpt lat="30.586609" lon="-98.209615"></trkpt>
      <trkpt lat="30.586579" lon="-98.210852"></trkpt>
      <trkpt lat="30.586526" lon="-98.213068"></trkpt>
      <trkpt lat="30.586434" lon="-98.214631"></trkpt>
      <trkpt lat="30.586376" lon="-98.215722"></trkpt>
      <trkpt lat="30.586358" lon="-98.216051"></trkpt>
      <trkpt lat="30.586289" lon="-98.217212"></trkpt>
      <trkpt lat="30.586224" lon="-98.218105"></trkpt>
      <trkpt lat="30.586179" lon="-98.218480"></trkpt>
      <trkpt lat="30.586069" lon="-98.219405"></trkpt>
      <trkpt lat="30.585869" lon="-98.220941"></trkpt>
      <trkpt lat="30.585754" lon="-98.221941"></trkpt>
      <trkpt lat="30.585646" lon="-98.222571"></trkpt>
      <trkpt lat="30.585638" lon="-98.222630"></trkpt>
      <trkpt lat="30.585465" lon="-98.223159"></trkpt>
      <trkpt lat="30.585371" lon="-98.223448"></trkpt>
      <trkpt lat="30.585258" lon="-98.223753"></trkpt>
      <trkpt lat="30.585083" lon="-98.224118"></trkpt>
      <trkpt lat="30.584904" lon="-98.224442"></trkpt>
      <trkpt lat="30.584191" lon="-98.225620"></trkpt>
      <trkpt lat="30.583756" lon="-98.226215"></trkpt>
      <trkpt lat="30.583478" lon="-98.226523"></trkpt>
      <trkpt lat="30.583439" lon="-98.226557"></trkpt>
      <trkpt lat="30.583237" lon="-98.226759"></trkpt>
      <trkpt lat="30.581760" lon="-98.228015"></trkpt>
      <trkpt lat="30.580742" lon="-98.228806"></trkpt>
      <trkpt lat="30.580200" lon="-98.229281"></trkpt>
      <trkpt lat="30.579556" lon="-98.229801"></trkpt>
      <trkpt lat="30.578976" lon="-98.230399"></trkpt>
      <trkpt lat="30.578762" lon="-98.230639"></trkpt>
      <trkpt lat="30.577363" lon="-98.232202"></trkpt>
      <trkpt lat="30.576909" lon="-98.232665"></trkpt>
      <trkpt lat="30.576128" lon="-98.233355"></trkpt>
      <trkpt lat="30.575587" lon="-98.233703"></trkpt>
      <trkpt lat="30.575084" lon="-98.234082"></trkpt>
      <trkpt lat="30.575054" lon="-98.234104"></trkpt>
      <trkpt lat="30.574728" lon="-98.234314"></trkpt>
      <trkpt lat="30.572047" lon="-98.236042"></trkpt>
      <trkpt lat="30.571810" lon="-98.236214"></trkpt>
      <trkpt lat="30.571403" lon="-98.236531"></trkpt>
      <trkpt lat="30.571282" lon="-98.236674"></trkpt>
      <trkpt lat="30.571150" lon="-98.236839"></trkpt>
      <trkpt lat="30.571010" lon="-98.237073"></trkpt>
      <trkpt lat="30.570999" lon="-98.237094"></trkpt>
      <trkpt lat="30.570896" lon="-98.237297"></trkpt>
      <trkpt lat="30.570819" lon="-98.237464"></trkpt>
      <trkpt lat="30.570738" lon="-98.237733"></trkpt>
      <trkpt lat="30.570692" lon="-98.237970"></trkpt>
      <trkpt lat="30.570669" lon="-98.238228"></trkpt>
      <trkpt lat="30.570666" lon="-98.238387"></trkpt>
      <trkpt lat="30.570662" lon="-98.238616"></trkpt>
      <trkpt lat="30.570669" lon="-98.238721"></trkpt>
      <trkpt lat="30.570680" lon="-98.238892"></trkpt>
      <trkpt lat="30.570697" lon="-98.238987"></trkpt>
      <trkpt lat="30.570740" lon="-98.239224"></trkpt>
      <trkpt lat="30.570845" lon="-98.239616"></trkpt>
      <trkpt lat="30.570886" lon="-98.239759"></trkpt>
      <trkpt lat="30.571024" lon="-98.240267"></trkpt>
      <trkpt lat="30.571154" lon="-98.240808"></trkpt>
      <trkpt lat="30.571381" lon="-98.241758"></trkpt>
      <trkpt lat="30.571434" lon="-98.241978"></trkpt>
      <trkpt lat="30.571915" lon="-98.243830"></trkpt>
      <trkpt lat="30.571985" lon="-98.244067"></trkpt>
      <trkpt lat="30.572094" lon="-98.244337"></trkpt>
      <trkpt lat="30.572217" lon="-98.244604"></trkpt>
      <trkpt lat="30.572416" lon="-98.244953"></trkpt>
      <trkpt lat="30.572743" lon="-98.245527"></trkpt>
      <trkpt lat="30.572948" lon="-98.245974"></trkpt>
      <trkpt lat="30.573029" lon="-98.246230"></trkpt>
      <trkpt lat="30.573085" lon="-98.246454"></trkpt>
      <trkpt lat="30.573144" lon="-98.246858"></trkpt>
      <trkpt lat="30.573272" lon="-98.247752"></trkpt>
      <trkpt lat="30.573432" lon="-98.249193"></trkpt>
      <trkpt lat="30.573466" lon="-98.249403"></trkpt>
      <trkpt lat="30.573516" lon="-98.249607"></trkpt>
      <trkpt lat="30.573552" lon="-98.249749"></trkpt>
      <trkpt lat="30.573596" lon="-98.249935"></trkpt>
      <trkpt lat="30.573678" lon="-98.250273"></trkpt>
      <trkpt lat="30.573747" lon="-98.250476"></trkpt>
      <trkpt lat="30.574007" lon="-98.251061"></trkpt>
      <trkpt lat="30.574341" lon="-98.251809"></trkpt>
      <trkpt lat="30.575202" lon="-98.253692"></trkpt>
      <trkpt lat="30.575232" lon="-98.253758"></trkpt>
      <trkpt lat="30.575259" lon="-98.253820"></trkpt>
      <trkpt lat="30.575816" lon="-98.255089"></trkpt>
      <trkpt lat="30.575964" lon="-98.255432"></trkpt>
      <trkpt lat="30.575990" lon="-98.255493"></trkpt>
      <trkpt lat="30.576170" lon="-98.255909"></trkpt>
      <trkpt lat="30.576202" lon="-98.255982"></trkpt>
      <trkpt lat="30.576413" lon="-98.256469"></trkpt>
      <trkpt lat="30.576491" lon="-98.256713"></trkpt>
      <trkpt lat="30.576559" lon="-98.256981"></trkpt>
      <trkpt lat="30.576596" lon="-98.257221"></trkpt>
      <trkpt lat="30.576625" lon="-98.257539"></trkpt>
      <trkpt lat="30.576624" lon="-98.257787"></trkpt>
      <trkpt lat="30.576623" lon="-98.257909"></trkpt>
      <trkpt lat="30.576620" lon="-98.257951"></trkpt>
      <trkpt lat="30.576592" lon="-98.258334"></trkpt>
      <trkpt lat="30.576555" lon="-98.258714"></trkpt>
      <trkpt lat="30.576540" lon="-98.258865"></trkpt>
      <trkpt lat="30.576409" lon="-98.259654"></trkpt>
      <trkpt lat="30.576295" lon="-98.260609"></trkpt>
      <trkpt lat="30.575896" lon="-98.263147"></trkpt>
      <trkpt lat="30.575869" lon="-98.263360"></trkpt>
      <trkpt lat="30.575856" lon="-98.263460"></trkpt>
      <trkpt lat="30.575838" lon="-98.263605"></trkpt>
      <trkpt lat="30.575792" lon="-98.263937"></trkpt>
      <trkpt lat="30.575770" lon="-98.264097"></trkpt>
      <trkpt lat="30.575725" lon="-98.264426"></trkpt>
      <trkpt lat="30.575657" lon="-98.264923"></trkpt>
      <trkpt lat="30.575635" lon="-98.265082"></trkpt>
      <trkpt lat="30.575479" lon="-98.266084"></trkpt>
      <trkpt lat="30.575458" lon="-98.266235"></trkpt>
      <trkpt lat="30.575447" lon="-98.266315"></trkpt>
      <trkpt lat="30.575445" lon="-98.266380"></trkpt>
      <trkpt lat="30.575440" lon="-98.266500"></trkpt>
      <trkpt lat="30.575444" lon="-98.266624"></trkpt>
      <trkpt lat="30.575476" lon="-98.266939"></trkpt>
      <trkpt lat="30.575541" lon="-98.267226"></trkpt>
      <trkpt lat="30.575616" lon="-98.267414"></trkpt>
      <trkpt lat="30.575701" lon="-98.267577"></trkpt>
      <trkpt lat="30.575971" lon="-98.268104"></trkpt>
      <trkpt lat="30.575985" lon="-98.268131"></trkpt>
      <trkpt lat="30.576246" lon="-98.268664"></trkpt>
      <trkpt lat="30.576537" lon="-98.269220"></trkpt>
      <trkpt lat="30.576563" lon="-98.269269"></trkpt>
      <trkpt lat="30.576792" lon="-98.269757"></trkpt>
      <trkpt lat="30.577362" lon="-98.270898"></trkpt>
      <trkpt lat="30.577867" lon="-98.271987"></trkpt>
      <trkpt lat="30.577997" lon="-98.272246"></trkpt>
      <trkpt lat="30.578103" lon="-98.272461"></trkpt>
      <trkpt lat="30.578123" lon="-98.272499"></trkpt>
      <trkpt lat="30.578201" lon="-98.272654"></trkpt>
      <trkpt lat="30.578285" lon="-98.272823"></trkpt>
      <trkpt lat="30.578315" lon="-98.272891"></trkpt>
      <trkpt lat="30.578336" lon="-98.272941"></trkpt>
      <trkpt lat="30.578047" lon="-98.272936"></trkpt>
      <trkpt lat="30.577795" lon="-98.272939"></trkpt>
      <trkpt lat="30.577714" lon="-98.272945"></trkpt>
      <trkpt lat="30.577504" lon="-98.272966"></trkpt>
      <trkpt lat="30.577134" lon="-98.273015"></trkpt>
      <trkpt lat="30.576911" lon="-98.273058"></trkpt>
      <trkpt lat="30.576572" lon="-98.273140"></trkpt>
      <trkpt lat="30.576095" lon="-98.273301"></trkpt>
      <trkpt lat="30.575629" lon="-98.273513"></trkpt>
      <trkpt lat="30.575397" lon="-98.273639"></trkpt>
      <trkpt lat="30.575094" lon="-98.273814"></trkpt>
      <trkpt lat="30.574758" lon="-98.274038"></trkpt>
      <trkpt lat="30.574473" lon="-98.274222"></trkpt>
      <trkpt lat="30.574185" lon="-98.274420"></trkpt>
      <trkpt lat="30.573899" lon="-98.274600"></trkpt>
      <trkpt lat="30.573749" lon="-98.274695"></trkpt>
      <trkpt lat="30.573609" lon="-98.274790"></trkpt>
      <trkpt lat="30.573259" lon="-98.275020"></trkpt>
      <trkpt lat="30.572762" lon="-98.275358"></trkpt>
      <trkpt lat="30.572726" lon="-98.275377"></trkpt>
      <trkpt lat="30.572359" lon="-98.275613"></trkpt>
      <trkpt lat="30.571833" lon="-98.275938"></trkpt>
      <trkpt lat="30.571758" lon="-98.275974"></trkpt>
      <trkpt lat="30.571374" lon="-98.276136"></trkpt>
      <trkpt lat="30.571205" lon="-98.276182"></trkpt>
      <trkpt lat="30.571034" lon="-98.276224"></trkpt>
      <trkpt lat="30.570786" lon="-98.276271"></trkpt>
      <trkpt lat="30.570614" lon="-98.276294"></trkpt>
      <trkpt lat="30.570491" lon="-98.276298"></trkpt>
      <trkpt lat="30.570264" lon="-98.276291"></trkpt>
      <trkpt lat="30.569994" lon="-98.276267"></trkpt>
      <trkpt lat="30.569756" lon="-98.276199"></trkpt>
      <trkpt lat="30.569503" lon="-98.276165"></trkpt>
      <trkpt lat="30.569195" lon="-98.276050"></trkpt>
      <trkpt lat="30.568936" lon="-98.275957"></trkpt>
      <trkpt lat="30.568289" lon="-98.275720"></trkpt>
      <trkpt lat="30.565732" lon="-98.274769"></trkpt>
      <trkpt lat="30.565404" lon="-98.274648"></trkpt>
      <trkpt lat="30.565277" lon="-98.274601"></trkpt>
      <trkpt lat="30.565183" lon="-98.274584"></trkpt>
      <trkpt lat="30.565043" lon="-98.274566"></trkpt>
      <trkpt lat="30.564832" lon="-98.274560"></trkpt>
      <trkpt lat="30.564754" lon="-98.274556"></trkpt>
      <trkpt lat="30.564579" lon="-98.274557"></trkpt>
      <trkpt lat="30.564481" lon="-98.274570"></trkpt>
      <trkpt lat="30.564323" lon="-98.274595"></trkpt>
      <trkpt lat="30.564092" lon="-98.274580"></trkpt>
      <trkpt lat="30.563863" lon="-98.274658"></trkpt>
      <trkpt lat="30.563734" lon="-98.274725"></trkpt>
      <trkpt lat="30.563578" lon="-98.274805"></trkpt>
      <trkpt lat="30.563339" lon="-98.274958"></trkpt>
      <trkpt lat="30.563055" lon="-98.275148"></trkpt>
      <trkpt lat="30.562982" lon="-98.275198"></trkpt>
      <trkpt lat="30.562619" lon="-98.275477"></trkpt>
      <trkpt lat="30.562096" lon="-98.275815"></trkpt>
      <trkpt lat="30.561765" lon="-98.275974"></trkpt>
      <trkpt lat="30.561369" lon="-98.276081"></trkpt>
      <trkpt lat="30.561089" lon="-98.276132"></trkpt>
      <trkpt lat="30.560863" lon="-98.276155"></trkpt>
      <trkpt lat="30.560595" lon="-98.276147"></trkpt>
      <trkpt lat="30.560220" lon="-98.276096"></trkpt>
      <trkpt lat="30.559758" lon="-98.275957"></trkpt>
      <trkpt lat="30.559245" lon="-98.275697"></trkpt>
      <trkpt lat="30.559063" lon="-98.275562"></trkpt>
      <trkpt lat="30.558821" lon="-98.275385"></trkpt>
      <trkpt lat="30.557834" lon="-98.274593"></trkpt>
      <trkpt lat="30.557592" lon="-98.274438"></trkpt>
      <trkpt lat="30.557101" lon="-98.274183"></trkpt>
      <trkpt lat="30.556940" lon="-98.274111"></trkpt>
      <trkpt lat="30.556511" lon="-98.273967"></trkpt>
      <trkpt lat="30.556265" lon="-98.273914"></trkpt>
      <trkpt lat="30.555899" lon="-98.273850"></trkpt>
      <trkpt lat="30.555456" lon="-98.273828"></trkpt>
      <trkpt lat="30.555199" lon="-98.273845"></trkpt>
      <trkpt lat="30.554919" lon="-98.273871"></trkpt>
      <trkpt lat="30.554605" lon="-98.273933"></trkpt>
      <trkpt lat="30.554279" lon="-98.274020"></trkpt>
      <trkpt lat="30.553990" lon="-98.274121"></trkpt>
      <trkpt lat="30.552940" lon="-98.274549"></trkpt>
      <trkpt lat="30.552758" lon="-98.274627"></trkpt>
      <trkpt lat="30.552587" lon="-98.274700"></trkpt>
      <trkpt lat="30.552156" lon="-98.274888"></trkpt>
      <trkpt lat="30.550394" lon="-98.275622"></trkpt>
      <trkpt lat="30.549785" lon="-98.275848"></trkpt>
      <trkpt lat="30.549164" lon="-98.276062"></trkpt>
      <trkpt lat="30.548657" lon="-98.276212"></trkpt>
      <trkpt lat="30.548325" lon="-98.276308"></trkpt>
      <trkpt lat="30.547833" lon="-98.276430"></trkpt>
      <trkpt lat="30.547493" lon="-98.276512"></trkpt>
      <trkpt lat="30.547162" lon="-98.276593"></trkpt>
      <trkpt lat="30.546628" lon="-98.276710"></trkpt>
      <trkpt lat="30.546127" lon="-98.276814"></trkpt>
      <trkpt lat="30.545573" lon="-98.276947"></trkpt>
      <trkpt lat="30.545337" lon="-98.276997"></trkpt>
      <trkpt lat="30.544591" lon="-98.277169"></trkpt>
      <trkpt lat="30.541787" lon="-98.277863"></trkpt>
      <trkpt lat="30.541731" lon="-98.277883"></trkpt>
      <trkpt lat="30.540873" lon="-98.278184"></trkpt>
      <trkpt lat="30.540466" lon="-98.278368"></trkpt>
      <trkpt lat="30.539868" lon="-98.278636"></trkpt>
      <trkpt lat="30.539187" lon="-98.278990"></trkpt>
      <trkpt lat="30.533114" lon="-98.282177"></trkpt>
      <trkpt lat="30.532552" lon="-98.282492"></trkpt>
      <trkpt lat="30.528319" lon="-98.284717"></trkpt>
      <trkpt lat="30.527549" lon="-98.285123"></trkpt>
      <trkpt lat="30.524261" lon="-98.286855"></trkpt>
      <trkpt lat="30.516825" lon="-98.290701"></trkpt>
      <trkpt lat="30.516661" lon="-98.290786"></trkpt>
      <trkpt lat="30.516345" lon="-98.290923"></trkpt>
      <trkpt lat="30.515203" lon="-98.291559"></trkpt>
      <trkpt lat="30.515078" lon="-98.291637"></trkpt>
      <trkpt lat="30.513769" lon="-98.292613"></trkpt>
      <trkpt lat="30.513620" lon="-98.292725"></trkpt>
      <trkpt lat="30.513293" lon="-98.292973"></trkpt>
      <trkpt lat="30.512947" lon="-98.293236"></trkpt>
      <trkpt lat="30.509457" lon="-98.296048"></trkpt>
      <trkpt lat="30.508779" lon="-98.296594"></trkpt>
      <trkpt lat="30.505483" lon="-98.299249"></trkpt>
      <trkpt lat="30.504761" lon="-98.299830"></trkpt>
      <trkpt lat="30.503179" lon="-98.301104"></trkpt>
      <trkpt lat="30.502629" lon="-98.301457"></trkpt>
      <trkpt lat="30.501579" lon="-98.302120"></trkpt>
      <trkpt lat="30.501322" lon="-98.302287"></trkpt>
      <trkpt lat="30.501085" lon="-98.302404"></trkpt>
      <trkpt lat="30.497129" lon="-98.305624"></trkpt>
      <trkpt lat="30.497007" lon="-98.305731"></trkpt>
      <trkpt lat="30.495185" lon="-98.307158"></trkpt>
      <trkpt lat="30.493294" lon="-98.308640"></trkpt>
      <trkpt lat="30.486987" lon="-98.313709"></trkpt>
      <trkpt lat="30.485767" lon="-98.314698"></trkpt>
      <trkpt lat="30.483345" lon="-98.316638"></trkpt>
      <trkpt lat="30.482201" lon="-98.317555"></trkpt>
      <trkpt lat="30.481178" lon="-98.318374"></trkpt>
      <trkpt lat="30.480074" lon="-98.319262"></trkpt>
      <trkpt lat="30.478289" lon="-98.320669"></trkpt>
      <trkpt lat="30.478013" lon="-98.320882"></trkpt>
      <trkpt lat="30.477996" lon="-98.320895"></trkpt>
      <trkpt lat="30.477974" lon="-98.320911"></trkpt>
      <trkpt lat="30.477946" lon="-98.320932"></trkpt>
      <trkpt lat="30.477901" lon="-98.320964"></trkpt>
      <trkpt lat="30.477653" lon="-98.321143"></trkpt>
      <trkpt lat="30.477222" lon="-98.321429"></trkpt>
      <trkpt lat="30.476518" lon="-98.321874"></trkpt>
      <trkpt lat="30.476431" lon="-98.321927"></trkpt>
      <trkpt lat="30.475501" lon="-98.322492"></trkpt>
      <trkpt lat="30.475358" lon="-98.322579"></trkpt>
      <trkpt lat="30.472195" lon="-98.324502"></trkpt>
      <trkpt lat="30.470895" lon="-98.325271"></trkpt>
      <trkpt lat="30.470552" lon="-98.325447"></trkpt>
      <trkpt lat="30.469945" lon="-98.325757"></trkpt>
      <trkpt lat="30.469058" lon="-98.326193"></trkpt>
      <trkpt lat="30.467691" lon="-98.326843"></trkpt>
      <trkpt lat="30.467518" lon="-98.326926"></trkpt>
      <trkpt lat="30.464176" lon="-98.328545"></trkpt>
      <trkpt lat="30.461161" lon="-98.330005"></trkpt>
      <trkpt lat="30.460963" lon="-98.330108"></trkpt>
      <trkpt lat="30.460760" lon="-98.330221"></trkpt>
      <trkpt lat="30.460472" lon="-98.330381"></trkpt>
      <trkpt lat="30.459991" lon="-98.330675"></trkpt>
      <trkpt lat="30.459515" lon="-98.330993"></trkpt>
      <trkpt lat="30.459012" lon="-98.331332"></trkpt>
      <trkpt lat="30.457752" lon="-98.332202"></trkpt>
      <trkpt lat="30.457185" lon="-98.332594"></trkpt>
      <trkpt lat="30.456974" lon="-98.332739"></trkpt>
      <trkpt lat="30.456647" lon="-98.332964"></trkpt>
      <trkpt lat="30.456468" lon="-98.333088"></trkpt>
      <trkpt lat="30.455639" lon="-98.333655"></trkpt>
      <trkpt lat="30.454877" lon="-98.334177"></trkpt>
      <trkpt lat="30.453871" lon="-98.334866"></trkpt>
      <trkpt lat="30.453498" lon="-98.335121"></trkpt>
      <trkpt lat="30.450824" lon="-98.336968"></trkpt>
      <trkpt lat="30.450304" lon="-98.337297"></trkpt>
      <trkpt lat="30.449775" lon="-98.337605"></trkpt>
      <trkpt lat="30.449236" lon="-98.337892"></trkpt>
      <trkpt lat="30.448739" lon="-98.338133"></trkpt>
      <trkpt lat="30.448232" lon="-98.338355"></trkpt>
      <trkpt lat="30.448118" lon="-98.338399"></trkpt>
      <trkpt lat="30.447720" lon="-98.338555"></trkpt>
      <trkpt lat="30.447201" lon="-98.338734"></trkpt>
      <trkpt lat="30.446677" lon="-98.338892"></trkpt>
      <trkpt lat="30.446244" lon="-98.339002"></trkpt>
      <trkpt lat="30.445092" lon="-98.339295"></trkpt>
      <trkpt lat="30.444861" lon="-98.339354"></trkpt>
      <trkpt lat="30.444012" lon="-98.339566"></trkpt>
      <trkpt lat="30.443455" lon="-98.339704"></trkpt>
      <trkpt lat="30.442876" lon="-98.339867"></trkpt>
      <trkpt lat="30.442302" lon="-98.340055"></trkpt>
      <trkpt lat="30.441735" lon="-98.340267"></trkpt>
      <trkpt lat="30.439469" lon="-98.341211"></trkpt>
      <trkpt lat="30.436729" lon="-98.342351"></trkpt>
      <trkpt lat="30.436322" lon="-98.342520"></trkpt>
      <trkpt lat="30.435437" lon="-98.342892"></trkpt>
      <trkpt lat="30.434245" lon="-98.343392"></trkpt>
      <trkpt lat="30.433793" lon="-98.343575"></trkpt>
      <trkpt lat="30.433436" lon="-98.343730"></trkpt>
      <trkpt lat="30.432908" lon="-98.343949"></trkpt>
      <trkpt lat="30.431658" lon="-98.344467"></trkpt>
      <trkpt lat="30.431564" lon="-98.344506"></trkpt>
      <trkpt lat="30.429147" lon="-98.345508"></trkpt>
      <trkpt lat="30.427541" lon="-98.346183"></trkpt>
      <trkpt lat="30.426428" lon="-98.346650"></trkpt>
      <trkpt lat="30.426208" lon="-98.346742"></trkpt>
      <trkpt lat="30.425126" lon="-98.347192"></trkpt>
      <trkpt lat="30.424053" lon="-98.347639"></trkpt>
      <trkpt lat="30.423400" lon="-98.347911"></trkpt>
      <trkpt lat="30.421980" lon="-98.348502"></trkpt>
      <trkpt lat="30.420694" lon="-98.349022"></trkpt>
      <trkpt lat="30.416540" lon="-98.350619"></trkpt>
      <trkpt lat="30.416448" lon="-98.350654"></trkpt>
      <trkpt lat="30.413323" lon="-98.351851"></trkpt>
      <trkpt lat="30.412091" lon="-98.352335"></trkpt>
      <trkpt lat="30.411547" lon="-98.352576"></trkpt>
      <trkpt lat="30.411010" lon="-98.352840"></trkpt>
      <trkpt lat="30.408711" lon="-98.354106"></trkpt>
      <trkpt lat="30.408174" lon="-98.354406"></trkpt>
      <trkpt lat="30.406972" lon="-98.355077"></trkpt>
      <trkpt lat="30.405140" lon="-98.356092"></trkpt>
      <trkpt lat="30.402425" lon="-98.357596"></trkpt>
      <trkpt lat="30.401540" lon="-98.358093"></trkpt>
      <trkpt lat="30.400703" lon="-98.358549"></trkpt>
      <trkpt lat="30.399879" lon="-98.359023"></trkpt>
      <trkpt lat="30.399364" lon="-98.359307"></trkpt>
      <trkpt lat="30.398476" lon="-98.359800"></trkpt>
      <trkpt lat="30.396105" lon="-98.361116"></trkpt>
      <trkpt lat="30.395871" lon="-98.361246"></trkpt>
      <trkpt lat="30.393951" lon="-98.362323"></trkpt>
      <trkpt lat="30.393744" lon="-98.362448"></trkpt>
      <trkpt lat="30.393527" lon="-98.362572"></trkpt>
      <trkpt lat="30.391271" lon="-98.363796"></trkpt>
      <trkpt lat="30.390258" lon="-98.364365"></trkpt>
      <trkpt lat="30.388723" lon="-98.365218"></trkpt>
      <trkpt lat="30.388092" lon="-98.365568"></trkpt>
      <trkpt lat="30.387823" lon="-98.365717"></trkpt>
      <trkpt lat="30.387356" lon="-98.365978"></trkpt>
      <trkpt lat="30.386132" lon="-98.366653"></trkpt>
      <trkpt lat="30.383052" lon="-98.368357"></trkpt>
      <trkpt lat="30.382075" lon="-98.368910"></trkpt>
      <trkpt lat="30.380310" lon="-98.369891"></trkpt>
      <trkpt lat="30.379753" lon="-98.370214"></trkpt>
      <trkpt lat="30.379330" lon="-98.370476"></trkpt>
      <trkpt lat="30.378820" lon="-98.370820"></trkpt>
      <trkpt lat="30.378796" lon="-98.370837"></trkpt>
      <trkpt lat="30.377480" lon="-98.371780"></trkpt>
      <trkpt lat="30.377025" lon="-98.372098"></trkpt>
      <trkpt lat="30.376604" lon="-98.372366"></trkpt>
      <trkpt lat="30.376077" lon="-98.372669"></trkpt>
      <trkpt lat="30.375589" lon="-98.372925"></trkpt>
      <trkpt lat="30.374944" lon="-98.373232"></trkpt>
      <trkpt lat="30.374392" lon="-98.373468"></trkpt>
      <trkpt lat="30.373959" lon="-98.373633"></trkpt>
      <trkpt lat="30.373453" lon="-98.373806"></trkpt>
      <trkpt lat="30.371952" lon="-98.374300"></trkpt>
      <trkpt lat="30.370553" lon="-98.374766"></trkpt>
      <trkpt lat="30.370034" lon="-98.374935"></trkpt>
      <trkpt lat="30.369135" lon="-98.375187"></trkpt>
      <trkpt lat="30.368779" lon="-98.375287"></trkpt>
      <trkpt lat="30.366591" lon="-98.375892"></trkpt>
      <trkpt lat="30.365552" lon="-98.376178"></trkpt>
      <trkpt lat="30.365179" lon="-98.376273"></trkpt>
      <trkpt lat="30.364807" lon="-98.376347"></trkpt>
      <trkpt lat="30.364292" lon="-98.376441"></trkpt>
      <trkpt lat="30.362288" lon="-98.376790"></trkpt>
      <trkpt lat="30.362166" lon="-98.376811"></trkpt>
      <trkpt lat="30.361166" lon="-98.376975"></trkpt>
      <trkpt lat="30.359804" lon="-98.377211"></trkpt>
      <trkpt lat="30.359331" lon="-98.377308"></trkpt>
      <trkpt lat="30.352013" lon="-98.378487"></trkpt>
      <trkpt lat="30.350791" lon="-98.378841"></trkpt>
      <trkpt lat="30.349523" lon="-98.379249"></trkpt>
      <trkpt lat="30.348316" lon="-98.379733"></trkpt>
      <trkpt lat="30.348423" lon="-98.380163"></trkpt>
      <trkpt lat="30.348393" lon="-98.380088"></trkpt>
      <trkpt lat="30.348316" lon="-98.379733"></trkpt>
      <trkpt lat="30.347084" lon="-98.380158"></trkpt>
      <trkpt lat="30.344167" lon="-98.381165"></trkpt>
      <trkpt lat="30.344093" lon="-98.381190"></trkpt>
      <trkpt lat="30.342626" lon="-98.381696"></trkpt>
      <trkpt lat="30.338844" lon="-98.383005"></trkpt>
      <trkpt lat="30.336875" lon="-98.383681"></trkpt>
      <trkpt lat="30.332173" lon="-98.385294"></trkpt>
      <trkpt lat="30.331438" lon="-98.385548"></trkpt>
      <trkpt lat="30.330363" lon="-98.385919"></trkpt>
      <trkpt lat="30.330347" lon="-98.385924"></trkpt>
      <trkpt lat="30.325805" lon="-98.387474"></trkpt>
      <trkpt lat="30.324782" lon="-98.387823"></trkpt>
      <trkpt lat="30.324599" lon="-98.387886"></trkpt>
      <trkpt lat="30.324046" lon="-98.388080"></trkpt>
      <trkpt lat="30.322807" lon="-98.388515"></trkpt>
      <trkpt lat="30.322194" lon="-98.388725"></trkpt>
      <trkpt lat="30.321646" lon="-98.388912"></trkpt>
      <trkpt lat="30.321297" lon="-98.389031"></trkpt>
      <trkpt lat="30.320810" lon="-98.389197"></trkpt>
      <trkpt lat="30.320056" lon="-98.389455"></trkpt>
      <trkpt lat="30.318968" lon="-98.389826"></trkpt>
      <trkpt lat="30.318016" lon="-98.390151"></trkpt>
      <trkpt lat="30.317281" lon="-98.390404"></trkpt>
      <trkpt lat="30.317165" lon="-98.390444"></trkpt>
      <trkpt lat="30.317129" lon="-98.390456"></trkpt>
      <trkpt lat="30.316922" lon="-98.390527"></trkpt>
      <trkpt lat="30.316247" lon="-98.390775"></trkpt>
      <trkpt lat="30.314467" lon="-98.391512"></trkpt>
      <trkpt lat="30.314009" lon="-98.391697"></trkpt>
      <trkpt lat="30.313996" lon="-98.393563"></trkpt>
      <trkpt lat="30.313986" lon="-98.394398"></trkpt>
      <trkpt lat="30.313981" lon="-98.394776"></trkpt>
      <trkpt lat="30.313981" lon="-98.394898"></trkpt>
      <trkpt lat="30.313982" lon="-98.395080"></trkpt>
      <trkpt lat="30.313982" lon="-98.395134"></trkpt>
      <trkpt lat="30.313982" lon="-98.395238"></trkpt>
      <trkpt lat="30.313966" lon="-98.396387"></trkpt>
      <trkpt lat="30.313956" lon="-98.397127"></trkpt>
      <trkpt lat="30.313953" lon="-98.397760"></trkpt>
      <trkpt lat="30.313940" lon="-98.398496"></trkpt>
      <trkpt lat="30.313910" lon="-98.401021"></trkpt>
      <trkpt lat="30.313895" lon="-98.402069"></trkpt>
      <trkpt lat="30.313883" lon="-98.402943"></trkpt>
      <trkpt lat="30.313875" lon="-98.403679"></trkpt>
      <trkpt lat="30.313875" lon="-98.403699"></trkpt>
      <trkpt lat="30.313856" lon="-98.405452"></trkpt>
      <trkpt lat="30.313860" lon="-98.405893"></trkpt>
      <trkpt lat="30.313864" lon="-98.406348"></trkpt>
      <trkpt lat="30.313883" lon="-98.407272"></trkpt>
      <trkpt lat="30.313890" lon="-98.407961"></trkpt>
      <trkpt lat="30.313883" lon="-98.409986"></trkpt>
      <trkpt lat="30.313879" lon="-98.410993"></trkpt>
      <trkpt lat="30.313869" lon="-98.411699"></trkpt>
      <trkpt lat="30.313860" lon="-98.412908"></trkpt>
      <trkpt lat="30.313851" lon="-98.413995"></trkpt>
      <trkpt lat="30.313850" lon="-98.414242"></trkpt>
      <trkpt lat="30.313847" lon="-98.414641"></trkpt>
      <trkpt lat="30.313863" lon="-98.414950"></trkpt>
      <trkpt lat="30.313899" lon="-98.415256"></trkpt>
      <trkpt lat="30.313954" lon="-98.415559"></trkpt>
      <trkpt lat="30.313997" lon="-98.415738"></trkpt>
      <trkpt lat="30.314032" lon="-98.415853"></trkpt>
      <trkpt lat="30.314135" lon="-98.416139"></trkpt>
      <trkpt lat="30.314256" lon="-98.416416"></trkpt>
      <trkpt lat="30.314392" lon="-98.416690"></trkpt>
      <trkpt lat="30.314519" lon="-98.416879"></trkpt>
      <trkpt lat="30.314654" lon="-98.417065"></trkpt>
      <trkpt lat="30.314800" lon="-98.417239"></trkpt>
      <trkpt lat="30.314957" lon="-98.417400"></trkpt>
      <trkpt lat="30.315124" lon="-98.417549"></trkpt>
      <trkpt lat="30.315752" lon="-98.418050"></trkpt>
      <trkpt lat="30.316517" lon="-98.418648"></trkpt>
      <trkpt lat="30.317045" lon="-98.419065"></trkpt>
      <trkpt lat="30.318048" lon="-98.419859"></trkpt>
      <trkpt lat="30.318512" lon="-98.420233"></trkpt>
      <trkpt lat="30.318568" lon="-98.420279"></trkpt>
      <trkpt lat="30.318620" lon="-98.420322"></trkpt>
      <trkpt lat="30.319817" lon="-98.421241"></trkpt>
      <trkpt lat="30.319856" lon="-98.421271"></trkpt>
      <trkpt lat="30.321160" lon="-98.422297"></trkpt>
      <trkpt lat="30.321979" lon="-98.422927"></trkpt>
      <trkpt lat="30.322502" lon="-98.423349"></trkpt>
      <trkpt lat="30.322872" lon="-98.423603"></trkpt>
      <trkpt lat="30.323252" lon="-98.423837"></trkpt>
      <trkpt lat="30.323382" lon="-98.423909"></trkpt>
      <trkpt lat="30.323438" lon="-98.423940"></trkpt>
      <trkpt lat="30.323640" lon="-98.424051"></trkpt>
      <trkpt lat="30.324081" lon="-98.424253"></trkpt>
      <trkpt lat="30.325422" lon="-98.424795"></trkpt>
      <trkpt lat="30.326708" lon="-98.425323"></trkpt>
      <trkpt lat="30.326963" lon="-98.425418"></trkpt>
      <trkpt lat="30.327601" lon="-98.425655"></trkpt>
      <trkpt lat="30.329118" lon="-98.426292"></trkpt>
      <trkpt lat="30.329189" lon="-98.426320"></trkpt>
      <trkpt lat="30.329575" lon="-98.426476"></trkpt>
      <trkpt lat="30.329957" lon="-98.426638"></trkpt>
      <trkpt lat="30.330368" lon="-98.426811"></trkpt>
      <trkpt lat="30.330582" lon="-98.426898"></trkpt>
      <trkpt lat="30.331288" lon="-98.427183"></trkpt>
      <trkpt lat="30.331399" lon="-98.427227"></trkpt>
      <trkpt lat="30.333280" lon="-98.427983"></trkpt>
      <trkpt lat="30.333534" lon="-98.428064"></trkpt>
      <trkpt lat="30.333556" lon="-98.428069"></trkpt>
      <trkpt lat="30.333792" lon="-98.428124"></trkpt>
      <trkpt lat="30.334053" lon="-98.428165"></trkpt>
      <trkpt lat="30.334426" lon="-98.428205"></trkpt>
      <trkpt lat="30.334801" lon="-98.428215"></trkpt>
      <trkpt lat="30.335121" lon="-98.428199"></trkpt>
      <trkpt lat="30.335316" lon="-98.428177"></trkpt>
      <trkpt lat="30.337944" lon="-98.427876"></trkpt>
      <trkpt lat="30.338319" lon="-98.427858"></trkpt>
      <trkpt lat="30.338694" lon="-98.427864"></trkpt>
      <trkpt lat="30.339015" lon="-98.427890"></trkpt>
      <trkpt lat="30.339389" lon="-98.427947"></trkpt>
      <trkpt lat="30.339760" lon="-98.428025"></trkpt>
      <trkpt lat="30.340078" lon="-98.428111"></trkpt>
      <trkpt lat="30.341183" lon="-98.428435"></trkpt>
      <trkpt lat="30.343619" lon="-98.429132"></trkpt>
      <trkpt lat="30.343924" lon="-98.429227"></trkpt>
      <trkpt lat="30.344172" lon="-98.429328"></trkpt>
      <trkpt lat="30.344412" lon="-98.429451"></trkpt>
      <trkpt lat="30.344644" lon="-98.429595"></trkpt>
      <trkpt lat="30.344821" lon="-98.429723"></trkpt>
      <trkpt lat="30.344988" lon="-98.429864"></trkpt>
      <trkpt lat="30.345144" lon="-98.430023"></trkpt>
      <trkpt lat="30.345288" lon="-98.430195"></trkpt>
      <trkpt lat="30.345674" lon="-98.430695"></trkpt>
      <trkpt lat="30.347147" lon="-98.432713"></trkpt>
      <trkpt lat="30.347783" lon="-98.433571"></trkpt>
      <trkpt lat="30.348438" lon="-98.434482"></trkpt>
      <trkpt lat="30.349014" lon="-98.435312"></trkpt>
      <trkpt lat="30.349106" lon="-98.435466"></trkpt>
      <trkpt lat="30.349132" lon="-98.435510"></trkpt>
      <trkpt lat="30.349210" lon="-98.435666"></trkpt>
      <trkpt lat="30.349564" lon="-98.436485"></trkpt>
      <trkpt lat="30.349637" lon="-98.436690"></trkpt>
      <trkpt lat="30.350015" lon="-98.438098"></trkpt>
      <trkpt lat="30.350137" lon="-98.438635"></trkpt>
      <trkpt lat="30.350239" lon="-98.439178"></trkpt>
      <trkpt lat="30.350414" lon="-98.440347"></trkpt>
      <trkpt lat="30.350666" lon="-98.442023"></trkpt>
      <trkpt lat="30.350867" lon="-98.443361"></trkpt>
      <trkpt lat="30.350920" lon="-98.443600"></trkpt>
      <trkpt lat="30.350989" lon="-98.443832"></trkpt>
      <trkpt lat="30.351076" lon="-98.444058"></trkpt>
      <trkpt lat="30.351179" lon="-98.444274"></trkpt>
      <trkpt lat="30.351299" lon="-98.444487"></trkpt>
      <trkpt lat="30.351433" lon="-98.444687"></trkpt>
      <trkpt lat="30.351582" lon="-98.444873"></trkpt>
      <trkpt lat="30.351703" lon="-98.445000"></trkpt>
      <trkpt lat="30.351734" lon="-98.445028"></trkpt>
      <trkpt lat="30.351917" lon="-98.445198"></trkpt>
      <trkpt lat="30.352102" lon="-98.445335"></trkpt>
      <trkpt lat="30.352198" lon="-98.445395"></trkpt>
      <trkpt lat="30.353151" lon="-98.445940"></trkpt>
      <trkpt lat="30.353561" lon="-98.446174"></trkpt>
      <trkpt lat="30.355378" lon="-98.447191"></trkpt>
      <trkpt lat="30.357032" lon="-98.448117"></trkpt>
      <trkpt lat="30.358025" lon="-98.448687"></trkpt>
      <trkpt lat="30.360285" lon="-98.449943"></trkpt>
      <trkpt lat="30.360641" lon="-98.450152"></trkpt>
      <trkpt lat="30.361717" lon="-98.450748"></trkpt>
      <trkpt lat="30.361787" lon="-98.450794"></trkpt>
      <trkpt lat="30.362145" lon="-98.450995"></trkpt>
      <trkpt lat="30.363872" lon="-98.451963"></trkpt>
      <trkpt lat="30.364100" lon="-98.452118"></trkpt>
      <trkpt lat="30.364316" lon="-98.452292"></trkpt>
      <trkpt lat="30.364519" lon="-98.452487"></trkpt>
      <trkpt lat="30.364633" lon="-98.452615"></trkpt>
      <trkpt lat="30.364810" lon="-98.452846"></trkpt>
      <trkpt lat="30.364971" lon="-98.453091"></trkpt>
      <trkpt lat="30.365113" lon="-98.453352"></trkpt>
      <trkpt lat="30.365214" lon="-98.453569"></trkpt>
      <trkpt lat="30.365560" lon="-98.454583"></trkpt>
      <trkpt lat="30.365757" lon="-98.455158"></trkpt>
      <trkpt lat="30.366121" lon="-98.456247"></trkpt>
      <trkpt lat="30.366559" lon="-98.457558"></trkpt>
      <trkpt lat="30.366590" lon="-98.457652"></trkpt>
      <trkpt lat="30.366649" lon="-98.457885"></trkpt>
      <trkpt lat="30.366691" lon="-98.458124"></trkpt>
      <trkpt lat="30.366716" lon="-98.458366"></trkpt>
      <trkpt lat="30.366722" lon="-98.458609"></trkpt>
      <trkpt lat="30.366709" lon="-98.458918"></trkpt>
      <trkpt lat="30.366681" lon="-98.459167"></trkpt>
      <trkpt lat="30.366634" lon="-98.459417"></trkpt>
      <trkpt lat="30.366285" lon="-98.460340"></trkpt>
      <trkpt lat="30.364815" lon="-98.464227"></trkpt>
      <trkpt lat="30.364441" lon="-98.465218"></trkpt>
      <trkpt lat="30.363798" lon="-98.466885"></trkpt>
      <trkpt lat="30.363695" lon="-98.467103"></trkpt>
      <trkpt lat="30.363578" lon="-98.467310"></trkpt>
      <trkpt lat="30.363447" lon="-98.467507"></trkpt>
      <trkpt lat="30.363304" lon="-98.467693"></trkpt>
      <trkpt lat="30.363165" lon="-98.467847"></trkpt>
      <trkpt lat="30.363134" lon="-98.467880"></trkpt>
      <trkpt lat="30.362704" lon="-98.468339"></trkpt>
      <trkpt lat="30.362617" lon="-98.468421"></trkpt>
      <trkpt lat="30.362548" lon="-98.468487"></trkpt>
      <trkpt lat="30.361721" lon="-98.469268"></trkpt>
      <trkpt lat="30.361158" lon="-98.469822"></trkpt>
      <trkpt lat="30.361006" lon="-98.470004"></trkpt>
      <trkpt lat="30.360906" lon="-98.470148"></trkpt>
      <trkpt lat="30.360816" lon="-98.470301"></trkpt>
      <trkpt lat="30.360737" lon="-98.470462"></trkpt>
      <trkpt lat="30.360668" lon="-98.470629"></trkpt>
      <trkpt lat="30.360612" lon="-98.470803"></trkpt>
      <trkpt lat="30.360567" lon="-98.470980"></trkpt>
      <trkpt lat="30.360535" lon="-98.471161"></trkpt>
      <trkpt lat="30.360515" lon="-98.471345"></trkpt>
      <trkpt lat="30.360366" lon="-98.474490"></trkpt>
      <trkpt lat="30.360246" lon="-98.476891"></trkpt>
      <trkpt lat="30.360211" lon="-98.477512"></trkpt>
      <trkpt lat="30.360155" lon="-98.478131"></trkpt>
      <trkpt lat="30.360081" lon="-98.478748"></trkpt>
      <trkpt lat="30.360023" lon="-98.479180"></trkpt>
      <trkpt lat="30.359914" lon="-98.480087"></trkpt>
      <trkpt lat="30.359827" lon="-98.480804"></trkpt>
      <trkpt lat="30.359729" lon="-98.481618"></trkpt>
      <trkpt lat="30.359696" lon="-98.482045"></trkpt>
      <trkpt lat="30.359683" lon="-98.482473"></trkpt>
      <trkpt lat="30.359690" lon="-98.482959"></trkpt>
      <trkpt lat="30.359740" lon="-98.484930"></trkpt>
      <trkpt lat="30.359760" lon="-98.485536"></trkpt>
      <trkpt lat="30.359793" lon="-98.486531"></trkpt>
      <trkpt lat="30.359812" lon="-98.487260"></trkpt>
      <trkpt lat="30.359808" lon="-98.487511"></trkpt>
      <trkpt lat="30.359822" lon="-98.487762"></trkpt>
      <trkpt lat="30.359852" lon="-98.488012"></trkpt>
      <trkpt lat="30.359900" lon="-98.488257"></trkpt>
      <trkpt lat="30.359964" lon="-98.488498"></trkpt>
      <trkpt lat="30.360044" lon="-98.488731"></trkpt>
      <trkpt lat="30.360140" lon="-98.488957"></trkpt>
      <trkpt lat="30.360195" lon="-98.489066"></trkpt>
      <trkpt lat="30.360319" lon="-98.489273"></trkpt>
      <trkpt lat="30.360508" lon="-98.489536"></trkpt>
      <trkpt lat="30.360605" lon="-98.489652"></trkpt>
      <trkpt lat="30.360765" lon="-98.489823"></trkpt>
      <trkpt lat="30.361257" lon="-98.490268"></trkpt>
      <trkpt lat="30.361394" lon="-98.490416"></trkpt>
      <trkpt lat="30.361534" lon="-98.490591"></trkpt>
      <trkpt lat="30.361665" lon="-98.490785"></trkpt>
      <trkpt lat="30.361781" lon="-98.490990"></trkpt>
      <trkpt lat="30.361882" lon="-98.491207"></trkpt>
      <trkpt lat="30.361966" lon="-98.491432"></trkpt>
      <trkpt lat="30.362034" lon="-98.491664"></trkpt>
      <trkpt lat="30.362482" lon="-98.493480"></trkpt>
      <trkpt lat="30.362706" lon="-98.494360"></trkpt>
      <trkpt lat="30.362903" lon="-98.495191"></trkpt>
      <trkpt lat="30.362987" lon="-98.495469"></trkpt>
      <trkpt lat="30.363092" lon="-98.495739"></trkpt>
      <trkpt lat="30.363164" lon="-98.495895"></trkpt>
      <trkpt lat="30.363243" lon="-98.496043"></trkpt>
      <trkpt lat="30.363303" lon="-98.496156"></trkpt>
      <trkpt lat="30.363461" lon="-98.496403"></trkpt>
      <trkpt lat="30.363600" lon="-98.496588"></trkpt>
      <trkpt lat="30.364933" lon="-98.498153"></trkpt>
      <trkpt lat="30.365667" lon="-98.499032"></trkpt>
      <trkpt lat="30.366350" lon="-98.499868"></trkpt>
      <trkpt lat="30.366968" lon="-98.500612"></trkpt>
      <trkpt lat="30.366997" lon="-98.500646"></trkpt>
      <trkpt lat="30.367680" lon="-98.501469"></trkpt>
      <trkpt lat="30.367912" lon="-98.501733"></trkpt>
      <trkpt lat="30.368078" lon="-98.501896"></trkpt>
      <trkpt lat="30.368256" lon="-98.502042"></trkpt>
      <trkpt lat="30.368444" lon="-98.502170"></trkpt>
      <trkpt lat="30.368641" lon="-98.502279"></trkpt>
      <trkpt lat="30.368845" lon="-98.502368"></trkpt>
      <trkpt lat="30.369055" lon="-98.502437"></trkpt>
      <trkpt lat="30.369269" lon="-98.502485"></trkpt>
      <trkpt lat="30.369487" lon="-98.502511"></trkpt>
      <trkpt lat="30.369760" lon="-98.502517"></trkpt>
      <trkpt lat="30.369809" lon="-98.502517"></trkpt>
      <trkpt lat="30.371410" lon="-98.502523"></trkpt>
      <trkpt lat="30.371558" lon="-98.502525"></trkpt>
      <trkpt lat="30.375133" lon="-98.502557"></trkpt>
      <trkpt lat="30.375402" lon="-98.502563"></trkpt>
      <trkpt lat="30.375669" lon="-98.502593"></trkpt>
      <trkpt lat="30.375934" lon="-98.502647"></trkpt>
      <trkpt lat="30.376194" lon="-98.502725"></trkpt>
      <trkpt lat="30.376448" lon="-98.502826"></trkpt>
      <trkpt lat="30.376559" lon="-98.502881"></trkpt>
      <trkpt lat="30.376695" lon="-98.502949"></trkpt>
      <trkpt lat="30.376932" lon="-98.503094"></trkpt>
      <trkpt lat="30.377117" lon="-98.503220"></trkpt>
      <trkpt lat="30.378850" lon="-98.504317"></trkpt>
      <trkpt lat="30.379404" lon="-98.504659"></trkpt>
      <trkpt lat="30.379643" lon="-98.504813"></trkpt>
      <trkpt lat="30.379872" lon="-98.504934"></trkpt>
      <trkpt lat="30.380120" lon="-98.505036"></trkpt>
      <trkpt lat="30.380374" lon="-98.505114"></trkpt>
      <trkpt lat="30.380789" lon="-98.505229"></trkpt>
      <trkpt lat="30.381072" lon="-98.505308"></trkpt>
      <trkpt lat="30.382460" lon="-98.505693"></trkpt>
      <trkpt lat="30.382565" lon="-98.505724"></trkpt>
      <trkpt lat="30.383355" lon="-98.505952"></trkpt>
      <trkpt lat="30.383953" lon="-98.506125"></trkpt>
      <trkpt lat="30.384648" lon="-98.506359"></trkpt>
      <trkpt lat="30.384914" lon="-98.506424"></trkpt>
      <trkpt lat="30.385017" lon="-98.506440"></trkpt>
      <trkpt lat="30.385184" lon="-98.506465"></trkpt>
      <trkpt lat="30.385455" lon="-98.506482"></trkpt>
      <trkpt lat="30.385564" lon="-98.506482"></trkpt>
      <trkpt lat="30.385833" lon="-98.506466"></trkpt>
      <trkpt lat="30.386552" lon="-98.506398"></trkpt>
      <trkpt lat="30.386728" lon="-98.506377"></trkpt>
      <trkpt lat="30.386934" lon="-98.506367"></trkpt>
      <trkpt lat="30.387153" lon="-98.506373"></trkpt>
      <trkpt lat="30.387371" lon="-98.506398"></trkpt>
      <trkpt lat="30.387587" lon="-98.506440"></trkpt>
      <trkpt lat="30.387801" lon="-98.506499"></trkpt>
      <trkpt lat="30.388009" lon="-98.506574"></trkpt>
      <trkpt lat="30.388213" lon="-98.506668"></trkpt>
      <trkpt lat="30.390912" lon="-98.508117"></trkpt>
      <trkpt lat="30.391252" lon="-98.508324"></trkpt>
      <trkpt lat="30.391582" lon="-98.508551"></trkpt>
      <trkpt lat="30.391902" lon="-98.508797"></trkpt>
      <trkpt lat="30.392211" lon="-98.509061"></trkpt>
      <trkpt lat="30.392465" lon="-98.509301"></trkpt>
      <trkpt lat="30.392696" lon="-98.509542"></trkpt>
      <trkpt lat="30.392722" lon="-98.509564"></trkpt>
      <trkpt lat="30.393401" lon="-98.510377"></trkpt>
      <trkpt lat="30.393528" lon="-98.510534"></trkpt>
      <trkpt lat="30.394508" lon="-98.511753"></trkpt>
      <trkpt lat="30.395495" lon="-98.512994"></trkpt>
      <trkpt lat="30.395974" lon="-98.513612"></trkpt>
      <trkpt lat="30.396289" lon="-98.514018"></trkpt>
      <trkpt lat="30.396487" lon="-98.514300"></trkpt>
      <trkpt lat="30.396573" lon="-98.514437"></trkpt>
      <trkpt lat="30.396742" lon="-98.514736"></trkpt>
      <trkpt lat="30.396822" lon="-98.514908"></trkpt>
      <trkpt lat="30.396891" lon="-98.515110"></trkpt>
      <trkpt lat="30.396968" lon="-98.515406"></trkpt>
      <trkpt lat="30.397368" lon="-98.517239"></trkpt>
      <trkpt lat="30.397459" lon="-98.517659"></trkpt>
      <trkpt lat="30.397605" lon="-98.518365"></trkpt>
      <trkpt lat="30.398205" lon="-98.521270"></trkpt>
      <trkpt lat="30.398384" lon="-98.522101"></trkpt>
      <trkpt lat="30.398584" lon="-98.523112"></trkpt>
      <trkpt lat="30.398638" lon="-98.523400"></trkpt>
      <trkpt lat="30.398663" lon="-98.523586"></trkpt>
      <trkpt lat="30.398684" lon="-98.523850"></trkpt>
      <trkpt lat="30.398692" lon="-98.524198"></trkpt>
      <trkpt lat="30.398686" lon="-98.524339"></trkpt>
      <trkpt lat="30.398673" lon="-98.524480"></trkpt>
      <trkpt lat="30.398654" lon="-98.524622"></trkpt>
      <trkpt lat="30.398629" lon="-98.524756"></trkpt>
      <trkpt lat="30.398597" lon="-98.524891"></trkpt>
      <trkpt lat="30.398555" lon="-98.525027"></trkpt>
      <trkpt lat="30.398523" lon="-98.525118"></trkpt>
      <trkpt lat="30.398507" lon="-98.525163"></trkpt>
      <trkpt lat="30.398448" lon="-98.525306"></trkpt>
      <trkpt lat="30.398180" lon="-98.525948"></trkpt>
      <trkpt lat="30.397931" lon="-98.526615"></trkpt>
      <trkpt lat="30.397078" lon="-98.528645"></trkpt>
      <trkpt lat="30.396810" lon="-98.529322"></trkpt>
      <trkpt lat="30.396595" lon="-98.529900"></trkpt>
      <trkpt lat="30.396317" lon="-98.530628"></trkpt>
      <trkpt lat="30.396285" lon="-98.530736"></trkpt>
      <trkpt lat="30.396257" lon="-98.530852"></trkpt>
      <trkpt lat="30.396222" lon="-98.531048"></trkpt>
      <trkpt lat="30.396195" lon="-98.531284"></trkpt>
      <trkpt lat="30.396184" lon="-98.531501"></trkpt>
      <trkpt lat="30.396188" lon="-98.531744"></trkpt>
      <trkpt lat="30.396204" lon="-98.531967"></trkpt>
      <trkpt lat="30.396253" lon="-98.532370"></trkpt>
      <trkpt lat="30.396361" lon="-98.533106"></trkpt>
      <trkpt lat="30.396713" lon="-98.535657"></trkpt>
      <trkpt lat="30.396925" lon="-98.537104"></trkpt>
      <trkpt lat="30.397017" lon="-98.537797"></trkpt>
      <trkpt lat="30.397059" lon="-98.538201"></trkpt>
      <trkpt lat="30.397065" lon="-98.538396"></trkpt>
      <trkpt lat="30.397063" lon="-98.538625"></trkpt>
      <trkpt lat="30.397027" lon="-98.539849"></trkpt>
      <trkpt lat="30.396968" lon="-98.541254"></trkpt>
      <trkpt lat="30.396938" lon="-98.542107"></trkpt>
      <trkpt lat="30.396945" lon="-98.542426"></trkpt>
      <trkpt lat="30.396967" lon="-98.542801"></trkpt>
      <trkpt lat="30.397001" lon="-98.543088"></trkpt>
      <trkpt lat="30.397144" lon="-98.543990"></trkpt>
      <trkpt lat="30.397304" lon="-98.545079"></trkpt>
      <trkpt lat="30.397373" lon="-98.545508"></trkpt>
      <trkpt lat="30.397451" lon="-98.545995"></trkpt>
      <trkpt lat="30.397562" lon="-98.546803"></trkpt>
      <trkpt lat="30.397591" lon="-98.547134"></trkpt>
      <trkpt lat="30.397597" lon="-98.547383"></trkpt>
      <trkpt lat="30.397591" lon="-98.547545"></trkpt>
      <trkpt lat="30.397574" lon="-98.547827"></trkpt>
      <trkpt lat="30.397511" lon="-98.548582"></trkpt>
      <trkpt lat="30.397405" lon="-98.549772"></trkpt>
      <trkpt lat="30.397092" lon="-98.552849"></trkpt>
      <trkpt lat="30.397033" lon="-98.553375"></trkpt>
      <trkpt lat="30.397007" lon="-98.553562"></trkpt>
      <trkpt lat="30.396981" lon="-98.553743"></trkpt>
      <trkpt lat="30.396962" lon="-98.553841"></trkpt>
      <trkpt lat="30.396934" lon="-98.553948"></trkpt>
      <trkpt lat="30.396776" lon="-98.554434"></trkpt>
      <trkpt lat="30.396699" lon="-98.554637"></trkpt>
      <trkpt lat="30.396641" lon="-98.554774"></trkpt>
      <trkpt lat="30.396478" lon="-98.555106"></trkpt>
      <trkpt lat="30.394496" lon="-98.558908"></trkpt>
      <trkpt lat="30.394434" lon="-98.559044"></trkpt>
      <trkpt lat="30.394384" lon="-98.559169"></trkpt>
      <trkpt lat="30.394342" lon="-98.559300"></trkpt>
      <trkpt lat="30.394306" lon="-98.559439"></trkpt>
      <trkpt lat="30.394279" lon="-98.559589"></trkpt>
      <trkpt lat="30.394261" lon="-98.559748"></trkpt>
      <trkpt lat="30.394245" lon="-98.559996"></trkpt>
      <trkpt lat="30.394242" lon="-98.560246"></trkpt>
      <trkpt lat="30.394247" lon="-98.560391"></trkpt>
      <trkpt lat="30.394257" lon="-98.560524"></trkpt>
      <trkpt lat="30.394274" lon="-98.560648"></trkpt>
      <trkpt lat="30.394296" lon="-98.560763"></trkpt>
      <trkpt lat="30.394335" lon="-98.560906"></trkpt>
      <trkpt lat="30.394386" lon="-98.561060"></trkpt>
      <trkpt lat="30.394476" lon="-98.561279"></trkpt>
      <trkpt lat="30.394852" lon="-98.562109"></trkpt>
      <trkpt lat="30.395430" lon="-98.563338"></trkpt>
      <trkpt lat="30.395531" lon="-98.563574"></trkpt>
      <trkpt lat="30.395581" lon="-98.563720"></trkpt>
      <trkpt lat="30.395656" lon="-98.563988"></trkpt>
      <trkpt lat="30.395755" lon="-98.564421"></trkpt>
      <trkpt lat="30.395802" lon="-98.564692"></trkpt>
      <trkpt lat="30.395828" lon="-98.564926"></trkpt>
      <trkpt lat="30.395835" lon="-98.565045"></trkpt>
      <trkpt lat="30.395847" lon="-98.565233"></trkpt>
      <trkpt lat="30.395852" lon="-98.565918"></trkpt>
      <trkpt lat="30.395825" lon="-98.569256"></trkpt>
      <trkpt lat="30.395832" lon="-98.569671"></trkpt>
      <trkpt lat="30.395845" lon="-98.569847"></trkpt>
      <trkpt lat="30.395871" lon="-98.570058"></trkpt>
      <trkpt lat="30.395923" lon="-98.570386"></trkpt>
      <trkpt lat="30.395965" lon="-98.570570"></trkpt>
      <trkpt lat="30.396431" lon="-98.572163"></trkpt>
      <trkpt lat="30.396812" lon="-98.573419"></trkpt>
      <trkpt lat="30.396881" lon="-98.573719"></trkpt>
      <trkpt lat="30.396929" lon="-98.574023"></trkpt>
      <trkpt lat="30.396955" lon="-98.574331"></trkpt>
      <trkpt lat="30.396959" lon="-98.574640"></trkpt>
      <trkpt lat="30.396942" lon="-98.574949"></trkpt>
      <trkpt lat="30.396902" lon="-98.575256"></trkpt>
      <trkpt lat="30.396060" lon="-98.578812"></trkpt>
      <trkpt lat="30.395544" lon="-98.580977"></trkpt>
      <trkpt lat="30.395278" lon="-98.582050"></trkpt>
      <trkpt lat="30.395161" lon="-98.582543"></trkpt>
      <trkpt lat="30.395008" lon="-98.583164"></trkpt>
      <trkpt lat="30.394913" lon="-98.583572"></trkpt>
      <trkpt lat="30.394795" lon="-98.584089"></trkpt>
      <trkpt lat="30.394638" lon="-98.584752"></trkpt>
      <trkpt lat="30.394170" lon="-98.586679"></trkpt>
      <trkpt lat="30.394096" lon="-98.586916"></trkpt>
      <trkpt lat="30.394006" lon="-98.587146"></trkpt>
      <trkpt lat="30.393902" lon="-98.587366"></trkpt>
      <trkpt lat="30.393784" lon="-98.587578"></trkpt>
      <trkpt lat="30.393652" lon="-98.587779"></trkpt>
      <trkpt lat="30.393508" lon="-98.587967"></trkpt>
      <trkpt lat="30.393352" lon="-98.588143"></trkpt>
      <trkpt lat="30.391804" lon="-98.589628"></trkpt>
      <trkpt lat="30.391580" lon="-98.589862"></trkpt>
      <trkpt lat="30.391360" lon="-98.590167"></trkpt>
      <trkpt lat="30.391233" lon="-98.590421"></trkpt>
      <trkpt lat="30.391131" lon="-98.590733"></trkpt>
      <trkpt lat="30.391092" lon="-98.590903"></trkpt>
      <trkpt lat="30.391057" lon="-98.591127"></trkpt>
      <trkpt lat="30.391037" lon="-98.591800"></trkpt>
      <trkpt lat="30.390902" lon="-98.596288"></trkpt>
      <trkpt lat="30.390823" lon="-98.596794"></trkpt>
      <trkpt lat="30.390582" lon="-98.597875"></trkpt>
      <trkpt lat="30.390536" lon="-98.598308"></trkpt>
      <trkpt lat="30.390524" lon="-98.598757"></trkpt>
      <trkpt lat="30.390536" lon="-98.599878"></trkpt>
      <trkpt lat="30.390547" lon="-98.600249"></trkpt>
      <trkpt lat="30.390568" lon="-98.604918"></trkpt>
      <trkpt lat="30.390571" lon="-98.605517"></trkpt>
      <trkpt lat="30.390614" lon="-98.611512"></trkpt>
      <trkpt lat="30.390629" lon="-98.613657"></trkpt>
      <trkpt lat="30.390641" lon="-98.617251"></trkpt>
      <trkpt lat="30.390653" lon="-98.617518"></trkpt>
      <trkpt lat="30.390664" lon="-98.618848"></trkpt>
      <trkpt lat="30.390685" lon="-98.620723"></trkpt>
      <trkpt lat="30.390714" lon="-98.621579"></trkpt>
      <trkpt lat="30.390713" lon="-98.627010"></trkpt>
      <trkpt lat="30.390698" lon="-98.627330"></trkpt>
      <trkpt lat="30.390701" lon="-98.630224"></trkpt>
      <trkpt lat="30.390690" lon="-98.632604"></trkpt>
      <trkpt lat="30.390687" lon="-98.634602"></trkpt>
      <trkpt lat="30.390663" lon="-98.635332"></trkpt>
      <trkpt lat="30.390687" lon="-98.637359"></trkpt>
      <trkpt lat="30.390685" lon="-98.637506"></trkpt>
      <trkpt lat="30.390680" lon="-98.637818"></trkpt>
      <trkpt lat="30.390659" lon="-98.638121"></trkpt>
      <trkpt lat="30.390615" lon="-98.638417"></trkpt>
      <trkpt lat="30.390542" lon="-98.638701"></trkpt>
      <trkpt lat="30.390442" lon="-98.638970"></trkpt>
      <trkpt lat="30.390316" lon="-98.639222"></trkpt>
      <trkpt lat="30.390085" lon="-98.639557"></trkpt>
      <trkpt lat="30.389213" lon="-98.640743"></trkpt>
      <trkpt lat="30.388352" lon="-98.641904"></trkpt>
      <trkpt lat="30.387907" lon="-98.642598"></trkpt>
      <trkpt lat="30.387593" lon="-98.643181"></trkpt>
      <trkpt lat="30.387067" lon="-98.644240"></trkpt>
      <trkpt lat="30.386957" lon="-98.644486"></trkpt>
      <trkpt lat="30.385870" lon="-98.646437"></trkpt>
      <trkpt lat="30.385488" lon="-98.647076"></trkpt>
      <trkpt lat="30.383445" lon="-98.650361"></trkpt>
      <trkpt lat="30.383252" lon="-98.650793"></trkpt>
      <trkpt lat="30.383169" lon="-98.651022"></trkpt>
      <trkpt lat="30.383072" lon="-98.651386"></trkpt>
      <trkpt lat="30.382992" lon="-98.651854"></trkpt>
      <trkpt lat="30.382965" lon="-98.652322"></trkpt>
      <trkpt lat="30.382974" lon="-98.655373"></trkpt>
      <trkpt lat="30.382983" lon="-98.655535"></trkpt>
      <trkpt lat="30.382987" lon="-98.658166"></trkpt>
      <trkpt lat="30.382987" lon="-98.659032"></trkpt>
      <trkpt lat="30.382985" lon="-98.660528"></trkpt>
      <trkpt lat="30.382985" lon="-98.661532"></trkpt>
      <trkpt lat="30.382984" lon="-98.661772"></trkpt>
      <trkpt lat="30.383016" lon="-98.665671"></trkpt>
      <trkpt lat="30.382971" lon="-98.667153"></trkpt>
      <trkpt lat="30.382949" lon="-98.667893"></trkpt>
      <trkpt lat="30.382949" lon="-98.668242"></trkpt>
      <trkpt lat="30.382969" lon="-98.668461"></trkpt>
      <trkpt lat="30.383024" lon="-98.668688"></trkpt>
      <trkpt lat="30.383112" lon="-98.668911"></trkpt>
      <trkpt lat="30.383227" lon="-98.669137"></trkpt>
      <trkpt lat="30.383358" lon="-98.669315"></trkpt>
      <trkpt lat="30.383512" lon="-98.669484"></trkpt>
      <trkpt lat="30.383687" lon="-98.669623"></trkpt>
      <trkpt lat="30.383871" lon="-98.669739"></trkpt>
      <trkpt lat="30.384164" lon="-98.669859"></trkpt>
      <trkpt lat="30.384387" lon="-98.669899"></trkpt>
      <trkpt lat="30.384689" lon="-98.669908"></trkpt>
      <trkpt lat="30.388638" lon="-98.669931"></trkpt>
      <trkpt lat="30.390950" lon="-98.669946"></trkpt>
      <trkpt lat="30.391252" lon="-98.669963"></trkpt>
      <trkpt lat="30.391488" lon="-98.670012"></trkpt>
      <trkpt lat="30.391693" lon="-98.670091"></trkpt>
      <trkpt lat="30.391945" lon="-98.670237"></trkpt>
      <trkpt lat="30.392133" lon="-98.670411"></trkpt>
      <trkpt lat="30.392296" lon="-98.670607"></trkpt>
      <trkpt lat="30.392402" lon="-98.670756"></trkpt>
      <trkpt lat="30.392501" lon="-98.670957"></trkpt>
      <trkpt lat="30.392585" lon="-98.671175"></trkpt>
      <trkpt lat="30.392636" lon="-98.671389"></trkpt>
      <trkpt lat="30.392668" lon="-98.671608"></trkpt>
      <trkpt lat="30.392674" lon="-98.671875"></trkpt>
      <trkpt lat="30.392667" lon="-98.672172"></trkpt>
      <trkpt lat="30.392665" lon="-98.672229"></trkpt>
      <trkpt lat="30.392689" lon="-98.675083"></trkpt>
      <trkpt lat="30.392672" lon="-98.679566"></trkpt>
      <trkpt lat="30.392659" lon="-98.682242"></trkpt>
      <trkpt lat="30.392677" lon="-98.682951"></trkpt>
      <trkpt lat="30.392706" lon="-98.683234"></trkpt>
      <trkpt lat="30.392743" lon="-98.683526"></trkpt>
      <trkpt lat="30.392806" lon="-98.683827"></trkpt>
      <trkpt lat="30.392868" lon="-98.684131"></trkpt>
      <trkpt lat="30.393082" lon="-98.685010"></trkpt>
      <trkpt lat="30.393252" lon="-98.685554"></trkpt>
      <trkpt lat="30.393374" lon="-98.685866"></trkpt>
      <trkpt lat="30.393531" lon="-98.686182"></trkpt>
      <trkpt lat="30.393976" lon="-98.686985"></trkpt>
      <trkpt lat="30.394162" lon="-98.687344"></trkpt>
      <trkpt lat="30.394314" lon="-98.687707"></trkpt>
      <trkpt lat="30.394442" lon="-98.688093"></trkpt>
      <trkpt lat="30.394639" lon="-98.688804"></trkpt>
      <trkpt lat="30.395381" lon="-98.691654"></trkpt>
      <trkpt lat="30.395717" lon="-98.693003"></trkpt>
      <trkpt lat="30.396023" lon="-98.693930"></trkpt>
      <trkpt lat="30.396534" lon="-98.695390"></trkpt>
      <trkpt lat="30.396711" lon="-98.695972"></trkpt>
      <trkpt lat="30.396818" lon="-98.696522"></trkpt>
      <trkpt lat="30.396867" lon="-98.697027"></trkpt>
      <trkpt lat="30.396897" lon="-98.697538"></trkpt>
      <trkpt lat="30.396956" lon="-98.699733"></trkpt>
      <trkpt lat="30.396983" lon="-98.700001"></trkpt>
      <trkpt lat="30.397044" lon="-98.700251"></trkpt>
      <trkpt lat="30.397127" lon="-98.700482"></trkpt>
      <trkpt lat="30.397196" lon="-98.700621"></trkpt>
      <trkpt lat="30.397317" lon="-98.700808"></trkpt>
      <trkpt lat="30.397451" lon="-98.700973"></trkpt>
      <trkpt lat="30.397597" lon="-98.701110"></trkpt>
      <trkpt lat="30.397789" lon="-98.701249"></trkpt>
      <trkpt lat="30.398287" lon="-98.701446"></trkpt>
      <trkpt lat="30.398639" lon="-98.701452"></trkpt>
      <trkpt lat="30.400254" lon="-98.701458"></trkpt>
      <trkpt lat="30.400691" lon="-98.701459"></trkpt>
      <trkpt lat="30.400805" lon="-98.701461"></trkpt>
      <trkpt lat="30.400714" lon="-98.701459"></trkpt>
      <trkpt lat="30.400715" lon="-98.704134"></trkpt>
      <trkpt lat="30.400738" lon="-98.704778"></trkpt>
      <trkpt lat="30.400757" lon="-98.704954"></trkpt>
      <trkpt lat="30.400836" lon="-98.705326"></trkpt>
      <trkpt lat="30.401066" lon="-98.706110"></trkpt>
      <trkpt lat="30.401123" lon="-98.706353"></trkpt>
      <trkpt lat="30.401162" lon="-98.706536"></trkpt>
      <trkpt lat="30.401184" lon="-98.706733"></trkpt>
      <trkpt lat="30.401205" lon="-98.706991"></trkpt>
      <trkpt lat="30.401216" lon="-98.708035"></trkpt>
      <trkpt lat="30.401212" lon="-98.708303"></trkpt>
      <trkpt lat="30.401212" lon="-98.709454"></trkpt>
      <trkpt lat="30.401211" lon="-98.710779"></trkpt>
      <trkpt lat="30.401220" lon="-98.711252"></trkpt>
      <trkpt lat="30.401260" lon="-98.711589"></trkpt>
      <trkpt lat="30.401322" lon="-98.711912"></trkpt>
      <trkpt lat="30.401405" lon="-98.712211"></trkpt>
      <trkpt lat="30.401499" lon="-98.712477"></trkpt>
      <trkpt lat="30.401629" lon="-98.712761"></trkpt>
      <trkpt lat="30.401826" lon="-98.713114"></trkpt>
      <trkpt lat="30.401958" lon="-98.713312"></trkpt>
      <trkpt lat="30.402292" lon="-98.713780"></trkpt>
      <trkpt lat="30.402547" lon="-98.714093"></trkpt>
      <trkpt lat="30.402833" lon="-98.714363"></trkpt>
      <trkpt lat="30.403039" lon="-98.714513"></trkpt>
      <trkpt lat="30.403254" lon="-98.714639"></trkpt>
      <trkpt lat="30.403693" lon="-98.714813"></trkpt>
      <trkpt lat="30.403910" lon="-98.714868"></trkpt>
      <trkpt lat="30.404121" lon="-98.714887"></trkpt>
      <trkpt lat="30.404897" lon="-98.714910"></trkpt>
      <trkpt lat="30.407159" lon="-98.714943"></trkpt>
      <trkpt lat="30.408166" lon="-98.714968"></trkpt>
      <trkpt lat="30.409499" lon="-98.714952"></trkpt>
      <trkpt lat="30.409909" lon="-98.714962"></trkpt>
      <trkpt lat="30.410096" lon="-98.714967"></trkpt>
      <trkpt lat="30.410252" lon="-98.714988"></trkpt>
      <trkpt lat="30.410434" lon="-98.715042"></trkpt>
      <trkpt lat="30.410574" lon="-98.715104"></trkpt>
      <trkpt lat="30.410745" lon="-98.715198"></trkpt>
      <trkpt lat="30.410887" lon="-98.715309"></trkpt>
      <trkpt lat="30.411007" lon="-98.715417"></trkpt>
      <trkpt lat="30.411135" lon="-98.715569"></trkpt>
      <trkpt lat="30.411276" lon="-98.715790"></trkpt>
      <trkpt lat="30.411349" lon="-98.715932"></trkpt>
      <trkpt lat="30.411412" lon="-98.716081"></trkpt>
      <trkpt lat="30.411486" lon="-98.716343"></trkpt>
      <trkpt lat="30.411514" lon="-98.716503"></trkpt>
      <trkpt lat="30.411531" lon="-98.716782"></trkpt>
      <trkpt lat="30.411504" lon="-98.719396"></trkpt>
      <trkpt lat="30.411477" lon="-98.721960"></trkpt>
      <trkpt lat="30.411472" lon="-98.724436"></trkpt>
      <trkpt lat="30.411460" lon="-98.726253"></trkpt>
      <trkpt lat="30.411458" lon="-98.726553"></trkpt>
      <trkpt lat="30.411426" lon="-98.730238"></trkpt>
      <trkpt lat="30.411432" lon="-98.730544"></trkpt>
      <trkpt lat="30.411449" lon="-98.730853"></trkpt>
      <trkpt lat="30.411499" lon="-98.731196"></trkpt>
      <trkpt lat="30.411541" lon="-98.731355"></trkpt>
      <trkpt lat="30.411559" lon="-98.731464"></trkpt>
      <trkpt lat="30.411626" lon="-98.731703"></trkpt>
      <trkpt lat="30.411758" lon="-98.732040"></trkpt>
      <trkpt lat="30.412156" lon="-98.732808"></trkpt>
      <trkpt lat="30.412289" lon="-98.733023"></trkpt>
      <trkpt lat="30.412739" lon="-98.733746"></trkpt>
      <trkpt lat="30.412851" lon="-98.733974"></trkpt>
      <trkpt lat="30.412958" lon="-98.734269"></trkpt>
      <trkpt lat="30.413084" lon="-98.734767"></trkpt>
      <trkpt lat="30.413353" lon="-98.736034"></trkpt>
      <trkpt lat="30.413472" lon="-98.736648"></trkpt>
      <trkpt lat="30.413472" lon="-98.736648"></trkpt>
      <trkpt lat="30.406052" lon="-98.736571"></trkpt>
      <trkpt lat="30.405230" lon="-98.736564"></trkpt>
      <trkpt lat="30.404492" lon="-98.736577"></trkpt>
      <trkpt lat="30.404035" lon="-98.736664"></trkpt>
      <trkpt lat="30.403726" lon="-98.736780"></trkpt>
      <trkpt lat="30.403703" lon="-98.736788"></trkpt>
      <trkpt lat="30.403375" lon="-98.736987"></trkpt>
      <trkpt lat="30.402493" lon="-98.737683"></trkpt>
      <trkpt lat="30.402141" lon="-98.737908"></trkpt>
      <trkpt lat="30.401800" lon="-98.738074"></trkpt>
      <trkpt lat="30.401478" lon="-98.738210"></trkpt>
      <trkpt lat="30.401074" lon="-98.738376"></trkpt>
      <trkpt lat="30.400356" lon="-98.738658"></trkpt>
      <trkpt lat="30.394284" lon="-98.741124"></trkpt>
      <trkpt lat="30.391888" lon="-98.742077"></trkpt>
      <trkpt lat="30.391106" lon="-98.742381"></trkpt>
      <trkpt lat="30.389575" lon="-98.742821"></trkpt>
      <trkpt lat="30.385086" lon="-98.744110"></trkpt>
      <trkpt lat="30.384061" lon="-98.744387"></trkpt>
      <trkpt lat="30.383605" lon="-98.744621"></trkpt>
      <trkpt lat="30.382834" lon="-98.745131"></trkpt>
      <trkpt lat="30.382594" lon="-98.745349"></trkpt>
      <trkpt lat="30.382024" lon="-98.745762"></trkpt>
      <trkpt lat="30.378556" lon="-98.748265"></trkpt>
      <trkpt lat="30.377397" lon="-98.749125"></trkpt>
      <trkpt lat="30.375828" lon="-98.750274"></trkpt>
      <trkpt lat="30.371220" lon="-98.753612"></trkpt>
      <trkpt lat="30.370248" lon="-98.754335"></trkpt>
      <trkpt lat="30.369781" lon="-98.754736"></trkpt>
      <trkpt lat="30.369356" lon="-98.755213"></trkpt>
      <trkpt lat="30.369025" lon="-98.755716"></trkpt>
      <trkpt lat="30.367342" lon="-98.758728"></trkpt>
      <trkpt lat="30.366925" lon="-98.759473"></trkpt>
      <trkpt lat="30.366505" lon="-98.760229"></trkpt>
      <trkpt lat="30.366301" lon="-98.760598"></trkpt>
      <trkpt lat="30.362272" lon="-98.768608"></trkpt>
      <trkpt lat="30.362145" lon="-98.768847"></trkpt>
      <trkpt lat="30.361384" lon="-98.770414"></trkpt>
      <trkpt lat="30.360735" lon="-98.771742"></trkpt>
      <trkpt lat="30.359288" lon="-98.774681"></trkpt>
      <trkpt lat="30.358547" lon="-98.776136"></trkpt>
      <trkpt lat="30.358152" lon="-98.776928"></trkpt>
      <trkpt lat="30.357915" lon="-98.777302"></trkpt>
      <trkpt lat="30.357636" lon="-98.777652"></trkpt>
      <trkpt lat="30.357314" lon="-98.777980"></trkpt>
      <trkpt lat="30.356833" lon="-98.778324"></trkpt>
      <trkpt lat="30.356476" lon="-98.778498"></trkpt>
      <trkpt lat="30.356124" lon="-98.778612"></trkpt>
      <trkpt lat="30.355131" lon="-98.778944"></trkpt>
      <trkpt lat="30.354003" lon="-98.779325"></trkpt>
      <trkpt lat="30.353417" lon="-98.779535"></trkpt>
      <trkpt lat="30.353082" lon="-98.779742"></trkpt>
      <trkpt lat="30.352845" lon="-98.779964"></trkpt>
      <trkpt lat="30.351326" lon="-98.781567"></trkpt>
      <trkpt lat="30.350926" lon="-98.781929"></trkpt>
      <trkpt lat="30.349992" lon="-98.782610"></trkpt>
      <trkpt lat="30.349366" lon="-98.783035"></trkpt>
      <trkpt lat="30.348356" lon="-98.783740"></trkpt>
      <trkpt lat="30.348029" lon="-98.783968"></trkpt>
      <trkpt lat="30.347309" lon="-98.784478"></trkpt>
      <trkpt lat="30.346046" lon="-98.785372"></trkpt>
      <trkpt lat="30.345020" lon="-98.786011"></trkpt>
      <trkpt lat="30.344146" lon="-98.786527"></trkpt>
      <trkpt lat="30.343581" lon="-98.786963"></trkpt>
      <trkpt lat="30.343308" lon="-98.787175"></trkpt>
      <trkpt lat="30.343095" lon="-98.787345"></trkpt>
      <trkpt lat="30.342715" lon="-98.787646"></trkpt>
      <trkpt lat="30.338978" lon="-98.790680"></trkpt>
      <trkpt lat="30.338736" lon="-98.790894"></trkpt>
      <trkpt lat="30.338553" lon="-98.791112"></trkpt>
      <trkpt lat="30.337333" lon="-98.792587"></trkpt>
      <trkpt lat="30.336248" lon="-98.793925"></trkpt>
      <trkpt lat="30.334831" lon="-98.795671"></trkpt>
      <trkpt lat="30.334376" lon="-98.796083"></trkpt>
      <trkpt lat="30.334296" lon="-98.796135"></trkpt>
      <trkpt lat="30.334057" lon="-98.796281"></trkpt>
      <trkpt lat="30.332654" lon="-98.796850"></trkpt>
      <trkpt lat="30.331933" lon="-98.797133"></trkpt>
      <trkpt lat="30.331530" lon="-98.797332"></trkpt>
      <trkpt lat="30.331155" lon="-98.797583"></trkpt>
      <trkpt lat="30.330506" lon="-98.798061"></trkpt>
      <trkpt lat="30.329215" lon="-98.799554"></trkpt>
      <trkpt lat="30.328420" lon="-98.800485"></trkpt>
      <trkpt lat="30.327942" lon="-98.801014"></trkpt>
      <trkpt lat="30.324855" lon="-98.804647"></trkpt>
      <trkpt lat="30.323954" lon="-98.805643"></trkpt>
      <trkpt lat="30.323333" lon="-98.806231"></trkpt>
      <trkpt lat="30.322534" lon="-98.806815"></trkpt>
      <trkpt lat="30.321880" lon="-98.807286"></trkpt>
      <trkpt lat="30.321642" lon="-98.807458"></trkpt>
      <trkpt lat="30.321419" lon="-98.807626"></trkpt>
      <trkpt lat="30.321007" lon="-98.807889"></trkpt>
      <trkpt lat="30.319597" lon="-98.808878"></trkpt>
      <trkpt lat="30.318450" lon="-98.809734"></trkpt>
      <trkpt lat="30.317441" lon="-98.810433"></trkpt>
      <trkpt lat="30.313425" lon="-98.813212"></trkpt>
      <trkpt lat="30.311967" lon="-98.814339"></trkpt>
      <trkpt lat="30.309785" lon="-98.816092"></trkpt>
      <trkpt lat="30.308502" lon="-98.817159"></trkpt>
      <trkpt lat="30.308278" lon="-98.817403"></trkpt>
      <trkpt lat="30.307173" lon="-98.818798"></trkpt>
      <trkpt lat="30.306866" lon="-98.819189"></trkpt>
      <trkpt lat="30.306203" lon="-98.819940"></trkpt>
      <trkpt lat="30.305623" lon="-98.820453"></trkpt>
      <trkpt lat="30.304985" lon="-98.821000"></trkpt>
      <trkpt lat="30.303922" lon="-98.821889"></trkpt>
      <trkpt lat="30.303560" lon="-98.822176"></trkpt>
      <trkpt lat="30.303285" lon="-98.822352"></trkpt>
      <trkpt lat="30.302957" lon="-98.822552"></trkpt>
      <trkpt lat="30.300843" lon="-98.823528"></trkpt>
      <trkpt lat="30.300378" lon="-98.823833"></trkpt>
      <trkpt lat="30.299904" lon="-98.824195"></trkpt>
      <trkpt lat="30.299589" lon="-98.824555"></trkpt>
      <trkpt lat="30.299264" lon="-98.825001"></trkpt>
      <trkpt lat="30.297414" lon="-98.828147"></trkpt>
      <trkpt lat="30.296893" lon="-98.829000"></trkpt>
      <trkpt lat="30.296827" lon="-98.829112"></trkpt>
      <trkpt lat="30.295529" lon="-98.831313"></trkpt>
      <trkpt lat="30.295181" lon="-98.832060"></trkpt>
      <trkpt lat="30.294678" lon="-98.833265"></trkpt>
      <trkpt lat="30.294213" lon="-98.834383"></trkpt>
      <trkpt lat="30.294024" lon="-98.834785"></trkpt>
      <trkpt lat="30.293902" lon="-98.835043"></trkpt>
      <trkpt lat="30.293248" lon="-98.836117"></trkpt>
      <trkpt lat="30.292457" lon="-98.837290"></trkpt>
      <trkpt lat="30.291875" lon="-98.838444"></trkpt>
      <trkpt lat="30.291606" lon="-98.839022"></trkpt>
      <trkpt lat="30.291189" lon="-98.840038"></trkpt>
      <trkpt lat="30.291155" lon="-98.840122"></trkpt>
      <trkpt lat="30.291135" lon="-98.840170"></trkpt>
      <trkpt lat="30.290829" lon="-98.840916"></trkpt>
      <trkpt lat="30.290276" lon="-98.842200"></trkpt>
      <trkpt lat="30.289271" lon="-98.844569"></trkpt>
      <trkpt lat="30.288320" lon="-98.846738"></trkpt>
      <trkpt lat="30.287807" lon="-98.847942"></trkpt>
      <trkpt lat="30.287502" lon="-98.848776"></trkpt>
      <trkpt lat="30.287277" lon="-98.849351"></trkpt>
      <trkpt lat="30.286809" lon="-98.850365"></trkpt>
      <trkpt lat="30.286699" lon="-98.850736"></trkpt>
      <trkpt lat="30.286557" lon="-98.851177"></trkpt>
      <trkpt lat="30.286168" lon="-98.852775"></trkpt>
      <trkpt lat="30.285837" lon="-98.854111"></trkpt>
      <trkpt lat="30.285791" lon="-98.854298"></trkpt>
      <trkpt lat="30.285693" lon="-98.854692"></trkpt>
      <trkpt lat="30.285620" lon="-98.854985"></trkpt>
      <trkpt lat="30.285395" lon="-98.855896"></trkpt>
      <trkpt lat="30.284891" lon="-98.858105"></trkpt>
      <trkpt lat="30.284690" lon="-98.858968"></trkpt>
      <trkpt lat="30.284536" lon="-98.859557"></trkpt>
      <trkpt lat="30.284226" lon="-98.860318"></trkpt>
      <trkpt lat="30.284144" lon="-98.860464"></trkpt>
      <trkpt lat="30.284016" lon="-98.860694"></trkpt>
      <trkpt lat="30.283782" lon="-98.861030"></trkpt>
      <trkpt lat="30.283377" lon="-98.861539"></trkpt>
      <trkpt lat="30.282999" lon="-98.861917"></trkpt>
      <trkpt lat="30.282300" lon="-98.862581"></trkpt>
      <trkpt lat="30.282093" lon="-98.862778"></trkpt>
      <trkpt lat="30.281216" lon="-98.863623"></trkpt>
      <trkpt lat="30.280286" lon="-98.864512"></trkpt>
      <trkpt lat="30.279356" lon="-98.865363"></trkpt>
      <trkpt lat="30.278874" lon="-98.865818"></trkpt>
      <trkpt lat="30.278428" lon="-98.866239"></trkpt>
      <trkpt lat="30.277495" lon="-98.867096"></trkpt>
      <trkpt lat="30.276538" lon="-98.868013"></trkpt>
      <trkpt lat="30.276758" lon="-98.868309"></trkpt>
      <trkpt lat="30.276932" lon="-98.868550"></trkpt>
      <trkpt lat="30.277233" lon="-98.868966"></trkpt>
      <trkpt lat="30.277754" lon="-98.869720"></trkpt>
      <trkpt lat="30.277206" lon="-98.870250"></trkpt>
      <trkpt lat="30.277086" lon="-98.870366"></trkpt>
      <trkpt lat="30.276865" lon="-98.870580"></trkpt>
      <trkpt lat="30.276716" lon="-98.870724"></trkpt>
      <trkpt lat="30.276250" lon="-98.871175"></trkpt>
      <trkpt lat="30.276171" lon="-98.871251"></trkpt>
      <trkpt lat="30.276086" lon="-98.871334"></trkpt>
      <trkpt lat="30.275557" lon="-98.871845"></trkpt>
      <trkpt lat="30.275204" lon="-98.872187"></trkpt>
      <trkpt lat="30.275091" lon="-98.872296"></trkpt>
      <trkpt lat="30.274995" lon="-98.872162"></trkpt>
      <trkpt lat="30.274928" lon="-98.872069"></trkpt>
      <trkpt lat="30.273934" lon="-98.870677"></trkpt>
      <trkpt lat="30.273873" lon="-98.870592"></trkpt>
      <trkpt lat="30.273808" lon="-98.870502"></trkpt>
      <trkpt lat="30.272724" lon="-98.869006"></trkpt>
      <trkpt lat="30.272677" lon="-98.868941"></trkpt>
      <trkpt lat="30.272611" lon="-98.868848"></trkpt>
      <trkpt lat="30.271905" lon="-98.867861"></trkpt>
      <trkpt lat="30.271548" lon="-98.867361"></trkpt>
      <trkpt lat="30.271490" lon="-98.867279"></trkpt>
      <trkpt lat="30.271423" lon="-98.867183"></trkpt>
      <trkpt lat="30.270715" lon="-98.866170"></trkpt>
      <trkpt lat="30.270584" lon="-98.865985"></trkpt>
      <trkpt lat="30.270388" lon="-98.865705"></trkpt>
      <trkpt lat="30.270335" lon="-98.865629"></trkpt>
      <trkpt lat="30.270268" lon="-98.865531"></trkpt>
      <trkpt lat="30.270089" lon="-98.865269"></trkpt>
      <trkpt lat="30.269967" lon="-98.865090"></trkpt>
      <trkpt lat="30.269888" lon="-98.864974"></trkpt>
      <trkpt lat="30.269703" lon="-98.864704"></trkpt>
      <trkpt lat="30.269505" lon="-98.864414"></trkpt>
      <trkpt lat="30.269378" lon="-98.864228"></trkpt>
      <trkpt lat="30.269163" lon="-98.863914"></trkpt>
      <trkpt lat="30.268831" lon="-98.863447"></trkpt>
      <trkpt lat="30.268702" lon="-98.863264"></trkpt>
      <trkpt lat="30.268474" lon="-98.862943"></trkpt>
      <trkpt lat="30.268433" lon="-98.862887"></trkpt>
      <trkpt lat="30.268333" lon="-98.862746"></trkpt>
      <trkpt lat="30.268054" lon="-98.862353"></trkpt>
      <trkpt lat="30.267635" lon="-98.861754"></trkpt>
      <trkpt lat="30.267224" lon="-98.861160"></trkpt>
      <trkpt lat="30.266654" lon="-98.860350"></trkpt>
      <trkpt lat="30.266598" lon="-98.860271"></trkpt>
      <trkpt lat="30.265992" lon="-98.859410"></trkpt>
      <trkpt lat="30.265354" lon="-98.858509"></trkpt>
      <trkpt lat="30.265206" lon="-98.858294"></trkpt>
      <trkpt lat="30.265109" lon="-98.858156"></trkpt>
      <trkpt lat="30.264985" lon="-98.857975"></trkpt>
      <trkpt lat="30.264686" lon="-98.857572"></trkpt>
      <trkpt lat="30.264503" lon="-98.857394"></trkpt>
      <trkpt lat="30.264485" lon="-98.857381"></trkpt>
      <trkpt lat="30.264329" lon="-98.857270"></trkpt>
      <trkpt lat="30.264207" lon="-98.857211"></trkpt>
      <trkpt lat="30.264132" lon="-98.857175"></trkpt>
      <trkpt lat="30.264053" lon="-98.857145"></trkpt>
      <trkpt lat="30.263839" lon="-98.857061"></trkpt>
      <trkpt lat="30.263682" lon="-98.857009"></trkpt>
      <trkpt lat="30.263461" lon="-98.856937"></trkpt>
      <trkpt lat="30.263223" lon="-98.856859"></trkpt>
      <trkpt lat="30.263181" lon="-98.856845"></trkpt>
      <trkpt lat="30.262881" lon="-98.856735"></trkpt>
      <trkpt lat="30.262064" lon="-98.856465"></trkpt>
      <trkpt lat="30.261674" lon="-98.856336"></trkpt>
      <trkpt lat="30.261584" lon="-98.856306"></trkpt>
      <trkpt lat="30.261505" lon="-98.856279"></trkpt>
      <trkpt lat="30.261228" lon="-98.856187"></trkpt>
      <trkpt lat="30.260825" lon="-98.856053"></trkpt>
      <trkpt lat="30.260626" lon="-98.855965"></trkpt>
      <trkpt lat="30.260368" lon="-98.855835"></trkpt>
      <trkpt lat="30.260271" lon="-98.855768"></trkpt>
      <trkpt lat="30.260159" lon="-98.855691"></trkpt>
      <trkpt lat="30.260074" lon="-98.855626"></trkpt>
      <trkpt lat="30.259983" lon="-98.855557"></trkpt>
      <trkpt lat="30.259811" lon="-98.855399"></trkpt>
      <trkpt lat="30.259712" lon="-98.855308"></trkpt>
      <trkpt lat="30.259455" lon="-98.854997"></trkpt>
      <trkpt lat="30.259123" lon="-98.854527"></trkpt>
      <trkpt lat="30.259040" lon="-98.854402"></trkpt>
      <trkpt lat="30.258717" lon="-98.853922"></trkpt>
      <trkpt lat="30.258698" lon="-98.853894"></trkpt>
      <trkpt lat="30.258138" lon="-98.853060"></trkpt>
      <trkpt lat="30.258091" lon="-98.852990"></trkpt>
      <trkpt lat="30.257866" lon="-98.852655"></trkpt>
      <trkpt lat="30.257163" lon="-98.851590"></trkpt>
      <trkpt lat="30.256864" lon="-98.851137"></trkpt>
      <trkpt lat="30.256480" lon="-98.850660"></trkpt>
      <trkpt lat="30.256063" lon="-98.850222"></trkpt>
      <trkpt lat="30.255753" lon="-98.849970"></trkpt>
      <trkpt lat="30.255436" lon="-98.849739"></trkpt>
      <trkpt lat="30.255187" lon="-98.849587"></trkpt>
      <trkpt lat="30.255056" lon="-98.849506"></trkpt>
      <trkpt lat="30.254683" lon="-98.849325"></trkpt>
      <trkpt lat="30.254499" lon="-98.849250"></trkpt>
      <trkpt lat="30.253718" lon="-98.848988"></trkpt>
      <trkpt lat="30.253620" lon="-98.848955"></trkpt>
      <trkpt lat="30.252380" lon="-98.848534"></trkpt>
      <trkpt lat="30.250878" lon="-98.848024"></trkpt>
      <trkpt lat="30.250478" lon="-98.847871"></trkpt>
      <trkpt lat="30.250009" lon="-98.847735"></trkpt>
      <trkpt lat="30.249779" lon="-98.847669"></trkpt>
      <trkpt lat="30.249557" lon="-98.847604"></trkpt>
      <trkpt lat="30.249499" lon="-98.847588"></trkpt>
      <trkpt lat="30.249250" lon="-98.847516"></trkpt>
      <trkpt lat="30.248543" lon="-98.847268"></trkpt>
      <trkpt lat="30.248120" lon="-98.847131"></trkpt>
      <trkpt lat="30.247759" lon="-98.847021"></trkpt>
      <trkpt lat="30.247679" lon="-98.846997"></trkpt>
      <trkpt lat="30.247643" lon="-98.846986"></trkpt>
      <trkpt lat="30.247597" lon="-98.846971"></trkpt>
      <trkpt lat="30.246857" lon="-98.846726"></trkpt>
      <trkpt lat="30.246537" lon="-98.846596"></trkpt>
      <trkpt lat="30.246221" lon="-98.846441"></trkpt>
      <trkpt lat="30.245948" lon="-98.846270"></trkpt>
      <trkpt lat="30.245656" lon="-98.846065"></trkpt>
      <trkpt lat="30.245394" lon="-98.845839"></trkpt>
      <trkpt lat="30.244668" lon="-98.845177"></trkpt>
      <trkpt lat="30.243523" lon="-98.844161"></trkpt>
      <trkpt lat="30.242637" lon="-98.843375"></trkpt>
      <trkpt lat="30.242304" lon="-98.843087"></trkpt>
      <trkpt lat="30.241581" lon="-98.842463"></trkpt>
      <trkpt lat="30.240997" lon="-98.841873"></trkpt>
      <trkpt lat="30.240430" lon="-98.841176"></trkpt>
      <trkpt lat="30.240411" lon="-98.841146"></trkpt>
      <trkpt lat="30.239767" lon="-98.840134"></trkpt>
      <trkpt lat="30.239325" lon="-98.839438"></trkpt>
      <trkpt lat="30.238807" lon="-98.838623"></trkpt>
      <trkpt lat="30.238251" lon="-98.837748"></trkpt>
      <trkpt lat="30.236485" lon="-98.834885"></trkpt>
      <trkpt lat="30.235379" lon="-98.833132"></trkpt>
      <trkpt lat="30.235176" lon="-98.832812"></trkpt>
      <trkpt lat="30.233732" lon="-98.830529"></trkpt>
      <trkpt lat="30.233448" lon="-98.830080"></trkpt>
      <trkpt lat="30.233090" lon="-98.829514"></trkpt>
      <trkpt lat="30.231834" lon="-98.827619"></trkpt>
      <trkpt lat="30.231597" lon="-98.827261"></trkpt>
      <trkpt lat="30.228750" lon="-98.822954"></trkpt>
      <trkpt lat="30.228495" lon="-98.822511"></trkpt>
      <trkpt lat="30.228349" lon="-98.822242"></trkpt>
      <trkpt lat="30.228123" lon="-98.821766"></trkpt>
      <trkpt lat="30.227924" lon="-98.821224"></trkpt>
      <trkpt lat="30.227764" lon="-98.820686"></trkpt>
      <trkpt lat="30.227582" lon="-98.819895"></trkpt>
      <trkpt lat="30.226992" lon="-98.817182"></trkpt>
      <trkpt lat="30.226821" lon="-98.816400"></trkpt>
      <trkpt lat="30.226270" lon="-98.813888"></trkpt>
      <trkpt lat="30.226064" lon="-98.812947"></trkpt>
      <trkpt lat="30.225631" lon="-98.810901"></trkpt>
      <trkpt lat="30.225501" lon="-98.810109"></trkpt>
      <trkpt lat="30.225424" lon="-98.809247"></trkpt>
      <trkpt lat="30.225391" lon="-98.808321"></trkpt>
      <trkpt lat="30.225363" lon="-98.807459"></trkpt>
      <trkpt lat="30.225345" lon="-98.806929"></trkpt>
      <trkpt lat="30.225276" lon="-98.804801"></trkpt>
      <trkpt lat="30.225265" lon="-98.804485"></trkpt>
      <trkpt lat="30.225252" lon="-98.804084"></trkpt>
      <trkpt lat="30.225237" lon="-98.803547"></trkpt>
      <trkpt lat="30.225144" lon="-98.800425"></trkpt>
      <trkpt lat="30.225099" lon="-98.798872"></trkpt>
      <trkpt lat="30.225083" lon="-98.798468"></trkpt>
      <trkpt lat="30.225072" lon="-98.798165"></trkpt>
      <trkpt lat="30.225007" lon="-98.796512"></trkpt>
      <trkpt lat="30.224990" lon="-98.796279"></trkpt>
      <trkpt lat="30.224914" lon="-98.795407"></trkpt>
      <trkpt lat="30.224737" lon="-98.793572"></trkpt>
      <trkpt lat="30.224417" lon="-98.790566"></trkpt>
      <trkpt lat="30.224383" lon="-98.790248"></trkpt>
      <trkpt lat="30.224369" lon="-98.790115"></trkpt>
      <trkpt lat="30.223879" lon="-98.785896"></trkpt>
      <trkpt lat="30.223366" lon="-98.781416"></trkpt>
      <trkpt lat="30.223023" lon="-98.778305"></trkpt>
      <trkpt lat="30.222800" lon="-98.777146"></trkpt>
      <trkpt lat="30.222587" lon="-98.776181"></trkpt>
      <trkpt lat="30.221864" lon="-98.772705"></trkpt>
      <trkpt lat="30.221660" lon="-98.770741"></trkpt>
      <trkpt lat="30.221433" lon="-98.767902"></trkpt>
      <trkpt lat="30.221423" lon="-98.767779"></trkpt>
      <trkpt lat="30.221330" lon="-98.766608"></trkpt>
      <trkpt lat="30.221326" lon="-98.766568"></trkpt>
      <trkpt lat="30.221054" lon="-98.763272"></trkpt>
      <trkpt lat="30.220949" lon="-98.761988"></trkpt>
      <trkpt lat="30.220917" lon="-98.761648"></trkpt>
      <trkpt lat="30.220807" lon="-98.760034"></trkpt>
      <trkpt lat="30.220491" lon="-98.760042"></trkpt>
      <trkpt lat="30.220194" lon="-98.760049"></trkpt>
      <trkpt lat="30.220160" lon="-98.760050"></trkpt>
      <trkpt lat="30.219324" lon="-98.760070"></trkpt>
      <trkpt lat="30.213472" lon="-98.760215"></trkpt>
      <trkpt lat="30.212991" lon="-98.759951"></trkpt>
      <trkpt lat="30.212280" lon="-98.758948"></trkpt>
      <trkpt lat="30.211707" lon="-98.758685"></trkpt>
      <trkpt lat="30.210744" lon="-98.758500"></trkpt>
      <trkpt lat="30.210377" lon="-98.758342"></trkpt>
      <trkpt lat="30.209758" lon="-98.757709"></trkpt>
      <trkpt lat="30.209712" lon="-98.757618"></trkpt>
      <trkpt lat="30.209299" lon="-98.756812"></trkpt>
      <trkpt lat="30.208451" lon="-98.755809"></trkpt>
      <trkpt lat="30.207328" lon="-98.754965"></trkpt>
      <trkpt lat="30.207053" lon="-98.754860"></trkpt>
      <trkpt lat="30.206989" lon="-98.754863"></trkpt>
      <trkpt lat="30.206913" lon="-98.754866"></trkpt>
      <trkpt lat="30.206434" lon="-98.754887"></trkpt>
      <trkpt lat="30.205609" lon="-98.755494"></trkpt>
      <trkpt lat="30.205265" lon="-98.755626"></trkpt>
      <trkpt lat="30.204761" lon="-98.755627"></trkpt>
      <trkpt lat="30.203019" lon="-98.755126"></trkpt>
      <trkpt lat="30.202698" lon="-98.754915"></trkpt>
      <trkpt lat="30.200351" lon="-98.753698"></trkpt>
      <trkpt lat="30.199694" lon="-98.753809"></trkpt>
      <trkpt lat="30.199167" lon="-98.753888"></trkpt>
      <trkpt lat="30.197700" lon="-98.754443"></trkpt>
      <trkpt lat="30.196669" lon="-98.754470"></trkpt>
      <trkpt lat="30.196554" lon="-98.754550"></trkpt>
      <trkpt lat="30.195477" lon="-98.754577"></trkpt>
      <trkpt lat="30.195225" lon="-98.754682"></trkpt>
      <trkpt lat="30.195041" lon="-98.754920"></trkpt>
      <trkpt lat="30.194744" lon="-98.756134"></trkpt>
      <trkpt lat="30.193850" lon="-98.756504"></trkpt>
      <trkpt lat="30.183674" lon="-98.756483"></trkpt>
      <trkpt lat="30.183054" lon="-98.756408"></trkpt>
      <trkpt lat="30.182596" lon="-98.756352"></trkpt>
      <trkpt lat="30.181247" lon="-98.756489"></trkpt>
      <trkpt lat="30.181072" lon="-98.756015"></trkpt>
      <trkpt lat="30.180999" lon="-98.755823"></trkpt>
      <trkpt lat="30.180616" lon="-98.754809"></trkpt>
      <trkpt lat="30.180569" lon="-98.754685"></trkpt>
      <trkpt lat="30.180227" lon="-98.753730"></trkpt>
      <trkpt lat="30.179908" lon="-98.752791"></trkpt>
      <trkpt lat="30.179752" lon="-98.752206"></trkpt>
      <trkpt lat="30.179640" lon="-98.751758"></trkpt>
      <trkpt lat="30.179540" lon="-98.751285"></trkpt>
      <trkpt lat="30.179480" lon="-98.750999"></trkpt>
      <trkpt lat="30.179165" lon="-98.749484"></trkpt>
      <trkpt lat="30.179086" lon="-98.749174"></trkpt>
      <trkpt lat="30.178984" lon="-98.748866"></trkpt>
      <trkpt lat="30.178761" lon="-98.748371"></trkpt>
      <trkpt lat="30.178537" lon="-98.748008"></trkpt>
      <trkpt lat="30.178276" lon="-98.747677"></trkpt>
      <trkpt lat="30.178126" lon="-98.747530"></trkpt>
      <trkpt lat="30.177723" lon="-98.747186"></trkpt>
      <trkpt lat="30.177379" lon="-98.746956"></trkpt>
      <trkpt lat="30.176258" lon="-98.746222"></trkpt>
      <trkpt lat="30.175423" lon="-98.745663"></trkpt>
      <trkpt lat="30.175083" lon="-98.745446"></trkpt>
      <trkpt lat="30.173111" lon="-98.744183"></trkpt>
      <trkpt lat="30.172819" lon="-98.743992"></trkpt>
      <trkpt lat="30.171826" lon="-98.743343"></trkpt>
      <trkpt lat="30.171574" lon="-98.743193"></trkpt>
      <trkpt lat="30.171365" lon="-98.743082"></trkpt>
      <trkpt lat="30.170884" lon="-98.742880"></trkpt>
      <trkpt lat="30.170728" lon="-98.742819"></trkpt>
      <trkpt lat="30.170517" lon="-98.742756"></trkpt>
      <trkpt lat="30.170140" lon="-98.742658"></trkpt>
      <trkpt lat="30.169899" lon="-98.742624"></trkpt>
      <trkpt lat="30.169589" lon="-98.742599"></trkpt>
      <trkpt lat="30.166321" lon="-98.742463"></trkpt>
      <trkpt lat="30.164882" lon="-98.742411"></trkpt>
      <trkpt lat="30.163708" lon="-98.742368"></trkpt>
      <trkpt lat="30.163362" lon="-98.742330"></trkpt>
      <trkpt lat="30.163243" lon="-98.742321"></trkpt>
      <trkpt lat="30.163272" lon="-98.740769"></trkpt>
      <trkpt lat="30.163318" lon="-98.736639"></trkpt>
      <trkpt lat="30.163340" lon="-98.735984"></trkpt>
      <trkpt lat="30.163373" lon="-98.735629"></trkpt>
      <trkpt lat="30.163424" lon="-98.735294"></trkpt>
      <trkpt lat="30.163811" lon="-98.733149"></trkpt>
      <trkpt lat="30.163862" lon="-98.732548"></trkpt>
      <trkpt lat="30.163858" lon="-98.731784"></trkpt>
      <trkpt lat="30.163778" lon="-98.729476"></trkpt>
      <trkpt lat="30.163746" lon="-98.729066"></trkpt>
      <trkpt lat="30.163713" lon="-98.728753"></trkpt>
      <trkpt lat="30.163647" lon="-98.728463"></trkpt>
      <trkpt lat="30.163525" lon="-98.728059"></trkpt>
      <trkpt lat="30.163368" lon="-98.727675"></trkpt>
      <trkpt lat="30.163240" lon="-98.727427"></trkpt>
      <trkpt lat="30.163086" lon="-98.727186"></trkpt>
      <trkpt lat="30.162826" lon="-98.726854"></trkpt>
      <trkpt lat="30.162608" lon="-98.726624"></trkpt>
      <trkpt lat="30.162385" lon="-98.726428"></trkpt>
      <trkpt lat="30.159918" lon="-98.724356"></trkpt>
      <trkpt lat="30.159118" lon="-98.723680"></trkpt>
      <trkpt lat="30.158680" lon="-98.723280"></trkpt>
      <trkpt lat="30.158476" lon="-98.723057"></trkpt>
      <trkpt lat="30.158289" lon="-98.722804"></trkpt>
      <trkpt lat="30.158043" lon="-98.722387"></trkpt>
      <trkpt lat="30.157902" lon="-98.722087"></trkpt>
      <trkpt lat="30.157786" lon="-98.721773"></trkpt>
      <trkpt lat="30.157702" lon="-98.721452"></trkpt>
      <trkpt lat="30.157646" lon="-98.721126"></trkpt>
      <trkpt lat="30.157608" lon="-98.720789"></trkpt>
      <trkpt lat="30.157534" lon="-98.714708"></trkpt>
      <trkpt lat="30.157516" lon="-98.714391"></trkpt>
      <trkpt lat="30.157492" lon="-98.714143"></trkpt>
      <trkpt lat="30.157447" lon="-98.713834"></trkpt>
      <trkpt lat="30.157373" lon="-98.713476"></trkpt>
      <trkpt lat="30.157307" lon="-98.713194"></trkpt>
      <trkpt lat="30.157207" lon="-98.712893"></trkpt>
      <trkpt lat="30.157089" lon="-98.712549"></trkpt>
      <trkpt lat="30.156517" lon="-98.711146"></trkpt>
      <trkpt lat="30.156176" lon="-98.710280"></trkpt>
      <trkpt lat="30.155186" lon="-98.707909"></trkpt>
      <trkpt lat="30.155031" lon="-98.707549"></trkpt>
      <trkpt lat="30.154823" lon="-98.707141"></trkpt>
      <trkpt lat="30.154626" lon="-98.706784"></trkpt>
      <trkpt lat="30.154404" lon="-98.706421"></trkpt>
      <trkpt lat="30.154217" lon="-98.706145"></trkpt>
      <trkpt lat="30.154008" lon="-98.705858"></trkpt>
      <trkpt lat="30.153667" lon="-98.705438"></trkpt>
      <trkpt lat="30.152634" lon="-98.704233"></trkpt>
      <trkpt lat="30.152367" lon="-98.703891"></trkpt>
      <trkpt lat="30.152062" lon="-98.703416"></trkpt>
      <trkpt lat="30.151817" lon="-98.702917"></trkpt>
      <trkpt lat="30.151670" lon="-98.702521"></trkpt>
      <trkpt lat="30.151562" lon="-98.702111"></trkpt>
      <trkpt lat="30.151506" lon="-98.701826"></trkpt>
      <trkpt lat="30.151452" lon="-98.701388"></trkpt>
      <trkpt lat="30.151221" lon="-98.699213"></trkpt>
      <trkpt lat="30.151156" lon="-98.698778"></trkpt>
      <trkpt lat="30.151089" lon="-98.698469"></trkpt>
      <trkpt lat="30.151008" lon="-98.698206"></trkpt>
      <trkpt lat="30.150930" lon="-98.697991"></trkpt>
      <trkpt lat="30.150856" lon="-98.697824"></trkpt>
      <trkpt lat="30.150722" lon="-98.697561"></trkpt>
      <trkpt lat="30.150593" lon="-98.697343"></trkpt>
      <trkpt lat="30.150454" lon="-98.697136"></trkpt>
      <trkpt lat="30.150292" lon="-98.696936"></trkpt>
      <trkpt lat="30.150186" lon="-98.696829"></trkpt>
      <trkpt lat="30.150051" lon="-98.696692"></trkpt>
      <trkpt lat="30.149867" lon="-98.696538"></trkpt>
      <trkpt lat="30.149681" lon="-98.696398"></trkpt>
      <trkpt lat="30.149489" lon="-98.696282"></trkpt>
      <trkpt lat="30.147729" lon="-98.695323"></trkpt>
      <trkpt lat="30.146794" lon="-98.694817"></trkpt>
      <trkpt lat="30.146304" lon="-98.694572"></trkpt>
      <trkpt lat="30.145906" lon="-98.694386"></trkpt>
      <trkpt lat="30.145050" lon="-98.694040"></trkpt>
      <trkpt lat="30.143726" lon="-98.693559"></trkpt>
      <trkpt lat="30.142279" lon="-98.693052"></trkpt>
      <trkpt lat="30.141854" lon="-98.692885"></trkpt>
      <trkpt lat="30.141552" lon="-98.692731"></trkpt>
      <trkpt lat="30.141071" lon="-98.692438"></trkpt>
      <trkpt lat="30.140632" lon="-98.692097"></trkpt>
      <trkpt lat="30.139069" lon="-98.690636"></trkpt>
      <trkpt lat="30.138584" lon="-98.690174"></trkpt>
      <trkpt lat="30.138322" lon="-98.689938"></trkpt>
      <trkpt lat="30.137953" lon="-98.689590"></trkpt>
      <trkpt lat="30.136867" lon="-98.688577"></trkpt>
      <trkpt lat="30.136647" lon="-98.688328"></trkpt>
      <trkpt lat="30.136508" lon="-98.688145"></trkpt>
      <trkpt lat="30.136312" lon="-98.687846"></trkpt>
      <trkpt lat="30.136189" lon="-98.687631"></trkpt>
      <trkpt lat="30.136079" lon="-98.687393"></trkpt>
      <trkpt lat="30.135932" lon="-98.687003"></trkpt>
      <trkpt lat="30.133767" lon="-98.680806"></trkpt>
      <trkpt lat="30.133562" lon="-98.680271"></trkpt>
      <trkpt lat="30.133313" lon="-98.679728"></trkpt>
      <trkpt lat="30.132961" lon="-98.679069"></trkpt>
      <trkpt lat="30.131471" lon="-98.676450"></trkpt>
      <trkpt lat="30.131133" lon="-98.675919"></trkpt>
      <trkpt lat="30.130893" lon="-98.675604"></trkpt>
      <trkpt lat="30.130609" lon="-98.675277"></trkpt>
      <trkpt lat="30.130394" lon="-98.675056"></trkpt>
      <trkpt lat="30.130152" lon="-98.674839"></trkpt>
      <trkpt lat="30.130022" lon="-98.674736"></trkpt>
      <trkpt lat="30.129885" lon="-98.674627"></trkpt>
      <trkpt lat="30.126162" lon="-98.671888"></trkpt>
      <trkpt lat="30.125719" lon="-98.671504"></trkpt>
      <trkpt lat="30.125320" lon="-98.671086"></trkpt>
      <trkpt lat="30.125079" lon="-98.670778"></trkpt>
      <trkpt lat="30.124850" lon="-98.670447"></trkpt>
      <trkpt lat="30.123957" lon="-98.668964"></trkpt>
      <trkpt lat="30.123506" lon="-98.668258"></trkpt>
      <trkpt lat="30.123132" lon="-98.667715"></trkpt>
      <trkpt lat="30.123021" lon="-98.667605"></trkpt>
      <trkpt lat="30.121467" lon="-98.665646"></trkpt>
      <trkpt lat="30.120911" lon="-98.664827"></trkpt>
      <trkpt lat="30.120631" lon="-98.664339"></trkpt>
      <trkpt lat="30.119605" lon="-98.662343"></trkpt>
      <trkpt lat="30.119402" lon="-98.661987"></trkpt>
      <trkpt lat="30.119063" lon="-98.661476"></trkpt>
      <trkpt lat="30.118707" lon="-98.661002"></trkpt>
      <trkpt lat="30.118336" lon="-98.660579"></trkpt>
      <trkpt lat="30.117367" lon="-98.659528"></trkpt>
      <trkpt lat="30.115266" lon="-98.657354"></trkpt>
      <trkpt lat="30.114881" lon="-98.656931"></trkpt>
      <trkpt lat="30.114661" lon="-98.656637"></trkpt>
      <trkpt lat="30.114453" lon="-98.656280"></trkpt>
      <trkpt lat="30.114309" lon="-98.655969"></trkpt>
      <trkpt lat="30.114193" lon="-98.655669"></trkpt>
      <trkpt lat="30.114140" lon="-98.655486"></trkpt>
      <trkpt lat="30.114065" lon="-98.655058"></trkpt>
      <trkpt lat="30.114049" lon="-98.654968"></trkpt>
      <trkpt lat="30.114017" lon="-98.654569"></trkpt>
      <trkpt lat="30.114064" lon="-98.652473"></trkpt>
      <trkpt lat="30.114084" lon="-98.651572"></trkpt>
      <trkpt lat="30.114076" lon="-98.651214"></trkpt>
      <trkpt lat="30.114048" lon="-98.650861"></trkpt>
      <trkpt lat="30.113968" lon="-98.650334"></trkpt>
      <trkpt lat="30.113916" lon="-98.650104"></trkpt>
      <trkpt lat="30.113849" lon="-98.649806"></trkpt>
      <trkpt lat="30.113760" lon="-98.649513"></trkpt>
      <trkpt lat="30.113482" lon="-98.648592"></trkpt>
      <trkpt lat="30.113352" lon="-98.648078"></trkpt>
      <trkpt lat="30.113318" lon="-98.647914"></trkpt>
      <trkpt lat="30.113288" lon="-98.647774"></trkpt>
      <trkpt lat="30.113273" lon="-98.647529"></trkpt>
      <trkpt lat="30.113253" lon="-98.647152"></trkpt>
      <trkpt lat="30.113274" lon="-98.646586"></trkpt>
      <trkpt lat="30.113320" lon="-98.646212"></trkpt>
      <trkpt lat="30.113368" lon="-98.645972"></trkpt>
      <trkpt lat="30.113395" lon="-98.645838"></trkpt>
      <trkpt lat="30.113797" lon="-98.644167"></trkpt>
      <trkpt lat="30.113867" lon="-98.643718"></trkpt>
      <trkpt lat="30.113908" lon="-98.643309"></trkpt>
      <trkpt lat="30.113927" lon="-98.642867"></trkpt>
      <trkpt lat="30.113924" lon="-98.642363"></trkpt>
      <trkpt lat="30.113923" lon="-98.642317"></trkpt>
      <trkpt lat="30.113882" lon="-98.641351"></trkpt>
      <trkpt lat="30.113870" lon="-98.640740"></trkpt>
      <trkpt lat="30.113829" lon="-98.638519"></trkpt>
      <trkpt lat="30.113803" lon="-98.638222"></trkpt>
      <trkpt lat="30.113730" lon="-98.637778"></trkpt>
      <trkpt lat="30.113629" lon="-98.637327"></trkpt>
      <trkpt lat="30.113496" lon="-98.636861"></trkpt>
      <trkpt lat="30.112845" lon="-98.635110"></trkpt>
      <trkpt lat="30.111990" lon="-98.632811"></trkpt>
      <trkpt lat="30.111859" lon="-98.632332"></trkpt>
      <trkpt lat="30.111807" lon="-98.631994"></trkpt>
      <trkpt lat="30.111784" lon="-98.631642"></trkpt>
      <trkpt lat="30.111782" lon="-98.631158"></trkpt>
      <trkpt lat="30.111792" lon="-98.630712"></trkpt>
      <trkpt lat="30.111983" lon="-98.626593"></trkpt>
      <trkpt lat="30.112024" lon="-98.625819"></trkpt>
      <trkpt lat="30.112018" lon="-98.625187"></trkpt>
      <trkpt lat="30.111971" lon="-98.624858"></trkpt>
      <trkpt lat="30.111899" lon="-98.624519"></trkpt>
      <trkpt lat="30.111712" lon="-98.623786"></trkpt>
      <trkpt lat="30.111547" lon="-98.623141"></trkpt>
      <trkpt lat="30.111456" lon="-98.622786"></trkpt>
      <trkpt lat="30.111293" lon="-98.622148"></trkpt>
      <trkpt lat="30.111144" lon="-98.621480"></trkpt>
      <trkpt lat="30.111027" lon="-98.620744"></trkpt>
      <trkpt lat="30.110913" lon="-98.620047"></trkpt>
      <trkpt lat="30.110580" lon="-98.617934"></trkpt>
      <trkpt lat="30.110514" lon="-98.617455"></trkpt>
      <trkpt lat="30.110502" lon="-98.617300"></trkpt>
      <trkpt lat="30.110477" lon="-98.616986"></trkpt>
      <trkpt lat="30.110474" lon="-98.616641"></trkpt>
      <trkpt lat="30.110473" lon="-98.616529"></trkpt>
      <trkpt lat="30.110492" lon="-98.616291"></trkpt>
      <trkpt lat="30.110519" lon="-98.615935"></trkpt>
      <trkpt lat="30.110589" lon="-98.615475"></trkpt>
      <trkpt lat="30.110738" lon="-98.614786"></trkpt>
      <trkpt lat="30.110841" lon="-98.614186"></trkpt>
      <trkpt lat="30.110910" lon="-98.613659"></trkpt>
      <trkpt lat="30.110930" lon="-98.613109"></trkpt>
      <trkpt lat="30.110888" lon="-98.612557"></trkpt>
      <trkpt lat="30.110828" lon="-98.612193"></trkpt>
      <trkpt lat="30.110741" lon="-98.611828"></trkpt>
      <trkpt lat="30.110035" lon="-98.609282"></trkpt>
      <trkpt lat="30.109788" lon="-98.608390"></trkpt>
      <trkpt lat="30.109011" lon="-98.605586"></trkpt>
      <trkpt lat="30.108712" lon="-98.604461"></trkpt>
      <trkpt lat="30.108310" lon="-98.602945"></trkpt>
      <trkpt lat="30.107690" lon="-98.600681"></trkpt>
      <trkpt lat="30.107338" lon="-98.599333"></trkpt>
      <trkpt lat="30.107239" lon="-98.598810"></trkpt>
      <trkpt lat="30.107157" lon="-98.598264"></trkpt>
      <trkpt lat="30.106311" lon="-98.592076"></trkpt>
      <trkpt lat="30.106067" lon="-98.590602"></trkpt>
      <trkpt lat="30.105399" lon="-98.586859"></trkpt>
      <trkpt lat="30.105328" lon="-98.586518"></trkpt>
      <trkpt lat="30.105147" lon="-98.585840"></trkpt>
      <trkpt lat="30.104764" lon="-98.584543"></trkpt>
      <trkpt lat="30.104005" lon="-98.581974"></trkpt>
      <trkpt lat="30.103929" lon="-98.581661"></trkpt>
      <trkpt lat="30.103876" lon="-98.581346"></trkpt>
      <trkpt lat="30.103855" lon="-98.581035"></trkpt>
      <trkpt lat="30.103844" lon="-98.580874"></trkpt>
      <trkpt lat="30.103864" lon="-98.580396"></trkpt>
      <trkpt lat="30.103936" lon="-98.579928"></trkpt>
      <trkpt lat="30.104063" lon="-98.579483"></trkpt>
      <trkpt lat="30.104377" lon="-98.578763"></trkpt>
      <trkpt lat="30.104758" lon="-98.578000"></trkpt>
      <trkpt lat="30.105492" lon="-98.576526"></trkpt>
      <trkpt lat="30.105762" lon="-98.576005"></trkpt>
      <trkpt lat="30.106153" lon="-98.575224"></trkpt>
      <trkpt lat="30.106490" lon="-98.574523"></trkpt>
      <trkpt lat="30.106606" lon="-98.574146"></trkpt>
      <trkpt lat="30.106659" lon="-98.573901"></trkpt>
      <trkpt lat="30.106679" lon="-98.573783"></trkpt>
      <trkpt lat="30.106713" lon="-98.573567"></trkpt>
      <trkpt lat="30.106731" lon="-98.573300"></trkpt>
      <trkpt lat="30.106729" lon="-98.572993"></trkpt>
      <trkpt lat="30.106708" lon="-98.572616"></trkpt>
      <trkpt lat="30.106634" lon="-98.572192"></trkpt>
      <trkpt lat="30.106557" lon="-98.571894"></trkpt>
      <trkpt lat="30.106404" lon="-98.571479"></trkpt>
      <trkpt lat="30.106096" lon="-98.570884"></trkpt>
      <trkpt lat="30.103939" lon="-98.567068"></trkpt>
      <trkpt lat="30.103743" lon="-98.566629"></trkpt>
      <trkpt lat="30.103596" lon="-98.566155"></trkpt>
      <trkpt lat="30.103508" lon="-98.565636"></trkpt>
      <trkpt lat="30.103479" lon="-98.565083"></trkpt>
      <trkpt lat="30.103506" lon="-98.564176"></trkpt>
      <trkpt lat="30.103554" lon="-98.562562"></trkpt>
      <trkpt lat="30.103581" lon="-98.560126"></trkpt>
      <trkpt lat="30.103587" lon="-98.559589"></trkpt>
      <trkpt lat="30.103603" lon="-98.558099"></trkpt>
      <trkpt lat="30.103618" lon="-98.557201"></trkpt>
      <trkpt lat="30.103623" lon="-98.556905"></trkpt>
      <trkpt lat="30.103647" lon="-98.556603"></trkpt>
      <trkpt lat="30.103690" lon="-98.556305"></trkpt>
      <trkpt lat="30.103751" lon="-98.556010"></trkpt>
      <trkpt lat="30.103817" lon="-98.555685"></trkpt>
      <trkpt lat="30.103919" lon="-98.555319"></trkpt>
      <trkpt lat="30.103925" lon="-98.555296"></trkpt>
      <trkpt lat="30.103980" lon="-98.555057"></trkpt>
      <trkpt lat="30.104019" lon="-98.554814"></trkpt>
      <trkpt lat="30.104040" lon="-98.554569"></trkpt>
      <trkpt lat="30.104046" lon="-98.554323"></trkpt>
      <trkpt lat="30.104004" lon="-98.553316"></trkpt>
      <trkpt lat="30.103969" lon="-98.552955"></trkpt>
      <trkpt lat="30.103961" lon="-98.552897"></trkpt>
      <trkpt lat="30.103925" lon="-98.552656"></trkpt>
      <trkpt lat="30.103774" lon="-98.551749"></trkpt>
      <trkpt lat="30.103733" lon="-98.551500"></trkpt>
      <trkpt lat="30.103623" lon="-98.550922"></trkpt>
      <trkpt lat="30.103592" lon="-98.550613"></trkpt>
      <trkpt lat="30.103583" lon="-98.550301"></trkpt>
      <trkpt lat="30.103597" lon="-98.549991"></trkpt>
      <trkpt lat="30.103632" lon="-98.549682"></trkpt>
      <trkpt lat="30.103664" lon="-98.549498"></trkpt>
      <trkpt lat="30.103804" lon="-98.548827"></trkpt>
      <trkpt lat="30.104169" lon="-98.547152"></trkpt>
      <trkpt lat="30.104177" lon="-98.547097"></trkpt>
      <trkpt lat="30.104216" lon="-98.546843"></trkpt>
      <trkpt lat="30.104241" lon="-98.546532"></trkpt>
      <trkpt lat="30.104242" lon="-98.546448"></trkpt>
      <trkpt lat="30.104245" lon="-98.546219"></trkpt>
      <trkpt lat="30.104226" lon="-98.545906"></trkpt>
      <trkpt lat="30.104194" lon="-98.545651"></trkpt>
      <trkpt lat="30.104187" lon="-98.545597"></trkpt>
      <trkpt lat="30.104031" lon="-98.544893"></trkpt>
      <trkpt lat="30.103993" lon="-98.544655"></trkpt>
      <trkpt lat="30.103969" lon="-98.544413"></trkpt>
      <trkpt lat="30.103961" lon="-98.544170"></trkpt>
      <trkpt lat="30.103968" lon="-98.543928"></trkpt>
      <trkpt lat="30.104014" lon="-98.543271"></trkpt>
      <trkpt lat="30.104034" lon="-98.542999"></trkpt>
      <trkpt lat="30.104053" lon="-98.542639"></trkpt>
      <trkpt lat="30.104053" lon="-98.542262"></trkpt>
      <trkpt lat="30.104033" lon="-98.541885"></trkpt>
      <trkpt lat="30.103880" lon="-98.540464"></trkpt>
      <trkpt lat="30.103740" lon="-98.539131"></trkpt>
      <trkpt lat="30.103736" lon="-98.539092"></trkpt>
      <trkpt lat="30.103643" lon="-98.538215"></trkpt>
      <trkpt lat="30.103572" lon="-98.537447"></trkpt>
      <trkpt lat="30.103564" lon="-98.537205"></trkpt>
      <trkpt lat="30.103570" lon="-98.537065"></trkpt>
      <trkpt lat="30.103575" lon="-98.536963"></trkpt>
      <trkpt lat="30.103604" lon="-98.536724"></trkpt>
      <trkpt lat="30.103662" lon="-98.536429"></trkpt>
      <trkpt lat="30.103737" lon="-98.536142"></trkpt>
      <trkpt lat="30.103833" lon="-98.535862"></trkpt>
      <trkpt lat="30.103948" lon="-98.535593"></trkpt>
      <trkpt lat="30.104116" lon="-98.535227"></trkpt>
      <trkpt lat="30.104301" lon="-98.534821"></trkpt>
      <trkpt lat="30.104326" lon="-98.534756"></trkpt>
      <trkpt lat="30.104427" lon="-98.534474"></trkpt>
      <trkpt lat="30.104507" lon="-98.534182"></trkpt>
      <trkpt lat="30.104565" lon="-98.533885"></trkpt>
      <trkpt lat="30.104602" lon="-98.533582"></trkpt>
      <trkpt lat="30.104619" lon="-98.533274"></trkpt>
      <trkpt lat="30.104616" lon="-98.533024"></trkpt>
      <trkpt lat="30.104599" lon="-98.532774"></trkpt>
      <trkpt lat="30.104566" lon="-98.532527"></trkpt>
      <trkpt lat="30.104517" lon="-98.532283"></trkpt>
      <trkpt lat="30.104454" lon="-98.532044"></trkpt>
      <trkpt lat="30.104414" lon="-98.531919"></trkpt>
      <trkpt lat="30.104223" lon="-98.531418"></trkpt>
      <trkpt lat="30.104158" lon="-98.531235"></trkpt>
      <trkpt lat="30.103929" lon="-98.530594"></trkpt>
      <trkpt lat="30.103868" lon="-98.530443"></trkpt>
      <trkpt lat="30.103684" lon="-98.530046"></trkpt>
      <trkpt lat="30.103601" lon="-98.529901"></trkpt>
      <trkpt lat="30.103337" lon="-98.529503"></trkpt>
      <trkpt lat="30.103233" lon="-98.529366"></trkpt>
      <trkpt lat="30.102985" lon="-98.529014"></trkpt>
      <trkpt lat="30.102833" lon="-98.528797"></trkpt>
      <trkpt lat="30.102740" lon="-98.528647"></trkpt>
      <trkpt lat="30.102625" lon="-98.528428"></trkpt>
      <trkpt lat="30.102529" lon="-98.528225"></trkpt>
      <trkpt lat="30.102453" lon="-98.528037"></trkpt>
      <trkpt lat="30.102396" lon="-98.527864"></trkpt>
      <trkpt lat="30.102340" lon="-98.527666"></trkpt>
      <trkpt lat="30.102291" lon="-98.527456"></trkpt>
      <trkpt lat="30.102254" lon="-98.527264"></trkpt>
      <trkpt lat="30.102230" lon="-98.527066"></trkpt>
      <trkpt lat="30.102216" lon="-98.526884"></trkpt>
      <trkpt lat="30.102201" lon="-98.526575"></trkpt>
      <trkpt lat="30.102204" lon="-98.526372"></trkpt>
      <trkpt lat="30.102219" lon="-98.526190"></trkpt>
      <trkpt lat="30.102248" lon="-98.525989"></trkpt>
      <trkpt lat="30.102311" lon="-98.525666"></trkpt>
      <trkpt lat="30.102501" lon="-98.524887"></trkpt>
      <trkpt lat="30.102648" lon="-98.524211"></trkpt>
      <trkpt lat="30.102762" lon="-98.523687"></trkpt>
      <trkpt lat="30.103210" lon="-98.521634"></trkpt>
      <trkpt lat="30.103268" lon="-98.521361"></trkpt>
      <trkpt lat="30.103339" lon="-98.521061"></trkpt>
      <trkpt lat="30.103389" lon="-98.520756"></trkpt>
      <trkpt lat="30.103411" lon="-98.520523"></trkpt>
      <trkpt lat="30.103418" lon="-98.520448"></trkpt>
      <trkpt lat="30.103433" lon="-98.520013"></trkpt>
      <trkpt lat="30.103425" lon="-98.519761"></trkpt>
      <trkpt lat="30.103400" lon="-98.519510"></trkpt>
      <trkpt lat="30.103357" lon="-98.519263"></trkpt>
      <trkpt lat="30.103328" lon="-98.519142"></trkpt>
      <trkpt lat="30.103298" lon="-98.519019"></trkpt>
      <trkpt lat="30.103222" lon="-98.518782"></trkpt>
      <trkpt lat="30.103130" lon="-98.518553"></trkpt>
      <trkpt lat="30.102788" lon="-98.517837"></trkpt>
      <trkpt lat="30.102544" lon="-98.517327"></trkpt>
      <trkpt lat="30.102427" lon="-98.517044"></trkpt>
      <trkpt lat="30.102326" lon="-98.516754"></trkpt>
      <trkpt lat="30.102280" lon="-98.516599"></trkpt>
      <trkpt lat="30.102238" lon="-98.516458"></trkpt>
      <trkpt lat="30.102183" lon="-98.516226"></trkpt>
      <trkpt lat="30.102166" lon="-98.516157"></trkpt>
      <trkpt lat="30.102119" lon="-98.515912"></trkpt>
      <trkpt lat="30.101953" lon="-98.514519"></trkpt>
      <trkpt lat="30.101938" lon="-98.514267"></trkpt>
      <trkpt lat="30.101940" lon="-98.514014"></trkpt>
      <trkpt lat="30.101942" lon="-98.513988"></trkpt>
      <trkpt lat="30.101960" lon="-98.513762"></trkpt>
      <trkpt lat="30.101996" lon="-98.513514"></trkpt>
      <trkpt lat="30.102011" lon="-98.513445"></trkpt>
      <trkpt lat="30.102017" lon="-98.513414"></trkpt>
      <trkpt lat="30.102048" lon="-98.513269"></trkpt>
      <trkpt lat="30.102099" lon="-98.513088"></trkpt>
      <trkpt lat="30.102245" lon="-98.512657"></trkpt>
      <trkpt lat="30.102373" lon="-98.512278"></trkpt>
      <trkpt lat="30.102878" lon="-98.510954"></trkpt>
      <trkpt lat="30.102915" lon="-98.510857"></trkpt>
      <trkpt lat="30.103198" lon="-98.509930"></trkpt>
      <trkpt lat="30.103505" lon="-98.508936"></trkpt>
      <trkpt lat="30.104239" lon="-98.506693"></trkpt>
      <trkpt lat="30.104328" lon="-98.506419"></trkpt>
      <trkpt lat="30.104420" lon="-98.506061"></trkpt>
      <trkpt lat="30.104462" lon="-98.505856"></trkpt>
      <trkpt lat="30.104494" lon="-98.505697"></trkpt>
      <trkpt lat="30.104548" lon="-98.505329"></trkpt>
      <trkpt lat="30.104583" lon="-98.504958"></trkpt>
      <trkpt lat="30.104597" lon="-98.504646"></trkpt>
      <trkpt lat="30.104594" lon="-98.504267"></trkpt>
      <trkpt lat="30.104573" lon="-98.503954"></trkpt>
      <trkpt lat="30.104569" lon="-98.503889"></trkpt>
      <trkpt lat="30.104522" lon="-98.503514"></trkpt>
      <trkpt lat="30.104370" lon="-98.502620"></trkpt>
      <trkpt lat="30.104325" lon="-98.502368"></trkpt>
      <trkpt lat="30.104297" lon="-98.502221"></trkpt>
      <trkpt lat="30.104193" lon="-98.501588"></trkpt>
      <trkpt lat="30.104196" lon="-98.501459"></trkpt>
      <trkpt lat="30.103989" lon="-98.501330"></trkpt>
      <trkpt lat="30.103622" lon="-98.501027"></trkpt>
      <trkpt lat="30.102703" lon="-98.499963"></trkpt>
      <trkpt lat="30.102590" lon="-98.499827"></trkpt>
      <trkpt lat="30.102491" lon="-98.499677"></trkpt>
      <trkpt lat="30.102406" lon="-98.499518"></trkpt>
      <trkpt lat="30.102335" lon="-98.499348"></trkpt>
      <trkpt lat="30.102279" lon="-98.499171"></trkpt>
      <trkpt lat="30.102240" lon="-98.498989"></trkpt>
      <trkpt lat="30.102218" lon="-98.498803"></trkpt>
      <trkpt lat="30.102212" lon="-98.498615"></trkpt>
      <trkpt lat="30.102224" lon="-98.498427"></trkpt>
      <trkpt lat="30.102252" lon="-98.498242"></trkpt>
      <trkpt lat="30.102296" lon="-98.498061"></trkpt>
      <trkpt lat="30.102492" lon="-98.497482"></trkpt>
      <trkpt lat="30.102743" lon="-98.496737"></trkpt>
      <trkpt lat="30.102834" lon="-98.496447"></trkpt>
      <trkpt lat="30.102908" lon="-98.496153"></trkpt>
      <trkpt lat="30.102966" lon="-98.495854"></trkpt>
      <trkpt lat="30.103007" lon="-98.495552"></trkpt>
      <trkpt lat="30.103027" lon="-98.495302"></trkpt>
      <trkpt lat="30.103032" lon="-98.495246"></trkpt>
      <trkpt lat="30.103030" lon="-98.495177"></trkpt>
      <trkpt lat="30.103019" lon="-98.494711"></trkpt>
      <trkpt lat="30.103002" lon="-98.493985"></trkpt>
      <trkpt lat="30.102964" lon="-98.493492"></trkpt>
      <trkpt lat="30.102908" lon="-98.493005"></trkpt>
      <trkpt lat="30.102832" lon="-98.492521"></trkpt>
      <trkpt lat="30.102578" lon="-98.491073"></trkpt>
      <trkpt lat="30.102402" lon="-98.489914"></trkpt>
      <trkpt lat="30.102375" lon="-98.489609"></trkpt>
      <trkpt lat="30.102364" lon="-98.489304"></trkpt>
      <trkpt lat="30.102369" lon="-98.488999"></trkpt>
      <trkpt lat="30.102390" lon="-98.488694"></trkpt>
      <trkpt lat="30.102429" lon="-98.488280"></trkpt>
      <trkpt lat="30.102485" lon="-98.487907"></trkpt>
      <trkpt lat="30.102548" lon="-98.487600"></trkpt>
      <trkpt lat="30.102643" lon="-98.487237"></trkpt>
      <trkpt lat="30.102738" lon="-98.486942"></trkpt>
      <trkpt lat="30.102782" lon="-98.486826"></trkpt>
      <trkpt lat="30.102848" lon="-98.486653"></trkpt>
      <trkpt lat="30.102945" lon="-98.486427"></trkpt>
      <trkpt lat="30.103110" lon="-98.486101"></trkpt>
      <trkpt lat="30.103291" lon="-98.485786"></trkpt>
      <trkpt lat="30.103347" lon="-98.485699"></trkpt>
      <trkpt lat="30.103486" lon="-98.485483"></trkpt>
      <trkpt lat="30.103695" lon="-98.485193"></trkpt>
      <trkpt lat="30.103918" lon="-98.484917"></trkpt>
      <trkpt lat="30.104379" lon="-98.484402"></trkpt>
      <trkpt lat="30.104895" lon="-98.483825"></trkpt>
      <trkpt lat="30.105446" lon="-98.483191"></trkpt>
      <trkpt lat="30.105722" lon="-98.482801"></trkpt>
      <trkpt lat="30.106031" lon="-98.482325"></trkpt>
      <trkpt lat="30.106588" lon="-98.481421"></trkpt>
      <trkpt lat="30.106664" lon="-98.481261"></trkpt>
      <trkpt lat="30.106725" lon="-98.481094"></trkpt>
      <trkpt lat="30.106771" lon="-98.480921"></trkpt>
      <trkpt lat="30.106801" lon="-98.480742"></trkpt>
      <trkpt lat="30.106871" lon="-98.480155"></trkpt>
      <trkpt lat="30.106907" lon="-98.479910"></trkpt>
      <trkpt lat="30.106926" lon="-98.479663"></trkpt>
      <trkpt lat="30.106929" lon="-98.479415"></trkpt>
      <trkpt lat="30.106916" lon="-98.479167"></trkpt>
      <trkpt lat="30.106885" lon="-98.478922"></trkpt>
      <trkpt lat="30.106803" lon="-98.478420"></trkpt>
      <trkpt lat="30.106751" lon="-98.478203"></trkpt>
      <trkpt lat="30.106709" lon="-98.478041"></trkpt>
      <trkpt lat="30.106671" lon="-98.477895"></trkpt>
      <trkpt lat="30.106592" lon="-98.477674"></trkpt>
      <trkpt lat="30.106498" lon="-98.477459"></trkpt>
      <trkpt lat="30.106390" lon="-98.477254"></trkpt>
      <trkpt lat="30.106269" lon="-98.477060"></trkpt>
      <trkpt lat="30.106169" lon="-98.476921"></trkpt>
      <trkpt lat="30.105614" lon="-98.476311"></trkpt>
      <trkpt lat="30.104283" lon="-98.474913"></trkpt>
      <trkpt lat="30.103976" lon="-98.474558"></trkpt>
      <trkpt lat="30.103684" lon="-98.474186"></trkpt>
      <trkpt lat="30.103240" lon="-98.473557"></trkpt>
      <trkpt lat="30.103077" lon="-98.473323"></trkpt>
      <trkpt lat="30.102817" lon="-98.472892"></trkpt>
      <trkpt lat="30.102527" lon="-98.472412"></trkpt>
      <trkpt lat="30.102353" lon="-98.472048"></trkpt>
      <trkpt lat="30.102262" lon="-98.471822"></trkpt>
      <trkpt lat="30.102141" lon="-98.471476"></trkpt>
      <trkpt lat="30.102037" lon="-98.471122"></trkpt>
      <trkpt lat="30.102008" lon="-98.471002"></trkpt>
      <trkpt lat="30.101950" lon="-98.470763"></trkpt>
      <trkpt lat="30.101882" lon="-98.470399"></trkpt>
      <trkpt lat="30.101853" lon="-98.470087"></trkpt>
      <trkpt lat="30.101840" lon="-98.469773"></trkpt>
      <trkpt lat="30.101841" lon="-98.469523"></trkpt>
      <trkpt lat="30.101858" lon="-98.469353"></trkpt>
      <trkpt lat="30.101877" lon="-98.469168"></trkpt>
      <trkpt lat="30.101948" lon="-98.468839"></trkpt>
      <trkpt lat="30.102028" lon="-98.468470"></trkpt>
      <trkpt lat="30.102086" lon="-98.468218"></trkpt>
      <trkpt lat="30.102160" lon="-98.467869"></trkpt>
      <trkpt lat="30.102203" lon="-98.467558"></trkpt>
      <trkpt lat="30.102228" lon="-98.467244"></trkpt>
      <trkpt lat="30.102232" lon="-98.466969"></trkpt>
      <trkpt lat="30.102233" lon="-98.466930"></trkpt>
      <trkpt lat="30.102223" lon="-98.466678"></trkpt>
      <trkpt lat="30.102193" lon="-98.466365"></trkpt>
      <trkpt lat="30.102144" lon="-98.466055"></trkpt>
      <trkpt lat="30.102076" lon="-98.465750"></trkpt>
      <trkpt lat="30.101835" lon="-98.464281"></trkpt>
      <trkpt lat="30.101799" lon="-98.463982"></trkpt>
      <trkpt lat="30.101788" lon="-98.463800"></trkpt>
      <trkpt lat="30.101780" lon="-98.463679"></trkpt>
      <trkpt lat="30.101781" lon="-98.463377"></trkpt>
      <trkpt lat="30.101800" lon="-98.463073"></trkpt>
      <trkpt lat="30.101836" lon="-98.462769"></trkpt>
      <trkpt lat="30.101888" lon="-98.462468"></trkpt>
      <trkpt lat="30.101955" lon="-98.462171"></trkpt>
      <trkpt lat="30.102048" lon="-98.461846"></trkpt>
      <trkpt lat="30.102095" lon="-98.461706"></trkpt>
      <trkpt lat="30.102101" lon="-98.461686"></trkpt>
      <trkpt lat="30.102549" lon="-98.460645"></trkpt>
      <trkpt lat="30.102881" lon="-98.459798"></trkpt>
      <trkpt lat="30.102978" lon="-98.459562"></trkpt>
      <trkpt lat="30.103327" lon="-98.458646"></trkpt>
      <trkpt lat="30.103452" lon="-98.458374"></trkpt>
      <trkpt lat="30.103561" lon="-98.458095"></trkpt>
      <trkpt lat="30.103656" lon="-98.457808"></trkpt>
      <trkpt lat="30.103735" lon="-98.457516"></trkpt>
      <trkpt lat="30.103766" lon="-98.457371"></trkpt>
      <trkpt lat="30.103799" lon="-98.457218"></trkpt>
      <trkpt lat="30.103883" lon="-98.456746"></trkpt>
      <trkpt lat="30.103930" lon="-98.456382"></trkpt>
      <trkpt lat="30.103960" lon="-98.456014"></trkpt>
      <trkpt lat="30.103986" lon="-98.455454"></trkpt>
      <trkpt lat="30.103987" lon="-98.455265"></trkpt>
      <trkpt lat="30.103977" lon="-98.455041"></trkpt>
      <trkpt lat="30.103973" lon="-98.454951"></trkpt>
      <trkpt lat="30.103941" lon="-98.454638"></trkpt>
      <trkpt lat="30.103891" lon="-98.454329"></trkpt>
      <trkpt lat="30.103658" lon="-98.453361"></trkpt>
      <trkpt lat="30.103244" lon="-98.451774"></trkpt>
      <trkpt lat="30.102781" lon="-98.449997"></trkpt>
      <trkpt lat="30.102678" lon="-98.449603"></trkpt>
      <trkpt lat="30.102671" lon="-98.449575"></trkpt>
      <trkpt lat="30.102584" lon="-98.449283"></trkpt>
      <trkpt lat="30.102533" lon="-98.449143"></trkpt>
      <trkpt lat="30.102481" lon="-98.448999"></trkpt>
      <trkpt lat="30.102361" lon="-98.448723"></trkpt>
      <trkpt lat="30.102350" lon="-98.448702"></trkpt>
      <trkpt lat="30.102225" lon="-98.448456"></trkpt>
      <trkpt lat="30.101998" lon="-98.448086"></trkpt>
      <trkpt lat="30.101411" lon="-98.447303"></trkpt>
      <trkpt lat="30.101279" lon="-98.447109"></trkpt>
      <trkpt lat="30.101159" lon="-98.446904"></trkpt>
      <trkpt lat="30.101051" lon="-98.446691"></trkpt>
      <trkpt lat="30.100956" lon="-98.446469"></trkpt>
      <trkpt lat="30.100875" lon="-98.446241"></trkpt>
      <trkpt lat="30.100808" lon="-98.446006"></trkpt>
      <trkpt lat="30.100755" lon="-98.445767"></trkpt>
      <trkpt lat="30.100716" lon="-98.445525"></trkpt>
      <trkpt lat="30.100692" lon="-98.445280"></trkpt>
      <trkpt lat="30.100569" lon="-98.444264"></trkpt>
      <trkpt lat="30.100544" lon="-98.444059"></trkpt>
      <trkpt lat="30.100443" lon="-98.443221"></trkpt>
      <trkpt lat="30.100416" lon="-98.442999"></trkpt>
      <trkpt lat="30.100290" lon="-98.441825"></trkpt>
      <trkpt lat="30.100180" lon="-98.440586"></trkpt>
      <trkpt lat="30.100141" lon="-98.439559"></trkpt>
      <trkpt lat="30.100141" lon="-98.439207"></trkpt>
      <trkpt lat="30.100141" lon="-98.438991"></trkpt>
      <trkpt lat="30.100146" lon="-98.438878"></trkpt>
      <trkpt lat="30.100165" lon="-98.438470"></trkpt>
      <trkpt lat="30.100169" lon="-98.438370"></trkpt>
      <trkpt lat="30.100221" lon="-98.438060"></trkpt>
      <trkpt lat="30.100289" lon="-98.437755"></trkpt>
      <trkpt lat="30.100374" lon="-98.437455"></trkpt>
      <trkpt lat="30.100413" lon="-98.437341"></trkpt>
      <trkpt lat="30.100430" lon="-98.437293"></trkpt>
      <trkpt lat="30.100475" lon="-98.437162"></trkpt>
      <trkpt lat="30.100591" lon="-98.436877"></trkpt>
      <trkpt lat="30.100695" lon="-98.436660"></trkpt>
      <trkpt lat="30.100723" lon="-98.436601"></trkpt>
      <trkpt lat="30.100869" lon="-98.436334"></trkpt>
      <trkpt lat="30.100964" lon="-98.436179"></trkpt>
      <trkpt lat="30.101235" lon="-98.435578"></trkpt>
      <trkpt lat="30.101323" lon="-98.435280"></trkpt>
      <trkpt lat="30.101390" lon="-98.434975"></trkpt>
      <trkpt lat="30.101404" lon="-98.434878"></trkpt>
      <trkpt lat="30.101419" lon="-98.434772"></trkpt>
      <trkpt lat="30.101434" lon="-98.434664"></trkpt>
      <trkpt lat="30.101440" lon="-98.434581"></trkpt>
      <trkpt lat="30.101455" lon="-98.434351"></trkpt>
      <trkpt lat="30.101457" lon="-98.434289"></trkpt>
      <trkpt lat="30.101453" lon="-98.433980"></trkpt>
      <trkpt lat="30.101425" lon="-98.433673"></trkpt>
      <trkpt lat="30.101377" lon="-98.433369"></trkpt>
      <trkpt lat="30.101318" lon="-98.433120"></trkpt>
      <trkpt lat="30.101131" lon="-98.432511"></trkpt>
      <trkpt lat="30.100947" lon="-98.431945"></trkpt>
      <trkpt lat="30.100735" lon="-98.431289"></trkpt>
      <trkpt lat="30.100618" lon="-98.430949"></trkpt>
      <trkpt lat="30.100379" lon="-98.430236"></trkpt>
      <trkpt lat="30.100357" lon="-98.430171"></trkpt>
      <trkpt lat="30.100315" lon="-98.430053"></trkpt>
      <trkpt lat="30.099791" lon="-98.428391"></trkpt>
      <trkpt lat="30.099732" lon="-98.428195"></trkpt>
      <trkpt lat="30.099670" lon="-98.427987"></trkpt>
      <trkpt lat="30.099384" lon="-98.427034"></trkpt>
      <trkpt lat="30.099144" lon="-98.426187"></trkpt>
      <trkpt lat="30.098843" lon="-98.425188"></trkpt>
      <trkpt lat="30.098529" lon="-98.424162"></trkpt>
      <trkpt lat="30.098408" lon="-98.423766"></trkpt>
      <trkpt lat="30.098240" lon="-98.423215"></trkpt>
      <trkpt lat="30.097937" lon="-98.422186"></trkpt>
      <trkpt lat="30.097895" lon="-98.422050"></trkpt>
      <trkpt lat="30.097893" lon="-98.422043"></trkpt>
      <trkpt lat="30.097612" lon="-98.421120"></trkpt>
      <trkpt lat="30.098492" lon="-98.420699"></trkpt>
      <trkpt lat="30.098829" lon="-98.421805"></trkpt>
      <trkpt lat="30.099686" lon="-98.421454"></trkpt>
      <trkpt lat="30.100538" lon="-98.421106"></trkpt>
      <trkpt lat="30.101419" lon="-98.420749"></trkpt>
      <trkpt lat="30.102297" lon="-98.420384"></trkpt>
      <trkpt lat="30.103162" lon="-98.420031"></trkpt>
      <trkpt lat="30.104016" lon="-98.419684"></trkpt>
      <trkpt lat="30.104551" lon="-98.419447"></trkpt>
      <trkpt lat="30.104874" lon="-98.419303"></trkpt>
      <trkpt lat="30.105183" lon="-98.419172"></trkpt>
      <trkpt lat="30.105707" lon="-98.418950"></trkpt>
      <trkpt lat="30.106548" lon="-98.418591"></trkpt>
      <trkpt lat="30.106732" lon="-98.418512"></trkpt>
      <trkpt lat="30.107560" lon="-98.418162"></trkpt>
      <trkpt lat="30.107626" lon="-98.418133"></trkpt>
      <trkpt lat="30.109127" lon="-98.417477"></trkpt>
      <trkpt lat="30.109235" lon="-98.417431"></trkpt>
      <trkpt lat="30.110274" lon="-98.416987"></trkpt>
      <trkpt lat="30.110532" lon="-98.416877"></trkpt>
      <trkpt lat="30.110747" lon="-98.416783"></trkpt>
      <trkpt lat="30.111104" lon="-98.416628"></trkpt>
      <trkpt lat="30.111839" lon="-98.416310"></trkpt>
      <trkpt lat="30.112079" lon="-98.416206"></trkpt>
      <trkpt lat="30.112371" lon="-98.416079"></trkpt>
      <trkpt lat="30.113035" lon="-98.415792"></trkpt>
      <trkpt lat="30.113422" lon="-98.415624"></trkpt>
      <trkpt lat="30.113822" lon="-98.415460"></trkpt>
      <trkpt lat="30.113896" lon="-98.415431"></trkpt>
      <trkpt lat="30.114310" lon="-98.415271"></trkpt>
      <trkpt lat="30.115548" lon="-98.414792"></trkpt>
      <trkpt lat="30.116829" lon="-98.414296"></trkpt>
      <trkpt lat="30.118537" lon="-98.413635"></trkpt>
      <trkpt lat="30.122613" lon="-98.412010"></trkpt>
      <trkpt lat="30.124286" lon="-98.411354"></trkpt>
      <trkpt lat="30.124530" lon="-98.411245"></trkpt>
      <trkpt lat="30.124735" lon="-98.411154"></trkpt>
      <trkpt lat="30.125176" lon="-98.410934"></trkpt>
      <trkpt lat="30.125563" lon="-98.410720"></trkpt>
      <trkpt lat="30.125782" lon="-98.410599"></trkpt>
      <trkpt lat="30.126012" lon="-98.410446"></trkpt>
      <trkpt lat="30.126325" lon="-98.410226"></trkpt>
      <trkpt lat="30.126690" lon="-98.409951"></trkpt>
      <trkpt lat="30.127047" lon="-98.409659"></trkpt>
      <trkpt lat="30.127693" lon="-98.409075"></trkpt>
      <trkpt lat="30.129207" lon="-98.407660"></trkpt>
      <trkpt lat="30.130046" lon="-98.406878"></trkpt>
      <trkpt lat="30.130757" lon="-98.406215"></trkpt>
      <trkpt lat="30.131979" lon="-98.405063"></trkpt>
      <trkpt lat="30.132644" lon="-98.404454"></trkpt>
      <trkpt lat="30.132831" lon="-98.404280"></trkpt>
      <trkpt lat="30.133351" lon="-98.403843"></trkpt>
      <trkpt lat="30.133707" lon="-98.403563"></trkpt>
      <trkpt lat="30.134073" lon="-98.403301"></trkpt>
      <trkpt lat="30.134449" lon="-98.403058"></trkpt>
      <trkpt lat="30.134835" lon="-98.402835"></trkpt>
      <trkpt lat="30.135539" lon="-98.402472"></trkpt>
      <trkpt lat="30.136692" lon="-98.401918"></trkpt>
      <trkpt lat="30.137621" lon="-98.401465"></trkpt>
      <trkpt lat="30.139141" lon="-98.400724"></trkpt>
      <trkpt lat="30.139163" lon="-98.400714"></trkpt>
      <trkpt lat="30.140099" lon="-98.400271"></trkpt>
      <trkpt lat="30.141074" lon="-98.399791"></trkpt>
      <trkpt lat="30.142294" lon="-98.399191"></trkpt>
      <trkpt lat="30.144478" lon="-98.398117"></trkpt>
      <trkpt lat="30.145276" lon="-98.397727"></trkpt>
      <trkpt lat="30.145489" lon="-98.397615"></trkpt>
      <trkpt lat="30.145817" lon="-98.397442"></trkpt>
      <trkpt lat="30.146348" lon="-98.397133"></trkpt>
      <trkpt lat="30.146749" lon="-98.396881"></trkpt>
      <trkpt lat="30.146781" lon="-98.396861"></trkpt>
      <trkpt lat="30.147252" lon="-98.396540"></trkpt>
      <trkpt lat="30.147714" lon="-98.396200"></trkpt>
      <trkpt lat="30.148164" lon="-98.395839"></trkpt>
      <trkpt lat="30.150845" lon="-98.393607"></trkpt>
      <trkpt lat="30.151434" lon="-98.393117"></trkpt>
      <trkpt lat="30.152337" lon="-98.392365"></trkpt>
      <trkpt lat="30.152435" lon="-98.392284"></trkpt>
      <trkpt lat="30.152664" lon="-98.392093"></trkpt>
      <trkpt lat="30.153575" lon="-98.391334"></trkpt>
      <trkpt lat="30.154957" lon="-98.390216"></trkpt>
      <trkpt lat="30.157302" lon="-98.388255"></trkpt>
      <trkpt lat="30.158772" lon="-98.387006"></trkpt>
      <trkpt lat="30.160338" lon="-98.385702"></trkpt>
      <trkpt lat="30.161106" lon="-98.385080"></trkpt>
      <trkpt lat="30.161527" lon="-98.384793"></trkpt>
      <trkpt lat="30.161952" lon="-98.384532"></trkpt>
      <trkpt lat="30.162386" lon="-98.384291"></trkpt>
      <trkpt lat="30.162830" lon="-98.384070"></trkpt>
      <trkpt lat="30.163232" lon="-98.383892"></trkpt>
      <trkpt lat="30.163641" lon="-98.383735"></trkpt>
      <trkpt lat="30.164056" lon="-98.383600"></trkpt>
      <trkpt lat="30.164265" lon="-98.383541"></trkpt>
      <trkpt lat="30.166260" lon="-98.382947"></trkpt>
      <trkpt lat="30.166882" lon="-98.382762"></trkpt>
      <trkpt lat="30.169243" lon="-98.382060"></trkpt>
      <trkpt lat="30.169290" lon="-98.382046"></trkpt>
      <trkpt lat="30.169515" lon="-98.381980"></trkpt>
      <trkpt lat="30.171825" lon="-98.381299"></trkpt>
      <trkpt lat="30.172266" lon="-98.381178"></trkpt>
      <trkpt lat="30.172334" lon="-98.381159"></trkpt>
      <trkpt lat="30.173439" lon="-98.380857"></trkpt>
      <trkpt lat="30.175055" lon="-98.380365"></trkpt>
      <trkpt lat="30.175194" lon="-98.380349"></trkpt>
      <trkpt lat="30.175682" lon="-98.380224"></trkpt>
      <trkpt lat="30.176317" lon="-98.380082"></trkpt>
      <trkpt lat="30.176713" lon="-98.380009"></trkpt>
      <trkpt lat="30.176953" lon="-98.379964"></trkpt>
      <trkpt lat="30.177957" lon="-98.379798"></trkpt>
      <trkpt lat="30.181264" lon="-98.379251"></trkpt>
      <trkpt lat="30.181870" lon="-98.379157"></trkpt>
      <trkpt lat="30.182662" lon="-98.379033"></trkpt>
      <trkpt lat="30.183433" lon="-98.378905"></trkpt>
      <trkpt lat="30.184227" lon="-98.378773"></trkpt>
      <trkpt lat="30.185087" lon="-98.378627"></trkpt>
      <trkpt lat="30.186079" lon="-98.378470"></trkpt>
      <trkpt lat="30.187703" lon="-98.378201"></trkpt>
      <trkpt lat="30.188272" lon="-98.378085"></trkpt>
      <trkpt lat="30.188717" lon="-98.377977"></trkpt>
      <trkpt lat="30.188840" lon="-98.377947"></trkpt>
      <trkpt lat="30.189302" lon="-98.377811"></trkpt>
      <trkpt lat="30.190119" lon="-98.377528"></trkpt>
      <trkpt lat="30.190732" lon="-98.377300"></trkpt>
      <trkpt lat="30.191016" lon="-98.377194"></trkpt>
      <trkpt lat="30.191073" lon="-98.377174"></trkpt>
      <trkpt lat="30.192011" lon="-98.376847"></trkpt>
      <trkpt lat="30.193418" lon="-98.376344"></trkpt>
      <trkpt lat="30.194353" lon="-98.376009"></trkpt>
      <trkpt lat="30.194678" lon="-98.375889"></trkpt>
      <trkpt lat="30.195136" lon="-98.375735"></trkpt>
      <trkpt lat="30.195347" lon="-98.375684"></trkpt>
      <trkpt lat="30.195982" lon="-98.375572"></trkpt>
      <trkpt lat="30.196515" lon="-98.375486"></trkpt>
      <trkpt lat="30.197141" lon="-98.375426"></trkpt>
      <trkpt lat="30.197369" lon="-98.375418"></trkpt>
      <trkpt lat="30.197716" lon="-98.375422"></trkpt>
      <trkpt lat="30.198659" lon="-98.375477"></trkpt>
      <trkpt lat="30.199334" lon="-98.375598"></trkpt>
      <trkpt lat="30.199816" lon="-98.375673"></trkpt>
      <trkpt lat="30.200755" lon="-98.375842"></trkpt>
      <trkpt lat="30.201865" lon="-98.376025"></trkpt>
      <trkpt lat="30.203345" lon="-98.376253"></trkpt>
      <trkpt lat="30.204018" lon="-98.376367"></trkpt>
      <trkpt lat="30.204469" lon="-98.376450"></trkpt>
      <trkpt lat="30.205923" lon="-98.376749"></trkpt>
      <trkpt lat="30.206862" lon="-98.377002"></trkpt>
      <trkpt lat="30.207418" lon="-98.377174"></trkpt>
      <trkpt lat="30.208803" lon="-98.377614"></trkpt>
      <trkpt lat="30.208967" lon="-98.377666"></trkpt>
      <trkpt lat="30.211142" lon="-98.378356"></trkpt>
      <trkpt lat="30.212579" lon="-98.378790"></trkpt>
      <trkpt lat="30.213107" lon="-98.378932"></trkpt>
      <trkpt lat="30.213639" lon="-98.379053"></trkpt>
      <trkpt lat="30.214121" lon="-98.379140"></trkpt>
      <trkpt lat="30.214765" lon="-98.379223"></trkpt>
      <trkpt lat="30.216568" lon="-98.379445"></trkpt>
      <trkpt lat="30.216983" lon="-98.379492"></trkpt>
      <trkpt lat="30.217711" lon="-98.379573"></trkpt>
      <trkpt lat="30.218017" lon="-98.379612"></trkpt>
      <trkpt lat="30.218489" lon="-98.379673"></trkpt>
      <trkpt lat="30.219556" lon="-98.379791"></trkpt>
      <trkpt lat="30.222942" lon="-98.380198"></trkpt>
      <trkpt lat="30.223430" lon="-98.380276"></trkpt>
      <trkpt lat="30.224169" lon="-98.380420"></trkpt>
      <trkpt lat="30.224580" lon="-98.380524"></trkpt>
      <trkpt lat="30.225089" lon="-98.380674"></trkpt>
      <trkpt lat="30.225354" lon="-98.380752"></trkpt>
      <trkpt lat="30.225764" lon="-98.380895"></trkpt>
      <trkpt lat="30.226017" lon="-98.380994"></trkpt>
      <trkpt lat="30.226735" lon="-98.381281"></trkpt>
      <trkpt lat="30.229366" lon="-98.382431"></trkpt>
      <trkpt lat="30.229814" lon="-98.382639"></trkpt>
      <trkpt lat="30.231993" lon="-98.383592"></trkpt>
      <trkpt lat="30.233563" lon="-98.384278"></trkpt>
      <trkpt lat="30.235144" lon="-98.384962"></trkpt>
      <trkpt lat="30.235679" lon="-98.385193"></trkpt>
      <trkpt lat="30.236247" lon="-98.385414"></trkpt>
      <trkpt lat="30.236821" lon="-98.385615"></trkpt>
      <trkpt lat="30.237294" lon="-98.385758"></trkpt>
      <trkpt lat="30.237773" lon="-98.385878"></trkpt>
      <trkpt lat="30.237919" lon="-98.385918"></trkpt>
      <trkpt lat="30.238405" lon="-98.386020"></trkpt>
      <trkpt lat="30.238826" lon="-98.386091"></trkpt>
      <trkpt lat="30.241271" lon="-98.386423"></trkpt>
      <trkpt lat="30.242491" lon="-98.386588"></trkpt>
      <trkpt lat="30.243649" lon="-98.386739"></trkpt>
      <trkpt lat="30.244815" lon="-98.386899"></trkpt>
      <trkpt lat="30.244836" lon="-98.386902"></trkpt>
      <trkpt lat="30.246817" lon="-98.387173"></trkpt>
      <trkpt lat="30.247462" lon="-98.387284"></trkpt>
      <trkpt lat="30.247938" lon="-98.387389"></trkpt>
      <trkpt lat="30.248414" lon="-98.387517"></trkpt>
      <trkpt lat="30.249325" lon="-98.387807"></trkpt>
      <trkpt lat="30.249462" lon="-98.387856"></trkpt>
      <trkpt lat="30.250970" lon="-98.388397"></trkpt>
      <trkpt lat="30.251941" lon="-98.388754"></trkpt>
      <trkpt lat="30.252223" lon="-98.388853"></trkpt>
      <trkpt lat="30.253412" lon="-98.389279"></trkpt>
      <trkpt lat="30.253586" lon="-98.389343"></trkpt>
      <trkpt lat="30.253792" lon="-98.389419"></trkpt>
      <trkpt lat="30.254173" lon="-98.389561"></trkpt>
      <trkpt lat="30.254566" lon="-98.389703"></trkpt>
      <trkpt lat="30.255374" lon="-98.389995"></trkpt>
      <trkpt lat="30.256473" lon="-98.390392"></trkpt>
      <trkpt lat="30.258035" lon="-98.390957"></trkpt>
      <trkpt lat="30.258882" lon="-98.391259"></trkpt>
      <trkpt lat="30.260254" lon="-98.391773"></trkpt>
      <trkpt lat="30.260768" lon="-98.391990"></trkpt>
      <trkpt lat="30.261273" lon="-98.392228"></trkpt>
      <trkpt lat="30.261609" lon="-98.392403"></trkpt>
      <trkpt lat="30.261774" lon="-98.392488"></trkpt>
      <trkpt lat="30.262264" lon="-98.392769"></trkpt>
      <trkpt lat="30.262458" lon="-98.392886"></trkpt>
      <trkpt lat="30.262528" lon="-98.392931"></trkpt>
      <trkpt lat="30.262718" lon="-98.393053"></trkpt>
      <trkpt lat="30.262899" lon="-98.393175"></trkpt>
      <trkpt lat="30.263227" lon="-98.393396"></trkpt>
      <trkpt lat="30.263538" lon="-98.393622"></trkpt>
      <trkpt lat="30.263726" lon="-98.393759"></trkpt>
      <trkpt lat="30.264125" lon="-98.394072"></trkpt>
      <trkpt lat="30.264240" lon="-98.394167"></trkpt>
      <trkpt lat="30.264392" lon="-98.394292"></trkpt>
      <trkpt lat="30.265207" lon="-98.394966"></trkpt>
      <trkpt lat="30.265436" lon="-98.395155"></trkpt>
      <trkpt lat="30.265575" lon="-98.395269"></trkpt>
      <trkpt lat="30.265683" lon="-98.395359"></trkpt>
      <trkpt lat="30.265935" lon="-98.395567"></trkpt>
      <trkpt lat="30.266346" lon="-98.395910"></trkpt>
      <trkpt lat="30.266487" lon="-98.396089"></trkpt>
      <trkpt lat="30.267958" lon="-98.397258"></trkpt>
      <trkpt lat="30.268238" lon="-98.397478"></trkpt>
      <trkpt lat="30.268784" lon="-98.397907"></trkpt>
      <trkpt lat="30.269084" lon="-98.398147"></trkpt>
      <trkpt lat="30.269243" lon="-98.398272"></trkpt>
      <trkpt lat="30.269482" lon="-98.398455"></trkpt>
      <trkpt lat="30.269857" lon="-98.398749"></trkpt>
      <trkpt lat="30.270138" lon="-98.398970"></trkpt>
      <trkpt lat="30.270171" lon="-98.398997"></trkpt>
      <trkpt lat="30.270616" lon="-98.399347"></trkpt>
      <trkpt lat="30.271610" lon="-98.400122"></trkpt>
      <trkpt lat="30.271683" lon="-98.400177"></trkpt>
      <trkpt lat="30.271766" lon="-98.400236"></trkpt>
      <trkpt lat="30.272244" lon="-98.400576"></trkpt>
      <trkpt lat="30.273837" lon="-98.401619"></trkpt>
      <trkpt lat="30.274071" lon="-98.401761"></trkpt>
      <trkpt lat="30.274300" lon="-98.401910"></trkpt>
      <trkpt lat="30.274567" lon="-98.402083"></trkpt>
      <trkpt lat="30.275335" lon="-98.402595"></trkpt>
      <trkpt lat="30.275365" lon="-98.402615"></trkpt>
      <trkpt lat="30.275506" lon="-98.402708"></trkpt>
      <trkpt lat="30.275659" lon="-98.402809"></trkpt>
      <trkpt lat="30.276124" lon="-98.403110"></trkpt>
      <trkpt lat="30.276306" lon="-98.403231"></trkpt>
      <trkpt lat="30.276414" lon="-98.403303"></trkpt>
      <trkpt lat="30.276852" lon="-98.403594"></trkpt>
      <trkpt lat="30.276873" lon="-98.403837"></trkpt>
      <trkpt lat="30.276860" lon="-98.404869"></trkpt>
      <trkpt lat="30.276855" lon="-98.405121"></trkpt>
      <trkpt lat="30.276837" lon="-98.405729"></trkpt>
      <trkpt lat="30.276809" lon="-98.405899"></trkpt>
      <trkpt lat="30.276806" lon="-98.406123"></trkpt>
      <trkpt lat="30.276787" lon="-98.407589"></trkpt>
      <trkpt lat="30.276769" lon="-98.408674"></trkpt>
      <trkpt lat="30.276761" lon="-98.409153"></trkpt>
      <trkpt lat="30.276757" lon="-98.409388"></trkpt>
      <trkpt lat="30.276750" lon="-98.409793"></trkpt>
      <trkpt lat="30.276731" lon="-98.410888"></trkpt>
      <trkpt lat="30.276668" lon="-98.410888"></trkpt>
      <trkpt lat="30.276373" lon="-98.410885"></trkpt>
      <trkpt lat="30.276001" lon="-98.410882"></trkpt>
      <trkpt lat="30.275939" lon="-98.410881"></trkpt>
      <trkpt lat="30.275775" lon="-98.410880"></trkpt>
      <trkpt lat="30.275765" lon="-98.411946"></trkpt>
      <trkpt lat="30.275766" lon="-98.411982"></trkpt>
      <trkpt lat="30.276713" lon="-98.411993"></trkpt>
      <trkpt lat="30.277709" lon="-98.412017"></trkpt>
      <trkpt lat="30.277741" lon="-98.412017"></trkpt>
      <trkpt lat="30.277857" lon="-98.412018"></trkpt>
      <trkpt lat="30.278547" lon="-98.412022"></trkpt>
      <trkpt lat="30.278636" lon="-98.412022"></trkpt>
      <trkpt lat="30.279551" lon="-98.412026"></trkpt>
      <trkpt lat="30.279747" lon="-98.412027"></trkpt>
      <trkpt lat="30.280168" lon="-98.412029"></trkpt>
      <trkpt lat="30.280415" lon="-98.412017"></trkpt>
      <trkpt lat="30.280563" lon="-98.412001"></trkpt>
      <trkpt lat="30.280818" lon="-98.411958"></trkpt>
      <trkpt lat="30.281123" lon="-98.411884"></trkpt>
      <trkpt lat="30.281175" lon="-98.411868"></trkpt>
      <trkpt lat="30.281219" lon="-98.411854"></trkpt>
      <trkpt lat="30.281382" lon="-98.411804"></trkpt>
      <trkpt lat="30.281500" lon="-98.411758"></trkpt>
      <trkpt lat="30.281562" lon="-98.411734"></trkpt>
      <trkpt lat="30.281609" lon="-98.411716"></trkpt>
      <trkpt lat="30.281641" lon="-98.411703"></trkpt>
      <trkpt lat="30.281885" lon="-98.411587"></trkpt>
      <trkpt lat="30.282225" lon="-98.411397"></trkpt>
      <trkpt lat="30.282458" lon="-98.411238"></trkpt>
      <trkpt lat="30.282517" lon="-98.411190"></trkpt>
      <trkpt lat="30.282625" lon="-98.411102"></trkpt>
      <trkpt lat="30.282680" lon="-98.411057"></trkpt>
      <trkpt lat="30.282969" lon="-98.410788"></trkpt>
      <trkpt lat="30.283200" lon="-98.410544"></trkpt>
      <trkpt lat="30.283415" lon="-98.410284"></trkpt>
      <trkpt lat="30.283570" lon="-98.410090"></trkpt>
      <trkpt lat="30.283932" lon="-98.409637"></trkpt>
      <trkpt lat="30.284310" lon="-98.409152"></trkpt>
      <trkpt lat="30.284969" lon="-98.408306"></trkpt>
      <trkpt lat="30.285004" lon="-98.408261"></trkpt>
      <trkpt lat="30.285218" lon="-98.407988"></trkpt>
      <trkpt lat="30.285637" lon="-98.407454"></trkpt>
      <trkpt lat="30.285824" lon="-98.407215"></trkpt>
      <trkpt lat="30.286636" lon="-98.406181"></trkpt>
      <trkpt lat="30.286674" lon="-98.406133"></trkpt>
      <trkpt lat="30.287158" lon="-98.405514"></trkpt>
      <trkpt lat="30.287222" lon="-98.405408"></trkpt>
      <trkpt lat="30.287252" lon="-98.405344"></trkpt>
      <trkpt lat="30.287271" lon="-98.405283"></trkpt>
      <trkpt lat="30.287281" lon="-98.405219"></trkpt>
      <trkpt lat="30.287283" lon="-98.405161"></trkpt>
      <trkpt lat="30.287275" lon="-98.405099"></trkpt>
      <trkpt lat="30.287247" lon="-98.405024"></trkpt>
      <trkpt lat="30.287195" lon="-98.404916"></trkpt>
      <trkpt lat="30.287192" lon="-98.404768"></trkpt>
      <trkpt lat="30.287533" lon="-98.404531"></trkpt>
      <trkpt lat="30.287598" lon="-98.404486"></trkpt>
      <trkpt lat="30.287776" lon="-98.404364"></trkpt>
      <trkpt lat="30.287992" lon="-98.404202"></trkpt>
      <trkpt lat="30.288122" lon="-98.404097"></trkpt>
      <trkpt lat="30.288256" lon="-98.403975"></trkpt>
      <trkpt lat="30.288562" lon="-98.403699"></trkpt>
      <trkpt lat="30.288685" lon="-98.403585"></trkpt>
      <trkpt lat="30.288815" lon="-98.403453"></trkpt>
      <trkpt lat="30.288945" lon="-98.403321"></trkpt>
      <trkpt lat="30.289028" lon="-98.403235"></trkpt>
      <trkpt lat="30.289074" lon="-98.403187"></trkpt>
      <trkpt lat="30.289182" lon="-98.403065"></trkpt>
      <trkpt lat="30.289293" lon="-98.402934"></trkpt>
      <trkpt lat="30.289417" lon="-98.402793"></trkpt>
      <trkpt lat="30.289563" lon="-98.402627"></trkpt>
      <trkpt lat="30.289579" lon="-98.402610"></trkpt>
      <trkpt lat="30.289676" lon="-98.402500"></trkpt>
      <trkpt lat="30.289822" lon="-98.402331"></trkpt>
      <trkpt lat="30.290386" lon="-98.401691"></trkpt>
      <trkpt lat="30.290775" lon="-98.401239"></trkpt>
      <trkpt lat="30.292106" lon="-98.399719"></trkpt>
      <trkpt lat="30.292374" lon="-98.399412"></trkpt>
      <trkpt lat="30.292656" lon="-98.399101"></trkpt>
      <trkpt lat="30.293026" lon="-98.398731"></trkpt>
      <trkpt lat="30.293409" lon="-98.398381"></trkpt>
      <trkpt lat="30.293643" lon="-98.398197"></trkpt>
      <trkpt lat="30.293672" lon="-98.398169"></trkpt>
      <trkpt lat="30.294049" lon="-98.397887"></trkpt>
      <trkpt lat="30.294488" lon="-98.397585"></trkpt>
      <trkpt lat="30.294710" lon="-98.397451"></trkpt>
      <trkpt lat="30.294873" lon="-98.397352"></trkpt>
      <trkpt lat="30.294986" lon="-98.397291"></trkpt>
      <trkpt lat="30.295267" lon="-98.397139"></trkpt>
      <trkpt lat="30.295755" lon="-98.396897"></trkpt>
      <trkpt lat="30.296174" lon="-98.396712"></trkpt>
      <trkpt lat="30.296635" lon="-98.396534"></trkpt>
      <trkpt lat="30.297046" lon="-98.396396"></trkpt>
      <trkpt lat="30.297833" lon="-98.396177"></trkpt>
      <trkpt lat="30.298208" lon="-98.396094"></trkpt>
      <trkpt lat="30.298585" lon="-98.396033"></trkpt>
      <trkpt lat="30.301089" lon="-98.395704"></trkpt>
      <trkpt lat="30.301161" lon="-98.395701"></trkpt>
      <trkpt lat="30.301328" lon="-98.395680"></trkpt>
      <trkpt lat="30.301668" lon="-98.395636"></trkpt>
      <trkpt lat="30.301990" lon="-98.395595"></trkpt>
      <trkpt lat="30.302073" lon="-98.395584"></trkpt>
      <trkpt lat="30.302739" lon="-98.395499"></trkpt>
      <trkpt lat="30.303260" lon="-98.395438"></trkpt>
      <trkpt lat="30.303690" lon="-98.395370"></trkpt>
      <trkpt lat="30.304081" lon="-98.395286"></trkpt>
      <trkpt lat="30.304330" lon="-98.395225"></trkpt>
      <trkpt lat="30.304399" lon="-98.395208"></trkpt>
      <trkpt lat="30.304774" lon="-98.395096"></trkpt>
      <trkpt lat="30.304796" lon="-98.395089"></trkpt>
      <trkpt lat="30.305753" lon="-98.394787"></trkpt>
      <trkpt lat="30.306170" lon="-98.394650"></trkpt>
      <trkpt lat="30.306594" lon="-98.394511"></trkpt>
      <trkpt lat="30.308311" lon="-98.393947"></trkpt>
      <trkpt lat="30.308900" lon="-98.393753"></trkpt>
      <trkpt lat="30.309411" lon="-98.393566"></trkpt>
      <trkpt lat="30.310137" lon="-98.393270"></trkpt>
      <trkpt lat="30.311269" lon="-98.392809"></trkpt>
      <trkpt lat="30.311372" lon="-98.392768"></trkpt>
      <trkpt lat="30.312000" lon="-98.392518"></trkpt>
      <trkpt lat="30.311916" lon="-98.392076"></trkpt>
      <trkpt lat="30.311922" lon="-98.392168"></trkpt>
      <trkpt lat="30.312000" lon="-98.392518"></trkpt>
      <trkpt lat="30.312575" lon="-98.392282"></trkpt>
      <trkpt lat="30.313287" lon="-98.391989"></trkpt>
      <trkpt lat="30.314009" lon="-98.391697"></trkpt>
      <trkpt lat="30.314467" lon="-98.391512"></trkpt>
      <trkpt lat="30.316247" lon="-98.390775"></trkpt>
      <trkpt lat="30.316922" lon="-98.390527"></trkpt>
      <trkpt lat="30.317129" lon="-98.390456"></trkpt>
      <trkpt lat="30.317165" lon="-98.390444"></trkpt>
      <trkpt lat="30.317281" lon="-98.390404"></trkpt>
      <trkpt lat="30.318016" lon="-98.390151"></trkpt>
      <trkpt lat="30.318968" lon="-98.389826"></trkpt>
      <trkpt lat="30.320056" lon="-98.389455"></trkpt>
      <trkpt lat="30.320810" lon="-98.389197"></trkpt>
      <trkpt lat="30.321297" lon="-98.389031"></trkpt>
      <trkpt lat="30.321646" lon="-98.388912"></trkpt>
      <trkpt lat="30.322194" lon="-98.388725"></trkpt>
      <trkpt lat="30.322807" lon="-98.388515"></trkpt>
      <trkpt lat="30.324046" lon="-98.388080"></trkpt>
      <trkpt lat="30.324599" lon="-98.387886"></trkpt>
      <trkpt lat="30.324782" lon="-98.387823"></trkpt>
      <trkpt lat="30.325805" lon="-98.387474"></trkpt>
      <trkpt lat="30.330347" lon="-98.385924"></trkpt>
      <trkpt lat="30.330363" lon="-98.385919"></trkpt>
      <trkpt lat="30.331438" lon="-98.385548"></trkpt>
      <trkpt lat="30.332173" lon="-98.385294"></trkpt>
      <trkpt lat="30.336875" lon="-98.383681"></trkpt>
      <trkpt lat="30.338844" lon="-98.383005"></trkpt>
      <trkpt lat="30.342626" lon="-98.381696"></trkpt>
      <trkpt lat="30.344093" lon="-98.381190"></trkpt>
      <trkpt lat="30.344167" lon="-98.381165"></trkpt>
      <trkpt lat="30.347084" lon="-98.380158"></trkpt>
      <trkpt lat="30.348316" lon="-98.379733"></trkpt>
      <trkpt lat="30.349523" lon="-98.379249"></trkpt>
      <trkpt lat="30.350791" lon="-98.378841"></trkpt>
      <trkpt lat="30.352013" lon="-98.378487"></trkpt>
      <trkpt lat="30.359331" lon="-98.377308"></trkpt>
      <trkpt lat="30.359804" lon="-98.377211"></trkpt>
      <trkpt lat="30.361166" lon="-98.376975"></trkpt>
      <trkpt lat="30.362166" lon="-98.376811"></trkpt>
      <trkpt lat="30.362288" lon="-98.376790"></trkpt>
      <trkpt lat="30.364292" lon="-98.376441"></trkpt>
      <trkpt lat="30.364807" lon="-98.376347"></trkpt>
      <trkpt lat="30.365179" lon="-98.376273"></trkpt>
      <trkpt lat="30.365552" lon="-98.376178"></trkpt>
      <trkpt lat="30.366591" lon="-98.375892"></trkpt>
      <trkpt lat="30.368779" lon="-98.375287"></trkpt>
      <trkpt lat="30.369135" lon="-98.375187"></trkpt>
      <trkpt lat="30.370034" lon="-98.374935"></trkpt>
      <trkpt lat="30.370553" lon="-98.374766"></trkpt>
      <trkpt lat="30.371952" lon="-98.374300"></trkpt>
      <trkpt lat="30.373453" lon="-98.373806"></trkpt>
      <trkpt lat="30.373959" lon="-98.373633"></trkpt>
      <trkpt lat="30.374392" lon="-98.373468"></trkpt>
      <trkpt lat="30.374944" lon="-98.373232"></trkpt>
      <trkpt lat="30.375589" lon="-98.372925"></trkpt>
      <trkpt lat="30.376077" lon="-98.372669"></trkpt>
      <trkpt lat="30.376604" lon="-98.372366"></trkpt>
      <trkpt lat="30.377025" lon="-98.372098"></trkpt>
      <trkpt lat="30.377480" lon="-98.371780"></trkpt>
      <trkpt lat="30.378796" lon="-98.370837"></trkpt>
      <trkpt lat="30.378820" lon="-98.370820"></trkpt>
      <trkpt lat="30.379330" lon="-98.370476"></trkpt>
      <trkpt lat="30.379753" lon="-98.370214"></trkpt>
      <trkpt lat="30.380310" lon="-98.369891"></trkpt>
      <trkpt lat="30.382075" lon="-98.368910"></trkpt>
      <trkpt lat="30.383052" lon="-98.368357"></trkpt>
      <trkpt lat="30.386132" lon="-98.366653"></trkpt>
      <trkpt lat="30.387356" lon="-98.365978"></trkpt>
      <trkpt lat="30.387823" lon="-98.365717"></trkpt>
      <trkpt lat="30.388092" lon="-98.365568"></trkpt>
      <trkpt lat="30.388723" lon="-98.365218"></trkpt>
      <trkpt lat="30.390258" lon="-98.364365"></trkpt>
      <trkpt lat="30.391271" lon="-98.363796"></trkpt>
      <trkpt lat="30.393527" lon="-98.362572"></trkpt>
      <trkpt lat="30.393744" lon="-98.362448"></trkpt>
      <trkpt lat="30.393951" lon="-98.362323"></trkpt>
      <trkpt lat="30.395871" lon="-98.361246"></trkpt>
      <trkpt lat="30.396105" lon="-98.361116"></trkpt>
      <trkpt lat="30.398476" lon="-98.359800"></trkpt>
      <trkpt lat="30.399364" lon="-98.359307"></trkpt>
      <trkpt lat="30.399879" lon="-98.359023"></trkpt>
      <trkpt lat="30.400703" lon="-98.358549"></trkpt>
      <trkpt lat="30.401540" lon="-98.358093"></trkpt>
      <trkpt lat="30.402425" lon="-98.357596"></trkpt>
      <trkpt lat="30.405140" lon="-98.356092"></trkpt>
      <trkpt lat="30.406972" lon="-98.355077"></trkpt>
      <trkpt lat="30.408174" lon="-98.354406"></trkpt>
      <trkpt lat="30.408711" lon="-98.354106"></trkpt>
      <trkpt lat="30.411010" lon="-98.352840"></trkpt>
      <trkpt lat="30.411547" lon="-98.352576"></trkpt>
      <trkpt lat="30.412091" lon="-98.352335"></trkpt>
      <trkpt lat="30.413323" lon="-98.351851"></trkpt>
      <trkpt lat="30.416448" lon="-98.350654"></trkpt>
      <trkpt lat="30.416540" lon="-98.350619"></trkpt>
      <trkpt lat="30.420694" lon="-98.349022"></trkpt>
      <trkpt lat="30.421980" lon="-98.348502"></trkpt>
      <trkpt lat="30.423400" lon="-98.347911"></trkpt>
      <trkpt lat="30.424053" lon="-98.347639"></trkpt>
      <trkpt lat="30.425126" lon="-98.347192"></trkpt>
      <trkpt lat="30.426208" lon="-98.346742"></trkpt>
      <trkpt lat="30.426428" lon="-98.346650"></trkpt>
      <trkpt lat="30.427541" lon="-98.346183"></trkpt>
      <trkpt lat="30.429147" lon="-98.345508"></trkpt>
      <trkpt lat="30.429136" lon="-98.344562"></trkpt>
      <trkpt lat="30.429149" lon="-98.344186"></trkpt>
      <trkpt lat="30.429159" lon="-98.343921"></trkpt>
      <trkpt lat="30.429209" lon="-98.342498"></trkpt>
      <trkpt lat="30.429222" lon="-98.342141"></trkpt>
      <trkpt lat="30.429263" lon="-98.341114"></trkpt>
      <trkpt lat="30.429310" lon="-98.339904"></trkpt>
      <trkpt lat="30.429336" lon="-98.339249"></trkpt>
      <trkpt lat="30.429371" lon="-98.338071"></trkpt>
      <trkpt lat="30.429381" lon="-98.337727"></trkpt>
      <trkpt lat="30.429395" lon="-98.337206"></trkpt>
      <trkpt lat="30.429403" lon="-98.336437"></trkpt>
      <trkpt lat="30.429408" lon="-98.335910"></trkpt>
      <trkpt lat="30.429432" lon="-98.335213"></trkpt>
      <trkpt lat="30.429439" lon="-98.334814"></trkpt>
      <trkpt lat="30.429430" lon="-98.334630"></trkpt>
      <trkpt lat="30.429407" lon="-98.334448"></trkpt>
      <trkpt lat="30.429369" lon="-98.334269"></trkpt>
      <trkpt lat="30.429317" lon="-98.334095"></trkpt>
      <trkpt lat="30.429286" lon="-98.334017"></trkpt>
      <trkpt lat="30.429250" lon="-98.333927"></trkpt>
      <trkpt lat="30.429171" lon="-98.333767"></trkpt>
      <trkpt lat="30.429122" lon="-98.333656"></trkpt>
      <trkpt lat="30.428988" lon="-98.333315"></trkpt>
      <trkpt lat="30.428871" lon="-98.332967"></trkpt>
      <trkpt lat="30.428838" lon="-98.332850"></trkpt>
      <trkpt lat="30.428770" lon="-98.332610"></trkpt>
      <trkpt lat="30.428527" lon="-98.331537"></trkpt>
      <trkpt lat="30.428389" lon="-98.330927"></trkpt>
      <trkpt lat="30.428338" lon="-98.330758"></trkpt>
      <trkpt lat="30.428273" lon="-98.330594"></trkpt>
      <trkpt lat="30.428206" lon="-98.330461"></trkpt>
      <trkpt lat="30.428195" lon="-98.330439"></trkpt>
      <trkpt lat="30.428105" lon="-98.330292"></trkpt>
      <trkpt lat="30.428004" lon="-98.330155"></trkpt>
      <trkpt lat="30.427879" lon="-98.330009"></trkpt>
      <trkpt lat="30.427386" lon="-98.329434"></trkpt>
      <trkpt lat="30.427025" lon="-98.329013"></trkpt>
      <trkpt lat="30.426685" lon="-98.328610"></trkpt>
      <trkpt lat="30.426478" lon="-98.328365"></trkpt>
      <trkpt lat="30.425605" lon="-98.327329"></trkpt>
      <trkpt lat="30.424819" lon="-98.326517"></trkpt>
      <trkpt lat="30.424669" lon="-98.326342"></trkpt>
      <trkpt lat="30.424531" lon="-98.326156"></trkpt>
      <trkpt lat="30.424405" lon="-98.325959"></trkpt>
      <trkpt lat="30.423839" lon="-98.324925"></trkpt>
      <trkpt lat="30.422572" lon="-98.322569"></trkpt>
      <trkpt lat="30.422135" lon="-98.321746"></trkpt>
      <trkpt lat="30.421995" lon="-98.321463"></trkpt>
      <trkpt lat="30.421809" lon="-98.321086"></trkpt>
      <trkpt lat="30.420609" lon="-98.318404"></trkpt>
      <trkpt lat="30.420075" lon="-98.317252"></trkpt>
      <trkpt lat="30.419858" lon="-98.316832"></trkpt>
      <trkpt lat="30.419624" lon="-98.316424"></trkpt>
      <trkpt lat="30.419232" lon="-98.315842"></trkpt>
      <trkpt lat="30.418847" lon="-98.315330"></trkpt>
      <trkpt lat="30.418301" lon="-98.314566"></trkpt>
      <trkpt lat="30.418206" lon="-98.314414"></trkpt>
      <trkpt lat="30.418120" lon="-98.314254"></trkpt>
      <trkpt lat="30.418044" lon="-98.314087"></trkpt>
      <trkpt lat="30.417980" lon="-98.313914"></trkpt>
      <trkpt lat="30.417837" lon="-98.313448"></trkpt>
      <trkpt lat="30.417737" lon="-98.313106"></trkpt>
      <trkpt lat="30.417546" lon="-98.312391"></trkpt>
      <trkpt lat="30.417181" lon="-98.310958"></trkpt>
      <trkpt lat="30.417142" lon="-98.310723"></trkpt>
      <trkpt lat="30.417120" lon="-98.310623"></trkpt>
      <trkpt lat="30.416960" lon="-98.310100"></trkpt>
      <trkpt lat="30.416773" lon="-98.309524"></trkpt>
      <trkpt lat="30.416721" lon="-98.309375"></trkpt>
      <trkpt lat="30.416536" lon="-98.308840"></trkpt>
      <trkpt lat="30.416321" lon="-98.308167"></trkpt>
      <trkpt lat="30.416188" lon="-98.307802"></trkpt>
      <trkpt lat="30.416143" lon="-98.307679"></trkpt>
      <trkpt lat="30.416029" lon="-98.307242"></trkpt>
      <trkpt lat="30.415880" lon="-98.306586"></trkpt>
      <trkpt lat="30.415735" lon="-98.305978"></trkpt>
      <trkpt lat="30.415594" lon="-98.305343"></trkpt>
      <trkpt lat="30.415329" lon="-98.304203"></trkpt>
      <trkpt lat="30.415322" lon="-98.304176"></trkpt>
      <trkpt lat="30.415254" lon="-98.303930"></trkpt>
      <trkpt lat="30.415125" lon="-98.303533"></trkpt>
      <trkpt lat="30.414864" lon="-98.302780"></trkpt>
      <trkpt lat="30.414820" lon="-98.302634"></trkpt>
      <trkpt lat="30.414624" lon="-98.301927"></trkpt>
      <trkpt lat="30.414571" lon="-98.301758"></trkpt>
      <trkpt lat="30.414530" lon="-98.301651"></trkpt>
      <trkpt lat="30.414506" lon="-98.301587"></trkpt>
      <trkpt lat="30.414445" lon="-98.301455"></trkpt>
      <trkpt lat="30.414403" lon="-98.301381"></trkpt>
      <trkpt lat="30.414339" lon="-98.301270"></trkpt>
      <trkpt lat="30.414246" lon="-98.301130"></trkpt>
      <trkpt lat="30.414075" lon="-98.300900"></trkpt>
      <trkpt lat="30.413255" lon="-98.299902"></trkpt>
      <trkpt lat="30.412795" lon="-98.299328"></trkpt>
      <trkpt lat="30.412337" lon="-98.298780"></trkpt>
      <trkpt lat="30.410096" lon="-98.296067"></trkpt>
      <trkpt lat="30.409501" lon="-98.295366"></trkpt>
      <trkpt lat="30.408871" lon="-98.294590"></trkpt>
      <trkpt lat="30.408729" lon="-98.294395"></trkpt>
      <trkpt lat="30.408605" lon="-98.294193"></trkpt>
      <trkpt lat="30.408492" lon="-98.293976"></trkpt>
      <trkpt lat="30.407617" lon="-98.291908"></trkpt>
      <trkpt lat="30.407408" lon="-98.291356"></trkpt>
      <trkpt lat="30.406553" lon="-98.289149"></trkpt>
      <trkpt lat="30.406427" lon="-98.288876"></trkpt>
      <trkpt lat="30.406284" lon="-98.288613"></trkpt>
      <trkpt lat="30.404863" lon="-98.286342"></trkpt>
      <trkpt lat="30.404689" lon="-98.286048"></trkpt>
      <trkpt lat="30.404595" lon="-98.285888"></trkpt>
      <trkpt lat="30.404314" lon="-98.285372"></trkpt>
      <trkpt lat="30.403704" lon="-98.284117"></trkpt>
      <trkpt lat="30.403531" lon="-98.283761"></trkpt>
      <trkpt lat="30.402912" lon="-98.282457"></trkpt>
      <trkpt lat="30.402626" lon="-98.281855"></trkpt>
      <trkpt lat="30.401841" lon="-98.280060"></trkpt>
      <trkpt lat="30.401358" lon="-98.278979"></trkpt>
      <trkpt lat="30.401027" lon="-98.278215"></trkpt>
      <trkpt lat="30.400715" lon="-98.277516"></trkpt>
      <trkpt lat="30.399957" lon="-98.275790"></trkpt>
      <trkpt lat="30.399844" lon="-98.275515"></trkpt>
      <trkpt lat="30.399750" lon="-98.275230"></trkpt>
      <trkpt lat="30.399676" lon="-98.274937"></trkpt>
      <trkpt lat="30.399390" lon="-98.273399"></trkpt>
      <trkpt lat="30.399051" lon="-98.271773"></trkpt>
      <trkpt lat="30.398843" lon="-98.270925"></trkpt>
      <trkpt lat="30.398638" lon="-98.270101"></trkpt>
      <trkpt lat="30.398515" lon="-98.269628"></trkpt>
      <trkpt lat="30.398411" lon="-98.269149"></trkpt>
      <trkpt lat="30.398090" lon="-98.267370"></trkpt>
      <trkpt lat="30.397804" lon="-98.265752"></trkpt>
      <trkpt lat="30.397642" lon="-98.264896"></trkpt>
      <trkpt lat="30.397570" lon="-98.264598"></trkpt>
      <trkpt lat="30.397477" lon="-98.264307"></trkpt>
      <trkpt lat="30.397294" lon="-98.263688"></trkpt>
      <trkpt lat="30.396899" lon="-98.262437"></trkpt>
      <trkpt lat="30.396695" lon="-98.261826"></trkpt>
      <trkpt lat="30.396672" lon="-98.261757"></trkpt>
      <trkpt lat="30.396596" lon="-98.261532"></trkpt>
      <trkpt lat="30.396583" lon="-98.261482"></trkpt>
      <trkpt lat="30.396536" lon="-98.261308"></trkpt>
      <trkpt lat="30.396494" lon="-98.261078"></trkpt>
      <trkpt lat="30.396466" lon="-98.260845"></trkpt>
      <trkpt lat="30.396406" lon="-98.260434"></trkpt>
      <trkpt lat="30.396350" lon="-98.260138"></trkpt>
      <trkpt lat="30.396274" lon="-98.259849"></trkpt>
      <trkpt lat="30.396083" lon="-98.259304"></trkpt>
      <trkpt lat="30.395895" lon="-98.258800"></trkpt>
      <trkpt lat="30.395370" lon="-98.257439"></trkpt>
      <trkpt lat="30.394791" lon="-98.255922"></trkpt>
      <trkpt lat="30.394686" lon="-98.255702"></trkpt>
      <trkpt lat="30.394504" lon="-98.255402"></trkpt>
      <trkpt lat="30.394565" lon="-98.255493"></trkpt>
      <trkpt lat="30.394652" lon="-98.255431"></trkpt>
      <trkpt lat="30.394724" lon="-98.255397"></trkpt>
      <trkpt lat="30.394800" lon="-98.255381"></trkpt>
      <trkpt lat="30.394840" lon="-98.255378"></trkpt>
      <trkpt lat="30.396039" lon="-98.255190"></trkpt>
      <trkpt lat="30.396666" lon="-98.255097"></trkpt>
      <trkpt lat="30.396814" lon="-98.255061"></trkpt>
      <trkpt lat="30.396958" lon="-98.255006"></trkpt>
      <trkpt lat="30.397097" lon="-98.254935"></trkpt>
      <trkpt lat="30.398807" lon="-98.253959"></trkpt>
      <trkpt lat="30.399290" lon="-98.253683"></trkpt>
      <trkpt lat="30.399391" lon="-98.253640"></trkpt>
      <trkpt lat="30.399495" lon="-98.253610"></trkpt>
      <trkpt lat="30.399656" lon="-98.253591"></trkpt>
      <trkpt lat="30.400551" lon="-98.253606"></trkpt>
      <trkpt lat="30.401407" lon="-98.253627"></trkpt>
      <trkpt lat="30.402015" lon="-98.253634"></trkpt>
      <trkpt lat="30.403004" lon="-98.253645"></trkpt>
      <trkpt lat="30.403185" lon="-98.253648"></trkpt>
      <trkpt lat="30.403936" lon="-98.253660"></trkpt>
      <trkpt lat="30.404832" lon="-98.253657"></trkpt>
      <trkpt lat="30.404978" lon="-98.253657"></trkpt>
      <trkpt lat="30.405343" lon="-98.253663"></trkpt>
      <trkpt lat="30.405945" lon="-98.253673"></trkpt>
      <trkpt lat="30.406955" lon="-98.253689"></trkpt>
      <trkpt lat="30.407900" lon="-98.253700"></trkpt>
      <trkpt lat="30.408549" lon="-98.253708"></trkpt>
      <trkpt lat="30.409250" lon="-98.253716"></trkpt>
      <trkpt lat="30.409413" lon="-98.253717"></trkpt>
      <trkpt lat="30.409453" lon="-98.253718"></trkpt>
      <trkpt lat="30.411213" lon="-98.253730"></trkpt>
      <trkpt lat="30.411610" lon="-98.253733"></trkpt>
      <trkpt lat="30.412247" lon="-98.253738"></trkpt>
      <trkpt lat="30.414337" lon="-98.253723"></trkpt>
      <trkpt lat="30.415215" lon="-98.253717"></trkpt>
      <trkpt lat="30.415323" lon="-98.253722"></trkpt>
      <trkpt lat="30.415429" lon="-98.253739"></trkpt>
      <trkpt lat="30.415534" lon="-98.253768"></trkpt>
      <trkpt lat="30.415637" lon="-98.253807"></trkpt>
      <trkpt lat="30.415985" lon="-98.253984"></trkpt>
      <trkpt lat="30.416853" lon="-98.254377"></trkpt>
      <trkpt lat="30.419360" lon="-98.255557"></trkpt>
      <trkpt lat="30.419834" lon="-98.255768"></trkpt>
      <trkpt lat="30.420427" lon="-98.256041"></trkpt>
      <trkpt lat="30.423809" lon="-98.257625"></trkpt>
      <trkpt lat="30.423837" lon="-98.257638"></trkpt>
      <trkpt lat="30.424322" lon="-98.257869"></trkpt>
      <trkpt lat="30.425651" lon="-98.258503"></trkpt>
      <trkpt lat="30.428611" lon="-98.259889"></trkpt>
      <trkpt lat="30.429379" lon="-98.260244"></trkpt>
      <trkpt lat="30.430781" lon="-98.260916"></trkpt>
      <trkpt lat="30.431511" lon="-98.261247"></trkpt>
      <trkpt lat="30.433016" lon="-98.261975"></trkpt>
      <trkpt lat="30.433462" lon="-98.262185"></trkpt>
      <trkpt lat="30.434212" lon="-98.262522"></trkpt>
      <trkpt lat="30.434721" lon="-98.262757"></trkpt>
      <trkpt lat="30.434804" lon="-98.262785"></trkpt>
      <trkpt lat="30.434843" lon="-98.262806"></trkpt>
      <trkpt lat="30.434913" lon="-98.262855"></trkpt>
      <trkpt lat="30.434974" lon="-98.262918"></trkpt>
      <trkpt lat="30.435025" lon="-98.262991"></trkpt>
      <trkpt lat="30.435064" lon="-98.263074"></trkpt>
      <trkpt lat="30.435433" lon="-98.264026"></trkpt>
      <trkpt lat="30.435559" lon="-98.264331"></trkpt>
      <trkpt lat="30.435855" lon="-98.265020"></trkpt>
      <trkpt lat="30.435903" lon="-98.265093"></trkpt>
      <trkpt lat="30.435988" lon="-98.265199"></trkpt>
      <trkpt lat="30.436066" lon="-98.265275"></trkpt>
      <trkpt lat="30.436151" lon="-98.265340"></trkpt>
      <trkpt lat="30.436242" lon="-98.265394"></trkpt>
      <trkpt lat="30.436337" lon="-98.265436"></trkpt>
      <trkpt lat="30.437453" lon="-98.266188"></trkpt>
      <trkpt lat="30.437885" lon="-98.266464"></trkpt>
      <trkpt lat="30.437987" lon="-98.266505"></trkpt>
      <trkpt lat="30.438094" lon="-98.266532"></trkpt>
      <trkpt lat="30.438202" lon="-98.266542"></trkpt>
      <trkpt lat="30.438256" lon="-98.266542"></trkpt>
      <trkpt lat="30.438364" lon="-98.266530"></trkpt>
      <trkpt lat="30.438470" lon="-98.266501"></trkpt>
      <trkpt lat="30.439931" lon="-98.265897"></trkpt>
      <trkpt lat="30.440103" lon="-98.265821"></trkpt>
      <trkpt lat="30.440258" lon="-98.265763"></trkpt>
      <trkpt lat="30.440407" lon="-98.265688"></trkpt>
      <trkpt lat="30.440502" lon="-98.265630"></trkpt>
      <trkpt lat="30.440633" lon="-98.265535"></trkpt>
      <trkpt lat="30.440758" lon="-98.265428"></trkpt>
      <trkpt lat="30.440846" lon="-98.265364"></trkpt>
      <trkpt lat="30.440939" lon="-98.265309"></trkpt>
      <trkpt lat="30.441034" lon="-98.265261"></trkpt>
      <trkpt lat="30.441058" lon="-98.265252"></trkpt>
      <trkpt lat="30.441133" lon="-98.265224"></trkpt>
      <trkpt lat="30.441234" lon="-98.265196"></trkpt>
      <trkpt lat="30.441286" lon="-98.265186"></trkpt>
      <trkpt lat="30.442017" lon="-98.264954"></trkpt>
      <trkpt lat="30.442689" lon="-98.264724"></trkpt>
      <trkpt lat="30.443825" lon="-98.264377"></trkpt>
      <trkpt lat="30.445358" lon="-98.263894"></trkpt>
      <trkpt lat="30.446556" lon="-98.263542"></trkpt>
      <trkpt lat="30.447239" lon="-98.263309"></trkpt>
      <trkpt lat="30.447830" lon="-98.263147"></trkpt>
      <trkpt lat="30.447931" lon="-98.263108"></trkpt>
      <trkpt lat="30.448027" lon="-98.263055"></trkpt>
      <trkpt lat="30.448030" lon="-98.263052"></trkpt>
      <trkpt lat="30.448116" lon="-98.262986"></trkpt>
      <trkpt lat="30.449106" lon="-98.262149"></trkpt>
      <trkpt lat="30.451590" lon="-98.260029"></trkpt>
      <trkpt lat="30.451628" lon="-98.260000"></trkpt>
      <trkpt lat="30.451711" lon="-98.259955"></trkpt>
      <trkpt lat="30.451799" lon="-98.259926"></trkpt>
      <trkpt lat="30.451890" lon="-98.259916"></trkpt>
      <trkpt lat="30.453901" lon="-98.259960"></trkpt>
      <trkpt lat="30.457516" lon="-98.260003"></trkpt>
      <trkpt lat="30.458279" lon="-98.259999"></trkpt>
      <trkpt lat="30.459321" lon="-98.260013"></trkpt>
      <trkpt lat="30.459664" lon="-98.260005"></trkpt>
      <trkpt lat="30.459750" lon="-98.260013"></trkpt>
      <trkpt lat="30.459833" lon="-98.260036"></trkpt>
      <trkpt lat="30.459912" lon="-98.260075"></trkpt>
      <trkpt lat="30.459949" lon="-98.260100"></trkpt>
      <trkpt lat="30.460272" lon="-98.260357"></trkpt>
      <trkpt lat="30.460355" lon="-98.260404"></trkpt>
      <trkpt lat="30.460398" lon="-98.260423"></trkpt>
      <trkpt lat="30.460489" lon="-98.260447"></trkpt>
      <trkpt lat="30.462250" lon="-98.260670"></trkpt>
      <trkpt lat="30.462815" lon="-98.260742"></trkpt>
      <trkpt lat="30.463421" lon="-98.261125"></trkpt>
      <trkpt lat="30.464121" lon="-98.261548"></trkpt>
      <trkpt lat="30.464270" lon="-98.261617"></trkpt>
      <trkpt lat="30.464416" lon="-98.261646"></trkpt>
      <trkpt lat="30.466135" lon="-98.261655"></trkpt>
      <trkpt lat="30.466326" lon="-98.261686"></trkpt>
      <trkpt lat="30.466439" lon="-98.261724"></trkpt>
      <trkpt lat="30.466622" lon="-98.261820"></trkpt>
      <trkpt lat="30.466717" lon="-98.261891"></trkpt>
      <trkpt lat="30.466809" lon="-98.261979"></trkpt>
      <trkpt lat="30.467819" lon="-98.263073"></trkpt>
      <trkpt lat="30.469096" lon="-98.264431"></trkpt>
      <trkpt lat="30.469252" lon="-98.264598"></trkpt>
      <trkpt lat="30.469338" lon="-98.264677"></trkpt>
      <trkpt lat="30.469494" lon="-98.264783"></trkpt>
      <trkpt lat="30.469616" lon="-98.264844"></trkpt>
      <trkpt lat="30.469707" lon="-98.264877"></trkpt>
      <trkpt lat="30.469829" lon="-98.264906"></trkpt>
      <trkpt lat="30.470024" lon="-98.264924"></trkpt>
      <trkpt lat="30.471937" lon="-98.264856"></trkpt>
      <trkpt lat="30.473685" lon="-98.264755"></trkpt>
      <trkpt lat="30.474018" lon="-98.264758"></trkpt>
      <trkpt lat="30.474363" lon="-98.264816"></trkpt>
      <trkpt lat="30.474757" lon="-98.265015"></trkpt>
      <trkpt lat="30.474939" lon="-98.265100"></trkpt>
      <trkpt lat="30.475033" lon="-98.265134"></trkpt>
      <trkpt lat="30.475138" lon="-98.265159"></trkpt>
      <trkpt lat="30.475425" lon="-98.265195"></trkpt>
      <trkpt lat="30.475741" lon="-98.265241"></trkpt>
      <trkpt lat="30.475838" lon="-98.265268"></trkpt>
      <trkpt lat="30.476030" lon="-98.265365"></trkpt>
      <trkpt lat="30.476116" lon="-98.265426"></trkpt>
      <trkpt lat="30.476197" lon="-98.265498"></trkpt>
      <trkpt lat="30.476275" lon="-98.265582"></trkpt>
      <trkpt lat="30.476867" lon="-98.266325"></trkpt>
      <trkpt lat="30.477542" lon="-98.267175"></trkpt>
      <trkpt lat="30.478575" lon="-98.268712"></trkpt>
      <trkpt lat="30.478652" lon="-98.268873"></trkpt>
      <trkpt lat="30.478718" lon="-98.269047"></trkpt>
      <trkpt lat="30.478773" lon="-98.269242"></trkpt>
      <trkpt lat="30.479028" lon="-98.270704"></trkpt>
      <trkpt lat="30.479134" lon="-98.271498"></trkpt>
      <trkpt lat="30.479360" lon="-98.272902"></trkpt>
      <trkpt lat="30.479449" lon="-98.273321"></trkpt>
      <trkpt lat="30.479561" lon="-98.273782"></trkpt>
      <trkpt lat="30.480117" lon="-98.275681"></trkpt>
      <trkpt lat="30.480452" lon="-98.276852"></trkpt>
      <trkpt lat="30.480531" lon="-98.277155"></trkpt>
      <trkpt lat="30.480571" lon="-98.277239"></trkpt>
      <trkpt lat="30.480630" lon="-98.277336"></trkpt>
      <trkpt lat="30.480708" lon="-98.277422"></trkpt>
      <trkpt lat="30.480778" lon="-98.277479"></trkpt>
      <trkpt lat="30.480886" lon="-98.277538"></trkpt>
      <trkpt lat="30.480986" lon="-98.277566"></trkpt>
      <trkpt lat="30.481063" lon="-98.277577"></trkpt>
      <trkpt lat="30.481140" lon="-98.277572"></trkpt>
      <trkpt lat="30.481625" lon="-98.277612"></trkpt>
      <trkpt lat="30.481991" lon="-98.277627"></trkpt>
      <trkpt lat="30.482698" lon="-98.277585"></trkpt>
      <trkpt lat="30.482966" lon="-98.277555"></trkpt>
      <trkpt lat="30.483210" lon="-98.277520"></trkpt>
      <trkpt lat="30.483506" lon="-98.277492"></trkpt>
      <trkpt lat="30.483644" lon="-98.277484"></trkpt>
      <trkpt lat="30.484763" lon="-98.277490"></trkpt>
      <trkpt lat="30.487258" lon="-98.277530"></trkpt>
      <trkpt lat="30.488543" lon="-98.277556"></trkpt>
      <trkpt lat="30.488904" lon="-98.277510"></trkpt>
      <trkpt lat="30.489064" lon="-98.277438"></trkpt>
      <trkpt lat="30.490437" lon="-98.276707"></trkpt>
      <trkpt lat="30.490738" lon="-98.276528"></trkpt>
      <trkpt lat="30.490955" lon="-98.276363"></trkpt>
      <trkpt lat="30.491410" lon="-98.275910"></trkpt>
      <trkpt lat="30.500061" lon="-98.267307"></trkpt>
      <trkpt lat="30.502765" lon="-98.273154"></trkpt>
      <trkpt lat="30.503631" lon="-98.275035"></trkpt>
      <trkpt lat="30.503779" lon="-98.275388"></trkpt>
      <trkpt lat="30.503957" lon="-98.275852"></trkpt>
      <trkpt lat="30.504111" lon="-98.276317"></trkpt>
      <trkpt lat="30.504256" lon="-98.276801"></trkpt>
      <trkpt lat="30.506095" lon="-98.283856"></trkpt>
      <trkpt lat="30.506270" lon="-98.284527"></trkpt>
      <trkpt lat="30.507438" lon="-98.289096"></trkpt>
      <trkpt lat="30.507865" lon="-98.290784"></trkpt>
      <trkpt lat="30.508270" lon="-98.292347"></trkpt>
      <trkpt lat="30.508607" lon="-98.293128"></trkpt>
      <trkpt lat="30.508750" lon="-98.293366"></trkpt>
      <trkpt lat="30.508870" lon="-98.293485"></trkpt>
      <trkpt lat="30.509015" lon="-98.293601"></trkpt>
      <trkpt lat="30.509183" lon="-98.293702"></trkpt>
      <trkpt lat="30.509370" lon="-98.293774"></trkpt>
      <trkpt lat="30.509533" lon="-98.293801"></trkpt>
      <trkpt lat="30.509674" lon="-98.293794"></trkpt>
      <trkpt lat="30.509860" lon="-98.293760"></trkpt>
      <trkpt lat="30.511631" lon="-98.293297"></trkpt>
      <trkpt lat="30.512103" lon="-98.293134"></trkpt>
      <trkpt lat="30.512867" lon="-98.292782"></trkpt>
      <trkpt lat="30.513172" lon="-98.292656"></trkpt>
      <trkpt lat="30.513493" lon="-98.292481"></trkpt>
      <trkpt lat="30.515078" lon="-98.291637"></trkpt>
      <trkpt lat="30.515203" lon="-98.291559"></trkpt>
      <trkpt lat="30.516345" lon="-98.290923"></trkpt>
      <trkpt lat="30.516661" lon="-98.290786"></trkpt>
      <trkpt lat="30.516825" lon="-98.290701"></trkpt>
      <trkpt lat="30.524261" lon="-98.286855"></trkpt>
      <trkpt lat="30.527549" lon="-98.285123"></trkpt>
      <trkpt lat="30.528319" lon="-98.284717"></trkpt>
      <trkpt lat="30.532552" lon="-98.282492"></trkpt>
      <trkpt lat="30.533114" lon="-98.282177"></trkpt>
      <trkpt lat="30.539187" lon="-98.278990"></trkpt>
      <trkpt lat="30.539868" lon="-98.278636"></trkpt>
      <trkpt lat="30.540466" lon="-98.278368"></trkpt>
      <trkpt lat="30.540873" lon="-98.278184"></trkpt>
      <trkpt lat="30.541731" lon="-98.277883"></trkpt>
      <trkpt lat="30.541787" lon="-98.277863"></trkpt>
      <trkpt lat="30.544591" lon="-98.277169"></trkpt>
      <trkpt lat="30.545337" lon="-98.276997"></trkpt>
      <trkpt lat="30.545573" lon="-98.276947"></trkpt>
      <trkpt lat="30.546127" lon="-98.276814"></trkpt>
      <trkpt lat="30.546628" lon="-98.276710"></trkpt>
      <trkpt lat="30.547162" lon="-98.276593"></trkpt>
      <trkpt lat="30.547493" lon="-98.276512"></trkpt>
      <trkpt lat="30.547833" lon="-98.276430"></trkpt>
      <trkpt lat="30.548325" lon="-98.276308"></trkpt>
      <trkpt lat="30.548657" lon="-98.276212"></trkpt>
      <trkpt lat="30.549164" lon="-98.276062"></trkpt>
      <trkpt lat="30.549785" lon="-98.275848"></trkpt>
      <trkpt lat="30.550394" lon="-98.275622"></trkpt>
      <trkpt lat="30.552156" lon="-98.274888"></trkpt>
      <trkpt lat="30.552587" lon="-98.274700"></trkpt>
      <trkpt lat="30.552758" lon="-98.274627"></trkpt>
      <trkpt lat="30.552940" lon="-98.274549"></trkpt>
      <trkpt lat="30.553990" lon="-98.274121"></trkpt>
      <trkpt lat="30.554279" lon="-98.274020"></trkpt>
      <trkpt lat="30.554605" lon="-98.273933"></trkpt>
      <trkpt lat="30.554919" lon="-98.273871"></trkpt>
      <trkpt lat="30.555199" lon="-98.273845"></trkpt>
      <trkpt lat="30.555456" lon="-98.273828"></trkpt>
      <trkpt lat="30.555899" lon="-98.273850"></trkpt>
      <trkpt lat="30.556265" lon="-98.273914"></trkpt>
      <trkpt lat="30.556511" lon="-98.273967"></trkpt>
      <trkpt lat="30.556940" lon="-98.274111"></trkpt>
      <trkpt lat="30.557101" lon="-98.274183"></trkpt>
      <trkpt lat="30.557592" lon="-98.274438"></trkpt>
      <trkpt lat="30.557834" lon="-98.274593"></trkpt>
      <trkpt lat="30.558821" lon="-98.275385"></trkpt>
      <trkpt lat="30.559063" lon="-98.275562"></trkpt>
      <trkpt lat="30.559245" lon="-98.275697"></trkpt>
      <trkpt lat="30.559758" lon="-98.275957"></trkpt>
      <trkpt lat="30.560220" lon="-98.276096"></trkpt>
      <trkpt lat="30.560595" lon="-98.276147"></trkpt>
      <trkpt lat="30.560863" lon="-98.276155"></trkpt>
      <trkpt lat="30.561089" lon="-98.276132"></trkpt>
      <trkpt lat="30.561369" lon="-98.276081"></trkpt>
      <trkpt lat="30.561765" lon="-98.275974"></trkpt>
      <trkpt lat="30.562096" lon="-98.275815"></trkpt>
      <trkpt lat="30.562619" lon="-98.275477"></trkpt>
      <trkpt lat="30.562982" lon="-98.275198"></trkpt>
      <trkpt lat="30.563055" lon="-98.275148"></trkpt>
      <trkpt lat="30.563339" lon="-98.274958"></trkpt>
      <trkpt lat="30.563578" lon="-98.274805"></trkpt>
      <trkpt lat="30.563734" lon="-98.274725"></trkpt>
      <trkpt lat="30.563863" lon="-98.274658"></trkpt>
      <trkpt lat="30.564092" lon="-98.274580"></trkpt>
      <trkpt lat="30.564283" lon="-98.274462"></trkpt>
      <trkpt lat="30.564538" lon="-98.274414"></trkpt>
      <trkpt lat="30.564880" lon="-98.274414"></trkpt>
      <trkpt lat="30.565067" lon="-98.274428"></trkpt>
      <trkpt lat="30.565261" lon="-98.274459"></trkpt>
      <trkpt lat="30.565490" lon="-98.274511"></trkpt>
      <trkpt lat="30.565785" lon="-98.274605"></trkpt>
      <trkpt lat="30.568332" lon="-98.275569"></trkpt>
      <trkpt lat="30.568798" lon="-98.275759"></trkpt>
      <trkpt lat="30.569124" lon="-98.275878"></trkpt>
      <trkpt lat="30.569226" lon="-98.275920"></trkpt>
      <trkpt lat="30.569467" lon="-98.276004"></trkpt>
      <trkpt lat="30.569568" lon="-98.276051"></trkpt>
      <trkpt lat="30.569756" lon="-98.276199"></trkpt>
      <trkpt lat="30.569994" lon="-98.276267"></trkpt>
      <trkpt lat="30.570264" lon="-98.276291"></trkpt>
      <trkpt lat="30.570491" lon="-98.276298"></trkpt>
      <trkpt lat="30.570614" lon="-98.276294"></trkpt>
      <trkpt lat="30.570786" lon="-98.276271"></trkpt>
      <trkpt lat="30.571034" lon="-98.276224"></trkpt>
      <trkpt lat="30.571205" lon="-98.276182"></trkpt>
      <trkpt lat="30.571374" lon="-98.276136"></trkpt>
      <trkpt lat="30.571758" lon="-98.275974"></trkpt>
      <trkpt lat="30.571833" lon="-98.275938"></trkpt>
      <trkpt lat="30.572359" lon="-98.275613"></trkpt>
      <trkpt lat="30.572726" lon="-98.275377"></trkpt>
      <trkpt lat="30.572762" lon="-98.275358"></trkpt>
      <trkpt lat="30.573259" lon="-98.275020"></trkpt>
      <trkpt lat="30.573609" lon="-98.274790"></trkpt>
      <trkpt lat="30.573749" lon="-98.274695"></trkpt>
      <trkpt lat="30.573899" lon="-98.274600"></trkpt>
      <trkpt lat="30.574185" lon="-98.274420"></trkpt>
      <trkpt lat="30.574473" lon="-98.274222"></trkpt>
      <trkpt lat="30.574758" lon="-98.274038"></trkpt>
      <trkpt lat="30.575094" lon="-98.273814"></trkpt>
      <trkpt lat="30.575397" lon="-98.273639"></trkpt>
      <trkpt lat="30.575629" lon="-98.273513"></trkpt>
      <trkpt lat="30.576095" lon="-98.273301"></trkpt>
      <trkpt lat="30.576572" lon="-98.273140"></trkpt>
      <trkpt lat="30.576911" lon="-98.273058"></trkpt>
      <trkpt lat="30.577134" lon="-98.273015"></trkpt>
      <trkpt lat="30.577504" lon="-98.272966"></trkpt>
      <trkpt lat="30.577714" lon="-98.272945"></trkpt>
      <trkpt lat="30.577795" lon="-98.272939"></trkpt>
      <trkpt lat="30.578047" lon="-98.272936"></trkpt>
      <trkpt lat="30.578336" lon="-98.272941"></trkpt>
      <trkpt lat="30.578315" lon="-98.272891"></trkpt>
      <trkpt lat="30.578285" lon="-98.272823"></trkpt>
      <trkpt lat="30.578201" lon="-98.272654"></trkpt>
      <trkpt lat="30.578123" lon="-98.272499"></trkpt>
      <trkpt lat="30.578103" lon="-98.272461"></trkpt>
      <trkpt lat="30.577997" lon="-98.272246"></trkpt>
      <trkpt lat="30.577867" lon="-98.271987"></trkpt>
      <trkpt lat="30.577362" lon="-98.270898"></trkpt>
      <trkpt lat="30.576792" lon="-98.269757"></trkpt>
      <trkpt lat="30.576563" lon="-98.269269"></trkpt>
      <trkpt lat="30.576537" lon="-98.269220"></trkpt>
      <trkpt lat="30.576246" lon="-98.268664"></trkpt>
      <trkpt lat="30.575985" lon="-98.268131"></trkpt>
      <trkpt lat="30.575971" lon="-98.268104"></trkpt>
      <trkpt lat="30.575701" lon="-98.267577"></trkpt>
      <trkpt lat="30.575616" lon="-98.267414"></trkpt>
      <trkpt lat="30.575541" lon="-98.267226"></trkpt>
      <trkpt lat="30.575476" lon="-98.266939"></trkpt>
      <trkpt lat="30.575444" lon="-98.266624"></trkpt>
      <trkpt lat="30.575440" lon="-98.266500"></trkpt>
      <trkpt lat="30.575445" lon="-98.266380"></trkpt>
      <trkpt lat="30.575447" lon="-98.266315"></trkpt>
      <trkpt lat="30.575458" lon="-98.266235"></trkpt>
      <trkpt lat="30.575479" lon="-98.266084"></trkpt>
      <trkpt lat="30.575635" lon="-98.265082"></trkpt>
      <trkpt lat="30.575657" lon="-98.264923"></trkpt>
      <trkpt lat="30.575725" lon="-98.264426"></trkpt>
      <trkpt lat="30.575770" lon="-98.264097"></trkpt>
      <trkpt lat="30.575792" lon="-98.263937"></trkpt>
      <trkpt lat="30.575838" lon="-98.263605"></trkpt>
      <trkpt lat="30.575856" lon="-98.263460"></trkpt>
      <trkpt lat="30.575869" lon="-98.263360"></trkpt>
      <trkpt lat="30.575896" lon="-98.263147"></trkpt>
      <trkpt lat="30.576295" lon="-98.260609"></trkpt>
      <trkpt lat="30.576409" lon="-98.259654"></trkpt>
      <trkpt lat="30.576540" lon="-98.258865"></trkpt>
      <trkpt lat="30.576555" lon="-98.258714"></trkpt>
      <trkpt lat="30.576592" lon="-98.258334"></trkpt>
      <trkpt lat="30.576620" lon="-98.257951"></trkpt>
      <trkpt lat="30.576623" lon="-98.257909"></trkpt>
      <trkpt lat="30.576624" lon="-98.257787"></trkpt>
      <trkpt lat="30.576625" lon="-98.257539"></trkpt>
      <trkpt lat="30.576596" lon="-98.257221"></trkpt>
      <trkpt lat="30.576559" lon="-98.256981"></trkpt>
      <trkpt lat="30.576491" lon="-98.256713"></trkpt>
      <trkpt lat="30.576413" lon="-98.256469"></trkpt>
      <trkpt lat="30.576202" lon="-98.255982"></trkpt>
      <trkpt lat="30.576170" lon="-98.255909"></trkpt>
      <trkpt lat="30.575990" lon="-98.255493"></trkpt>
      <trkpt lat="30.575964" lon="-98.255432"></trkpt>
      <trkpt lat="30.575816" lon="-98.255089"></trkpt>
      <trkpt lat="30.575259" lon="-98.253820"></trkpt>
      <trkpt lat="30.575232" lon="-98.253758"></trkpt>
      <trkpt lat="30.575202" lon="-98.253692"></trkpt>
      <trkpt lat="30.574341" lon="-98.251809"></trkpt>
      <trkpt lat="30.574007" lon="-98.251061"></trkpt>
      <trkpt lat="30.573747" lon="-98.250476"></trkpt>
      <trkpt lat="30.573678" lon="-98.250273"></trkpt>
      <trkpt lat="30.573596" lon="-98.249935"></trkpt>
      <trkpt lat="30.573552" lon="-98.249749"></trkpt>
      <trkpt lat="30.573516" lon="-98.249607"></trkpt>
      <trkpt lat="30.573466" lon="-98.249403"></trkpt>
      <trkpt lat="30.573432" lon="-98.249193"></trkpt>
      <trkpt lat="30.573272" lon="-98.247752"></trkpt>
      <trkpt lat="30.573144" lon="-98.246858"></trkpt>
      <trkpt lat="30.573085" lon="-98.246454"></trkpt>
      <trkpt lat="30.573029" lon="-98.246230"></trkpt>
      <trkpt lat="30.572948" lon="-98.245974"></trkpt>
      <trkpt lat="30.572743" lon="-98.245527"></trkpt>
      <trkpt lat="30.572416" lon="-98.244953"></trkpt>
      <trkpt lat="30.572217" lon="-98.244604"></trkpt>
      <trkpt lat="30.572094" lon="-98.244337"></trkpt>
      <trkpt lat="30.571985" lon="-98.244067"></trkpt>
      <trkpt lat="30.571915" lon="-98.243830"></trkpt>
      <trkpt lat="30.571434" lon="-98.241978"></trkpt>
      <trkpt lat="30.571381" lon="-98.241758"></trkpt>
      <trkpt lat="30.571154" lon="-98.240808"></trkpt>
      <trkpt lat="30.571024" lon="-98.240267"></trkpt>
      <trkpt lat="30.570886" lon="-98.239759"></trkpt>
      <trkpt lat="30.570845" lon="-98.239616"></trkpt>
      <trkpt lat="30.570740" lon="-98.239224"></trkpt>
      <trkpt lat="30.570697" lon="-98.238987"></trkpt>
      <trkpt lat="30.570680" lon="-98.238892"></trkpt>
      <trkpt lat="30.570669" lon="-98.238721"></trkpt>
      <trkpt lat="30.570662" lon="-98.238616"></trkpt>
      <trkpt lat="30.570666" lon="-98.238387"></trkpt>
      <trkpt lat="30.570669" lon="-98.238228"></trkpt>
      <trkpt lat="30.570692" lon="-98.237970"></trkpt>
      <trkpt lat="30.570738" lon="-98.237733"></trkpt>
      <trkpt lat="30.570819" lon="-98.237464"></trkpt>
      <trkpt lat="30.570896" lon="-98.237297"></trkpt>
      <trkpt lat="30.570999" lon="-98.237094"></trkpt>
      <trkpt lat="30.571010" lon="-98.237073"></trkpt>
      <trkpt lat="30.571150" lon="-98.236839"></trkpt>
      <trkpt lat="30.571282" lon="-98.236674"></trkpt>
      <trkpt lat="30.571403" lon="-98.236531"></trkpt>
      <trkpt lat="30.571810" lon="-98.236214"></trkpt>
      <trkpt lat="30.572047" lon="-98.236042"></trkpt>
      <trkpt lat="30.574728" lon="-98.234314"></trkpt>
      <trkpt lat="30.575054" lon="-98.234104"></trkpt>
      <trkpt lat="30.575084" lon="-98.234082"></trkpt>
      <trkpt lat="30.575587" lon="-98.233703"></trkpt>
      <trkpt lat="30.576128" lon="-98.233355"></trkpt>
      <trkpt lat="30.576909" lon="-98.232665"></trkpt>
      <trkpt lat="30.577363" lon="-98.232202"></trkpt>
      <trkpt lat="30.578762" lon="-98.230639"></trkpt>
      <trkpt lat="30.578976" lon="-98.230399"></trkpt>
      <trkpt lat="30.579556" lon="-98.229801"></trkpt>
      <trkpt lat="30.580200" lon="-98.229281"></trkpt>
      <trkpt lat="30.580742" lon="-98.228806"></trkpt>
      <trkpt lat="30.581760" lon="-98.228015"></trkpt>
      <trkpt lat="30.583237" lon="-98.226759"></trkpt>
      <trkpt lat="30.583439" lon="-98.226557"></trkpt>
      <trkpt lat="30.583478" lon="-98.226523"></trkpt>
      <trkpt lat="30.583756" lon="-98.226215"></trkpt>
      <trkpt lat="30.584191" lon="-98.225620"></trkpt>
      <trkpt lat="30.584904" lon="-98.224442"></trkpt>
      <trkpt lat="30.585083" lon="-98.224118"></trkpt>
      <trkpt lat="30.585258" lon="-98.223753"></trkpt>
      <trkpt lat="30.585371" lon="-98.223448"></trkpt>
      <trkpt lat="30.585465" lon="-98.223159"></trkpt>
      <trkpt lat="30.585638" lon="-98.222630"></trkpt>
      <trkpt lat="30.585646" lon="-98.222571"></trkpt>
      <trkpt lat="30.585754" lon="-98.221941"></trkpt>
      <trkpt lat="30.585869" lon="-98.220941"></trkpt>
      <trkpt lat="30.586069" lon="-98.219405"></trkpt>
      <trkpt lat="30.586179" lon="-98.218480"></trkpt>
      <trkpt lat="30.586224" lon="-98.218105"></trkpt>
      <trkpt lat="30.586289" lon="-98.217212"></trkpt>
      <trkpt lat="30.586358" lon="-98.216051"></trkpt>
      <trkpt lat="30.586376" lon="-98.215722"></trkpt>
      <trkpt lat="30.586434" lon="-98.214631"></trkpt>
      <trkpt lat="30.586526" lon="-98.213068"></trkpt>
      <trkpt lat="30.586579" lon="-98.210852"></trkpt>
      <trkpt lat="30.586609" lon="-98.209615"></trkpt>
      <trkpt lat="30.586625" lon="-98.209517"></trkpt>
      <trkpt lat="30.586694" lon="-98.209098"></trkpt>
      <trkpt lat="30.586843" lon="-98.208582"></trkpt>
      <trkpt lat="30.587261" lon="-98.207613"></trkpt>
      <trkpt lat="30.588023" lon="-98.205812"></trkpt>
      <trkpt lat="30.588266" lon="-98.205163"></trkpt>
      <trkpt lat="30.588270" lon="-98.205146"></trkpt>
      <trkpt lat="30.588407" lon="-98.204583"></trkpt>
      <trkpt lat="30.588525" lon="-98.203907"></trkpt>
      <trkpt lat="30.588583" lon="-98.203094"></trkpt>
      <trkpt lat="30.588675" lon="-98.201801"></trkpt>
      <trkpt lat="30.588741" lon="-98.200633"></trkpt>
      <trkpt lat="30.588695" lon="-98.199863"></trkpt>
      <trkpt lat="30.588544" lon="-98.198754"></trkpt>
      <trkpt lat="30.588398" lon="-98.198110"></trkpt>
      <trkpt lat="30.588200" lon="-98.197222"></trkpt>
      <trkpt lat="30.588099" lon="-98.196762"></trkpt>
      <trkpt lat="30.587938" lon="-98.196006"></trkpt>
      <trkpt lat="30.587842" lon="-98.195571"></trkpt>
      <trkpt lat="30.587774" lon="-98.195071"></trkpt>
      <trkpt lat="30.587752" lon="-98.194279"></trkpt>
      <trkpt lat="30.587685" lon="-98.193884"></trkpt>
      <trkpt lat="30.587591" lon="-98.193515"></trkpt>
      <trkpt lat="30.587524" lon="-98.193321"></trkpt>
      <trkpt lat="30.587273" lon="-98.192755"></trkpt>
      <trkpt lat="30.587040" lon="-98.192281"></trkpt>
      <trkpt lat="30.586837" lon="-98.191832"></trkpt>
      <trkpt lat="30.586699" lon="-98.191290"></trkpt>
      <trkpt lat="30.586659" lon="-98.190884"></trkpt>
      <trkpt lat="30.586635" lon="-98.190448"></trkpt>
      <trkpt lat="30.586650" lon="-98.190030"></trkpt>
      <trkpt lat="30.586713" lon="-98.188959"></trkpt>
      <trkpt lat="30.586730" lon="-98.188716"></trkpt>
      <trkpt lat="30.586868" lon="-98.187137"></trkpt>
      <trkpt lat="30.586942" lon="-98.186280"></trkpt>
      <trkpt lat="30.586977" lon="-98.185863"></trkpt>
      <trkpt lat="30.587100" lon="-98.184401"></trkpt>
      <trkpt lat="30.587141" lon="-98.183914"></trkpt>
      <trkpt lat="30.587146" lon="-98.183886"></trkpt>
      <trkpt lat="30.587218" lon="-98.183429"></trkpt>
      <trkpt lat="30.587344" lon="-98.182945"></trkpt>
      <trkpt lat="30.587542" lon="-98.182482"></trkpt>
      <trkpt lat="30.587800" lon="-98.182008"></trkpt>
      <trkpt lat="30.588094" lon="-98.181584"></trkpt>
      <trkpt lat="30.588446" lon="-98.181199"></trkpt>
      <trkpt lat="30.589207" lon="-98.180433"></trkpt>
      <trkpt lat="30.589431" lon="-98.180204"></trkpt>
      <trkpt lat="30.589709" lon="-98.179892"></trkpt>
      <trkpt lat="30.589970" lon="-98.179426"></trkpt>
      <trkpt lat="30.590001" lon="-98.179372"></trkpt>
      <trkpt lat="30.590202" lon="-98.178903"></trkpt>
      <trkpt lat="30.590327" lon="-98.178440"></trkpt>
      <trkpt lat="30.590378" lon="-98.178129"></trkpt>
      <trkpt lat="30.590407" lon="-98.177805"></trkpt>
      <trkpt lat="30.590415" lon="-98.177507"></trkpt>
      <trkpt lat="30.590407" lon="-98.177123"></trkpt>
      <trkpt lat="30.590380" lon="-98.176767"></trkpt>
      <trkpt lat="30.590297" lon="-98.176403"></trkpt>
      <trkpt lat="30.590208" lon="-98.176080"></trkpt>
      <trkpt lat="30.590074" lon="-98.175756"></trkpt>
      <trkpt lat="30.589966" lon="-98.175534"></trkpt>
      <trkpt lat="30.589881" lon="-98.175392"></trkpt>
      <trkpt lat="30.589697" lon="-98.175081"></trkpt>
      <trkpt lat="30.589465" lon="-98.174770"></trkpt>
      <trkpt lat="30.589262" lon="-98.174588"></trkpt>
      <trkpt lat="30.589159" lon="-98.174495"></trkpt>
      <trkpt lat="30.588867" lon="-98.174233"></trkpt>
      <trkpt lat="30.588454" lon="-98.173984"></trkpt>
      <trkpt lat="30.588069" lon="-98.173774"></trkpt>
      <trkpt lat="30.588011" lon="-98.173759"></trkpt>
      <trkpt lat="30.587594" lon="-98.173651"></trkpt>
      <trkpt lat="30.586505" lon="-98.173570"></trkpt>
      <trkpt lat="30.586112" lon="-98.173541"></trkpt>
      <trkpt lat="30.585635" lon="-98.173507"></trkpt>
      <trkpt lat="30.585561" lon="-98.173493"></trkpt>
      <trkpt lat="30.585399" lon="-98.173464"></trkpt>
      <trkpt lat="30.585118" lon="-98.173396"></trkpt>
      <trkpt lat="30.582811" lon="-98.172744"></trkpt>
      <trkpt lat="30.582725" lon="-98.172721"></trkpt>
      <trkpt lat="30.582545" lon="-98.172671"></trkpt>
      <trkpt lat="30.582477" lon="-98.172652"></trkpt>
      <trkpt lat="30.581469" lon="-98.172373"></trkpt>
      <trkpt lat="30.581409" lon="-98.172356"></trkpt>
      <trkpt lat="30.580120" lon="-98.171998"></trkpt>
      <trkpt lat="30.579735" lon="-98.171843"></trkpt>
      <trkpt lat="30.579352" lon="-98.171646"></trkpt>
      <trkpt lat="30.578691" lon="-98.171132"></trkpt>
      <trkpt lat="30.578249" lon="-98.170777"></trkpt>
      <trkpt lat="30.578107" lon="-98.170664"></trkpt>
      <trkpt lat="30.577867" lon="-98.170472"></trkpt>
      <trkpt lat="30.577741" lon="-98.170373"></trkpt>
      <trkpt lat="30.577477" lon="-98.170165"></trkpt>
      <trkpt lat="30.577277" lon="-98.170007"></trkpt>
      <trkpt lat="30.577094" lon="-98.169893"></trkpt>
      <trkpt lat="30.576813" lon="-98.169752"></trkpt>
      <trkpt lat="30.576454" lon="-98.169619"></trkpt>
      <trkpt lat="30.576015" lon="-98.169500"></trkpt>
      <trkpt lat="30.575736" lon="-98.169462"></trkpt>
      <trkpt lat="30.575397" lon="-98.169418"></trkpt>
      <trkpt lat="30.575183" lon="-98.169455"></trkpt>
      <trkpt lat="30.574876" lon="-98.169521"></trkpt>
      <trkpt lat="30.574537" lon="-98.169635"></trkpt>
      <trkpt lat="30.574101" lon="-98.169826"></trkpt>
      <trkpt lat="30.573396" lon="-98.170270"></trkpt>
      <trkpt lat="30.573301" lon="-98.170326"></trkpt>
      <trkpt lat="30.572506" lon="-98.170840"></trkpt>
      <trkpt lat="30.571453" lon="-98.171521"></trkpt>
      <trkpt lat="30.571320" lon="-98.171605"></trkpt>
      <trkpt lat="30.570871" lon="-98.171888"></trkpt>
      <trkpt lat="30.570623" lon="-98.171999"></trkpt>
      <trkpt lat="30.570381" lon="-98.172134"></trkpt>
      <trkpt lat="30.570032" lon="-98.172314"></trkpt>
      <trkpt lat="30.569571" lon="-98.172459"></trkpt>
      <trkpt lat="30.569463" lon="-98.172481"></trkpt>
      <trkpt lat="30.569138" lon="-98.172547"></trkpt>
      <trkpt lat="30.568700" lon="-98.172593"></trkpt>
      <trkpt lat="30.568148" lon="-98.172582"></trkpt>
      <trkpt lat="30.567654" lon="-98.172526"></trkpt>
      <trkpt lat="30.567168" lon="-98.172431"></trkpt>
      <trkpt lat="30.566733" lon="-98.172333"></trkpt>
      <trkpt lat="30.566675" lon="-98.172327"></trkpt>
      <trkpt lat="30.566114" lon="-98.172208"></trkpt>
      <trkpt lat="30.565785" lon="-98.172138"></trkpt>
      <trkpt lat="30.563724" lon="-98.171763"></trkpt>
      <trkpt lat="30.562808" lon="-98.171554"></trkpt>
      <trkpt lat="30.562270" lon="-98.171407"></trkpt>
      <trkpt lat="30.561736" lon="-98.171254"></trkpt>
      <trkpt lat="30.561475" lon="-98.171137"></trkpt>
      <trkpt lat="30.561269" lon="-98.171004"></trkpt>
      <trkpt lat="30.561130" lon="-98.170929"></trkpt>
      <trkpt lat="30.560775" lon="-98.170670"></trkpt>
      <trkpt lat="30.560578" lon="-98.170481"></trkpt>
      <trkpt lat="30.560328" lon="-98.170180"></trkpt>
      <trkpt lat="30.559679" lon="-98.169353"></trkpt>
      <trkpt lat="30.559117" lon="-98.168659"></trkpt>
      <trkpt lat="30.558911" lon="-98.168371"></trkpt>
      <trkpt lat="30.558864" lon="-98.168297"></trkpt>
      <trkpt lat="30.558692" lon="-98.168028"></trkpt>
      <trkpt lat="30.558583" lon="-98.167784"></trkpt>
      <trkpt lat="30.558480" lon="-98.167523"></trkpt>
      <trkpt lat="30.558387" lon="-98.167247"></trkpt>
      <trkpt lat="30.558139" lon="-98.166406"></trkpt>
      <trkpt lat="30.557887" lon="-98.165063"></trkpt>
      <trkpt lat="30.557677" lon="-98.164083"></trkpt>
      <trkpt lat="30.557641" lon="-98.163783"></trkpt>
      <trkpt lat="30.557642" lon="-98.163657"></trkpt>
      <trkpt lat="30.557642" lon="-98.163490"></trkpt>
      <trkpt lat="30.557643" lon="-98.163351"></trkpt>
      <trkpt lat="30.557674" lon="-98.163052"></trkpt>
      <trkpt lat="30.557719" lon="-98.162690"></trkpt>
      <trkpt lat="30.557756" lon="-98.162501"></trkpt>
      <trkpt lat="30.557829" lon="-98.162215"></trkpt>
      <trkpt lat="30.557919" lon="-98.161982"></trkpt>
      <trkpt lat="30.558038" lon="-98.161706"></trkpt>
      <trkpt lat="30.558143" lon="-98.161493"></trkpt>
      <trkpt lat="30.558844" lon="-98.159899"></trkpt>
      <trkpt lat="30.558923" lon="-98.159677"></trkpt>
      <trkpt lat="30.558985" lon="-98.159450"></trkpt>
      <trkpt lat="30.559036" lon="-98.159217"></trkpt>
      <trkpt lat="30.559071" lon="-98.158981"></trkpt>
      <trkpt lat="30.559092" lon="-98.158745"></trkpt>
      <trkpt lat="30.559124" lon="-98.156723"></trkpt>
      <trkpt lat="30.559126" lon="-98.156251"></trkpt>
      <trkpt lat="30.559127" lon="-98.155666"></trkpt>
      <trkpt lat="30.559129" lon="-98.155116"></trkpt>
      <trkpt lat="30.559129" lon="-98.154883"></trkpt>
      <trkpt lat="30.559177" lon="-98.152544"></trkpt>
      <trkpt lat="30.559221" lon="-98.150395"></trkpt>
      <trkpt lat="30.559248" lon="-98.149781"></trkpt>
      <trkpt lat="30.559315" lon="-98.149242"></trkpt>
      <trkpt lat="30.559458" lon="-98.148450"></trkpt>
      <trkpt lat="30.559681" lon="-98.147780"></trkpt>
      <trkpt lat="30.559742" lon="-98.147630"></trkpt>
      <trkpt lat="30.560060" lon="-98.146846"></trkpt>
      <trkpt lat="30.560346" lon="-98.146387"></trkpt>
      <trkpt lat="30.560598" lon="-98.145962"></trkpt>
      <trkpt lat="30.561147" lon="-98.145039"></trkpt>
      <trkpt lat="30.561200" lon="-98.144951"></trkpt>
      <trkpt lat="30.561323" lon="-98.144750"></trkpt>
      <trkpt lat="30.561474" lon="-98.144492"></trkpt>
      <trkpt lat="30.562243" lon="-98.143212"></trkpt>
      <trkpt lat="30.562649" lon="-98.142540"></trkpt>
      <trkpt lat="30.562988" lon="-98.141961"></trkpt>
      <trkpt lat="30.563925" lon="-98.140394"></trkpt>
      <trkpt lat="30.564546" lon="-98.139358"></trkpt>
      <trkpt lat="30.564677" lon="-98.139139"></trkpt>
      <trkpt lat="30.564909" lon="-98.138750"></trkpt>
      <trkpt lat="30.565084" lon="-98.138460"></trkpt>
      <trkpt lat="30.565345" lon="-98.138158"></trkpt>
      <trkpt lat="30.565682" lon="-98.137759"></trkpt>
      <trkpt lat="30.565977" lon="-98.137451"></trkpt>
      <trkpt lat="30.566269" lon="-98.137197"></trkpt>
      <trkpt lat="30.566328" lon="-98.137152"></trkpt>
      <trkpt lat="30.566611" lon="-98.136933"></trkpt>
      <trkpt lat="30.567134" lon="-98.136607"></trkpt>
      <trkpt lat="30.567401" lon="-98.136466"></trkpt>
      <trkpt lat="30.567685" lon="-98.136355"></trkpt>
      <trkpt lat="30.568311" lon="-98.136162"></trkpt>
      <trkpt lat="30.568572" lon="-98.136110"></trkpt>
      <trkpt lat="30.569597" lon="-98.135975"></trkpt>
      <trkpt lat="30.570061" lon="-98.135925"></trkpt>
      <trkpt lat="30.571689" lon="-98.135747"></trkpt>
      <trkpt lat="30.572003" lon="-98.135711"></trkpt>
      <trkpt lat="30.572831" lon="-98.135632"></trkpt>
      <trkpt lat="30.574552" lon="-98.135468"></trkpt>
      <trkpt lat="30.574978" lon="-98.135421"></trkpt>
      <trkpt lat="30.575216" lon="-98.135368"></trkpt>
      <trkpt lat="30.575389" lon="-98.135322"></trkpt>
      <trkpt lat="30.575485" lon="-98.135302"></trkpt>
      <trkpt lat="30.575590" lon="-98.135259"></trkpt>
      <trkpt lat="30.575623" lon="-98.135245"></trkpt>
      <trkpt lat="30.575752" lon="-98.135192"></trkpt>
      <trkpt lat="30.576077" lon="-98.135023"></trkpt>
      <trkpt lat="30.576256" lon="-98.134912"></trkpt>
      <trkpt lat="30.576484" lon="-98.134743"></trkpt>
      <trkpt lat="30.576564" lon="-98.134668"></trkpt>
      <trkpt lat="30.577079" lon="-98.134195"></trkpt>
      <trkpt lat="30.577387" lon="-98.133813"></trkpt>
      <trkpt lat="30.577899" lon="-98.132868"></trkpt>
      <trkpt lat="30.578010" lon="-98.132594"></trkpt>
      <trkpt lat="30.578081" lon="-98.132408"></trkpt>
      <trkpt lat="30.578138" lon="-98.132202"></trkpt>
      <trkpt lat="30.578206" lon="-98.131870"></trkpt>
      <trkpt lat="30.578217" lon="-98.131767"></trkpt>
      <trkpt lat="30.578223" lon="-98.131704"></trkpt>
      <trkpt lat="30.578240" lon="-98.131500"></trkpt>
      <trkpt lat="30.578252" lon="-98.131353"></trkpt>
      <trkpt lat="30.578255" lon="-98.131175"></trkpt>
      <trkpt lat="30.578256" lon="-98.131066"></trkpt>
      <trkpt lat="30.578236" lon="-98.130745"></trkpt>
      <trkpt lat="30.578223" lon="-98.130594"></trkpt>
      <trkpt lat="30.578208" lon="-98.130511"></trkpt>
      <trkpt lat="30.578199" lon="-98.130458"></trkpt>
      <trkpt lat="30.578168" lon="-98.130279"></trkpt>
      <trkpt lat="30.578126" lon="-98.130122"></trkpt>
      <trkpt lat="30.578092" lon="-98.129993"></trkpt>
      <trkpt lat="30.578013" lon="-98.129738"></trkpt>
      <trkpt lat="30.577973" lon="-98.129647"></trkpt>
      <trkpt lat="30.577893" lon="-98.129466"></trkpt>
      <trkpt lat="30.577844" lon="-98.129355"></trkpt>
      <trkpt lat="30.577705" lon="-98.129093"></trkpt>
      <trkpt lat="30.577530" lon="-98.128835"></trkpt>
      <trkpt lat="30.577457" lon="-98.128740"></trkpt>
      <trkpt lat="30.577130" lon="-98.128248"></trkpt>
      <trkpt lat="30.576844" lon="-98.127900"></trkpt>
      <trkpt lat="30.576087" lon="-98.127081"></trkpt>
      <trkpt lat="30.576087" lon="-98.127081"></trkpt>
      <trkpt lat="30.576264" lon="-98.126877"></trkpt>
      <trkpt lat="30.576515" lon="-98.126443"></trkpt>
      <trkpt lat="30.576635" lon="-98.126182"></trkpt>
      <trkpt lat="30.576847" lon="-98.125599"></trkpt>
      <trkpt lat="30.576879" lon="-98.125505"></trkpt>
      <trkpt lat="30.577435" lon="-98.123855"></trkpt>
      <trkpt lat="30.577489" lon="-98.123694"></trkpt>
      <trkpt lat="30.577529" lon="-98.123577"></trkpt>
      <trkpt lat="30.577922" lon="-98.122412"></trkpt>
      <trkpt lat="30.577999" lon="-98.122185"></trkpt>
      <trkpt lat="30.578082" lon="-98.121960"></trkpt>
      <trkpt lat="30.578118" lon="-98.121864"></trkpt>
      <trkpt lat="30.578284" lon="-98.121414"></trkpt>
      <trkpt lat="30.578430" lon="-98.121017"></trkpt>
      <trkpt lat="30.578639" lon="-98.120557"></trkpt>
      <trkpt lat="30.578809" lon="-98.120225"></trkpt>
      <trkpt lat="30.578852" lon="-98.120142"></trkpt>
      <trkpt lat="30.579022" lon="-98.119857"></trkpt>
      <trkpt lat="30.579050" lon="-98.119810"></trkpt>
      <trkpt lat="30.579448" lon="-98.119194"></trkpt>
      <trkpt lat="30.579613" lon="-98.118938"></trkpt>
      <trkpt lat="30.579619" lon="-98.118928"></trkpt>
      <trkpt lat="30.580151" lon="-98.118104"></trkpt>
      <trkpt lat="30.580620" lon="-98.117414"></trkpt>
      <trkpt lat="30.580732" lon="-98.117250"></trkpt>
      <trkpt lat="30.580871" lon="-98.117017"></trkpt>
      <trkpt lat="30.581494" lon="-98.115884"></trkpt>
      <trkpt lat="30.581559" lon="-98.115766"></trkpt>
      <trkpt lat="30.581805" lon="-98.115318"></trkpt>
      <trkpt lat="30.581913" lon="-98.115111"></trkpt>
      <trkpt lat="30.582090" lon="-98.114770"></trkpt>
      <trkpt lat="30.582378" lon="-98.114254"></trkpt>
      <trkpt lat="30.582548" lon="-98.113985"></trkpt>
      <trkpt lat="30.582608" lon="-98.113891"></trkpt>
      <trkpt lat="30.582875" lon="-98.113574"></trkpt>
      <trkpt lat="30.583221" lon="-98.113228"></trkpt>
      <trkpt lat="30.583351" lon="-98.113128"></trkpt>
      <trkpt lat="30.583683" lon="-98.112913"></trkpt>
      <trkpt lat="30.584019" lon="-98.112760"></trkpt>
      <trkpt lat="30.584122" lon="-98.112722"></trkpt>
      <trkpt lat="30.584172" lon="-98.112704"></trkpt>
      <trkpt lat="30.584399" lon="-98.112643"></trkpt>
      <trkpt lat="30.584552" lon="-98.112601"></trkpt>
      <trkpt lat="30.585071" lon="-98.112534"></trkpt>
      <trkpt lat="30.587441" lon="-98.112140"></trkpt>
      <trkpt lat="30.587882" lon="-98.112073"></trkpt>
      <trkpt lat="30.588200" lon="-98.112004"></trkpt>
      <trkpt lat="30.588446" lon="-98.111922"></trkpt>
      <trkpt lat="30.588656" lon="-98.111814"></trkpt>
      <trkpt lat="30.588684" lon="-98.111795"></trkpt>
      <trkpt lat="30.589118" lon="-98.111506"></trkpt>
      <trkpt lat="30.589297" lon="-98.111373"></trkpt>
      <trkpt lat="30.589462" lon="-98.111222"></trkpt>
      <trkpt lat="30.589778" lon="-98.110889"></trkpt>
      <trkpt lat="30.591337" lon="-98.108792"></trkpt>
      <trkpt lat="30.593017" lon="-98.106548"></trkpt>
      <trkpt lat="30.593302" lon="-98.106167"></trkpt>
      <trkpt lat="30.593512" lon="-98.105907"></trkpt>
      <trkpt lat="30.593615" lon="-98.105786"></trkpt>
      <trkpt lat="30.594003" lon="-98.105340"></trkpt>
      <trkpt lat="30.595172" lon="-98.103926"></trkpt>
      <trkpt lat="30.595423" lon="-98.103519"></trkpt>
      <trkpt lat="30.595532" lon="-98.103280"></trkpt>
      <trkpt lat="30.595665" lon="-98.102879"></trkpt>
      <trkpt lat="30.595749" lon="-98.102289"></trkpt>
      <trkpt lat="30.595824" lon="-98.101762"></trkpt>
      <trkpt lat="30.595923" lon="-98.101411"></trkpt>
      <trkpt lat="30.596047" lon="-98.101121"></trkpt>
      <trkpt lat="30.596229" lon="-98.100850"></trkpt>
      <trkpt lat="30.596693" lon="-98.100357"></trkpt>
      <trkpt lat="30.597614" lon="-98.099378"></trkpt>
      <trkpt lat="30.597674" lon="-98.099314"></trkpt>
      <trkpt lat="30.598314" lon="-98.098611"></trkpt>
      <trkpt lat="30.598647" lon="-98.098170"></trkpt>
      <trkpt lat="30.598691" lon="-98.098102"></trkpt>
      <trkpt lat="30.598966" lon="-98.097677"></trkpt>
      <trkpt lat="30.599208" lon="-98.097242"></trkpt>
      <trkpt lat="30.599336" lon="-98.096963"></trkpt>
      <trkpt lat="30.599477" lon="-98.096571"></trkpt>
      <trkpt lat="30.599706" lon="-98.095886"></trkpt>
      <trkpt lat="30.599848" lon="-98.095462"></trkpt>
      <trkpt lat="30.600223" lon="-98.095281"></trkpt>
      <trkpt lat="30.600085" lon="-98.095279"></trkpt>
      <trkpt lat="30.599922" lon="-98.095256"></trkpt>
      <trkpt lat="30.600147" lon="-98.094626"></trkpt>
      <trkpt lat="30.600250" lon="-98.094374"></trkpt>
      <trkpt lat="30.600365" lon="-98.094167"></trkpt>
      <trkpt lat="30.600499" lon="-98.093970"></trkpt>
      <trkpt lat="30.601036" lon="-98.093041"></trkpt>
      <trkpt lat="30.601370" lon="-98.092482"></trkpt>
      <trkpt lat="30.601979" lon="-98.091466"></trkpt>
      <trkpt lat="30.602109" lon="-98.091220"></trkpt>
      <trkpt lat="30.602228" lon="-98.090927"></trkpt>
      <trkpt lat="30.602273" lon="-98.090803"></trkpt>
      <trkpt lat="30.602328" lon="-98.090652"></trkpt>
      <trkpt lat="30.602420" lon="-98.090289"></trkpt>
      <trkpt lat="30.602469" lon="-98.089897"></trkpt>
      <trkpt lat="30.602529" lon="-98.088957"></trkpt>
      <trkpt lat="30.602581" lon="-98.088629"></trkpt>
      <trkpt lat="30.602651" lon="-98.088350"></trkpt>
      <trkpt lat="30.602663" lon="-98.088310"></trkpt>
      <trkpt lat="30.602846" lon="-98.087660"></trkpt>
      <trkpt lat="30.602895" lon="-98.087485"></trkpt>
      <trkpt lat="30.603018" lon="-98.087049"></trkpt>
      <trkpt lat="30.603109" lon="-98.086830"></trkpt>
      <trkpt lat="30.603166" lon="-98.086694"></trkpt>
      <trkpt lat="30.603281" lon="-98.086481"></trkpt>
      <trkpt lat="30.603357" lon="-98.086353"></trkpt>
      <trkpt lat="30.603401" lon="-98.086280"></trkpt>
      <trkpt lat="30.603764" lon="-98.085816"></trkpt>
      <trkpt lat="30.603829" lon="-98.085753"></trkpt>
      <trkpt lat="30.604097" lon="-98.085492"></trkpt>
      <trkpt lat="30.604285" lon="-98.085334"></trkpt>
      <trkpt lat="30.604652" lon="-98.085107"></trkpt>
      <trkpt lat="30.604826" lon="-98.085038"></trkpt>
      <trkpt lat="30.606165" lon="-98.084566"></trkpt>
      <trkpt lat="30.607099" lon="-98.084243"></trkpt>
      <trkpt lat="30.607406" lon="-98.084137"></trkpt>
      <trkpt lat="30.607784" lon="-98.084006"></trkpt>
      <trkpt lat="30.608258" lon="-98.083815"></trkpt>
      <trkpt lat="30.608524" lon="-98.083675"></trkpt>
      <trkpt lat="30.608621" lon="-98.083624"></trkpt>
      <trkpt lat="30.609097" lon="-98.083333"></trkpt>
      <trkpt lat="30.609837" lon="-98.082801"></trkpt>
      <trkpt lat="30.610654" lon="-98.082212"></trkpt>
      <trkpt lat="30.611602" lon="-98.081540"></trkpt>
      <trkpt lat="30.612354" lon="-98.081013"></trkpt>
      <trkpt lat="30.612593" lon="-98.080845"></trkpt>
      <trkpt lat="30.613438" lon="-98.080235"></trkpt>
      <trkpt lat="30.614016" lon="-98.079818"></trkpt>
      <trkpt lat="30.615040" lon="-98.079094"></trkpt>
      <trkpt lat="30.616896" lon="-98.077769"></trkpt>
      <trkpt lat="30.617517" lon="-98.077326"></trkpt>
      <trkpt lat="30.618161" lon="-98.076866"></trkpt>
      <trkpt lat="30.618763" lon="-98.076436"></trkpt>
      <trkpt lat="30.619549" lon="-98.075874"></trkpt>
      <trkpt lat="30.621118" lon="-98.074730"></trkpt>
      <trkpt lat="30.621446" lon="-98.074499"></trkpt>
      <trkpt lat="30.622284" lon="-98.073922"></trkpt>
      <trkpt lat="30.622537" lon="-98.073734"></trkpt>
      <trkpt lat="30.623019" lon="-98.073441"></trkpt>
      <trkpt lat="30.623532" lon="-98.073228"></trkpt>
      <trkpt lat="30.624410" lon="-98.072979"></trkpt>
      <trkpt lat="30.625868" lon="-98.072667"></trkpt>
      <trkpt lat="30.626086" lon="-98.072623"></trkpt>
      <trkpt lat="30.627211" lon="-98.072393"></trkpt>
      <trkpt lat="30.628361" lon="-98.072127"></trkpt>
      <trkpt lat="30.628671" lon="-98.072082"></trkpt>
      <trkpt lat="30.629152" lon="-98.072046"></trkpt>
      <trkpt lat="30.629545" lon="-98.072046"></trkpt>
      <trkpt lat="30.630187" lon="-98.072135"></trkpt>
      <trkpt lat="30.631700" lon="-98.072458"></trkpt>
      <trkpt lat="30.632038" lon="-98.072484"></trkpt>
      <trkpt lat="30.632102" lon="-98.072489"></trkpt>
      <trkpt lat="30.632379" lon="-98.072456"></trkpt>
      <trkpt lat="30.632547" lon="-98.072436"></trkpt>
      <trkpt lat="30.632848" lon="-98.072341"></trkpt>
      <trkpt lat="30.633047" lon="-98.072278"></trkpt>
      <trkpt lat="30.633265" lon="-98.072161"></trkpt>
      <trkpt lat="30.633456" lon="-98.072068"></trkpt>
      <trkpt lat="30.633785" lon="-98.071858"></trkpt>
      <trkpt lat="30.633834" lon="-98.071823"></trkpt>
      <trkpt lat="30.635570" lon="-98.070584"></trkpt>
      <trkpt lat="30.635688" lon="-98.070500"></trkpt>
      <trkpt lat="30.636333" lon="-98.070040"></trkpt>
      <trkpt lat="30.636642" lon="-98.069847"></trkpt>
      <trkpt lat="30.636910" lon="-98.069679"></trkpt>
      <trkpt lat="30.637419" lon="-98.069423"></trkpt>
      <trkpt lat="30.638059" lon="-98.069195"></trkpt>
      <trkpt lat="30.638859" lon="-98.069055"></trkpt>
      <trkpt lat="30.639872" lon="-98.068916"></trkpt>
      <trkpt lat="30.640623" lon="-98.068799"></trkpt>
      <trkpt lat="30.640936" lon="-98.068750"></trkpt>
      <trkpt lat="30.642382" lon="-98.068536"></trkpt>
      <trkpt lat="30.642407" lon="-98.068533"></trkpt>
      <trkpt lat="30.642910" lon="-98.068463"></trkpt>
      <trkpt lat="30.643934" lon="-98.068321"></trkpt>
      <trkpt lat="30.644717" lon="-98.068219"></trkpt>
      <trkpt lat="30.645066" lon="-98.068174"></trkpt>
      <trkpt lat="30.645232" lon="-98.068152"></trkpt>
      <trkpt lat="30.645264" lon="-98.068149"></trkpt>
      <trkpt lat="30.645663" lon="-98.068114"></trkpt>
      <trkpt lat="30.645759" lon="-98.068118"></trkpt>
      <trkpt lat="30.646145" lon="-98.068136"></trkpt>
      <trkpt lat="30.646550" lon="-98.068195"></trkpt>
      <trkpt lat="30.646667" lon="-98.068222"></trkpt>
      <trkpt lat="30.647108" lon="-98.068324"></trkpt>
      <trkpt lat="30.648442" lon="-98.068884"></trkpt>
      <trkpt lat="30.649100" lon="-98.069160"></trkpt>
      <trkpt lat="30.649249" lon="-98.069223"></trkpt>
      <trkpt lat="30.650007" lon="-98.069525"></trkpt>
      <trkpt lat="30.650996" lon="-98.069937"></trkpt>
      <trkpt lat="30.652215" lon="-98.070461"></trkpt>
      <trkpt lat="30.653860" lon="-98.071142"></trkpt>
      <trkpt lat="30.655858" lon="-98.064611"></trkpt>
      <trkpt lat="30.656463" lon="-98.062617"></trkpt>
      <trkpt lat="30.657084" lon="-98.060533"></trkpt>
      <trkpt lat="30.657322" lon="-98.059732"></trkpt>
      <trkpt lat="30.657458" lon="-98.059365"></trkpt>
      <trkpt lat="30.657624" lon="-98.058975"></trkpt>
      <trkpt lat="30.657870" lon="-98.058364"></trkpt>
      <trkpt lat="30.659108" lon="-98.055285"></trkpt>
      <trkpt lat="30.659445" lon="-98.054313"></trkpt>
      <trkpt lat="30.659650" lon="-98.053722"></trkpt>
      <trkpt lat="30.660833" lon="-98.050047"></trkpt>
      <trkpt lat="30.660909" lon="-98.049809"></trkpt>
      <trkpt lat="30.661119" lon="-98.049146"></trkpt>
      <trkpt lat="30.662805" lon="-98.043567"></trkpt>
      <trkpt lat="30.662889" lon="-98.043199"></trkpt>
      <trkpt lat="30.662954" lon="-98.042834"></trkpt>
      <trkpt lat="30.662981" lon="-98.042538"></trkpt>
      <trkpt lat="30.663090" lon="-98.039704"></trkpt>
      <trkpt lat="30.663098" lon="-98.039568"></trkpt>
      <trkpt lat="30.663255" lon="-98.035769"></trkpt>
      <trkpt lat="30.663262" lon="-98.035397"></trkpt>
      <trkpt lat="30.663247" lon="-98.035057"></trkpt>
      <trkpt lat="30.663210" lon="-98.034754"></trkpt>
      <trkpt lat="30.663159" lon="-98.034420"></trkpt>
      <trkpt lat="30.663100" lon="-98.034163"></trkpt>
      <trkpt lat="30.663021" lon="-98.033908"></trkpt>
      <trkpt lat="30.662889" lon="-98.033602"></trkpt>
      <trkpt lat="30.662820" lon="-98.033477"></trkpt>
      <trkpt lat="30.662704" lon="-98.033281"></trkpt>
      <trkpt lat="30.662453" lon="-98.032935"></trkpt>
      <trkpt lat="30.662306" lon="-98.032740"></trkpt>
      <trkpt lat="30.660451" lon="-98.030344"></trkpt>
      <trkpt lat="30.660320" lon="-98.030186"></trkpt>
      <trkpt lat="30.658109" lon="-98.028051"></trkpt>
      <trkpt lat="30.657941" lon="-98.027865"></trkpt>
      <trkpt lat="30.657794" lon="-98.027664"></trkpt>
      <trkpt lat="30.657584" lon="-98.027354"></trkpt>
      <trkpt lat="30.657466" lon="-98.027140"></trkpt>
      <trkpt lat="30.657321" lon="-98.026804"></trkpt>
      <trkpt lat="30.657219" lon="-98.026493"></trkpt>
      <trkpt lat="30.657121" lon="-98.026108"></trkpt>
      <trkpt lat="30.656612" lon="-98.023596"></trkpt>
      <trkpt lat="30.656241" lon="-98.021861"></trkpt>
      <trkpt lat="30.655991" lon="-98.020657"></trkpt>
      <trkpt lat="30.655780" lon="-98.019770"></trkpt>
      <trkpt lat="30.655681" lon="-98.019446"></trkpt>
      <trkpt lat="30.655001" lon="-98.017541"></trkpt>
      <trkpt lat="30.654784" lon="-98.016927"></trkpt>
      <trkpt lat="30.654713" lon="-98.016624"></trkpt>
      <trkpt lat="30.654657" lon="-98.016211"></trkpt>
      <trkpt lat="30.654641" lon="-98.015948"></trkpt>
      <trkpt lat="30.654641" lon="-98.015619"></trkpt>
      <trkpt lat="30.654671" lon="-98.015345"></trkpt>
      <trkpt lat="30.654734" lon="-98.014908"></trkpt>
      <trkpt lat="30.654817" lon="-98.014612"></trkpt>
      <trkpt lat="30.654925" lon="-98.014235"></trkpt>
      <trkpt lat="30.655188" lon="-98.013381"></trkpt>
      <trkpt lat="30.655559" lon="-98.012183"></trkpt>
      <trkpt lat="30.655834" lon="-98.011302"></trkpt>
      <trkpt lat="30.656023" lon="-98.010691"></trkpt>
      <trkpt lat="30.656058" lon="-98.010547"></trkpt>
      <trkpt lat="30.656123" lon="-98.010293"></trkpt>
      <trkpt lat="30.656168" lon="-98.010028"></trkpt>
      <trkpt lat="30.656191" lon="-98.009790"></trkpt>
      <trkpt lat="30.656202" lon="-98.009493"></trkpt>
      <trkpt lat="30.656190" lon="-98.009189"></trkpt>
      <trkpt lat="30.656166" lon="-98.008921"></trkpt>
      <trkpt lat="30.656133" lon="-98.008710"></trkpt>
      <trkpt lat="30.656091" lon="-98.008490"></trkpt>
      <trkpt lat="30.656028" lon="-98.008263"></trkpt>
      <trkpt lat="30.655765" lon="-98.007389"></trkpt>
      <trkpt lat="30.655557" lon="-98.006681"></trkpt>
      <trkpt lat="30.655355" lon="-98.006030"></trkpt>
      <trkpt lat="30.655276" lon="-98.005776"></trkpt>
      <trkpt lat="30.655068" lon="-98.005092"></trkpt>
      <trkpt lat="30.654525" lon="-98.003282"></trkpt>
      <trkpt lat="30.654433" lon="-98.002923"></trkpt>
      <trkpt lat="30.654370" lon="-98.002532"></trkpt>
      <trkpt lat="30.654346" lon="-98.002284"></trkpt>
      <trkpt lat="30.654327" lon="-98.001949"></trkpt>
      <trkpt lat="30.654332" lon="-98.001643"></trkpt>
      <trkpt lat="30.654354" lon="-98.001375"></trkpt>
      <trkpt lat="30.654374" lon="-98.001162"></trkpt>
      <trkpt lat="30.654427" lon="-98.000869"></trkpt>
      <trkpt lat="30.654738" lon="-97.999198"></trkpt>
      <trkpt lat="30.654895" lon="-97.998370"></trkpt>
      <trkpt lat="30.655209" lon="-97.996685"></trkpt>
      <trkpt lat="30.655244" lon="-97.996387"></trkpt>
      <trkpt lat="30.655266" lon="-97.996147"></trkpt>
      <trkpt lat="30.655263" lon="-97.995856"></trkpt>
      <trkpt lat="30.655261" lon="-97.995608"></trkpt>
      <trkpt lat="30.655224" lon="-97.995338"></trkpt>
      <trkpt lat="30.655157" lon="-97.995003"></trkpt>
      <trkpt lat="30.655081" lon="-97.994698"></trkpt>
      <trkpt lat="30.654951" lon="-97.994330"></trkpt>
      <trkpt lat="30.654387" lon="-97.992844"></trkpt>
      <trkpt lat="30.653020" lon="-97.989383"></trkpt>
      <trkpt lat="30.652860" lon="-97.988999"></trkpt>
      <trkpt lat="30.652646" lon="-97.988448"></trkpt>
      <trkpt lat="30.652271" lon="-97.987484"></trkpt>
      <trkpt lat="30.652238" lon="-97.987403"></trkpt>
      <trkpt lat="30.651592" lon="-97.985746"></trkpt>
      <trkpt lat="30.650796" lon="-97.983751"></trkpt>
      <trkpt lat="30.650687" lon="-97.983418"></trkpt>
      <trkpt lat="30.650543" lon="-97.982921"></trkpt>
      <trkpt lat="30.650471" lon="-97.982571"></trkpt>
      <trkpt lat="30.650416" lon="-97.982170"></trkpt>
      <trkpt lat="30.650403" lon="-97.981808"></trkpt>
      <trkpt lat="30.650432" lon="-97.981393"></trkpt>
      <trkpt lat="30.650515" lon="-97.980780"></trkpt>
      <trkpt lat="30.650708" lon="-97.979496"></trkpt>
      <trkpt lat="30.652001" lon="-97.970803"></trkpt>
      <trkpt lat="30.652380" lon="-97.968178"></trkpt>
      <trkpt lat="30.652496" lon="-97.967468"></trkpt>
      <trkpt lat="30.652537" lon="-97.967264"></trkpt>
      <trkpt lat="30.652584" lon="-97.967087"></trkpt>
      <trkpt lat="30.652717" lon="-97.966639"></trkpt>
      <trkpt lat="30.652769" lon="-97.966497"></trkpt>
      <trkpt lat="30.652873" lon="-97.966260"></trkpt>
      <trkpt lat="30.653019" lon="-97.965980"></trkpt>
      <trkpt lat="30.653188" lon="-97.965697"></trkpt>
      <trkpt lat="30.653392" lon="-97.965400"></trkpt>
      <trkpt lat="30.653646" lon="-97.965069"></trkpt>
      <trkpt lat="30.653704" lon="-97.964985"></trkpt>
      <trkpt lat="30.654367" lon="-97.964167"></trkpt>
      <trkpt lat="30.654512" lon="-97.963955"></trkpt>
      <trkpt lat="30.654705" lon="-97.963669"></trkpt>
      <trkpt lat="30.656555" lon="-97.960347"></trkpt>
      <trkpt lat="30.656785" lon="-97.959888"></trkpt>
      <trkpt lat="30.656955" lon="-97.959489"></trkpt>
      <trkpt lat="30.657088" lon="-97.959108"></trkpt>
      <trkpt lat="30.657286" lon="-97.958469"></trkpt>
      <trkpt lat="30.657698" lon="-97.957096"></trkpt>
      <trkpt lat="30.657859" lon="-97.956567"></trkpt>
      <trkpt lat="30.658607" lon="-97.954103"></trkpt>
      <trkpt lat="30.659581" lon="-97.950823"></trkpt>
      <trkpt lat="30.660208" lon="-97.948737"></trkpt>
      <trkpt lat="30.660299" lon="-97.948408"></trkpt>
      <trkpt lat="30.660366" lon="-97.948088"></trkpt>
      <trkpt lat="30.660453" lon="-97.947554"></trkpt>
      <trkpt lat="30.660468" lon="-97.947397"></trkpt>
      <trkpt lat="30.660475" lon="-97.947252"></trkpt>
      <trkpt lat="30.660472" lon="-97.947175"></trkpt>
      <trkpt lat="30.660468" lon="-97.946867"></trkpt>
      <trkpt lat="30.660441" lon="-97.946188"></trkpt>
      <trkpt lat="30.660408" lon="-97.945659"></trkpt>
      <trkpt lat="30.660378" lon="-97.945179"></trkpt>
      <trkpt lat="30.660364" lon="-97.944953"></trkpt>
      <trkpt lat="30.660300" lon="-97.943819"></trkpt>
      <trkpt lat="30.660299" lon="-97.943528"></trkpt>
      <trkpt lat="30.660265" lon="-97.942797"></trkpt>
      <trkpt lat="30.660234" lon="-97.942240"></trkpt>
      <trkpt lat="30.660209" lon="-97.941868"></trkpt>
      <trkpt lat="30.660185" lon="-97.941413"></trkpt>
      <trkpt lat="30.660152" lon="-97.941186"></trkpt>
      <trkpt lat="30.659965" lon="-97.939919"></trkpt>
      <trkpt lat="30.659939" lon="-97.939637"></trkpt>
      <trkpt lat="30.659933" lon="-97.939291"></trkpt>
      <trkpt lat="30.659966" lon="-97.938883"></trkpt>
      <trkpt lat="30.660050" lon="-97.938260"></trkpt>
      <trkpt lat="30.660143" lon="-97.937536"></trkpt>
      <trkpt lat="30.660236" lon="-97.936769"></trkpt>
      <trkpt lat="30.660286" lon="-97.936359"></trkpt>
      <trkpt lat="30.660375" lon="-97.935887"></trkpt>
      <trkpt lat="30.660608" lon="-97.935112"></trkpt>
      <trkpt lat="30.660687" lon="-97.934871"></trkpt>
      <trkpt lat="30.661047" lon="-97.933781"></trkpt>
      <trkpt lat="30.661182" lon="-97.933428"></trkpt>
      <trkpt lat="30.661246" lon="-97.933283"></trkpt>
      <trkpt lat="30.661370" lon="-97.933002"></trkpt>
      <trkpt lat="30.661526" lon="-97.932647"></trkpt>
      <trkpt lat="30.661793" lon="-97.932075"></trkpt>
      <trkpt lat="30.661877" lon="-97.931894"></trkpt>
      <trkpt lat="30.661927" lon="-97.931770"></trkpt>
      <trkpt lat="30.661962" lon="-97.931675"></trkpt>
      <trkpt lat="30.661996" lon="-97.931588"></trkpt>
      <trkpt lat="30.662139" lon="-97.931156"></trkpt>
      <trkpt lat="30.662222" lon="-97.930856"></trkpt>
      <trkpt lat="30.662293" lon="-97.930603"></trkpt>
      <trkpt lat="30.662415" lon="-97.930154"></trkpt>
      <trkpt lat="30.662561" lon="-97.929587"></trkpt>
      <trkpt lat="30.662753" lon="-97.928791"></trkpt>
      <trkpt lat="30.662972" lon="-97.928097"></trkpt>
      <trkpt lat="30.663051" lon="-97.927909"></trkpt>
      <trkpt lat="30.663076" lon="-97.927850"></trkpt>
      <trkpt lat="30.663531" lon="-97.926816"></trkpt>
      <trkpt lat="30.663694" lon="-97.926442"></trkpt>
      <trkpt lat="30.663731" lon="-97.926339"></trkpt>
      <trkpt lat="30.663872" lon="-97.925934"></trkpt>
      <trkpt lat="30.664035" lon="-97.925435"></trkpt>
      <trkpt lat="30.664279" lon="-97.924629"></trkpt>
      <trkpt lat="30.664376" lon="-97.924342"></trkpt>
      <trkpt lat="30.664448" lon="-97.924112"></trkpt>
      <trkpt lat="30.664550" lon="-97.923757"></trkpt>
      <trkpt lat="30.664712" lon="-97.923251"></trkpt>
      <trkpt lat="30.664899" lon="-97.922733"></trkpt>
      <trkpt lat="30.664486" lon="-97.922444"></trkpt>
      <trkpt lat="30.664303" lon="-97.922269"></trkpt>
      <trkpt lat="30.664004" lon="-97.921994"></trkpt>
      <trkpt lat="30.663928" lon="-97.921923"></trkpt>
      <trkpt lat="30.663813" lon="-97.921817"></trkpt>
      <trkpt lat="30.663732" lon="-97.921733"></trkpt>
      <trkpt lat="30.663680" lon="-97.921680"></trkpt>
      <trkpt lat="30.663562" lon="-97.921551"></trkpt>
      <trkpt lat="30.663492" lon="-97.921449"></trkpt>
      <trkpt lat="30.663455" lon="-97.921417"></trkpt>
      <trkpt lat="30.663391" lon="-97.921371"></trkpt>
      <trkpt lat="30.663344" lon="-97.921365"></trkpt>
      <trkpt lat="30.663325" lon="-97.921355"></trkpt>
      <trkpt lat="30.663301" lon="-97.921342"></trkpt>
      <trkpt lat="30.663267" lon="-97.921304"></trkpt>
      <trkpt lat="30.663245" lon="-97.921255"></trkpt>
      <trkpt lat="30.663238" lon="-97.921199"></trkpt>
      <trkpt lat="30.663247" lon="-97.921143"></trkpt>
      <trkpt lat="30.663271" lon="-97.921094"></trkpt>
      <trkpt lat="30.663286" lon="-97.921079"></trkpt>
      <trkpt lat="30.663308" lon="-97.921057"></trkpt>
      <trkpt lat="30.663327" lon="-97.920985"></trkpt>
      <trkpt lat="30.663336" lon="-97.920766"></trkpt>
      <trkpt lat="30.663376" lon="-97.920690"></trkpt>
      <trkpt lat="30.663388" lon="-97.920582"></trkpt>
      <trkpt lat="30.663416" lon="-97.920321"></trkpt>
      <trkpt lat="30.663564" lon="-97.919249"></trkpt>
      <trkpt lat="30.663596" lon="-97.919021"></trkpt>
      <trkpt lat="30.663625" lon="-97.918840"></trkpt>
      <trkpt lat="30.663699" lon="-97.918312"></trkpt>
      <trkpt lat="30.663911" lon="-97.916911"></trkpt>
      <trkpt lat="30.664009" lon="-97.916265"></trkpt>
      <trkpt lat="30.664087" lon="-97.915567"></trkpt>
      <trkpt lat="30.664101" lon="-97.915405"></trkpt>
      <trkpt lat="30.664115" lon="-97.915059"></trkpt>
      <trkpt lat="30.664124" lon="-97.914935"></trkpt>
      <trkpt lat="30.664150" lon="-97.914634"></trkpt>
      <trkpt lat="30.664161" lon="-97.914502"></trkpt>
      <trkpt lat="30.664228" lon="-97.914279"></trkpt>
      <trkpt lat="30.664332" lon="-97.914131"></trkpt>
      <trkpt lat="30.664425" lon="-97.914042"></trkpt>
      <trkpt lat="30.664572" lon="-97.913876"></trkpt>
      <trkpt lat="30.664632" lon="-97.913783"></trkpt>
      <trkpt lat="30.664706" lon="-97.913594"></trkpt>
      <trkpt lat="30.665396" lon="-97.911325"></trkpt>
      <trkpt lat="30.665425" lon="-97.911230"></trkpt>
      <trkpt lat="30.665491" lon="-97.911014"></trkpt>
      <trkpt lat="30.665565" lon="-97.910770"></trkpt>
      <trkpt lat="30.665588" lon="-97.910695"></trkpt>
      <trkpt lat="30.665599" lon="-97.910656"></trkpt>
      <trkpt lat="30.665686" lon="-97.910343"></trkpt>
      <trkpt lat="30.665700" lon="-97.910280"></trkpt>
      <trkpt lat="30.665739" lon="-97.910102"></trkpt>
      <trkpt lat="30.665747" lon="-97.909915"></trkpt>
      <trkpt lat="30.665738" lon="-97.909739"></trkpt>
      <trkpt lat="30.665720" lon="-97.909607"></trkpt>
      <trkpt lat="30.665672" lon="-97.909371"></trkpt>
      <trkpt lat="30.665668" lon="-97.909351"></trkpt>
      <trkpt lat="30.665643" lon="-97.909229"></trkpt>
      <trkpt lat="30.665606" lon="-97.909046"></trkpt>
      <trkpt lat="30.665529" lon="-97.908677"></trkpt>
      <trkpt lat="30.665417" lon="-97.908139"></trkpt>
      <trkpt lat="30.665399" lon="-97.908053"></trkpt>
      <trkpt lat="30.665314" lon="-97.907724"></trkpt>
      <trkpt lat="30.665286" lon="-97.907620"></trkpt>
      <trkpt lat="30.665175" lon="-97.907200"></trkpt>
      <trkpt lat="30.665097" lon="-97.906799"></trkpt>
      <trkpt lat="30.665094" lon="-97.906700"></trkpt>
      <trkpt lat="30.665110" lon="-97.906613"></trkpt>
      <trkpt lat="30.665152" lon="-97.906549"></trkpt>
      <trkpt lat="30.665441" lon="-97.906341"></trkpt>
      <trkpt lat="30.665337" lon="-97.906135"></trkpt>
      <trkpt lat="30.665102" lon="-97.905668"></trkpt>
      <trkpt lat="30.664894" lon="-97.905256"></trkpt>
      <trkpt lat="30.664826" lon="-97.905123"></trkpt>
      <trkpt lat="30.664523" lon="-97.904461"></trkpt>
      <trkpt lat="30.663721" lon="-97.902720"></trkpt>
      <trkpt lat="30.663477" lon="-97.902171"></trkpt>
      <trkpt lat="30.663144" lon="-97.901462"></trkpt>
      <trkpt lat="30.662994" lon="-97.901112"></trkpt>
      <trkpt lat="30.662898" lon="-97.900887"></trkpt>
      <trkpt lat="30.662759" lon="-97.900565"></trkpt>
      <trkpt lat="30.662537" lon="-97.900047"></trkpt>
      <trkpt lat="30.662038" lon="-97.898854"></trkpt>
      <trkpt lat="30.661901" lon="-97.898526"></trkpt>
      <trkpt lat="30.661674" lon="-97.898001"></trkpt>
      <trkpt lat="30.661587" lon="-97.897801"></trkpt>
      <trkpt lat="30.661460" lon="-97.897485"></trkpt>
      <trkpt lat="30.661321" lon="-97.897143"></trkpt>
      <trkpt lat="30.661217" lon="-97.896889"></trkpt>
      <trkpt lat="30.661182" lon="-97.896803"></trkpt>
      <trkpt lat="30.660969" lon="-97.896287"></trkpt>
      <trkpt lat="30.660928" lon="-97.896179"></trkpt>
      <trkpt lat="30.660692" lon="-97.895584"></trkpt>
      <trkpt lat="30.660585" lon="-97.895332"></trkpt>
      <trkpt lat="30.660547" lon="-97.895239"></trkpt>
      <trkpt lat="30.660540" lon="-97.895221"></trkpt>
      <trkpt lat="30.660343" lon="-97.894732"></trkpt>
      <trkpt lat="30.660194" lon="-97.894327"></trkpt>
      <trkpt lat="30.660039" lon="-97.893877"></trkpt>
      <trkpt lat="30.659675" lon="-97.892972"></trkpt>
      <trkpt lat="30.659053" lon="-97.891423"></trkpt>
      <trkpt lat="30.658860" lon="-97.890943"></trkpt>
      <trkpt lat="30.658840" lon="-97.890893"></trkpt>
      <trkpt lat="30.658827" lon="-97.890859"></trkpt>
      <trkpt lat="30.658640" lon="-97.890381"></trkpt>
      <trkpt lat="30.658511" lon="-97.890042"></trkpt>
      <trkpt lat="30.658326" lon="-97.889555"></trkpt>
      <trkpt lat="30.658303" lon="-97.889497"></trkpt>
      <trkpt lat="30.658252" lon="-97.889362"></trkpt>
      <trkpt lat="30.658013" lon="-97.888734"></trkpt>
      <trkpt lat="30.657986" lon="-97.888655"></trkpt>
      <trkpt lat="30.657781" lon="-97.888065"></trkpt>
      <trkpt lat="30.657506" lon="-97.887273"></trkpt>
      <trkpt lat="30.657376" lon="-97.886897"></trkpt>
      <trkpt lat="30.657242" lon="-97.886513"></trkpt>
      <trkpt lat="30.656709" lon="-97.884947"></trkpt>
      <trkpt lat="30.656426" lon="-97.884170"></trkpt>
      <trkpt lat="30.655913" lon="-97.882707"></trkpt>
      <trkpt lat="30.655734" lon="-97.882196"></trkpt>
      <trkpt lat="30.655451" lon="-97.881379"></trkpt>
      <trkpt lat="30.654888" lon="-97.879757"></trkpt>
      <trkpt lat="30.654578" lon="-97.878941"></trkpt>
      <trkpt lat="30.654371" lon="-97.878380"></trkpt>
      <trkpt lat="30.654053" lon="-97.877518"></trkpt>
      <trkpt lat="30.653993" lon="-97.877366"></trkpt>
      <trkpt lat="30.653725" lon="-97.876652"></trkpt>
      <trkpt lat="30.653085" lon="-97.876399"></trkpt>
      <trkpt lat="30.652364" lon="-97.876099"></trkpt>
      <trkpt lat="30.651543" lon="-97.875765"></trkpt>
      <trkpt lat="30.651349" lon="-97.875686"></trkpt>
      <trkpt lat="30.650286" lon="-97.875241"></trkpt>
      <trkpt lat="30.649554" lon="-97.874934"></trkpt>
      <trkpt lat="30.648040" lon="-97.874303"></trkpt>
      <trkpt lat="30.644369" lon="-97.872770"></trkpt>
      <trkpt lat="30.644009" lon="-97.872620"></trkpt>
      <trkpt lat="30.643808" lon="-97.872537"></trkpt>
      <trkpt lat="30.643456" lon="-97.872388"></trkpt>
      <trkpt lat="30.643106" lon="-97.872240"></trkpt>
      <trkpt lat="30.642658" lon="-97.872022"></trkpt>
      <trkpt lat="30.641495" lon="-97.871395"></trkpt>
      <trkpt lat="30.639642" lon="-97.870222"></trkpt>
      <trkpt lat="30.639136" lon="-97.869886"></trkpt>
      <trkpt lat="30.638575" lon="-97.869514"></trkpt>
      <trkpt lat="30.637843" lon="-97.869100"></trkpt>
      <trkpt lat="30.637352" lon="-97.868824"></trkpt>
      <trkpt lat="30.636708" lon="-97.868516"></trkpt>
      <trkpt lat="30.635823" lon="-97.868121"></trkpt>
      <trkpt lat="30.635776" lon="-97.868100"></trkpt>
      <trkpt lat="30.633833" lon="-97.867315"></trkpt>
      <trkpt lat="30.633686" lon="-97.867252"></trkpt>
      <trkpt lat="30.633084" lon="-97.866993"></trkpt>
      <trkpt lat="30.632351" lon="-97.866690"></trkpt>
      <trkpt lat="30.631669" lon="-97.866409"></trkpt>
      <trkpt lat="30.630014" lon="-97.865725"></trkpt>
      <trkpt lat="30.629516" lon="-97.865487"></trkpt>
      <trkpt lat="30.629003" lon="-97.865293"></trkpt>
      <trkpt lat="30.628680" lon="-97.865160"></trkpt>
      <trkpt lat="30.628625" lon="-97.865137"></trkpt>
      <trkpt lat="30.628470" lon="-97.865073"></trkpt>
      <trkpt lat="30.627952" lon="-97.864848"></trkpt>
      <trkpt lat="30.627845" lon="-97.864802"></trkpt>
      <trkpt lat="30.627106" lon="-97.864502"></trkpt>
      <trkpt lat="30.626696" lon="-97.864292"></trkpt>
      <trkpt lat="30.626018" lon="-97.863945"></trkpt>
      <trkpt lat="30.625232" lon="-97.863543"></trkpt>
      <trkpt lat="30.625105" lon="-97.863475"></trkpt>
      <trkpt lat="30.624389" lon="-97.863112"></trkpt>
      <trkpt lat="30.623991" lon="-97.862910"></trkpt>
      <trkpt lat="30.623750" lon="-97.862788"></trkpt>
      <trkpt lat="30.623671" lon="-97.862743"></trkpt>
      <trkpt lat="30.623031" lon="-97.862421"></trkpt>
      <trkpt lat="30.621516" lon="-97.861668"></trkpt>
      <trkpt lat="30.620354" lon="-97.861063"></trkpt>
      <trkpt lat="30.619552" lon="-97.860684"></trkpt>
      <trkpt lat="30.619172" lon="-97.860529"></trkpt>
      <trkpt lat="30.618827" lon="-97.860430"></trkpt>
      <trkpt lat="30.618682" lon="-97.860393"></trkpt>
      <trkpt lat="30.618364" lon="-97.860313"></trkpt>
      <trkpt lat="30.617964" lon="-97.860240"></trkpt>
      <trkpt lat="30.617491" lon="-97.860188"></trkpt>
      <trkpt lat="30.617023" lon="-97.860186"></trkpt>
      <trkpt lat="30.616535" lon="-97.860222"></trkpt>
      <trkpt lat="30.616096" lon="-97.860275"></trkpt>
      <trkpt lat="30.612600" lon="-97.860876"></trkpt>
      <trkpt lat="30.611252" lon="-97.861108"></trkpt>
      <trkpt lat="30.610741" lon="-97.861184"></trkpt>
      <trkpt lat="30.610343" lon="-97.861227"></trkpt>
      <trkpt lat="30.610289" lon="-97.861230"></trkpt>
      <trkpt lat="30.609852" lon="-97.861257"></trkpt>
      <trkpt lat="30.609342" lon="-97.861277"></trkpt>
      <trkpt lat="30.608921" lon="-97.861283"></trkpt>
      <trkpt lat="30.608575" lon="-97.861272"></trkpt>
      <trkpt lat="30.608007" lon="-97.861235"></trkpt>
      <trkpt lat="30.607496" lon="-97.861187"></trkpt>
      <trkpt lat="30.607235" lon="-97.861146"></trkpt>
      <trkpt lat="30.606326" lon="-97.861005"></trkpt>
      <trkpt lat="30.605804" lon="-97.860875"></trkpt>
      <trkpt lat="30.605668" lon="-97.860840"></trkpt>
      <trkpt lat="30.605436" lon="-97.860779"></trkpt>
      <trkpt lat="30.605348" lon="-97.861123"></trkpt>
      <trkpt lat="30.605330" lon="-97.861169"></trkpt>
      <trkpt lat="30.605294" lon="-97.861248"></trkpt>
      <trkpt lat="30.605202" lon="-97.861379"></trkpt>
      <trkpt lat="30.605148" lon="-97.861445"></trkpt>
      <trkpt lat="30.605097" lon="-97.861496"></trkpt>
      <trkpt lat="30.604979" lon="-97.861588"></trkpt>
      <trkpt lat="30.604953" lon="-97.861607"></trkpt>
      <trkpt lat="30.604889" lon="-97.861644"></trkpt>
      <trkpt lat="30.604819" lon="-97.861670"></trkpt>
      <trkpt lat="30.604761" lon="-97.861693"></trkpt>
      <trkpt lat="30.604720" lon="-97.861705"></trkpt>
      <trkpt lat="30.604654" lon="-97.861717"></trkpt>
      <trkpt lat="30.604442" lon="-97.861732"></trkpt>
      <trkpt lat="30.604371" lon="-97.861726"></trkpt>
      <trkpt lat="30.604301" lon="-97.861712"></trkpt>
      <trkpt lat="30.604186" lon="-97.861683"></trkpt>
      <trkpt lat="30.604058" lon="-97.861638"></trkpt>
      <trkpt lat="30.603873" lon="-97.861567"></trkpt>
      <trkpt lat="30.603679" lon="-97.861499"></trkpt>
      <trkpt lat="30.603473" lon="-97.861407"></trkpt>
      <trkpt lat="30.603261" lon="-97.861296"></trkpt>
      <trkpt lat="30.603217" lon="-97.861279"></trkpt>
      <trkpt lat="30.603009" lon="-97.861209"></trkpt>
      <trkpt lat="30.602695" lon="-97.861120"></trkpt>
      <trkpt lat="30.602644" lon="-97.861108"></trkpt>
      <trkpt lat="30.602259" lon="-97.861022"></trkpt>
      <trkpt lat="30.601996" lon="-97.861014"></trkpt>
      <trkpt lat="30.601956" lon="-97.861013"></trkpt>
      <trkpt lat="30.601565" lon="-97.861030"></trkpt>
      <trkpt lat="30.601538" lon="-97.861037"></trkpt>
      <trkpt lat="30.601129" lon="-97.861133"></trkpt>
      <trkpt lat="30.600781" lon="-97.861263"></trkpt>
      <trkpt lat="30.600759" lon="-97.861271"></trkpt>
      <trkpt lat="30.600261" lon="-97.861545"></trkpt>
      <trkpt lat="30.599951" lon="-97.861709"></trkpt>
      <trkpt lat="30.599728" lon="-97.861812"></trkpt>
      <trkpt lat="30.599588" lon="-97.861869"></trkpt>
      <trkpt lat="30.599482" lon="-97.861907"></trkpt>
      <trkpt lat="30.599371" lon="-97.861940"></trkpt>
      <trkpt lat="30.599259" lon="-97.861970"></trkpt>
      <trkpt lat="30.599156" lon="-97.861992"></trkpt>
      <trkpt lat="30.599051" lon="-97.862008"></trkpt>
      <trkpt lat="30.598933" lon="-97.862025"></trkpt>
      <trkpt lat="30.598803" lon="-97.862038"></trkpt>
      <trkpt lat="30.598661" lon="-97.862043"></trkpt>
      <trkpt lat="30.598520" lon="-97.862046"></trkpt>
      <trkpt lat="30.598405" lon="-97.862042"></trkpt>
      <trkpt lat="30.598296" lon="-97.862034"></trkpt>
      <trkpt lat="30.598172" lon="-97.862019"></trkpt>
      <trkpt lat="30.598067" lon="-97.861997"></trkpt>
      <trkpt lat="30.597956" lon="-97.861971"></trkpt>
      <trkpt lat="30.597842" lon="-97.861938"></trkpt>
      <trkpt lat="30.597651" lon="-97.861874"></trkpt>
      <trkpt lat="30.597548" lon="-97.861833"></trkpt>
      <trkpt lat="30.597411" lon="-97.861775"></trkpt>
      <trkpt lat="30.597276" lon="-97.861707"></trkpt>
      <trkpt lat="30.597144" lon="-97.861631"></trkpt>
      <trkpt lat="30.596997" lon="-97.861537"></trkpt>
      <trkpt lat="30.596835" lon="-97.861419"></trkpt>
      <trkpt lat="30.596653" lon="-97.861270"></trkpt>
      <trkpt lat="30.596488" lon="-97.861129"></trkpt>
      <trkpt lat="30.596081" lon="-97.860763"></trkpt>
      <trkpt lat="30.595963" lon="-97.860662"></trkpt>
      <trkpt lat="30.595834" lon="-97.860561"></trkpt>
      <trkpt lat="30.595695" lon="-97.860461"></trkpt>
      <trkpt lat="30.595560" lon="-97.860376"></trkpt>
      <trkpt lat="30.595432" lon="-97.860297"></trkpt>
      <trkpt lat="30.595263" lon="-97.860203"></trkpt>
      <trkpt lat="30.595136" lon="-97.860139"></trkpt>
      <trkpt lat="30.594993" lon="-97.860074"></trkpt>
      <trkpt lat="30.594621" lon="-97.859915"></trkpt>
      <trkpt lat="30.593743" lon="-97.859540"></trkpt>
      <trkpt lat="30.592703" lon="-97.859123"></trkpt>
      <trkpt lat="30.592053" lon="-97.858861"></trkpt>
      <trkpt lat="30.591548" lon="-97.858649"></trkpt>
      <trkpt lat="30.590116" lon="-97.858055"></trkpt>
      <trkpt lat="30.589758" lon="-97.857906"></trkpt>
      <trkpt lat="30.589484" lon="-97.857793"></trkpt>
      <trkpt lat="30.588714" lon="-97.857475"></trkpt>
      <trkpt lat="30.588394" lon="-97.857343"></trkpt>
      <trkpt lat="30.588153" lon="-97.857243"></trkpt>
      <trkpt lat="30.587986" lon="-97.857172"></trkpt>
      <trkpt lat="30.587686" lon="-97.857029"></trkpt>
      <trkpt lat="30.587463" lon="-97.856904"></trkpt>
      <trkpt lat="30.587367" lon="-97.856850"></trkpt>
      <trkpt lat="30.587022" lon="-97.856638"></trkpt>
      <trkpt lat="30.586657" lon="-97.856399"></trkpt>
      <trkpt lat="30.586423" lon="-97.856223"></trkpt>
      <trkpt lat="30.586020" lon="-97.855962"></trkpt>
      <trkpt lat="30.585798" lon="-97.855835"></trkpt>
      <trkpt lat="30.585582" lon="-97.855728"></trkpt>
      <trkpt lat="30.585312" lon="-97.855614"></trkpt>
      <trkpt lat="30.584818" lon="-97.855414"></trkpt>
      <trkpt lat="30.584209" lon="-97.855169"></trkpt>
      <trkpt lat="30.583793" lon="-97.854997"></trkpt>
      <trkpt lat="30.583186" lon="-97.854747"></trkpt>
      <trkpt lat="30.583048" lon="-97.854691"></trkpt>
    </trkseg>
  </trk>
</gpx>
