<?xml version="1.0" encoding="UTF-8"?>
<gpx version="1.1" creator="Antigravity Route Curation" xmlns="http://www.topografix.com/GPX/1/1">
  <trk>
    <name>Saturday Dawn Lake Travis Loop</name>
    <trkseg>
      <trkpt lat="30.515779" lon="-97.870220"></trkpt>
      <trkpt lat="30.515689" lon="-97.870778"></trkpt>
      <trkpt lat="30.515547" lon="-97.871324"></trkpt>
      <trkpt lat="30.515377" lon="-97.871855"></trkpt>
      <trkpt lat="30.515365" lon="-97.871904"></trkpt>
      <trkpt lat="30.514932" lon="-97.873230"></trkpt>
      <trkpt lat="30.514351" lon="-97.875005"></trkpt>
      <trkpt lat="30.513768" lon="-97.876771"></trkpt>
      <trkpt lat="30.513744" lon="-97.876844"></trkpt>
      <trkpt lat="30.513525" lon="-97.877516"></trkpt>
      <trkpt lat="30.513301" lon="-97.878203"></trkpt>
      <trkpt lat="30.513063" lon="-97.878917"></trkpt>
      <trkpt lat="30.512964" lon="-97.879207"></trkpt>
      <trkpt lat="30.512947" lon="-97.879254"></trkpt>
      <trkpt lat="30.512737" lon="-97.879855"></trkpt>
      <trkpt lat="30.512565" lon="-97.880389"></trkpt>
      <trkpt lat="30.512232" lon="-97.881445"></trkpt>
      <trkpt lat="30.512105" lon="-97.881848"></trkpt>
      <trkpt lat="30.511992" lon="-97.882350"></trkpt>
      <trkpt lat="30.511932" lon="-97.882832"></trkpt>
      <trkpt lat="30.511934" lon="-97.883236"></trkpt>
      <trkpt lat="30.511979" lon="-97.883649"></trkpt>
      <trkpt lat="30.512051" lon="-97.884035"></trkpt>
      <trkpt lat="30.512143" lon="-97.884405"></trkpt>
      <trkpt lat="30.512387" lon="-97.884994"></trkpt>
      <trkpt lat="30.512649" lon="-97.885415"></trkpt>
      <trkpt lat="30.512664" lon="-97.885437"></trkpt>
      <trkpt lat="30.512968" lon="-97.885886"></trkpt>
      <trkpt lat="30.513425" lon="-97.886308"></trkpt>
      <trkpt lat="30.513740" lon="-97.886532"></trkpt>
      <trkpt lat="30.514079" lon="-97.886718"></trkpt>
      <trkpt lat="30.514360" lon="-97.886830"></trkpt>
      <trkpt lat="30.514749" lon="-97.886986"></trkpt>
      <trkpt lat="30.515098" lon="-97.887165"></trkpt>
      <trkpt lat="30.515398" lon="-97.887317"></trkpt>
      <trkpt lat="30.515729" lon="-97.887549"></trkpt>
      <trkpt lat="30.515785" lon="-97.887610"></trkpt>
      <trkpt lat="30.515979" lon="-97.887817"></trkpt>
      <trkpt lat="30.516128" lon="-97.888037"></trkpt>
      <trkpt lat="30.517073" lon="-97.889112"></trkpt>
      <trkpt lat="30.517244" lon="-97.889306"></trkpt>
      <trkpt lat="30.517392" lon="-97.889495"></trkpt>
      <trkpt lat="30.517529" lon="-97.889737"></trkpt>
      <trkpt lat="30.517717" lon="-97.890124"></trkpt>
      <trkpt lat="30.517903" lon="-97.890639"></trkpt>
      <trkpt lat="30.517967" lon="-97.890964"></trkpt>
      <trkpt lat="30.518006" lon="-97.891162"></trkpt>
      <trkpt lat="30.518370" lon="-97.893535"></trkpt>
      <trkpt lat="30.518537" lon="-97.894212"></trkpt>
      <trkpt lat="30.518797" lon="-97.894950"></trkpt>
      <trkpt lat="30.519057" lon="-97.895539"></trkpt>
      <trkpt lat="30.519528" lon="-97.896602"></trkpt>
      <trkpt lat="30.519583" lon="-97.896699"></trkpt>
      <trkpt lat="30.519671" lon="-97.896910"></trkpt>
      <trkpt lat="30.519733" lon="-97.897054"></trkpt>
      <trkpt lat="30.519837" lon="-97.897308"></trkpt>
      <trkpt lat="30.519851" lon="-97.897374"></trkpt>
      <trkpt lat="30.519919" lon="-97.897640"></trkpt>
      <trkpt lat="30.519946" lon="-97.897968"></trkpt>
      <trkpt lat="30.519927" lon="-97.898363"></trkpt>
      <trkpt lat="30.519851" lon="-97.898737"></trkpt>
      <trkpt lat="30.519272" lon="-97.900602"></trkpt>
      <trkpt lat="30.519011" lon="-97.901673"></trkpt>
      <trkpt lat="30.518944" lon="-97.901964"></trkpt>
      <trkpt lat="30.518780" lon="-97.902731"></trkpt>
      <trkpt lat="30.518725" lon="-97.902988"></trkpt>
      <trkpt lat="30.518666" lon="-97.903240"></trkpt>
      <trkpt lat="30.518615" lon="-97.903424"></trkpt>
      <trkpt lat="30.518470" lon="-97.904004"></trkpt>
      <trkpt lat="30.518301" lon="-97.904794"></trkpt>
      <trkpt lat="30.518211" lon="-97.905088"></trkpt>
      <trkpt lat="30.518068" lon="-97.905538"></trkpt>
      <trkpt lat="30.517956" lon="-97.905818"></trkpt>
      <trkpt lat="30.517762" lon="-97.906217"></trkpt>
      <trkpt lat="30.517611" lon="-97.906471"></trkpt>
      <trkpt lat="30.517458" lon="-97.906728"></trkpt>
      <trkpt lat="30.517276" lon="-97.907033"></trkpt>
      <trkpt lat="30.516603" lon="-97.908189"></trkpt>
      <trkpt lat="30.516489" lon="-97.908399"></trkpt>
      <trkpt lat="30.516176" lon="-97.908973"></trkpt>
      <trkpt lat="30.516119" lon="-97.909077"></trkpt>
      <trkpt lat="30.515917" lon="-97.909369"></trkpt>
      <trkpt lat="30.515686" lon="-97.909604"></trkpt>
      <trkpt lat="30.515548" lon="-97.909714"></trkpt>
      <trkpt lat="30.515362" lon="-97.909836"></trkpt>
      <trkpt lat="30.514409" lon="-97.910248"></trkpt>
      <trkpt lat="30.513443" lon="-97.910656"></trkpt>
      <trkpt lat="30.512047" lon="-97.911291"></trkpt>
      <trkpt lat="30.511901" lon="-97.911358"></trkpt>
      <trkpt lat="30.511620" lon="-97.911487"></trkpt>
      <trkpt lat="30.511132" lon="-97.911727"></trkpt>
      <trkpt lat="30.510425" lon="-97.911956"></trkpt>
      <trkpt lat="30.510326" lon="-97.911988"></trkpt>
      <trkpt lat="30.510128" lon="-97.912036"></trkpt>
      <trkpt lat="30.509959" lon="-97.912076"></trkpt>
      <trkpt lat="30.509559" lon="-97.912148"></trkpt>
      <trkpt lat="30.508012" lon="-97.912426"></trkpt>
      <trkpt lat="30.507879" lon="-97.912450"></trkpt>
      <trkpt lat="30.507140" lon="-97.912702"></trkpt>
      <trkpt lat="30.506487" lon="-97.912956"></trkpt>
      <trkpt lat="30.506341" lon="-97.913023"></trkpt>
      <trkpt lat="30.505907" lon="-97.913223"></trkpt>
      <trkpt lat="30.505388" lon="-97.913548"></trkpt>
      <trkpt lat="30.504841" lon="-97.913921"></trkpt>
      <trkpt lat="30.504374" lon="-97.914293"></trkpt>
      <trkpt lat="30.503959" lon="-97.914742"></trkpt>
      <trkpt lat="30.503422" lon="-97.915395"></trkpt>
      <trkpt lat="30.503316" lon="-97.915566"></trkpt>
      <trkpt lat="30.503124" lon="-97.916062"></trkpt>
      <trkpt lat="30.503041" lon="-97.916403"></trkpt>
      <trkpt lat="30.503029" lon="-97.916454"></trkpt>
      <trkpt lat="30.503001" lon="-97.916746"></trkpt>
      <trkpt lat="30.503001" lon="-97.917147"></trkpt>
      <trkpt lat="30.503005" lon="-97.917215"></trkpt>
      <trkpt lat="30.503081" lon="-97.918451"></trkpt>
      <trkpt lat="30.503076" lon="-97.918799"></trkpt>
      <trkpt lat="30.503025" lon="-97.919096"></trkpt>
      <trkpt lat="30.502944" lon="-97.919382"></trkpt>
      <trkpt lat="30.502830" lon="-97.919651"></trkpt>
      <trkpt lat="30.502607" lon="-97.919994"></trkpt>
      <trkpt lat="30.502399" lon="-97.920266"></trkpt>
      <trkpt lat="30.502208" lon="-97.920459"></trkpt>
      <trkpt lat="30.501822" lon="-97.920709"></trkpt>
      <trkpt lat="30.501138" lon="-97.921119"></trkpt>
      <trkpt lat="30.500605" lon="-97.921481"></trkpt>
      <trkpt lat="30.499884" lon="-97.921989"></trkpt>
      <trkpt lat="30.499092" lon="-97.922513"></trkpt>
      <trkpt lat="30.498803" lon="-97.922723"></trkpt>
      <trkpt lat="30.498453" lon="-97.922936"></trkpt>
      <trkpt lat="30.498284" lon="-97.923018"></trkpt>
      <trkpt lat="30.498142" lon="-97.923087"></trkpt>
      <trkpt lat="30.497419" lon="-97.923438"></trkpt>
      <trkpt lat="30.497117" lon="-97.923585"></trkpt>
      <trkpt lat="30.496741" lon="-97.923752"></trkpt>
      <trkpt lat="30.496531" lon="-97.923844"></trkpt>
      <trkpt lat="30.496264" lon="-97.923982"></trkpt>
      <trkpt lat="30.495475" lon="-97.924349"></trkpt>
      <trkpt lat="30.495122" lon="-97.924504"></trkpt>
      <trkpt lat="30.494827" lon="-97.924570"></trkpt>
      <trkpt lat="30.494613" lon="-97.924579"></trkpt>
      <trkpt lat="30.494533" lon="-97.924576"></trkpt>
      <trkpt lat="30.494453" lon="-97.924573"></trkpt>
      <trkpt lat="30.494238" lon="-97.924513"></trkpt>
      <trkpt lat="30.494024" lon="-97.924425"></trkpt>
      <trkpt lat="30.493848" lon="-97.924342"></trkpt>
      <trkpt lat="30.493287" lon="-97.924095"></trkpt>
      <trkpt lat="30.493078" lon="-97.924003"></trkpt>
      <trkpt lat="30.492722" lon="-97.923846"></trkpt>
      <trkpt lat="30.492371" lon="-97.923744"></trkpt>
      <trkpt lat="30.492136" lon="-97.923688"></trkpt>
      <trkpt lat="30.491944" lon="-97.923678"></trkpt>
      <trkpt lat="30.491756" lon="-97.923701"></trkpt>
      <trkpt lat="30.491388" lon="-97.923802"></trkpt>
      <trkpt lat="30.491060" lon="-97.923966"></trkpt>
      <trkpt lat="30.490994" lon="-97.924013"></trkpt>
      <trkpt lat="30.490676" lon="-97.924221"></trkpt>
      <trkpt lat="30.490448" lon="-97.924450"></trkpt>
      <trkpt lat="30.490243" lon="-97.924748"></trkpt>
      <trkpt lat="30.490085" lon="-97.925068"></trkpt>
      <trkpt lat="30.489444" lon="-97.926791"></trkpt>
      <trkpt lat="30.489226" lon="-97.927364"></trkpt>
      <trkpt lat="30.489104" lon="-97.927696"></trkpt>
      <trkpt lat="30.489044" lon="-97.927832"></trkpt>
      <trkpt lat="30.488898" lon="-97.928096"></trkpt>
      <trkpt lat="30.488693" lon="-97.928379"></trkpt>
      <trkpt lat="30.488429" lon="-97.928667"></trkpt>
      <trkpt lat="30.488084" lon="-97.928943"></trkpt>
      <trkpt lat="30.487896" lon="-97.929054"></trkpt>
      <trkpt lat="30.487632" lon="-97.929191"></trkpt>
      <trkpt lat="30.487169" lon="-97.929323"></trkpt>
      <trkpt lat="30.486705" lon="-97.929453"></trkpt>
      <trkpt lat="30.486533" lon="-97.929508"></trkpt>
      <trkpt lat="30.486365" lon="-97.929575"></trkpt>
      <trkpt lat="30.486009" lon="-97.929762"></trkpt>
      <trkpt lat="30.485946" lon="-97.929799"></trkpt>
      <trkpt lat="30.485789" lon="-97.929892"></trkpt>
      <trkpt lat="30.485395" lon="-97.930127"></trkpt>
      <trkpt lat="30.484897" lon="-97.930422"></trkpt>
      <trkpt lat="30.483952" lon="-97.931017"></trkpt>
      <trkpt lat="30.483264" lon="-97.931550"></trkpt>
      <trkpt lat="30.483239" lon="-97.931570"></trkpt>
      <trkpt lat="30.482891" lon="-97.931856"></trkpt>
      <trkpt lat="30.482630" lon="-97.932163"></trkpt>
      <trkpt lat="30.482353" lon="-97.932569"></trkpt>
      <trkpt lat="30.482182" lon="-97.932944"></trkpt>
      <trkpt lat="30.482034" lon="-97.933373"></trkpt>
      <trkpt lat="30.482001" lon="-97.933563"></trkpt>
      <trkpt lat="30.481963" lon="-97.933779"></trkpt>
      <trkpt lat="30.481935" lon="-97.934063"></trkpt>
      <trkpt lat="30.481938" lon="-97.934236"></trkpt>
      <trkpt lat="30.481951" lon="-97.934870"></trkpt>
      <trkpt lat="30.481976" lon="-97.935272"></trkpt>
      <trkpt lat="30.481950" lon="-97.935757"></trkpt>
      <trkpt lat="30.481895" lon="-97.936239"></trkpt>
      <trkpt lat="30.481761" lon="-97.936749"></trkpt>
      <trkpt lat="30.481574" lon="-97.937259"></trkpt>
      <trkpt lat="30.481128" lon="-97.938471"></trkpt>
      <trkpt lat="30.480735" lon="-97.939541"></trkpt>
      <trkpt lat="30.480476" lon="-97.940339"></trkpt>
      <trkpt lat="30.480085" lon="-97.941833"></trkpt>
      <trkpt lat="30.479584" lon="-97.943751"></trkpt>
      <trkpt lat="30.479370" lon="-97.944684"></trkpt>
      <trkpt lat="30.478794" lon="-97.947004"></trkpt>
      <trkpt lat="30.478612" lon="-97.947870"></trkpt>
      <trkpt lat="30.478327" lon="-97.949230"></trkpt>
      <trkpt lat="30.478204" lon="-97.949749"></trkpt>
      <trkpt lat="30.477766" lon="-97.951591"></trkpt>
      <trkpt lat="30.477684" lon="-97.951930"></trkpt>
      <trkpt lat="30.477666" lon="-97.952006"></trkpt>
      <trkpt lat="30.477432" lon="-97.953036"></trkpt>
      <trkpt lat="30.477340" lon="-97.953436"></trkpt>
      <trkpt lat="30.477008" lon="-97.954893"></trkpt>
      <trkpt lat="30.476976" lon="-97.955033"></trkpt>
      <trkpt lat="30.476952" lon="-97.955139"></trkpt>
      <trkpt lat="30.476854" lon="-97.955570"></trkpt>
      <trkpt lat="30.476796" lon="-97.955840"></trkpt>
      <trkpt lat="30.476736" lon="-97.956087"></trkpt>
      <trkpt lat="30.476601" lon="-97.956675"></trkpt>
      <trkpt lat="30.476506" lon="-97.957048"></trkpt>
      <trkpt lat="30.476403" lon="-97.957376"></trkpt>
      <trkpt lat="30.476288" lon="-97.957674"></trkpt>
      <trkpt lat="30.476167" lon="-97.957964"></trkpt>
      <trkpt lat="30.476016" lon="-97.958283"></trkpt>
      <trkpt lat="30.475888" lon="-97.958513"></trkpt>
      <trkpt lat="30.475688" lon="-97.958865"></trkpt>
      <trkpt lat="30.475659" lon="-97.958915"></trkpt>
      <trkpt lat="30.475356" lon="-97.959321"></trkpt>
      <trkpt lat="30.473717" lon="-97.960964"></trkpt>
      <trkpt lat="30.473377" lon="-97.961350"></trkpt>
      <trkpt lat="30.473116" lon="-97.961670"></trkpt>
      <trkpt lat="30.472824" lon="-97.962147"></trkpt>
      <trkpt lat="30.472605" lon="-97.962660"></trkpt>
      <trkpt lat="30.472321" lon="-97.963543"></trkpt>
      <trkpt lat="30.471528" lon="-97.966350"></trkpt>
      <trkpt lat="30.471489" lon="-97.966483"></trkpt>
      <trkpt lat="30.471215" lon="-97.967435"></trkpt>
      <trkpt lat="30.470902" lon="-97.968554"></trkpt>
      <trkpt lat="30.470824" lon="-97.969062"></trkpt>
      <trkpt lat="30.470813" lon="-97.969557"></trkpt>
      <trkpt lat="30.470887" lon="-97.970158"></trkpt>
      <trkpt lat="30.471008" lon="-97.970620"></trkpt>
      <trkpt lat="30.471109" lon="-97.970974"></trkpt>
      <trkpt lat="30.471304" lon="-97.971318"></trkpt>
      <trkpt lat="30.472150" lon="-97.972515"></trkpt>
      <trkpt lat="30.472154" lon="-97.972522"></trkpt>
      <trkpt lat="30.472422" lon="-97.972862"></trkpt>
      <trkpt lat="30.472933" lon="-97.973561"></trkpt>
      <trkpt lat="30.473031" lon="-97.973695"></trkpt>
      <trkpt lat="30.473329" lon="-97.973966"></trkpt>
      <trkpt lat="30.473366" lon="-97.973999"></trkpt>
      <trkpt lat="30.473452" lon="-97.974068"></trkpt>
      <trkpt lat="30.473755" lon="-97.974284"></trkpt>
      <trkpt lat="30.473763" lon="-97.974289"></trkpt>
      <trkpt lat="30.474151" lon="-97.974450"></trkpt>
      <trkpt lat="30.474560" lon="-97.974549"></trkpt>
      <trkpt lat="30.474717" lon="-97.974569"></trkpt>
      <trkpt lat="30.475000" lon="-97.974605"></trkpt>
      <trkpt lat="30.475048" lon="-97.974611"></trkpt>
      <trkpt lat="30.475362" lon="-97.974630"></trkpt>
      <trkpt lat="30.475445" lon="-97.974640"></trkpt>
      <trkpt lat="30.476026" lon="-97.974710"></trkpt>
      <trkpt lat="30.476157" lon="-97.974726"></trkpt>
      <trkpt lat="30.476888" lon="-97.974815"></trkpt>
      <trkpt lat="30.477501" lon="-97.974939"></trkpt>
      <trkpt lat="30.477727" lon="-97.975014"></trkpt>
      <trkpt lat="30.478029" lon="-97.975114"></trkpt>
      <trkpt lat="30.479058" lon="-97.975429"></trkpt>
      <trkpt lat="30.479306" lon="-97.975520"></trkpt>
      <trkpt lat="30.479610" lon="-97.975655"></trkpt>
      <trkpt lat="30.480014" lon="-97.975877"></trkpt>
      <trkpt lat="30.480111" lon="-97.975952"></trkpt>
      <trkpt lat="30.480358" lon="-97.976143"></trkpt>
      <trkpt lat="30.480726" lon="-97.976499"></trkpt>
      <trkpt lat="30.481452" lon="-97.977470"></trkpt>
      <trkpt lat="30.481636" lon="-97.977672"></trkpt>
      <trkpt lat="30.481957" lon="-97.977884"></trkpt>
      <trkpt lat="30.482289" lon="-97.978024"></trkpt>
      <trkpt lat="30.482556" lon="-97.978077"></trkpt>
      <trkpt lat="30.482926" lon="-97.978076"></trkpt>
      <trkpt lat="30.483212" lon="-97.978025"></trkpt>
      <trkpt lat="30.483518" lon="-97.977905"></trkpt>
      <trkpt lat="30.483768" lon="-97.977780"></trkpt>
      <trkpt lat="30.483980" lon="-97.977591"></trkpt>
      <trkpt lat="30.484006" lon="-97.977565"></trkpt>
      <trkpt lat="30.484245" lon="-97.977318"></trkpt>
      <trkpt lat="30.485024" lon="-97.976322"></trkpt>
      <trkpt lat="30.485930" lon="-97.975237"></trkpt>
      <trkpt lat="30.486136" lon="-97.975044"></trkpt>
      <trkpt lat="30.486358" lon="-97.974917"></trkpt>
      <trkpt lat="30.486594" lon="-97.974827"></trkpt>
      <trkpt lat="30.486868" lon="-97.974775"></trkpt>
      <trkpt lat="30.487060" lon="-97.974788"></trkpt>
      <trkpt lat="30.487310" lon="-97.974836"></trkpt>
      <trkpt lat="30.487471" lon="-97.974898"></trkpt>
      <trkpt lat="30.487759" lon="-97.975074"></trkpt>
      <trkpt lat="30.488231" lon="-97.975511"></trkpt>
      <trkpt lat="30.488739" lon="-97.976024"></trkpt>
      <trkpt lat="30.489061" lon="-97.976393"></trkpt>
      <trkpt lat="30.489464" lon="-97.977001"></trkpt>
      <trkpt lat="30.489560" lon="-97.977133"></trkpt>
      <trkpt lat="30.489826" lon="-97.977565"></trkpt>
      <trkpt lat="30.490613" lon="-97.978794"></trkpt>
      <trkpt lat="30.490825" lon="-97.979029"></trkpt>
      <trkpt lat="30.491066" lon="-97.979219"></trkpt>
      <trkpt lat="30.491326" lon="-97.979368"></trkpt>
      <trkpt lat="30.491572" lon="-97.979443"></trkpt>
      <trkpt lat="30.491906" lon="-97.979507"></trkpt>
      <trkpt lat="30.492588" lon="-97.979546"></trkpt>
      <trkpt lat="30.492896" lon="-97.979559"></trkpt>
      <trkpt lat="30.493310" lon="-97.979540"></trkpt>
      <trkpt lat="30.493655" lon="-97.979500"></trkpt>
      <trkpt lat="30.493986" lon="-97.979436"></trkpt>
      <trkpt lat="30.494448" lon="-97.979304"></trkpt>
      <trkpt lat="30.495154" lon="-97.979057"></trkpt>
      <trkpt lat="30.495448" lon="-97.979002"></trkpt>
      <trkpt lat="30.495736" lon="-97.978992"></trkpt>
      <trkpt lat="30.495896" lon="-97.979011"></trkpt>
      <trkpt lat="30.496246" lon="-97.979106"></trkpt>
      <trkpt lat="30.496479" lon="-97.979194"></trkpt>
      <trkpt lat="30.496691" lon="-97.979299"></trkpt>
      <trkpt lat="30.497053" lon="-97.979573"></trkpt>
      <trkpt lat="30.497221" lon="-97.979728"></trkpt>
      <trkpt lat="30.497366" lon="-97.979924"></trkpt>
      <trkpt lat="30.497896" lon="-97.980840"></trkpt>
      <trkpt lat="30.498038" lon="-97.981186"></trkpt>
      <trkpt lat="30.498114" lon="-97.981507"></trkpt>
      <trkpt lat="30.498117" lon="-97.981743"></trkpt>
      <trkpt lat="30.498076" lon="-97.982115"></trkpt>
      <trkpt lat="30.497996" lon="-97.982420"></trkpt>
      <trkpt lat="30.497831" lon="-97.982757"></trkpt>
      <trkpt lat="30.497400" lon="-97.983360"></trkpt>
      <trkpt lat="30.497243" lon="-97.983694"></trkpt>
      <trkpt lat="30.497147" lon="-97.984016"></trkpt>
      <trkpt lat="30.497098" lon="-97.984362"></trkpt>
      <trkpt lat="30.497081" lon="-97.984738"></trkpt>
      <trkpt lat="30.497106" lon="-97.985066"></trkpt>
      <trkpt lat="30.497189" lon="-97.985441"></trkpt>
      <trkpt lat="30.497365" lon="-97.985853"></trkpt>
      <trkpt lat="30.497496" lon="-97.986102"></trkpt>
      <trkpt lat="30.497716" lon="-97.986382"></trkpt>
      <trkpt lat="30.498151" lon="-97.986748"></trkpt>
      <trkpt lat="30.498735" lon="-97.987140"></trkpt>
      <trkpt lat="30.499065" lon="-97.987368"></trkpt>
      <trkpt lat="30.499400" lon="-97.987646"></trkpt>
      <trkpt lat="30.500028" lon="-97.988310"></trkpt>
      <trkpt lat="30.500176" lon="-97.988466"></trkpt>
      <trkpt lat="30.500421" lon="-97.988630"></trkpt>
      <trkpt lat="30.500722" lon="-97.988742"></trkpt>
      <trkpt lat="30.500997" lon="-97.988758"></trkpt>
      <trkpt lat="30.501374" lon="-97.988720"></trkpt>
      <trkpt lat="30.501779" lon="-97.988691"></trkpt>
      <trkpt lat="30.502034" lon="-97.988706"></trkpt>
      <trkpt lat="30.502276" lon="-97.988768"></trkpt>
      <trkpt lat="30.502622" lon="-97.988925"></trkpt>
      <trkpt lat="30.502949" lon="-97.989140"></trkpt>
      <trkpt lat="30.503147" lon="-97.989356"></trkpt>
      <trkpt lat="30.503312" lon="-97.989564"></trkpt>
      <trkpt lat="30.503799" lon="-97.990349"></trkpt>
      <trkpt lat="30.504011" lon="-97.990621"></trkpt>
      <trkpt lat="30.504350" lon="-97.990960"></trkpt>
      <trkpt lat="30.504737" lon="-97.991234"></trkpt>
      <trkpt lat="30.505036" lon="-97.991457"></trkpt>
      <trkpt lat="30.505231" lon="-97.991679"></trkpt>
      <trkpt lat="30.505426" lon="-97.992017"></trkpt>
      <trkpt lat="30.505539" lon="-97.992343"></trkpt>
      <trkpt lat="30.505699" lon="-97.993112"></trkpt>
      <trkpt lat="30.505872" lon="-97.993602"></trkpt>
      <trkpt lat="30.506051" lon="-97.993963"></trkpt>
      <trkpt lat="30.506534" lon="-97.994777"></trkpt>
      <trkpt lat="30.507030" lon="-97.995669"></trkpt>
      <trkpt lat="30.507179" lon="-97.996083"></trkpt>
      <trkpt lat="30.507245" lon="-97.996381"></trkpt>
      <trkpt lat="30.507294" lon="-97.996735"></trkpt>
      <trkpt lat="30.507284" lon="-97.997098"></trkpt>
      <trkpt lat="30.507242" lon="-97.997470"></trkpt>
      <trkpt lat="30.507108" lon="-97.998063"></trkpt>
      <trkpt lat="30.506963" lon="-97.998427"></trkpt>
      <trkpt lat="30.506794" lon="-97.998678"></trkpt>
      <trkpt lat="30.506539" lon="-97.998938"></trkpt>
      <trkpt lat="30.506147" lon="-97.999160"></trkpt>
      <trkpt lat="30.505015" lon="-97.999650"></trkpt>
      <trkpt lat="30.504709" lon="-97.999817"></trkpt>
      <trkpt lat="30.504520" lon="-97.999966"></trkpt>
      <trkpt lat="30.504303" lon="-98.000211"></trkpt>
      <trkpt lat="30.504171" lon="-98.000466"></trkpt>
      <trkpt lat="30.504032" lon="-98.000793"></trkpt>
      <trkpt lat="30.503963" lon="-98.001098"></trkpt>
      <trkpt lat="30.503954" lon="-98.001402"></trkpt>
      <trkpt lat="30.503952" lon="-98.001472"></trkpt>
      <trkpt lat="30.504001" lon="-98.001829"></trkpt>
      <trkpt lat="30.504133" lon="-98.002217"></trkpt>
      <trkpt lat="30.504873" lon="-98.003638"></trkpt>
      <trkpt lat="30.504968" lon="-98.003822"></trkpt>
      <trkpt lat="30.505520" lon="-98.004938"></trkpt>
      <trkpt lat="30.505666" lon="-98.005240"></trkpt>
      <trkpt lat="30.505787" lon="-98.005589"></trkpt>
      <trkpt lat="30.505841" lon="-98.005910"></trkpt>
      <trkpt lat="30.505850" lon="-98.006325"></trkpt>
      <trkpt lat="30.505818" lon="-98.006648"></trkpt>
      <trkpt lat="30.505690" lon="-98.007108"></trkpt>
      <trkpt lat="30.505404" lon="-98.007717"></trkpt>
      <trkpt lat="30.505091" lon="-98.008302"></trkpt>
      <trkpt lat="30.504664" lon="-98.008925"></trkpt>
      <trkpt lat="30.503435" lon="-98.010340"></trkpt>
      <trkpt lat="30.502864" lon="-98.011052"></trkpt>
      <trkpt lat="30.502576" lon="-98.011571"></trkpt>
      <trkpt lat="30.502220" lon="-98.012286"></trkpt>
      <trkpt lat="30.502129" lon="-98.012467"></trkpt>
      <trkpt lat="30.501940" lon="-98.012882"></trkpt>
      <trkpt lat="30.501803" lon="-98.013278"></trkpt>
      <trkpt lat="30.501707" lon="-98.013643"></trkpt>
      <trkpt lat="30.501651" lon="-98.013937"></trkpt>
      <trkpt lat="30.501612" lon="-98.014229"></trkpt>
      <trkpt lat="30.501587" lon="-98.014411"></trkpt>
      <trkpt lat="30.501580" lon="-98.014508"></trkpt>
      <trkpt lat="30.501575" lon="-98.014666"></trkpt>
      <trkpt lat="30.501581" lon="-98.014999"></trkpt>
      <trkpt lat="30.501660" lon="-98.015976"></trkpt>
      <trkpt lat="30.501690" lon="-98.016279"></trkpt>
      <trkpt lat="30.501730" lon="-98.016495"></trkpt>
      <trkpt lat="30.501799" lon="-98.016698"></trkpt>
      <trkpt lat="30.501869" lon="-98.016887"></trkpt>
      <trkpt lat="30.501937" lon="-98.017006"></trkpt>
      <trkpt lat="30.502029" lon="-98.017166"></trkpt>
      <trkpt lat="30.502236" lon="-98.017444"></trkpt>
      <trkpt lat="30.502633" lon="-98.017780"></trkpt>
      <trkpt lat="30.503397" lon="-98.018222"></trkpt>
      <trkpt lat="30.503523" lon="-98.018321"></trkpt>
      <trkpt lat="30.503614" lon="-98.018392"></trkpt>
      <trkpt lat="30.503771" lon="-98.018548"></trkpt>
      <trkpt lat="30.503839" lon="-98.018616"></trkpt>
      <trkpt lat="30.504008" lon="-98.018854"></trkpt>
      <trkpt lat="30.504139" lon="-98.019108"></trkpt>
      <trkpt lat="30.504265" lon="-98.019449"></trkpt>
      <trkpt lat="30.504309" lon="-98.019636"></trkpt>
      <trkpt lat="30.504350" lon="-98.019812"></trkpt>
      <trkpt lat="30.504415" lon="-98.020327"></trkpt>
      <trkpt lat="30.504492" lon="-98.020729"></trkpt>
      <trkpt lat="30.504629" lon="-98.021166"></trkpt>
      <trkpt lat="30.504825" lon="-98.021632"></trkpt>
      <trkpt lat="30.504902" lon="-98.021817"></trkpt>
      <trkpt lat="30.505015" lon="-98.022124"></trkpt>
      <trkpt lat="30.505096" lon="-98.022430"></trkpt>
      <trkpt lat="30.505112" lon="-98.022796"></trkpt>
      <trkpt lat="30.505102" lon="-98.022857"></trkpt>
      <trkpt lat="30.505079" lon="-98.023021"></trkpt>
      <trkpt lat="30.505037" lon="-98.023275"></trkpt>
      <trkpt lat="30.504959" lon="-98.023761"></trkpt>
      <trkpt lat="30.504940" lon="-98.024117"></trkpt>
      <trkpt lat="30.505001" lon="-98.024511"></trkpt>
      <trkpt lat="30.505105" lon="-98.024907"></trkpt>
      <trkpt lat="30.505411" lon="-98.025772"></trkpt>
      <trkpt lat="30.505501" lon="-98.026096"></trkpt>
      <trkpt lat="30.505553" lon="-98.026388"></trkpt>
      <trkpt lat="30.505678" lon="-98.027948"></trkpt>
      <trkpt lat="30.505813" lon="-98.029417"></trkpt>
      <trkpt lat="30.505901" lon="-98.030005"></trkpt>
      <trkpt lat="30.506015" lon="-98.030417"></trkpt>
      <trkpt lat="30.506243" lon="-98.030997"></trkpt>
      <trkpt lat="30.506765" lon="-98.031912"></trkpt>
      <trkpt lat="30.506962" lon="-98.032257"></trkpt>
      <trkpt lat="30.507110" lon="-98.032516"></trkpt>
      <trkpt lat="30.507668" lon="-98.033618"></trkpt>
      <trkpt lat="30.508046" lon="-98.034268"></trkpt>
      <trkpt lat="30.508292" lon="-98.034556"></trkpt>
      <trkpt lat="30.509626" lon="-98.035684"></trkpt>
      <trkpt lat="30.509810" lon="-98.035913"></trkpt>
      <trkpt lat="30.509935" lon="-98.036118"></trkpt>
      <trkpt lat="30.510037" lon="-98.036320"></trkpt>
      <trkpt lat="30.510163" lon="-98.036693"></trkpt>
      <trkpt lat="30.510211" lon="-98.036909"></trkpt>
      <trkpt lat="30.510289" lon="-98.037270"></trkpt>
      <trkpt lat="30.510454" lon="-98.038029"></trkpt>
      <trkpt lat="30.510699" lon="-98.038873"></trkpt>
      <trkpt lat="30.510851" lon="-98.039248"></trkpt>
      <trkpt lat="30.511064" lon="-98.039629"></trkpt>
      <trkpt lat="30.511352" lon="-98.040031"></trkpt>
      <trkpt lat="30.511725" lon="-98.040356"></trkpt>
      <trkpt lat="30.512036" lon="-98.040598"></trkpt>
      <trkpt lat="30.512485" lon="-98.040836"></trkpt>
      <trkpt lat="30.513800" lon="-98.041397"></trkpt>
      <trkpt lat="30.513904" lon="-98.041440"></trkpt>
      <trkpt lat="30.514568" lon="-98.041714"></trkpt>
      <trkpt lat="30.516770" lon="-98.042668"></trkpt>
      <trkpt lat="30.517088" lon="-98.042824"></trkpt>
      <trkpt lat="30.517542" lon="-98.043091"></trkpt>
      <trkpt lat="30.517749" lon="-98.043249"></trkpt>
      <trkpt lat="30.517966" lon="-98.043414"></trkpt>
      <trkpt lat="30.519559" lon="-98.044989"></trkpt>
      <trkpt lat="30.520044" lon="-98.045473"></trkpt>
      <trkpt lat="30.520351" lon="-98.045897"></trkpt>
      <trkpt lat="30.520442" lon="-98.046023"></trkpt>
      <trkpt lat="30.520803" lon="-98.046561"></trkpt>
      <trkpt lat="30.521040" lon="-98.047098"></trkpt>
      <trkpt lat="30.521356" lon="-98.047954"></trkpt>
      <trkpt lat="30.521935" lon="-98.049963"></trkpt>
      <trkpt lat="30.522882" lon="-98.053253"></trkpt>
      <trkpt lat="30.523083" lon="-98.054119"></trkpt>
      <trkpt lat="30.523116" lon="-98.054389"></trkpt>
      <trkpt lat="30.523134" lon="-98.054540"></trkpt>
      <trkpt lat="30.523090" lon="-98.055227"></trkpt>
      <trkpt lat="30.522979" lon="-98.055913"></trkpt>
      <trkpt lat="30.522824" lon="-98.056385"></trkpt>
      <trkpt lat="30.522704" lon="-98.056597"></trkpt>
      <trkpt lat="30.522436" lon="-98.057071"></trkpt>
      <trkpt lat="30.522017" lon="-98.057656"></trkpt>
      <trkpt lat="30.521249" lon="-98.058729"></trkpt>
      <trkpt lat="30.520833" lon="-98.059429"></trkpt>
      <trkpt lat="30.520609" lon="-98.059959"></trkpt>
      <trkpt lat="30.520465" lon="-98.060643"></trkpt>
      <trkpt lat="30.520438" lon="-98.060925"></trkpt>
      <trkpt lat="30.520429" lon="-98.061022"></trkpt>
      <trkpt lat="30.520406" lon="-98.061604"></trkpt>
      <trkpt lat="30.520337" lon="-98.062662"></trkpt>
      <trkpt lat="30.520297" lon="-98.063779"></trkpt>
      <trkpt lat="30.520255" lon="-98.064099"></trkpt>
      <trkpt lat="30.520192" lon="-98.064580"></trkpt>
      <trkpt lat="30.520041" lon="-98.065251"></trkpt>
      <trkpt lat="30.519683" lon="-98.066968"></trkpt>
      <trkpt lat="30.519574" lon="-98.067739"></trkpt>
      <trkpt lat="30.519475" lon="-98.068857"></trkpt>
      <trkpt lat="30.519427" lon="-98.069446"></trkpt>
      <trkpt lat="30.519264" lon="-98.071445"></trkpt>
      <trkpt lat="30.519231" lon="-98.072255"></trkpt>
      <trkpt lat="30.519230" lon="-98.072665"></trkpt>
      <trkpt lat="30.519263" lon="-98.073252"></trkpt>
      <trkpt lat="30.519394" lon="-98.073930"></trkpt>
      <trkpt lat="30.519563" lon="-98.074586"></trkpt>
      <trkpt lat="30.519806" lon="-98.075237"></trkpt>
      <trkpt lat="30.520935" lon="-98.077704"></trkpt>
      <trkpt lat="30.520982" lon="-98.077807"></trkpt>
      <trkpt lat="30.521532" lon="-98.079066"></trkpt>
      <trkpt lat="30.522128" lon="-98.080429"></trkpt>
      <trkpt lat="30.522768" lon="-98.081890"></trkpt>
      <trkpt lat="30.523407" lon="-98.083352"></trkpt>
      <trkpt lat="30.523514" lon="-98.083596"></trkpt>
      <trkpt lat="30.523822" lon="-98.084355"></trkpt>
      <trkpt lat="30.524174" lon="-98.085369"></trkpt>
      <trkpt lat="30.524552" lon="-98.086535"></trkpt>
      <trkpt lat="30.524935" lon="-98.087801"></trkpt>
      <trkpt lat="30.525207" lon="-98.088646"></trkpt>
      <trkpt lat="30.525313" lon="-98.089139"></trkpt>
      <trkpt lat="30.525367" lon="-98.089528"></trkpt>
      <trkpt lat="30.525526" lon="-98.091261"></trkpt>
      <trkpt lat="30.525704" lon="-98.091941"></trkpt>
      <trkpt lat="30.525777" lon="-98.092244"></trkpt>
      <trkpt lat="30.525933" lon="-98.092603"></trkpt>
      <trkpt lat="30.526599" lon="-98.094139"></trkpt>
      <trkpt lat="30.526770" lon="-98.094452"></trkpt>
      <trkpt lat="30.526922" lon="-98.095206"></trkpt>
      <trkpt lat="30.527083" lon="-98.096002"></trkpt>
      <trkpt lat="30.527116" lon="-98.097173"></trkpt>
      <trkpt lat="30.527136" lon="-98.097903"></trkpt>
      <trkpt lat="30.527175" lon="-98.098635"></trkpt>
      <trkpt lat="30.527282" lon="-98.099226"></trkpt>
      <trkpt lat="30.527491" lon="-98.099855"></trkpt>
      <trkpt lat="30.527644" lon="-98.100151"></trkpt>
      <trkpt lat="30.527853" lon="-98.100531"></trkpt>
      <trkpt lat="30.528192" lon="-98.100967"></trkpt>
      <trkpt lat="30.528456" lon="-98.101188"></trkpt>
      <trkpt lat="30.528545" lon="-98.101262"></trkpt>
      <trkpt lat="30.528839" lon="-98.101483"></trkpt>
      <trkpt lat="30.529464" lon="-98.101814"></trkpt>
      <trkpt lat="30.530299" lon="-98.102244"></trkpt>
      <trkpt lat="30.530864" lon="-98.102601"></trkpt>
      <trkpt lat="30.531386" lon="-98.103069"></trkpt>
      <trkpt lat="30.531753" lon="-98.103565"></trkpt>
      <trkpt lat="30.531851" lon="-98.103697"></trkpt>
      <trkpt lat="30.531873" lon="-98.103754"></trkpt>
      <trkpt lat="30.532081" lon="-98.104305"></trkpt>
      <trkpt lat="30.532288" lon="-98.104992"></trkpt>
      <trkpt lat="30.532476" lon="-98.106138"></trkpt>
      <trkpt lat="30.532717" lon="-98.107194"></trkpt>
      <trkpt lat="30.533216" lon="-98.108200"></trkpt>
      <trkpt lat="30.533603" lon="-98.108638"></trkpt>
      <trkpt lat="30.533972" lon="-98.108967"></trkpt>
      <trkpt lat="30.534441" lon="-98.109256"></trkpt>
      <trkpt lat="30.535129" lon="-98.109554"></trkpt>
      <trkpt lat="30.537262" lon="-98.110476"></trkpt>
      <trkpt lat="30.537600" lon="-98.110622"></trkpt>
      <trkpt lat="30.538399" lon="-98.110991"></trkpt>
      <trkpt lat="30.538968" lon="-98.111264"></trkpt>
      <trkpt lat="30.539455" lon="-98.111497"></trkpt>
      <trkpt lat="30.539923" lon="-98.111662"></trkpt>
      <trkpt lat="30.540298" lon="-98.111757"></trkpt>
      <trkpt lat="30.540594" lon="-98.111806"></trkpt>
      <trkpt lat="30.540771" lon="-98.111821"></trkpt>
      <trkpt lat="30.540814" lon="-98.111825"></trkpt>
      <trkpt lat="30.540993" lon="-98.111835"></trkpt>
      <trkpt lat="30.541188" lon="-98.111834"></trkpt>
      <trkpt lat="30.541964" lon="-98.111706"></trkpt>
      <trkpt lat="30.542424" lon="-98.111556"></trkpt>
      <trkpt lat="30.542723" lon="-98.111389"></trkpt>
      <trkpt lat="30.543135" lon="-98.111167"></trkpt>
      <trkpt lat="30.543339" lon="-98.111068"></trkpt>
      <trkpt lat="30.543557" lon="-98.110948"></trkpt>
      <trkpt lat="30.543710" lon="-98.110875"></trkpt>
      <trkpt lat="30.543920" lon="-98.110753"></trkpt>
      <trkpt lat="30.544787" lon="-98.110290"></trkpt>
      <trkpt lat="30.545056" lon="-98.110146"></trkpt>
      <trkpt lat="30.545925" lon="-98.109677"></trkpt>
      <trkpt lat="30.546593" lon="-98.109486"></trkpt>
      <trkpt lat="30.547412" lon="-98.109487"></trkpt>
      <trkpt lat="30.547482" lon="-98.109507"></trkpt>
      <trkpt lat="30.547738" lon="-98.109581"></trkpt>
      <trkpt lat="30.548007" lon="-98.109658"></trkpt>
      <trkpt lat="30.550472" lon="-98.110994"></trkpt>
      <trkpt lat="30.552446" lon="-98.112051"></trkpt>
      <trkpt lat="30.554494" lon="-98.113149"></trkpt>
      <trkpt lat="30.555281" lon="-98.113474"></trkpt>
      <trkpt lat="30.555845" lon="-98.113688"></trkpt>
      <trkpt lat="30.556265" lon="-98.113791"></trkpt>
      <trkpt lat="30.556932" lon="-98.113983"></trkpt>
      <trkpt lat="30.557255" lon="-98.114077"></trkpt>
      <trkpt lat="30.557437" lon="-98.114129"></trkpt>
      <trkpt lat="30.557912" lon="-98.114254"></trkpt>
      <trkpt lat="30.558495" lon="-98.114403"></trkpt>
      <trkpt lat="30.561313" lon="-98.115124"></trkpt>
      <trkpt lat="30.561372" lon="-98.115141"></trkpt>
      <trkpt lat="30.561664" lon="-98.115227"></trkpt>
      <trkpt lat="30.561769" lon="-98.115262"></trkpt>
      <trkpt lat="30.561899" lon="-98.115311"></trkpt>
      <trkpt lat="30.562489" lon="-98.115534"></trkpt>
      <trkpt lat="30.562637" lon="-98.115615"></trkpt>
      <trkpt lat="30.563558" lon="-98.116117"></trkpt>
      <trkpt lat="30.564138" lon="-98.116479"></trkpt>
      <trkpt lat="30.564304" lon="-98.116585"></trkpt>
      <trkpt lat="30.565240" lon="-98.117167"></trkpt>
      <trkpt lat="30.565932" lon="-98.117590"></trkpt>
      <trkpt lat="30.566521" lon="-98.117927"></trkpt>
      <trkpt lat="30.566754" lon="-98.118048"></trkpt>
      <trkpt lat="30.567202" lon="-98.118346"></trkpt>
      <trkpt lat="30.568152" lon="-98.118963"></trkpt>
      <trkpt lat="30.568333" lon="-98.119080"></trkpt>
      <trkpt lat="30.568527" lon="-98.119252"></trkpt>
      <trkpt lat="30.569040" lon="-98.119709"></trkpt>
      <trkpt lat="30.569381" lon="-98.120026"></trkpt>
      <trkpt lat="30.569588" lon="-98.120250"></trkpt>
      <trkpt lat="30.569897" lon="-98.120585"></trkpt>
      <trkpt lat="30.570010" lon="-98.120708"></trkpt>
      <trkpt lat="30.571369" lon="-98.122181"></trkpt>
      <trkpt lat="30.571709" lon="-98.122525"></trkpt>
      <trkpt lat="30.571740" lon="-98.122556"></trkpt>
      <trkpt lat="30.571768" lon="-98.122584"></trkpt>
      <trkpt lat="30.573246" lon="-98.124192"></trkpt>
      <trkpt lat="30.573495" lon="-98.124462"></trkpt>
      <trkpt lat="30.573549" lon="-98.124521"></trkpt>
      <trkpt lat="30.574108" lon="-98.125120"></trkpt>
      <trkpt lat="30.574689" lon="-98.125696"></trkpt>
      <trkpt lat="30.574860" lon="-98.125865"></trkpt>
      <trkpt lat="30.576087" lon="-98.127081"></trkpt>
      <trkpt lat="30.576844" lon="-98.127900"></trkpt>
      <trkpt lat="30.577130" lon="-98.128248"></trkpt>
      <trkpt lat="30.577457" lon="-98.128740"></trkpt>
      <trkpt lat="30.577530" lon="-98.128835"></trkpt>
      <trkpt lat="30.577705" lon="-98.129093"></trkpt>
      <trkpt lat="30.577844" lon="-98.129355"></trkpt>
      <trkpt lat="30.577893" lon="-98.129466"></trkpt>
      <trkpt lat="30.577973" lon="-98.129647"></trkpt>
      <trkpt lat="30.578013" lon="-98.129738"></trkpt>
      <trkpt lat="30.578092" lon="-98.129993"></trkpt>
      <trkpt lat="30.578126" lon="-98.130122"></trkpt>
      <trkpt lat="30.578168" lon="-98.130279"></trkpt>
      <trkpt lat="30.578199" lon="-98.130458"></trkpt>
      <trkpt lat="30.578208" lon="-98.130511"></trkpt>
      <trkpt lat="30.578223" lon="-98.130594"></trkpt>
      <trkpt lat="30.578236" lon="-98.130745"></trkpt>
      <trkpt lat="30.578256" lon="-98.131066"></trkpt>
      <trkpt lat="30.578255" lon="-98.131175"></trkpt>
      <trkpt lat="30.578252" lon="-98.131353"></trkpt>
      <trkpt lat="30.578240" lon="-98.131500"></trkpt>
      <trkpt lat="30.578223" lon="-98.131704"></trkpt>
      <trkpt lat="30.578217" lon="-98.131767"></trkpt>
      <trkpt lat="30.578206" lon="-98.131870"></trkpt>
      <trkpt lat="30.578138" lon="-98.132202"></trkpt>
      <trkpt lat="30.578081" lon="-98.132408"></trkpt>
      <trkpt lat="30.578010" lon="-98.132594"></trkpt>
      <trkpt lat="30.577899" lon="-98.132868"></trkpt>
      <trkpt lat="30.577387" lon="-98.133813"></trkpt>
      <trkpt lat="30.577079" lon="-98.134195"></trkpt>
      <trkpt lat="30.576564" lon="-98.134668"></trkpt>
      <trkpt lat="30.576484" lon="-98.134743"></trkpt>
      <trkpt lat="30.576256" lon="-98.134912"></trkpt>
      <trkpt lat="30.576077" lon="-98.135023"></trkpt>
      <trkpt lat="30.575752" lon="-98.135192"></trkpt>
      <trkpt lat="30.575623" lon="-98.135245"></trkpt>
      <trkpt lat="30.575590" lon="-98.135259"></trkpt>
      <trkpt lat="30.575485" lon="-98.135302"></trkpt>
      <trkpt lat="30.575389" lon="-98.135322"></trkpt>
      <trkpt lat="30.575216" lon="-98.135368"></trkpt>
      <trkpt lat="30.574978" lon="-98.135421"></trkpt>
      <trkpt lat="30.574552" lon="-98.135468"></trkpt>
      <trkpt lat="30.572831" lon="-98.135632"></trkpt>
      <trkpt lat="30.572003" lon="-98.135711"></trkpt>
      <trkpt lat="30.571689" lon="-98.135747"></trkpt>
      <trkpt lat="30.570061" lon="-98.135925"></trkpt>
      <trkpt lat="30.569597" lon="-98.135975"></trkpt>
      <trkpt lat="30.568572" lon="-98.136110"></trkpt>
      <trkpt lat="30.568311" lon="-98.136162"></trkpt>
      <trkpt lat="30.567685" lon="-98.136355"></trkpt>
      <trkpt lat="30.567401" lon="-98.136466"></trkpt>
      <trkpt lat="30.567134" lon="-98.136607"></trkpt>
      <trkpt lat="30.566611" lon="-98.136933"></trkpt>
      <trkpt lat="30.566328" lon="-98.137152"></trkpt>
      <trkpt lat="30.566269" lon="-98.137197"></trkpt>
      <trkpt lat="30.565977" lon="-98.137451"></trkpt>
      <trkpt lat="30.565682" lon="-98.137759"></trkpt>
      <trkpt lat="30.565345" lon="-98.138158"></trkpt>
      <trkpt lat="30.565084" lon="-98.138460"></trkpt>
      <trkpt lat="30.564909" lon="-98.138750"></trkpt>
      <trkpt lat="30.564677" lon="-98.139139"></trkpt>
      <trkpt lat="30.564546" lon="-98.139358"></trkpt>
      <trkpt lat="30.563925" lon="-98.140394"></trkpt>
      <trkpt lat="30.562988" lon="-98.141961"></trkpt>
      <trkpt lat="30.562649" lon="-98.142540"></trkpt>
      <trkpt lat="30.562243" lon="-98.143212"></trkpt>
      <trkpt lat="30.561474" lon="-98.144492"></trkpt>
      <trkpt lat="30.561323" lon="-98.144750"></trkpt>
      <trkpt lat="30.561200" lon="-98.144951"></trkpt>
      <trkpt lat="30.561147" lon="-98.145039"></trkpt>
      <trkpt lat="30.560598" lon="-98.145962"></trkpt>
      <trkpt lat="30.560346" lon="-98.146387"></trkpt>
      <trkpt lat="30.560060" lon="-98.146846"></trkpt>
      <trkpt lat="30.559742" lon="-98.147630"></trkpt>
      <trkpt lat="30.559681" lon="-98.147780"></trkpt>
      <trkpt lat="30.559458" lon="-98.148450"></trkpt>
      <trkpt lat="30.559315" lon="-98.149242"></trkpt>
      <trkpt lat="30.559248" lon="-98.149781"></trkpt>
      <trkpt lat="30.559221" lon="-98.150395"></trkpt>
      <trkpt lat="30.559177" lon="-98.152544"></trkpt>
      <trkpt lat="30.559129" lon="-98.154883"></trkpt>
      <trkpt lat="30.559129" lon="-98.155116"></trkpt>
      <trkpt lat="30.559127" lon="-98.155666"></trkpt>
      <trkpt lat="30.559126" lon="-98.156251"></trkpt>
      <trkpt lat="30.559124" lon="-98.156723"></trkpt>
      <trkpt lat="30.559092" lon="-98.158745"></trkpt>
      <trkpt lat="30.559071" lon="-98.158981"></trkpt>
      <trkpt lat="30.559036" lon="-98.159217"></trkpt>
      <trkpt lat="30.558985" lon="-98.159450"></trkpt>
      <trkpt lat="30.558923" lon="-98.159677"></trkpt>
      <trkpt lat="30.558844" lon="-98.159899"></trkpt>
      <trkpt lat="30.558143" lon="-98.161493"></trkpt>
      <trkpt lat="30.558038" lon="-98.161706"></trkpt>
      <trkpt lat="30.557919" lon="-98.161982"></trkpt>
      <trkpt lat="30.557829" lon="-98.162215"></trkpt>
      <trkpt lat="30.557756" lon="-98.162501"></trkpt>
      <trkpt lat="30.557719" lon="-98.162690"></trkpt>
      <trkpt lat="30.557674" lon="-98.163052"></trkpt>
      <trkpt lat="30.557643" lon="-98.163351"></trkpt>
      <trkpt lat="30.557642" lon="-98.163490"></trkpt>
      <trkpt lat="30.557642" lon="-98.163657"></trkpt>
      <trkpt lat="30.557641" lon="-98.163783"></trkpt>
      <trkpt lat="30.557677" lon="-98.164083"></trkpt>
      <trkpt lat="30.557887" lon="-98.165063"></trkpt>
      <trkpt lat="30.558139" lon="-98.166406"></trkpt>
      <trkpt lat="30.558387" lon="-98.167247"></trkpt>
      <trkpt lat="30.558480" lon="-98.167523"></trkpt>
      <trkpt lat="30.558583" lon="-98.167784"></trkpt>
      <trkpt lat="30.558692" lon="-98.168028"></trkpt>
      <trkpt lat="30.558864" lon="-98.168297"></trkpt>
      <trkpt lat="30.558911" lon="-98.168371"></trkpt>
      <trkpt lat="30.559117" lon="-98.168659"></trkpt>
      <trkpt lat="30.559679" lon="-98.169353"></trkpt>
      <trkpt lat="30.560328" lon="-98.170180"></trkpt>
      <trkpt lat="30.560578" lon="-98.170481"></trkpt>
      <trkpt lat="30.560775" lon="-98.170670"></trkpt>
      <trkpt lat="30.561130" lon="-98.170929"></trkpt>
      <trkpt lat="30.561269" lon="-98.171004"></trkpt>
      <trkpt lat="30.561475" lon="-98.171137"></trkpt>
      <trkpt lat="30.561736" lon="-98.171254"></trkpt>
      <trkpt lat="30.562270" lon="-98.171407"></trkpt>
      <trkpt lat="30.562808" lon="-98.171554"></trkpt>
      <trkpt lat="30.563724" lon="-98.171763"></trkpt>
      <trkpt lat="30.565785" lon="-98.172138"></trkpt>
      <trkpt lat="30.566114" lon="-98.172208"></trkpt>
      <trkpt lat="30.566675" lon="-98.172327"></trkpt>
      <trkpt lat="30.566733" lon="-98.172333"></trkpt>
      <trkpt lat="30.567168" lon="-98.172431"></trkpt>
      <trkpt lat="30.567654" lon="-98.172526"></trkpt>
      <trkpt lat="30.568148" lon="-98.172582"></trkpt>
      <trkpt lat="30.568700" lon="-98.172593"></trkpt>
      <trkpt lat="30.569138" lon="-98.172547"></trkpt>
      <trkpt lat="30.569463" lon="-98.172481"></trkpt>
      <trkpt lat="30.569571" lon="-98.172459"></trkpt>
      <trkpt lat="30.570032" lon="-98.172314"></trkpt>
      <trkpt lat="30.570381" lon="-98.172134"></trkpt>
      <trkpt lat="30.570623" lon="-98.171999"></trkpt>
      <trkpt lat="30.570871" lon="-98.171888"></trkpt>
      <trkpt lat="30.571320" lon="-98.171605"></trkpt>
      <trkpt lat="30.571453" lon="-98.171521"></trkpt>
      <trkpt lat="30.572506" lon="-98.170840"></trkpt>
      <trkpt lat="30.573301" lon="-98.170326"></trkpt>
      <trkpt lat="30.573396" lon="-98.170270"></trkpt>
      <trkpt lat="30.574101" lon="-98.169826"></trkpt>
      <trkpt lat="30.574537" lon="-98.169635"></trkpt>
      <trkpt lat="30.574876" lon="-98.169521"></trkpt>
      <trkpt lat="30.575183" lon="-98.169455"></trkpt>
      <trkpt lat="30.575397" lon="-98.169418"></trkpt>
      <trkpt lat="30.575736" lon="-98.169462"></trkpt>
      <trkpt lat="30.576015" lon="-98.169500"></trkpt>
      <trkpt lat="30.576454" lon="-98.169619"></trkpt>
      <trkpt lat="30.576813" lon="-98.169752"></trkpt>
      <trkpt lat="30.577094" lon="-98.169893"></trkpt>
      <trkpt lat="30.577277" lon="-98.170007"></trkpt>
      <trkpt lat="30.577477" lon="-98.170165"></trkpt>
      <trkpt lat="30.577741" lon="-98.170373"></trkpt>
      <trkpt lat="30.577867" lon="-98.170472"></trkpt>
      <trkpt lat="30.578107" lon="-98.170664"></trkpt>
      <trkpt lat="30.578249" lon="-98.170777"></trkpt>
      <trkpt lat="30.578691" lon="-98.171132"></trkpt>
      <trkpt lat="30.579352" lon="-98.171646"></trkpt>
      <trkpt lat="30.579735" lon="-98.171843"></trkpt>
      <trkpt lat="30.580120" lon="-98.171998"></trkpt>
      <trkpt lat="30.581409" lon="-98.172356"></trkpt>
      <trkpt lat="30.581469" lon="-98.172373"></trkpt>
      <trkpt lat="30.582477" lon="-98.172652"></trkpt>
      <trkpt lat="30.582545" lon="-98.172671"></trkpt>
      <trkpt lat="30.582725" lon="-98.172721"></trkpt>
      <trkpt lat="30.582811" lon="-98.172744"></trkpt>
      <trkpt lat="30.585118" lon="-98.173396"></trkpt>
      <trkpt lat="30.585399" lon="-98.173464"></trkpt>
      <trkpt lat="30.585561" lon="-98.173493"></trkpt>
      <trkpt lat="30.585635" lon="-98.173507"></trkpt>
      <trkpt lat="30.586112" lon="-98.173541"></trkpt>
      <trkpt lat="30.586505" lon="-98.173570"></trkpt>
      <trkpt lat="30.587594" lon="-98.173651"></trkpt>
      <trkpt lat="30.588011" lon="-98.173759"></trkpt>
      <trkpt lat="30.588069" lon="-98.173774"></trkpt>
      <trkpt lat="30.588454" lon="-98.173984"></trkpt>
      <trkpt lat="30.588867" lon="-98.174233"></trkpt>
      <trkpt lat="30.589159" lon="-98.174495"></trkpt>
      <trkpt lat="30.589262" lon="-98.174588"></trkpt>
      <trkpt lat="30.589465" lon="-98.174770"></trkpt>
      <trkpt lat="30.589697" lon="-98.175081"></trkpt>
      <trkpt lat="30.589881" lon="-98.175392"></trkpt>
      <trkpt lat="30.589966" lon="-98.175534"></trkpt>
      <trkpt lat="30.590074" lon="-98.175756"></trkpt>
      <trkpt lat="30.590208" lon="-98.176080"></trkpt>
      <trkpt lat="30.590297" lon="-98.176403"></trkpt>
      <trkpt lat="30.590380" lon="-98.176767"></trkpt>
      <trkpt lat="30.590407" lon="-98.177123"></trkpt>
      <trkpt lat="30.590415" lon="-98.177507"></trkpt>
      <trkpt lat="30.590407" lon="-98.177805"></trkpt>
      <trkpt lat="30.590378" lon="-98.178129"></trkpt>
      <trkpt lat="30.590327" lon="-98.178440"></trkpt>
      <trkpt lat="30.590202" lon="-98.178903"></trkpt>
      <trkpt lat="30.590001" lon="-98.179372"></trkpt>
      <trkpt lat="30.589970" lon="-98.179426"></trkpt>
      <trkpt lat="30.589709" lon="-98.179892"></trkpt>
      <trkpt lat="30.589431" lon="-98.180204"></trkpt>
      <trkpt lat="30.589207" lon="-98.180433"></trkpt>
      <trkpt lat="30.588446" lon="-98.181199"></trkpt>
      <trkpt lat="30.588094" lon="-98.181584"></trkpt>
      <trkpt lat="30.587800" lon="-98.182008"></trkpt>
      <trkpt lat="30.587542" lon="-98.182482"></trkpt>
      <trkpt lat="30.587344" lon="-98.182945"></trkpt>
      <trkpt lat="30.587218" lon="-98.183429"></trkpt>
      <trkpt lat="30.587146" lon="-98.183886"></trkpt>
      <trkpt lat="30.587141" lon="-98.183914"></trkpt>
      <trkpt lat="30.587100" lon="-98.184401"></trkpt>
      <trkpt lat="30.586977" lon="-98.185863"></trkpt>
      <trkpt lat="30.586942" lon="-98.186280"></trkpt>
      <trkpt lat="30.586868" lon="-98.187137"></trkpt>
      <trkpt lat="30.586730" lon="-98.188716"></trkpt>
      <trkpt lat="30.586713" lon="-98.188959"></trkpt>
      <trkpt lat="30.586650" lon="-98.190030"></trkpt>
      <trkpt lat="30.586635" lon="-98.190448"></trkpt>
      <trkpt lat="30.586659" lon="-98.190884"></trkpt>
      <trkpt lat="30.586699" lon="-98.191290"></trkpt>
      <trkpt lat="30.586837" lon="-98.191832"></trkpt>
      <trkpt lat="30.587040" lon="-98.192281"></trkpt>
      <trkpt lat="30.587273" lon="-98.192755"></trkpt>
      <trkpt lat="30.587524" lon="-98.193321"></trkpt>
      <trkpt lat="30.587591" lon="-98.193515"></trkpt>
      <trkpt lat="30.587685" lon="-98.193884"></trkpt>
      <trkpt lat="30.587752" lon="-98.194279"></trkpt>
      <trkpt lat="30.587774" lon="-98.195071"></trkpt>
      <trkpt lat="30.587842" lon="-98.195571"></trkpt>
      <trkpt lat="30.587938" lon="-98.196006"></trkpt>
      <trkpt lat="30.588099" lon="-98.196762"></trkpt>
      <trkpt lat="30.588200" lon="-98.197222"></trkpt>
      <trkpt lat="30.588398" lon="-98.198110"></trkpt>
      <trkpt lat="30.588544" lon="-98.198754"></trkpt>
      <trkpt lat="30.588695" lon="-98.199863"></trkpt>
      <trkpt lat="30.588741" lon="-98.200633"></trkpt>
      <trkpt lat="30.588675" lon="-98.201801"></trkpt>
      <trkpt lat="30.588583" lon="-98.203094"></trkpt>
      <trkpt lat="30.588525" lon="-98.203907"></trkpt>
      <trkpt lat="30.588407" lon="-98.204583"></trkpt>
      <trkpt lat="30.588270" lon="-98.205146"></trkpt>
      <trkpt lat="30.588266" lon="-98.205163"></trkpt>
      <trkpt lat="30.588023" lon="-98.205812"></trkpt>
      <trkpt lat="30.587261" lon="-98.207613"></trkpt>
      <trkpt lat="30.586843" lon="-98.208582"></trkpt>
      <trkpt lat="30.586694" lon="-98.209098"></trkpt>
      <trkpt lat="30.586625" lon="-98.209517"></trkpt>
      <trkpt lat="30.586609" lon="-98.209615"></trkpt>
      <trkpt lat="30.586579" lon="-98.210852"></trkpt>
      <trkpt lat="30.586526" lon="-98.213068"></trkpt>
      <trkpt lat="30.586434" lon="-98.214631"></trkpt>
      <trkpt lat="30.586376" lon="-98.215722"></trkpt>
      <trkpt lat="30.586358" lon="-98.216051"></trkpt>
      <trkpt lat="30.586289" lon="-98.217212"></trkpt>
      <trkpt lat="30.586224" lon="-98.218105"></trkpt>
      <trkpt lat="30.586179" lon="-98.218480"></trkpt>
      <trkpt lat="30.586069" lon="-98.219405"></trkpt>
      <trkpt lat="30.585869" lon="-98.220941"></trkpt>
      <trkpt lat="30.585754" lon="-98.221941"></trkpt>
      <trkpt lat="30.585646" lon="-98.222571"></trkpt>
      <trkpt lat="30.585638" lon="-98.222630"></trkpt>
      <trkpt lat="30.585465" lon="-98.223159"></trkpt>
      <trkpt lat="30.585371" lon="-98.223448"></trkpt>
      <trkpt lat="30.585258" lon="-98.223753"></trkpt>
      <trkpt lat="30.585083" lon="-98.224118"></trkpt>
      <trkpt lat="30.584904" lon="-98.224442"></trkpt>
      <trkpt lat="30.584191" lon="-98.225620"></trkpt>
      <trkpt lat="30.583756" lon="-98.226215"></trkpt>
      <trkpt lat="30.583478" lon="-98.226523"></trkpt>
      <trkpt lat="30.583439" lon="-98.226557"></trkpt>
      <trkpt lat="30.583237" lon="-98.226759"></trkpt>
      <trkpt lat="30.581760" lon="-98.228015"></trkpt>
      <trkpt lat="30.580742" lon="-98.228806"></trkpt>
      <trkpt lat="30.580200" lon="-98.229281"></trkpt>
      <trkpt lat="30.579556" lon="-98.229801"></trkpt>
      <trkpt lat="30.578976" lon="-98.230399"></trkpt>
      <trkpt lat="30.578762" lon="-98.230639"></trkpt>
      <trkpt lat="30.577363" lon="-98.232202"></trkpt>
      <trkpt lat="30.576909" lon="-98.232665"></trkpt>
      <trkpt lat="30.576128" lon="-98.233355"></trkpt>
      <trkpt lat="30.575587" lon="-98.233703"></trkpt>
      <trkpt lat="30.575084" lon="-98.234082"></trkpt>
      <trkpt lat="30.575054" lon="-98.234104"></trkpt>
      <trkpt lat="30.574728" lon="-98.234314"></trkpt>
      <trkpt lat="30.572047" lon="-98.236042"></trkpt>
      <trkpt lat="30.571810" lon="-98.236214"></trkpt>
      <trkpt lat="30.571403" lon="-98.236531"></trkpt>
      <trkpt lat="30.571282" lon="-98.236674"></trkpt>
      <trkpt lat="30.571150" lon="-98.236839"></trkpt>
      <trkpt lat="30.571010" lon="-98.237073"></trkpt>
      <trkpt lat="30.570999" lon="-98.237094"></trkpt>
      <trkpt lat="30.570896" lon="-98.237297"></trkpt>
      <trkpt lat="30.570819" lon="-98.237464"></trkpt>
      <trkpt lat="30.570738" lon="-98.237733"></trkpt>
      <trkpt lat="30.570692" lon="-98.237970"></trkpt>
      <trkpt lat="30.570669" lon="-98.238228"></trkpt>
      <trkpt lat="30.570666" lon="-98.238387"></trkpt>
      <trkpt lat="30.570662" lon="-98.238616"></trkpt>
      <trkpt lat="30.570669" lon="-98.238721"></trkpt>
      <trkpt lat="30.570680" lon="-98.238892"></trkpt>
      <trkpt lat="30.570697" lon="-98.238987"></trkpt>
      <trkpt lat="30.570740" lon="-98.239224"></trkpt>
      <trkpt lat="30.570845" lon="-98.239616"></trkpt>
      <trkpt lat="30.570886" lon="-98.239759"></trkpt>
      <trkpt lat="30.571024" lon="-98.240267"></trkpt>
      <trkpt lat="30.571154" lon="-98.240808"></trkpt>
      <trkpt lat="30.571381" lon="-98.241758"></trkpt>
      <trkpt lat="30.571434" lon="-98.241978"></trkpt>
      <trkpt lat="30.571915" lon="-98.243830"></trkpt>
      <trkpt lat="30.571985" lon="-98.244067"></trkpt>
      <trkpt lat="30.572094" lon="-98.244337"></trkpt>
      <trkpt lat="30.572217" lon="-98.244604"></trkpt>
      <trkpt lat="30.572416" lon="-98.244953"></trkpt>
      <trkpt lat="30.572743" lon="-98.245527"></trkpt>
      <trkpt lat="30.572948" lon="-98.245974"></trkpt>
      <trkpt lat="30.573029" lon="-98.246230"></trkpt>
      <trkpt lat="30.573085" lon="-98.246454"></trkpt>
      <trkpt lat="30.573144" lon="-98.246858"></trkpt>
      <trkpt lat="30.573272" lon="-98.247752"></trkpt>
      <trkpt lat="30.573432" lon="-98.249193"></trkpt>
      <trkpt lat="30.573466" lon="-98.249403"></trkpt>
      <trkpt lat="30.573516" lon="-98.249607"></trkpt>
      <trkpt lat="30.573552" lon="-98.249749"></trkpt>
      <trkpt lat="30.573596" lon="-98.249935"></trkpt>
      <trkpt lat="30.573678" lon="-98.250273"></trkpt>
      <trkpt lat="30.573747" lon="-98.250476"></trkpt>
      <trkpt lat="30.574007" lon="-98.251061"></trkpt>
      <trkpt lat="30.574341" lon="-98.251809"></trkpt>
      <trkpt lat="30.575202" lon="-98.253692"></trkpt>
      <trkpt lat="30.575232" lon="-98.253758"></trkpt>
      <trkpt lat="30.575259" lon="-98.253820"></trkpt>
      <trkpt lat="30.575816" lon="-98.255089"></trkpt>
      <trkpt lat="30.575964" lon="-98.255432"></trkpt>
      <trkpt lat="30.575990" lon="-98.255493"></trkpt>
      <trkpt lat="30.576170" lon="-98.255909"></trkpt>
      <trkpt lat="30.576202" lon="-98.255982"></trkpt>
      <trkpt lat="30.576413" lon="-98.256469"></trkpt>
      <trkpt lat="30.576491" lon="-98.256713"></trkpt>
      <trkpt lat="30.576559" lon="-98.256981"></trkpt>
      <trkpt lat="30.576596" lon="-98.257221"></trkpt>
      <trkpt lat="30.576625" lon="-98.257539"></trkpt>
      <trkpt lat="30.576624" lon="-98.257787"></trkpt>
      <trkpt lat="30.576623" lon="-98.257909"></trkpt>
      <trkpt lat="30.576620" lon="-98.257951"></trkpt>
      <trkpt lat="30.576592" lon="-98.258334"></trkpt>
      <trkpt lat="30.576555" lon="-98.258714"></trkpt>
      <trkpt lat="30.576540" lon="-98.258865"></trkpt>
      <trkpt lat="30.576409" lon="-98.259654"></trkpt>
      <trkpt lat="30.576295" lon="-98.260609"></trkpt>
      <trkpt lat="30.575896" lon="-98.263147"></trkpt>
      <trkpt lat="30.575869" lon="-98.263360"></trkpt>
      <trkpt lat="30.575856" lon="-98.263460"></trkpt>
      <trkpt lat="30.575838" lon="-98.263605"></trkpt>
      <trkpt lat="30.575792" lon="-98.263937"></trkpt>
      <trkpt lat="30.575770" lon="-98.264097"></trkpt>
      <trkpt lat="30.575725" lon="-98.264426"></trkpt>
      <trkpt lat="30.575657" lon="-98.264923"></trkpt>
      <trkpt lat="30.575635" lon="-98.265082"></trkpt>
      <trkpt lat="30.575479" lon="-98.266084"></trkpt>
      <trkpt lat="30.575458" lon="-98.266235"></trkpt>
      <trkpt lat="30.575447" lon="-98.266315"></trkpt>
      <trkpt lat="30.575445" lon="-98.266380"></trkpt>
      <trkpt lat="30.575440" lon="-98.266500"></trkpt>
      <trkpt lat="30.575444" lon="-98.266624"></trkpt>
      <trkpt lat="30.575476" lon="-98.266939"></trkpt>
      <trkpt lat="30.575541" lon="-98.267226"></trkpt>
      <trkpt lat="30.575616" lon="-98.267414"></trkpt>
      <trkpt lat="30.575701" lon="-98.267577"></trkpt>
      <trkpt lat="30.575971" lon="-98.268104"></trkpt>
      <trkpt lat="30.575985" lon="-98.268131"></trkpt>
      <trkpt lat="30.576246" lon="-98.268664"></trkpt>
      <trkpt lat="30.576537" lon="-98.269220"></trkpt>
      <trkpt lat="30.576563" lon="-98.269269"></trkpt>
      <trkpt lat="30.576792" lon="-98.269757"></trkpt>
      <trkpt lat="30.577362" lon="-98.270898"></trkpt>
      <trkpt lat="30.577867" lon="-98.271987"></trkpt>
      <trkpt lat="30.577997" lon="-98.272246"></trkpt>
      <trkpt lat="30.578103" lon="-98.272461"></trkpt>
      <trkpt lat="30.578123" lon="-98.272499"></trkpt>
      <trkpt lat="30.578201" lon="-98.272654"></trkpt>
      <trkpt lat="30.578285" lon="-98.272823"></trkpt>
      <trkpt lat="30.578336" lon="-98.272941"></trkpt>
      <trkpt lat="30.578047" lon="-98.272936"></trkpt>
      <trkpt lat="30.577795" lon="-98.272939"></trkpt>
      <trkpt lat="30.577714" lon="-98.272945"></trkpt>
      <trkpt lat="30.577504" lon="-98.272966"></trkpt>
      <trkpt lat="30.577134" lon="-98.273015"></trkpt>
      <trkpt lat="30.576911" lon="-98.273058"></trkpt>
      <trkpt lat="30.576572" lon="-98.273140"></trkpt>
      <trkpt lat="30.576095" lon="-98.273301"></trkpt>
      <trkpt lat="30.575629" lon="-98.273513"></trkpt>
      <trkpt lat="30.575397" lon="-98.273639"></trkpt>
      <trkpt lat="30.575094" lon="-98.273814"></trkpt>
      <trkpt lat="30.574758" lon="-98.274038"></trkpt>
      <trkpt lat="30.574473" lon="-98.274222"></trkpt>
      <trkpt lat="30.574185" lon="-98.274420"></trkpt>
      <trkpt lat="30.573899" lon="-98.274600"></trkpt>
      <trkpt lat="30.573749" lon="-98.274695"></trkpt>
      <trkpt lat="30.573609" lon="-98.274790"></trkpt>
      <trkpt lat="30.573259" lon="-98.275020"></trkpt>
      <trkpt lat="30.572762" lon="-98.275358"></trkpt>
      <trkpt lat="30.572726" lon="-98.275377"></trkpt>
      <trkpt lat="30.572359" lon="-98.275613"></trkpt>
      <trkpt lat="30.571833" lon="-98.275938"></trkpt>
      <trkpt lat="30.571758" lon="-98.275974"></trkpt>
      <trkpt lat="30.571374" lon="-98.276136"></trkpt>
      <trkpt lat="30.571205" lon="-98.276182"></trkpt>
      <trkpt lat="30.571034" lon="-98.276224"></trkpt>
      <trkpt lat="30.570786" lon="-98.276271"></trkpt>
      <trkpt lat="30.570614" lon="-98.276294"></trkpt>
      <trkpt lat="30.570491" lon="-98.276298"></trkpt>
      <trkpt lat="30.570264" lon="-98.276291"></trkpt>
      <trkpt lat="30.569994" lon="-98.276267"></trkpt>
      <trkpt lat="30.569756" lon="-98.276199"></trkpt>
      <trkpt lat="30.569503" lon="-98.276165"></trkpt>
      <trkpt lat="30.569195" lon="-98.276050"></trkpt>
      <trkpt lat="30.568936" lon="-98.275957"></trkpt>
      <trkpt lat="30.568289" lon="-98.275720"></trkpt>
      <trkpt lat="30.565732" lon="-98.274769"></trkpt>
      <trkpt lat="30.565404" lon="-98.274648"></trkpt>
      <trkpt lat="30.565277" lon="-98.274601"></trkpt>
      <trkpt lat="30.565183" lon="-98.274584"></trkpt>
      <trkpt lat="30.565043" lon="-98.274566"></trkpt>
      <trkpt lat="30.564832" lon="-98.274560"></trkpt>
      <trkpt lat="30.564754" lon="-98.274556"></trkpt>
      <trkpt lat="30.564579" lon="-98.274557"></trkpt>
      <trkpt lat="30.564481" lon="-98.274570"></trkpt>
      <trkpt lat="30.564323" lon="-98.274595"></trkpt>
      <trkpt lat="30.564092" lon="-98.274580"></trkpt>
      <trkpt lat="30.563863" lon="-98.274658"></trkpt>
      <trkpt lat="30.563734" lon="-98.274725"></trkpt>
      <trkpt lat="30.563578" lon="-98.274805"></trkpt>
      <trkpt lat="30.563339" lon="-98.274958"></trkpt>
      <trkpt lat="30.563055" lon="-98.275148"></trkpt>
      <trkpt lat="30.562982" lon="-98.275198"></trkpt>
      <trkpt lat="30.562619" lon="-98.275477"></trkpt>
      <trkpt lat="30.562096" lon="-98.275815"></trkpt>
      <trkpt lat="30.561765" lon="-98.275974"></trkpt>
      <trkpt lat="30.561369" lon="-98.276081"></trkpt>
      <trkpt lat="30.561089" lon="-98.276132"></trkpt>
      <trkpt lat="30.560863" lon="-98.276155"></trkpt>
      <trkpt lat="30.560595" lon="-98.276147"></trkpt>
      <trkpt lat="30.560220" lon="-98.276096"></trkpt>
      <trkpt lat="30.559758" lon="-98.275957"></trkpt>
      <trkpt lat="30.559245" lon="-98.275697"></trkpt>
      <trkpt lat="30.559063" lon="-98.275562"></trkpt>
      <trkpt lat="30.558821" lon="-98.275385"></trkpt>
      <trkpt lat="30.557834" lon="-98.274593"></trkpt>
      <trkpt lat="30.557592" lon="-98.274438"></trkpt>
      <trkpt lat="30.557101" lon="-98.274183"></trkpt>
      <trkpt lat="30.556940" lon="-98.274111"></trkpt>
      <trkpt lat="30.556511" lon="-98.273967"></trkpt>
      <trkpt lat="30.556265" lon="-98.273914"></trkpt>
      <trkpt lat="30.555899" lon="-98.273850"></trkpt>
      <trkpt lat="30.555456" lon="-98.273828"></trkpt>
      <trkpt lat="30.555199" lon="-98.273845"></trkpt>
      <trkpt lat="30.554919" lon="-98.273871"></trkpt>
      <trkpt lat="30.554605" lon="-98.273933"></trkpt>
      <trkpt lat="30.554279" lon="-98.274020"></trkpt>
      <trkpt lat="30.553990" lon="-98.274121"></trkpt>
      <trkpt lat="30.552940" lon="-98.274549"></trkpt>
      <trkpt lat="30.552758" lon="-98.274627"></trkpt>
      <trkpt lat="30.552587" lon="-98.274700"></trkpt>
      <trkpt lat="30.552156" lon="-98.274888"></trkpt>
      <trkpt lat="30.550394" lon="-98.275622"></trkpt>
      <trkpt lat="30.549785" lon="-98.275848"></trkpt>
      <trkpt lat="30.549164" lon="-98.276062"></trkpt>
      <trkpt lat="30.548657" lon="-98.276212"></trkpt>
      <trkpt lat="30.548325" lon="-98.276308"></trkpt>
      <trkpt lat="30.547833" lon="-98.276430"></trkpt>
      <trkpt lat="30.547493" lon="-98.276512"></trkpt>
      <trkpt lat="30.547162" lon="-98.276593"></trkpt>
      <trkpt lat="30.546628" lon="-98.276710"></trkpt>
      <trkpt lat="30.546127" lon="-98.276814"></trkpt>
      <trkpt lat="30.545573" lon="-98.276947"></trkpt>
      <trkpt lat="30.545337" lon="-98.276997"></trkpt>
      <trkpt lat="30.544591" lon="-98.277169"></trkpt>
      <trkpt lat="30.541787" lon="-98.277863"></trkpt>
      <trkpt lat="30.541731" lon="-98.277883"></trkpt>
      <trkpt lat="30.540873" lon="-98.278184"></trkpt>
      <trkpt lat="30.540466" lon="-98.278368"></trkpt>
      <trkpt lat="30.539868" lon="-98.278636"></trkpt>
      <trkpt lat="30.539187" lon="-98.278990"></trkpt>
      <trkpt lat="30.533114" lon="-98.282177"></trkpt>
      <trkpt lat="30.532552" lon="-98.282492"></trkpt>
      <trkpt lat="30.528319" lon="-98.284717"></trkpt>
      <trkpt lat="30.527549" lon="-98.285123"></trkpt>
      <trkpt lat="30.524261" lon="-98.286855"></trkpt>
      <trkpt lat="30.516825" lon="-98.290701"></trkpt>
      <trkpt lat="30.516661" lon="-98.290786"></trkpt>
      <trkpt lat="30.516345" lon="-98.290923"></trkpt>
      <trkpt lat="30.515203" lon="-98.291559"></trkpt>
      <trkpt lat="30.515078" lon="-98.291637"></trkpt>
      <trkpt lat="30.513769" lon="-98.292613"></trkpt>
      <trkpt lat="30.513620" lon="-98.292725"></trkpt>
      <trkpt lat="30.513293" lon="-98.292973"></trkpt>
      <trkpt lat="30.512947" lon="-98.293236"></trkpt>
      <trkpt lat="30.509457" lon="-98.296048"></trkpt>
      <trkpt lat="30.508779" lon="-98.296594"></trkpt>
      <trkpt lat="30.505483" lon="-98.299249"></trkpt>
      <trkpt lat="30.504761" lon="-98.299830"></trkpt>
      <trkpt lat="30.503179" lon="-98.301104"></trkpt>
      <trkpt lat="30.502629" lon="-98.301457"></trkpt>
      <trkpt lat="30.501579" lon="-98.302120"></trkpt>
      <trkpt lat="30.501322" lon="-98.302287"></trkpt>
      <trkpt lat="30.501085" lon="-98.302404"></trkpt>
      <trkpt lat="30.497129" lon="-98.305624"></trkpt>
      <trkpt lat="30.497007" lon="-98.305731"></trkpt>
      <trkpt lat="30.495185" lon="-98.307158"></trkpt>
      <trkpt lat="30.493294" lon="-98.308640"></trkpt>
      <trkpt lat="30.486987" lon="-98.313709"></trkpt>
      <trkpt lat="30.485767" lon="-98.314698"></trkpt>
      <trkpt lat="30.483345" lon="-98.316638"></trkpt>
      <trkpt lat="30.482201" lon="-98.317555"></trkpt>
      <trkpt lat="30.481178" lon="-98.318374"></trkpt>
      <trkpt lat="30.480074" lon="-98.319262"></trkpt>
      <trkpt lat="30.478289" lon="-98.320669"></trkpt>
      <trkpt lat="30.478013" lon="-98.320882"></trkpt>
      <trkpt lat="30.477996" lon="-98.320895"></trkpt>
      <trkpt lat="30.477974" lon="-98.320911"></trkpt>
      <trkpt lat="30.477946" lon="-98.320932"></trkpt>
      <trkpt lat="30.477901" lon="-98.320964"></trkpt>
      <trkpt lat="30.477653" lon="-98.321143"></trkpt>
      <trkpt lat="30.477222" lon="-98.321429"></trkpt>
      <trkpt lat="30.476518" lon="-98.321874"></trkpt>
      <trkpt lat="30.476431" lon="-98.321927"></trkpt>
      <trkpt lat="30.475501" lon="-98.322492"></trkpt>
      <trkpt lat="30.475358" lon="-98.322579"></trkpt>
      <trkpt lat="30.472195" lon="-98.324502"></trkpt>
      <trkpt lat="30.470895" lon="-98.325271"></trkpt>
      <trkpt lat="30.470552" lon="-98.325447"></trkpt>
      <trkpt lat="30.469945" lon="-98.325757"></trkpt>
      <trkpt lat="30.469058" lon="-98.326193"></trkpt>
      <trkpt lat="30.467691" lon="-98.326843"></trkpt>
      <trkpt lat="30.467518" lon="-98.326926"></trkpt>
      <trkpt lat="30.464176" lon="-98.328545"></trkpt>
      <trkpt lat="30.461161" lon="-98.330005"></trkpt>
      <trkpt lat="30.460963" lon="-98.330108"></trkpt>
      <trkpt lat="30.460760" lon="-98.330221"></trkpt>
      <trkpt lat="30.460472" lon="-98.330381"></trkpt>
      <trkpt lat="30.459991" lon="-98.330675"></trkpt>
      <trkpt lat="30.459515" lon="-98.330993"></trkpt>
      <trkpt lat="30.459012" lon="-98.331332"></trkpt>
      <trkpt lat="30.457752" lon="-98.332202"></trkpt>
      <trkpt lat="30.457185" lon="-98.332594"></trkpt>
      <trkpt lat="30.456974" lon="-98.332739"></trkpt>
      <trkpt lat="30.456647" lon="-98.332964"></trkpt>
      <trkpt lat="30.456468" lon="-98.333088"></trkpt>
      <trkpt lat="30.455639" lon="-98.333655"></trkpt>
      <trkpt lat="30.454877" lon="-98.334177"></trkpt>
      <trkpt lat="30.453871" lon="-98.334866"></trkpt>
      <trkpt lat="30.453498" lon="-98.335121"></trkpt>
      <trkpt lat="30.450824" lon="-98.336968"></trkpt>
      <trkpt lat="30.450304" lon="-98.337297"></trkpt>
      <trkpt lat="30.449775" lon="-98.337605"></trkpt>
      <trkpt lat="30.449236" lon="-98.337892"></trkpt>
      <trkpt lat="30.448739" lon="-98.338133"></trkpt>
      <trkpt lat="30.448232" lon="-98.338355"></trkpt>
      <trkpt lat="30.448118" lon="-98.338399"></trkpt>
      <trkpt lat="30.447720" lon="-98.338555"></trkpt>
      <trkpt lat="30.447201" lon="-98.338734"></trkpt>
      <trkpt lat="30.446677" lon="-98.338892"></trkpt>
      <trkpt lat="30.446244" lon="-98.339002"></trkpt>
      <trkpt lat="30.445092" lon="-98.339295"></trkpt>
      <trkpt lat="30.444861" lon="-98.339354"></trkpt>
      <trkpt lat="30.444012" lon="-98.339566"></trkpt>
      <trkpt lat="30.443455" lon="-98.339704"></trkpt>
      <trkpt lat="30.442876" lon="-98.339867"></trkpt>
      <trkpt lat="30.442302" lon="-98.340055"></trkpt>
      <trkpt lat="30.441735" lon="-98.340267"></trkpt>
      <trkpt lat="30.439469" lon="-98.341211"></trkpt>
      <trkpt lat="30.436729" lon="-98.342351"></trkpt>
      <trkpt lat="30.436322" lon="-98.342520"></trkpt>
      <trkpt lat="30.435437" lon="-98.342892"></trkpt>
      <trkpt lat="30.434245" lon="-98.343392"></trkpt>
      <trkpt lat="30.433793" lon="-98.343575"></trkpt>
      <trkpt lat="30.433436" lon="-98.343730"></trkpt>
      <trkpt lat="30.432908" lon="-98.343949"></trkpt>
      <trkpt lat="30.431658" lon="-98.344467"></trkpt>
      <trkpt lat="30.431564" lon="-98.344506"></trkpt>
      <trkpt lat="30.429147" lon="-98.345508"></trkpt>
      <trkpt lat="30.429136" lon="-98.344562"></trkpt>
      <trkpt lat="30.429149" lon="-98.344186"></trkpt>
      <trkpt lat="30.429159" lon="-98.343921"></trkpt>
      <trkpt lat="30.429209" lon="-98.342498"></trkpt>
      <trkpt lat="30.429222" lon="-98.342141"></trkpt>
      <trkpt lat="30.429263" lon="-98.341114"></trkpt>
      <trkpt lat="30.429310" lon="-98.339904"></trkpt>
      <trkpt lat="30.429336" lon="-98.339249"></trkpt>
      <trkpt lat="30.429371" lon="-98.338071"></trkpt>
      <trkpt lat="30.429381" lon="-98.337727"></trkpt>
      <trkpt lat="30.429395" lon="-98.337206"></trkpt>
      <trkpt lat="30.429403" lon="-98.336437"></trkpt>
      <trkpt lat="30.429408" lon="-98.335910"></trkpt>
      <trkpt lat="30.429432" lon="-98.335213"></trkpt>
      <trkpt lat="30.429439" lon="-98.334814"></trkpt>
      <trkpt lat="30.429430" lon="-98.334630"></trkpt>
      <trkpt lat="30.429407" lon="-98.334448"></trkpt>
      <trkpt lat="30.429369" lon="-98.334269"></trkpt>
      <trkpt lat="30.429317" lon="-98.334095"></trkpt>
      <trkpt lat="30.429286" lon="-98.334017"></trkpt>
      <trkpt lat="30.429250" lon="-98.333927"></trkpt>
      <trkpt lat="30.429171" lon="-98.333767"></trkpt>
      <trkpt lat="30.429122" lon="-98.333656"></trkpt>
      <trkpt lat="30.428988" lon="-98.333315"></trkpt>
      <trkpt lat="30.428871" lon="-98.332967"></trkpt>
      <trkpt lat="30.428838" lon="-98.332850"></trkpt>
      <trkpt lat="30.428770" lon="-98.332610"></trkpt>
      <trkpt lat="30.428527" lon="-98.331537"></trkpt>
      <trkpt lat="30.428389" lon="-98.330927"></trkpt>
      <trkpt lat="30.428338" lon="-98.330758"></trkpt>
      <trkpt lat="30.428273" lon="-98.330594"></trkpt>
      <trkpt lat="30.428206" lon="-98.330461"></trkpt>
      <trkpt lat="30.428195" lon="-98.330439"></trkpt>
      <trkpt lat="30.428105" lon="-98.330292"></trkpt>
      <trkpt lat="30.428004" lon="-98.330155"></trkpt>
      <trkpt lat="30.427879" lon="-98.330009"></trkpt>
      <trkpt lat="30.427386" lon="-98.329434"></trkpt>
      <trkpt lat="30.427025" lon="-98.329013"></trkpt>
      <trkpt lat="30.426685" lon="-98.328610"></trkpt>
      <trkpt lat="30.426478" lon="-98.328365"></trkpt>
      <trkpt lat="30.425605" lon="-98.327329"></trkpt>
      <trkpt lat="30.424819" lon="-98.326517"></trkpt>
      <trkpt lat="30.424669" lon="-98.326342"></trkpt>
      <trkpt lat="30.424531" lon="-98.326156"></trkpt>
      <trkpt lat="30.424405" lon="-98.325959"></trkpt>
      <trkpt lat="30.423839" lon="-98.324925"></trkpt>
      <trkpt lat="30.422572" lon="-98.322569"></trkpt>
      <trkpt lat="30.422135" lon="-98.321746"></trkpt>
      <trkpt lat="30.421995" lon="-98.321463"></trkpt>
      <trkpt lat="30.421809" lon="-98.321086"></trkpt>
      <trkpt lat="30.420609" lon="-98.318404"></trkpt>
      <trkpt lat="30.420075" lon="-98.317252"></trkpt>
      <trkpt lat="30.419858" lon="-98.316832"></trkpt>
      <trkpt lat="30.419624" lon="-98.316424"></trkpt>
      <trkpt lat="30.419232" lon="-98.315842"></trkpt>
      <trkpt lat="30.418847" lon="-98.315330"></trkpt>
      <trkpt lat="30.418301" lon="-98.314566"></trkpt>
      <trkpt lat="30.418206" lon="-98.314414"></trkpt>
      <trkpt lat="30.418120" lon="-98.314254"></trkpt>
      <trkpt lat="30.418044" lon="-98.314087"></trkpt>
      <trkpt lat="30.417980" lon="-98.313914"></trkpt>
      <trkpt lat="30.417837" lon="-98.313448"></trkpt>
      <trkpt lat="30.417737" lon="-98.313106"></trkpt>
      <trkpt lat="30.417546" lon="-98.312391"></trkpt>
      <trkpt lat="30.417181" lon="-98.310958"></trkpt>
      <trkpt lat="30.417142" lon="-98.310723"></trkpt>
      <trkpt lat="30.417120" lon="-98.310623"></trkpt>
      <trkpt lat="30.416960" lon="-98.310100"></trkpt>
      <trkpt lat="30.416773" lon="-98.309524"></trkpt>
      <trkpt lat="30.416721" lon="-98.309375"></trkpt>
      <trkpt lat="30.416536" lon="-98.308840"></trkpt>
      <trkpt lat="30.416321" lon="-98.308167"></trkpt>
      <trkpt lat="30.416188" lon="-98.307802"></trkpt>
      <trkpt lat="30.416143" lon="-98.307679"></trkpt>
      <trkpt lat="30.416029" lon="-98.307242"></trkpt>
      <trkpt lat="30.415880" lon="-98.306586"></trkpt>
      <trkpt lat="30.415735" lon="-98.305978"></trkpt>
      <trkpt lat="30.415594" lon="-98.305343"></trkpt>
      <trkpt lat="30.415329" lon="-98.304203"></trkpt>
      <trkpt lat="30.415322" lon="-98.304176"></trkpt>
      <trkpt lat="30.415254" lon="-98.303930"></trkpt>
      <trkpt lat="30.415125" lon="-98.303533"></trkpt>
      <trkpt lat="30.414864" lon="-98.302780"></trkpt>
      <trkpt lat="30.414820" lon="-98.302634"></trkpt>
      <trkpt lat="30.414624" lon="-98.301927"></trkpt>
      <trkpt lat="30.414571" lon="-98.301758"></trkpt>
      <trkpt lat="30.414530" lon="-98.301651"></trkpt>
      <trkpt lat="30.414506" lon="-98.301587"></trkpt>
      <trkpt lat="30.414445" lon="-98.301455"></trkpt>
      <trkpt lat="30.414403" lon="-98.301381"></trkpt>
      <trkpt lat="30.414339" lon="-98.301270"></trkpt>
      <trkpt lat="30.414246" lon="-98.301130"></trkpt>
      <trkpt lat="30.414075" lon="-98.300900"></trkpt>
      <trkpt lat="30.413255" lon="-98.299902"></trkpt>
      <trkpt lat="30.412795" lon="-98.299328"></trkpt>
      <trkpt lat="30.412337" lon="-98.298780"></trkpt>
      <trkpt lat="30.410096" lon="-98.296067"></trkpt>
      <trkpt lat="30.409501" lon="-98.295366"></trkpt>
      <trkpt lat="30.408871" lon="-98.294590"></trkpt>
      <trkpt lat="30.408729" lon="-98.294395"></trkpt>
      <trkpt lat="30.408605" lon="-98.294193"></trkpt>
      <trkpt lat="30.408492" lon="-98.293976"></trkpt>
      <trkpt lat="30.407617" lon="-98.291908"></trkpt>
      <trkpt lat="30.407408" lon="-98.291356"></trkpt>
      <trkpt lat="30.406553" lon="-98.289149"></trkpt>
      <trkpt lat="30.406427" lon="-98.288876"></trkpt>
      <trkpt lat="30.406284" lon="-98.288613"></trkpt>
      <trkpt lat="30.404863" lon="-98.286342"></trkpt>
      <trkpt lat="30.404689" lon="-98.286048"></trkpt>
      <trkpt lat="30.404595" lon="-98.285888"></trkpt>
      <trkpt lat="30.404314" lon="-98.285372"></trkpt>
      <trkpt lat="30.403704" lon="-98.284117"></trkpt>
      <trkpt lat="30.403531" lon="-98.283761"></trkpt>
      <trkpt lat="30.402912" lon="-98.282457"></trkpt>
      <trkpt lat="30.402626" lon="-98.281855"></trkpt>
      <trkpt lat="30.401841" lon="-98.280060"></trkpt>
      <trkpt lat="30.401358" lon="-98.278979"></trkpt>
      <trkpt lat="30.401027" lon="-98.278215"></trkpt>
      <trkpt lat="30.400715" lon="-98.277516"></trkpt>
      <trkpt lat="30.399957" lon="-98.275790"></trkpt>
      <trkpt lat="30.399844" lon="-98.275515"></trkpt>
      <trkpt lat="30.399750" lon="-98.275230"></trkpt>
      <trkpt lat="30.399676" lon="-98.274937"></trkpt>
      <trkpt lat="30.399390" lon="-98.273399"></trkpt>
      <trkpt lat="30.399051" lon="-98.271773"></trkpt>
      <trkpt lat="30.398843" lon="-98.270925"></trkpt>
      <trkpt lat="30.398638" lon="-98.270101"></trkpt>
      <trkpt lat="30.398515" lon="-98.269628"></trkpt>
      <trkpt lat="30.398411" lon="-98.269149"></trkpt>
      <trkpt lat="30.398090" lon="-98.267370"></trkpt>
      <trkpt lat="30.397804" lon="-98.265752"></trkpt>
      <trkpt lat="30.397642" lon="-98.264896"></trkpt>
      <trkpt lat="30.397570" lon="-98.264598"></trkpt>
      <trkpt lat="30.397477" lon="-98.264307"></trkpt>
      <trkpt lat="30.397294" lon="-98.263688"></trkpt>
      <trkpt lat="30.396899" lon="-98.262437"></trkpt>
      <trkpt lat="30.396695" lon="-98.261826"></trkpt>
      <trkpt lat="30.396672" lon="-98.261757"></trkpt>
      <trkpt lat="30.396596" lon="-98.261532"></trkpt>
      <trkpt lat="30.396583" lon="-98.261482"></trkpt>
      <trkpt lat="30.396536" lon="-98.261308"></trkpt>
      <trkpt lat="30.396494" lon="-98.261078"></trkpt>
      <trkpt lat="30.396466" lon="-98.260845"></trkpt>
      <trkpt lat="30.396406" lon="-98.260434"></trkpt>
      <trkpt lat="30.396350" lon="-98.260138"></trkpt>
      <trkpt lat="30.396274" lon="-98.259849"></trkpt>
      <trkpt lat="30.396083" lon="-98.259304"></trkpt>
      <trkpt lat="30.395895" lon="-98.258800"></trkpt>
      <trkpt lat="30.395370" lon="-98.257439"></trkpt>
      <trkpt lat="30.394791" lon="-98.255922"></trkpt>
      <trkpt lat="30.394686" lon="-98.255702"></trkpt>
      <trkpt lat="30.394565" lon="-98.255493"></trkpt>
      <trkpt lat="30.394504" lon="-98.255402"></trkpt>
      <trkpt lat="30.393910" lon="-98.254616"></trkpt>
      <trkpt lat="30.393566" lon="-98.254161"></trkpt>
      <trkpt lat="30.393100" lon="-98.253571"></trkpt>
      <trkpt lat="30.392406" lon="-98.252713"></trkpt>
      <trkpt lat="30.392331" lon="-98.252627"></trkpt>
      <trkpt lat="30.392172" lon="-98.252469"></trkpt>
      <trkpt lat="30.392002" lon="-98.252328"></trkpt>
      <trkpt lat="30.391823" lon="-98.252203"></trkpt>
      <trkpt lat="30.391636" lon="-98.252095"></trkpt>
      <trkpt lat="30.391389" lon="-98.251979"></trkpt>
      <trkpt lat="30.391236" lon="-98.251922"></trkpt>
      <trkpt lat="30.391079" lon="-98.251879"></trkpt>
      <trkpt lat="30.390920" lon="-98.251849"></trkpt>
      <trkpt lat="30.390759" lon="-98.251831"></trkpt>
      <trkpt lat="30.388457" lon="-98.251777"></trkpt>
      <trkpt lat="30.388238" lon="-98.251764"></trkpt>
      <trkpt lat="30.388020" lon="-98.251734"></trkpt>
      <trkpt lat="30.387804" lon="-98.251686"></trkpt>
      <trkpt lat="30.387592" lon="-98.251621"></trkpt>
      <trkpt lat="30.387384" lon="-98.251539"></trkpt>
      <trkpt lat="30.386629" lon="-98.251170"></trkpt>
      <trkpt lat="30.385760" lon="-98.250748"></trkpt>
      <trkpt lat="30.385067" lon="-98.250398"></trkpt>
      <trkpt lat="30.384312" lon="-98.250038"></trkpt>
      <trkpt lat="30.384211" lon="-98.249997"></trkpt>
      <trkpt lat="30.384108" lon="-98.249966"></trkpt>
      <trkpt lat="30.384003" lon="-98.249943"></trkpt>
      <trkpt lat="30.383896" lon="-98.249929"></trkpt>
      <trkpt lat="30.383789" lon="-98.249924"></trkpt>
      <trkpt lat="30.383629" lon="-98.249935"></trkpt>
      <trkpt lat="30.383148" lon="-98.249953"></trkpt>
      <trkpt lat="30.382691" lon="-98.249964"></trkpt>
      <trkpt lat="30.382420" lon="-98.249970"></trkpt>
      <trkpt lat="30.382259" lon="-98.249984"></trkpt>
      <trkpt lat="30.382100" lon="-98.250011"></trkpt>
      <trkpt lat="30.381995" lon="-98.250039"></trkpt>
      <trkpt lat="30.381942" lon="-98.250053"></trkpt>
      <trkpt lat="30.381788" lon="-98.250107"></trkpt>
      <trkpt lat="30.381197" lon="-98.250392"></trkpt>
      <trkpt lat="30.381150" lon="-98.250423"></trkpt>
      <trkpt lat="30.381061" lon="-98.250495"></trkpt>
      <trkpt lat="30.380982" lon="-98.250578"></trkpt>
      <trkpt lat="30.380981" lon="-98.250579"></trkpt>
      <trkpt lat="30.380954" lon="-98.250613"></trkpt>
      <trkpt lat="30.380845" lon="-98.250496"></trkpt>
      <trkpt lat="30.380558" lon="-98.250188"></trkpt>
      <trkpt lat="30.380351" lon="-98.249999"></trkpt>
      <trkpt lat="30.380090" lon="-98.249788"></trkpt>
      <trkpt lat="30.379819" lon="-98.249600"></trkpt>
      <trkpt lat="30.379644" lon="-98.249468"></trkpt>
      <trkpt lat="30.379478" lon="-98.249321"></trkpt>
      <trkpt lat="30.379322" lon="-98.249160"></trkpt>
      <trkpt lat="30.379138" lon="-98.248939"></trkpt>
      <trkpt lat="30.379028" lon="-98.248793"></trkpt>
      <trkpt lat="30.378811" lon="-98.248447"></trkpt>
      <trkpt lat="30.378673" lon="-98.248180"></trkpt>
      <trkpt lat="30.378627" lon="-98.248070"></trkpt>
      <trkpt lat="30.378520" lon="-98.247778"></trkpt>
      <trkpt lat="30.378477" lon="-98.247626"></trkpt>
      <trkpt lat="30.378435" lon="-98.247480"></trkpt>
      <trkpt lat="30.378414" lon="-98.247382"></trkpt>
      <trkpt lat="30.378370" lon="-98.247175"></trkpt>
      <trkpt lat="30.378335" lon="-98.246872"></trkpt>
      <trkpt lat="30.378319" lon="-98.246568"></trkpt>
      <trkpt lat="30.378323" lon="-98.246263"></trkpt>
      <trkpt lat="30.378399" lon="-98.245216"></trkpt>
      <trkpt lat="30.378417" lon="-98.244850"></trkpt>
      <trkpt lat="30.378421" lon="-98.244423"></trkpt>
      <trkpt lat="30.378413" lon="-98.244178"></trkpt>
      <trkpt lat="30.378387" lon="-98.243934"></trkpt>
      <trkpt lat="30.378343" lon="-98.243692"></trkpt>
      <trkpt lat="30.378281" lon="-98.243456"></trkpt>
      <trkpt lat="30.378204" lon="-98.243226"></trkpt>
      <trkpt lat="30.378018" lon="-98.242784"></trkpt>
      <trkpt lat="30.377812" lon="-98.242314"></trkpt>
      <trkpt lat="30.377515" lon="-98.241676"></trkpt>
      <trkpt lat="30.377139" lon="-98.240825"></trkpt>
      <trkpt lat="30.376987" lon="-98.240432"></trkpt>
      <trkpt lat="30.376854" lon="-98.240030"></trkpt>
      <trkpt lat="30.376757" lon="-98.239679"></trkpt>
      <trkpt lat="30.376495" lon="-98.238558"></trkpt>
      <trkpt lat="30.376342" lon="-98.237875"></trkpt>
      <trkpt lat="30.376266" lon="-98.237577"></trkpt>
      <trkpt lat="30.376173" lon="-98.237283"></trkpt>
      <trkpt lat="30.376065" lon="-98.236997"></trkpt>
      <trkpt lat="30.375941" lon="-98.236718"></trkpt>
      <trkpt lat="30.375797" lon="-98.236448"></trkpt>
      <trkpt lat="30.375636" lon="-98.236192"></trkpt>
      <trkpt lat="30.375459" lon="-98.235950"></trkpt>
      <trkpt lat="30.375348" lon="-98.235820"></trkpt>
      <trkpt lat="30.374420" lon="-98.234780"></trkpt>
      <trkpt lat="30.374395" lon="-98.234748"></trkpt>
      <trkpt lat="30.374238" lon="-98.234542"></trkpt>
      <trkpt lat="30.374072" lon="-98.234290"></trkpt>
      <trkpt lat="30.373922" lon="-98.234025"></trkpt>
      <trkpt lat="30.373819" lon="-98.233812"></trkpt>
      <trkpt lat="30.373763" lon="-98.233696"></trkpt>
      <trkpt lat="30.373637" lon="-98.233377"></trkpt>
      <trkpt lat="30.373554" lon="-98.233122"></trkpt>
      <trkpt lat="30.373477" lon="-98.232823"></trkpt>
      <trkpt lat="30.373387" lon="-98.232328"></trkpt>
      <trkpt lat="30.373155" lon="-98.230969"></trkpt>
      <trkpt lat="30.372886" lon="-98.229246"></trkpt>
      <trkpt lat="30.372813" lon="-98.228591"></trkpt>
      <trkpt lat="30.372780" lon="-98.228195"></trkpt>
      <trkpt lat="30.372670" lon="-98.226867"></trkpt>
      <trkpt lat="30.372407" lon="-98.223964"></trkpt>
      <trkpt lat="30.372337" lon="-98.223229"></trkpt>
      <trkpt lat="30.372253" lon="-98.222560"></trkpt>
      <trkpt lat="30.371882" lon="-98.220253"></trkpt>
      <trkpt lat="30.371731" lon="-98.219363"></trkpt>
      <trkpt lat="30.371615" lon="-98.218638"></trkpt>
      <trkpt lat="30.371540" lon="-98.218102"></trkpt>
      <trkpt lat="30.371484" lon="-98.217549"></trkpt>
      <trkpt lat="30.371448" lon="-98.216992"></trkpt>
      <trkpt lat="30.371431" lon="-98.216490"></trkpt>
      <trkpt lat="30.371434" lon="-98.215988"></trkpt>
      <trkpt lat="30.371458" lon="-98.215486"></trkpt>
      <trkpt lat="30.371533" lon="-98.214186"></trkpt>
      <trkpt lat="30.371544" lon="-98.213807"></trkpt>
      <trkpt lat="30.371536" lon="-98.213429"></trkpt>
      <trkpt lat="30.371508" lon="-98.213052"></trkpt>
      <trkpt lat="30.371473" lon="-98.212785"></trkpt>
      <trkpt lat="30.371459" lon="-98.212678"></trkpt>
      <trkpt lat="30.371411" lon="-98.212434"></trkpt>
      <trkpt lat="30.371325" lon="-98.212073"></trkpt>
      <trkpt lat="30.371221" lon="-98.211718"></trkpt>
      <trkpt lat="30.370882" lon="-98.210745"></trkpt>
      <trkpt lat="30.370848" lon="-98.210648"></trkpt>
      <trkpt lat="30.370256" lon="-98.209036"></trkpt>
      <trkpt lat="30.370097" lon="-98.208635"></trkpt>
      <trkpt lat="30.370043" lon="-98.208516"></trkpt>
      <trkpt lat="30.369920" lon="-98.208245"></trkpt>
      <trkpt lat="30.369725" lon="-98.207866"></trkpt>
      <trkpt lat="30.369511" lon="-98.207500"></trkpt>
      <trkpt lat="30.369157" lon="-98.206966"></trkpt>
      <trkpt lat="30.368519" lon="-98.206041"></trkpt>
      <trkpt lat="30.367540" lon="-98.204646"></trkpt>
      <trkpt lat="30.366694" lon="-98.203453"></trkpt>
      <trkpt lat="30.366363" lon="-98.202994"></trkpt>
      <trkpt lat="30.365553" lon="-98.201870"></trkpt>
      <trkpt lat="30.364732" lon="-98.200749"></trkpt>
      <trkpt lat="30.364206" lon="-98.199961"></trkpt>
      <trkpt lat="30.363665" lon="-98.199234"></trkpt>
      <trkpt lat="30.363328" lon="-98.198740"></trkpt>
      <trkpt lat="30.363008" lon="-98.198230"></trkpt>
      <trkpt lat="30.362828" lon="-98.197901"></trkpt>
      <trkpt lat="30.362645" lon="-98.197602"></trkpt>
      <trkpt lat="30.362481" lon="-98.197334"></trkpt>
      <trkpt lat="30.361616" lon="-98.195861"></trkpt>
      <trkpt lat="30.361474" lon="-98.195604"></trkpt>
      <trkpt lat="30.361349" lon="-98.195335"></trkpt>
      <trkpt lat="30.361242" lon="-98.195058"></trkpt>
      <trkpt lat="30.361152" lon="-98.194779"></trkpt>
      <trkpt lat="30.361078" lon="-98.194494"></trkpt>
      <trkpt lat="30.361020" lon="-98.194204"></trkpt>
      <trkpt lat="30.360979" lon="-98.193894"></trkpt>
      <trkpt lat="30.360956" lon="-98.193583"></trkpt>
      <trkpt lat="30.360952" lon="-98.193283"></trkpt>
      <trkpt lat="30.360977" lon="-98.192727"></trkpt>
      <trkpt lat="30.361018" lon="-98.191453"></trkpt>
      <trkpt lat="30.361082" lon="-98.189774"></trkpt>
      <trkpt lat="30.361100" lon="-98.189176"></trkpt>
      <trkpt lat="30.361114" lon="-98.188689"></trkpt>
      <trkpt lat="30.361105" lon="-98.188262"></trkpt>
      <trkpt lat="30.361076" lon="-98.187837"></trkpt>
      <trkpt lat="30.361059" lon="-98.187666"></trkpt>
      <trkpt lat="30.361048" lon="-98.187578"></trkpt>
      <trkpt lat="30.360981" lon="-98.187208"></trkpt>
      <trkpt lat="30.360894" lon="-98.186844"></trkpt>
      <trkpt lat="30.360697" lon="-98.186159"></trkpt>
      <trkpt lat="30.360503" lon="-98.185537"></trkpt>
      <trkpt lat="30.360381" lon="-98.185133"></trkpt>
      <trkpt lat="30.360308" lon="-98.184835"></trkpt>
      <trkpt lat="30.360252" lon="-98.184533"></trkpt>
      <trkpt lat="30.360192" lon="-98.184100"></trkpt>
      <trkpt lat="30.360164" lon="-98.183787"></trkpt>
      <trkpt lat="30.360152" lon="-98.183473"></trkpt>
      <trkpt lat="30.360163" lon="-98.183040"></trkpt>
      <trkpt lat="30.360195" lon="-98.182610"></trkpt>
      <trkpt lat="30.360469" lon="-98.180284"></trkpt>
      <trkpt lat="30.360557" lon="-98.179434"></trkpt>
      <trkpt lat="30.360588" lon="-98.179119"></trkpt>
      <trkpt lat="30.360587" lon="-98.178768"></trkpt>
      <trkpt lat="30.360592" lon="-98.178647"></trkpt>
      <trkpt lat="30.360529" lon="-98.178128"></trkpt>
      <trkpt lat="30.360441" lon="-98.177708"></trkpt>
      <trkpt lat="30.360331" lon="-98.177295"></trkpt>
      <trkpt lat="30.360203" lon="-98.176899"></trkpt>
      <trkpt lat="30.360088" lon="-98.176501"></trkpt>
      <trkpt lat="30.360059" lon="-98.176384"></trkpt>
      <trkpt lat="30.360007" lon="-98.176081"></trkpt>
      <trkpt lat="30.359973" lon="-98.175774"></trkpt>
      <trkpt lat="30.359959" lon="-98.175465"></trkpt>
      <trkpt lat="30.359959" lon="-98.175087"></trkpt>
      <trkpt lat="30.359980" lon="-98.174750"></trkpt>
      <trkpt lat="30.359982" lon="-98.174709"></trkpt>
      <trkpt lat="30.360026" lon="-98.174334"></trkpt>
      <trkpt lat="30.360276" lon="-98.171662"></trkpt>
      <trkpt lat="30.360276" lon="-98.171240"></trkpt>
      <trkpt lat="30.360262" lon="-98.170875"></trkpt>
      <trkpt lat="30.360216" lon="-98.170515"></trkpt>
      <trkpt lat="30.360188" lon="-98.170307"></trkpt>
      <trkpt lat="30.360082" lon="-98.169863"></trkpt>
      <trkpt lat="30.359959" lon="-98.169608"></trkpt>
      <trkpt lat="30.359802" lon="-98.169369"></trkpt>
      <trkpt lat="30.359120" lon="-98.168431"></trkpt>
      <trkpt lat="30.358610" lon="-98.167843"></trkpt>
      <trkpt lat="30.358276" lon="-98.167455"></trkpt>
      <trkpt lat="30.358072" lon="-98.167175"></trkpt>
      <trkpt lat="30.357870" lon="-98.166839"></trkpt>
      <trkpt lat="30.357752" lon="-98.166571"></trkpt>
      <trkpt lat="30.357690" lon="-98.166324"></trkpt>
      <trkpt lat="30.357565" lon="-98.165599"></trkpt>
      <trkpt lat="30.357449" lon="-98.165183"></trkpt>
      <trkpt lat="30.357414" lon="-98.165059"></trkpt>
      <trkpt lat="30.357137" lon="-98.164598"></trkpt>
      <trkpt lat="30.355525" lon="-98.162461"></trkpt>
      <trkpt lat="30.354452" lon="-98.161012"></trkpt>
      <trkpt lat="30.353972" lon="-98.160332"></trkpt>
      <trkpt lat="30.353419" lon="-98.159549"></trkpt>
      <trkpt lat="30.353134" lon="-98.159180"></trkpt>
      <trkpt lat="30.352849" lon="-98.158745"></trkpt>
      <trkpt lat="30.352693" lon="-98.158507"></trkpt>
      <trkpt lat="30.351728" lon="-98.157033"></trkpt>
      <trkpt lat="30.351706" lon="-98.157002"></trkpt>
      <trkpt lat="30.350849" lon="-98.155807"></trkpt>
      <trkpt lat="30.350705" lon="-98.155607"></trkpt>
      <trkpt lat="30.350022" lon="-98.154655"></trkpt>
      <trkpt lat="30.349834" lon="-98.154400"></trkpt>
      <trkpt lat="30.349609" lon="-98.154095"></trkpt>
      <trkpt lat="30.347379" lon="-98.150917"></trkpt>
      <trkpt lat="30.345281" lon="-98.148038"></trkpt>
      <trkpt lat="30.344254" lon="-98.146609"></trkpt>
      <trkpt lat="30.343741" lon="-98.145906"></trkpt>
      <trkpt lat="30.343467" lon="-98.145530"></trkpt>
      <trkpt lat="30.343330" lon="-98.145345"></trkpt>
      <trkpt lat="30.343182" lon="-98.145177"></trkpt>
      <trkpt lat="30.343072" lon="-98.145077"></trkpt>
      <trkpt lat="30.342838" lon="-98.144941"></trkpt>
      <trkpt lat="30.342652" lon="-98.144873"></trkpt>
      <trkpt lat="30.342136" lon="-98.144732"></trkpt>
      <trkpt lat="30.341559" lon="-98.144603"></trkpt>
      <trkpt lat="30.341385" lon="-98.144562"></trkpt>
      <trkpt lat="30.341179" lon="-98.144519"></trkpt>
      <trkpt lat="30.340969" lon="-98.144481"></trkpt>
      <trkpt lat="30.340643" lon="-98.144445"></trkpt>
      <trkpt lat="30.340380" lon="-98.144455"></trkpt>
      <trkpt lat="30.340177" lon="-98.144495"></trkpt>
      <trkpt lat="30.339890" lon="-98.144573"></trkpt>
      <trkpt lat="30.339565" lon="-98.144683"></trkpt>
      <trkpt lat="30.338790" lon="-98.144962"></trkpt>
      <trkpt lat="30.338611" lon="-98.145004"></trkpt>
      <trkpt lat="30.338522" lon="-98.145007"></trkpt>
      <trkpt lat="30.338364" lon="-98.144975"></trkpt>
      <trkpt lat="30.338246" lon="-98.144931"></trkpt>
      <trkpt lat="30.338006" lon="-98.144767"></trkpt>
      <trkpt lat="30.337867" lon="-98.144639"></trkpt>
      <trkpt lat="30.336674" lon="-98.143461"></trkpt>
      <trkpt lat="30.336526" lon="-98.143254"></trkpt>
      <trkpt lat="30.336328" lon="-98.142780"></trkpt>
      <trkpt lat="30.335930" lon="-98.141683"></trkpt>
      <trkpt lat="30.335893" lon="-98.141562"></trkpt>
      <trkpt lat="30.335772" lon="-98.141163"></trkpt>
      <trkpt lat="30.335671" lon="-98.140860"></trkpt>
      <trkpt lat="30.335710" lon="-98.140672"></trkpt>
      <trkpt lat="30.335760" lon="-98.140532"></trkpt>
      <trkpt lat="30.335882" lon="-98.140371"></trkpt>
      <trkpt lat="30.336115" lon="-98.140239"></trkpt>
      <trkpt lat="30.336456" lon="-98.140071"></trkpt>
      <trkpt lat="30.337983" lon="-98.139801"></trkpt>
      <trkpt lat="30.338497" lon="-98.139705"></trkpt>
      <trkpt lat="30.338830" lon="-98.139603"></trkpt>
      <trkpt lat="30.339027" lon="-98.139509"></trkpt>
      <trkpt lat="30.339418" lon="-98.139480"></trkpt>
      <trkpt lat="30.339649" lon="-98.139450"></trkpt>
      <trkpt lat="30.339773" lon="-98.139437"></trkpt>
      <trkpt lat="30.339846" lon="-98.139389"></trkpt>
      <trkpt lat="30.339909" lon="-98.139300"></trkpt>
      <trkpt lat="30.340151" lon="-98.138563"></trkpt>
      <trkpt lat="30.340183" lon="-98.138481"></trkpt>
      <trkpt lat="30.340251" lon="-98.138279"></trkpt>
      <trkpt lat="30.340421" lon="-98.137990"></trkpt>
      <trkpt lat="30.340642" lon="-98.137831"></trkpt>
      <trkpt lat="30.340873" lon="-98.137731"></trkpt>
      <trkpt lat="30.341471" lon="-98.137489"></trkpt>
      <trkpt lat="30.341537" lon="-98.137453"></trkpt>
      <trkpt lat="30.341580" lon="-98.137406"></trkpt>
      <trkpt lat="30.341607" lon="-98.137360"></trkpt>
      <trkpt lat="30.341612" lon="-98.137300"></trkpt>
      <trkpt lat="30.341603" lon="-98.137246"></trkpt>
      <trkpt lat="30.341567" lon="-98.137201"></trkpt>
      <trkpt lat="30.341515" lon="-98.137166"></trkpt>
      <trkpt lat="30.341457" lon="-98.137154"></trkpt>
      <trkpt lat="30.341397" lon="-98.137147"></trkpt>
      <trkpt lat="30.340436" lon="-98.137271"></trkpt>
      <trkpt lat="30.340199" lon="-98.137255"></trkpt>
      <trkpt lat="30.339988" lon="-98.137215"></trkpt>
      <trkpt lat="30.339902" lon="-98.137170"></trkpt>
      <trkpt lat="30.339850" lon="-98.137115"></trkpt>
      <trkpt lat="30.339826" lon="-98.137007"></trkpt>
      <trkpt lat="30.339867" lon="-98.136805"></trkpt>
      <trkpt lat="30.339944" lon="-98.136651"></trkpt>
      <trkpt lat="30.340052" lon="-98.136461"></trkpt>
      <trkpt lat="30.340110" lon="-98.136368"></trkpt>
      <trkpt lat="30.340163" lon="-98.136284"></trkpt>
      <trkpt lat="30.340189" lon="-98.136248"></trkpt>
      <trkpt lat="30.340349" lon="-98.136026"></trkpt>
      <trkpt lat="30.340395" lon="-98.135961"></trkpt>
      <trkpt lat="30.340680" lon="-98.135641"></trkpt>
      <trkpt lat="30.340768" lon="-98.135499"></trkpt>
      <trkpt lat="30.340825" lon="-98.135322"></trkpt>
      <trkpt lat="30.340840" lon="-98.135185"></trkpt>
      <trkpt lat="30.340837" lon="-98.134968"></trkpt>
      <trkpt lat="30.340813" lon="-98.134802"></trkpt>
      <trkpt lat="30.340764" lon="-98.134609"></trkpt>
      <trkpt lat="30.340678" lon="-98.134418"></trkpt>
      <trkpt lat="30.340309" lon="-98.133819"></trkpt>
      <trkpt lat="30.340103" lon="-98.133415"></trkpt>
      <trkpt lat="30.339969" lon="-98.133109"></trkpt>
      <trkpt lat="30.339918" lon="-98.132879"></trkpt>
      <trkpt lat="30.339904" lon="-98.132397"></trkpt>
      <trkpt lat="30.339926" lon="-98.131979"></trkpt>
      <trkpt lat="30.339912" lon="-98.131851"></trkpt>
      <trkpt lat="30.339883" lon="-98.131610"></trkpt>
      <trkpt lat="30.339786" lon="-98.131354"></trkpt>
      <trkpt lat="30.339664" lon="-98.131120"></trkpt>
      <trkpt lat="30.339404" lon="-98.130696"></trkpt>
      <trkpt lat="30.339017" lon="-98.130261"></trkpt>
      <trkpt lat="30.338577" lon="-98.129926"></trkpt>
      <trkpt lat="30.337931" lon="-98.129436"></trkpt>
      <trkpt lat="30.337541" lon="-98.129207"></trkpt>
      <trkpt lat="30.336915" lon="-98.128925"></trkpt>
      <trkpt lat="30.336648" lon="-98.128786"></trkpt>
      <trkpt lat="30.336435" lon="-98.128620"></trkpt>
      <trkpt lat="30.336273" lon="-98.128430"></trkpt>
      <trkpt lat="30.336136" lon="-98.128233"></trkpt>
      <trkpt lat="30.336018" lon="-98.127986"></trkpt>
      <trkpt lat="30.335966" lon="-98.127841"></trkpt>
      <trkpt lat="30.335933" lon="-98.127715"></trkpt>
      <trkpt lat="30.335779" lon="-98.126685"></trkpt>
      <trkpt lat="30.335720" lon="-98.126464"></trkpt>
      <trkpt lat="30.335619" lon="-98.126219"></trkpt>
      <trkpt lat="30.335201" lon="-98.125413"></trkpt>
      <trkpt lat="30.334920" lon="-98.124867"></trkpt>
      <trkpt lat="30.334090" lon="-98.123266"></trkpt>
      <trkpt lat="30.333549" lon="-98.122233"></trkpt>
      <trkpt lat="30.333295" lon="-98.121729"></trkpt>
      <trkpt lat="30.333184" lon="-98.121454"></trkpt>
      <trkpt lat="30.333076" lon="-98.121138"></trkpt>
      <trkpt lat="30.332805" lon="-98.119998"></trkpt>
      <trkpt lat="30.332727" lon="-98.119784"></trkpt>
      <trkpt lat="30.332605" lon="-98.119532"></trkpt>
      <trkpt lat="30.332391" lon="-98.119174"></trkpt>
      <trkpt lat="30.331575" lon="-98.118036"></trkpt>
      <trkpt lat="30.331139" lon="-98.117405"></trkpt>
      <trkpt lat="30.330919" lon="-98.117158"></trkpt>
      <trkpt lat="30.330738" lon="-98.117029"></trkpt>
      <trkpt lat="30.329863" lon="-98.116416"></trkpt>
      <trkpt lat="30.329578" lon="-98.116186"></trkpt>
      <trkpt lat="30.329375" lon="-98.115953"></trkpt>
      <trkpt lat="30.329221" lon="-98.115724"></trkpt>
      <trkpt lat="30.329106" lon="-98.115490"></trkpt>
      <trkpt lat="30.328817" lon="-98.114765"></trkpt>
      <trkpt lat="30.328364" lon="-98.113590"></trkpt>
      <trkpt lat="30.328065" lon="-98.112854"></trkpt>
      <trkpt lat="30.327836" lon="-98.112284"></trkpt>
      <trkpt lat="30.327567" lon="-98.111778"></trkpt>
      <trkpt lat="30.327076" lon="-98.111004"></trkpt>
      <trkpt lat="30.326626" lon="-98.110003"></trkpt>
      <trkpt lat="30.326186" lon="-98.109177"></trkpt>
      <trkpt lat="30.325989" lon="-98.108905"></trkpt>
      <trkpt lat="30.325691" lon="-98.108609"></trkpt>
      <trkpt lat="30.325490" lon="-98.108466"></trkpt>
      <trkpt lat="30.325268" lon="-98.108312"></trkpt>
      <trkpt lat="30.324486" lon="-98.107847"></trkpt>
      <trkpt lat="30.324280" lon="-98.107711"></trkpt>
      <trkpt lat="30.324094" lon="-98.107529"></trkpt>
      <trkpt lat="30.323863" lon="-98.107245"></trkpt>
      <trkpt lat="30.323194" lon="-98.106299"></trkpt>
      <trkpt lat="30.322575" lon="-98.105557"></trkpt>
      <trkpt lat="30.322310" lon="-98.105219"></trkpt>
      <trkpt lat="30.322175" lon="-98.105053"></trkpt>
      <trkpt lat="30.322074" lon="-98.104946"></trkpt>
      <trkpt lat="30.321214" lon="-98.104182"></trkpt>
      <trkpt lat="30.320713" lon="-98.103421"></trkpt>
      <trkpt lat="30.319713" lon="-98.101854"></trkpt>
      <trkpt lat="30.318382" lon="-98.099828"></trkpt>
      <trkpt lat="30.317881" lon="-98.099087"></trkpt>
      <trkpt lat="30.317559" lon="-98.098590"></trkpt>
      <trkpt lat="30.317277" lon="-98.098175"></trkpt>
      <trkpt lat="30.316748" lon="-98.097397"></trkpt>
      <trkpt lat="30.315727" lon="-98.095911"></trkpt>
      <trkpt lat="30.314752" lon="-98.094413"></trkpt>
      <trkpt lat="30.313884" lon="-98.093020"></trkpt>
      <trkpt lat="30.313649" lon="-98.092642"></trkpt>
      <trkpt lat="30.313212" lon="-98.092066"></trkpt>
      <trkpt lat="30.312840" lon="-98.091436"></trkpt>
      <trkpt lat="30.312575" lon="-98.091000"></trkpt>
      <trkpt lat="30.312426" lon="-98.090812"></trkpt>
      <trkpt lat="30.312153" lon="-98.090559"></trkpt>
      <trkpt lat="30.311798" lon="-98.090353"></trkpt>
      <trkpt lat="30.310800" lon="-98.089944"></trkpt>
      <trkpt lat="30.310070" lon="-98.089760"></trkpt>
      <trkpt lat="30.308809" lon="-98.089345"></trkpt>
      <trkpt lat="30.307995" lon="-98.089341"></trkpt>
      <trkpt lat="30.307363" lon="-98.089355"></trkpt>
      <trkpt lat="30.307319" lon="-98.089356"></trkpt>
      <trkpt lat="30.306737" lon="-98.089348"></trkpt>
      <trkpt lat="30.306127" lon="-98.089340"></trkpt>
      <trkpt lat="30.306038" lon="-98.089364"></trkpt>
      <trkpt lat="30.305176" lon="-98.089593"></trkpt>
      <trkpt lat="30.304817" lon="-98.089701"></trkpt>
      <trkpt lat="30.304693" lon="-98.089732"></trkpt>
      <trkpt lat="30.304386" lon="-98.089808"></trkpt>
      <trkpt lat="30.303875" lon="-98.089843"></trkpt>
      <trkpt lat="30.303733" lon="-98.089814"></trkpt>
      <trkpt lat="30.303350" lon="-98.089741"></trkpt>
      <trkpt lat="30.303059" lon="-98.089686"></trkpt>
      <trkpt lat="30.302398" lon="-98.089525"></trkpt>
      <trkpt lat="30.302239" lon="-98.089498"></trkpt>
      <trkpt lat="30.302046" lon="-98.089466"></trkpt>
      <trkpt lat="30.301262" lon="-98.089325"></trkpt>
      <trkpt lat="30.301024" lon="-98.089282"></trkpt>
      <trkpt lat="30.300391" lon="-98.089168"></trkpt>
      <trkpt lat="30.300226" lon="-98.089097"></trkpt>
      <trkpt lat="30.299687" lon="-98.088865"></trkpt>
      <trkpt lat="30.299149" lon="-98.088484"></trkpt>
      <trkpt lat="30.298112" lon="-98.087805"></trkpt>
      <trkpt lat="30.297808" lon="-98.087630"></trkpt>
      <trkpt lat="30.297414" lon="-98.087402"></trkpt>
      <trkpt lat="30.296989" lon="-98.087087"></trkpt>
      <trkpt lat="30.296842" lon="-98.086978"></trkpt>
      <trkpt lat="30.295964" lon="-98.086401"></trkpt>
      <trkpt lat="30.295792" lon="-98.086258"></trkpt>
      <trkpt lat="30.294661" lon="-98.085178"></trkpt>
      <trkpt lat="30.293971" lon="-98.084546"></trkpt>
      <trkpt lat="30.293839" lon="-98.084425"></trkpt>
      <trkpt lat="30.293779" lon="-98.084315"></trkpt>
      <trkpt lat="30.293740" lon="-98.084243"></trkpt>
      <trkpt lat="30.293563" lon="-98.083918"></trkpt>
      <trkpt lat="30.293337" lon="-98.083534"></trkpt>
      <trkpt lat="30.293175" lon="-98.083089"></trkpt>
      <trkpt lat="30.292963" lon="-98.082504"></trkpt>
      <trkpt lat="30.292834" lon="-98.082147"></trkpt>
      <trkpt lat="30.292259" lon="-98.080564"></trkpt>
      <trkpt lat="30.292054" lon="-98.080000"></trkpt>
      <trkpt lat="30.291822" lon="-98.079367"></trkpt>
      <trkpt lat="30.291491" lon="-98.078546"></trkpt>
      <trkpt lat="30.291374" lon="-98.078257"></trkpt>
      <trkpt lat="30.291195" lon="-98.077648"></trkpt>
      <trkpt lat="30.291052" lon="-98.076753"></trkpt>
      <trkpt lat="30.291050" lon="-98.076732"></trkpt>
      <trkpt lat="30.290919" lon="-98.074751"></trkpt>
      <trkpt lat="30.290908" lon="-98.074588"></trkpt>
      <trkpt lat="30.290840" lon="-98.074260"></trkpt>
      <trkpt lat="30.290751" lon="-98.073829"></trkpt>
      <trkpt lat="30.289352" lon="-98.070712"></trkpt>
      <trkpt lat="30.289034" lon="-98.070004"></trkpt>
      <trkpt lat="30.288721" lon="-98.069306"></trkpt>
      <trkpt lat="30.288277" lon="-98.068317"></trkpt>
      <trkpt lat="30.288221" lon="-98.068193"></trkpt>
      <trkpt lat="30.288030" lon="-98.067819"></trkpt>
      <trkpt lat="30.287831" lon="-98.067423"></trkpt>
      <trkpt lat="30.287020" lon="-98.065806"></trkpt>
      <trkpt lat="30.286744" lon="-98.065255"></trkpt>
      <trkpt lat="30.286627" lon="-98.065022"></trkpt>
      <trkpt lat="30.286556" lon="-98.064880"></trkpt>
      <trkpt lat="30.286484" lon="-98.064724"></trkpt>
      <trkpt lat="30.286078" lon="-98.063837"></trkpt>
      <trkpt lat="30.285978" lon="-98.063478"></trkpt>
      <trkpt lat="30.285974" lon="-98.063452"></trkpt>
      <trkpt lat="30.285882" lon="-98.062919"></trkpt>
      <trkpt lat="30.285857" lon="-98.062608"></trkpt>
      <trkpt lat="30.285842" lon="-98.062424"></trkpt>
      <trkpt lat="30.285867" lon="-98.061869"></trkpt>
      <trkpt lat="30.285968" lon="-98.061307"></trkpt>
      <trkpt lat="30.286255" lon="-98.059998"></trkpt>
      <trkpt lat="30.286494" lon="-98.058977"></trkpt>
      <trkpt lat="30.286526" lon="-98.058843"></trkpt>
      <trkpt lat="30.286726" lon="-98.058003"></trkpt>
      <trkpt lat="30.286843" lon="-98.057511"></trkpt>
      <trkpt lat="30.286915" lon="-98.057208"></trkpt>
      <trkpt lat="30.287053" lon="-98.056464"></trkpt>
      <trkpt lat="30.287114" lon="-98.056137"></trkpt>
      <trkpt lat="30.287244" lon="-98.055131"></trkpt>
      <trkpt lat="30.287353" lon="-98.053508"></trkpt>
      <trkpt lat="30.287388" lon="-98.052847"></trkpt>
      <trkpt lat="30.287450" lon="-98.052514"></trkpt>
      <trkpt lat="30.287494" lon="-98.052277"></trkpt>
      <trkpt lat="30.287644" lon="-98.051768"></trkpt>
      <trkpt lat="30.287856" lon="-98.051270"></trkpt>
      <trkpt lat="30.287885" lon="-98.051202"></trkpt>
      <trkpt lat="30.288412" lon="-98.050202"></trkpt>
      <trkpt lat="30.288499" lon="-98.050045"></trkpt>
      <trkpt lat="30.288634" lon="-98.049798"></trkpt>
      <trkpt lat="30.288684" lon="-98.049707"></trkpt>
      <trkpt lat="30.288963" lon="-98.049198"></trkpt>
      <trkpt lat="30.289015" lon="-98.049103"></trkpt>
      <trkpt lat="30.289423" lon="-98.048359"></trkpt>
      <trkpt lat="30.290287" lon="-98.046784"></trkpt>
      <trkpt lat="30.290528" lon="-98.046296"></trkpt>
      <trkpt lat="30.290563" lon="-98.046201"></trkpt>
      <trkpt lat="30.290734" lon="-98.045739"></trkpt>
      <trkpt lat="30.290855" lon="-98.045292"></trkpt>
      <trkpt lat="30.290984" lon="-98.044740"></trkpt>
      <trkpt lat="30.291195" lon="-98.043604"></trkpt>
      <trkpt lat="30.291328" lon="-98.042890"></trkpt>
      <trkpt lat="30.291428" lon="-98.042349"></trkpt>
      <trkpt lat="30.291488" lon="-98.041906"></trkpt>
      <trkpt lat="30.291521" lon="-98.041424"></trkpt>
      <trkpt lat="30.291517" lon="-98.041118"></trkpt>
      <trkpt lat="30.291514" lon="-98.040965"></trkpt>
      <trkpt lat="30.291473" lon="-98.040364"></trkpt>
      <trkpt lat="30.291339" lon="-98.039426"></trkpt>
      <trkpt lat="30.291290" lon="-98.039083"></trkpt>
      <trkpt lat="30.291285" lon="-98.038937"></trkpt>
      <trkpt lat="30.291283" lon="-98.038879"></trkpt>
      <trkpt lat="30.291266" lon="-98.038559"></trkpt>
      <trkpt lat="30.291259" lon="-98.038435"></trkpt>
      <trkpt lat="30.291263" lon="-98.038377"></trkpt>
      <trkpt lat="30.291283" lon="-98.038004"></trkpt>
      <trkpt lat="30.291365" lon="-98.037132"></trkpt>
      <trkpt lat="30.291490" lon="-98.036309"></trkpt>
      <trkpt lat="30.291595" lon="-98.035434"></trkpt>
      <trkpt lat="30.291694" lon="-98.034615"></trkpt>
      <trkpt lat="30.291716" lon="-98.034494"></trkpt>
      <trkpt lat="30.291998" lon="-98.032452"></trkpt>
      <trkpt lat="30.292080" lon="-98.031857"></trkpt>
      <trkpt lat="30.292213" lon="-98.030639"></trkpt>
      <trkpt lat="30.292262" lon="-98.029986"></trkpt>
      <trkpt lat="30.292247" lon="-98.029618"></trkpt>
      <trkpt lat="30.292195" lon="-98.029173"></trkpt>
      <trkpt lat="30.292088" lon="-98.028680"></trkpt>
      <trkpt lat="30.292004" lon="-98.028250"></trkpt>
      <trkpt lat="30.291329" lon="-98.024822"></trkpt>
      <trkpt lat="30.291079" lon="-98.023547"></trkpt>
      <trkpt lat="30.291023" lon="-98.023264"></trkpt>
      <trkpt lat="30.290916" lon="-98.022722"></trkpt>
      <trkpt lat="30.290847" lon="-98.022341"></trkpt>
      <trkpt lat="30.290787" lon="-98.021976"></trkpt>
      <trkpt lat="30.290748" lon="-98.021617"></trkpt>
      <trkpt lat="30.290732" lon="-98.021306"></trkpt>
      <trkpt lat="30.290722" lon="-98.021031"></trkpt>
      <trkpt lat="30.290720" lon="-98.020805"></trkpt>
      <trkpt lat="30.290727" lon="-98.020605"></trkpt>
      <trkpt lat="30.290739" lon="-98.020405"></trkpt>
      <trkpt lat="30.290758" lon="-98.020180"></trkpt>
      <trkpt lat="30.290789" lon="-98.019946"></trkpt>
      <trkpt lat="30.290828" lon="-98.019738"></trkpt>
      <trkpt lat="30.290866" lon="-98.019550"></trkpt>
      <trkpt lat="30.290913" lon="-98.019374"></trkpt>
      <trkpt lat="30.290961" lon="-98.019219"></trkpt>
      <trkpt lat="30.291009" lon="-98.019075"></trkpt>
      <trkpt lat="30.291085" lon="-98.018894"></trkpt>
      <trkpt lat="30.291175" lon="-98.018706"></trkpt>
      <trkpt lat="30.291275" lon="-98.018513"></trkpt>
      <trkpt lat="30.291372" lon="-98.018352"></trkpt>
      <trkpt lat="30.291494" lon="-98.018171"></trkpt>
      <trkpt lat="30.291614" lon="-98.018018"></trkpt>
      <trkpt lat="30.291736" lon="-98.017880"></trkpt>
      <trkpt lat="30.291857" lon="-98.017749"></trkpt>
      <trkpt lat="30.291981" lon="-98.017632"></trkpt>
      <trkpt lat="30.292121" lon="-98.017510"></trkpt>
      <trkpt lat="30.292272" lon="-98.017394"></trkpt>
      <trkpt lat="30.292439" lon="-98.017292"></trkpt>
      <trkpt lat="30.292608" lon="-98.017202"></trkpt>
      <trkpt lat="30.292764" lon="-98.017126"></trkpt>
      <trkpt lat="30.293449" lon="-98.016831"></trkpt>
      <trkpt lat="30.293916" lon="-98.016618"></trkpt>
      <trkpt lat="30.294056" lon="-98.016544"></trkpt>
      <trkpt lat="30.294182" lon="-98.016467"></trkpt>
      <trkpt lat="30.294309" lon="-98.016383"></trkpt>
      <trkpt lat="30.294516" lon="-98.016236"></trkpt>
      <trkpt lat="30.294657" lon="-98.016116"></trkpt>
      <trkpt lat="30.294788" lon="-98.015985"></trkpt>
      <trkpt lat="30.294919" lon="-98.015845"></trkpt>
      <trkpt lat="30.295034" lon="-98.015707"></trkpt>
      <trkpt lat="30.295136" lon="-98.015576"></trkpt>
      <trkpt lat="30.295215" lon="-98.015455"></trkpt>
      <trkpt lat="30.295311" lon="-98.015294"></trkpt>
      <trkpt lat="30.295402" lon="-98.015126"></trkpt>
      <trkpt lat="30.295467" lon="-98.014987"></trkpt>
      <trkpt lat="30.295535" lon="-98.014833"></trkpt>
      <trkpt lat="30.295618" lon="-98.014633"></trkpt>
      <trkpt lat="30.295667" lon="-98.014478"></trkpt>
      <trkpt lat="30.295701" lon="-98.014360"></trkpt>
      <trkpt lat="30.295739" lon="-98.014210"></trkpt>
      <trkpt lat="30.295776" lon="-98.014022"></trkpt>
      <trkpt lat="30.295797" lon="-98.013872"></trkpt>
      <trkpt lat="30.295814" lon="-98.013746"></trkpt>
      <trkpt lat="30.295857" lon="-98.013210"></trkpt>
      <trkpt lat="30.296044" lon="-98.010709"></trkpt>
      <trkpt lat="30.296088" lon="-98.010178"></trkpt>
      <trkpt lat="30.296125" lon="-98.009853"></trkpt>
      <trkpt lat="30.296176" lon="-98.009594"></trkpt>
      <trkpt lat="30.296236" lon="-98.009355"></trkpt>
      <trkpt lat="30.296307" lon="-98.009129"></trkpt>
      <trkpt lat="30.296383" lon="-98.008914"></trkpt>
      <trkpt lat="30.296480" lon="-98.008708"></trkpt>
      <trkpt lat="30.296579" lon="-98.008520"></trkpt>
      <trkpt lat="30.296663" lon="-98.008375"></trkpt>
      <trkpt lat="30.296779" lon="-98.008192"></trkpt>
      <trkpt lat="30.296908" lon="-98.008022"></trkpt>
      <trkpt lat="30.297085" lon="-98.007813"></trkpt>
      <trkpt lat="30.297240" lon="-98.007659"></trkpt>
      <trkpt lat="30.297415" lon="-98.007507"></trkpt>
      <trkpt lat="30.297611" lon="-98.007345"></trkpt>
      <trkpt lat="30.297840" lon="-98.007121"></trkpt>
      <trkpt lat="30.297961" lon="-98.006994"></trkpt>
      <trkpt lat="30.298074" lon="-98.006858"></trkpt>
      <trkpt lat="30.298192" lon="-98.006683"></trkpt>
      <trkpt lat="30.298300" lon="-98.006525"></trkpt>
      <trkpt lat="30.298405" lon="-98.006346"></trkpt>
      <trkpt lat="30.298505" lon="-98.006136"></trkpt>
      <trkpt lat="30.298593" lon="-98.005929"></trkpt>
      <trkpt lat="30.298656" lon="-98.005739"></trkpt>
      <trkpt lat="30.298722" lon="-98.005535"></trkpt>
      <trkpt lat="30.298769" lon="-98.005327"></trkpt>
      <trkpt lat="30.299023" lon="-98.004154"></trkpt>
      <trkpt lat="30.299412" lon="-98.002325"></trkpt>
      <trkpt lat="30.299451" lon="-98.002162"></trkpt>
      <trkpt lat="30.299492" lon="-98.001990"></trkpt>
      <trkpt lat="30.299543" lon="-98.001814"></trkpt>
      <trkpt lat="30.299603" lon="-98.001620"></trkpt>
      <trkpt lat="30.299685" lon="-98.001392"></trkpt>
      <trkpt lat="30.299778" lon="-98.001166"></trkpt>
      <trkpt lat="30.299876" lon="-98.000940"></trkpt>
      <trkpt lat="30.299966" lon="-98.000772"></trkpt>
      <trkpt lat="30.300068" lon="-98.000595"></trkpt>
      <trkpt lat="30.300188" lon="-98.000407"></trkpt>
      <trkpt lat="30.300311" lon="-98.000224"></trkpt>
      <trkpt lat="30.300414" lon="-98.000092"></trkpt>
      <trkpt lat="30.300494" lon="-97.999983"></trkpt>
      <trkpt lat="30.300716" lon="-97.999739"></trkpt>
      <trkpt lat="30.301024" lon="-97.999424"></trkpt>
      <trkpt lat="30.301265" lon="-97.999209"></trkpt>
      <trkpt lat="30.301386" lon="-97.999125"></trkpt>
      <trkpt lat="30.301641" lon="-97.998949"></trkpt>
      <trkpt lat="30.301830" lon="-97.998846"></trkpt>
      <trkpt lat="30.301970" lon="-97.998769"></trkpt>
      <trkpt lat="30.302518" lon="-97.998522"></trkpt>
      <trkpt lat="30.302647" lon="-97.998463"></trkpt>
      <trkpt lat="30.303555" lon="-97.998054"></trkpt>
      <trkpt lat="30.304053" lon="-97.997811"></trkpt>
      <trkpt lat="30.304461" lon="-97.997613"></trkpt>
      <trkpt lat="30.304737" lon="-97.997427"></trkpt>
      <trkpt lat="30.304931" lon="-97.997267"></trkpt>
      <trkpt lat="30.305102" lon="-97.997126"></trkpt>
      <trkpt lat="30.305268" lon="-97.996932"></trkpt>
      <trkpt lat="30.305415" lon="-97.996760"></trkpt>
      <trkpt lat="30.305523" lon="-97.996584"></trkpt>
      <trkpt lat="30.305631" lon="-97.996407"></trkpt>
      <trkpt lat="30.305784" lon="-97.996109"></trkpt>
      <trkpt lat="30.305880" lon="-97.995912"></trkpt>
      <trkpt lat="30.306064" lon="-97.995567"></trkpt>
      <trkpt lat="30.306103" lon="-97.995453"></trkpt>
      <trkpt lat="30.306280" lon="-97.995091"></trkpt>
      <trkpt lat="30.306425" lon="-97.994793"></trkpt>
      <trkpt lat="30.306880" lon="-97.993869"></trkpt>
      <trkpt lat="30.307107" lon="-97.993407"></trkpt>
      <trkpt lat="30.307125" lon="-97.993370"></trkpt>
      <trkpt lat="30.307300" lon="-97.993026"></trkpt>
      <trkpt lat="30.307468" lon="-97.992696"></trkpt>
      <trkpt lat="30.307551" lon="-97.992533"></trkpt>
      <trkpt lat="30.307623" lon="-97.992371"></trkpt>
      <trkpt lat="30.307714" lon="-97.992166"></trkpt>
      <trkpt lat="30.307861" lon="-97.991720"></trkpt>
      <trkpt lat="30.307942" lon="-97.991358"></trkpt>
      <trkpt lat="30.307991" lon="-97.990999"></trkpt>
      <trkpt lat="30.307990" lon="-97.990421"></trkpt>
      <trkpt lat="30.307967" lon="-97.989925"></trkpt>
      <trkpt lat="30.307953" lon="-97.989622"></trkpt>
      <trkpt lat="30.307944" lon="-97.989415"></trkpt>
      <trkpt lat="30.307933" lon="-97.989183"></trkpt>
      <trkpt lat="30.307904" lon="-97.988402"></trkpt>
      <trkpt lat="30.307892" lon="-97.988034"></trkpt>
      <trkpt lat="30.307889" lon="-97.987956"></trkpt>
      <trkpt lat="30.307864" lon="-97.987155"></trkpt>
      <trkpt lat="30.307854" lon="-97.986989"></trkpt>
      <trkpt lat="30.307870" lon="-97.986789"></trkpt>
      <trkpt lat="30.307853" lon="-97.986608"></trkpt>
      <trkpt lat="30.307860" lon="-97.986451"></trkpt>
      <trkpt lat="30.307858" lon="-97.986131"></trkpt>
      <trkpt lat="30.307863" lon="-97.985986"></trkpt>
      <trkpt lat="30.307852" lon="-97.985675"></trkpt>
      <trkpt lat="30.307834" lon="-97.985111"></trkpt>
      <trkpt lat="30.307820" lon="-97.984688"></trkpt>
      <trkpt lat="30.307815" lon="-97.984465"></trkpt>
      <trkpt lat="30.307787" lon="-97.983946"></trkpt>
      <trkpt lat="30.307723" lon="-97.983536"></trkpt>
      <trkpt lat="30.307659" lon="-97.983319"></trkpt>
      <trkpt lat="30.307636" lon="-97.983242"></trkpt>
      <trkpt lat="30.307616" lon="-97.983184"></trkpt>
      <trkpt lat="30.307515" lon="-97.982896"></trkpt>
      <trkpt lat="30.307373" lon="-97.982601"></trkpt>
      <trkpt lat="30.307088" lon="-97.982120"></trkpt>
      <trkpt lat="30.306822" lon="-97.981731"></trkpt>
      <trkpt lat="30.306573" lon="-97.981281"></trkpt>
      <trkpt lat="30.306567" lon="-97.981271"></trkpt>
      <trkpt lat="30.306405" lon="-97.980793"></trkpt>
      <trkpt lat="30.306307" lon="-97.980304"></trkpt>
      <trkpt lat="30.306238" lon="-97.979795"></trkpt>
      <trkpt lat="30.306229" lon="-97.979349"></trkpt>
      <trkpt lat="30.306227" lon="-97.979245"></trkpt>
      <trkpt lat="30.306271" lon="-97.978716"></trkpt>
      <trkpt lat="30.306366" lon="-97.978199"></trkpt>
      <trkpt lat="30.306429" lon="-97.978013"></trkpt>
      <trkpt lat="30.306510" lon="-97.977771"></trkpt>
      <trkpt lat="30.306650" lon="-97.977440"></trkpt>
      <trkpt lat="30.306900" lon="-97.976877"></trkpt>
      <trkpt lat="30.306938" lon="-97.976761"></trkpt>
      <trkpt lat="30.307060" lon="-97.976390"></trkpt>
      <trkpt lat="30.307189" lon="-97.975912"></trkpt>
      <trkpt lat="30.307276" lon="-97.975359"></trkpt>
      <trkpt lat="30.307315" lon="-97.974905"></trkpt>
      <trkpt lat="30.307326" lon="-97.974773"></trkpt>
      <trkpt lat="30.307328" lon="-97.974168"></trkpt>
      <trkpt lat="30.307295" lon="-97.973626"></trkpt>
      <trkpt lat="30.307232" lon="-97.973160"></trkpt>
      <trkpt lat="30.307184" lon="-97.972813"></trkpt>
      <trkpt lat="30.307119" lon="-97.972331"></trkpt>
      <trkpt lat="30.307087" lon="-97.972097"></trkpt>
      <trkpt lat="30.307071" lon="-97.971919"></trkpt>
      <trkpt lat="30.307042" lon="-97.971581"></trkpt>
      <trkpt lat="30.307048" lon="-97.971464"></trkpt>
      <trkpt lat="30.307064" lon="-97.971183"></trkpt>
      <trkpt lat="30.307091" lon="-97.970923"></trkpt>
      <trkpt lat="30.307155" lon="-97.970608"></trkpt>
      <trkpt lat="30.307230" lon="-97.970265"></trkpt>
      <trkpt lat="30.307239" lon="-97.970237"></trkpt>
      <trkpt lat="30.307299" lon="-97.970052"></trkpt>
      <trkpt lat="30.307405" lon="-97.969778"></trkpt>
      <trkpt lat="30.307722" lon="-97.969143"></trkpt>
      <trkpt lat="30.308859" lon="-97.966810"></trkpt>
      <trkpt lat="30.308951" lon="-97.966621"></trkpt>
      <trkpt lat="30.309069" lon="-97.966408"></trkpt>
      <trkpt lat="30.309257" lon="-97.966130"></trkpt>
      <trkpt lat="30.309386" lon="-97.965976"></trkpt>
      <trkpt lat="30.309527" lon="-97.965703"></trkpt>
      <trkpt lat="30.309645" lon="-97.965574"></trkpt>
      <trkpt lat="30.309692" lon="-97.965529"></trkpt>
      <trkpt lat="30.309819" lon="-97.965384"></trkpt>
      <trkpt lat="30.309854" lon="-97.965313"></trkpt>
      <trkpt lat="30.309875" lon="-97.965131"></trkpt>
      <trkpt lat="30.309860" lon="-97.964731"></trkpt>
      <trkpt lat="30.309687" lon="-97.963904"></trkpt>
      <trkpt lat="30.309681" lon="-97.963875"></trkpt>
      <trkpt lat="30.309642" lon="-97.963693"></trkpt>
      <trkpt lat="30.309580" lon="-97.963377"></trkpt>
      <trkpt lat="30.309543" lon="-97.963190"></trkpt>
      <trkpt lat="30.309510" lon="-97.963023"></trkpt>
      <trkpt lat="30.309498" lon="-97.962968"></trkpt>
      <trkpt lat="30.309395" lon="-97.962482"></trkpt>
      <trkpt lat="30.309300" lon="-97.962032"></trkpt>
      <trkpt lat="30.309201" lon="-97.961562"></trkpt>
      <trkpt lat="30.309190" lon="-97.961512"></trkpt>
      <trkpt lat="30.309129" lon="-97.961222"></trkpt>
      <trkpt lat="30.309094" lon="-97.961058"></trkpt>
      <trkpt lat="30.308990" lon="-97.960567"></trkpt>
      <trkpt lat="30.308913" lon="-97.960211"></trkpt>
      <trkpt lat="30.308833" lon="-97.959839"></trkpt>
      <trkpt lat="30.308751" lon="-97.959462"></trkpt>
      <trkpt lat="30.308295" lon="-97.957347"></trkpt>
      <trkpt lat="30.308157" lon="-97.956616"></trkpt>
      <trkpt lat="30.308093" lon="-97.956194"></trkpt>
      <trkpt lat="30.308026" lon="-97.955562"></trkpt>
      <trkpt lat="30.308003" lon="-97.955105"></trkpt>
      <trkpt lat="30.307996" lon="-97.954623"></trkpt>
      <trkpt lat="30.308000" lon="-97.954100"></trkpt>
      <trkpt lat="30.308079" lon="-97.952810"></trkpt>
      <trkpt lat="30.308118" lon="-97.952255"></trkpt>
      <trkpt lat="30.308184" lon="-97.951137"></trkpt>
      <trkpt lat="30.308205" lon="-97.950781"></trkpt>
      <trkpt lat="30.308233" lon="-97.950302"></trkpt>
      <trkpt lat="30.308263" lon="-97.949826"></trkpt>
      <trkpt lat="30.308286" lon="-97.949448"></trkpt>
      <trkpt lat="30.308314" lon="-97.949029"></trkpt>
      <trkpt lat="30.308293" lon="-97.948587"></trkpt>
      <trkpt lat="30.308337" lon="-97.947828"></trkpt>
      <trkpt lat="30.308460" lon="-97.947843"></trkpt>
      <trkpt lat="30.308888" lon="-97.947878"></trkpt>
      <trkpt lat="30.308897" lon="-97.947879"></trkpt>
      <trkpt lat="30.309094" lon="-97.947890"></trkpt>
      <trkpt lat="30.309277" lon="-97.947887"></trkpt>
      <trkpt lat="30.309320" lon="-97.947884"></trkpt>
      <trkpt lat="30.309377" lon="-97.947879"></trkpt>
      <trkpt lat="30.309481" lon="-97.947847"></trkpt>
      <trkpt lat="30.309576" lon="-97.947780"></trkpt>
      <trkpt lat="30.309673" lon="-97.947654"></trkpt>
      <trkpt lat="30.309697" lon="-97.947584"></trkpt>
      <trkpt lat="30.309719" lon="-97.947501"></trkpt>
      <trkpt lat="30.309754" lon="-97.947337"></trkpt>
      <trkpt lat="30.309791" lon="-97.947178"></trkpt>
      <trkpt lat="30.309848" lon="-97.947201"></trkpt>
      <trkpt lat="30.309897" lon="-97.947216"></trkpt>
      <trkpt lat="30.309949" lon="-97.947231"></trkpt>
      <trkpt lat="30.309983" lon="-97.947236"></trkpt>
      <trkpt lat="30.310098" lon="-97.947255"></trkpt>
      <trkpt lat="30.310378" lon="-97.947282"></trkpt>
      <trkpt lat="30.310388" lon="-97.947066"></trkpt>
      <trkpt lat="30.310495" lon="-97.947085"></trkpt>
      <trkpt lat="30.310657" lon="-97.947077"></trkpt>
      <trkpt lat="30.310777" lon="-97.946996"></trkpt>
      <trkpt lat="30.310841" lon="-97.946926"></trkpt>
      <trkpt lat="30.310854" lon="-97.946912"></trkpt>
      <trkpt lat="30.310952" lon="-97.946752"></trkpt>
      <trkpt lat="30.311075" lon="-97.946524"></trkpt>
      <trkpt lat="30.311239" lon="-97.946193"></trkpt>
      <trkpt lat="30.311322" lon="-97.946224"></trkpt>
      <trkpt lat="30.311614" lon="-97.946366"></trkpt>
      <trkpt lat="30.311806" lon="-97.946459"></trkpt>
      <trkpt lat="30.312371" lon="-97.946886"></trkpt>
      <trkpt lat="30.312396" lon="-97.946910"></trkpt>
      <trkpt lat="30.312668" lon="-97.947177"></trkpt>
      <trkpt lat="30.312694" lon="-97.947203"></trkpt>
      <trkpt lat="30.312761" lon="-97.947269"></trkpt>
      <trkpt lat="30.312792" lon="-97.947299"></trkpt>
      <trkpt lat="30.313370" lon="-97.947867"></trkpt>
      <trkpt lat="30.313722" lon="-97.948213"></trkpt>
      <trkpt lat="30.314018" lon="-97.948504"></trkpt>
      <trkpt lat="30.314049" lon="-97.948526"></trkpt>
      <trkpt lat="30.314422" lon="-97.948792"></trkpt>
      <trkpt lat="30.314807" lon="-97.949039"></trkpt>
      <trkpt lat="30.314824" lon="-97.949048"></trkpt>
      <trkpt lat="30.314945" lon="-97.949112"></trkpt>
      <trkpt lat="30.315045" lon="-97.949166"></trkpt>
      <trkpt lat="30.315149" lon="-97.949221"></trkpt>
      <trkpt lat="30.315251" lon="-97.949271"></trkpt>
      <trkpt lat="30.315529" lon="-97.949409"></trkpt>
      <trkpt lat="30.315601" lon="-97.949434"></trkpt>
      <trkpt lat="30.315876" lon="-97.949516"></trkpt>
      <trkpt lat="30.316283" lon="-97.949638"></trkpt>
      <trkpt lat="30.316372" lon="-97.949664"></trkpt>
      <trkpt lat="30.316495" lon="-97.949699"></trkpt>
      <trkpt lat="30.317299" lon="-97.949973"></trkpt>
      <trkpt lat="30.317516" lon="-97.950082"></trkpt>
      <trkpt lat="30.317795" lon="-97.950221"></trkpt>
      <trkpt lat="30.317931" lon="-97.950330"></trkpt>
      <trkpt lat="30.318106" lon="-97.950469"></trkpt>
      <trkpt lat="30.318338" lon="-97.950655"></trkpt>
      <trkpt lat="30.318570" lon="-97.950926"></trkpt>
      <trkpt lat="30.318881" lon="-97.951289"></trkpt>
      <trkpt lat="30.319044" lon="-97.951524"></trkpt>
      <trkpt lat="30.319236" lon="-97.951803"></trkpt>
      <trkpt lat="30.319744" lon="-97.952538"></trkpt>
      <trkpt lat="30.319900" lon="-97.952773"></trkpt>
      <trkpt lat="30.320023" lon="-97.952957"></trkpt>
      <trkpt lat="30.320304" lon="-97.953380"></trkpt>
      <trkpt lat="30.320602" lon="-97.953830"></trkpt>
      <trkpt lat="30.320844" lon="-97.954194"></trkpt>
      <trkpt lat="30.320896" lon="-97.954260"></trkpt>
      <trkpt lat="30.321478" lon="-97.955092"></trkpt>
      <trkpt lat="30.321758" lon="-97.955458"></trkpt>
      <trkpt lat="30.321995" lon="-97.955653"></trkpt>
      <trkpt lat="30.322232" lon="-97.955850"></trkpt>
      <trkpt lat="30.322479" lon="-97.956026"></trkpt>
      <trkpt lat="30.323415" lon="-97.956693"></trkpt>
      <trkpt lat="30.323630" lon="-97.956847"></trkpt>
      <trkpt lat="30.323836" lon="-97.956993"></trkpt>
      <trkpt lat="30.323925" lon="-97.957057"></trkpt>
      <trkpt lat="30.323936" lon="-97.957066"></trkpt>
      <trkpt lat="30.324142" lon="-97.957235"></trkpt>
      <trkpt lat="30.324256" lon="-97.957331"></trkpt>
      <trkpt lat="30.324307" lon="-97.957379"></trkpt>
      <trkpt lat="30.324480" lon="-97.957543"></trkpt>
      <trkpt lat="30.324712" lon="-97.957749"></trkpt>
      <trkpt lat="30.324952" lon="-97.958116"></trkpt>
      <trkpt lat="30.325014" lon="-97.958243"></trkpt>
      <trkpt lat="30.325204" lon="-97.958626"></trkpt>
      <trkpt lat="30.325264" lon="-97.958788"></trkpt>
      <trkpt lat="30.325373" lon="-97.959084"></trkpt>
      <trkpt lat="30.325434" lon="-97.959393"></trkpt>
      <trkpt lat="30.325461" lon="-97.959527"></trkpt>
      <trkpt lat="30.325598" lon="-97.960166"></trkpt>
      <trkpt lat="30.325700" lon="-97.960641"></trkpt>
      <trkpt lat="30.325900" lon="-97.961576"></trkpt>
      <trkpt lat="30.326076" lon="-97.962210"></trkpt>
      <trkpt lat="30.326267" lon="-97.962795"></trkpt>
      <trkpt lat="30.326461" lon="-97.963209"></trkpt>
      <trkpt lat="30.326754" lon="-97.963613"></trkpt>
      <trkpt lat="30.326904" lon="-97.963796"></trkpt>
      <trkpt lat="30.327053" lon="-97.963944"></trkpt>
      <trkpt lat="30.327149" lon="-97.964040"></trkpt>
      <trkpt lat="30.327459" lon="-97.964288"></trkpt>
      <trkpt lat="30.327511" lon="-97.964330"></trkpt>
      <trkpt lat="30.327622" lon="-97.964423"></trkpt>
      <trkpt lat="30.328580" lon="-97.965173"></trkpt>
      <trkpt lat="30.329279" lon="-97.965720"></trkpt>
      <trkpt lat="30.329910" lon="-97.966413"></trkpt>
      <trkpt lat="30.330436" lon="-97.966928"></trkpt>
      <trkpt lat="30.330710" lon="-97.967107"></trkpt>
      <trkpt lat="30.330991" lon="-97.967290"></trkpt>
      <trkpt lat="30.331168" lon="-97.967374"></trkpt>
      <trkpt lat="30.331622" lon="-97.967590"></trkpt>
      <trkpt lat="30.332445" lon="-97.967966"></trkpt>
      <trkpt lat="30.332560" lon="-97.968015"></trkpt>
      <trkpt lat="30.333243" lon="-97.968324"></trkpt>
      <trkpt lat="30.334496" lon="-97.968890"></trkpt>
      <trkpt lat="30.334601" lon="-97.968939"></trkpt>
      <trkpt lat="30.335473" lon="-97.969366"></trkpt>
      <trkpt lat="30.335958" lon="-97.969563"></trkpt>
      <trkpt lat="30.336635" lon="-97.969755"></trkpt>
      <trkpt lat="30.337253" lon="-97.969856"></trkpt>
      <trkpt lat="30.337880" lon="-97.969879"></trkpt>
      <trkpt lat="30.338408" lon="-97.969853"></trkpt>
      <trkpt lat="30.338806" lon="-97.969756"></trkpt>
      <trkpt lat="30.339689" lon="-97.969436"></trkpt>
      <trkpt lat="30.340128" lon="-97.969184"></trkpt>
      <trkpt lat="30.340854" lon="-97.968688"></trkpt>
      <trkpt lat="30.340954" lon="-97.968608"></trkpt>
      <trkpt lat="30.341045" lon="-97.968541"></trkpt>
      <trkpt lat="30.341676" lon="-97.968076"></trkpt>
      <trkpt lat="30.341816" lon="-97.967974"></trkpt>
      <trkpt lat="30.342041" lon="-97.967807"></trkpt>
      <trkpt lat="30.342120" lon="-97.967751"></trkpt>
      <trkpt lat="30.342754" lon="-97.967296"></trkpt>
      <trkpt lat="30.342817" lon="-97.967250"></trkpt>
      <trkpt lat="30.343011" lon="-97.967101"></trkpt>
      <trkpt lat="30.343076" lon="-97.967055"></trkpt>
      <trkpt lat="30.343194" lon="-97.966971"></trkpt>
      <trkpt lat="30.343445" lon="-97.966790"></trkpt>
      <trkpt lat="30.343756" lon="-97.966575"></trkpt>
      <trkpt lat="30.344312" lon="-97.966160"></trkpt>
      <trkpt lat="30.344980" lon="-97.965698"></trkpt>
      <trkpt lat="30.345082" lon="-97.965622"></trkpt>
      <trkpt lat="30.345136" lon="-97.965514"></trkpt>
      <trkpt lat="30.345545" lon="-97.965229"></trkpt>
      <trkpt lat="30.345685" lon="-97.965129"></trkpt>
      <trkpt lat="30.345815" lon="-97.965037"></trkpt>
      <trkpt lat="30.345968" lon="-97.964932"></trkpt>
      <trkpt lat="30.346064" lon="-97.964860"></trkpt>
      <trkpt lat="30.346240" lon="-97.964741"></trkpt>
      <trkpt lat="30.346698" lon="-97.964476"></trkpt>
      <trkpt lat="30.346766" lon="-97.964430"></trkpt>
      <trkpt lat="30.347052" lon="-97.964286"></trkpt>
      <trkpt lat="30.347325" lon="-97.964158"></trkpt>
      <trkpt lat="30.347647" lon="-97.964030"></trkpt>
      <trkpt lat="30.347826" lon="-97.963966"></trkpt>
      <trkpt lat="30.348343" lon="-97.963818"></trkpt>
      <trkpt lat="30.348407" lon="-97.963794"></trkpt>
      <trkpt lat="30.348506" lon="-97.963757"></trkpt>
      <trkpt lat="30.348767" lon="-97.963702"></trkpt>
      <trkpt lat="30.348863" lon="-97.963673"></trkpt>
      <trkpt lat="30.349109" lon="-97.963593"></trkpt>
      <trkpt lat="30.349409" lon="-97.963532"></trkpt>
      <trkpt lat="30.349515" lon="-97.963506"></trkpt>
      <trkpt lat="30.349632" lon="-97.963472"></trkpt>
      <trkpt lat="30.349845" lon="-97.963421"></trkpt>
      <trkpt lat="30.349987" lon="-97.963374"></trkpt>
      <trkpt lat="30.350317" lon="-97.963294"></trkpt>
      <trkpt lat="30.350783" lon="-97.963168"></trkpt>
      <trkpt lat="30.351148" lon="-97.963059"></trkpt>
      <trkpt lat="30.351558" lon="-97.962910"></trkpt>
      <trkpt lat="30.351649" lon="-97.962877"></trkpt>
      <trkpt lat="30.351734" lon="-97.962836"></trkpt>
      <trkpt lat="30.351868" lon="-97.962762"></trkpt>
      <trkpt lat="30.352096" lon="-97.962649"></trkpt>
      <trkpt lat="30.352183" lon="-97.962605"></trkpt>
      <trkpt lat="30.352873" lon="-97.962205"></trkpt>
      <trkpt lat="30.353311" lon="-97.961960"></trkpt>
      <trkpt lat="30.354015" lon="-97.961558"></trkpt>
      <trkpt lat="30.354107" lon="-97.961542"></trkpt>
      <trkpt lat="30.354249" lon="-97.961446"></trkpt>
      <trkpt lat="30.354483" lon="-97.961223"></trkpt>
      <trkpt lat="30.354915" lon="-97.960839"></trkpt>
      <trkpt lat="30.355038" lon="-97.960716"></trkpt>
      <trkpt lat="30.355153" lon="-97.960599"></trkpt>
      <trkpt lat="30.355226" lon="-97.960527"></trkpt>
      <trkpt lat="30.355990" lon="-97.959809"></trkpt>
      <trkpt lat="30.357145" lon="-97.958664"></trkpt>
      <trkpt lat="30.357349" lon="-97.958427"></trkpt>
      <trkpt lat="30.357445" lon="-97.958225"></trkpt>
      <trkpt lat="30.357584" lon="-97.958015"></trkpt>
      <trkpt lat="30.357800" lon="-97.957634"></trkpt>
      <trkpt lat="30.358091" lon="-97.956979"></trkpt>
      <trkpt lat="30.358124" lon="-97.956899"></trkpt>
      <trkpt lat="30.358284" lon="-97.956522"></trkpt>
      <trkpt lat="30.358413" lon="-97.956225"></trkpt>
      <trkpt lat="30.358686" lon="-97.955592"></trkpt>
      <trkpt lat="30.358794" lon="-97.955354"></trkpt>
      <trkpt lat="30.358849" lon="-97.955244"></trkpt>
      <trkpt lat="30.358957" lon="-97.955141"></trkpt>
      <trkpt lat="30.359165" lon="-97.954792"></trkpt>
      <trkpt lat="30.359408" lon="-97.954490"></trkpt>
      <trkpt lat="30.359667" lon="-97.954264"></trkpt>
      <trkpt lat="30.359890" lon="-97.954071"></trkpt>
      <trkpt lat="30.360064" lon="-97.953954"></trkpt>
      <trkpt lat="30.360254" lon="-97.953826"></trkpt>
      <trkpt lat="30.360587" lon="-97.953664"></trkpt>
      <trkpt lat="30.361099" lon="-97.953471"></trkpt>
      <trkpt lat="30.361620" lon="-97.953248"></trkpt>
      <trkpt lat="30.362116" lon="-97.953039"></trkpt>
      <trkpt lat="30.362592" lon="-97.952838"></trkpt>
      <trkpt lat="30.363484" lon="-97.952461"></trkpt>
      <trkpt lat="30.363981" lon="-97.952261"></trkpt>
      <trkpt lat="30.364208" lon="-97.952180"></trkpt>
      <trkpt lat="30.364639" lon="-97.952012"></trkpt>
      <trkpt lat="30.364764" lon="-97.951964"></trkpt>
      <trkpt lat="30.364826" lon="-97.951933"></trkpt>
      <trkpt lat="30.364899" lon="-97.951896"></trkpt>
      <trkpt lat="30.365095" lon="-97.951783"></trkpt>
      <trkpt lat="30.365223" lon="-97.951709"></trkpt>
      <trkpt lat="30.365388" lon="-97.951614"></trkpt>
      <trkpt lat="30.365689" lon="-97.951441"></trkpt>
      <trkpt lat="30.365799" lon="-97.951371"></trkpt>
      <trkpt lat="30.365837" lon="-97.951347"></trkpt>
      <trkpt lat="30.365982" lon="-97.951256"></trkpt>
      <trkpt lat="30.366183" lon="-97.951129"></trkpt>
      <trkpt lat="30.366224" lon="-97.951103"></trkpt>
      <trkpt lat="30.366504" lon="-97.950922"></trkpt>
      <trkpt lat="30.366683" lon="-97.950806"></trkpt>
      <trkpt lat="30.366902" lon="-97.950663"></trkpt>
      <trkpt lat="30.367089" lon="-97.950542"></trkpt>
      <trkpt lat="30.367302" lon="-97.950404"></trkpt>
      <trkpt lat="30.367458" lon="-97.950303"></trkpt>
      <trkpt lat="30.368115" lon="-97.949841"></trkpt>
      <trkpt lat="30.368767" lon="-97.949442"></trkpt>
      <trkpt lat="30.369218" lon="-97.949147"></trkpt>
      <trkpt lat="30.369385" lon="-97.949038"></trkpt>
      <trkpt lat="30.369860" lon="-97.948733"></trkpt>
      <trkpt lat="30.370106" lon="-97.948575"></trkpt>
      <trkpt lat="30.370580" lon="-97.948329"></trkpt>
      <trkpt lat="30.371285" lon="-97.948013"></trkpt>
      <trkpt lat="30.371563" lon="-97.947927"></trkpt>
      <trkpt lat="30.371837" lon="-97.947842"></trkpt>
      <trkpt lat="30.372291" lon="-97.947725"></trkpt>
      <trkpt lat="30.372844" lon="-97.947577"></trkpt>
      <trkpt lat="30.374227" lon="-97.947208"></trkpt>
      <trkpt lat="30.374322" lon="-97.947183"></trkpt>
      <trkpt lat="30.375006" lon="-97.947007"></trkpt>
      <trkpt lat="30.375563" lon="-97.946864"></trkpt>
      <trkpt lat="30.375817" lon="-97.946799"></trkpt>
      <trkpt lat="30.376068" lon="-97.946734"></trkpt>
      <trkpt lat="30.376520" lon="-97.946622"></trkpt>
      <trkpt lat="30.376897" lon="-97.946521"></trkpt>
      <trkpt lat="30.377639" lon="-97.946318"></trkpt>
      <trkpt lat="30.377692" lon="-97.946300"></trkpt>
      <trkpt lat="30.377832" lon="-97.946253"></trkpt>
      <trkpt lat="30.378119" lon="-97.946157"></trkpt>
      <trkpt lat="30.378419" lon="-97.946037"></trkpt>
      <trkpt lat="30.378681" lon="-97.945932"></trkpt>
      <trkpt lat="30.379085" lon="-97.945733"></trkpt>
      <trkpt lat="30.379279" lon="-97.945635"></trkpt>
      <trkpt lat="30.379821" lon="-97.945291"></trkpt>
      <trkpt lat="30.380427" lon="-97.944834"></trkpt>
      <trkpt lat="30.380933" lon="-97.944405"></trkpt>
      <trkpt lat="30.381213" lon="-97.944167"></trkpt>
      <trkpt lat="30.381332" lon="-97.944067"></trkpt>
      <trkpt lat="30.381390" lon="-97.944017"></trkpt>
      <trkpt lat="30.381557" lon="-97.943883"></trkpt>
      <trkpt lat="30.381618" lon="-97.943833"></trkpt>
      <trkpt lat="30.381793" lon="-97.943692"></trkpt>
      <trkpt lat="30.381902" lon="-97.943603"></trkpt>
      <trkpt lat="30.381973" lon="-97.943555"></trkpt>
      <trkpt lat="30.382318" lon="-97.943320"></trkpt>
      <trkpt lat="30.382506" lon="-97.943242"></trkpt>
      <trkpt lat="30.382719" lon="-97.943154"></trkpt>
      <trkpt lat="30.383241" lon="-97.943014"></trkpt>
      <trkpt lat="30.383275" lon="-97.943008"></trkpt>
      <trkpt lat="30.383321" lon="-97.943000"></trkpt>
      <trkpt lat="30.383410" lon="-97.942985"></trkpt>
      <trkpt lat="30.383778" lon="-97.942924"></trkpt>
      <trkpt lat="30.384615" lon="-97.942775"></trkpt>
      <trkpt lat="30.385217" lon="-97.942715"></trkpt>
      <trkpt lat="30.385279" lon="-97.942715"></trkpt>
      <trkpt lat="30.385327" lon="-97.942715"></trkpt>
      <trkpt lat="30.385968" lon="-97.942712"></trkpt>
      <trkpt lat="30.386179" lon="-97.942684"></trkpt>
      <trkpt lat="30.386292" lon="-97.942669"></trkpt>
      <trkpt lat="30.386450" lon="-97.942624"></trkpt>
      <trkpt lat="30.386744" lon="-97.942568"></trkpt>
      <trkpt lat="30.387096" lon="-97.942404"></trkpt>
      <trkpt lat="30.387395" lon="-97.942252"></trkpt>
      <trkpt lat="30.388247" lon="-97.941640"></trkpt>
      <trkpt lat="30.388585" lon="-97.941417"></trkpt>
      <trkpt lat="30.389136" lon="-97.941051"></trkpt>
      <trkpt lat="30.389448" lon="-97.940812"></trkpt>
      <trkpt lat="30.389567" lon="-97.940719"></trkpt>
      <trkpt lat="30.389844" lon="-97.940411"></trkpt>
      <trkpt lat="30.390051" lon="-97.940147"></trkpt>
      <trkpt lat="30.390115" lon="-97.940064"></trkpt>
      <trkpt lat="30.390312" lon="-97.939773"></trkpt>
      <trkpt lat="30.390773" lon="-97.938913"></trkpt>
      <trkpt lat="30.390827" lon="-97.938823"></trkpt>
      <trkpt lat="30.390969" lon="-97.938568"></trkpt>
      <trkpt lat="30.391119" lon="-97.938299"></trkpt>
      <trkpt lat="30.391654" lon="-97.937322"></trkpt>
      <trkpt lat="30.391781" lon="-97.937102"></trkpt>
      <trkpt lat="30.392002" lon="-97.936764"></trkpt>
      <trkpt lat="30.392474" lon="-97.936074"></trkpt>
      <trkpt lat="30.392974" lon="-97.935483"></trkpt>
      <trkpt lat="30.393399" lon="-97.935007"></trkpt>
      <trkpt lat="30.393533" lon="-97.934857"></trkpt>
      <trkpt lat="30.393579" lon="-97.934805"></trkpt>
      <trkpt lat="30.393614" lon="-97.934774"></trkpt>
      <trkpt lat="30.394125" lon="-97.934328"></trkpt>
      <trkpt lat="30.394538" lon="-97.933967"></trkpt>
      <trkpt lat="30.394631" lon="-97.933886"></trkpt>
      <trkpt lat="30.394723" lon="-97.933806"></trkpt>
      <trkpt lat="30.395658" lon="-97.933041"></trkpt>
      <trkpt lat="30.395858" lon="-97.932877"></trkpt>
      <trkpt lat="30.396120" lon="-97.932637"></trkpt>
      <trkpt lat="30.396187" lon="-97.932575"></trkpt>
      <trkpt lat="30.396443" lon="-97.932340"></trkpt>
      <trkpt lat="30.396482" lon="-97.932305"></trkpt>
      <trkpt lat="30.396612" lon="-97.932140"></trkpt>
      <trkpt lat="30.396766" lon="-97.931943"></trkpt>
      <trkpt lat="30.396869" lon="-97.931768"></trkpt>
      <trkpt lat="30.396888" lon="-97.931736"></trkpt>
      <trkpt lat="30.397077" lon="-97.931418"></trkpt>
      <trkpt lat="30.397303" lon="-97.930911"></trkpt>
      <trkpt lat="30.397407" lon="-97.930680"></trkpt>
      <trkpt lat="30.397508" lon="-97.930359"></trkpt>
      <trkpt lat="30.397561" lon="-97.930143"></trkpt>
      <trkpt lat="30.397615" lon="-97.929824"></trkpt>
      <trkpt lat="30.397632" lon="-97.929621"></trkpt>
      <trkpt lat="30.397649" lon="-97.929417"></trkpt>
      <trkpt lat="30.397636" lon="-97.928894"></trkpt>
      <trkpt lat="30.397569" lon="-97.928230"></trkpt>
      <trkpt lat="30.397499" lon="-97.927688"></trkpt>
      <trkpt lat="30.397449" lon="-97.927370"></trkpt>
      <trkpt lat="30.397330" lon="-97.926602"></trkpt>
      <trkpt lat="30.397283" lon="-97.926299"></trkpt>
      <trkpt lat="30.397069" lon="-97.925131"></trkpt>
      <trkpt lat="30.397019" lon="-97.924835"></trkpt>
      <trkpt lat="30.396810" lon="-97.923342"></trkpt>
      <trkpt lat="30.396790" lon="-97.923104"></trkpt>
      <trkpt lat="30.396763" lon="-97.922784"></trkpt>
      <trkpt lat="30.396707" lon="-97.921986"></trkpt>
      <trkpt lat="30.396685" lon="-97.920776"></trkpt>
      <trkpt lat="30.396691" lon="-97.920384"></trkpt>
      <trkpt lat="30.396682" lon="-97.918744"></trkpt>
      <trkpt lat="30.396659" lon="-97.918178"></trkpt>
      <trkpt lat="30.396616" lon="-97.917752"></trkpt>
      <trkpt lat="30.396523" lon="-97.917183"></trkpt>
      <trkpt lat="30.396396" lon="-97.916624"></trkpt>
      <trkpt lat="30.396386" lon="-97.916581"></trkpt>
      <trkpt lat="30.396252" lon="-97.916176"></trkpt>
      <trkpt lat="30.396157" lon="-97.915887"></trkpt>
      <trkpt lat="30.395998" lon="-97.915406"></trkpt>
      <trkpt lat="30.395950" lon="-97.915260"></trkpt>
      <trkpt lat="30.395752" lon="-97.914688"></trkpt>
      <trkpt lat="30.395469" lon="-97.913914"></trkpt>
      <trkpt lat="30.395339" lon="-97.913631"></trkpt>
      <trkpt lat="30.395120" lon="-97.913184"></trkpt>
      <trkpt lat="30.394724" lon="-97.912570"></trkpt>
      <trkpt lat="30.394462" lon="-97.912236"></trkpt>
      <trkpt lat="30.394155" lon="-97.911866"></trkpt>
      <trkpt lat="30.393800" lon="-97.911504"></trkpt>
      <trkpt lat="30.393500" lon="-97.911240"></trkpt>
      <trkpt lat="30.392972" lon="-97.910832"></trkpt>
      <trkpt lat="30.389212" lon="-97.908375"></trkpt>
      <trkpt lat="30.388817" lon="-97.908086"></trkpt>
      <trkpt lat="30.388550" lon="-97.907843"></trkpt>
      <trkpt lat="30.388276" lon="-97.907559"></trkpt>
      <trkpt lat="30.387798" lon="-97.906887"></trkpt>
      <trkpt lat="30.387620" lon="-97.906504"></trkpt>
      <trkpt lat="30.387495" lon="-97.906169"></trkpt>
      <trkpt lat="30.387364" lon="-97.905788"></trkpt>
      <trkpt lat="30.387262" lon="-97.905386"></trkpt>
      <trkpt lat="30.387203" lon="-97.905006"></trkpt>
      <trkpt lat="30.387164" lon="-97.904500"></trkpt>
      <trkpt lat="30.387171" lon="-97.904027"></trkpt>
      <trkpt lat="30.387222" lon="-97.903507"></trkpt>
      <trkpt lat="30.387566" lon="-97.900008"></trkpt>
      <trkpt lat="30.387609" lon="-97.899578"></trkpt>
      <trkpt lat="30.387653" lon="-97.899068"></trkpt>
      <trkpt lat="30.387654" lon="-97.898558"></trkpt>
      <trkpt lat="30.387538" lon="-97.897490"></trkpt>
      <trkpt lat="30.387528" lon="-97.897393"></trkpt>
      <trkpt lat="30.387493" lon="-97.897098"></trkpt>
      <trkpt lat="30.387488" lon="-97.897051"></trkpt>
      <trkpt lat="30.387478" lon="-97.896923"></trkpt>
      <trkpt lat="30.387436" lon="-97.896417"></trkpt>
      <trkpt lat="30.387445" lon="-97.895714"></trkpt>
      <trkpt lat="30.387494" lon="-97.895063"></trkpt>
      <trkpt lat="30.387694" lon="-97.894101"></trkpt>
      <trkpt lat="30.387931" lon="-97.893183"></trkpt>
      <trkpt lat="30.388191" lon="-97.892536"></trkpt>
      <trkpt lat="30.388377" lon="-97.892213"></trkpt>
      <trkpt lat="30.388619" lon="-97.891758"></trkpt>
      <trkpt lat="30.388938" lon="-97.891286"></trkpt>
      <trkpt lat="30.389212" lon="-97.890866"></trkpt>
      <trkpt lat="30.389254" lon="-97.890811"></trkpt>
      <trkpt lat="30.389471" lon="-97.890531"></trkpt>
      <trkpt lat="30.389529" lon="-97.890461"></trkpt>
      <trkpt lat="30.389982" lon="-97.889913"></trkpt>
      <trkpt lat="30.390361" lon="-97.889429"></trkpt>
      <trkpt lat="30.390463" lon="-97.889260"></trkpt>
      <trkpt lat="30.390530" lon="-97.889135"></trkpt>
      <trkpt lat="30.390590" lon="-97.889024"></trkpt>
      <trkpt lat="30.390707" lon="-97.888806"></trkpt>
      <trkpt lat="30.390863" lon="-97.888402"></trkpt>
      <trkpt lat="30.390953" lon="-97.888053"></trkpt>
      <trkpt lat="30.391012" lon="-97.887633"></trkpt>
      <trkpt lat="30.391025" lon="-97.887265"></trkpt>
      <trkpt lat="30.391018" lon="-97.886986"></trkpt>
      <trkpt lat="30.391015" lon="-97.886681"></trkpt>
      <trkpt lat="30.390915" lon="-97.886156"></trkpt>
      <trkpt lat="30.390855" lon="-97.885930"></trkpt>
      <trkpt lat="30.390792" lon="-97.885762"></trkpt>
      <trkpt lat="30.390423" lon="-97.884779"></trkpt>
      <trkpt lat="30.390352" lon="-97.884581"></trkpt>
      <trkpt lat="30.390338" lon="-97.884543"></trkpt>
      <trkpt lat="30.389991" lon="-97.883665"></trkpt>
      <trkpt lat="30.389958" lon="-97.883583"></trkpt>
      <trkpt lat="30.389800" lon="-97.882706"></trkpt>
      <trkpt lat="30.389782" lon="-97.882337"></trkpt>
      <trkpt lat="30.389782" lon="-97.882167"></trkpt>
      <trkpt lat="30.389783" lon="-97.882148"></trkpt>
      <trkpt lat="30.389813" lon="-97.881703"></trkpt>
      <trkpt lat="30.389882" lon="-97.881249"></trkpt>
      <trkpt lat="30.390087" lon="-97.880653"></trkpt>
      <trkpt lat="30.390290" lon="-97.880265"></trkpt>
      <trkpt lat="30.390702" lon="-97.879625"></trkpt>
      <trkpt lat="30.391319" lon="-97.878755"></trkpt>
      <trkpt lat="30.391614" lon="-97.878338"></trkpt>
      <trkpt lat="30.391967" lon="-97.877699"></trkpt>
      <trkpt lat="30.392240" lon="-97.877152"></trkpt>
      <trkpt lat="30.392610" lon="-97.876318"></trkpt>
      <trkpt lat="30.392998" lon="-97.875219"></trkpt>
      <trkpt lat="30.393099" lon="-97.874892"></trkpt>
      <trkpt lat="30.393176" lon="-97.874515"></trkpt>
      <trkpt lat="30.393264" lon="-97.874108"></trkpt>
      <trkpt lat="30.394185" lon="-97.869872"></trkpt>
      <trkpt lat="30.394216" lon="-97.869724"></trkpt>
      <trkpt lat="30.394333" lon="-97.869189"></trkpt>
      <trkpt lat="30.394314" lon="-97.869003"></trkpt>
      <trkpt lat="30.394506" lon="-97.868082"></trkpt>
      <trkpt lat="30.394725" lon="-97.866932"></trkpt>
      <trkpt lat="30.394761" lon="-97.866748"></trkpt>
      <trkpt lat="30.395004" lon="-97.865473"></trkpt>
      <trkpt lat="30.395096" lon="-97.864989"></trkpt>
      <trkpt lat="30.395218" lon="-97.864350"></trkpt>
      <trkpt lat="30.395310" lon="-97.864158"></trkpt>
      <trkpt lat="30.395361" lon="-97.863894"></trkpt>
      <trkpt lat="30.395623" lon="-97.862810"></trkpt>
      <trkpt lat="30.395669" lon="-97.862658"></trkpt>
      <trkpt lat="30.396090" lon="-97.861265"></trkpt>
      <trkpt lat="30.396096" lon="-97.861090"></trkpt>
      <trkpt lat="30.396601" lon="-97.859419"></trkpt>
      <trkpt lat="30.396880" lon="-97.858551"></trkpt>
      <trkpt lat="30.396948" lon="-97.858371"></trkpt>
      <trkpt lat="30.397044" lon="-97.858157"></trkpt>
      <trkpt lat="30.397154" lon="-97.857939"></trkpt>
      <trkpt lat="30.397295" lon="-97.857718"></trkpt>
      <trkpt lat="30.397447" lon="-97.857510"></trkpt>
      <trkpt lat="30.397622" lon="-97.857316"></trkpt>
      <trkpt lat="30.397873" lon="-97.857088"></trkpt>
      <trkpt lat="30.398088" lon="-97.856941"></trkpt>
      <trkpt lat="30.398213" lon="-97.856917"></trkpt>
      <trkpt lat="30.398317" lon="-97.856857"></trkpt>
      <trkpt lat="30.398715" lon="-97.856648"></trkpt>
      <trkpt lat="30.399333" lon="-97.856325"></trkpt>
      <trkpt lat="30.399961" lon="-97.855996"></trkpt>
      <trkpt lat="30.400372" lon="-97.855781"></trkpt>
      <trkpt lat="30.400558" lon="-97.855683"></trkpt>
      <trkpt lat="30.400721" lon="-97.855598"></trkpt>
      <trkpt lat="30.401076" lon="-97.855413"></trkpt>
      <trkpt lat="30.401568" lon="-97.855155"></trkpt>
      <trkpt lat="30.401766" lon="-97.855051"></trkpt>
      <trkpt lat="30.401879" lon="-97.854992"></trkpt>
      <trkpt lat="30.401985" lon="-97.854937"></trkpt>
      <trkpt lat="30.402220" lon="-97.854814"></trkpt>
      <trkpt lat="30.402286" lon="-97.854779"></trkpt>
      <trkpt lat="30.402631" lon="-97.854599"></trkpt>
      <trkpt lat="30.402865" lon="-97.854476"></trkpt>
      <trkpt lat="30.402978" lon="-97.854417"></trkpt>
      <trkpt lat="30.403310" lon="-97.854243"></trkpt>
      <trkpt lat="30.403563" lon="-97.854111"></trkpt>
      <trkpt lat="30.403653" lon="-97.854064"></trkpt>
      <trkpt lat="30.403786" lon="-97.853994"></trkpt>
      <trkpt lat="30.404073" lon="-97.853838"></trkpt>
      <trkpt lat="30.404333" lon="-97.853705"></trkpt>
      <trkpt lat="30.404627" lon="-97.853555"></trkpt>
      <trkpt lat="30.404899" lon="-97.853415"></trkpt>
      <trkpt lat="30.405327" lon="-97.853186"></trkpt>
      <trkpt lat="30.406251" lon="-97.852697"></trkpt>
      <trkpt lat="30.406455" lon="-97.852589"></trkpt>
      <trkpt lat="30.406558" lon="-97.852531"></trkpt>
      <trkpt lat="30.406661" lon="-97.852473"></trkpt>
      <trkpt lat="30.406723" lon="-97.852443"></trkpt>
      <trkpt lat="30.407078" lon="-97.852271"></trkpt>
      <trkpt lat="30.407327" lon="-97.852150"></trkpt>
      <trkpt lat="30.407404" lon="-97.852112"></trkpt>
      <trkpt lat="30.407930" lon="-97.851851"></trkpt>
      <trkpt lat="30.408041" lon="-97.851795"></trkpt>
      <trkpt lat="30.408183" lon="-97.851724"></trkpt>
      <trkpt lat="30.408359" lon="-97.851637"></trkpt>
      <trkpt lat="30.408445" lon="-97.851594"></trkpt>
      <trkpt lat="30.408525" lon="-97.851554"></trkpt>
      <trkpt lat="30.408724" lon="-97.851456"></trkpt>
      <trkpt lat="30.408796" lon="-97.851420"></trkpt>
      <trkpt lat="30.408979" lon="-97.851329"></trkpt>
      <trkpt lat="30.409229" lon="-97.851205"></trkpt>
      <trkpt lat="30.409246" lon="-97.851196"></trkpt>
      <trkpt lat="30.409361" lon="-97.851138"></trkpt>
      <trkpt lat="30.409458" lon="-97.851090"></trkpt>
      <trkpt lat="30.409741" lon="-97.850947"></trkpt>
      <trkpt lat="30.409824" lon="-97.850905"></trkpt>
      <trkpt lat="30.410036" lon="-97.850799"></trkpt>
      <trkpt lat="30.410209" lon="-97.850712"></trkpt>
      <trkpt lat="30.410382" lon="-97.850625"></trkpt>
      <trkpt lat="30.410539" lon="-97.850545"></trkpt>
      <trkpt lat="30.410561" lon="-97.850534"></trkpt>
      <trkpt lat="30.410660" lon="-97.850484"></trkpt>
      <trkpt lat="30.410770" lon="-97.850429"></trkpt>
      <trkpt lat="30.410864" lon="-97.850382"></trkpt>
      <trkpt lat="30.411050" lon="-97.850288"></trkpt>
      <trkpt lat="30.411102" lon="-97.850262"></trkpt>
      <trkpt lat="30.411298" lon="-97.850162"></trkpt>
      <trkpt lat="30.411693" lon="-97.849963"></trkpt>
      <trkpt lat="30.411753" lon="-97.849933"></trkpt>
      <trkpt lat="30.411795" lon="-97.849910"></trkpt>
      <trkpt lat="30.411942" lon="-97.849834"></trkpt>
      <trkpt lat="30.412174" lon="-97.849712"></trkpt>
      <trkpt lat="30.412209" lon="-97.849692"></trkpt>
      <trkpt lat="30.412328" lon="-97.849624"></trkpt>
      <trkpt lat="30.413370" lon="-97.849092"></trkpt>
      <trkpt lat="30.413446" lon="-97.849053"></trkpt>
      <trkpt lat="30.414633" lon="-97.848443"></trkpt>
      <trkpt lat="30.415536" lon="-97.847981"></trkpt>
      <trkpt lat="30.416205" lon="-97.847631"></trkpt>
      <trkpt lat="30.416353" lon="-97.847554"></trkpt>
      <trkpt lat="30.416408" lon="-97.847525"></trkpt>
      <trkpt lat="30.416757" lon="-97.847343"></trkpt>
      <trkpt lat="30.416877" lon="-97.847284"></trkpt>
      <trkpt lat="30.417156" lon="-97.847146"></trkpt>
      <trkpt lat="30.417357" lon="-97.847047"></trkpt>
      <trkpt lat="30.417455" lon="-97.846999"></trkpt>
      <trkpt lat="30.417591" lon="-97.846932"></trkpt>
      <trkpt lat="30.417652" lon="-97.846902"></trkpt>
      <trkpt lat="30.417852" lon="-97.846804"></trkpt>
      <trkpt lat="30.418437" lon="-97.846516"></trkpt>
      <trkpt lat="30.418577" lon="-97.846447"></trkpt>
      <trkpt lat="30.418671" lon="-97.846400"></trkpt>
      <trkpt lat="30.418946" lon="-97.846261"></trkpt>
      <trkpt lat="30.419187" lon="-97.846139"></trkpt>
      <trkpt lat="30.419799" lon="-97.845832"></trkpt>
      <trkpt lat="30.420233" lon="-97.845631"></trkpt>
      <trkpt lat="30.420450" lon="-97.845550"></trkpt>
      <trkpt lat="30.421207" lon="-97.845282"></trkpt>
      <trkpt lat="30.421553" lon="-97.845155"></trkpt>
      <trkpt lat="30.421788" lon="-97.845064"></trkpt>
      <trkpt lat="30.421845" lon="-97.845043"></trkpt>
      <trkpt lat="30.421937" lon="-97.845010"></trkpt>
      <trkpt lat="30.422014" lon="-97.844984"></trkpt>
      <trkpt lat="30.423027" lon="-97.844649"></trkpt>
      <trkpt lat="30.423070" lon="-97.844635"></trkpt>
      <trkpt lat="30.423503" lon="-97.844488"></trkpt>
      <trkpt lat="30.424727" lon="-97.844073"></trkpt>
      <trkpt lat="30.424804" lon="-97.844045"></trkpt>
      <trkpt lat="30.426393" lon="-97.843485"></trkpt>
      <trkpt lat="30.426699" lon="-97.843383"></trkpt>
      <trkpt lat="30.426905" lon="-97.843316"></trkpt>
      <trkpt lat="30.427355" lon="-97.843168"></trkpt>
      <trkpt lat="30.427472" lon="-97.843130"></trkpt>
      <trkpt lat="30.428006" lon="-97.842953"></trkpt>
      <trkpt lat="30.428589" lon="-97.842759"></trkpt>
      <trkpt lat="30.428623" lon="-97.842748"></trkpt>
      <trkpt lat="30.428701" lon="-97.842722"></trkpt>
      <trkpt lat="30.428857" lon="-97.842670"></trkpt>
      <trkpt lat="30.428935" lon="-97.842644"></trkpt>
      <trkpt lat="30.429574" lon="-97.842427"></trkpt>
      <trkpt lat="30.429724" lon="-97.842376"></trkpt>
      <trkpt lat="30.430634" lon="-97.842069"></trkpt>
      <trkpt lat="30.430871" lon="-97.841979"></trkpt>
      <trkpt lat="30.431538" lon="-97.841726"></trkpt>
      <trkpt lat="30.432362" lon="-97.841458"></trkpt>
      <trkpt lat="30.432444" lon="-97.841433"></trkpt>
      <trkpt lat="30.433080" lon="-97.841238"></trkpt>
      <trkpt lat="30.433221" lon="-97.841190"></trkpt>
      <trkpt lat="30.433906" lon="-97.840937"></trkpt>
      <trkpt lat="30.434229" lon="-97.840822"></trkpt>
      <trkpt lat="30.434484" lon="-97.840702"></trkpt>
      <trkpt lat="30.434638" lon="-97.840629"></trkpt>
      <trkpt lat="30.434824" lon="-97.840541"></trkpt>
      <trkpt lat="30.435038" lon="-97.840414"></trkpt>
      <trkpt lat="30.435223" lon="-97.840303"></trkpt>
      <trkpt lat="30.435447" lon="-97.840156"></trkpt>
      <trkpt lat="30.435747" lon="-97.839899"></trkpt>
      <trkpt lat="30.436071" lon="-97.839582"></trkpt>
      <trkpt lat="30.436634" lon="-97.839031"></trkpt>
      <trkpt lat="30.436692" lon="-97.838976"></trkpt>
      <trkpt lat="30.436902" lon="-97.838776"></trkpt>
      <trkpt lat="30.437128" lon="-97.838562"></trkpt>
      <trkpt lat="30.437230" lon="-97.838467"></trkpt>
      <trkpt lat="30.437482" lon="-97.838228"></trkpt>
      <trkpt lat="30.438114" lon="-97.837630"></trkpt>
      <trkpt lat="30.438192" lon="-97.837556"></trkpt>
      <trkpt lat="30.438516" lon="-97.837249"></trkpt>
      <trkpt lat="30.438531" lon="-97.837235"></trkpt>
      <trkpt lat="30.439052" lon="-97.836703"></trkpt>
      <trkpt lat="30.439164" lon="-97.836588"></trkpt>
      <trkpt lat="30.439501" lon="-97.836261"></trkpt>
      <trkpt lat="30.440005" lon="-97.835772"></trkpt>
      <trkpt lat="30.440061" lon="-97.835718"></trkpt>
      <trkpt lat="30.440213" lon="-97.835542"></trkpt>
      <trkpt lat="30.440697" lon="-97.835031"></trkpt>
      <trkpt lat="30.441439" lon="-97.834352"></trkpt>
      <trkpt lat="30.441849" lon="-97.834040"></trkpt>
      <trkpt lat="30.441860" lon="-97.834032"></trkpt>
      <trkpt lat="30.442200" lon="-97.833797"></trkpt>
      <trkpt lat="30.442491" lon="-97.833638"></trkpt>
      <trkpt lat="30.442591" lon="-97.833581"></trkpt>
      <trkpt lat="30.442705" lon="-97.833517"></trkpt>
      <trkpt lat="30.442830" lon="-97.833452"></trkpt>
      <trkpt lat="30.442924" lon="-97.833410"></trkpt>
      <trkpt lat="30.443292" lon="-97.833223"></trkpt>
      <trkpt lat="30.443505" lon="-97.833119"></trkpt>
      <trkpt lat="30.443623" lon="-97.833066"></trkpt>
      <trkpt lat="30.444155" lon="-97.832823"></trkpt>
      <trkpt lat="30.444273" lon="-97.832768"></trkpt>
      <trkpt lat="30.444403" lon="-97.832708"></trkpt>
      <trkpt lat="30.444691" lon="-97.832576"></trkpt>
      <trkpt lat="30.445506" lon="-97.832199"></trkpt>
      <trkpt lat="30.445707" lon="-97.832096"></trkpt>
      <trkpt lat="30.445968" lon="-97.831961"></trkpt>
      <trkpt lat="30.446146" lon="-97.831870"></trkpt>
      <trkpt lat="30.446365" lon="-97.831757"></trkpt>
      <trkpt lat="30.446429" lon="-97.831724"></trkpt>
      <trkpt lat="30.446481" lon="-97.831698"></trkpt>
      <trkpt lat="30.446701" lon="-97.831589"></trkpt>
      <trkpt lat="30.447409" lon="-97.831237"></trkpt>
      <trkpt lat="30.447773" lon="-97.831056"></trkpt>
      <trkpt lat="30.447821" lon="-97.831031"></trkpt>
      <trkpt lat="30.447852" lon="-97.831016"></trkpt>
      <trkpt lat="30.448137" lon="-97.830874"></trkpt>
      <trkpt lat="30.448332" lon="-97.830791"></trkpt>
      <trkpt lat="30.448473" lon="-97.830732"></trkpt>
      <trkpt lat="30.448721" lon="-97.830606"></trkpt>
      <trkpt lat="30.449382" lon="-97.830268"></trkpt>
      <trkpt lat="30.449476" lon="-97.830220"></trkpt>
      <trkpt lat="30.449821" lon="-97.830054"></trkpt>
      <trkpt lat="30.450093" lon="-97.829921"></trkpt>
      <trkpt lat="30.450363" lon="-97.829789"></trkpt>
      <trkpt lat="30.450588" lon="-97.829679"></trkpt>
      <trkpt lat="30.450616" lon="-97.829665"></trkpt>
      <trkpt lat="30.450680" lon="-97.829631"></trkpt>
      <trkpt lat="30.450919" lon="-97.829506"></trkpt>
      <trkpt lat="30.451017" lon="-97.829455"></trkpt>
      <trkpt lat="30.451366" lon="-97.829291"></trkpt>
      <trkpt lat="30.451477" lon="-97.829238"></trkpt>
      <trkpt lat="30.451616" lon="-97.829173"></trkpt>
      <trkpt lat="30.451909" lon="-97.829032"></trkpt>
      <trkpt lat="30.451950" lon="-97.829013"></trkpt>
      <trkpt lat="30.452436" lon="-97.828781"></trkpt>
      <trkpt lat="30.452466" lon="-97.828762"></trkpt>
      <trkpt lat="30.452593" lon="-97.828679"></trkpt>
      <trkpt lat="30.452680" lon="-97.828622"></trkpt>
      <trkpt lat="30.452796" lon="-97.828536"></trkpt>
      <trkpt lat="30.453037" lon="-97.828353"></trkpt>
      <trkpt lat="30.453295" lon="-97.828104"></trkpt>
      <trkpt lat="30.453490" lon="-97.827891"></trkpt>
      <trkpt lat="30.453898" lon="-97.827447"></trkpt>
      <trkpt lat="30.453997" lon="-97.827339"></trkpt>
      <trkpt lat="30.454093" lon="-97.827232"></trkpt>
      <trkpt lat="30.454657" lon="-97.826620"></trkpt>
      <trkpt lat="30.454931" lon="-97.826322"></trkpt>
      <trkpt lat="30.455052" lon="-97.826196"></trkpt>
      <trkpt lat="30.455195" lon="-97.826037"></trkpt>
      <trkpt lat="30.455333" lon="-97.825896"></trkpt>
      <trkpt lat="30.455389" lon="-97.825839"></trkpt>
      <trkpt lat="30.455484" lon="-97.825741"></trkpt>
      <trkpt lat="30.455527" lon="-97.825893"></trkpt>
      <trkpt lat="30.455639" lon="-97.826283"></trkpt>
      <trkpt lat="30.455758" lon="-97.826859"></trkpt>
      <trkpt lat="30.455821" lon="-97.827168"></trkpt>
      <trkpt lat="30.455915" lon="-97.827667"></trkpt>
      <trkpt lat="30.455951" lon="-97.827887"></trkpt>
      <trkpt lat="30.456045" lon="-97.828400"></trkpt>
      <trkpt lat="30.456127" lon="-97.828757"></trkpt>
      <trkpt lat="30.456143" lon="-97.828818"></trkpt>
      <trkpt lat="30.456286" lon="-97.829340"></trkpt>
      <trkpt lat="30.456356" lon="-97.829601"></trkpt>
      <trkpt lat="30.456451" lon="-97.829867"></trkpt>
      <trkpt lat="30.456764" lon="-97.830665"></trkpt>
      <trkpt lat="30.456602" lon="-97.830772"></trkpt>
      <trkpt lat="30.456764" lon="-97.830665"></trkpt>
      <trkpt lat="30.457039" lon="-97.831410"></trkpt>
      <trkpt lat="30.457121" lon="-97.831692"></trkpt>
      <trkpt lat="30.457183" lon="-97.831978"></trkpt>
      <trkpt lat="30.457243" lon="-97.832388"></trkpt>
      <trkpt lat="30.457379" lon="-97.833221"></trkpt>
      <trkpt lat="30.457447" lon="-97.833587"></trkpt>
      <trkpt lat="30.457505" lon="-97.833866"></trkpt>
      <trkpt lat="30.457693" lon="-97.834385"></trkpt>
      <trkpt lat="30.457842" lon="-97.834665"></trkpt>
      <trkpt lat="30.458140" lon="-97.835090"></trkpt>
      <trkpt lat="30.458590" lon="-97.835712"></trkpt>
      <trkpt lat="30.459283" lon="-97.836653"></trkpt>
      <trkpt lat="30.459490" lon="-97.836951"></trkpt>
      <trkpt lat="30.459608" lon="-97.837145"></trkpt>
      <trkpt lat="30.459694" lon="-97.837307"></trkpt>
      <trkpt lat="30.459898" lon="-97.837744"></trkpt>
      <trkpt lat="30.460005" lon="-97.838080"></trkpt>
      <trkpt lat="30.460092" lon="-97.838432"></trkpt>
      <trkpt lat="30.460195" lon="-97.839012"></trkpt>
      <trkpt lat="30.460285" lon="-97.839351"></trkpt>
      <trkpt lat="30.460431" lon="-97.839718"></trkpt>
      <trkpt lat="30.460798" lon="-97.840497"></trkpt>
      <trkpt lat="30.461298" lon="-97.841547"></trkpt>
      <trkpt lat="30.461356" lon="-97.841635"></trkpt>
      <trkpt lat="30.461483" lon="-97.841833"></trkpt>
      <trkpt lat="30.461638" lon="-97.842041"></trkpt>
      <trkpt lat="30.461890" lon="-97.842332"></trkpt>
      <trkpt lat="30.462226" lon="-97.842618"></trkpt>
      <trkpt lat="30.462563" lon="-97.842885"></trkpt>
      <trkpt lat="30.462916" lon="-97.843163"></trkpt>
      <trkpt lat="30.462920" lon="-97.843167"></trkpt>
      <trkpt lat="30.463015" lon="-97.843242"></trkpt>
      <trkpt lat="30.463122" lon="-97.843315"></trkpt>
      <trkpt lat="30.463480" lon="-97.843557"></trkpt>
      <trkpt lat="30.463608" lon="-97.843624"></trkpt>
      <trkpt lat="30.463905" lon="-97.843746"></trkpt>
      <trkpt lat="30.464062" lon="-97.843792"></trkpt>
      <trkpt lat="30.464330" lon="-97.843843"></trkpt>
      <trkpt lat="30.464666" lon="-97.843868"></trkpt>
      <trkpt lat="30.465285" lon="-97.843846"></trkpt>
      <trkpt lat="30.465605" lon="-97.843842"></trkpt>
      <trkpt lat="30.465977" lon="-97.843836"></trkpt>
      <trkpt lat="30.466071" lon="-97.843833"></trkpt>
      <trkpt lat="30.466170" lon="-97.843831"></trkpt>
      <trkpt lat="30.466721" lon="-97.843819"></trkpt>
      <trkpt lat="30.467011" lon="-97.843861"></trkpt>
      <trkpt lat="30.467146" lon="-97.843889"></trkpt>
      <trkpt lat="30.467435" lon="-97.843956"></trkpt>
      <trkpt lat="30.467849" lon="-97.844135"></trkpt>
      <trkpt lat="30.468101" lon="-97.844266"></trkpt>
      <trkpt lat="30.469107" lon="-97.844877"></trkpt>
      <trkpt lat="30.469182" lon="-97.844922"></trkpt>
      <trkpt lat="30.469291" lon="-97.844989"></trkpt>
      <trkpt lat="30.469389" lon="-97.845050"></trkpt>
      <trkpt lat="30.470610" lon="-97.845811"></trkpt>
      <trkpt lat="30.470959" lon="-97.846029"></trkpt>
      <trkpt lat="30.471301" lon="-97.846294"></trkpt>
      <trkpt lat="30.471516" lon="-97.846497"></trkpt>
      <trkpt lat="30.471749" lon="-97.846751"></trkpt>
      <trkpt lat="30.471900" lon="-97.846934"></trkpt>
      <trkpt lat="30.472118" lon="-97.847225"></trkpt>
      <trkpt lat="30.472252" lon="-97.847478"></trkpt>
      <trkpt lat="30.472316" lon="-97.847600"></trkpt>
      <trkpt lat="30.472366" lon="-97.847714"></trkpt>
      <trkpt lat="30.472418" lon="-97.847830"></trkpt>
      <trkpt lat="30.472525" lon="-97.848088"></trkpt>
      <trkpt lat="30.472641" lon="-97.848434"></trkpt>
      <trkpt lat="30.472730" lon="-97.848782"></trkpt>
      <trkpt lat="30.472790" lon="-97.849065"></trkpt>
      <trkpt lat="30.472842" lon="-97.849345"></trkpt>
      <trkpt lat="30.472877" lon="-97.849545"></trkpt>
      <trkpt lat="30.472952" lon="-97.849840"></trkpt>
      <trkpt lat="30.473018" lon="-97.850064"></trkpt>
      <trkpt lat="30.473152" lon="-97.850398"></trkpt>
      <trkpt lat="30.473336" lon="-97.850733"></trkpt>
      <trkpt lat="30.473455" lon="-97.850913"></trkpt>
      <trkpt lat="30.473632" lon="-97.851145"></trkpt>
      <trkpt lat="30.473884" lon="-97.851375"></trkpt>
      <trkpt lat="30.473984" lon="-97.851465"></trkpt>
      <trkpt lat="30.474064" lon="-97.851523"></trkpt>
      <trkpt lat="30.474193" lon="-97.851613"></trkpt>
      <trkpt lat="30.474490" lon="-97.851763"></trkpt>
      <trkpt lat="30.474792" lon="-97.851894"></trkpt>
      <trkpt lat="30.475085" lon="-97.851971"></trkpt>
      <trkpt lat="30.475786" lon="-97.852045"></trkpt>
      <trkpt lat="30.476843" lon="-97.852140"></trkpt>
      <trkpt lat="30.477446" lon="-97.852129"></trkpt>
      <trkpt lat="30.478226" lon="-97.852089"></trkpt>
      <trkpt lat="30.478580" lon="-97.852070"></trkpt>
      <trkpt lat="30.478626" lon="-97.852068"></trkpt>
      <trkpt lat="30.478711" lon="-97.852062"></trkpt>
      <trkpt lat="30.478748" lon="-97.852059"></trkpt>
      <trkpt lat="30.480040" lon="-97.851921"></trkpt>
      <trkpt lat="30.480389" lon="-97.851861"></trkpt>
      <trkpt lat="30.480637" lon="-97.851796"></trkpt>
      <trkpt lat="30.480879" lon="-97.851710"></trkpt>
      <trkpt lat="30.481395" lon="-97.851475"></trkpt>
      <trkpt lat="30.481611" lon="-97.851381"></trkpt>
      <trkpt lat="30.481767" lon="-97.851334"></trkpt>
      <trkpt lat="30.481923" lon="-97.851288"></trkpt>
      <trkpt lat="30.482220" lon="-97.851237"></trkpt>
      <trkpt lat="30.482539" lon="-97.851230"></trkpt>
      <trkpt lat="30.482725" lon="-97.851244"></trkpt>
      <trkpt lat="30.483016" lon="-97.851297"></trkpt>
      <trkpt lat="30.483366" lon="-97.851401"></trkpt>
      <trkpt lat="30.483656" lon="-97.851541"></trkpt>
      <trkpt lat="30.484200" lon="-97.851890"></trkpt>
      <trkpt lat="30.484281" lon="-97.851942"></trkpt>
      <trkpt lat="30.484514" lon="-97.852090"></trkpt>
      <trkpt lat="30.484842" lon="-97.852355"></trkpt>
      <trkpt lat="30.485080" lon="-97.852570"></trkpt>
      <trkpt lat="30.485368" lon="-97.852840"></trkpt>
      <trkpt lat="30.485641" lon="-97.853147"></trkpt>
      <trkpt lat="30.485809" lon="-97.853356"></trkpt>
      <trkpt lat="30.486095" lon="-97.853712"></trkpt>
      <trkpt lat="30.486281" lon="-97.853977"></trkpt>
      <trkpt lat="30.486441" lon="-97.854271"></trkpt>
      <trkpt lat="30.486654" lon="-97.854724"></trkpt>
      <trkpt lat="30.487428" lon="-97.856364"></trkpt>
      <trkpt lat="30.488122" lon="-97.857841"></trkpt>
      <trkpt lat="30.488318" lon="-97.858262"></trkpt>
      <trkpt lat="30.488570" lon="-97.858792"></trkpt>
      <trkpt lat="30.488705" lon="-97.859027"></trkpt>
      <trkpt lat="30.488873" lon="-97.859273"></trkpt>
      <trkpt lat="30.489086" lon="-97.859526"></trkpt>
      <trkpt lat="30.489293" lon="-97.859727"></trkpt>
      <trkpt lat="30.489518" lon="-97.859899"></trkpt>
      <trkpt lat="30.489732" lon="-97.860048"></trkpt>
      <trkpt lat="30.489951" lon="-97.860163"></trkpt>
      <trkpt lat="30.490193" lon="-97.860255"></trkpt>
      <trkpt lat="30.490374" lon="-97.860313"></trkpt>
      <trkpt lat="30.490563" lon="-97.860350"></trkpt>
      <trkpt lat="30.490758" lon="-97.860382"></trkpt>
      <trkpt lat="30.490940" lon="-97.860397"></trkpt>
      <trkpt lat="30.491036" lon="-97.860394"></trkpt>
      <trkpt lat="30.491137" lon="-97.860391"></trkpt>
      <trkpt lat="30.491340" lon="-97.860374"></trkpt>
      <trkpt lat="30.491536" lon="-97.860341"></trkpt>
      <trkpt lat="30.491772" lon="-97.860281"></trkpt>
      <trkpt lat="30.491979" lon="-97.860209"></trkpt>
      <trkpt lat="30.492167" lon="-97.860122"></trkpt>
      <trkpt lat="30.492341" lon="-97.860024"></trkpt>
      <trkpt lat="30.492760" lon="-97.859737"></trkpt>
      <trkpt lat="30.493123" lon="-97.859488"></trkpt>
      <trkpt lat="30.493427" lon="-97.859258"></trkpt>
      <trkpt lat="30.493893" lon="-97.858951"></trkpt>
      <trkpt lat="30.494876" lon="-97.858307"></trkpt>
      <trkpt lat="30.495031" lon="-97.858188"></trkpt>
      <trkpt lat="30.495061" lon="-97.858166"></trkpt>
      <trkpt lat="30.495413" lon="-97.857905"></trkpt>
      <trkpt lat="30.496217" lon="-97.857368"></trkpt>
      <trkpt lat="30.496544" lon="-97.857167"></trkpt>
      <trkpt lat="30.496833" lon="-97.857059"></trkpt>
      <trkpt lat="30.497038" lon="-97.857009"></trkpt>
      <trkpt lat="30.497245" lon="-97.857005"></trkpt>
      <trkpt lat="30.497456" lon="-97.857035"></trkpt>
      <trkpt lat="30.497701" lon="-97.857119"></trkpt>
      <trkpt lat="30.497803" lon="-97.857211"></trkpt>
      <trkpt lat="30.500679" lon="-97.858301"></trkpt>
      <trkpt lat="30.500927" lon="-97.858328"></trkpt>
      <trkpt lat="30.501350" lon="-97.858323"></trkpt>
      <trkpt lat="30.501469" lon="-97.858300"></trkpt>
      <trkpt lat="30.501706" lon="-97.858251"></trkpt>
      <trkpt lat="30.501884" lon="-97.858206"></trkpt>
      <trkpt lat="30.502801" lon="-97.857755"></trkpt>
      <trkpt lat="30.503294" lon="-97.857513"></trkpt>
      <trkpt lat="30.503401" lon="-97.857409"></trkpt>
      <trkpt lat="30.503671" lon="-97.857288"></trkpt>
      <trkpt lat="30.503989" lon="-97.857142"></trkpt>
      <trkpt lat="30.504375" lon="-97.856962"></trkpt>
      <trkpt lat="30.504730" lon="-97.856806"></trkpt>
      <trkpt lat="30.504880" lon="-97.856733"></trkpt>
      <trkpt lat="30.504985" lon="-97.856699"></trkpt>
      <trkpt lat="30.505117" lon="-97.856656"></trkpt>
      <trkpt lat="30.505460" lon="-97.856605"></trkpt>
      <trkpt lat="30.507642" lon="-97.856681"></trkpt>
      <trkpt lat="30.508026" lon="-97.856745"></trkpt>
      <trkpt lat="30.508533" lon="-97.856872"></trkpt>
      <trkpt lat="30.509005" lon="-97.857013"></trkpt>
      <trkpt lat="30.509474" lon="-97.857138"></trkpt>
      <trkpt lat="30.509984" lon="-97.857268"></trkpt>
      <trkpt lat="30.510502" lon="-97.857425"></trkpt>
      <trkpt lat="30.511230" lon="-97.857628"></trkpt>
      <trkpt lat="30.511752" lon="-97.857789"></trkpt>
      <trkpt lat="30.512096" lon="-97.857871"></trkpt>
      <trkpt lat="30.512305" lon="-97.858102"></trkpt>
      <trkpt lat="30.512273" lon="-97.858208"></trkpt>
      <trkpt lat="30.512200" lon="-97.858438"></trkpt>
      <trkpt lat="30.511912" lon="-97.859343"></trkpt>
      <trkpt lat="30.511825" lon="-97.859672"></trkpt>
      <trkpt lat="30.511727" lon="-97.860165"></trkpt>
      <trkpt lat="30.511682" lon="-97.860586"></trkpt>
      <trkpt lat="30.511673" lon="-97.861043"></trkpt>
      <trkpt lat="30.511686" lon="-97.861383"></trkpt>
      <trkpt lat="30.511715" lon="-97.861681"></trkpt>
      <trkpt lat="30.511753" lon="-97.861930"></trkpt>
      <trkpt lat="30.511765" lon="-97.862011"></trkpt>
      <trkpt lat="30.511830" lon="-97.862317"></trkpt>
      <trkpt lat="30.511885" lon="-97.862538"></trkpt>
      <trkpt lat="30.511932" lon="-97.862688"></trkpt>
      <trkpt lat="30.512001" lon="-97.862907"></trkpt>
      <trkpt lat="30.512093" lon="-97.863134"></trkpt>
      <trkpt lat="30.512175" lon="-97.863309"></trkpt>
      <trkpt lat="30.512336" lon="-97.863557"></trkpt>
      <trkpt lat="30.512520" lon="-97.863827"></trkpt>
      <trkpt lat="30.512755" lon="-97.864167"></trkpt>
      <trkpt lat="30.512978" lon="-97.864444"></trkpt>
      <trkpt lat="30.513307" lon="-97.864775"></trkpt>
      <trkpt lat="30.513351" lon="-97.864815"></trkpt>
      <trkpt lat="30.513513" lon="-97.864958"></trkpt>
      <trkpt lat="30.514110" lon="-97.865491"></trkpt>
      <trkpt lat="30.514556" lon="-97.865969"></trkpt>
      <trkpt lat="30.514769" lon="-97.866218"></trkpt>
      <trkpt lat="30.514987" lon="-97.866524"></trkpt>
      <trkpt lat="30.515233" lon="-97.866979"></trkpt>
      <trkpt lat="30.515446" lon="-97.867505"></trkpt>
      <trkpt lat="30.515625" lon="-97.868069"></trkpt>
      <trkpt lat="30.515717" lon="-97.868473"></trkpt>
      <trkpt lat="30.515760" lon="-97.868715"></trkpt>
      <trkpt lat="30.515794" lon="-97.869031"></trkpt>
      <trkpt lat="30.515821" lon="-97.869529"></trkpt>
      <trkpt lat="30.515810" lon="-97.869923"></trkpt>
      <trkpt lat="30.515794" lon="-97.870100"></trkpt>
      <trkpt lat="30.515779" lon="-97.870220"></trkpt>
    </trkseg>
  </trk>
</gpx>
