<?xml version="1.0" encoding="UTF-8"?>
<gpx version="1.1" creator="Antigravity Route Curation" xmlns="http://www.topografix.com/GPX/1/1">
  <trk>
    <name>Saturday Dawn Lake Granger Loop</name>
    <trkseg>
      <trkpt lat="30.534799" lon="-97.782798"></trkpt>
      <trkpt lat="30.534837" lon="-97.782749"></trkpt>
      <trkpt lat="30.534875" lon="-97.782719"></trkpt>
      <trkpt lat="30.534903" lon="-97.782708"></trkpt>
      <trkpt lat="30.534917" lon="-97.782702"></trkpt>
      <trkpt lat="30.535024" lon="-97.782702"></trkpt>
      <trkpt lat="30.535143" lon="-97.782749"></trkpt>
      <trkpt lat="30.535339" lon="-97.782826"></trkpt>
      <trkpt lat="30.535569" lon="-97.782942"></trkpt>
      <trkpt lat="30.535975" lon="-97.783187"></trkpt>
      <trkpt lat="30.536042" lon="-97.783231"></trkpt>
      <trkpt lat="30.536169" lon="-97.783319"></trkpt>
      <trkpt lat="30.536418" lon="-97.783504"></trkpt>
      <trkpt lat="30.536688" lon="-97.783731"></trkpt>
      <trkpt lat="30.536934" lon="-97.783976"></trkpt>
      <trkpt lat="30.537125" lon="-97.784183"></trkpt>
      <trkpt lat="30.537295" lon="-97.784390"></trkpt>
      <trkpt lat="30.537450" lon="-97.784586"></trkpt>
      <trkpt lat="30.537628" lon="-97.784823"></trkpt>
      <trkpt lat="30.537802" lon="-97.785090"></trkpt>
      <trkpt lat="30.538480" lon="-97.786202"></trkpt>
      <trkpt lat="30.539919" lon="-97.788619"></trkpt>
      <trkpt lat="30.540164" lon="-97.789024"></trkpt>
      <trkpt lat="30.540522" lon="-97.789588"></trkpt>
      <trkpt lat="30.540697" lon="-97.789813"></trkpt>
      <trkpt lat="30.540959" lon="-97.790128"></trkpt>
      <trkpt lat="30.541183" lon="-97.790370"></trkpt>
      <trkpt lat="30.541299" lon="-97.790484"></trkpt>
      <trkpt lat="30.541578" lon="-97.790760"></trkpt>
      <trkpt lat="30.542019" lon="-97.791088"></trkpt>
      <trkpt lat="30.542369" lon="-97.791305"></trkpt>
      <trkpt lat="30.542590" lon="-97.791417"></trkpt>
      <trkpt lat="30.542735" lon="-97.791480"></trkpt>
      <trkpt lat="30.543161" lon="-97.791671"></trkpt>
      <trkpt lat="30.544059" lon="-97.792020"></trkpt>
      <trkpt lat="30.544829" lon="-97.792319"></trkpt>
      <trkpt lat="30.545549" lon="-97.792592"></trkpt>
      <trkpt lat="30.545969" lon="-97.792749"></trkpt>
      <trkpt lat="30.546047" lon="-97.792778"></trkpt>
      <trkpt lat="30.546235" lon="-97.792849"></trkpt>
      <trkpt lat="30.547199" lon="-97.793206"></trkpt>
      <trkpt lat="30.547647" lon="-97.793386"></trkpt>
      <trkpt lat="30.548176" lon="-97.793588"></trkpt>
      <trkpt lat="30.548580" lon="-97.793758"></trkpt>
      <trkpt lat="30.549724" lon="-97.794240"></trkpt>
      <trkpt lat="30.550452" lon="-97.794564"></trkpt>
      <trkpt lat="30.550805" lon="-97.794712"></trkpt>
      <trkpt lat="30.551161" lon="-97.794855"></trkpt>
      <trkpt lat="30.552011" lon="-97.795188"></trkpt>
      <trkpt lat="30.552900" lon="-97.795545"></trkpt>
      <trkpt lat="30.553710" lon="-97.795885"></trkpt>
      <trkpt lat="30.554764" lon="-97.796369"></trkpt>
      <trkpt lat="30.555200" lon="-97.796579"></trkpt>
      <trkpt lat="30.555232" lon="-97.796593"></trkpt>
      <trkpt lat="30.556868" lon="-97.797309"></trkpt>
      <trkpt lat="30.558368" lon="-97.797941"></trkpt>
      <trkpt lat="30.558625" lon="-97.798042"></trkpt>
      <trkpt lat="30.560764" lon="-97.798886"></trkpt>
      <trkpt lat="30.561262" lon="-97.799094"></trkpt>
      <trkpt lat="30.562980" lon="-97.799789"></trkpt>
      <trkpt lat="30.564307" lon="-97.800303"></trkpt>
      <trkpt lat="30.564889" lon="-97.800531"></trkpt>
      <trkpt lat="30.564995" lon="-97.800573"></trkpt>
      <trkpt lat="30.568183" lon="-97.801814"></trkpt>
      <trkpt lat="30.568700" lon="-97.801994"></trkpt>
      <trkpt lat="30.569397" lon="-97.802226"></trkpt>
      <trkpt lat="30.569669" lon="-97.802316"></trkpt>
      <trkpt lat="30.569806" lon="-97.802362"></trkpt>
      <trkpt lat="30.570650" lon="-97.802604"></trkpt>
      <trkpt lat="30.570761" lon="-97.802634"></trkpt>
      <trkpt lat="30.571507" lon="-97.802859"></trkpt>
      <trkpt lat="30.572647" lon="-97.803189"></trkpt>
      <trkpt lat="30.573403" lon="-97.803442"></trkpt>
      <trkpt lat="30.573886" lon="-97.803616"></trkpt>
      <trkpt lat="30.576047" lon="-97.804480"></trkpt>
      <trkpt lat="30.576589" lon="-97.804703"></trkpt>
      <trkpt lat="30.576891" lon="-97.804817"></trkpt>
      <trkpt lat="30.577750" lon="-97.805164"></trkpt>
      <trkpt lat="30.577850" lon="-97.805204"></trkpt>
      <trkpt lat="30.580029" lon="-97.806090"></trkpt>
      <trkpt lat="30.581016" lon="-97.806493"></trkpt>
      <trkpt lat="30.582248" lon="-97.806985"></trkpt>
      <trkpt lat="30.583392" lon="-97.807457"></trkpt>
      <trkpt lat="30.584507" lon="-97.807932"></trkpt>
      <trkpt lat="30.584736" lon="-97.808030"></trkpt>
      <trkpt lat="30.585541" lon="-97.808485"></trkpt>
      <trkpt lat="30.585808" lon="-97.808649"></trkpt>
      <trkpt lat="30.587092" lon="-97.809441"></trkpt>
      <trkpt lat="30.587240" lon="-97.809530"></trkpt>
      <trkpt lat="30.587332" lon="-97.809581"></trkpt>
      <trkpt lat="30.588140" lon="-97.810027"></trkpt>
      <trkpt lat="30.588908" lon="-97.810351"></trkpt>
      <trkpt lat="30.589195" lon="-97.810458"></trkpt>
      <trkpt lat="30.589349" lon="-97.810537"></trkpt>
      <trkpt lat="30.591237" lon="-97.811326"></trkpt>
      <trkpt lat="30.592481" lon="-97.811846"></trkpt>
      <trkpt lat="30.593495" lon="-97.812271"></trkpt>
      <trkpt lat="30.594774" lon="-97.812805"></trkpt>
      <trkpt lat="30.595023" lon="-97.812909"></trkpt>
      <trkpt lat="30.595262" lon="-97.813002"></trkpt>
      <trkpt lat="30.595343" lon="-97.813038"></trkpt>
      <trkpt lat="30.595540" lon="-97.813120"></trkpt>
      <trkpt lat="30.595783" lon="-97.813217"></trkpt>
      <trkpt lat="30.596214" lon="-97.813406"></trkpt>
      <trkpt lat="30.596303" lon="-97.813445"></trkpt>
      <trkpt lat="30.597148" lon="-97.813796"></trkpt>
      <trkpt lat="30.597997" lon="-97.814149"></trkpt>
      <trkpt lat="30.599429" lon="-97.814738"></trkpt>
      <trkpt lat="30.599905" lon="-97.814953"></trkpt>
      <trkpt lat="30.600289" lon="-97.815095"></trkpt>
      <trkpt lat="30.600581" lon="-97.815204"></trkpt>
      <trkpt lat="30.600816" lon="-97.815282"></trkpt>
      <trkpt lat="30.600893" lon="-97.815301"></trkpt>
      <trkpt lat="30.600987" lon="-97.815327"></trkpt>
      <trkpt lat="30.601076" lon="-97.815355"></trkpt>
      <trkpt lat="30.602418" lon="-97.815745"></trkpt>
      <trkpt lat="30.604383" lon="-97.816312"></trkpt>
      <trkpt lat="30.605855" lon="-97.816851"></trkpt>
      <trkpt lat="30.606255" lon="-97.816997"></trkpt>
      <trkpt lat="30.606475" lon="-97.817077"></trkpt>
      <trkpt lat="30.608725" lon="-97.817898"></trkpt>
      <trkpt lat="30.610352" lon="-97.818492"></trkpt>
      <trkpt lat="30.610791" lon="-97.818650"></trkpt>
      <trkpt lat="30.612415" lon="-97.819323"></trkpt>
      <trkpt lat="30.612733" lon="-97.819468"></trkpt>
      <trkpt lat="30.613942" lon="-97.820007"></trkpt>
      <trkpt lat="30.614275" lon="-97.820157"></trkpt>
      <trkpt lat="30.615306" lon="-97.820622"></trkpt>
      <trkpt lat="30.617377" lon="-97.821615"></trkpt>
      <trkpt lat="30.617416" lon="-97.821631"></trkpt>
      <trkpt lat="30.618249" lon="-97.821989"></trkpt>
      <trkpt lat="30.619033" lon="-97.822319"></trkpt>
      <trkpt lat="30.620049" lon="-97.822741"></trkpt>
      <trkpt lat="30.621112" lon="-97.823154"></trkpt>
      <trkpt lat="30.621271" lon="-97.823223"></trkpt>
      <trkpt lat="30.621595" lon="-97.823367"></trkpt>
      <trkpt lat="30.622222" lon="-97.823614"></trkpt>
      <trkpt lat="30.622317" lon="-97.823655"></trkpt>
      <trkpt lat="30.623133" lon="-97.823968"></trkpt>
      <trkpt lat="30.626019" lon="-97.825079"></trkpt>
      <trkpt lat="30.626826" lon="-97.825392"></trkpt>
      <trkpt lat="30.629729" lon="-97.826531"></trkpt>
      <trkpt lat="30.630552" lon="-97.826860"></trkpt>
      <trkpt lat="30.631523" lon="-97.827135"></trkpt>
      <trkpt lat="30.631684" lon="-97.827181"></trkpt>
      <trkpt lat="30.631854" lon="-97.827220"></trkpt>
      <trkpt lat="30.632241" lon="-97.827307"></trkpt>
      <trkpt lat="30.632574" lon="-97.827369"></trkpt>
      <trkpt lat="30.632944" lon="-97.827426"></trkpt>
      <trkpt lat="30.633800" lon="-97.827525"></trkpt>
      <trkpt lat="30.635142" lon="-97.827589"></trkpt>
      <trkpt lat="30.635587" lon="-97.827570"></trkpt>
      <trkpt lat="30.635954" lon="-97.827595"></trkpt>
      <trkpt lat="30.636324" lon="-97.827646"></trkpt>
      <trkpt lat="30.637280" lon="-97.827776"></trkpt>
      <trkpt lat="30.637694" lon="-97.827840"></trkpt>
      <trkpt lat="30.637664" lon="-97.826753"></trkpt>
      <trkpt lat="30.637655" lon="-97.826353"></trkpt>
      <trkpt lat="30.637651" lon="-97.826151"></trkpt>
      <trkpt lat="30.637647" lon="-97.825941"></trkpt>
      <trkpt lat="30.637645" lon="-97.825653"></trkpt>
      <trkpt lat="30.637540" lon="-97.819424"></trkpt>
      <trkpt lat="30.637536" lon="-97.819190"></trkpt>
      <trkpt lat="30.637513" lon="-97.817838"></trkpt>
      <trkpt lat="30.637511" lon="-97.817732"></trkpt>
      <trkpt lat="30.637506" lon="-97.817592"></trkpt>
      <trkpt lat="30.637638" lon="-97.817585"></trkpt>
      <trkpt lat="30.637815" lon="-97.817587"></trkpt>
      <trkpt lat="30.638692" lon="-97.817560"></trkpt>
      <trkpt lat="30.638740" lon="-97.817561"></trkpt>
      <trkpt lat="30.639030" lon="-97.817576"></trkpt>
      <trkpt lat="30.639405" lon="-97.817667"></trkpt>
      <trkpt lat="30.639627" lon="-97.817761"></trkpt>
      <trkpt lat="30.639796" lon="-97.817859"></trkpt>
      <trkpt lat="30.639958" lon="-97.817988"></trkpt>
      <trkpt lat="30.640229" lon="-97.818261"></trkpt>
      <trkpt lat="30.640274" lon="-97.818307"></trkpt>
      <trkpt lat="30.640374" lon="-97.818415"></trkpt>
      <trkpt lat="30.640384" lon="-97.818430"></trkpt>
      <trkpt lat="30.640538" lon="-97.818683"></trkpt>
      <trkpt lat="30.640736" lon="-97.819073"></trkpt>
      <trkpt lat="30.640826" lon="-97.819261"></trkpt>
      <trkpt lat="30.641704" lon="-97.821139"></trkpt>
      <trkpt lat="30.641874" lon="-97.821484"></trkpt>
      <trkpt lat="30.642046" lon="-97.821823"></trkpt>
      <trkpt lat="30.642305" lon="-97.822216"></trkpt>
      <trkpt lat="30.642665" lon="-97.822621"></trkpt>
      <trkpt lat="30.642976" lon="-97.822877"></trkpt>
      <trkpt lat="30.643373" lon="-97.823107"></trkpt>
      <trkpt lat="30.643676" lon="-97.823257"></trkpt>
      <trkpt lat="30.644031" lon="-97.823446"></trkpt>
      <trkpt lat="30.644383" lon="-97.823710"></trkpt>
      <trkpt lat="30.644666" lon="-97.823986"></trkpt>
      <trkpt lat="30.644806" lon="-97.824153"></trkpt>
      <trkpt lat="30.644884" lon="-97.824253"></trkpt>
      <trkpt lat="30.645008" lon="-97.824427"></trkpt>
      <trkpt lat="30.645268" lon="-97.824915"></trkpt>
      <trkpt lat="30.645444" lon="-97.825360"></trkpt>
      <trkpt lat="30.645565" lon="-97.825848"></trkpt>
      <trkpt lat="30.645625" lon="-97.826272"></trkpt>
      <trkpt lat="30.645632" lon="-97.826455"></trkpt>
      <trkpt lat="30.645629" lon="-97.826851"></trkpt>
      <trkpt lat="30.645586" lon="-97.827425"></trkpt>
      <trkpt lat="30.645493" lon="-97.828014"></trkpt>
      <trkpt lat="30.645347" lon="-97.828563"></trkpt>
      <trkpt lat="30.645141" lon="-97.829098"></trkpt>
      <trkpt lat="30.644904" lon="-97.829732"></trkpt>
      <trkpt lat="30.644848" lon="-97.829865"></trkpt>
      <trkpt lat="30.645163" lon="-97.830020"></trkpt>
      <trkpt lat="30.645488" lon="-97.830206"></trkpt>
      <trkpt lat="30.645934" lon="-97.830503"></trkpt>
      <trkpt lat="30.646224" lon="-97.830723"></trkpt>
      <trkpt lat="30.646510" lon="-97.830956"></trkpt>
      <trkpt lat="30.646851" lon="-97.831244"></trkpt>
      <trkpt lat="30.647203" lon="-97.831566"></trkpt>
      <trkpt lat="30.647887" lon="-97.832180"></trkpt>
      <trkpt lat="30.648835" lon="-97.833036"></trkpt>
      <trkpt lat="30.650280" lon="-97.834339"></trkpt>
      <trkpt lat="30.651007" lon="-97.834976"></trkpt>
      <trkpt lat="30.652110" lon="-97.835876"></trkpt>
      <trkpt lat="30.652208" lon="-97.835941"></trkpt>
      <trkpt lat="30.652297" lon="-97.836006"></trkpt>
      <trkpt lat="30.653176" lon="-97.836631"></trkpt>
      <trkpt lat="30.653769" lon="-97.837025"></trkpt>
      <trkpt lat="30.654393" lon="-97.837415"></trkpt>
      <trkpt lat="30.654980" lon="-97.837734"></trkpt>
      <trkpt lat="30.655592" lon="-97.838052"></trkpt>
      <trkpt lat="30.656290" lon="-97.838376"></trkpt>
      <trkpt lat="30.656639" lon="-97.838529"></trkpt>
      <trkpt lat="30.657007" lon="-97.838678"></trkpt>
      <trkpt lat="30.657264" lon="-97.838784"></trkpt>
      <trkpt lat="30.657422" lon="-97.838843"></trkpt>
      <trkpt lat="30.658221" lon="-97.839137"></trkpt>
      <trkpt lat="30.659043" lon="-97.839413"></trkpt>
      <trkpt lat="30.659561" lon="-97.839555"></trkpt>
      <trkpt lat="30.660108" lon="-97.839677"></trkpt>
      <trkpt lat="30.660678" lon="-97.839768"></trkpt>
      <trkpt lat="30.661116" lon="-97.839819"></trkpt>
      <trkpt lat="30.662072" lon="-97.839933"></trkpt>
      <trkpt lat="30.663193" lon="-97.840032"></trkpt>
      <trkpt lat="30.663532" lon="-97.840045"></trkpt>
      <trkpt lat="30.663591" lon="-97.840043"></trkpt>
      <trkpt lat="30.663729" lon="-97.840047"></trkpt>
      <trkpt lat="30.664011" lon="-97.840052"></trkpt>
      <trkpt lat="30.664079" lon="-97.840051"></trkpt>
      <trkpt lat="30.665685" lon="-97.840059"></trkpt>
      <trkpt lat="30.667470" lon="-97.840108"></trkpt>
      <trkpt lat="30.668799" lon="-97.840116"></trkpt>
      <trkpt lat="30.670262" lon="-97.840132"></trkpt>
      <trkpt lat="30.670889" lon="-97.840129"></trkpt>
      <trkpt lat="30.672278" lon="-97.840145"></trkpt>
      <trkpt lat="30.673629" lon="-97.840229"></trkpt>
      <trkpt lat="30.674878" lon="-97.840395"></trkpt>
      <trkpt lat="30.675932" lon="-97.840593"></trkpt>
      <trkpt lat="30.676920" lon="-97.840828"></trkpt>
      <trkpt lat="30.677764" lon="-97.841070"></trkpt>
      <trkpt lat="30.678441" lon="-97.841295"></trkpt>
      <trkpt lat="30.679724" lon="-97.841747"></trkpt>
      <trkpt lat="30.679852" lon="-97.841791"></trkpt>
      <trkpt lat="30.681059" lon="-97.842231"></trkpt>
      <trkpt lat="30.682290" lon="-97.842662"></trkpt>
      <trkpt lat="30.682481" lon="-97.842720"></trkpt>
      <trkpt lat="30.683825" lon="-97.843191"></trkpt>
      <trkpt lat="30.684162" lon="-97.843308"></trkpt>
      <trkpt lat="30.684920" lon="-97.843577"></trkpt>
      <trkpt lat="30.687079" lon="-97.844350"></trkpt>
      <trkpt lat="30.689326" lon="-97.845154"></trkpt>
      <trkpt lat="30.692246" lon="-97.846214"></trkpt>
      <trkpt lat="30.692825" lon="-97.846440"></trkpt>
      <trkpt lat="30.693364" lon="-97.846688"></trkpt>
      <trkpt lat="30.693853" lon="-97.846943"></trkpt>
      <trkpt lat="30.694327" lon="-97.847205"></trkpt>
      <trkpt lat="30.697228" lon="-97.848966"></trkpt>
      <trkpt lat="30.698291" lon="-97.849630"></trkpt>
      <trkpt lat="30.700448" lon="-97.851016"></trkpt>
      <trkpt lat="30.701088" lon="-97.851405"></trkpt>
      <trkpt lat="30.701503" lon="-97.851625"></trkpt>
      <trkpt lat="30.702057" lon="-97.851813"></trkpt>
      <trkpt lat="30.702472" lon="-97.851852"></trkpt>
      <trkpt lat="30.703039" lon="-97.851899"></trkpt>
      <trkpt lat="30.703403" lon="-97.851865"></trkpt>
      <trkpt lat="30.703500" lon="-97.851856"></trkpt>
      <trkpt lat="30.704037" lon="-97.851749"></trkpt>
      <trkpt lat="30.704603" lon="-97.851613"></trkpt>
      <trkpt lat="30.704704" lon="-97.851589"></trkpt>
      <trkpt lat="30.704665" lon="-97.851387"></trkpt>
      <trkpt lat="30.704547" lon="-97.850782"></trkpt>
      <trkpt lat="30.704388" lon="-97.849862"></trkpt>
      <trkpt lat="30.704206" lon="-97.848929"></trkpt>
      <trkpt lat="30.704021" lon="-97.847997"></trkpt>
      <trkpt lat="30.703942" lon="-97.847568"></trkpt>
      <trkpt lat="30.703873" lon="-97.847193"></trkpt>
      <trkpt lat="30.703754" lon="-97.846540"></trkpt>
      <trkpt lat="30.703655" lon="-97.846026"></trkpt>
      <trkpt lat="30.702837" lon="-97.841762"></trkpt>
      <trkpt lat="30.702778" lon="-97.841447"></trkpt>
      <trkpt lat="30.702678" lon="-97.840913"></trkpt>
      <trkpt lat="30.702639" lon="-97.840708"></trkpt>
      <trkpt lat="30.702578" lon="-97.840359"></trkpt>
      <trkpt lat="30.702538" lon="-97.840144"></trkpt>
      <trkpt lat="30.702498" lon="-97.839764"></trkpt>
      <trkpt lat="30.702481" lon="-97.839457"></trkpt>
      <trkpt lat="30.702477" lon="-97.839383"></trkpt>
      <trkpt lat="30.702488" lon="-97.838999"></trkpt>
      <trkpt lat="30.702507" lon="-97.838617"></trkpt>
      <trkpt lat="30.702587" lon="-97.837603"></trkpt>
      <trkpt lat="30.702611" lon="-97.837319"></trkpt>
      <trkpt lat="30.702673" lon="-97.836556"></trkpt>
      <trkpt lat="30.702716" lon="-97.836019"></trkpt>
      <trkpt lat="30.702759" lon="-97.835446"></trkpt>
      <trkpt lat="30.702784" lon="-97.834959"></trkpt>
      <trkpt lat="30.702790" lon="-97.834890"></trkpt>
      <trkpt lat="30.702794" lon="-97.834830"></trkpt>
      <trkpt lat="30.702808" lon="-97.834652"></trkpt>
      <trkpt lat="30.702862" lon="-97.834201"></trkpt>
      <trkpt lat="30.702875" lon="-97.834034"></trkpt>
      <trkpt lat="30.702945" lon="-97.833177"></trkpt>
      <trkpt lat="30.703017" lon="-97.832280"></trkpt>
      <trkpt lat="30.703088" lon="-97.831397"></trkpt>
      <trkpt lat="30.703202" lon="-97.829973"></trkpt>
      <trkpt lat="30.703301" lon="-97.828708"></trkpt>
      <trkpt lat="30.703322" lon="-97.828461"></trkpt>
      <trkpt lat="30.703355" lon="-97.828054"></trkpt>
      <trkpt lat="30.703424" lon="-97.827158"></trkpt>
      <trkpt lat="30.703605" lon="-97.824881"></trkpt>
      <trkpt lat="30.703623" lon="-97.824632"></trkpt>
      <trkpt lat="30.703644" lon="-97.824240"></trkpt>
      <trkpt lat="30.703700" lon="-97.823580"></trkpt>
      <trkpt lat="30.703703" lon="-97.823542"></trkpt>
      <trkpt lat="30.703841" lon="-97.821878"></trkpt>
      <trkpt lat="30.703922" lon="-97.821352"></trkpt>
      <trkpt lat="30.703971" lon="-97.821089"></trkpt>
      <trkpt lat="30.704036" lon="-97.820813"></trkpt>
      <trkpt lat="30.704048" lon="-97.820766"></trkpt>
      <trkpt lat="30.704150" lon="-97.820385"></trkpt>
      <trkpt lat="30.704331" lon="-97.819833"></trkpt>
      <trkpt lat="30.704372" lon="-97.819740"></trkpt>
      <trkpt lat="30.704543" lon="-97.819324"></trkpt>
      <trkpt lat="30.704644" lon="-97.819125"></trkpt>
      <trkpt lat="30.704826" lon="-97.818773"></trkpt>
      <trkpt lat="30.705030" lon="-97.818435"></trkpt>
      <trkpt lat="30.705598" lon="-97.817595"></trkpt>
      <trkpt lat="30.705965" lon="-97.817052"></trkpt>
      <trkpt lat="30.706356" lon="-97.816464"></trkpt>
      <trkpt lat="30.706909" lon="-97.815711"></trkpt>
      <trkpt lat="30.706991" lon="-97.815587"></trkpt>
      <trkpt lat="30.707120" lon="-97.815396"></trkpt>
      <trkpt lat="30.707602" lon="-97.814677"></trkpt>
      <trkpt lat="30.707893" lon="-97.814256"></trkpt>
      <trkpt lat="30.708121" lon="-97.813918"></trkpt>
      <trkpt lat="30.708432" lon="-97.813467"></trkpt>
      <trkpt lat="30.708744" lon="-97.813016"></trkpt>
      <trkpt lat="30.709037" lon="-97.812594"></trkpt>
      <trkpt lat="30.709322" lon="-97.812174"></trkpt>
      <trkpt lat="30.709465" lon="-97.811963"></trkpt>
      <trkpt lat="30.709597" lon="-97.811756"></trkpt>
      <trkpt lat="30.709744" lon="-97.811518"></trkpt>
      <trkpt lat="30.709879" lon="-97.811274"></trkpt>
      <trkpt lat="30.710064" lon="-97.810929"></trkpt>
      <trkpt lat="30.710503" lon="-97.810097"></trkpt>
      <trkpt lat="30.711145" lon="-97.808875"></trkpt>
      <trkpt lat="30.711451" lon="-97.808289"></trkpt>
      <trkpt lat="30.711851" lon="-97.807530"></trkpt>
      <trkpt lat="30.712317" lon="-97.806645"></trkpt>
      <trkpt lat="30.712550" lon="-97.806203"></trkpt>
      <trkpt lat="30.712780" lon="-97.805768"></trkpt>
      <trkpt lat="30.712915" lon="-97.805501"></trkpt>
      <trkpt lat="30.713042" lon="-97.805232"></trkpt>
      <trkpt lat="30.713122" lon="-97.805037"></trkpt>
      <trkpt lat="30.713158" lon="-97.804925"></trkpt>
      <trkpt lat="30.713227" lon="-97.804703"></trkpt>
      <trkpt lat="30.713268" lon="-97.804565"></trkpt>
      <trkpt lat="30.713303" lon="-97.804427"></trkpt>
      <trkpt lat="30.713350" lon="-97.804215"></trkpt>
      <trkpt lat="30.713362" lon="-97.804141"></trkpt>
      <trkpt lat="30.713403" lon="-97.803864"></trkpt>
      <trkpt lat="30.713436" lon="-97.803495"></trkpt>
      <trkpt lat="30.713444" lon="-97.803210"></trkpt>
      <trkpt lat="30.713432" lon="-97.802930"></trkpt>
      <trkpt lat="30.713413" lon="-97.802776"></trkpt>
      <trkpt lat="30.713396" lon="-97.802609"></trkpt>
      <trkpt lat="30.713355" lon="-97.802292"></trkpt>
      <trkpt lat="30.713271" lon="-97.801721"></trkpt>
      <trkpt lat="30.713227" lon="-97.801422"></trkpt>
      <trkpt lat="30.713141" lon="-97.800851"></trkpt>
      <trkpt lat="30.713017" lon="-97.800025"></trkpt>
      <trkpt lat="30.712870" lon="-97.799044"></trkpt>
      <trkpt lat="30.712837" lon="-97.798827"></trkpt>
      <trkpt lat="30.712856" lon="-97.798395"></trkpt>
      <trkpt lat="30.712777" lon="-97.798424"></trkpt>
      <trkpt lat="30.712692" lon="-97.797833"></trkpt>
      <trkpt lat="30.712621" lon="-97.797190"></trkpt>
      <trkpt lat="30.712601" lon="-97.796968"></trkpt>
      <trkpt lat="30.712573" lon="-97.796620"></trkpt>
      <trkpt lat="30.712545" lon="-97.796336"></trkpt>
      <trkpt lat="30.712518" lon="-97.795955"></trkpt>
      <trkpt lat="30.712461" lon="-97.795177"></trkpt>
      <trkpt lat="30.712439" lon="-97.794896"></trkpt>
      <trkpt lat="30.712413" lon="-97.794568"></trkpt>
      <trkpt lat="30.712388" lon="-97.794243"></trkpt>
      <trkpt lat="30.712334" lon="-97.793595"></trkpt>
      <trkpt lat="30.712311" lon="-97.793346"></trkpt>
      <trkpt lat="30.712266" lon="-97.793078"></trkpt>
      <trkpt lat="30.712202" lon="-97.792815"></trkpt>
      <trkpt lat="30.712130" lon="-97.792561"></trkpt>
      <trkpt lat="30.712061" lon="-97.792391"></trkpt>
      <trkpt lat="30.712033" lon="-97.792330"></trkpt>
      <trkpt lat="30.711930" lon="-97.792109"></trkpt>
      <trkpt lat="30.711841" lon="-97.791940"></trkpt>
      <trkpt lat="30.711764" lon="-97.791824"></trkpt>
      <trkpt lat="30.711715" lon="-97.791744"></trkpt>
      <trkpt lat="30.711617" lon="-97.791585"></trkpt>
      <trkpt lat="30.711581" lon="-97.791536"></trkpt>
      <trkpt lat="30.711478" lon="-97.791393"></trkpt>
      <trkpt lat="30.711454" lon="-97.791360"></trkpt>
      <trkpt lat="30.711317" lon="-97.791162"></trkpt>
      <trkpt lat="30.711274" lon="-97.791096"></trkpt>
      <trkpt lat="30.710927" lon="-97.790576"></trkpt>
      <trkpt lat="30.710751" lon="-97.790303"></trkpt>
      <trkpt lat="30.710404" lon="-97.789811"></trkpt>
      <trkpt lat="30.710276" lon="-97.789596"></trkpt>
      <trkpt lat="30.710149" lon="-97.789399"></trkpt>
      <trkpt lat="30.710063" lon="-97.789258"></trkpt>
      <trkpt lat="30.710035" lon="-97.789213"></trkpt>
      <trkpt lat="30.709686" lon="-97.788684"></trkpt>
      <trkpt lat="30.709546" lon="-97.788472"></trkpt>
      <trkpt lat="30.709345" lon="-97.788136"></trkpt>
      <trkpt lat="30.709175" lon="-97.787872"></trkpt>
      <trkpt lat="30.709016" lon="-97.787623"></trkpt>
      <trkpt lat="30.708936" lon="-97.787503"></trkpt>
      <trkpt lat="30.708867" lon="-97.787401"></trkpt>
      <trkpt lat="30.708712" lon="-97.787192"></trkpt>
      <trkpt lat="30.708536" lon="-97.786969"></trkpt>
      <trkpt lat="30.708187" lon="-97.786586"></trkpt>
      <trkpt lat="30.707859" lon="-97.786254"></trkpt>
      <trkpt lat="30.707715" lon="-97.786109"></trkpt>
      <trkpt lat="30.707432" lon="-97.785822"></trkpt>
      <trkpt lat="30.707412" lon="-97.785802"></trkpt>
      <trkpt lat="30.707313" lon="-97.785696"></trkpt>
      <trkpt lat="30.707230" lon="-97.785607"></trkpt>
      <trkpt lat="30.707060" lon="-97.785399"></trkpt>
      <trkpt lat="30.707008" lon="-97.785326"></trkpt>
      <trkpt lat="30.706903" lon="-97.785178"></trkpt>
      <trkpt lat="30.706752" lon="-97.784917"></trkpt>
      <trkpt lat="30.706735" lon="-97.784888"></trkpt>
      <trkpt lat="30.706490" lon="-97.784379"></trkpt>
      <trkpt lat="30.706422" lon="-97.784242"></trkpt>
      <trkpt lat="30.706040" lon="-97.783477"></trkpt>
      <trkpt lat="30.705698" lon="-97.782788"></trkpt>
      <trkpt lat="30.705587" lon="-97.782570"></trkpt>
      <trkpt lat="30.705484" lon="-97.782348"></trkpt>
      <trkpt lat="30.705384" lon="-97.782120"></trkpt>
      <trkpt lat="30.705306" lon="-97.781888"></trkpt>
      <trkpt lat="30.705246" lon="-97.781671"></trkpt>
      <trkpt lat="30.705198" lon="-97.781431"></trkpt>
      <trkpt lat="30.705120" lon="-97.780976"></trkpt>
      <trkpt lat="30.704970" lon="-97.780036"></trkpt>
      <trkpt lat="30.704939" lon="-97.779768"></trkpt>
      <trkpt lat="30.704933" lon="-97.779710"></trkpt>
      <trkpt lat="30.704922" lon="-97.779557"></trkpt>
      <trkpt lat="30.704918" lon="-97.779402"></trkpt>
      <trkpt lat="30.704927" lon="-97.779101"></trkpt>
      <trkpt lat="30.704947" lon="-97.778874"></trkpt>
      <trkpt lat="30.704987" lon="-97.778616"></trkpt>
      <trkpt lat="30.705043" lon="-97.778362"></trkpt>
      <trkpt lat="30.705103" lon="-97.778108"></trkpt>
      <trkpt lat="30.705134" lon="-97.778024"></trkpt>
      <trkpt lat="30.705294" lon="-97.777598"></trkpt>
      <trkpt lat="30.705313" lon="-97.777546"></trkpt>
      <trkpt lat="30.705412" lon="-97.777275"></trkpt>
      <trkpt lat="30.705871" lon="-97.776034"></trkpt>
      <trkpt lat="30.706267" lon="-97.774964"></trkpt>
      <trkpt lat="30.706429" lon="-97.774526"></trkpt>
      <trkpt lat="30.706701" lon="-97.773814"></trkpt>
      <trkpt lat="30.707178" lon="-97.772510"></trkpt>
      <trkpt lat="30.707387" lon="-97.771945"></trkpt>
      <trkpt lat="30.708025" lon="-97.770212"></trkpt>
      <trkpt lat="30.708088" lon="-97.770041"></trkpt>
      <trkpt lat="30.708175" lon="-97.769820"></trkpt>
      <trkpt lat="30.708256" lon="-97.769602"></trkpt>
      <trkpt lat="30.708477" lon="-97.769001"></trkpt>
      <trkpt lat="30.708569" lon="-97.768763"></trkpt>
      <trkpt lat="30.708674" lon="-97.768473"></trkpt>
      <trkpt lat="30.709388" lon="-97.766549"></trkpt>
      <trkpt lat="30.710044" lon="-97.764766"></trkpt>
      <trkpt lat="30.710169" lon="-97.764426"></trkpt>
      <trkpt lat="30.710243" lon="-97.764224"></trkpt>
      <trkpt lat="30.710379" lon="-97.763854"></trkpt>
      <trkpt lat="30.710579" lon="-97.763330"></trkpt>
      <trkpt lat="30.710605" lon="-97.763271"></trkpt>
      <trkpt lat="30.710775" lon="-97.762951"></trkpt>
      <trkpt lat="30.710924" lon="-97.762750"></trkpt>
      <trkpt lat="30.711051" lon="-97.762598"></trkpt>
      <trkpt lat="30.711110" lon="-97.762542"></trkpt>
      <trkpt lat="30.711293" lon="-97.762369"></trkpt>
      <trkpt lat="30.711517" lon="-97.762223"></trkpt>
      <trkpt lat="30.711730" lon="-97.762118"></trkpt>
      <trkpt lat="30.711971" lon="-97.762027"></trkpt>
      <trkpt lat="30.711982" lon="-97.762023"></trkpt>
      <trkpt lat="30.712149" lon="-97.761956"></trkpt>
      <trkpt lat="30.711995" lon="-97.761485"></trkpt>
      <trkpt lat="30.711937" lon="-97.761306"></trkpt>
      <trkpt lat="30.711856" lon="-97.761102"></trkpt>
      <trkpt lat="30.711747" lon="-97.760831"></trkpt>
      <trkpt lat="30.711697" lon="-97.760731"></trkpt>
      <trkpt lat="30.711633" lon="-97.760603"></trkpt>
      <trkpt lat="30.711555" lon="-97.760430"></trkpt>
      <trkpt lat="30.711395" lon="-97.760142"></trkpt>
      <trkpt lat="30.711280" lon="-97.759943"></trkpt>
      <trkpt lat="30.711057" lon="-97.759630"></trkpt>
      <trkpt lat="30.709907" lon="-97.757900"></trkpt>
      <trkpt lat="30.710012" lon="-97.757804"></trkpt>
      <trkpt lat="30.709907" lon="-97.757900"></trkpt>
      <trkpt lat="30.709833" lon="-97.757791"></trkpt>
      <trkpt lat="30.708394" lon="-97.755781"></trkpt>
      <trkpt lat="30.708375" lon="-97.755753"></trkpt>
      <trkpt lat="30.708125" lon="-97.755402"></trkpt>
      <trkpt lat="30.708087" lon="-97.755349"></trkpt>
      <trkpt lat="30.708075" lon="-97.755329"></trkpt>
      <trkpt lat="30.707834" lon="-97.754941"></trkpt>
      <trkpt lat="30.707523" lon="-97.754433"></trkpt>
      <trkpt lat="30.706744" lon="-97.752984"></trkpt>
      <trkpt lat="30.706635" lon="-97.752781"></trkpt>
      <trkpt lat="30.706146" lon="-97.751873"></trkpt>
      <trkpt lat="30.705760" lon="-97.751155"></trkpt>
      <trkpt lat="30.705585" lon="-97.750830"></trkpt>
      <trkpt lat="30.705572" lon="-97.750804"></trkpt>
      <trkpt lat="30.705290" lon="-97.750262"></trkpt>
      <trkpt lat="30.705060" lon="-97.749840"></trkpt>
      <trkpt lat="30.704995" lon="-97.749717"></trkpt>
      <trkpt lat="30.704826" lon="-97.749398"></trkpt>
      <trkpt lat="30.704580" lon="-97.748935"></trkpt>
      <trkpt lat="30.704497" lon="-97.748779"></trkpt>
      <trkpt lat="30.704376" lon="-97.748551"></trkpt>
      <trkpt lat="30.704365" lon="-97.748529"></trkpt>
      <trkpt lat="30.704261" lon="-97.748334"></trkpt>
      <trkpt lat="30.704253" lon="-97.748318"></trkpt>
      <trkpt lat="30.704048" lon="-97.747933"></trkpt>
      <trkpt lat="30.704014" lon="-97.747872"></trkpt>
      <trkpt lat="30.703877" lon="-97.747612"></trkpt>
      <trkpt lat="30.703764" lon="-97.747378"></trkpt>
      <trkpt lat="30.703660" lon="-97.747160"></trkpt>
      <trkpt lat="30.703550" lon="-97.746874"></trkpt>
      <trkpt lat="30.703464" lon="-97.746636"></trkpt>
      <trkpt lat="30.703384" lon="-97.746369"></trkpt>
      <trkpt lat="30.703300" lon="-97.746039"></trkpt>
      <trkpt lat="30.703197" lon="-97.745616"></trkpt>
      <trkpt lat="30.703079" lon="-97.745136"></trkpt>
      <trkpt lat="30.703058" lon="-97.745050"></trkpt>
      <trkpt lat="30.702730" lon="-97.743707"></trkpt>
      <trkpt lat="30.702720" lon="-97.743669"></trkpt>
      <trkpt lat="30.702708" lon="-97.743618"></trkpt>
      <trkpt lat="30.702631" lon="-97.743283"></trkpt>
      <trkpt lat="30.702567" lon="-97.743048"></trkpt>
      <trkpt lat="30.702521" lon="-97.742874"></trkpt>
      <trkpt lat="30.702515" lon="-97.742851"></trkpt>
      <trkpt lat="30.702440" lon="-97.742631"></trkpt>
      <trkpt lat="30.702359" lon="-97.742416"></trkpt>
      <trkpt lat="30.702274" lon="-97.742205"></trkpt>
      <trkpt lat="30.702195" lon="-97.742039"></trkpt>
      <trkpt lat="30.702098" lon="-97.741860"></trkpt>
      <trkpt lat="30.701977" lon="-97.741663"></trkpt>
      <trkpt lat="30.701954" lon="-97.741629"></trkpt>
      <trkpt lat="30.701811" lon="-97.741410"></trkpt>
      <trkpt lat="30.701616" lon="-97.741154"></trkpt>
      <trkpt lat="30.701337" lon="-97.740845"></trkpt>
      <trkpt lat="30.701087" lon="-97.740626"></trkpt>
      <trkpt lat="30.701055" lon="-97.740597"></trkpt>
      <trkpt lat="30.700877" lon="-97.740439"></trkpt>
      <trkpt lat="30.700747" lon="-97.740323"></trkpt>
      <trkpt lat="30.700647" lon="-97.740235"></trkpt>
      <trkpt lat="30.700334" lon="-97.739959"></trkpt>
      <trkpt lat="30.699858" lon="-97.739499"></trkpt>
      <trkpt lat="30.698942" lon="-97.738735"></trkpt>
      <trkpt lat="30.698586" lon="-97.738426"></trkpt>
      <trkpt lat="30.698131" lon="-97.738012"></trkpt>
      <trkpt lat="30.697834" lon="-97.737697"></trkpt>
      <trkpt lat="30.697710" lon="-97.737549"></trkpt>
      <trkpt lat="30.697522" lon="-97.737327"></trkpt>
      <trkpt lat="30.697479" lon="-97.737273"></trkpt>
      <trkpt lat="30.697308" lon="-97.737056"></trkpt>
      <trkpt lat="30.697168" lon="-97.736850"></trkpt>
      <trkpt lat="30.697006" lon="-97.736610"></trkpt>
      <trkpt lat="30.696820" lon="-97.736337"></trkpt>
      <trkpt lat="30.696511" lon="-97.735805"></trkpt>
      <trkpt lat="30.696142" lon="-97.735195"></trkpt>
      <trkpt lat="30.695502" lon="-97.734124"></trkpt>
      <trkpt lat="30.694897" lon="-97.733095"></trkpt>
      <trkpt lat="30.694100" lon="-97.731760"></trkpt>
      <trkpt lat="30.693217" lon="-97.730243"></trkpt>
      <trkpt lat="30.692456" lon="-97.728998"></trkpt>
      <trkpt lat="30.692199" lon="-97.728600"></trkpt>
      <trkpt lat="30.691922" lon="-97.728188"></trkpt>
      <trkpt lat="30.691626" lon="-97.727759"></trkpt>
      <trkpt lat="30.691248" lon="-97.727186"></trkpt>
      <trkpt lat="30.691141" lon="-97.727027"></trkpt>
      <trkpt lat="30.690999" lon="-97.726817"></trkpt>
      <trkpt lat="30.690640" lon="-97.726287"></trkpt>
      <trkpt lat="30.690576" lon="-97.726199"></trkpt>
      <trkpt lat="30.690227" lon="-97.725718"></trkpt>
      <trkpt lat="30.689793" lon="-97.725153"></trkpt>
      <trkpt lat="30.689707" lon="-97.725050"></trkpt>
      <trkpt lat="30.689560" lon="-97.724872"></trkpt>
      <trkpt lat="30.689485" lon="-97.724788"></trkpt>
      <trkpt lat="30.689350" lon="-97.724638"></trkpt>
      <trkpt lat="30.689095" lon="-97.724357"></trkpt>
      <trkpt lat="30.688887" lon="-97.724134"></trkpt>
      <trkpt lat="30.688222" lon="-97.723421"></trkpt>
      <trkpt lat="30.688120" lon="-97.723317"></trkpt>
      <trkpt lat="30.687980" lon="-97.723175"></trkpt>
      <trkpt lat="30.687763" lon="-97.722954"></trkpt>
      <trkpt lat="30.687299" lon="-97.722517"></trkpt>
      <trkpt lat="30.687241" lon="-97.722462"></trkpt>
      <trkpt lat="30.686524" lon="-97.721865"></trkpt>
      <trkpt lat="30.686369" lon="-97.721743"></trkpt>
      <trkpt lat="30.685409" lon="-97.720989"></trkpt>
      <trkpt lat="30.685311" lon="-97.720913"></trkpt>
      <trkpt lat="30.685213" lon="-97.720837"></trkpt>
      <trkpt lat="30.684788" lon="-97.720500"></trkpt>
      <trkpt lat="30.684458" lon="-97.720197"></trkpt>
      <trkpt lat="30.684292" lon="-97.720043"></trkpt>
      <trkpt lat="30.684200" lon="-97.719939"></trkpt>
      <trkpt lat="30.684023" lon="-97.719738"></trkpt>
      <trkpt lat="30.683897" lon="-97.719579"></trkpt>
      <trkpt lat="30.683765" lon="-97.719378"></trkpt>
      <trkpt lat="30.683631" lon="-97.719194"></trkpt>
      <trkpt lat="30.683518" lon="-97.719003"></trkpt>
      <trkpt lat="30.683415" lon="-97.718830"></trkpt>
      <trkpt lat="30.683333" lon="-97.718678"></trkpt>
      <trkpt lat="30.683317" lon="-97.718643"></trkpt>
      <trkpt lat="30.683115" lon="-97.718202"></trkpt>
      <trkpt lat="30.682996" lon="-97.717915"></trkpt>
      <trkpt lat="30.682960" lon="-97.717827"></trkpt>
      <trkpt lat="30.682902" lon="-97.717693"></trkpt>
      <trkpt lat="30.682850" lon="-97.717574"></trkpt>
      <trkpt lat="30.682620" lon="-97.717081"></trkpt>
      <trkpt lat="30.682503" lon="-97.716795"></trkpt>
      <trkpt lat="30.682449" lon="-97.716659"></trkpt>
      <trkpt lat="30.682247" lon="-97.716182"></trkpt>
      <trkpt lat="30.682196" lon="-97.716061"></trkpt>
      <trkpt lat="30.682135" lon="-97.715937"></trkpt>
      <trkpt lat="30.682104" lon="-97.715873"></trkpt>
      <trkpt lat="30.682027" lon="-97.715719"></trkpt>
      <trkpt lat="30.681789" lon="-97.715244"></trkpt>
      <trkpt lat="30.681763" lon="-97.715195"></trkpt>
      <trkpt lat="30.681375" lon="-97.714455"></trkpt>
      <trkpt lat="30.681091" lon="-97.713976"></trkpt>
      <trkpt lat="30.681056" lon="-97.713916"></trkpt>
      <trkpt lat="30.679878" lon="-97.712093"></trkpt>
      <trkpt lat="30.679150" lon="-97.710983"></trkpt>
      <trkpt lat="30.679106" lon="-97.710916"></trkpt>
      <trkpt lat="30.678720" lon="-97.710329"></trkpt>
      <trkpt lat="30.678583" lon="-97.710119"></trkpt>
      <trkpt lat="30.678391" lon="-97.709826"></trkpt>
      <trkpt lat="30.678170" lon="-97.709487"></trkpt>
      <trkpt lat="30.677951" lon="-97.709153"></trkpt>
      <trkpt lat="30.677945" lon="-97.709143"></trkpt>
      <trkpt lat="30.677888" lon="-97.709055"></trkpt>
      <trkpt lat="30.677634" lon="-97.708667"></trkpt>
      <trkpt lat="30.677262" lon="-97.708072"></trkpt>
      <trkpt lat="30.677181" lon="-97.707943"></trkpt>
      <trkpt lat="30.677102" lon="-97.707805"></trkpt>
      <trkpt lat="30.676656" lon="-97.707034"></trkpt>
      <trkpt lat="30.676602" lon="-97.706940"></trkpt>
      <trkpt lat="30.676020" lon="-97.705932"></trkpt>
      <trkpt lat="30.675615" lon="-97.705224"></trkpt>
      <trkpt lat="30.675196" lon="-97.704493"></trkpt>
      <trkpt lat="30.674993" lon="-97.704139"></trkpt>
      <trkpt lat="30.674923" lon="-97.704020"></trkpt>
      <trkpt lat="30.674821" lon="-97.703845"></trkpt>
      <trkpt lat="30.674731" lon="-97.703692"></trkpt>
      <trkpt lat="30.674653" lon="-97.703554"></trkpt>
      <trkpt lat="30.674476" lon="-97.703243"></trkpt>
      <trkpt lat="30.674308" lon="-97.702947"></trkpt>
      <trkpt lat="30.674281" lon="-97.702898"></trkpt>
      <trkpt lat="30.674117" lon="-97.702609"></trkpt>
      <trkpt lat="30.673953" lon="-97.702319"></trkpt>
      <trkpt lat="30.673809" lon="-97.702067"></trkpt>
      <trkpt lat="30.673427" lon="-97.701392"></trkpt>
      <trkpt lat="30.673168" lon="-97.700913"></trkpt>
      <trkpt lat="30.672998" lon="-97.700614"></trkpt>
      <trkpt lat="30.672917" lon="-97.700500"></trkpt>
      <trkpt lat="30.672873" lon="-97.700430"></trkpt>
      <trkpt lat="30.672732" lon="-97.700222"></trkpt>
      <trkpt lat="30.672570" lon="-97.700013"></trkpt>
      <trkpt lat="30.672426" lon="-97.699837"></trkpt>
      <trkpt lat="30.672293" lon="-97.699700"></trkpt>
      <trkpt lat="30.672186" lon="-97.699601"></trkpt>
      <trkpt lat="30.672028" lon="-97.699440"></trkpt>
      <trkpt lat="30.671984" lon="-97.699395"></trkpt>
      <trkpt lat="30.671734" lon="-97.699167"></trkpt>
      <trkpt lat="30.671451" lon="-97.698942"></trkpt>
      <trkpt lat="30.671193" lon="-97.698736"></trkpt>
      <trkpt lat="30.670845" lon="-97.698447"></trkpt>
      <trkpt lat="30.670495" lon="-97.698155"></trkpt>
      <trkpt lat="30.670411" lon="-97.698085"></trkpt>
      <trkpt lat="30.670180" lon="-97.697893"></trkpt>
      <trkpt lat="30.669877" lon="-97.697643"></trkpt>
      <trkpt lat="30.669602" lon="-97.697412"></trkpt>
      <trkpt lat="30.669515" lon="-97.697340"></trkpt>
      <trkpt lat="30.669399" lon="-97.697244"></trkpt>
      <trkpt lat="30.669360" lon="-97.697212"></trkpt>
      <trkpt lat="30.669333" lon="-97.697190"></trkpt>
      <trkpt lat="30.669301" lon="-97.697163"></trkpt>
      <trkpt lat="30.668717" lon="-97.696676"></trkpt>
      <trkpt lat="30.668290" lon="-97.696325"></trkpt>
      <trkpt lat="30.668117" lon="-97.696166"></trkpt>
      <trkpt lat="30.667471" lon="-97.695650"></trkpt>
      <trkpt lat="30.667176" lon="-97.695407"></trkpt>
      <trkpt lat="30.666398" lon="-97.694767"></trkpt>
      <trkpt lat="30.665836" lon="-97.694291"></trkpt>
      <trkpt lat="30.665677" lon="-97.694160"></trkpt>
      <trkpt lat="30.665622" lon="-97.694114"></trkpt>
      <trkpt lat="30.665500" lon="-97.694013"></trkpt>
      <trkpt lat="30.664895" lon="-97.693529"></trkpt>
      <trkpt lat="30.664810" lon="-97.693460"></trkpt>
      <trkpt lat="30.664715" lon="-97.693378"></trkpt>
      <trkpt lat="30.664534" lon="-97.693220"></trkpt>
      <trkpt lat="30.664258" lon="-97.692980"></trkpt>
      <trkpt lat="30.663842" lon="-97.692636"></trkpt>
      <trkpt lat="30.663687" lon="-97.692507"></trkpt>
      <trkpt lat="30.663430" lon="-97.692295"></trkpt>
      <trkpt lat="30.663291" lon="-97.692180"></trkpt>
      <trkpt lat="30.663179" lon="-97.692086"></trkpt>
      <trkpt lat="30.662754" lon="-97.691730"></trkpt>
      <trkpt lat="30.662287" lon="-97.691344"></trkpt>
      <trkpt lat="30.662217" lon="-97.691286"></trkpt>
      <trkpt lat="30.662148" lon="-97.691228"></trkpt>
      <trkpt lat="30.661977" lon="-97.691087"></trkpt>
      <trkpt lat="30.661788" lon="-97.690931"></trkpt>
      <trkpt lat="30.661611" lon="-97.690785"></trkpt>
      <trkpt lat="30.661210" lon="-97.690452"></trkpt>
      <trkpt lat="30.661136" lon="-97.690391"></trkpt>
      <trkpt lat="30.660726" lon="-97.690052"></trkpt>
      <trkpt lat="30.660636" lon="-97.689975"></trkpt>
      <trkpt lat="30.660453" lon="-97.689806"></trkpt>
      <trkpt lat="30.660289" lon="-97.689655"></trkpt>
      <trkpt lat="30.660192" lon="-97.689566"></trkpt>
      <trkpt lat="30.659949" lon="-97.689341"></trkpt>
      <trkpt lat="30.659702" lon="-97.689113"></trkpt>
      <trkpt lat="30.659587" lon="-97.689000"></trkpt>
      <trkpt lat="30.659358" lon="-97.688768"></trkpt>
      <trkpt lat="30.659207" lon="-97.688606"></trkpt>
      <trkpt lat="30.659153" lon="-97.688548"></trkpt>
      <trkpt lat="30.659127" lon="-97.688520"></trkpt>
      <trkpt lat="30.658817" lon="-97.688189"></trkpt>
      <trkpt lat="30.658655" lon="-97.688003"></trkpt>
      <trkpt lat="30.658527" lon="-97.687864"></trkpt>
      <trkpt lat="30.658366" lon="-97.687683"></trkpt>
      <trkpt lat="30.658046" lon="-97.687323"></trkpt>
      <trkpt lat="30.657846" lon="-97.687099"></trkpt>
      <trkpt lat="30.657539" lon="-97.686742"></trkpt>
      <trkpt lat="30.657349" lon="-97.686515"></trkpt>
      <trkpt lat="30.657252" lon="-97.686406"></trkpt>
      <trkpt lat="30.656944" lon="-97.686081"></trkpt>
      <trkpt lat="30.656914" lon="-97.686046"></trkpt>
      <trkpt lat="30.656633" lon="-97.685784"></trkpt>
      <trkpt lat="30.656527" lon="-97.685695"></trkpt>
      <trkpt lat="30.656493" lon="-97.685665"></trkpt>
      <trkpt lat="30.656361" lon="-97.685546"></trkpt>
      <trkpt lat="30.656193" lon="-97.685405"></trkpt>
      <trkpt lat="30.656179" lon="-97.685395"></trkpt>
      <trkpt lat="30.655619" lon="-97.684973"></trkpt>
      <trkpt lat="30.655187" lon="-97.684623"></trkpt>
      <trkpt lat="30.654887" lon="-97.684392"></trkpt>
      <trkpt lat="30.654513" lon="-97.684103"></trkpt>
      <trkpt lat="30.654462" lon="-97.684064"></trkpt>
      <trkpt lat="30.654359" lon="-97.683968"></trkpt>
      <trkpt lat="30.654009" lon="-97.683673"></trkpt>
      <trkpt lat="30.653865" lon="-97.683556"></trkpt>
      <trkpt lat="30.653650" lon="-97.683382"></trkpt>
      <trkpt lat="30.653323" lon="-97.683119"></trkpt>
      <trkpt lat="30.653102" lon="-97.682940"></trkpt>
      <trkpt lat="30.653097" lon="-97.682936"></trkpt>
      <trkpt lat="30.653017" lon="-97.682871"></trkpt>
      <trkpt lat="30.652647" lon="-97.682572"></trkpt>
      <trkpt lat="30.652196" lon="-97.682209"></trkpt>
      <trkpt lat="30.651930" lon="-97.681994"></trkpt>
      <trkpt lat="30.651837" lon="-97.681916"></trkpt>
      <trkpt lat="30.651763" lon="-97.681854"></trkpt>
      <trkpt lat="30.651683" lon="-97.681793"></trkpt>
      <trkpt lat="30.651634" lon="-97.681750"></trkpt>
      <trkpt lat="30.651585" lon="-97.681707"></trkpt>
      <trkpt lat="30.651507" lon="-97.681642"></trkpt>
      <trkpt lat="30.651427" lon="-97.681576"></trkpt>
      <trkpt lat="30.651376" lon="-97.681534"></trkpt>
      <trkpt lat="30.651185" lon="-97.681343"></trkpt>
      <trkpt lat="30.650996" lon="-97.681125"></trkpt>
      <trkpt lat="30.650966" lon="-97.681091"></trkpt>
      <trkpt lat="30.650837" lon="-97.681007"></trkpt>
      <trkpt lat="30.650687" lon="-97.680880"></trkpt>
      <trkpt lat="30.650462" lon="-97.680576"></trkpt>
      <trkpt lat="30.650390" lon="-97.680371"></trkpt>
      <trkpt lat="30.650327" lon="-97.680162"></trkpt>
      <trkpt lat="30.650292" lon="-97.679981"></trkpt>
      <trkpt lat="30.650257" lon="-97.679800"></trkpt>
      <trkpt lat="30.649792" lon="-97.678977"></trkpt>
      <trkpt lat="30.649548" lon="-97.678752"></trkpt>
      <trkpt lat="30.649455" lon="-97.678671"></trkpt>
      <trkpt lat="30.649212" lon="-97.678441"></trkpt>
      <trkpt lat="30.649019" lon="-97.678082"></trkpt>
      <trkpt lat="30.648925" lon="-97.677896"></trkpt>
      <trkpt lat="30.648721" lon="-97.677541"></trkpt>
      <trkpt lat="30.648601" lon="-97.677653"></trkpt>
      <trkpt lat="30.648409" lon="-97.677799"></trkpt>
      <trkpt lat="30.648299" lon="-97.677884"></trkpt>
      <trkpt lat="30.648234" lon="-97.677930"></trkpt>
      <trkpt lat="30.648016" lon="-97.678051"></trkpt>
      <trkpt lat="30.647792" lon="-97.678155"></trkpt>
      <trkpt lat="30.647538" lon="-97.678242"></trkpt>
      <trkpt lat="30.647306" lon="-97.678285"></trkpt>
      <trkpt lat="30.647146" lon="-97.678310"></trkpt>
      <trkpt lat="30.646833" lon="-97.678323"></trkpt>
      <trkpt lat="30.646494" lon="-97.678394"></trkpt>
      <trkpt lat="30.646495" lon="-97.678315"></trkpt>
      <trkpt lat="30.646369" lon="-97.678312"></trkpt>
      <trkpt lat="30.646158" lon="-97.678307"></trkpt>
      <trkpt lat="30.645947" lon="-97.678301"></trkpt>
      <trkpt lat="30.645724" lon="-97.678257"></trkpt>
      <trkpt lat="30.645565" lon="-97.678253"></trkpt>
      <trkpt lat="30.644529" lon="-97.678234"></trkpt>
      <trkpt lat="30.644361" lon="-97.678224"></trkpt>
      <trkpt lat="30.644288" lon="-97.678224"></trkpt>
      <trkpt lat="30.644214" lon="-97.678225"></trkpt>
      <trkpt lat="30.643966" lon="-97.678213"></trkpt>
      <trkpt lat="30.643705" lon="-97.678210"></trkpt>
      <trkpt lat="30.643544" lon="-97.678220"></trkpt>
      <trkpt lat="30.642493" lon="-97.678186"></trkpt>
      <trkpt lat="30.641740" lon="-97.678157"></trkpt>
      <trkpt lat="30.641627" lon="-97.678153"></trkpt>
      <trkpt lat="30.641629" lon="-97.678018"></trkpt>
      <trkpt lat="30.641631" lon="-97.677825"></trkpt>
      <trkpt lat="30.641632" lon="-97.677712"></trkpt>
      <trkpt lat="30.641640" lon="-97.677114"></trkpt>
      <trkpt lat="30.641640" lon="-97.677054"></trkpt>
      <trkpt lat="30.641639" lon="-97.676553"></trkpt>
      <trkpt lat="30.641638" lon="-97.676403"></trkpt>
      <trkpt lat="30.641638" lon="-97.676107"></trkpt>
      <trkpt lat="30.641655" lon="-97.675167"></trkpt>
      <trkpt lat="30.641671" lon="-97.674204"></trkpt>
      <trkpt lat="30.641673" lon="-97.674141"></trkpt>
      <trkpt lat="30.641700" lon="-97.673250"></trkpt>
      <trkpt lat="30.641706" lon="-97.673050"></trkpt>
      <trkpt lat="30.641707" lon="-97.673014"></trkpt>
      <trkpt lat="30.641727" lon="-97.672343"></trkpt>
      <trkpt lat="30.641731" lon="-97.672223"></trkpt>
      <trkpt lat="30.641735" lon="-97.671266"></trkpt>
      <trkpt lat="30.641734" lon="-97.670302"></trkpt>
      <trkpt lat="30.641657" lon="-97.670301"></trkpt>
      <trkpt lat="30.641549" lon="-97.670300"></trkpt>
      <trkpt lat="30.640889" lon="-97.670290"></trkpt>
      <trkpt lat="30.640083" lon="-97.670278"></trkpt>
      <trkpt lat="30.639257" lon="-97.670271"></trkpt>
      <trkpt lat="30.639020" lon="-97.670269"></trkpt>
      <trkpt lat="30.638680" lon="-97.670265"></trkpt>
      <trkpt lat="30.638511" lon="-97.670263"></trkpt>
      <trkpt lat="30.638474" lon="-97.670263"></trkpt>
      <trkpt lat="30.638407" lon="-97.670262"></trkpt>
      <trkpt lat="30.638324" lon="-97.670256"></trkpt>
      <trkpt lat="30.638295" lon="-97.670254"></trkpt>
      <trkpt lat="30.638227" lon="-97.670249"></trkpt>
      <trkpt lat="30.638308" lon="-97.669978"></trkpt>
      <trkpt lat="30.638387" lon="-97.669715"></trkpt>
      <trkpt lat="30.638438" lon="-97.669544"></trkpt>
      <trkpt lat="30.638512" lon="-97.669282"></trkpt>
      <trkpt lat="30.638536" lon="-97.669199"></trkpt>
      <trkpt lat="30.638660" lon="-97.668793"></trkpt>
      <trkpt lat="30.638034" lon="-97.668539"></trkpt>
      <trkpt lat="30.637682" lon="-97.668392"></trkpt>
      <trkpt lat="30.637368" lon="-97.668276"></trkpt>
      <trkpt lat="30.637049" lon="-97.668163"></trkpt>
      <trkpt lat="30.636871" lon="-97.668104"></trkpt>
      <trkpt lat="30.636737" lon="-97.668070"></trkpt>
      <trkpt lat="30.636551" lon="-97.668035"></trkpt>
      <trkpt lat="30.636153" lon="-97.668004"></trkpt>
      <trkpt lat="30.635864" lon="-97.667987"></trkpt>
      <trkpt lat="30.635587" lon="-97.667978"></trkpt>
      <trkpt lat="30.634973" lon="-97.667967"></trkpt>
      <trkpt lat="30.634187" lon="-97.667952"></trkpt>
      <trkpt lat="30.633971" lon="-97.667987"></trkpt>
      <trkpt lat="30.633608" lon="-97.668036"></trkpt>
      <trkpt lat="30.633468" lon="-97.668033"></trkpt>
      <trkpt lat="30.633339" lon="-97.668034"></trkpt>
      <trkpt lat="30.633341" lon="-97.667945"></trkpt>
      <trkpt lat="30.633358" lon="-97.667084"></trkpt>
      <trkpt lat="30.633357" lon="-97.666223"></trkpt>
      <trkpt lat="30.633357" lon="-97.666133"></trkpt>
      <trkpt lat="30.633367" lon="-97.665495"></trkpt>
      <trkpt lat="30.633369" lon="-97.665386"></trkpt>
      <trkpt lat="30.633371" lon="-97.665302"></trkpt>
      <trkpt lat="30.633371" lon="-97.665294"></trkpt>
      <trkpt lat="30.633372" lon="-97.665225"></trkpt>
      <trkpt lat="30.633373" lon="-97.665174"></trkpt>
      <trkpt lat="30.633373" lon="-97.665135"></trkpt>
      <trkpt lat="30.633375" lon="-97.665046"></trkpt>
      <trkpt lat="30.633388" lon="-97.664408"></trkpt>
      <trkpt lat="30.633389" lon="-97.664344"></trkpt>
      <trkpt lat="30.633389" lon="-97.664322"></trkpt>
      <trkpt lat="30.633395" lon="-97.664070"></trkpt>
      <trkpt lat="30.633408" lon="-97.663944"></trkpt>
      <trkpt lat="30.633423" lon="-97.663799"></trkpt>
      <trkpt lat="30.633448" lon="-97.663612"></trkpt>
      <trkpt lat="30.633460" lon="-97.663513"></trkpt>
      <trkpt lat="30.633468" lon="-97.663450"></trkpt>
      <trkpt lat="30.633493" lon="-97.663289"></trkpt>
      <trkpt lat="30.633508" lon="-97.663185"></trkpt>
      <trkpt lat="30.633513" lon="-97.663159"></trkpt>
      <trkpt lat="30.633573" lon="-97.662857"></trkpt>
      <trkpt lat="30.633668" lon="-97.662463"></trkpt>
      <trkpt lat="30.633803" lon="-97.662023"></trkpt>
      <trkpt lat="30.633916" lon="-97.661626"></trkpt>
      <trkpt lat="30.634087" lon="-97.661118"></trkpt>
      <trkpt lat="30.634324" lon="-97.660332"></trkpt>
      <trkpt lat="30.634347" lon="-97.660259"></trkpt>
      <trkpt lat="30.635012" lon="-97.658111"></trkpt>
      <trkpt lat="30.635390" lon="-97.656909"></trkpt>
      <trkpt lat="30.635733" lon="-97.655805"></trkpt>
      <trkpt lat="30.635843" lon="-97.655444"></trkpt>
      <trkpt lat="30.635900" lon="-97.655260"></trkpt>
      <trkpt lat="30.636501" lon="-97.653272"></trkpt>
      <trkpt lat="30.636781" lon="-97.652348"></trkpt>
      <trkpt lat="30.636844" lon="-97.652079"></trkpt>
      <trkpt lat="30.636935" lon="-97.651659"></trkpt>
      <trkpt lat="30.637086" lon="-97.650993"></trkpt>
      <trkpt lat="30.637161" lon="-97.650631"></trkpt>
      <trkpt lat="30.637198" lon="-97.650452"></trkpt>
      <trkpt lat="30.637381" lon="-97.649566"></trkpt>
      <trkpt lat="30.637495" lon="-97.649012"></trkpt>
      <trkpt lat="30.637684" lon="-97.648100"></trkpt>
      <trkpt lat="30.638018" lon="-97.646563"></trkpt>
      <trkpt lat="30.638087" lon="-97.646207"></trkpt>
      <trkpt lat="30.638136" lon="-97.645955"></trkpt>
      <trkpt lat="30.638264" lon="-97.645305"></trkpt>
      <trkpt lat="30.638319" lon="-97.645025"></trkpt>
      <trkpt lat="30.638489" lon="-97.644160"></trkpt>
      <trkpt lat="30.638546" lon="-97.643861"></trkpt>
      <trkpt lat="30.638704" lon="-97.643038"></trkpt>
      <trkpt lat="30.639354" lon="-97.639963"></trkpt>
      <trkpt lat="30.639550" lon="-97.639008"></trkpt>
      <trkpt lat="30.639555" lon="-97.638986"></trkpt>
      <trkpt lat="30.639805" lon="-97.637946"></trkpt>
      <trkpt lat="30.640058" lon="-97.637071"></trkpt>
      <trkpt lat="30.640349" lon="-97.636025"></trkpt>
      <trkpt lat="30.640663" lon="-97.634989"></trkpt>
      <trkpt lat="30.640719" lon="-97.634805"></trkpt>
      <trkpt lat="30.641210" lon="-97.633190"></trkpt>
      <trkpt lat="30.641236" lon="-97.633106"></trkpt>
      <trkpt lat="30.641387" lon="-97.632649"></trkpt>
      <trkpt lat="30.641490" lon="-97.632339"></trkpt>
      <trkpt lat="30.641738" lon="-97.631536"></trkpt>
      <trkpt lat="30.641758" lon="-97.631479"></trkpt>
      <trkpt lat="30.641877" lon="-97.631060"></trkpt>
      <trkpt lat="30.641972" lon="-97.630767"></trkpt>
      <trkpt lat="30.642284" lon="-97.629723"></trkpt>
      <trkpt lat="30.642361" lon="-97.629465"></trkpt>
      <trkpt lat="30.643659" lon="-97.630014"></trkpt>
      <trkpt lat="30.644272" lon="-97.630285"></trkpt>
      <trkpt lat="30.644708" lon="-97.630538"></trkpt>
      <trkpt lat="30.645151" lon="-97.630831"></trkpt>
      <trkpt lat="30.645591" lon="-97.631121"></trkpt>
      <trkpt lat="30.645637" lon="-97.631152"></trkpt>
      <trkpt lat="30.645682" lon="-97.631182"></trkpt>
      <trkpt lat="30.646554" lon="-97.631739"></trkpt>
      <trkpt lat="30.647618" lon="-97.632462"></trkpt>
      <trkpt lat="30.648364" lon="-97.632874"></trkpt>
      <trkpt lat="30.650152" lon="-97.633938"></trkpt>
      <trkpt lat="30.653246" lon="-97.635588"></trkpt>
      <trkpt lat="30.655694" lon="-97.636866"></trkpt>
      <trkpt lat="30.658525" lon="-97.638298"></trkpt>
      <trkpt lat="30.660504" lon="-97.639362"></trkpt>
      <trkpt lat="30.662747" lon="-97.640630"></trkpt>
      <trkpt lat="30.663151" lon="-97.640865"></trkpt>
      <trkpt lat="30.664408" lon="-97.641320"></trkpt>
      <trkpt lat="30.665205" lon="-97.641663"></trkpt>
      <trkpt lat="30.665796" lon="-97.642006"></trkpt>
      <trkpt lat="30.666364" lon="-97.642376"></trkpt>
      <trkpt lat="30.666483" lon="-97.642380"></trkpt>
      <trkpt lat="30.666558" lon="-97.642356"></trkpt>
      <trkpt lat="30.666624" lon="-97.642309"></trkpt>
      <trkpt lat="30.666749" lon="-97.642202"></trkpt>
      <trkpt lat="30.667064" lon="-97.641235"></trkpt>
      <trkpt lat="30.667650" lon="-97.639574"></trkpt>
      <trkpt lat="30.668083" lon="-97.638222"></trkpt>
      <trkpt lat="30.668378" lon="-97.637237"></trkpt>
      <trkpt lat="30.668819" lon="-97.635611"></trkpt>
      <trkpt lat="30.668878" lon="-97.635386"></trkpt>
      <trkpt lat="30.668956" lon="-97.635184"></trkpt>
      <trkpt lat="30.669026" lon="-97.635021"></trkpt>
      <trkpt lat="30.669067" lon="-97.634928"></trkpt>
      <trkpt lat="30.669210" lon="-97.634657"></trkpt>
      <trkpt lat="30.669336" lon="-97.634448"></trkpt>
      <trkpt lat="30.669515" lon="-97.634190"></trkpt>
      <trkpt lat="30.669658" lon="-97.634003"></trkpt>
      <trkpt lat="30.669845" lon="-97.633787"></trkpt>
      <trkpt lat="30.670003" lon="-97.633607"></trkpt>
      <trkpt lat="30.670536" lon="-97.633006"></trkpt>
      <trkpt lat="30.670970" lon="-97.632470"></trkpt>
      <trkpt lat="30.671066" lon="-97.632342"></trkpt>
      <trkpt lat="30.671181" lon="-97.632189"></trkpt>
      <trkpt lat="30.671415" lon="-97.631849"></trkpt>
      <trkpt lat="30.671559" lon="-97.631621"></trkpt>
      <trkpt lat="30.671636" lon="-97.631498"></trkpt>
      <trkpt lat="30.672411" lon="-97.630213"></trkpt>
      <trkpt lat="30.672523" lon="-97.630028"></trkpt>
      <trkpt lat="30.672910" lon="-97.629385"></trkpt>
      <trkpt lat="30.673179" lon="-97.628940"></trkpt>
      <trkpt lat="30.673283" lon="-97.628767"></trkpt>
      <trkpt lat="30.673317" lon="-97.628711"></trkpt>
      <trkpt lat="30.673532" lon="-97.628353"></trkpt>
      <trkpt lat="30.673590" lon="-97.628261"></trkpt>
      <trkpt lat="30.673620" lon="-97.628217"></trkpt>
      <trkpt lat="30.673814" lon="-97.627881"></trkpt>
      <trkpt lat="30.673925" lon="-97.627682"></trkpt>
      <trkpt lat="30.674001" lon="-97.627545"></trkpt>
      <trkpt lat="30.674019" lon="-97.627513"></trkpt>
      <trkpt lat="30.674096" lon="-97.627368"></trkpt>
      <trkpt lat="30.674132" lon="-97.627299"></trkpt>
      <trkpt lat="30.674183" lon="-97.627181"></trkpt>
      <trkpt lat="30.674229" lon="-97.627072"></trkpt>
      <trkpt lat="30.674314" lon="-97.626838"></trkpt>
      <trkpt lat="30.674317" lon="-97.626828"></trkpt>
      <trkpt lat="30.674388" lon="-97.626599"></trkpt>
      <trkpt lat="30.674397" lon="-97.626565"></trkpt>
      <trkpt lat="30.674450" lon="-97.626356"></trkpt>
      <trkpt lat="30.674490" lon="-97.626171"></trkpt>
      <trkpt lat="30.674754" lon="-97.624574"></trkpt>
      <trkpt lat="30.674911" lon="-97.623576"></trkpt>
      <trkpt lat="30.675079" lon="-97.622445"></trkpt>
      <trkpt lat="30.675218" lon="-97.621653"></trkpt>
      <trkpt lat="30.675309" lon="-97.621044"></trkpt>
      <trkpt lat="30.675355" lon="-97.620738"></trkpt>
      <trkpt lat="30.675450" lon="-97.620125"></trkpt>
      <trkpt lat="30.675533" lon="-97.619593"></trkpt>
      <trkpt lat="30.675594" lon="-97.619201"></trkpt>
      <trkpt lat="30.675658" lon="-97.618788"></trkpt>
      <trkpt lat="30.675723" lon="-97.618367"></trkpt>
      <trkpt lat="30.675885" lon="-97.617344"></trkpt>
      <trkpt lat="30.675999" lon="-97.616468"></trkpt>
      <trkpt lat="30.676101" lon="-97.615775"></trkpt>
      <trkpt lat="30.676194" lon="-97.614987"></trkpt>
      <trkpt lat="30.676217" lon="-97.614755"></trkpt>
      <trkpt lat="30.676280" lon="-97.614302"></trkpt>
      <trkpt lat="30.676288" lon="-97.614236"></trkpt>
      <trkpt lat="30.676335" lon="-97.613807"></trkpt>
      <trkpt lat="30.676395" lon="-97.613310"></trkpt>
      <trkpt lat="30.676402" lon="-97.613252"></trkpt>
      <trkpt lat="30.676496" lon="-97.612487"></trkpt>
      <trkpt lat="30.676556" lon="-97.612023"></trkpt>
      <trkpt lat="30.676582" lon="-97.611860"></trkpt>
      <trkpt lat="30.676613" lon="-97.611555"></trkpt>
      <trkpt lat="30.676626" lon="-97.611373"></trkpt>
      <trkpt lat="30.676628" lon="-97.611128"></trkpt>
      <trkpt lat="30.676621" lon="-97.610933"></trkpt>
      <trkpt lat="30.676619" lon="-97.610867"></trkpt>
      <trkpt lat="30.676596" lon="-97.610613"></trkpt>
      <trkpt lat="30.676549" lon="-97.610364"></trkpt>
      <trkpt lat="30.676491" lon="-97.610125"></trkpt>
      <trkpt lat="30.676442" lon="-97.609970"></trkpt>
      <trkpt lat="30.676384" lon="-97.609799"></trkpt>
      <trkpt lat="30.676366" lon="-97.609745"></trkpt>
      <trkpt lat="30.676302" lon="-97.609590"></trkpt>
      <trkpt lat="30.676277" lon="-97.609528"></trkpt>
      <trkpt lat="30.676254" lon="-97.609481"></trkpt>
      <trkpt lat="30.676243" lon="-97.609458"></trkpt>
      <trkpt lat="30.676174" lon="-97.609318"></trkpt>
      <trkpt lat="30.676048" lon="-97.609105"></trkpt>
      <trkpt lat="30.675914" lon="-97.608880"></trkpt>
      <trkpt lat="30.675898" lon="-97.608853"></trkpt>
      <trkpt lat="30.675799" lon="-97.608695"></trkpt>
      <trkpt lat="30.675337" lon="-97.607956"></trkpt>
      <trkpt lat="30.675260" lon="-97.607833"></trkpt>
      <trkpt lat="30.674416" lon="-97.606489"></trkpt>
      <trkpt lat="30.673732" lon="-97.605367"></trkpt>
      <trkpt lat="30.673600" lon="-97.605122"></trkpt>
      <trkpt lat="30.673562" lon="-97.605040"></trkpt>
      <trkpt lat="30.673459" lon="-97.604790"></trkpt>
      <trkpt lat="30.673425" lon="-97.604691"></trkpt>
      <trkpt lat="30.673371" lon="-97.604532"></trkpt>
      <trkpt lat="30.673335" lon="-97.604398"></trkpt>
      <trkpt lat="30.673301" lon="-97.604267"></trkpt>
      <trkpt lat="30.673265" lon="-97.604051"></trkpt>
      <trkpt lat="30.673238" lon="-97.603890"></trkpt>
      <trkpt lat="30.673210" lon="-97.603603"></trkpt>
      <trkpt lat="30.673207" lon="-97.603529"></trkpt>
      <trkpt lat="30.673198" lon="-97.603316"></trkpt>
      <trkpt lat="30.673231" lon="-97.602657"></trkpt>
      <trkpt lat="30.673267" lon="-97.602040"></trkpt>
      <trkpt lat="30.673330" lon="-97.600965"></trkpt>
      <trkpt lat="30.673450" lon="-97.598899"></trkpt>
      <trkpt lat="30.673487" lon="-97.598113"></trkpt>
      <trkpt lat="30.673667" lon="-97.595224"></trkpt>
      <trkpt lat="30.673738" lon="-97.594205"></trkpt>
      <trkpt lat="30.673801" lon="-97.593182"></trkpt>
      <trkpt lat="30.673839" lon="-97.592511"></trkpt>
      <trkpt lat="30.673873" lon="-97.591913"></trkpt>
      <trkpt lat="30.673906" lon="-97.591270"></trkpt>
      <trkpt lat="30.673920" lon="-97.591099"></trkpt>
      <trkpt lat="30.673966" lon="-97.590645"></trkpt>
      <trkpt lat="30.674010" lon="-97.590334"></trkpt>
      <trkpt lat="30.674086" lon="-97.589933"></trkpt>
      <trkpt lat="30.674319" lon="-97.588799"></trkpt>
      <trkpt lat="30.674494" lon="-97.587946"></trkpt>
      <trkpt lat="30.674508" lon="-97.587894"></trkpt>
      <trkpt lat="30.674596" lon="-97.587388"></trkpt>
      <trkpt lat="30.674653" lon="-97.587084"></trkpt>
      <trkpt lat="30.674702" lon="-97.586832"></trkpt>
      <trkpt lat="30.674838" lon="-97.586070"></trkpt>
      <trkpt lat="30.674838" lon="-97.586070"></trkpt>
      <trkpt lat="30.674957" lon="-97.585487"></trkpt>
      <trkpt lat="30.675023" lon="-97.585160"></trkpt>
      <trkpt lat="30.675061" lon="-97.584971"></trkpt>
      <trkpt lat="30.675299" lon="-97.583946"></trkpt>
      <trkpt lat="30.675417" lon="-97.583439"></trkpt>
      <trkpt lat="30.675475" lon="-97.583163"></trkpt>
      <trkpt lat="30.675564" lon="-97.582758"></trkpt>
      <trkpt lat="30.676080" lon="-97.580338"></trkpt>
      <trkpt lat="30.676533" lon="-97.578208"></trkpt>
      <trkpt lat="30.676880" lon="-97.576580"></trkpt>
      <trkpt lat="30.677132" lon="-97.575393"></trkpt>
      <trkpt lat="30.677968" lon="-97.571468"></trkpt>
      <trkpt lat="30.678359" lon="-97.569638"></trkpt>
      <trkpt lat="30.678991" lon="-97.566661"></trkpt>
      <trkpt lat="30.679067" lon="-97.566307"></trkpt>
      <trkpt lat="30.679943" lon="-97.562217"></trkpt>
      <trkpt lat="30.680375" lon="-97.560200"></trkpt>
      <trkpt lat="30.680717" lon="-97.558604"></trkpt>
      <trkpt lat="30.680855" lon="-97.557936"></trkpt>
      <trkpt lat="30.680984" lon="-97.557308"></trkpt>
      <trkpt lat="30.681138" lon="-97.556599"></trkpt>
      <trkpt lat="30.681186" lon="-97.556378"></trkpt>
      <trkpt lat="30.681210" lon="-97.556269"></trkpt>
      <trkpt lat="30.681242" lon="-97.556135"></trkpt>
      <trkpt lat="30.681260" lon="-97.556053"></trkpt>
      <trkpt lat="30.681313" lon="-97.555811"></trkpt>
      <trkpt lat="30.681418" lon="-97.555391"></trkpt>
      <trkpt lat="30.681435" lon="-97.555318"></trkpt>
      <trkpt lat="30.681543" lon="-97.554889"></trkpt>
      <trkpt lat="30.681725" lon="-97.554162"></trkpt>
      <trkpt lat="30.681747" lon="-97.554078"></trkpt>
      <trkpt lat="30.681863" lon="-97.553646"></trkpt>
      <trkpt lat="30.682114" lon="-97.552770"></trkpt>
      <trkpt lat="30.683098" lon="-97.549499"></trkpt>
      <trkpt lat="30.683454" lon="-97.548346"></trkpt>
      <trkpt lat="30.683816" lon="-97.547283"></trkpt>
      <trkpt lat="30.684032" lon="-97.546761"></trkpt>
      <trkpt lat="30.684290" lon="-97.546165"></trkpt>
      <trkpt lat="30.684471" lon="-97.545755"></trkpt>
      <trkpt lat="30.684990" lon="-97.544757"></trkpt>
      <trkpt lat="30.685260" lon="-97.544291"></trkpt>
      <trkpt lat="30.685790" lon="-97.543429"></trkpt>
      <trkpt lat="30.686281" lon="-97.542655"></trkpt>
      <trkpt lat="30.686353" lon="-97.542521"></trkpt>
      <trkpt lat="30.686597" lon="-97.542062"></trkpt>
      <trkpt lat="30.686601" lon="-97.542055"></trkpt>
      <trkpt lat="30.686676" lon="-97.541857"></trkpt>
      <trkpt lat="30.686754" lon="-97.541657"></trkpt>
      <trkpt lat="30.686940" lon="-97.541090"></trkpt>
      <trkpt lat="30.687778" lon="-97.538401"></trkpt>
      <trkpt lat="30.687981" lon="-97.537765"></trkpt>
      <trkpt lat="30.689083" lon="-97.534592"></trkpt>
      <trkpt lat="30.689294" lon="-97.534003"></trkpt>
      <trkpt lat="30.689408" lon="-97.533722"></trkpt>
      <trkpt lat="30.689538" lon="-97.533441"></trkpt>
      <trkpt lat="30.689593" lon="-97.533350"></trkpt>
      <trkpt lat="30.689656" lon="-97.533244"></trkpt>
      <trkpt lat="30.689918" lon="-97.532889"></trkpt>
      <trkpt lat="30.690257" lon="-97.532507"></trkpt>
      <trkpt lat="30.690733" lon="-97.532028"></trkpt>
      <trkpt lat="30.691142" lon="-97.531582"></trkpt>
      <trkpt lat="30.691429" lon="-97.531220"></trkpt>
      <trkpt lat="30.691558" lon="-97.531018"></trkpt>
      <trkpt lat="30.691674" lon="-97.530808"></trkpt>
      <trkpt lat="30.691778" lon="-97.530586"></trkpt>
      <trkpt lat="30.691868" lon="-97.530357"></trkpt>
      <trkpt lat="30.691942" lon="-97.530121"></trkpt>
      <trkpt lat="30.692008" lon="-97.529870"></trkpt>
      <trkpt lat="30.692059" lon="-97.529609"></trkpt>
      <trkpt lat="30.692094" lon="-97.529345"></trkpt>
      <trkpt lat="30.692112" lon="-97.529078"></trkpt>
      <trkpt lat="30.692113" lon="-97.528810"></trkpt>
      <trkpt lat="30.692097" lon="-97.528543"></trkpt>
      <trkpt lat="30.692061" lon="-97.528266"></trkpt>
      <trkpt lat="30.692007" lon="-97.527986"></trkpt>
      <trkpt lat="30.691935" lon="-97.527712"></trkpt>
      <trkpt lat="30.691845" lon="-97.527444"></trkpt>
      <trkpt lat="30.691551" lon="-97.526668"></trkpt>
      <trkpt lat="30.691496" lon="-97.526508"></trkpt>
      <trkpt lat="30.691367" lon="-97.526115"></trkpt>
      <trkpt lat="30.691249" lon="-97.525798"></trkpt>
      <trkpt lat="30.691081" lon="-97.525322"></trkpt>
      <trkpt lat="30.690793" lon="-97.524472"></trkpt>
      <trkpt lat="30.690630" lon="-97.523950"></trkpt>
      <trkpt lat="30.690513" lon="-97.523576"></trkpt>
      <trkpt lat="30.690377" lon="-97.523123"></trkpt>
      <trkpt lat="30.690190" lon="-97.522458"></trkpt>
      <trkpt lat="30.689779" lon="-97.520998"></trkpt>
      <trkpt lat="30.689485" lon="-97.519923"></trkpt>
      <trkpt lat="30.688801" lon="-97.517576"></trkpt>
      <trkpt lat="30.688080" lon="-97.515179"></trkpt>
      <trkpt lat="30.687522" lon="-97.513320"></trkpt>
      <trkpt lat="30.687362" lon="-97.512776"></trkpt>
      <trkpt lat="30.687236" lon="-97.512323"></trkpt>
      <trkpt lat="30.687102" lon="-97.511874"></trkpt>
      <trkpt lat="30.687006" lon="-97.511548"></trkpt>
      <trkpt lat="30.686742" lon="-97.510668"></trkpt>
      <trkpt lat="30.686026" lon="-97.508258"></trkpt>
      <trkpt lat="30.685106" lon="-97.505161"></trkpt>
      <trkpt lat="30.684945" lon="-97.504620"></trkpt>
      <trkpt lat="30.684804" lon="-97.504172"></trkpt>
      <trkpt lat="30.684680" lon="-97.503755"></trkpt>
      <trkpt lat="30.684626" lon="-97.503486"></trkpt>
      <trkpt lat="30.684599" lon="-97.503288"></trkpt>
      <trkpt lat="30.684578" lon="-97.503013"></trkpt>
      <trkpt lat="30.684571" lon="-97.502782"></trkpt>
      <trkpt lat="30.684581" lon="-97.502674"></trkpt>
      <trkpt lat="30.684586" lon="-97.502528"></trkpt>
      <trkpt lat="30.684596" lon="-97.502373"></trkpt>
      <trkpt lat="30.684610" lon="-97.502262"></trkpt>
      <trkpt lat="30.684650" lon="-97.502016"></trkpt>
      <trkpt lat="30.684698" lon="-97.501785"></trkpt>
      <trkpt lat="30.684775" lon="-97.501508"></trkpt>
      <trkpt lat="30.684865" lon="-97.501238"></trkpt>
      <trkpt lat="30.684978" lon="-97.500954"></trkpt>
      <trkpt lat="30.685219" lon="-97.500348"></trkpt>
      <trkpt lat="30.685298" lon="-97.500175"></trkpt>
      <trkpt lat="30.685398" lon="-97.499931"></trkpt>
      <trkpt lat="30.685898" lon="-97.498690"></trkpt>
      <trkpt lat="30.686103" lon="-97.498182"></trkpt>
      <trkpt lat="30.686274" lon="-97.497760"></trkpt>
      <trkpt lat="30.686374" lon="-97.497503"></trkpt>
      <trkpt lat="30.686490" lon="-97.497223"></trkpt>
      <trkpt lat="30.686532" lon="-97.497093"></trkpt>
      <trkpt lat="30.686631" lon="-97.496863"></trkpt>
      <trkpt lat="30.686741" lon="-97.496592"></trkpt>
      <trkpt lat="30.686961" lon="-97.496048"></trkpt>
      <trkpt lat="30.687384" lon="-97.494988"></trkpt>
      <trkpt lat="30.687626" lon="-97.494345"></trkpt>
      <trkpt lat="30.687760" lon="-97.493952"></trkpt>
      <trkpt lat="30.687826" lon="-97.493753"></trkpt>
      <trkpt lat="30.687879" lon="-97.493569"></trkpt>
      <trkpt lat="30.688272" lon="-97.492318"></trkpt>
      <trkpt lat="30.688439" lon="-97.491793"></trkpt>
      <trkpt lat="30.688631" lon="-97.491186"></trkpt>
      <trkpt lat="30.688843" lon="-97.490588"></trkpt>
      <trkpt lat="30.688981" lon="-97.490252"></trkpt>
      <trkpt lat="30.689055" lon="-97.490100"></trkpt>
      <trkpt lat="30.689143" lon="-97.489949"></trkpt>
      <trkpt lat="30.689159" lon="-97.489938"></trkpt>
      <trkpt lat="30.689392" lon="-97.489586"></trkpt>
      <trkpt lat="30.689486" lon="-97.489466"></trkpt>
      <trkpt lat="30.689586" lon="-97.489356"></trkpt>
      <trkpt lat="30.689772" lon="-97.489179"></trkpt>
      <trkpt lat="30.690392" lon="-97.488727"></trkpt>
      <trkpt lat="30.690863" lon="-97.488369"></trkpt>
      <trkpt lat="30.691220" lon="-97.488110"></trkpt>
      <trkpt lat="30.691462" lon="-97.487958"></trkpt>
      <trkpt lat="30.691680" lon="-97.487840"></trkpt>
      <trkpt lat="30.691909" lon="-97.487740"></trkpt>
      <trkpt lat="30.692099" lon="-97.487674"></trkpt>
      <trkpt lat="30.692307" lon="-97.487619"></trkpt>
      <trkpt lat="30.692519" lon="-97.487583"></trkpt>
      <trkpt lat="30.692784" lon="-97.487562"></trkpt>
      <trkpt lat="30.692915" lon="-97.487560"></trkpt>
      <trkpt lat="30.693187" lon="-97.487572"></trkpt>
      <trkpt lat="30.693332" lon="-97.487588"></trkpt>
      <trkpt lat="30.693475" lon="-97.487617"></trkpt>
      <trkpt lat="30.693787" lon="-97.487709"></trkpt>
      <trkpt lat="30.694054" lon="-97.487808"></trkpt>
      <trkpt lat="30.694934" lon="-97.488181"></trkpt>
      <trkpt lat="30.695308" lon="-97.488332"></trkpt>
      <trkpt lat="30.695973" lon="-97.488600"></trkpt>
      <trkpt lat="30.697614" lon="-97.489293"></trkpt>
      <trkpt lat="30.698100" lon="-97.489472"></trkpt>
      <trkpt lat="30.698286" lon="-97.489524"></trkpt>
      <trkpt lat="30.698476" lon="-97.489561"></trkpt>
      <trkpt lat="30.698675" lon="-97.489584"></trkpt>
      <trkpt lat="30.698884" lon="-97.489588"></trkpt>
      <trkpt lat="30.699251" lon="-97.489583"></trkpt>
      <trkpt lat="30.699282" lon="-97.489583"></trkpt>
      <trkpt lat="30.699431" lon="-97.489568"></trkpt>
      <trkpt lat="30.699669" lon="-97.489543"></trkpt>
      <trkpt lat="30.700169" lon="-97.489496"></trkpt>
      <trkpt lat="30.700308" lon="-97.489470"></trkpt>
      <trkpt lat="30.700493" lon="-97.489420"></trkpt>
      <trkpt lat="30.700700" lon="-97.489348"></trkpt>
      <trkpt lat="30.700888" lon="-97.489266"></trkpt>
      <trkpt lat="30.701032" lon="-97.489189"></trkpt>
      <trkpt lat="30.701259" lon="-97.489041"></trkpt>
      <trkpt lat="30.701497" lon="-97.488859"></trkpt>
      <trkpt lat="30.701716" lon="-97.488664"></trkpt>
      <trkpt lat="30.701902" lon="-97.488471"></trkpt>
      <trkpt lat="30.702037" lon="-97.488310"></trkpt>
      <trkpt lat="30.702147" lon="-97.488160"></trkpt>
      <trkpt lat="30.702235" lon="-97.488017"></trkpt>
      <trkpt lat="30.702299" lon="-97.487914"></trkpt>
      <trkpt lat="30.702385" lon="-97.487758"></trkpt>
      <trkpt lat="30.702469" lon="-97.487578"></trkpt>
      <trkpt lat="30.702561" lon="-97.487343"></trkpt>
      <trkpt lat="30.702634" lon="-97.487117"></trkpt>
      <trkpt lat="30.702735" lon="-97.486733"></trkpt>
      <trkpt lat="30.702756" lon="-97.486629"></trkpt>
      <trkpt lat="30.702776" lon="-97.486480"></trkpt>
      <trkpt lat="30.702818" lon="-97.486036"></trkpt>
      <trkpt lat="30.702824" lon="-97.485860"></trkpt>
      <trkpt lat="30.702817" lon="-97.485637"></trkpt>
      <trkpt lat="30.702799" lon="-97.485433"></trkpt>
      <trkpt lat="30.702769" lon="-97.485220"></trkpt>
      <trkpt lat="30.702739" lon="-97.485062"></trkpt>
      <trkpt lat="30.702687" lon="-97.484843"></trkpt>
      <trkpt lat="30.702537" lon="-97.484337"></trkpt>
      <trkpt lat="30.702311" lon="-97.483691"></trkpt>
      <trkpt lat="30.702245" lon="-97.483484"></trkpt>
      <trkpt lat="30.702116" lon="-97.483083"></trkpt>
      <trkpt lat="30.702039" lon="-97.482775"></trkpt>
      <trkpt lat="30.701975" lon="-97.482432"></trkpt>
      <trkpt lat="30.701934" lon="-97.482117"></trkpt>
      <trkpt lat="30.701931" lon="-97.482059"></trkpt>
      <trkpt lat="30.701918" lon="-97.481848"></trkpt>
      <trkpt lat="30.701917" lon="-97.481621"></trkpt>
      <trkpt lat="30.701927" lon="-97.481455"></trkpt>
      <trkpt lat="30.701961" lon="-97.481192"></trkpt>
      <trkpt lat="30.702019" lon="-97.480842"></trkpt>
      <trkpt lat="30.702039" lon="-97.480749"></trkpt>
      <trkpt lat="30.702046" lon="-97.480715"></trkpt>
      <trkpt lat="30.702098" lon="-97.480536"></trkpt>
      <trkpt lat="30.702253" lon="-97.480065"></trkpt>
      <trkpt lat="30.702577" lon="-97.479025"></trkpt>
      <trkpt lat="30.702783" lon="-97.478378"></trkpt>
      <trkpt lat="30.704683" lon="-97.472404"></trkpt>
      <trkpt lat="30.705280" lon="-97.470545"></trkpt>
      <trkpt lat="30.706324" lon="-97.467303"></trkpt>
      <trkpt lat="30.706337" lon="-97.467268"></trkpt>
      <trkpt lat="30.706468" lon="-97.466915"></trkpt>
      <trkpt lat="30.706577" lon="-97.466676"></trkpt>
      <trkpt lat="30.706745" lon="-97.466358"></trkpt>
      <trkpt lat="30.706900" lon="-97.466108"></trkpt>
      <trkpt lat="30.707621" lon="-97.464940"></trkpt>
      <trkpt lat="30.707738" lon="-97.464717"></trkpt>
      <trkpt lat="30.707878" lon="-97.464409"></trkpt>
      <trkpt lat="30.707977" lon="-97.464138"></trkpt>
      <trkpt lat="30.708071" lon="-97.463839"></trkpt>
      <trkpt lat="30.708392" lon="-97.462639"></trkpt>
      <trkpt lat="30.708523" lon="-97.462208"></trkpt>
      <trkpt lat="30.708657" lon="-97.461839"></trkpt>
      <trkpt lat="30.708767" lon="-97.461593"></trkpt>
      <trkpt lat="30.708854" lon="-97.461424"></trkpt>
      <trkpt lat="30.708933" lon="-97.461295"></trkpt>
      <trkpt lat="30.709035" lon="-97.461144"></trkpt>
      <trkpt lat="30.709217" lon="-97.460886"></trkpt>
      <trkpt lat="30.709306" lon="-97.460774"></trkpt>
      <trkpt lat="30.709483" lon="-97.460585"></trkpt>
      <trkpt lat="30.709879" lon="-97.460193"></trkpt>
      <trkpt lat="30.710728" lon="-97.459338"></trkpt>
      <trkpt lat="30.711033" lon="-97.459031"></trkpt>
      <trkpt lat="30.711501" lon="-97.458548"></trkpt>
      <trkpt lat="30.711993" lon="-97.458045"></trkpt>
      <trkpt lat="30.712292" lon="-97.457728"></trkpt>
      <trkpt lat="30.712591" lon="-97.457371"></trkpt>
      <trkpt lat="30.712816" lon="-97.457067"></trkpt>
      <trkpt lat="30.712976" lon="-97.456823"></trkpt>
      <trkpt lat="30.713222" lon="-97.456392"></trkpt>
      <trkpt lat="30.713361" lon="-97.456123"></trkpt>
      <trkpt lat="30.713394" lon="-97.456059"></trkpt>
      <trkpt lat="30.713478" lon="-97.455898"></trkpt>
      <trkpt lat="30.713583" lon="-97.455672"></trkpt>
      <trkpt lat="30.713684" lon="-97.455406"></trkpt>
      <trkpt lat="30.713825" lon="-97.454984"></trkpt>
      <trkpt lat="30.713949" lon="-97.454535"></trkpt>
      <trkpt lat="30.714338" lon="-97.453029"></trkpt>
      <trkpt lat="30.714827" lon="-97.451061"></trkpt>
      <trkpt lat="30.714966" lon="-97.450569"></trkpt>
      <trkpt lat="30.715024" lon="-97.450409"></trkpt>
      <trkpt lat="30.715274" lon="-97.449810"></trkpt>
      <trkpt lat="30.715664" lon="-97.448879"></trkpt>
      <trkpt lat="30.715709" lon="-97.448771"></trkpt>
      <trkpt lat="30.715784" lon="-97.448556"></trkpt>
      <trkpt lat="30.715840" lon="-97.448352"></trkpt>
      <trkpt lat="30.715890" lon="-97.448144"></trkpt>
      <trkpt lat="30.715924" lon="-97.447974"></trkpt>
      <trkpt lat="30.715951" lon="-97.447772"></trkpt>
      <trkpt lat="30.715966" lon="-97.447559"></trkpt>
      <trkpt lat="30.715976" lon="-97.447318"></trkpt>
      <trkpt lat="30.715974" lon="-97.447080"></trkpt>
      <trkpt lat="30.715959" lon="-97.446840"></trkpt>
      <trkpt lat="30.715917" lon="-97.446387"></trkpt>
      <trkpt lat="30.715892" lon="-97.446126"></trkpt>
      <trkpt lat="30.715806" lon="-97.445197"></trkpt>
      <trkpt lat="30.715738" lon="-97.444458"></trkpt>
      <trkpt lat="30.715686" lon="-97.443904"></trkpt>
      <trkpt lat="30.715665" lon="-97.443677"></trkpt>
      <trkpt lat="30.715660" lon="-97.443623"></trkpt>
      <trkpt lat="30.715628" lon="-97.443279"></trkpt>
      <trkpt lat="30.716245" lon="-97.443205"></trkpt>
      <trkpt lat="30.716667" lon="-97.443144"></trkpt>
      <trkpt lat="30.717139" lon="-97.443098"></trkpt>
      <trkpt lat="30.717582" lon="-97.443041"></trkpt>
      <trkpt lat="30.717712" lon="-97.443024"></trkpt>
      <trkpt lat="30.717703" lon="-97.442920"></trkpt>
      <trkpt lat="30.717663" lon="-97.442475"></trkpt>
      <trkpt lat="30.717773" lon="-97.442460"></trkpt>
      <trkpt lat="30.718109" lon="-97.442413"></trkpt>
      <trkpt lat="30.718164" lon="-97.442343"></trkpt>
      <trkpt lat="30.718189" lon="-97.442295"></trkpt>
      <trkpt lat="30.718192" lon="-97.442168"></trkpt>
      <trkpt lat="30.718177" lon="-97.441997"></trkpt>
      <trkpt lat="30.718174" lon="-97.441971"></trkpt>
      <trkpt lat="30.718147" lon="-97.441758"></trkpt>
      <trkpt lat="30.718074" lon="-97.441767"></trkpt>
      <trkpt lat="30.717833" lon="-97.441795"></trkpt>
      <trkpt lat="30.717712" lon="-97.441810"></trkpt>
      <trkpt lat="30.717608" lon="-97.441822"></trkpt>
      <trkpt lat="30.717601" lon="-97.441750"></trkpt>
      <trkpt lat="30.717576" lon="-97.441456"></trkpt>
      <trkpt lat="30.717506" lon="-97.440651"></trkpt>
      <trkpt lat="30.717430" lon="-97.439874"></trkpt>
      <trkpt lat="30.717396" lon="-97.439526"></trkpt>
      <trkpt lat="30.717292" lon="-97.438377"></trkpt>
      <trkpt lat="30.717288" lon="-97.438330"></trkpt>
      <trkpt lat="30.717191" lon="-97.437240"></trkpt>
      <trkpt lat="30.717101" lon="-97.436223"></trkpt>
      <trkpt lat="30.717076" lon="-97.436020"></trkpt>
      <trkpt lat="30.717038" lon="-97.435564"></trkpt>
      <trkpt lat="30.717032" lon="-97.435313"></trkpt>
      <trkpt lat="30.717041" lon="-97.435173"></trkpt>
      <trkpt lat="30.717053" lon="-97.435002"></trkpt>
      <trkpt lat="30.717079" lon="-97.434761"></trkpt>
      <trkpt lat="30.717133" lon="-97.434470"></trkpt>
      <trkpt lat="30.717184" lon="-97.434236"></trkpt>
      <trkpt lat="30.717418" lon="-97.433489"></trkpt>
      <trkpt lat="30.717595" lon="-97.432926"></trkpt>
      <trkpt lat="30.718015" lon="-97.431633"></trkpt>
      <trkpt lat="30.718464" lon="-97.430286"></trkpt>
      <trkpt lat="30.718828" lon="-97.429161"></trkpt>
      <trkpt lat="30.719089" lon="-97.428362"></trkpt>
      <trkpt lat="30.719421" lon="-97.427381"></trkpt>
      <trkpt lat="30.719585" lon="-97.426857"></trkpt>
      <trkpt lat="30.719794" lon="-97.426182"></trkpt>
      <trkpt lat="30.720122" lon="-97.425161"></trkpt>
      <trkpt lat="30.720733" lon="-97.423215"></trkpt>
      <trkpt lat="30.721008" lon="-97.422359"></trkpt>
      <trkpt lat="30.721083" lon="-97.422127"></trkpt>
      <trkpt lat="30.721242" lon="-97.421639"></trkpt>
      <trkpt lat="30.721600" lon="-97.420535"></trkpt>
      <trkpt lat="30.721648" lon="-97.420390"></trkpt>
      <trkpt lat="30.721784" lon="-97.419978"></trkpt>
      <trkpt lat="30.722044" lon="-97.419188"></trkpt>
      <trkpt lat="30.722469" lon="-97.417878"></trkpt>
      <trkpt lat="30.722554" lon="-97.417616"></trkpt>
      <trkpt lat="30.723238" lon="-97.415541"></trkpt>
      <trkpt lat="30.723379" lon="-97.415104"></trkpt>
      <trkpt lat="30.723544" lon="-97.414599"></trkpt>
      <trkpt lat="30.723737" lon="-97.413948"></trkpt>
      <trkpt lat="30.725669" lon="-97.407820"></trkpt>
      <trkpt lat="30.726582" lon="-97.404939"></trkpt>
      <trkpt lat="30.726655" lon="-97.404660"></trkpt>
      <trkpt lat="30.726682" lon="-97.404555"></trkpt>
      <trkpt lat="30.726720" lon="-97.404389"></trkpt>
      <trkpt lat="30.726759" lon="-97.404102"></trkpt>
      <trkpt lat="30.726776" lon="-97.403919"></trkpt>
      <trkpt lat="30.726782" lon="-97.403813"></trkpt>
      <trkpt lat="30.726787" lon="-97.403522"></trkpt>
      <trkpt lat="30.726779" lon="-97.403324"></trkpt>
      <trkpt lat="30.726746" lon="-97.403027"></trkpt>
      <trkpt lat="30.726694" lon="-97.402734"></trkpt>
      <trkpt lat="30.726649" lon="-97.402532"></trkpt>
      <trkpt lat="30.726474" lon="-97.401838"></trkpt>
      <trkpt lat="30.726189" lon="-97.400643"></trkpt>
      <trkpt lat="30.725866" lon="-97.399354"></trkpt>
      <trkpt lat="30.725737" lon="-97.398891"></trkpt>
      <trkpt lat="30.724225" lon="-97.393790"></trkpt>
      <trkpt lat="30.723938" lon="-97.392843"></trkpt>
      <trkpt lat="30.723538" lon="-97.391521"></trkpt>
      <trkpt lat="30.723233" lon="-97.390525"></trkpt>
      <trkpt lat="30.722297" lon="-97.387467"></trkpt>
      <trkpt lat="30.721444" lon="-97.384682"></trkpt>
      <trkpt lat="30.721326" lon="-97.384227"></trkpt>
      <trkpt lat="30.721297" lon="-97.384062"></trkpt>
      <trkpt lat="30.721265" lon="-97.383813"></trkpt>
      <trkpt lat="30.721249" lon="-97.383495"></trkpt>
      <trkpt lat="30.721247" lon="-97.383308"></trkpt>
      <trkpt lat="30.721262" lon="-97.383058"></trkpt>
      <trkpt lat="30.721274" lon="-97.382954"></trkpt>
      <trkpt lat="30.721285" lon="-97.382859"></trkpt>
      <trkpt lat="30.721313" lon="-97.382699"></trkpt>
      <trkpt lat="30.721337" lon="-97.382566"></trkpt>
      <trkpt lat="30.721353" lon="-97.382502"></trkpt>
      <trkpt lat="30.721408" lon="-97.382276"></trkpt>
      <trkpt lat="30.722089" lon="-97.380108"></trkpt>
      <trkpt lat="30.722333" lon="-97.379334"></trkpt>
      <trkpt lat="30.724257" lon="-97.373207"></trkpt>
      <trkpt lat="30.724763" lon="-97.371615"></trkpt>
      <trkpt lat="30.725009" lon="-97.371026"></trkpt>
      <trkpt lat="30.725333" lon="-97.370447"></trkpt>
      <trkpt lat="30.726145" lon="-97.369274"></trkpt>
      <trkpt lat="30.728575" lon="-97.365649"></trkpt>
      <trkpt lat="30.729851" lon="-97.363746"></trkpt>
      <trkpt lat="30.730083" lon="-97.363397"></trkpt>
      <trkpt lat="30.730269" lon="-97.363117"></trkpt>
      <trkpt lat="30.730440" lon="-97.362859"></trkpt>
      <trkpt lat="30.733599" lon="-97.358150"></trkpt>
      <trkpt lat="30.734011" lon="-97.357515"></trkpt>
      <trkpt lat="30.734119" lon="-97.357325"></trkpt>
      <trkpt lat="30.734263" lon="-97.357037"></trkpt>
      <trkpt lat="30.734347" lon="-97.356839"></trkpt>
      <trkpt lat="30.734424" lon="-97.356608"></trkpt>
      <trkpt lat="30.734498" lon="-97.356322"></trkpt>
      <trkpt lat="30.734553" lon="-97.356047"></trkpt>
      <trkpt lat="30.734579" lon="-97.355853"></trkpt>
      <trkpt lat="30.734592" lon="-97.355634"></trkpt>
      <trkpt lat="30.734593" lon="-97.355390"></trkpt>
      <trkpt lat="30.734594" lon="-97.355244"></trkpt>
      <trkpt lat="30.734577" lon="-97.354951"></trkpt>
      <trkpt lat="30.734550" lon="-97.354731"></trkpt>
      <trkpt lat="30.734544" lon="-97.354679"></trkpt>
      <trkpt lat="30.734511" lon="-97.354493"></trkpt>
      <trkpt lat="30.734458" lon="-97.354289"></trkpt>
      <trkpt lat="30.734229" lon="-97.353509"></trkpt>
      <trkpt lat="30.734146" lon="-97.353229"></trkpt>
      <trkpt lat="30.733998" lon="-97.352725"></trkpt>
      <trkpt lat="30.733627" lon="-97.351461"></trkpt>
      <trkpt lat="30.732927" lon="-97.348988"></trkpt>
      <trkpt lat="30.732810" lon="-97.348576"></trkpt>
      <trkpt lat="30.732408" lon="-97.347187"></trkpt>
      <trkpt lat="30.732377" lon="-97.347081"></trkpt>
      <trkpt lat="30.731739" lon="-97.344902"></trkpt>
      <trkpt lat="30.731708" lon="-97.344790"></trkpt>
      <trkpt lat="30.731481" lon="-97.343978"></trkpt>
      <trkpt lat="30.730938" lon="-97.342149"></trkpt>
      <trkpt lat="30.730525" lon="-97.340699"></trkpt>
      <trkpt lat="30.730457" lon="-97.340463"></trkpt>
      <trkpt lat="30.730225" lon="-97.339640"></trkpt>
      <trkpt lat="30.730152" lon="-97.339398"></trkpt>
      <trkpt lat="30.729866" lon="-97.338400"></trkpt>
      <trkpt lat="30.729645" lon="-97.337630"></trkpt>
      <trkpt lat="30.729357" lon="-97.336657"></trkpt>
      <trkpt lat="30.729252" lon="-97.336293"></trkpt>
      <trkpt lat="30.728747" lon="-97.334539"></trkpt>
      <trkpt lat="30.728606" lon="-97.334138"></trkpt>
      <trkpt lat="30.728517" lon="-97.333932"></trkpt>
      <trkpt lat="30.728345" lon="-97.333595"></trkpt>
      <trkpt lat="30.728211" lon="-97.333380"></trkpt>
      <trkpt lat="30.727949" lon="-97.333011"></trkpt>
      <trkpt lat="30.727116" lon="-97.331820"></trkpt>
      <trkpt lat="30.725837" lon="-97.329990"></trkpt>
      <trkpt lat="30.725636" lon="-97.329702"></trkpt>
      <trkpt lat="30.725346" lon="-97.329287"></trkpt>
      <trkpt lat="30.724823" lon="-97.328526"></trkpt>
      <trkpt lat="30.723563" lon="-97.326729"></trkpt>
      <trkpt lat="30.722665" lon="-97.325426"></trkpt>
      <trkpt lat="30.722571" lon="-97.325283"></trkpt>
      <trkpt lat="30.722187" lon="-97.324741"></trkpt>
      <trkpt lat="30.721554" lon="-97.323827"></trkpt>
      <trkpt lat="30.721301" lon="-97.323459"></trkpt>
      <trkpt lat="30.720526" lon="-97.322356"></trkpt>
      <trkpt lat="30.720037" lon="-97.321638"></trkpt>
      <trkpt lat="30.719616" lon="-97.321028"></trkpt>
      <trkpt lat="30.718988" lon="-97.321337"></trkpt>
      <trkpt lat="30.718148" lon="-97.321749"></trkpt>
      <trkpt lat="30.717404" lon="-97.322128"></trkpt>
      <trkpt lat="30.701464" lon="-97.329894"></trkpt>
      <trkpt lat="30.701275" lon="-97.329986"></trkpt>
      <trkpt lat="30.685702" lon="-97.337570"></trkpt>
      <trkpt lat="30.685057" lon="-97.337870"></trkpt>
      <trkpt lat="30.684933" lon="-97.337932"></trkpt>
      <trkpt lat="30.684748" lon="-97.338039"></trkpt>
      <trkpt lat="30.684454" lon="-97.338249"></trkpt>
      <trkpt lat="30.682790" lon="-97.339721"></trkpt>
      <trkpt lat="30.682313" lon="-97.340146"></trkpt>
      <trkpt lat="30.682252" lon="-97.340200"></trkpt>
      <trkpt lat="30.681633" lon="-97.340751"></trkpt>
      <trkpt lat="30.681240" lon="-97.341092"></trkpt>
      <trkpt lat="30.680857" lon="-97.341426"></trkpt>
      <trkpt lat="30.680028" lon="-97.342208"></trkpt>
      <trkpt lat="30.679472" lon="-97.342553"></trkpt>
      <trkpt lat="30.679353" lon="-97.342605"></trkpt>
      <trkpt lat="30.679111" lon="-97.342684"></trkpt>
      <trkpt lat="30.678916" lon="-97.342720"></trkpt>
      <trkpt lat="30.678862" lon="-97.342730"></trkpt>
      <trkpt lat="30.678429" lon="-97.342755"></trkpt>
      <trkpt lat="30.676009" lon="-97.342377"></trkpt>
      <trkpt lat="30.675952" lon="-97.342571"></trkpt>
      <trkpt lat="30.674868" lon="-97.346216"></trkpt>
      <trkpt lat="30.673867" lon="-97.349577"></trkpt>
      <trkpt lat="30.673577" lon="-97.350550"></trkpt>
      <trkpt lat="30.673536" lon="-97.350717"></trkpt>
      <trkpt lat="30.673459" lon="-97.350962"></trkpt>
      <trkpt lat="30.673365" lon="-97.351199"></trkpt>
      <trkpt lat="30.673170" lon="-97.351555"></trkpt>
      <trkpt lat="30.673015" lon="-97.351813"></trkpt>
      <trkpt lat="30.671887" lon="-97.353393"></trkpt>
      <trkpt lat="30.671404" lon="-97.354054"></trkpt>
      <trkpt lat="30.671310" lon="-97.354183"></trkpt>
      <trkpt lat="30.669750" lon="-97.356313"></trkpt>
      <trkpt lat="30.669312" lon="-97.356925"></trkpt>
      <trkpt lat="30.668859" lon="-97.357557"></trkpt>
      <trkpt lat="30.668477" lon="-97.358070"></trkpt>
      <trkpt lat="30.668277" lon="-97.358357"></trkpt>
      <trkpt lat="30.667423" lon="-97.359529"></trkpt>
      <trkpt lat="30.666596" lon="-97.360665"></trkpt>
      <trkpt lat="30.666071" lon="-97.361386"></trkpt>
      <trkpt lat="30.665754" lon="-97.361810"></trkpt>
      <trkpt lat="30.664829" lon="-97.363046"></trkpt>
      <trkpt lat="30.664424" lon="-97.363673"></trkpt>
      <trkpt lat="30.664397" lon="-97.363731"></trkpt>
      <trkpt lat="30.664206" lon="-97.364132"></trkpt>
      <trkpt lat="30.664003" lon="-97.364557"></trkpt>
      <trkpt lat="30.663744" lon="-97.365047"></trkpt>
      <trkpt lat="30.663643" lon="-97.365251"></trkpt>
      <trkpt lat="30.663607" lon="-97.365323"></trkpt>
      <trkpt lat="30.663188" lon="-97.366145"></trkpt>
      <trkpt lat="30.663004" lon="-97.366506"></trkpt>
      <trkpt lat="30.662711" lon="-97.367058"></trkpt>
      <trkpt lat="30.662431" lon="-97.367570"></trkpt>
      <trkpt lat="30.662247" lon="-97.367885"></trkpt>
      <trkpt lat="30.661886" lon="-97.368511"></trkpt>
      <trkpt lat="30.661672" lon="-97.368882"></trkpt>
      <trkpt lat="30.660698" lon="-97.370551"></trkpt>
      <trkpt lat="30.660578" lon="-97.370756"></trkpt>
      <trkpt lat="30.660057" lon="-97.371644"></trkpt>
      <trkpt lat="30.655353" lon="-97.379667"></trkpt>
      <trkpt lat="30.655049" lon="-97.380194"></trkpt>
      <trkpt lat="30.654649" lon="-97.380887"></trkpt>
      <trkpt lat="30.654542" lon="-97.381094"></trkpt>
      <trkpt lat="30.654484" lon="-97.381228"></trkpt>
      <trkpt lat="30.654431" lon="-97.381372"></trkpt>
      <trkpt lat="30.654386" lon="-97.381520"></trkpt>
      <trkpt lat="30.654349" lon="-97.381670"></trkpt>
      <trkpt lat="30.653791" lon="-97.383455"></trkpt>
      <trkpt lat="30.653787" lon="-97.383468"></trkpt>
      <trkpt lat="30.653378" lon="-97.384776"></trkpt>
      <trkpt lat="30.653271" lon="-97.385118"></trkpt>
      <trkpt lat="30.653233" lon="-97.385237"></trkpt>
      <trkpt lat="30.652996" lon="-97.385988"></trkpt>
      <trkpt lat="30.652917" lon="-97.386241"></trkpt>
      <trkpt lat="30.651044" lon="-97.392136"></trkpt>
      <trkpt lat="30.650952" lon="-97.392440"></trkpt>
      <trkpt lat="30.650893" lon="-97.392695"></trkpt>
      <trkpt lat="30.650848" lon="-97.392953"></trkpt>
      <trkpt lat="30.650819" lon="-97.393207"></trkpt>
      <trkpt lat="30.650787" lon="-97.393701"></trkpt>
      <trkpt lat="30.650736" lon="-97.394213"></trkpt>
      <trkpt lat="30.650698" lon="-97.394446"></trkpt>
      <trkpt lat="30.650642" lon="-97.394675"></trkpt>
      <trkpt lat="30.649869" lon="-97.397196"></trkpt>
      <trkpt lat="30.649644" lon="-97.397930"></trkpt>
      <trkpt lat="30.648892" lon="-97.400358"></trkpt>
      <trkpt lat="30.648792" lon="-97.400657"></trkpt>
      <trkpt lat="30.648695" lon="-97.400889"></trkpt>
      <trkpt lat="30.648582" lon="-97.401110"></trkpt>
      <trkpt lat="30.648451" lon="-97.401324"></trkpt>
      <trkpt lat="30.646803" lon="-97.403674"></trkpt>
      <trkpt lat="30.645773" lon="-97.405076"></trkpt>
      <trkpt lat="30.644359" lon="-97.407005"></trkpt>
      <trkpt lat="30.644210" lon="-97.407182"></trkpt>
      <trkpt lat="30.644051" lon="-97.407344"></trkpt>
      <trkpt lat="30.643879" lon="-97.407491"></trkpt>
      <trkpt lat="30.643699" lon="-97.407621"></trkpt>
      <trkpt lat="30.643159" lon="-97.407947"></trkpt>
      <trkpt lat="30.642048" lon="-97.408609"></trkpt>
      <trkpt lat="30.641855" lon="-97.408753"></trkpt>
      <trkpt lat="30.641672" lon="-97.408913"></trkpt>
      <trkpt lat="30.641499" lon="-97.409089"></trkpt>
      <trkpt lat="30.641410" lon="-97.409193"></trkpt>
      <trkpt lat="30.641337" lon="-97.409278"></trkpt>
      <trkpt lat="30.641183" lon="-97.409486"></trkpt>
      <trkpt lat="30.641041" lon="-97.409709"></trkpt>
      <trkpt lat="30.640914" lon="-97.409945"></trkpt>
      <trkpt lat="30.640802" lon="-97.410190"></trkpt>
      <trkpt lat="30.640707" lon="-97.410445"></trkpt>
      <trkpt lat="30.640607" lon="-97.410783"></trkpt>
      <trkpt lat="30.639711" lon="-97.413973"></trkpt>
      <trkpt lat="30.638525" lon="-97.418255"></trkpt>
      <trkpt lat="30.638453" lon="-97.418564"></trkpt>
      <trkpt lat="30.638396" lon="-97.418876"></trkpt>
      <trkpt lat="30.638391" lon="-97.419148"></trkpt>
      <trkpt lat="30.638400" lon="-97.419284"></trkpt>
      <trkpt lat="30.638416" lon="-97.419419"></trkpt>
      <trkpt lat="30.638440" lon="-97.419553"></trkpt>
      <trkpt lat="30.638471" lon="-97.419684"></trkpt>
      <trkpt lat="30.638509" lon="-97.419813"></trkpt>
      <trkpt lat="30.638554" lon="-97.419939"></trkpt>
      <trkpt lat="30.638607" lon="-97.420061"></trkpt>
      <trkpt lat="30.638665" lon="-97.420179"></trkpt>
      <trkpt lat="30.638731" lon="-97.420292"></trkpt>
      <trkpt lat="30.639040" lon="-97.420899"></trkpt>
      <trkpt lat="30.639061" lon="-97.420963"></trkpt>
      <trkpt lat="30.639145" lon="-97.421216"></trkpt>
      <trkpt lat="30.639196" lon="-97.421413"></trkpt>
      <trkpt lat="30.639220" lon="-97.421548"></trkpt>
      <trkpt lat="30.639237" lon="-97.421684"></trkpt>
      <trkpt lat="30.639244" lon="-97.421822"></trkpt>
      <trkpt lat="30.639244" lon="-97.421960"></trkpt>
      <trkpt lat="30.639236" lon="-97.422098"></trkpt>
      <trkpt lat="30.639225" lon="-97.422191"></trkpt>
      <trkpt lat="30.639222" lon="-97.422214"></trkpt>
      <trkpt lat="30.639195" lon="-97.422368"></trkpt>
      <trkpt lat="30.639162" lon="-97.422501"></trkpt>
      <trkpt lat="30.638488" lon="-97.424671"></trkpt>
      <trkpt lat="30.638173" lon="-97.425689"></trkpt>
      <trkpt lat="30.638005" lon="-97.426229"></trkpt>
      <trkpt lat="30.637220" lon="-97.428754"></trkpt>
      <trkpt lat="30.637120" lon="-97.429077"></trkpt>
      <trkpt lat="30.637025" lon="-97.429374"></trkpt>
      <trkpt lat="30.636805" lon="-97.430051"></trkpt>
      <trkpt lat="30.636593" lon="-97.430768"></trkpt>
      <trkpt lat="30.636424" lon="-97.431294"></trkpt>
      <trkpt lat="30.635950" lon="-97.432801"></trkpt>
      <trkpt lat="30.635622" lon="-97.433842"></trkpt>
      <trkpt lat="30.635434" lon="-97.434420"></trkpt>
      <trkpt lat="30.635315" lon="-97.434775"></trkpt>
      <trkpt lat="30.635211" lon="-97.435130"></trkpt>
      <trkpt lat="30.634977" lon="-97.435927"></trkpt>
      <trkpt lat="30.633870" lon="-97.435593"></trkpt>
      <trkpt lat="30.633740" lon="-97.435563"></trkpt>
      <trkpt lat="30.633634" lon="-97.435539"></trkpt>
      <trkpt lat="30.633109" lon="-97.435465"></trkpt>
      <trkpt lat="30.632333" lon="-97.435336"></trkpt>
      <trkpt lat="30.632230" lon="-97.435315"></trkpt>
      <trkpt lat="30.631706" lon="-97.435209"></trkpt>
      <trkpt lat="30.631623" lon="-97.435199"></trkpt>
      <trkpt lat="30.631498" lon="-97.435199"></trkpt>
      <trkpt lat="30.631416" lon="-97.435210"></trkpt>
      <trkpt lat="30.631334" lon="-97.435229"></trkpt>
      <trkpt lat="30.631254" lon="-97.435256"></trkpt>
      <trkpt lat="30.631177" lon="-97.435291"></trkpt>
      <trkpt lat="30.631103" lon="-97.435334"></trkpt>
      <trkpt lat="30.630449" lon="-97.435810"></trkpt>
      <trkpt lat="30.630358" lon="-97.435872"></trkpt>
      <trkpt lat="30.630261" lon="-97.435927"></trkpt>
      <trkpt lat="30.630161" lon="-97.435972"></trkpt>
      <trkpt lat="30.630078" lon="-97.436001"></trkpt>
      <trkpt lat="30.630057" lon="-97.436008"></trkpt>
      <trkpt lat="30.629952" lon="-97.436036"></trkpt>
      <trkpt lat="30.629846" lon="-97.436055"></trkpt>
      <trkpt lat="30.629739" lon="-97.436065"></trkpt>
      <trkpt lat="30.629631" lon="-97.436065"></trkpt>
      <trkpt lat="30.629524" lon="-97.436056"></trkpt>
      <trkpt lat="30.629417" lon="-97.436039"></trkpt>
      <trkpt lat="30.629193" lon="-97.435982"></trkpt>
      <trkpt lat="30.628943" lon="-97.435898"></trkpt>
      <trkpt lat="30.628546" lon="-97.435730"></trkpt>
      <trkpt lat="30.627028" lon="-97.435074"></trkpt>
      <trkpt lat="30.624546" lon="-97.434019"></trkpt>
      <trkpt lat="30.624225" lon="-97.433863"></trkpt>
      <trkpt lat="30.623910" lon="-97.433685"></trkpt>
      <trkpt lat="30.622722" lon="-97.432907"></trkpt>
      <trkpt lat="30.622629" lon="-97.432849"></trkpt>
      <trkpt lat="30.621439" lon="-97.432097"></trkpt>
      <trkpt lat="30.621390" lon="-97.432066"></trkpt>
      <trkpt lat="30.619089" lon="-97.430594"></trkpt>
      <trkpt lat="30.618843" lon="-97.430437"></trkpt>
      <trkpt lat="30.618723" lon="-97.430358"></trkpt>
      <trkpt lat="30.618210" lon="-97.430021"></trkpt>
      <trkpt lat="30.617720" lon="-97.429698"></trkpt>
      <trkpt lat="30.616065" lon="-97.428627"></trkpt>
      <trkpt lat="30.615401" lon="-97.428197"></trkpt>
      <trkpt lat="30.614109" lon="-97.427385"></trkpt>
      <trkpt lat="30.614399" lon="-97.426319"></trkpt>
      <trkpt lat="30.614599" lon="-97.425449"></trkpt>
      <trkpt lat="30.614759" lon="-97.424749"></trkpt>
      <trkpt lat="30.614882" lon="-97.424281"></trkpt>
      <trkpt lat="30.615013" lon="-97.423798"></trkpt>
      <trkpt lat="30.615335" lon="-97.422729"></trkpt>
      <trkpt lat="30.614099" lon="-97.422212"></trkpt>
      <trkpt lat="30.612749" lon="-97.421642"></trkpt>
      <trkpt lat="30.612409" lon="-97.421496"></trkpt>
      <trkpt lat="30.612169" lon="-97.421398"></trkpt>
      <trkpt lat="30.611459" lon="-97.421100"></trkpt>
      <trkpt lat="30.610772" lon="-97.420803"></trkpt>
      <trkpt lat="30.609455" lon="-97.420243"></trkpt>
      <trkpt lat="30.608669" lon="-97.419913"></trkpt>
      <trkpt lat="30.607625" lon="-97.419494"></trkpt>
      <trkpt lat="30.607362" lon="-97.419380"></trkpt>
      <trkpt lat="30.607048" lon="-97.419247"></trkpt>
      <trkpt lat="30.606969" lon="-97.419213"></trkpt>
      <trkpt lat="30.606149" lon="-97.418857"></trkpt>
      <trkpt lat="30.605704" lon="-97.418663"></trkpt>
      <trkpt lat="30.605441" lon="-97.418549"></trkpt>
      <trkpt lat="30.605374" lon="-97.418520"></trkpt>
      <trkpt lat="30.605174" lon="-97.418435"></trkpt>
      <trkpt lat="30.605168" lon="-97.418432"></trkpt>
      <trkpt lat="30.604426" lon="-97.418115"></trkpt>
      <trkpt lat="30.603384" lon="-97.417670"></trkpt>
      <trkpt lat="30.603263" lon="-97.417618"></trkpt>
      <trkpt lat="30.602985" lon="-97.417499"></trkpt>
      <trkpt lat="30.602787" lon="-97.417415"></trkpt>
      <trkpt lat="30.602563" lon="-97.417319"></trkpt>
      <trkpt lat="30.602400" lon="-97.417249"></trkpt>
      <trkpt lat="30.601839" lon="-97.417012"></trkpt>
      <trkpt lat="30.601276" lon="-97.416772"></trkpt>
      <trkpt lat="30.601141" lon="-97.416718"></trkpt>
      <trkpt lat="30.600369" lon="-97.416391"></trkpt>
      <trkpt lat="30.599927" lon="-97.416212"></trkpt>
      <trkpt lat="30.599892" lon="-97.416198"></trkpt>
      <trkpt lat="30.599471" lon="-97.416015"></trkpt>
      <trkpt lat="30.598720" lon="-97.415687"></trkpt>
      <trkpt lat="30.598225" lon="-97.415477"></trkpt>
      <trkpt lat="30.597849" lon="-97.415317"></trkpt>
      <trkpt lat="30.597719" lon="-97.415262"></trkpt>
      <trkpt lat="30.597551" lon="-97.415190"></trkpt>
      <trkpt lat="30.597378" lon="-97.415117"></trkpt>
      <trkpt lat="30.596555" lon="-97.414766"></trkpt>
      <trkpt lat="30.596499" lon="-97.414743"></trkpt>
      <trkpt lat="30.595386" lon="-97.414271"></trkpt>
      <trkpt lat="30.594992" lon="-97.414108"></trkpt>
      <trkpt lat="30.594850" lon="-97.414049"></trkpt>
      <trkpt lat="30.593899" lon="-97.413666"></trkpt>
      <trkpt lat="30.593820" lon="-97.413630"></trkpt>
      <trkpt lat="30.593255" lon="-97.413389"></trkpt>
      <trkpt lat="30.592905" lon="-97.413245"></trkpt>
      <trkpt lat="30.592712" lon="-97.413165"></trkpt>
      <trkpt lat="30.592625" lon="-97.413129"></trkpt>
      <trkpt lat="30.591843" lon="-97.412798"></trkpt>
      <trkpt lat="30.591300" lon="-97.412567"></trkpt>
      <trkpt lat="30.591044" lon="-97.412474"></trkpt>
      <trkpt lat="30.590852" lon="-97.412404"></trkpt>
      <trkpt lat="30.590405" lon="-97.412257"></trkpt>
      <trkpt lat="30.590285" lon="-97.412219"></trkpt>
      <trkpt lat="30.590204" lon="-97.412192"></trkpt>
      <trkpt lat="30.590004" lon="-97.412142"></trkpt>
      <trkpt lat="30.589631" lon="-97.412034"></trkpt>
      <trkpt lat="30.589562" lon="-97.412020"></trkpt>
      <trkpt lat="30.589439" lon="-97.411989"></trkpt>
      <trkpt lat="30.588968" lon="-97.411883"></trkpt>
      <trkpt lat="30.588718" lon="-97.411843"></trkpt>
      <trkpt lat="30.588222" lon="-97.411763"></trkpt>
      <trkpt lat="30.587624" lon="-97.411673"></trkpt>
      <trkpt lat="30.587512" lon="-97.411661"></trkpt>
      <trkpt lat="30.587321" lon="-97.411639"></trkpt>
      <trkpt lat="30.587174" lon="-97.411620"></trkpt>
      <trkpt lat="30.587033" lon="-97.411600"></trkpt>
      <trkpt lat="30.586822" lon="-97.411570"></trkpt>
      <trkpt lat="30.586709" lon="-97.411554"></trkpt>
      <trkpt lat="30.586591" lon="-97.411537"></trkpt>
      <trkpt lat="30.586365" lon="-97.411510"></trkpt>
      <trkpt lat="30.586254" lon="-97.411498"></trkpt>
      <trkpt lat="30.586179" lon="-97.411486"></trkpt>
      <trkpt lat="30.585858" lon="-97.411442"></trkpt>
      <trkpt lat="30.585639" lon="-97.411421"></trkpt>
      <trkpt lat="30.585561" lon="-97.411411"></trkpt>
      <trkpt lat="30.585197" lon="-97.411362"></trkpt>
      <trkpt lat="30.585113" lon="-97.411351"></trkpt>
      <trkpt lat="30.585020" lon="-97.411339"></trkpt>
      <trkpt lat="30.584857" lon="-97.411316"></trkpt>
      <trkpt lat="30.584734" lon="-97.411297"></trkpt>
      <trkpt lat="30.584642" lon="-97.411284"></trkpt>
      <trkpt lat="30.584583" lon="-97.411275"></trkpt>
      <trkpt lat="30.584428" lon="-97.411260"></trkpt>
      <trkpt lat="30.584332" lon="-97.411247"></trkpt>
      <trkpt lat="30.584224" lon="-97.411235"></trkpt>
      <trkpt lat="30.583982" lon="-97.411202"></trkpt>
      <trkpt lat="30.583875" lon="-97.411185"></trkpt>
      <trkpt lat="30.583782" lon="-97.411174"></trkpt>
      <trkpt lat="30.583639" lon="-97.411158"></trkpt>
      <trkpt lat="30.583284" lon="-97.411107"></trkpt>
      <trkpt lat="30.583177" lon="-97.411095"></trkpt>
      <trkpt lat="30.582823" lon="-97.411055"></trkpt>
      <trkpt lat="30.582474" lon="-97.411010"></trkpt>
      <trkpt lat="30.582395" lon="-97.410994"></trkpt>
      <trkpt lat="30.581534" lon="-97.410887"></trkpt>
      <trkpt lat="30.581255" lon="-97.410852"></trkpt>
      <trkpt lat="30.581041" lon="-97.410825"></trkpt>
      <trkpt lat="30.580777" lon="-97.410791"></trkpt>
      <trkpt lat="30.580553" lon="-97.410763"></trkpt>
      <trkpt lat="30.580477" lon="-97.410757"></trkpt>
      <trkpt lat="30.580219" lon="-97.410723"></trkpt>
      <trkpt lat="30.580137" lon="-97.410712"></trkpt>
      <trkpt lat="30.579994" lon="-97.410689"></trkpt>
      <trkpt lat="30.579928" lon="-97.410679"></trkpt>
      <trkpt lat="30.579828" lon="-97.410667"></trkpt>
      <trkpt lat="30.579698" lon="-97.410651"></trkpt>
      <trkpt lat="30.579656" lon="-97.410646"></trkpt>
      <trkpt lat="30.579535" lon="-97.410634"></trkpt>
      <trkpt lat="30.579180" lon="-97.410590"></trkpt>
      <trkpt lat="30.578157" lon="-97.410476"></trkpt>
      <trkpt lat="30.577976" lon="-97.410455"></trkpt>
      <trkpt lat="30.577960" lon="-97.410453"></trkpt>
      <trkpt lat="30.577638" lon="-97.410420"></trkpt>
      <trkpt lat="30.577103" lon="-97.410365"></trkpt>
      <trkpt lat="30.577045" lon="-97.410359"></trkpt>
      <trkpt lat="30.576201" lon="-97.410271"></trkpt>
      <trkpt lat="30.575679" lon="-97.410213"></trkpt>
      <trkpt lat="30.575612" lon="-97.410206"></trkpt>
      <trkpt lat="30.575448" lon="-97.410188"></trkpt>
      <trkpt lat="30.575302" lon="-97.410169"></trkpt>
      <trkpt lat="30.574393" lon="-97.410073"></trkpt>
      <trkpt lat="30.574054" lon="-97.410042"></trkpt>
      <trkpt lat="30.573681" lon="-97.410007"></trkpt>
      <trkpt lat="30.573596" lon="-97.409999"></trkpt>
      <trkpt lat="30.573498" lon="-97.409990"></trkpt>
      <trkpt lat="30.573408" lon="-97.409982"></trkpt>
      <trkpt lat="30.572560" lon="-97.409906"></trkpt>
      <trkpt lat="30.571691" lon="-97.409809"></trkpt>
      <trkpt lat="30.571598" lon="-97.409798"></trkpt>
      <trkpt lat="30.571504" lon="-97.409788"></trkpt>
      <trkpt lat="30.570739" lon="-97.409708"></trkpt>
      <trkpt lat="30.570642" lon="-97.409697"></trkpt>
      <trkpt lat="30.570652" lon="-97.409568"></trkpt>
      <trkpt lat="30.570658" lon="-97.409488"></trkpt>
      <trkpt lat="30.570689" lon="-97.409125"></trkpt>
      <trkpt lat="30.570593" lon="-97.409116"></trkpt>
      <trkpt lat="30.570541" lon="-97.409110"></trkpt>
      <trkpt lat="30.570420" lon="-97.409096"></trkpt>
      <trkpt lat="30.569996" lon="-97.409047"></trkpt>
      <trkpt lat="30.569814" lon="-97.409026"></trkpt>
      <trkpt lat="30.569731" lon="-97.409015"></trkpt>
      <trkpt lat="30.569691" lon="-97.409478"></trkpt>
      <trkpt lat="30.569681" lon="-97.409593"></trkpt>
      <trkpt lat="30.569624" lon="-97.409589"></trkpt>
      <trkpt lat="30.569198" lon="-97.409546"></trkpt>
      <trkpt lat="30.568829" lon="-97.409503"></trkpt>
      <trkpt lat="30.568692" lon="-97.409487"></trkpt>
      <trkpt lat="30.568575" lon="-97.409475"></trkpt>
      <trkpt lat="30.567999" lon="-97.409415"></trkpt>
      <trkpt lat="30.565343" lon="-97.409125"></trkpt>
      <trkpt lat="30.564718" lon="-97.409054"></trkpt>
      <trkpt lat="30.564632" lon="-97.409045"></trkpt>
      <trkpt lat="30.564174" lon="-97.408996"></trkpt>
      <trkpt lat="30.563809" lon="-97.408957"></trkpt>
      <trkpt lat="30.563749" lon="-97.408950"></trkpt>
      <trkpt lat="30.563126" lon="-97.408880"></trkpt>
      <trkpt lat="30.562901" lon="-97.408854"></trkpt>
      <trkpt lat="30.562367" lon="-97.408799"></trkpt>
      <trkpt lat="30.560840" lon="-97.408627"></trkpt>
      <trkpt lat="30.560392" lon="-97.408580"></trkpt>
      <trkpt lat="30.559624" lon="-97.408497"></trkpt>
      <trkpt lat="30.558605" lon="-97.408387"></trkpt>
      <trkpt lat="30.557944" lon="-97.408309"></trkpt>
      <trkpt lat="30.557799" lon="-97.408292"></trkpt>
      <trkpt lat="30.557197" lon="-97.408226"></trkpt>
      <trkpt lat="30.556873" lon="-97.408190"></trkpt>
      <trkpt lat="30.556388" lon="-97.408137"></trkpt>
      <trkpt lat="30.556021" lon="-97.408097"></trkpt>
      <trkpt lat="30.555863" lon="-97.408082"></trkpt>
      <trkpt lat="30.555552" lon="-97.408048"></trkpt>
      <trkpt lat="30.555219" lon="-97.408012"></trkpt>
      <trkpt lat="30.554660" lon="-97.407951"></trkpt>
      <trkpt lat="30.554295" lon="-97.407911"></trkpt>
      <trkpt lat="30.553896" lon="-97.407884"></trkpt>
      <trkpt lat="30.553316" lon="-97.407880"></trkpt>
      <trkpt lat="30.553120" lon="-97.407895"></trkpt>
      <trkpt lat="30.552836" lon="-97.407934"></trkpt>
      <trkpt lat="30.552590" lon="-97.407985"></trkpt>
      <trkpt lat="30.552524" lon="-97.407999"></trkpt>
      <trkpt lat="30.552327" lon="-97.408061"></trkpt>
      <trkpt lat="30.552066" lon="-97.408142"></trkpt>
      <trkpt lat="30.551751" lon="-97.408265"></trkpt>
      <trkpt lat="30.551391" lon="-97.408430"></trkpt>
      <trkpt lat="30.551269" lon="-97.408480"></trkpt>
      <trkpt lat="30.551090" lon="-97.408554"></trkpt>
      <trkpt lat="30.550921" lon="-97.408614"></trkpt>
      <trkpt lat="30.550785" lon="-97.408662"></trkpt>
      <trkpt lat="30.550474" lon="-97.408747"></trkpt>
      <trkpt lat="30.550145" lon="-97.408820"></trkpt>
      <trkpt lat="30.549819" lon="-97.408864"></trkpt>
      <trkpt lat="30.549491" lon="-97.408888"></trkpt>
      <trkpt lat="30.549215" lon="-97.408894"></trkpt>
      <trkpt lat="30.548949" lon="-97.408893"></trkpt>
      <trkpt lat="30.548684" lon="-97.408871"></trkpt>
      <trkpt lat="30.548420" lon="-97.408830"></trkpt>
      <trkpt lat="30.547996" lon="-97.408730"></trkpt>
      <trkpt lat="30.547739" lon="-97.408652"></trkpt>
      <trkpt lat="30.547481" lon="-97.408565"></trkpt>
      <trkpt lat="30.547163" lon="-97.408434"></trkpt>
      <trkpt lat="30.546901" lon="-97.408301"></trkpt>
      <trkpt lat="30.546693" lon="-97.408183"></trkpt>
      <trkpt lat="30.546572" lon="-97.408114"></trkpt>
      <trkpt lat="30.546252" lon="-97.407905"></trkpt>
      <trkpt lat="30.545587" lon="-97.407447"></trkpt>
      <trkpt lat="30.543334" lon="-97.405947"></trkpt>
      <trkpt lat="30.543269" lon="-97.405904"></trkpt>
      <trkpt lat="30.542636" lon="-97.405467"></trkpt>
      <trkpt lat="30.542585" lon="-97.405432"></trkpt>
      <trkpt lat="30.542341" lon="-97.405271"></trkpt>
      <trkpt lat="30.542249" lon="-97.405210"></trkpt>
      <trkpt lat="30.541974" lon="-97.405030"></trkpt>
      <trkpt lat="30.541576" lon="-97.404767"></trkpt>
      <trkpt lat="30.541260" lon="-97.404559"></trkpt>
      <trkpt lat="30.541243" lon="-97.404550"></trkpt>
      <trkpt lat="30.541003" lon="-97.404415"></trkpt>
      <trkpt lat="30.540740" lon="-97.404288"></trkpt>
      <trkpt lat="30.540471" lon="-97.404177"></trkpt>
      <trkpt lat="30.540197" lon="-97.404086"></trkpt>
      <trkpt lat="30.539930" lon="-97.404023"></trkpt>
      <trkpt lat="30.539528" lon="-97.403946"></trkpt>
      <trkpt lat="30.539343" lon="-97.403920"></trkpt>
      <trkpt lat="30.539123" lon="-97.403889"></trkpt>
      <trkpt lat="30.538463" lon="-97.403834"></trkpt>
      <trkpt lat="30.537874" lon="-97.403785"></trkpt>
      <trkpt lat="30.537418" lon="-97.403744"></trkpt>
      <trkpt lat="30.537201" lon="-97.403724"></trkpt>
      <trkpt lat="30.536967" lon="-97.403703"></trkpt>
      <trkpt lat="30.536288" lon="-97.403641"></trkpt>
      <trkpt lat="30.535682" lon="-97.403580"></trkpt>
      <trkpt lat="30.531257" lon="-97.403170"></trkpt>
      <trkpt lat="30.530766" lon="-97.403130"></trkpt>
      <trkpt lat="30.530272" lon="-97.403074"></trkpt>
      <trkpt lat="30.529781" lon="-97.402992"></trkpt>
      <trkpt lat="30.529407" lon="-97.402909"></trkpt>
      <trkpt lat="30.529196" lon="-97.402849"></trkpt>
      <trkpt lat="30.529037" lon="-97.402803"></trkpt>
      <trkpt lat="30.528672" lon="-97.402677"></trkpt>
      <trkpt lat="30.528346" lon="-97.402547"></trkpt>
      <trkpt lat="30.525711" lon="-97.401454"></trkpt>
      <trkpt lat="30.524850" lon="-97.401096"></trkpt>
      <trkpt lat="30.518523" lon="-97.398465"></trkpt>
      <trkpt lat="30.516352" lon="-97.397562"></trkpt>
      <trkpt lat="30.516175" lon="-97.397489"></trkpt>
      <trkpt lat="30.515841" lon="-97.397369"></trkpt>
      <trkpt lat="30.515581" lon="-97.397300"></trkpt>
      <trkpt lat="30.515348" lon="-97.397232"></trkpt>
      <trkpt lat="30.515210" lon="-97.397208"></trkpt>
      <trkpt lat="30.515108" lon="-97.397189"></trkpt>
      <trkpt lat="30.514805" lon="-97.397150"></trkpt>
      <trkpt lat="30.514499" lon="-97.397130"></trkpt>
      <trkpt lat="30.514193" lon="-97.397131"></trkpt>
      <trkpt lat="30.513988" lon="-97.397143"></trkpt>
      <trkpt lat="30.513877" lon="-97.397154"></trkpt>
      <trkpt lat="30.512429" lon="-97.397376"></trkpt>
      <trkpt lat="30.510697" lon="-97.397646"></trkpt>
      <trkpt lat="30.509669" lon="-97.397809"></trkpt>
      <trkpt lat="30.509635" lon="-97.397814"></trkpt>
      <trkpt lat="30.509505" lon="-97.397837"></trkpt>
      <trkpt lat="30.507296" lon="-97.398222"></trkpt>
      <trkpt lat="30.504168" lon="-97.398766"></trkpt>
      <trkpt lat="30.502490" lon="-97.399067"></trkpt>
      <trkpt lat="30.501310" lon="-97.399278"></trkpt>
      <trkpt lat="30.500519" lon="-97.399420"></trkpt>
      <trkpt lat="30.500127" lon="-97.399490"></trkpt>
      <trkpt lat="30.494049" lon="-97.400570"></trkpt>
      <trkpt lat="30.490879" lon="-97.401142"></trkpt>
      <trkpt lat="30.490459" lon="-97.401231"></trkpt>
      <trkpt lat="30.489997" lon="-97.401352"></trkpt>
      <trkpt lat="30.488792" lon="-97.401727"></trkpt>
      <trkpt lat="30.487549" lon="-97.402105"></trkpt>
      <trkpt lat="30.486685" lon="-97.402373"></trkpt>
      <trkpt lat="30.486234" lon="-97.402512"></trkpt>
      <trkpt lat="30.485850" lon="-97.402598"></trkpt>
      <trkpt lat="30.485334" lon="-97.402696"></trkpt>
      <trkpt lat="30.485178" lon="-97.402726"></trkpt>
      <trkpt lat="30.481903" lon="-97.403327"></trkpt>
      <trkpt lat="30.476579" lon="-97.404308"></trkpt>
      <trkpt lat="30.476253" lon="-97.404358"></trkpt>
      <trkpt lat="30.475870" lon="-97.404397"></trkpt>
      <trkpt lat="30.475486" lon="-97.404418"></trkpt>
      <trkpt lat="30.475075" lon="-97.404418"></trkpt>
      <trkpt lat="30.474978" lon="-97.404412"></trkpt>
      <trkpt lat="30.474737" lon="-97.404396"></trkpt>
      <trkpt lat="30.474712" lon="-97.404531"></trkpt>
      <trkpt lat="30.474679" lon="-97.404681"></trkpt>
      <trkpt lat="30.474582" lon="-97.405164"></trkpt>
      <trkpt lat="30.474355" lon="-97.406168"></trkpt>
      <trkpt lat="30.474026" lon="-97.407565"></trkpt>
      <trkpt lat="30.473364" lon="-97.410430"></trkpt>
      <trkpt lat="30.473073" lon="-97.411493"></trkpt>
      <trkpt lat="30.472994" lon="-97.412000"></trkpt>
      <trkpt lat="30.472967" lon="-97.412278"></trkpt>
      <trkpt lat="30.472966" lon="-97.412556"></trkpt>
      <trkpt lat="30.472966" lon="-97.412753"></trkpt>
      <trkpt lat="30.473125" lon="-97.413774"></trkpt>
      <trkpt lat="30.473130" lon="-97.413810"></trkpt>
      <trkpt lat="30.473443" lon="-97.416200"></trkpt>
      <trkpt lat="30.473536" lon="-97.417572"></trkpt>
      <trkpt lat="30.473565" lon="-97.418037"></trkpt>
      <trkpt lat="30.473595" lon="-97.418506"></trkpt>
      <trkpt lat="30.473681" lon="-97.419889"></trkpt>
      <trkpt lat="30.473748" lon="-97.420620"></trkpt>
      <trkpt lat="30.473923" lon="-97.421724"></trkpt>
      <trkpt lat="30.474121" lon="-97.422985"></trkpt>
      <trkpt lat="30.474255" lon="-97.423459"></trkpt>
      <trkpt lat="30.474419" lon="-97.423926"></trkpt>
      <trkpt lat="30.474874" lon="-97.424850"></trkpt>
      <trkpt lat="30.475143" lon="-97.425397"></trkpt>
      <trkpt lat="30.475572" lon="-97.426288"></trkpt>
      <trkpt lat="30.475752" lon="-97.426722"></trkpt>
      <trkpt lat="30.475820" lon="-97.426937"></trkpt>
      <trkpt lat="30.476080" lon="-97.427768"></trkpt>
      <trkpt lat="30.476280" lon="-97.428514"></trkpt>
      <trkpt lat="30.476413" lon="-97.429283"></trkpt>
      <trkpt lat="30.476526" lon="-97.430375"></trkpt>
      <trkpt lat="30.476651" lon="-97.431751"></trkpt>
      <trkpt lat="30.476651" lon="-97.431806"></trkpt>
      <trkpt lat="30.476650" lon="-97.431896"></trkpt>
      <trkpt lat="30.476648" lon="-97.432159"></trkpt>
      <trkpt lat="30.476574" lon="-97.433432"></trkpt>
      <trkpt lat="30.476388" lon="-97.434952"></trkpt>
      <trkpt lat="30.476324" lon="-97.435477"></trkpt>
      <trkpt lat="30.476323" lon="-97.435482"></trkpt>
      <trkpt lat="30.476306" lon="-97.435958"></trkpt>
      <trkpt lat="30.476353" lon="-97.437983"></trkpt>
      <trkpt lat="30.476364" lon="-97.438330"></trkpt>
      <trkpt lat="30.476393" lon="-97.439221"></trkpt>
      <trkpt lat="30.476546" lon="-97.440423"></trkpt>
      <trkpt lat="30.476933" lon="-97.442894"></trkpt>
      <trkpt lat="30.477107" lon="-97.444016"></trkpt>
      <trkpt lat="30.477145" lon="-97.444259"></trkpt>
      <trkpt lat="30.477378" lon="-97.445744"></trkpt>
      <trkpt lat="30.477689" lon="-97.447802"></trkpt>
      <trkpt lat="30.477708" lon="-97.447916"></trkpt>
      <trkpt lat="30.477818" lon="-97.448561"></trkpt>
      <trkpt lat="30.478204" lon="-97.450390"></trkpt>
      <trkpt lat="30.479001" lon="-97.453666"></trkpt>
      <trkpt lat="30.479176" lon="-97.454309"></trkpt>
      <trkpt lat="30.479198" lon="-97.454471"></trkpt>
      <trkpt lat="30.479263" lon="-97.454951"></trkpt>
      <trkpt lat="30.479278" lon="-97.455145"></trkpt>
      <trkpt lat="30.479355" lon="-97.456022"></trkpt>
      <trkpt lat="30.479395" lon="-97.456524"></trkpt>
      <trkpt lat="30.479549" lon="-97.457091"></trkpt>
      <trkpt lat="30.479852" lon="-97.457849"></trkpt>
      <trkpt lat="30.480264" lon="-97.458832"></trkpt>
      <trkpt lat="30.480341" lon="-97.459007"></trkpt>
      <trkpt lat="30.480401" lon="-97.459160"></trkpt>
      <trkpt lat="30.480444" lon="-97.459284"></trkpt>
      <trkpt lat="30.480579" lon="-97.459651"></trkpt>
      <trkpt lat="30.480682" lon="-97.459964"></trkpt>
      <trkpt lat="30.480732" lon="-97.460156"></trkpt>
      <trkpt lat="30.480766" lon="-97.460311"></trkpt>
      <trkpt lat="30.480843" lon="-97.460900"></trkpt>
      <trkpt lat="30.480852" lon="-97.461199"></trkpt>
      <trkpt lat="30.480825" lon="-97.461646"></trkpt>
      <trkpt lat="30.480701" lon="-97.462514"></trkpt>
      <trkpt lat="30.480389" lon="-97.464435"></trkpt>
      <trkpt lat="30.480341" lon="-97.464728"></trkpt>
      <trkpt lat="30.480261" lon="-97.465292"></trkpt>
      <trkpt lat="30.480223" lon="-97.465751"></trkpt>
      <trkpt lat="30.480241" lon="-97.466255"></trkpt>
      <trkpt lat="30.480266" lon="-97.466435"></trkpt>
      <trkpt lat="30.480292" lon="-97.466626"></trkpt>
      <trkpt lat="30.480372" lon="-97.466970"></trkpt>
      <trkpt lat="30.480515" lon="-97.467426"></trkpt>
      <trkpt lat="30.481044" lon="-97.468560"></trkpt>
      <trkpt lat="30.481846" lon="-97.470333"></trkpt>
      <trkpt lat="30.482002" lon="-97.470676"></trkpt>
      <trkpt lat="30.482206" lon="-97.471128"></trkpt>
      <trkpt lat="30.483155" lon="-97.473207"></trkpt>
      <trkpt lat="30.483892" lon="-97.474720"></trkpt>
      <trkpt lat="30.484331" lon="-97.475731"></trkpt>
      <trkpt lat="30.484480" lon="-97.476182"></trkpt>
      <trkpt lat="30.484558" lon="-97.476470"></trkpt>
      <trkpt lat="30.484733" lon="-97.477423"></trkpt>
      <trkpt lat="30.484879" lon="-97.478336"></trkpt>
      <trkpt lat="30.484960" lon="-97.478747"></trkpt>
      <trkpt lat="30.485113" lon="-97.479328"></trkpt>
      <trkpt lat="30.485639" lon="-97.480691"></trkpt>
      <trkpt lat="30.486045" lon="-97.481637"></trkpt>
      <trkpt lat="30.486271" lon="-97.482070"></trkpt>
      <trkpt lat="30.486634" lon="-97.482583"></trkpt>
      <trkpt lat="30.488134" lon="-97.484292"></trkpt>
      <trkpt lat="30.488454" lon="-97.484790"></trkpt>
      <trkpt lat="30.488640" lon="-97.485189"></trkpt>
      <trkpt lat="30.488744" lon="-97.485487"></trkpt>
      <trkpt lat="30.488885" lon="-97.485999"></trkpt>
      <trkpt lat="30.489024" lon="-97.486792"></trkpt>
      <trkpt lat="30.489226" lon="-97.487951"></trkpt>
      <trkpt lat="30.489539" lon="-97.488694"></trkpt>
      <trkpt lat="30.489856" lon="-97.489207"></trkpt>
      <trkpt lat="30.490214" lon="-97.489622"></trkpt>
      <trkpt lat="30.490600" lon="-97.489931"></trkpt>
      <trkpt lat="30.491200" lon="-97.490274"></trkpt>
      <trkpt lat="30.491279" lon="-97.490316"></trkpt>
      <trkpt lat="30.491674" lon="-97.490521"></trkpt>
      <trkpt lat="30.492089" lon="-97.490833"></trkpt>
      <trkpt lat="30.492447" lon="-97.491195"></trkpt>
      <trkpt lat="30.492715" lon="-97.491553"></trkpt>
      <trkpt lat="30.492773" lon="-97.491631"></trkpt>
      <trkpt lat="30.493022" lon="-97.492069"></trkpt>
      <trkpt lat="30.493158" lon="-97.492402"></trkpt>
      <trkpt lat="30.493533" lon="-97.493281"></trkpt>
      <trkpt lat="30.493645" lon="-97.493551"></trkpt>
      <trkpt lat="30.493746" lon="-97.493819"></trkpt>
      <trkpt lat="30.493835" lon="-97.494078"></trkpt>
      <trkpt lat="30.493967" lon="-97.494518"></trkpt>
      <trkpt lat="30.494078" lon="-97.494889"></trkpt>
      <trkpt lat="30.494412" lon="-97.496018"></trkpt>
      <trkpt lat="30.494835" lon="-97.497379"></trkpt>
      <trkpt lat="30.494979" lon="-97.497792"></trkpt>
      <trkpt lat="30.495423" lon="-97.499148"></trkpt>
      <trkpt lat="30.495579" lon="-97.499622"></trkpt>
      <trkpt lat="30.495594" lon="-97.499673"></trkpt>
      <trkpt lat="30.495600" lon="-97.499690"></trkpt>
      <trkpt lat="30.495774" lon="-97.500126"></trkpt>
      <trkpt lat="30.495916" lon="-97.500433"></trkpt>
      <trkpt lat="30.496051" lon="-97.500684"></trkpt>
      <trkpt lat="30.496828" lon="-97.502047"></trkpt>
      <trkpt lat="30.497410" lon="-97.503076"></trkpt>
      <trkpt lat="30.498141" lon="-97.504361"></trkpt>
      <trkpt lat="30.498733" lon="-97.505402"></trkpt>
      <trkpt lat="30.499129" lon="-97.506112"></trkpt>
      <trkpt lat="30.499290" lon="-97.506398"></trkpt>
      <trkpt lat="30.499407" lon="-97.506629"></trkpt>
      <trkpt lat="30.499530" lon="-97.506910"></trkpt>
      <trkpt lat="30.499626" lon="-97.507185"></trkpt>
      <trkpt lat="30.499679" lon="-97.507346"></trkpt>
      <trkpt lat="30.499741" lon="-97.507594"></trkpt>
      <trkpt lat="30.499780" lon="-97.507791"></trkpt>
      <trkpt lat="30.499814" lon="-97.507990"></trkpt>
      <trkpt lat="30.499879" lon="-97.508467"></trkpt>
      <trkpt lat="30.499899" lon="-97.508589"></trkpt>
      <trkpt lat="30.499996" lon="-97.509311"></trkpt>
      <trkpt lat="30.500216" lon="-97.510942"></trkpt>
      <trkpt lat="30.500276" lon="-97.511384"></trkpt>
      <trkpt lat="30.500366" lon="-97.511941"></trkpt>
      <trkpt lat="30.500454" lon="-97.512347"></trkpt>
      <trkpt lat="30.500524" lon="-97.512594"></trkpt>
      <trkpt lat="30.500586" lon="-97.512766"></trkpt>
      <trkpt lat="30.500649" lon="-97.512917"></trkpt>
      <trkpt lat="30.500966" lon="-97.513507"></trkpt>
      <trkpt lat="30.501595" lon="-97.514517"></trkpt>
      <trkpt lat="30.502133" lon="-97.515424"></trkpt>
      <trkpt lat="30.502547" lon="-97.516183"></trkpt>
      <trkpt lat="30.502797" lon="-97.516616"></trkpt>
      <trkpt lat="30.503197" lon="-97.517252"></trkpt>
      <trkpt lat="30.504379" lon="-97.518836"></trkpt>
      <trkpt lat="30.505023" lon="-97.519699"></trkpt>
      <trkpt lat="30.505176" lon="-97.519906"></trkpt>
      <trkpt lat="30.505427" lon="-97.520273"></trkpt>
      <trkpt lat="30.505645" lon="-97.520541"></trkpt>
      <trkpt lat="30.505882" lon="-97.520772"></trkpt>
      <trkpt lat="30.506044" lon="-97.520924"></trkpt>
      <trkpt lat="30.506126" lon="-97.521001"></trkpt>
      <trkpt lat="30.506422" lon="-97.521214"></trkpt>
      <trkpt lat="30.506613" lon="-97.521311"></trkpt>
      <trkpt lat="30.506865" lon="-97.521422"></trkpt>
      <trkpt lat="30.507087" lon="-97.521478"></trkpt>
      <trkpt lat="30.507237" lon="-97.521513"></trkpt>
      <trkpt lat="30.507671" lon="-97.521602"></trkpt>
      <trkpt lat="30.508341" lon="-97.521753"></trkpt>
      <trkpt lat="30.508355" lon="-97.521756"></trkpt>
      <trkpt lat="30.508544" lon="-97.521807"></trkpt>
      <trkpt lat="30.508772" lon="-97.521883"></trkpt>
      <trkpt lat="30.508996" lon="-97.521985"></trkpt>
      <trkpt lat="30.509210" lon="-97.522103"></trkpt>
      <trkpt lat="30.509421" lon="-97.522238"></trkpt>
      <trkpt lat="30.509614" lon="-97.522392"></trkpt>
      <trkpt lat="30.509800" lon="-97.522562"></trkpt>
      <trkpt lat="30.509975" lon="-97.522746"></trkpt>
      <trkpt lat="30.510138" lon="-97.522946"></trkpt>
      <trkpt lat="30.510474" lon="-97.523455"></trkpt>
      <trkpt lat="30.510908" lon="-97.524382"></trkpt>
      <trkpt lat="30.511373" lon="-97.525395"></trkpt>
      <trkpt lat="30.511478" lon="-97.525624"></trkpt>
      <trkpt lat="30.512119" lon="-97.527021"></trkpt>
      <trkpt lat="30.512276" lon="-97.527362"></trkpt>
      <trkpt lat="30.512400" lon="-97.527633"></trkpt>
      <trkpt lat="30.512647" lon="-97.528175"></trkpt>
      <trkpt lat="30.512769" lon="-97.528493"></trkpt>
      <trkpt lat="30.512856" lon="-97.528823"></trkpt>
      <trkpt lat="30.512950" lon="-97.529227"></trkpt>
      <trkpt lat="30.512965" lon="-97.529337"></trkpt>
      <trkpt lat="30.513062" lon="-97.530066"></trkpt>
      <trkpt lat="30.513085" lon="-97.530230"></trkpt>
      <trkpt lat="30.513174" lon="-97.530887"></trkpt>
      <trkpt lat="30.513348" lon="-97.532168"></trkpt>
      <trkpt lat="30.513401" lon="-97.532621"></trkpt>
      <trkpt lat="30.513430" lon="-97.532819"></trkpt>
      <trkpt lat="30.513465" lon="-97.533078"></trkpt>
      <trkpt lat="30.513527" lon="-97.533371"></trkpt>
      <trkpt lat="30.513562" lon="-97.533464"></trkpt>
      <trkpt lat="30.513697" lon="-97.533830"></trkpt>
      <trkpt lat="30.513780" lon="-97.534001"></trkpt>
      <trkpt lat="30.513923" lon="-97.534279"></trkpt>
      <trkpt lat="30.514053" lon="-97.534478"></trkpt>
      <trkpt lat="30.514203" lon="-97.534675"></trkpt>
      <trkpt lat="30.514433" lon="-97.534902"></trkpt>
      <trkpt lat="30.514707" lon="-97.535110"></trkpt>
      <trkpt lat="30.516161" lon="-97.536137"></trkpt>
      <trkpt lat="30.516715" lon="-97.536527"></trkpt>
      <trkpt lat="30.517006" lon="-97.536737"></trkpt>
      <trkpt lat="30.517241" lon="-97.536901"></trkpt>
      <trkpt lat="30.517511" lon="-97.537109"></trkpt>
      <trkpt lat="30.517615" lon="-97.537210"></trkpt>
      <trkpt lat="30.517707" lon="-97.537324"></trkpt>
      <trkpt lat="30.517827" lon="-97.537474"></trkpt>
      <trkpt lat="30.517946" lon="-97.537655"></trkpt>
      <trkpt lat="30.518050" lon="-97.537818"></trkpt>
      <trkpt lat="30.518159" lon="-97.538055"></trkpt>
      <trkpt lat="30.518222" lon="-97.538235"></trkpt>
      <trkpt lat="30.518350" lon="-97.538738"></trkpt>
      <trkpt lat="30.518760" lon="-97.540378"></trkpt>
      <trkpt lat="30.518829" lon="-97.540658"></trkpt>
      <trkpt lat="30.518905" lon="-97.540901"></trkpt>
      <trkpt lat="30.519063" lon="-97.541353"></trkpt>
      <trkpt lat="30.519254" lon="-97.541841"></trkpt>
      <trkpt lat="30.519939" lon="-97.543400"></trkpt>
      <trkpt lat="30.520431" lon="-97.544585"></trkpt>
      <trkpt lat="30.520532" lon="-97.544780"></trkpt>
      <trkpt lat="30.520624" lon="-97.544930"></trkpt>
      <trkpt lat="30.520685" lon="-97.545024"></trkpt>
      <trkpt lat="30.520760" lon="-97.545122"></trkpt>
      <trkpt lat="30.520823" lon="-97.545197"></trkpt>
      <trkpt lat="30.520875" lon="-97.545253"></trkpt>
      <trkpt lat="30.520958" lon="-97.545334"></trkpt>
      <trkpt lat="30.521045" lon="-97.545417"></trkpt>
      <trkpt lat="30.521098" lon="-97.545457"></trkpt>
      <trkpt lat="30.521168" lon="-97.545510"></trkpt>
      <trkpt lat="30.521230" lon="-97.545551"></trkpt>
      <trkpt lat="30.521318" lon="-97.545597"></trkpt>
      <trkpt lat="30.521444" lon="-97.545655"></trkpt>
      <trkpt lat="30.521564" lon="-97.545720"></trkpt>
      <trkpt lat="30.521728" lon="-97.545786"></trkpt>
      <trkpt lat="30.521843" lon="-97.545812"></trkpt>
      <trkpt lat="30.521972" lon="-97.545833"></trkpt>
      <trkpt lat="30.522099" lon="-97.545849"></trkpt>
      <trkpt lat="30.522242" lon="-97.545847"></trkpt>
      <trkpt lat="30.522385" lon="-97.545826"></trkpt>
      <trkpt lat="30.522720" lon="-97.545781"></trkpt>
      <trkpt lat="30.523721" lon="-97.545590"></trkpt>
      <trkpt lat="30.524625" lon="-97.545477"></trkpt>
      <trkpt lat="30.525657" lon="-97.545283"></trkpt>
      <trkpt lat="30.527111" lon="-97.545010"></trkpt>
      <trkpt lat="30.528815" lon="-97.544691"></trkpt>
      <trkpt lat="30.528833" lon="-97.544687"></trkpt>
      <trkpt lat="30.530079" lon="-97.544437"></trkpt>
      <trkpt lat="30.532733" lon="-97.543935"></trkpt>
      <trkpt lat="30.532832" lon="-97.543916"></trkpt>
      <trkpt lat="30.532928" lon="-97.543897"></trkpt>
      <trkpt lat="30.534994" lon="-97.543492"></trkpt>
      <trkpt lat="30.535711" lon="-97.543369"></trkpt>
      <trkpt lat="30.538401" lon="-97.542851"></trkpt>
      <trkpt lat="30.539629" lon="-97.542617"></trkpt>
      <trkpt lat="30.539725" lon="-97.542598"></trkpt>
      <trkpt lat="30.540531" lon="-97.542444"></trkpt>
      <trkpt lat="30.541231" lon="-97.542311"></trkpt>
      <trkpt lat="30.542274" lon="-97.542109"></trkpt>
      <trkpt lat="30.542873" lon="-97.542023"></trkpt>
      <trkpt lat="30.543267" lon="-97.542022"></trkpt>
      <trkpt lat="30.543457" lon="-97.542039"></trkpt>
      <trkpt lat="30.543705" lon="-97.542081"></trkpt>
      <trkpt lat="30.543610" lon="-97.542637"></trkpt>
      <trkpt lat="30.543518" lon="-97.543161"></trkpt>
      <trkpt lat="30.543390" lon="-97.543885"></trkpt>
      <trkpt lat="30.543218" lon="-97.544887"></trkpt>
      <trkpt lat="30.543192" lon="-97.545043"></trkpt>
      <trkpt lat="30.543121" lon="-97.545471"></trkpt>
      <trkpt lat="30.543052" lon="-97.545928"></trkpt>
      <trkpt lat="30.543004" lon="-97.546452"></trkpt>
      <trkpt lat="30.543399" lon="-97.546383"></trkpt>
      <trkpt lat="30.543794" lon="-97.546314"></trkpt>
      <trkpt lat="30.543842" lon="-97.546305"></trkpt>
      <trkpt lat="30.543881" lon="-97.546298"></trkpt>
      <trkpt lat="30.544158" lon="-97.546247"></trkpt>
      <trkpt lat="30.545155" lon="-97.546056"></trkpt>
      <trkpt lat="30.546085" lon="-97.545876"></trkpt>
      <trkpt lat="30.546821" lon="-97.545734"></trkpt>
      <trkpt lat="30.547462" lon="-97.545612"></trkpt>
      <trkpt lat="30.548319" lon="-97.545440"></trkpt>
      <trkpt lat="30.548979" lon="-97.545321"></trkpt>
      <trkpt lat="30.550143" lon="-97.545113"></trkpt>
      <trkpt lat="30.550301" lon="-97.545080"></trkpt>
      <trkpt lat="30.551231" lon="-97.544908"></trkpt>
      <trkpt lat="30.551681" lon="-97.544820"></trkpt>
      <trkpt lat="30.551756" lon="-97.544807"></trkpt>
      <trkpt lat="30.552991" lon="-97.544590"></trkpt>
      <trkpt lat="30.553109" lon="-97.544569"></trkpt>
      <trkpt lat="30.553941" lon="-97.544425"></trkpt>
      <trkpt lat="30.554192" lon="-97.544400"></trkpt>
      <trkpt lat="30.554275" lon="-97.544396"></trkpt>
      <trkpt lat="30.554528" lon="-97.544399"></trkpt>
      <trkpt lat="30.554777" lon="-97.544422"></trkpt>
      <trkpt lat="30.555082" lon="-97.544475"></trkpt>
      <trkpt lat="30.555364" lon="-97.544530"></trkpt>
      <trkpt lat="30.555800" lon="-97.544600"></trkpt>
      <trkpt lat="30.556337" lon="-97.544683"></trkpt>
      <trkpt lat="30.556466" lon="-97.544701"></trkpt>
      <trkpt lat="30.556568" lon="-97.544715"></trkpt>
      <trkpt lat="30.556643" lon="-97.544721"></trkpt>
      <trkpt lat="30.556880" lon="-97.544720"></trkpt>
      <trkpt lat="30.557885" lon="-97.544538"></trkpt>
      <trkpt lat="30.558238" lon="-97.544480"></trkpt>
      <trkpt lat="30.558648" lon="-97.544420"></trkpt>
      <trkpt lat="30.558903" lon="-97.544382"></trkpt>
      <trkpt lat="30.559121" lon="-97.544338"></trkpt>
      <trkpt lat="30.559227" lon="-97.544316"></trkpt>
      <trkpt lat="30.559557" lon="-97.544233"></trkpt>
      <trkpt lat="30.560498" lon="-97.544063"></trkpt>
      <trkpt lat="30.560697" lon="-97.544029"></trkpt>
      <trkpt lat="30.561958" lon="-97.543780"></trkpt>
      <trkpt lat="30.562873" lon="-97.543594"></trkpt>
      <trkpt lat="30.564605" lon="-97.543296"></trkpt>
      <trkpt lat="30.565456" lon="-97.543142"></trkpt>
      <trkpt lat="30.566250" lon="-97.542998"></trkpt>
      <trkpt lat="30.567162" lon="-97.542814"></trkpt>
      <trkpt lat="30.567964" lon="-97.542652"></trkpt>
      <trkpt lat="30.568307" lon="-97.542594"></trkpt>
      <trkpt lat="30.568544" lon="-97.542565"></trkpt>
      <trkpt lat="30.568622" lon="-97.542561"></trkpt>
      <trkpt lat="30.568670" lon="-97.542559"></trkpt>
      <trkpt lat="30.568940" lon="-97.542566"></trkpt>
      <trkpt lat="30.569176" lon="-97.542592"></trkpt>
      <trkpt lat="30.569410" lon="-97.542638"></trkpt>
      <trkpt lat="30.569639" lon="-97.542706"></trkpt>
      <trkpt lat="30.570151" lon="-97.542912"></trkpt>
      <trkpt lat="30.572939" lon="-97.544110"></trkpt>
      <trkpt lat="30.573252" lon="-97.544245"></trkpt>
      <trkpt lat="30.574306" lon="-97.544708"></trkpt>
      <trkpt lat="30.575169" lon="-97.545053"></trkpt>
      <trkpt lat="30.575432" lon="-97.545158"></trkpt>
      <trkpt lat="30.576575" lon="-97.545626"></trkpt>
      <trkpt lat="30.576673" lon="-97.545666"></trkpt>
      <trkpt lat="30.576832" lon="-97.545732"></trkpt>
      <trkpt lat="30.576948" lon="-97.545780"></trkpt>
      <trkpt lat="30.577201" lon="-97.545891"></trkpt>
      <trkpt lat="30.577396" lon="-97.545977"></trkpt>
      <trkpt lat="30.577742" lon="-97.546112"></trkpt>
      <trkpt lat="30.578144" lon="-97.546269"></trkpt>
      <trkpt lat="30.580193" lon="-97.547139"></trkpt>
      <trkpt lat="30.580512" lon="-97.547274"></trkpt>
      <trkpt lat="30.580963" lon="-97.547466"></trkpt>
      <trkpt lat="30.581323" lon="-97.547615"></trkpt>
      <trkpt lat="30.582146" lon="-97.547957"></trkpt>
      <trkpt lat="30.583095" lon="-97.548335"></trkpt>
      <trkpt lat="30.583298" lon="-97.548379"></trkpt>
      <trkpt lat="30.583504" lon="-97.548409"></trkpt>
      <trkpt lat="30.583737" lon="-97.548420"></trkpt>
      <trkpt lat="30.583848" lon="-97.548644"></trkpt>
      <trkpt lat="30.584079" lon="-97.548745"></trkpt>
      <trkpt lat="30.584882" lon="-97.549095"></trkpt>
      <trkpt lat="30.585436" lon="-97.549337"></trkpt>
      <trkpt lat="30.585631" lon="-97.549422"></trkpt>
      <trkpt lat="30.585425" lon="-97.550104"></trkpt>
      <trkpt lat="30.587599" lon="-97.551035"></trkpt>
      <trkpt lat="30.589295" lon="-97.551763"></trkpt>
      <trkpt lat="30.590305" lon="-97.552193"></trkpt>
      <trkpt lat="30.590305" lon="-97.552193"></trkpt>
      <trkpt lat="30.588670" lon="-97.557390"></trkpt>
      <trkpt lat="30.588532" lon="-97.557846"></trkpt>
      <trkpt lat="30.588440" lon="-97.558269"></trkpt>
      <trkpt lat="30.588361" lon="-97.558698"></trkpt>
      <trkpt lat="30.588306" lon="-97.559112"></trkpt>
      <trkpt lat="30.588264" lon="-97.559562"></trkpt>
      <trkpt lat="30.588250" lon="-97.559981"></trkpt>
      <trkpt lat="30.588259" lon="-97.560447"></trkpt>
      <trkpt lat="30.588292" lon="-97.561048"></trkpt>
      <trkpt lat="30.588481" lon="-97.563784"></trkpt>
      <trkpt lat="30.588500" lon="-97.564224"></trkpt>
      <trkpt lat="30.588500" lon="-97.564787"></trkpt>
      <trkpt lat="30.588481" lon="-97.565232"></trkpt>
      <trkpt lat="30.588421" lon="-97.565839"></trkpt>
      <trkpt lat="30.587922" lon="-97.568848"></trkpt>
      <trkpt lat="30.587728" lon="-97.570055"></trkpt>
      <trkpt lat="30.587655" lon="-97.570672"></trkpt>
      <trkpt lat="30.587630" lon="-97.571043"></trkpt>
      <trkpt lat="30.587627" lon="-97.571262"></trkpt>
      <trkpt lat="30.587636" lon="-97.571696"></trkpt>
      <trkpt lat="30.587656" lon="-97.572094"></trkpt>
      <trkpt lat="30.587673" lon="-97.572270"></trkpt>
      <trkpt lat="30.587738" lon="-97.572802"></trkpt>
      <trkpt lat="30.587844" lon="-97.573349"></trkpt>
      <trkpt lat="30.587978" lon="-97.573907"></trkpt>
      <trkpt lat="30.588227" lon="-97.574647"></trkpt>
      <trkpt lat="30.588527" lon="-97.575441"></trkpt>
      <trkpt lat="30.589229" lon="-97.577313"></trkpt>
      <trkpt lat="30.590245" lon="-97.579968"></trkpt>
      <trkpt lat="30.590771" lon="-97.581194"></trkpt>
      <trkpt lat="30.590893" lon="-97.581479"></trkpt>
      <trkpt lat="30.591268" lon="-97.582427"></trkpt>
      <trkpt lat="30.591651" lon="-97.583394"></trkpt>
      <trkpt lat="30.591931" lon="-97.584110"></trkpt>
      <trkpt lat="30.591964" lon="-97.584211"></trkpt>
      <trkpt lat="30.592069" lon="-97.584534"></trkpt>
      <trkpt lat="30.592175" lon="-97.584920"></trkpt>
      <trkpt lat="30.592225" lon="-97.585149"></trkpt>
      <trkpt lat="30.592249" lon="-97.585263"></trkpt>
      <trkpt lat="30.592319" lon="-97.585708"></trkpt>
      <trkpt lat="30.592369" lon="-97.586095"></trkpt>
      <trkpt lat="30.592397" lon="-97.586475"></trkpt>
      <trkpt lat="30.592402" lon="-97.586884"></trkpt>
      <trkpt lat="30.592388" lon="-97.587323"></trkpt>
      <trkpt lat="30.592346" lon="-97.587731"></trkpt>
      <trkpt lat="30.592282" lon="-97.588157"></trkpt>
      <trkpt lat="30.592195" lon="-97.588653"></trkpt>
      <trkpt lat="30.592106" lon="-97.589035"></trkpt>
      <trkpt lat="30.592024" lon="-97.589319"></trkpt>
      <trkpt lat="30.591834" lon="-97.589941"></trkpt>
      <trkpt lat="30.591407" lon="-97.591276"></trkpt>
      <trkpt lat="30.591366" lon="-97.591409"></trkpt>
      <trkpt lat="30.591247" lon="-97.591786"></trkpt>
      <trkpt lat="30.591162" lon="-97.592058"></trkpt>
      <trkpt lat="30.590731" lon="-97.593419"></trkpt>
      <trkpt lat="30.590618" lon="-97.593824"></trkpt>
      <trkpt lat="30.590481" lon="-97.594259"></trkpt>
      <trkpt lat="30.590459" lon="-97.594319"></trkpt>
      <trkpt lat="30.590026" lon="-97.595616"></trkpt>
      <trkpt lat="30.589039" lon="-97.598895"></trkpt>
      <trkpt lat="30.588908" lon="-97.599463"></trkpt>
      <trkpt lat="30.588644" lon="-97.600356"></trkpt>
      <trkpt lat="30.588260" lon="-97.601612"></trkpt>
      <trkpt lat="30.587580" lon="-97.603828"></trkpt>
      <trkpt lat="30.586757" lon="-97.606688"></trkpt>
      <trkpt lat="30.585955" lon="-97.609481"></trkpt>
      <trkpt lat="30.584973" lon="-97.612631"></trkpt>
      <trkpt lat="30.584779" lon="-97.613261"></trkpt>
      <trkpt lat="30.584228" lon="-97.615031"></trkpt>
      <trkpt lat="30.581252" lon="-97.624558"></trkpt>
      <trkpt lat="30.580934" lon="-97.625592"></trkpt>
      <trkpt lat="30.580676" lon="-97.626320"></trkpt>
      <trkpt lat="30.580503" lon="-97.626761"></trkpt>
      <trkpt lat="30.580360" lon="-97.627093"></trkpt>
      <trkpt lat="30.580095" lon="-97.627626"></trkpt>
      <trkpt lat="30.579629" lon="-97.628419"></trkpt>
      <trkpt lat="30.578774" lon="-97.629733"></trkpt>
      <trkpt lat="30.578324" lon="-97.630409"></trkpt>
      <trkpt lat="30.578102" lon="-97.630801"></trkpt>
      <trkpt lat="30.577764" lon="-97.631515"></trkpt>
      <trkpt lat="30.577582" lon="-97.631956"></trkpt>
      <trkpt lat="30.577494" lon="-97.632198"></trkpt>
      <trkpt lat="30.577456" lon="-97.632328"></trkpt>
      <trkpt lat="30.577195" lon="-97.633108"></trkpt>
      <trkpt lat="30.577066" lon="-97.633545"></trkpt>
      <trkpt lat="30.575717" lon="-97.638149"></trkpt>
      <trkpt lat="30.575573" lon="-97.638624"></trkpt>
      <trkpt lat="30.575548" lon="-97.638707"></trkpt>
      <trkpt lat="30.575494" lon="-97.638864"></trkpt>
      <trkpt lat="30.575451" lon="-97.639012"></trkpt>
      <trkpt lat="30.573752" lon="-97.644795"></trkpt>
      <trkpt lat="30.573581" lon="-97.645371"></trkpt>
      <trkpt lat="30.573393" lon="-97.646030"></trkpt>
      <trkpt lat="30.573306" lon="-97.646371"></trkpt>
      <trkpt lat="30.573187" lon="-97.646838"></trkpt>
      <trkpt lat="30.572993" lon="-97.647940"></trkpt>
      <trkpt lat="30.572824" lon="-97.649022"></trkpt>
      <trkpt lat="30.572766" lon="-97.649516"></trkpt>
      <trkpt lat="30.572739" lon="-97.649744"></trkpt>
      <trkpt lat="30.572673" lon="-97.650246"></trkpt>
      <trkpt lat="30.572656" lon="-97.650379"></trkpt>
      <trkpt lat="30.572632" lon="-97.650598"></trkpt>
      <trkpt lat="30.572616" lon="-97.650737"></trkpt>
      <trkpt lat="30.572564" lon="-97.651197"></trkpt>
      <trkpt lat="30.572553" lon="-97.651280"></trkpt>
      <trkpt lat="30.572526" lon="-97.651451"></trkpt>
      <trkpt lat="30.572497" lon="-97.651598"></trkpt>
      <trkpt lat="30.572459" lon="-97.651744"></trkpt>
      <trkpt lat="30.572413" lon="-97.651892"></trkpt>
      <trkpt lat="30.572342" lon="-97.652066"></trkpt>
      <trkpt lat="30.572309" lon="-97.652144"></trkpt>
      <trkpt lat="30.572255" lon="-97.652271"></trkpt>
      <trkpt lat="30.572160" lon="-97.652462"></trkpt>
      <trkpt lat="30.572053" lon="-97.652636"></trkpt>
      <trkpt lat="30.571991" lon="-97.652720"></trkpt>
      <trkpt lat="30.571897" lon="-97.652757"></trkpt>
      <trkpt lat="30.571812" lon="-97.652866"></trkpt>
      <trkpt lat="30.571736" lon="-97.652959"></trkpt>
      <trkpt lat="30.571341" lon="-97.653412"></trkpt>
      <trkpt lat="30.570654" lon="-97.654214"></trkpt>
      <trkpt lat="30.570531" lon="-97.654363"></trkpt>
      <trkpt lat="30.570448" lon="-97.654487"></trkpt>
      <trkpt lat="30.570365" lon="-97.654622"></trkpt>
      <trkpt lat="30.570288" lon="-97.654760"></trkpt>
      <trkpt lat="30.570209" lon="-97.654916"></trkpt>
      <trkpt lat="30.570141" lon="-97.655064"></trkpt>
      <trkpt lat="30.570086" lon="-97.655217"></trkpt>
      <trkpt lat="30.570035" lon="-97.655374"></trkpt>
      <trkpt lat="30.569888" lon="-97.655863"></trkpt>
      <trkpt lat="30.569844" lon="-97.656008"></trkpt>
      <trkpt lat="30.569677" lon="-97.656567"></trkpt>
      <trkpt lat="30.569664" lon="-97.656609"></trkpt>
      <trkpt lat="30.569267" lon="-97.657938"></trkpt>
      <trkpt lat="30.568878" lon="-97.659256"></trkpt>
      <trkpt lat="30.568855" lon="-97.659333"></trkpt>
      <trkpt lat="30.568816" lon="-97.659463"></trkpt>
      <trkpt lat="30.568590" lon="-97.660222"></trkpt>
      <trkpt lat="30.567920" lon="-97.662461"></trkpt>
      <trkpt lat="30.567692" lon="-97.663226"></trkpt>
      <trkpt lat="30.567416" lon="-97.664151"></trkpt>
      <trkpt lat="30.567283" lon="-97.664595"></trkpt>
      <trkpt lat="30.567246" lon="-97.664721"></trkpt>
      <trkpt lat="30.567203" lon="-97.664862"></trkpt>
      <trkpt lat="30.567100" lon="-97.665213"></trkpt>
      <trkpt lat="30.566904" lon="-97.665868"></trkpt>
      <trkpt lat="30.566538" lon="-97.667095"></trkpt>
      <trkpt lat="30.566269" lon="-97.668000"></trkpt>
      <trkpt lat="30.565966" lon="-97.669017"></trkpt>
      <trkpt lat="30.565905" lon="-97.669221"></trkpt>
      <trkpt lat="30.565866" lon="-97.669353"></trkpt>
      <trkpt lat="30.565827" lon="-97.669485"></trkpt>
      <trkpt lat="30.565785" lon="-97.669625"></trkpt>
      <trkpt lat="30.565761" lon="-97.669705"></trkpt>
      <trkpt lat="30.565753" lon="-97.669732"></trkpt>
      <trkpt lat="30.565359" lon="-97.671053"></trkpt>
      <trkpt lat="30.565198" lon="-97.671594"></trkpt>
      <trkpt lat="30.565097" lon="-97.671907"></trkpt>
      <trkpt lat="30.564945" lon="-97.672312"></trkpt>
      <trkpt lat="30.564766" lon="-97.672694"></trkpt>
      <trkpt lat="30.564726" lon="-97.672772"></trkpt>
      <trkpt lat="30.564623" lon="-97.672970"></trkpt>
      <trkpt lat="30.564539" lon="-97.673132"></trkpt>
      <trkpt lat="30.564412" lon="-97.673315"></trkpt>
      <trkpt lat="30.564325" lon="-97.673439"></trkpt>
      <trkpt lat="30.564175" lon="-97.673657"></trkpt>
      <trkpt lat="30.563805" lon="-97.674195"></trkpt>
      <trkpt lat="30.563691" lon="-97.674346"></trkpt>
      <trkpt lat="30.563639" lon="-97.674427"></trkpt>
      <trkpt lat="30.563325" lon="-97.674923"></trkpt>
      <trkpt lat="30.563164" lon="-97.675265"></trkpt>
      <trkpt lat="30.563108" lon="-97.675384"></trkpt>
      <trkpt lat="30.562941" lon="-97.675776"></trkpt>
      <trkpt lat="30.562802" lon="-97.676172"></trkpt>
      <trkpt lat="30.562773" lon="-97.676267"></trkpt>
      <trkpt lat="30.562735" lon="-97.676411"></trkpt>
      <trkpt lat="30.562626" lon="-97.676814"></trkpt>
      <trkpt lat="30.562539" lon="-97.677145"></trkpt>
      <trkpt lat="30.562368" lon="-97.677765"></trkpt>
      <trkpt lat="30.562173" lon="-97.678480"></trkpt>
      <trkpt lat="30.562139" lon="-97.678604"></trkpt>
      <trkpt lat="30.562145" lon="-97.678765"></trkpt>
      <trkpt lat="30.562023" lon="-97.679236"></trkpt>
      <trkpt lat="30.561959" lon="-97.679465"></trkpt>
      <trkpt lat="30.561746" lon="-97.680217"></trkpt>
      <trkpt lat="30.561704" lon="-97.680364"></trkpt>
      <trkpt lat="30.561664" lon="-97.680502"></trkpt>
      <trkpt lat="30.561444" lon="-97.681277"></trkpt>
      <trkpt lat="30.561143" lon="-97.682332"></trkpt>
      <trkpt lat="30.560996" lon="-97.682903"></trkpt>
      <trkpt lat="30.560975" lon="-97.682980"></trkpt>
      <trkpt lat="30.560942" lon="-97.683092"></trkpt>
      <trkpt lat="30.560886" lon="-97.683272"></trkpt>
      <trkpt lat="30.560707" lon="-97.683867"></trkpt>
      <trkpt lat="30.560544" lon="-97.684428"></trkpt>
      <trkpt lat="30.560391" lon="-97.684956"></trkpt>
      <trkpt lat="30.560184" lon="-97.685649"></trkpt>
      <trkpt lat="30.560017" lon="-97.686223"></trkpt>
      <trkpt lat="30.559668" lon="-97.686388"></trkpt>
      <trkpt lat="30.559788" lon="-97.686429"></trkpt>
      <trkpt lat="30.559938" lon="-97.686482"></trkpt>
      <trkpt lat="30.559917" lon="-97.686552"></trkpt>
      <trkpt lat="30.559720" lon="-97.687194"></trkpt>
      <trkpt lat="30.559622" lon="-97.687466"></trkpt>
      <trkpt lat="30.559504" lon="-97.687791"></trkpt>
      <trkpt lat="30.559443" lon="-97.687980"></trkpt>
      <trkpt lat="30.559359" lon="-97.688231"></trkpt>
      <trkpt lat="30.559114" lon="-97.689013"></trkpt>
      <trkpt lat="30.559069" lon="-97.689155"></trkpt>
      <trkpt lat="30.559032" lon="-97.689281"></trkpt>
      <trkpt lat="30.558773" lon="-97.690119"></trkpt>
      <trkpt lat="30.558643" lon="-97.690656"></trkpt>
      <trkpt lat="30.558578" lon="-97.690965"></trkpt>
      <trkpt lat="30.558539" lon="-97.691159"></trkpt>
      <trkpt lat="30.558479" lon="-97.691308"></trkpt>
      <trkpt lat="30.558462" lon="-97.691339"></trkpt>
      <trkpt lat="30.558440" lon="-97.691376"></trkpt>
      <trkpt lat="30.558364" lon="-97.691482"></trkpt>
      <trkpt lat="30.558357" lon="-97.691491"></trkpt>
      <trkpt lat="30.558316" lon="-97.691544"></trkpt>
      <trkpt lat="30.558264" lon="-97.691634"></trkpt>
      <trkpt lat="30.558235" lon="-97.691698"></trkpt>
      <trkpt lat="30.558195" lon="-97.691788"></trkpt>
      <trkpt lat="30.558164" lon="-97.691887"></trkpt>
      <trkpt lat="30.558148" lon="-97.691966"></trkpt>
      <trkpt lat="30.558141" lon="-97.692056"></trkpt>
      <trkpt lat="30.558143" lon="-97.692174"></trkpt>
      <trkpt lat="30.558138" lon="-97.692944"></trkpt>
      <trkpt lat="30.558149" lon="-97.693107"></trkpt>
      <trkpt lat="30.558152" lon="-97.693132"></trkpt>
      <trkpt lat="30.558163" lon="-97.693196"></trkpt>
      <trkpt lat="30.558190" lon="-97.693304"></trkpt>
      <trkpt lat="30.558224" lon="-97.693415"></trkpt>
      <trkpt lat="30.558244" lon="-97.693508"></trkpt>
      <trkpt lat="30.558260" lon="-97.693604"></trkpt>
      <trkpt lat="30.558269" lon="-97.693773"></trkpt>
      <trkpt lat="30.558267" lon="-97.694037"></trkpt>
      <trkpt lat="30.558258" lon="-97.694341"></trkpt>
      <trkpt lat="30.558248" lon="-97.694860"></trkpt>
      <trkpt lat="30.558242" lon="-97.695190"></trkpt>
      <trkpt lat="30.558231" lon="-97.695770"></trkpt>
      <trkpt lat="30.558221" lon="-97.696351"></trkpt>
      <trkpt lat="30.558211" lon="-97.696850"></trkpt>
      <trkpt lat="30.558162" lon="-97.698181"></trkpt>
      <trkpt lat="30.558113" lon="-97.698654"></trkpt>
      <trkpt lat="30.558111" lon="-97.699334"></trkpt>
      <trkpt lat="30.558097" lon="-97.699986"></trkpt>
      <trkpt lat="30.558083" lon="-97.700384"></trkpt>
      <trkpt lat="30.558058" lon="-97.700808"></trkpt>
      <trkpt lat="30.558022" lon="-97.701241"></trkpt>
      <trkpt lat="30.557972" lon="-97.701681"></trkpt>
      <trkpt lat="30.557924" lon="-97.702053"></trkpt>
      <trkpt lat="30.557883" lon="-97.702354"></trkpt>
      <trkpt lat="30.557782" lon="-97.702964"></trkpt>
      <trkpt lat="30.557681" lon="-97.703505"></trkpt>
      <trkpt lat="30.557668" lon="-97.703576"></trkpt>
      <trkpt lat="30.557518" lon="-97.704381"></trkpt>
      <trkpt lat="30.556143" lon="-97.711738"></trkpt>
      <trkpt lat="30.555708" lon="-97.714207"></trkpt>
      <trkpt lat="30.555581" lon="-97.714932"></trkpt>
      <trkpt lat="30.555380" lon="-97.716069"></trkpt>
      <trkpt lat="30.554732" lon="-97.719751"></trkpt>
      <trkpt lat="30.553963" lon="-97.723997"></trkpt>
      <trkpt lat="30.553765" lon="-97.725003"></trkpt>
      <trkpt lat="30.553510" lon="-97.726391"></trkpt>
      <trkpt lat="30.553296" lon="-97.727368"></trkpt>
      <trkpt lat="30.553150" lon="-97.728031"></trkpt>
      <trkpt lat="30.552651" lon="-97.729762"></trkpt>
      <trkpt lat="30.552286" lon="-97.731033"></trkpt>
      <trkpt lat="30.552051" lon="-97.731823"></trkpt>
      <trkpt lat="30.551893" lon="-97.732381"></trkpt>
      <trkpt lat="30.551855" lon="-97.732508"></trkpt>
      <trkpt lat="30.551705" lon="-97.733044"></trkpt>
      <trkpt lat="30.551506" lon="-97.733737"></trkpt>
      <trkpt lat="30.551212" lon="-97.734772"></trkpt>
      <trkpt lat="30.551022" lon="-97.735441"></trkpt>
      <trkpt lat="30.550389" lon="-97.737633"></trkpt>
      <trkpt lat="30.550251" lon="-97.738106"></trkpt>
      <trkpt lat="30.550216" lon="-97.738224"></trkpt>
      <trkpt lat="30.550177" lon="-97.738363"></trkpt>
      <trkpt lat="30.550014" lon="-97.738929"></trkpt>
      <trkpt lat="30.549940" lon="-97.739200"></trkpt>
      <trkpt lat="30.549692" lon="-97.740042"></trkpt>
      <trkpt lat="30.549353" lon="-97.741234"></trkpt>
      <trkpt lat="30.549141" lon="-97.741991"></trkpt>
      <trkpt lat="30.549005" lon="-97.742460"></trkpt>
      <trkpt lat="30.548313" lon="-97.744868"></trkpt>
      <trkpt lat="30.548180" lon="-97.745345"></trkpt>
      <trkpt lat="30.548122" lon="-97.745557"></trkpt>
      <trkpt lat="30.547480" lon="-97.747856"></trkpt>
      <trkpt lat="30.547437" lon="-97.748014"></trkpt>
      <trkpt lat="30.547311" lon="-97.748464"></trkpt>
      <trkpt lat="30.545324" lon="-97.755743"></trkpt>
      <trkpt lat="30.545276" lon="-97.755927"></trkpt>
      <trkpt lat="30.545162" lon="-97.756348"></trkpt>
      <trkpt lat="30.544958" lon="-97.757171"></trkpt>
      <trkpt lat="30.544926" lon="-97.757598"></trkpt>
      <trkpt lat="30.544695" lon="-97.758636"></trkpt>
      <trkpt lat="30.544501" lon="-97.759470"></trkpt>
      <trkpt lat="30.544387" lon="-97.759930"></trkpt>
      <trkpt lat="30.544260" lon="-97.760420"></trkpt>
      <trkpt lat="30.544215" lon="-97.760589"></trkpt>
      <trkpt lat="30.543382" lon="-97.763383"></trkpt>
      <trkpt lat="30.542919" lon="-97.764965"></trkpt>
      <trkpt lat="30.542740" lon="-97.765556"></trkpt>
      <trkpt lat="30.542376" lon="-97.766786"></trkpt>
      <trkpt lat="30.541603" lon="-97.769398"></trkpt>
      <trkpt lat="30.541528" lon="-97.769618"></trkpt>
      <trkpt lat="30.541266" lon="-97.770387"></trkpt>
      <trkpt lat="30.540952" lon="-97.771179"></trkpt>
      <trkpt lat="30.540667" lon="-97.771856"></trkpt>
      <trkpt lat="30.540450" lon="-97.772300"></trkpt>
      <trkpt lat="30.540095" lon="-97.772977"></trkpt>
      <trkpt lat="30.539870" lon="-97.773349"></trkpt>
      <trkpt lat="30.539748" lon="-97.773568"></trkpt>
      <trkpt lat="30.539406" lon="-97.774108"></trkpt>
      <trkpt lat="30.539155" lon="-97.774483"></trkpt>
      <trkpt lat="30.538704" lon="-97.775116"></trkpt>
      <trkpt lat="30.538598" lon="-97.775266"></trkpt>
      <trkpt lat="30.538394" lon="-97.775554"></trkpt>
      <trkpt lat="30.538092" lon="-97.775971"></trkpt>
      <trkpt lat="30.537831" lon="-97.776326"></trkpt>
      <trkpt lat="30.537454" lon="-97.776863"></trkpt>
      <trkpt lat="30.537360" lon="-97.777000"></trkpt>
      <trkpt lat="30.537015" lon="-97.777543"></trkpt>
      <trkpt lat="30.536688" lon="-97.778080"></trkpt>
      <trkpt lat="30.536470" lon="-97.778448"></trkpt>
      <trkpt lat="30.536117" lon="-97.779163"></trkpt>
      <trkpt lat="30.535884" lon="-97.779678"></trkpt>
      <trkpt lat="30.535684" lon="-97.780132"></trkpt>
      <trkpt lat="30.535392" lon="-97.780863"></trkpt>
      <trkpt lat="30.535163" lon="-97.781417"></trkpt>
      <trkpt lat="30.535044" lon="-97.781763"></trkpt>
      <trkpt lat="30.535011" lon="-97.781860"></trkpt>
      <trkpt lat="30.534905" lon="-97.782165"></trkpt>
      <trkpt lat="30.534800" lon="-97.782493"></trkpt>
      <trkpt lat="30.534765" lon="-97.782600"></trkpt>
      <trkpt lat="30.534721" lon="-97.782762"></trkpt>
      <trkpt lat="30.534799" lon="-97.782798"></trkpt>
    </trkseg>
  </trk>
</gpx>
