<?xml version='1.0' encoding='UTF-8'?>
<gpx version="1.1" creator="Antigravity Route Generator" xmlns="http://www.topografix.com/GPX/1/1">
  <trk>
    <name>The Three Twisted Sisters Circuit</name>
    <desc>Twisties &amp; Canyons (174.0 mi) - FM 337 -&gt; FM 335 -&gt; FM 336 -&gt; FM 337 (100-mi canyon loop)</desc>
    <trkseg>
      <trkpt lat="29.725969" lon="-99.7618" />
      <trkpt lat="29.725826" lon="-99.76183" />
      <trkpt lat="29.725753" lon="-99.761829" />
      <trkpt lat="29.725678" lon="-99.761826" />
      <trkpt lat="29.724991" lon="-99.761947" />
      <trkpt lat="29.724225" lon="-99.762086" />
      <trkpt lat="29.724301" lon="-99.762544" />
      <trkpt lat="29.724363" lon="-99.76292" />
      <trkpt lat="29.724394" lon="-99.763106" />
      <trkpt lat="29.724416" lon="-99.763238" />
      <trkpt lat="29.724514" lon="-99.763807" />
      <trkpt lat="29.724551" lon="-99.764031" />
      <trkpt lat="29.724642" lon="-99.764546" />
      <trkpt lat="29.724666" lon="-99.764828" />
      <trkpt lat="29.724666" lon="-99.764867" />
      <trkpt lat="29.724677" lon="-99.765141" />
      <trkpt lat="29.724688" lon="-99.765719" />
      <trkpt lat="29.724697" lon="-99.766197" />
      <trkpt lat="29.724705" lon="-99.766505" />
      <trkpt lat="29.724697" lon="-99.767674" />
      <trkpt lat="29.72469" lon="-99.768618" />
      <trkpt lat="29.724697" lon="-99.769963" />
      <trkpt lat="29.724691" lon="-99.770582" />
      <trkpt lat="29.724691" lon="-99.770601" />
      <trkpt lat="29.724692" lon="-99.770978" />
      <trkpt lat="29.724691" lon="-99.771307" />
      <trkpt lat="29.72469" lon="-99.771443" />
      <trkpt lat="29.724684" lon="-99.772098" />
      <trkpt lat="29.724683" lon="-99.772168" />
      <trkpt lat="29.724705" lon="-99.772555" />
      <trkpt lat="29.724726" lon="-99.772755" />
      <trkpt lat="29.72481" lon="-99.773021" />
      <trkpt lat="29.724918" lon="-99.77329" />
      <trkpt lat="29.725045" lon="-99.773491" />
      <trkpt lat="29.725263" lon="-99.773766" />
      <trkpt lat="29.725618" lon="-99.774101" />
      <trkpt lat="29.726022" lon="-99.774498" />
      <trkpt lat="29.726354" lon="-99.774816" />
      <trkpt lat="29.726587" lon="-99.775045" />
      <trkpt lat="29.727083" lon="-99.77554" />
      <trkpt lat="29.728181" lon="-99.776654" />
      <trkpt lat="29.728199" lon="-99.776672" />
      <trkpt lat="29.729311" lon="-99.777764" />
      <trkpt lat="29.730298" lon="-99.778765" />
      <trkpt lat="29.731543" lon="-99.780246" />
      <trkpt lat="29.732265" lon="-99.781171" />
      <trkpt lat="29.732927" lon="-99.78202" />
      <trkpt lat="29.733158" lon="-99.782362" />
      <trkpt lat="29.733298" lon="-99.782596" />
      <trkpt lat="29.73345" lon="-99.782895" />
      <trkpt lat="29.733719" lon="-99.783541" />
      <trkpt lat="29.733828" lon="-99.783895" />
      <trkpt lat="29.73391" lon="-99.784191" />
      <trkpt lat="29.734254" lon="-99.78597" />
      <trkpt lat="29.734754" lon="-99.788733" />
      <trkpt lat="29.734821" lon="-99.78907" />
      <trkpt lat="29.73488" lon="-99.789373" />
      <trkpt lat="29.734954" lon="-99.789679" />
      <trkpt lat="29.735039" lon="-99.79" />
      <trkpt lat="29.735176" lon="-99.790454" />
      <trkpt lat="29.735293" lon="-99.790851" />
      <trkpt lat="29.735798" lon="-99.792147" />
      <trkpt lat="29.736087" lon="-99.792831" />
      <trkpt lat="29.736198" lon="-99.79313" />
      <trkpt lat="29.736276" lon="-99.793375" />
      <trkpt lat="29.736346" lon="-99.793736" />
      <trkpt lat="29.736376" lon="-99.793999" />
      <trkpt lat="29.73638" lon="-99.794326" />
      <trkpt lat="29.73638" lon="-99.794463" />
      <trkpt lat="29.736378" lon="-99.794899" />
      <trkpt lat="29.736375" lon="-99.795368" />
      <trkpt lat="29.736372" lon="-99.796043" />
      <trkpt lat="29.736385" lon="-99.796835" />
      <trkpt lat="29.736403" lon="-99.797222" />
      <trkpt lat="29.736416" lon="-99.797368" />
      <trkpt lat="29.736472" lon="-99.797781" />
      <trkpt lat="29.736631" lon="-99.798715" />
      <trkpt lat="29.736748" lon="-99.799445" />
      <trkpt lat="29.736824" lon="-99.800005" />
      <trkpt lat="29.736861" lon="-99.800389" />
      <trkpt lat="29.736892" lon="-99.80103" />
      <trkpt lat="29.736957" lon="-99.802487" />
      <trkpt lat="29.736986" lon="-99.802917" />
      <trkpt lat="29.737011" lon="-99.803166" />
      <trkpt lat="29.737086" lon="-99.803543" />
      <trkpt lat="29.7372" lon="-99.803903" />
      <trkpt lat="29.73726" lon="-99.804069" />
      <trkpt lat="29.737354" lon="-99.804259" />
      <trkpt lat="29.737474" lon="-99.804526" />
      <trkpt lat="29.737667" lon="-99.804841" />
      <trkpt lat="29.738029" lon="-99.805382" />
      <trkpt lat="29.738522" lon="-99.806156" />
      <trkpt lat="29.7392" lon="-99.807378" />
      <trkpt lat="29.740186" lon="-99.809257" />
      <trkpt lat="29.74029" lon="-99.809464" />
      <trkpt lat="29.740406" lon="-99.809705" />
      <trkpt lat="29.740532" lon="-99.810028" />
      <trkpt lat="29.740629" lon="-99.810344" />
      <trkpt lat="29.740677" lon="-99.810573" />
      <trkpt lat="29.740695" lon="-99.810775" />
      <trkpt lat="29.740703" lon="-99.811069" />
      <trkpt lat="29.740691" lon="-99.811331" />
      <trkpt lat="29.740666" lon="-99.811576" />
      <trkpt lat="29.7404" lon="-99.813171" />
      <trkpt lat="29.740073" lon="-99.815183" />
      <trkpt lat="29.740007" lon="-99.815585" />
      <trkpt lat="29.73992" lon="-99.816157" />
      <trkpt lat="29.739901" lon="-99.816336" />
      <trkpt lat="29.739906" lon="-99.816543" />
      <trkpt lat="29.73992" lon="-99.816705" />
      <trkpt lat="29.739968" lon="-99.816912" />
      <trkpt lat="29.740047" lon="-99.817114" />
      <trkpt lat="29.740141" lon="-99.817293" />
      <trkpt lat="29.740255" lon="-99.817464" />
      <trkpt lat="29.740545" lon="-99.817783" />
      <trkpt lat="29.740889" lon="-99.818083" />
      <trkpt lat="29.741104" lon="-99.818308" />
      <trkpt lat="29.741211" lon="-99.818502" />
      <trkpt lat="29.741237" lon="-99.818605" />
      <trkpt lat="29.741252" lon="-99.818757" />
      <trkpt lat="29.741237" lon="-99.818891" />
      <trkpt lat="29.741218" lon="-99.818998" />
      <trkpt lat="29.741212" lon="-99.819023" />
      <trkpt lat="29.741184" lon="-99.819115" />
      <trkpt lat="29.741122" lon="-99.819218" />
      <trkpt lat="29.74105" lon="-99.819327" />
      <trkpt lat="29.740974" lon="-99.820623" />
      <trkpt lat="29.741106" lon="-99.820687" />
      <trkpt lat="29.741254" lon="-99.820804" />
      <trkpt lat="29.741372" lon="-99.820938" />
      <trkpt lat="29.74171" lon="-99.821469" />
      <trkpt lat="29.741839" lon="-99.821674" />
      <trkpt lat="29.741954" lon="-99.821927" />
      <trkpt lat="29.742063" lon="-99.822165" />
      <trkpt lat="29.742159" lon="-99.822345" />
      <trkpt lat="29.74221" lon="-99.822426" />
      <trkpt lat="29.742293" lon="-99.822516" />
      <trkpt lat="29.742383" lon="-99.822577" />
      <trkpt lat="29.742519" lon="-99.822652" />
      <trkpt lat="29.742625" lon="-99.822685" />
      <trkpt lat="29.742745" lon="-99.822687" />
      <trkpt lat="29.74291" lon="-99.822674" />
      <trkpt lat="29.743064" lon="-99.822631" />
      <trkpt lat="29.743211" lon="-99.82256" />
      <trkpt lat="29.743547" lon="-99.822418" />
      <trkpt lat="29.743707" lon="-99.822361" />
      <trkpt lat="29.743852" lon="-99.822337" />
      <trkpt lat="29.743989" lon="-99.822328" />
      <trkpt lat="29.744129" lon="-99.822347" />
      <trkpt lat="29.744235" lon="-99.822367" />
      <trkpt lat="29.744348" lon="-99.822403" />
      <trkpt lat="29.744468" lon="-99.822457" />
      <trkpt lat="29.744572" lon="-99.822528" />
      <trkpt lat="29.744723" lon="-99.822664" />
      <trkpt lat="29.744841" lon="-99.822821" />
      <trkpt lat="29.744916" lon="-99.822985" />
      <trkpt lat="29.744971" lon="-99.823148" />
      <trkpt lat="29.744994" lon="-99.82331" />
      <trkpt lat="29.744971" lon="-99.823655" />
      <trkpt lat="29.744973" lon="-99.823861" />
      <trkpt lat="29.744999" lon="-99.824034" />
      <trkpt lat="29.745048" lon="-99.824214" />
      <trkpt lat="29.745101" lon="-99.824327" />
      <trkpt lat="29.745174" lon="-99.824441" />
      <trkpt lat="29.745312" lon="-99.824575" />
      <trkpt lat="29.745447" lon="-99.824656" />
      <trkpt lat="29.745594" lon="-99.82469" />
      <trkpt lat="29.745738" lon="-99.824715" />
      <trkpt lat="29.745939" lon="-99.824707" />
      <trkpt lat="29.74637" lon="-99.824678" />
      <trkpt lat="29.746615" lon="-99.824628" />
      <trkpt lat="29.746777" lon="-99.824516" />
      <trkpt lat="29.746994" lon="-99.824261" />
      <trkpt lat="29.747764" lon="-99.82324" />
      <trkpt lat="29.747882" lon="-99.823137" />
      <trkpt lat="29.748" lon="-99.823067" />
      <trkpt lat="29.748338" lon="-99.822946" />
      <trkpt lat="29.748711" lon="-99.82286" />
      <trkpt lat="29.749354" lon="-99.822829" />
      <trkpt lat="29.750021" lon="-99.822819" />
      <trkpt lat="29.750203" lon="-99.822877" />
      <trkpt lat="29.750344" lon="-99.822957" />
      <trkpt lat="29.750485" lon="-99.823056" />
      <trkpt lat="29.750636" lon="-99.823232" />
      <trkpt lat="29.750761" lon="-99.823372" />
      <trkpt lat="29.75153" lon="-99.824427" />
      <trkpt lat="29.752062" lon="-99.825122" />
      <trkpt lat="29.75233" lon="-99.825544" />
      <trkpt lat="29.752476" lon="-99.825762" />
      <trkpt lat="29.752611" lon="-99.826027" />
      <trkpt lat="29.752747" lon="-99.826311" />
      <trkpt lat="29.752891" lon="-99.826641" />
      <trkpt lat="29.753141" lon="-99.82744" />
      <trkpt lat="29.75325" lon="-99.827818" />
      <trkpt lat="29.753407" lon="-99.828277" />
      <trkpt lat="29.753517" lon="-99.828476" />
      <trkpt lat="29.753725" lon="-99.82876" />
      <trkpt lat="29.753808" lon="-99.828837" />
      <trkpt lat="29.75393" lon="-99.82895" />
      <trkpt lat="29.754196" lon="-99.829136" />
      <trkpt lat="29.754544" lon="-99.829285" />
      <trkpt lat="29.755713" lon="-99.82973" />
      <trkpt lat="29.756093" lon="-99.829856" />
      <trkpt lat="29.756436" lon="-99.829998" />
      <trkpt lat="29.756817" lon="-99.830171" />
      <trkpt lat="29.757142" lon="-99.830366" />
      <trkpt lat="29.757411" lon="-99.830528" />
      <trkpt lat="29.757755" lon="-99.830744" />
      <trkpt lat="29.758288" lon="-99.831136" />
      <trkpt lat="29.759335" lon="-99.832086" />
      <trkpt lat="29.759715" lon="-99.83243" />
      <trkpt lat="29.761212" lon="-99.833743" />
      <trkpt lat="29.764119" lon="-99.83636" />
      <trkpt lat="29.765563" lon="-99.83763" />
      <trkpt lat="29.768398" lon="-99.840211" />
      <trkpt lat="29.768937" lon="-99.840699" />
      <trkpt lat="29.769322" lon="-99.841069" />
      <trkpt lat="29.769507" lon="-99.841287" />
      <trkpt lat="29.7697" lon="-99.841566" />
      <trkpt lat="29.769891" lon="-99.841917" />
      <trkpt lat="29.770046" lon="-99.842235" />
      <trkpt lat="29.770159" lon="-99.842492" />
      <trkpt lat="29.770286" lon="-99.842868" />
      <trkpt lat="29.770637" lon="-99.844281" />
      <trkpt lat="29.77108" lon="-99.846068" />
      <trkpt lat="29.771186" lon="-99.846497" />
      <trkpt lat="29.771752" lon="-99.848694" />
      <trkpt lat="29.772875" lon="-99.853092" />
      <trkpt lat="29.772921" lon="-99.853277" />
      <trkpt lat="29.772979" lon="-99.853512" />
      <trkpt lat="29.773083" lon="-99.853931" />
      <trkpt lat="29.773433" lon="-99.855341" />
      <trkpt lat="29.774026" lon="-99.857618" />
      <trkpt lat="29.774615" lon="-99.860032" />
      <trkpt lat="29.775169" lon="-99.862234" />
      <trkpt lat="29.775629" lon="-99.864081" />
      <trkpt lat="29.775668" lon="-99.864506" />
      <trkpt lat="29.77567" lon="-99.864774" />
      <trkpt lat="29.775618" lon="-99.865142" />
      <trkpt lat="29.775563" lon="-99.865372" />
      <trkpt lat="29.775459" lon="-99.865682" />
      <trkpt lat="29.775284" lon="-99.866034" />
      <trkpt lat="29.775088" lon="-99.866316" />
      <trkpt lat="29.77486" lon="-99.866582" />
      <trkpt lat="29.774423" lon="-99.866917" />
      <trkpt lat="29.772331" lon="-99.868418" />
      <trkpt lat="29.772189" lon="-99.868552" />
      <trkpt lat="29.77202" lon="-99.868712" />
      <trkpt lat="29.771871" lon="-99.86895" />
      <trkpt lat="29.771711" lon="-99.869251" />
      <trkpt lat="29.771587" lon="-99.869582" />
      <trkpt lat="29.771539" lon="-99.869925" />
      <trkpt lat="29.771511" lon="-99.870349" />
      <trkpt lat="29.771698" lon="-99.873486" />
      <trkpt lat="29.771728" lon="-99.874266" />
      <trkpt lat="29.771721" lon="-99.874687" />
      <trkpt lat="29.771686" lon="-99.875327" />
      <trkpt lat="29.771587" lon="-99.87599" />
      <trkpt lat="29.771583" lon="-99.87601" />
      <trkpt lat="29.771104" lon="-99.878351" />
      <trkpt lat="29.77063" lon="-99.880706" />
      <trkpt lat="29.770245" lon="-99.8825" />
      <trkpt lat="29.770103" lon="-99.883164" />
      <trkpt lat="29.770024" lon="-99.883556" />
      <trkpt lat="29.769454" lon="-99.886364" />
      <trkpt lat="29.769192" lon="-99.887924" />
      <trkpt lat="29.768954" lon="-99.890179" />
      <trkpt lat="29.768745" lon="-99.892208" />
      <trkpt lat="29.768556" lon="-99.894136" />
      <trkpt lat="29.76846" lon="-99.895393" />
      <trkpt lat="29.768366" lon="-99.895872" />
      <trkpt lat="29.76821" lon="-99.896323" />
      <trkpt lat="29.767953" lon="-99.896872" />
      <trkpt lat="29.767862" lon="-99.897021" />
      <trkpt lat="29.767686" lon="-99.897269" />
      <trkpt lat="29.767454" lon="-99.897551" />
      <trkpt lat="29.766841" lon="-99.898155" />
      <trkpt lat="29.765599" lon="-99.89947" />
      <trkpt lat="29.764998" lon="-99.900097" />
      <trkpt lat="29.764779" lon="-99.900325" />
      <trkpt lat="29.764468" lon="-99.900639" />
      <trkpt lat="29.763034" lon="-99.902158" />
      <trkpt lat="29.762535" lon="-99.902678" />
      <trkpt lat="29.762015" lon="-99.903206" />
      <trkpt lat="29.761784" lon="-99.903419" />
      <trkpt lat="29.761416" lon="-99.903773" />
      <trkpt lat="29.761235" lon="-99.903923" />
      <trkpt lat="29.760989" lon="-99.904105" />
      <trkpt lat="29.760585" lon="-99.904367" />
      <trkpt lat="29.760178" lon="-99.904599" />
      <trkpt lat="29.759436" lon="-99.904991" />
      <trkpt lat="29.757845" lon="-99.905811" />
      <trkpt lat="29.756359" lon="-99.90659" />
      <trkpt lat="29.755242" lon="-99.907179" />
      <trkpt lat="29.755062" lon="-99.907249" />
      <trkpt lat="29.754939" lon="-99.907267" />
      <trkpt lat="29.754828" lon="-99.907263" />
      <trkpt lat="29.754716" lon="-99.907249" />
      <trkpt lat="29.754602" lon="-99.907209" />
      <trkpt lat="29.754459" lon="-99.907127" />
      <trkpt lat="29.753818" lon="-99.906708" />
      <trkpt lat="29.753577" lon="-99.906507" />
      <trkpt lat="29.753469" lon="-99.906391" />
      <trkpt lat="29.753343" lon="-99.9062" />
      <trkpt lat="29.753161" lon="-99.905785" />
      <trkpt lat="29.753045" lon="-99.905562" />
      <trkpt lat="29.752985" lon="-99.905474" />
      <trkpt lat="29.752913" lon="-99.905401" />
      <trkpt lat="29.75281" lon="-99.905326" />
      <trkpt lat="29.75272" lon="-99.905297" />
      <trkpt lat="29.752172" lon="-99.905177" />
      <trkpt lat="29.752082" lon="-99.905156" />
      <trkpt lat="29.75194" lon="-99.905159" />
      <trkpt lat="29.751829" lon="-99.905191" />
      <trkpt lat="29.751709" lon="-99.905258" />
      <trkpt lat="29.751562" lon="-99.905393" />
      <trkpt lat="29.751197" lon="-99.905841" />
      <trkpt lat="29.750999" lon="-99.906094" />
      <trkpt lat="29.750465" lon="-99.906749" />
      <trkpt lat="29.750216" lon="-99.907092" />
      <trkpt lat="29.750006" lon="-99.907338" />
      <trkpt lat="29.749855" lon="-99.907535" />
      <trkpt lat="29.74953" lon="-99.907877" />
      <trkpt lat="29.749406" lon="-99.907988" />
      <trkpt lat="29.749143" lon="-99.908193" />
      <trkpt lat="29.748941" lon="-99.908325" />
      <trkpt lat="29.748499" lon="-99.908569" />
      <trkpt lat="29.748326" lon="-99.908681" />
      <trkpt lat="29.748197" lon="-99.908781" />
      <trkpt lat="29.748012" lon="-99.908954" />
      <trkpt lat="29.747868" lon="-99.909148" />
      <trkpt lat="29.747763" lon="-99.909321" />
      <trkpt lat="29.747674" lon="-99.909525" />
      <trkpt lat="29.747589" lon="-99.909766" />
      <trkpt lat="29.747473" lon="-99.910137" />
      <trkpt lat="29.747393" lon="-99.91044" />
      <trkpt lat="29.747346" lon="-99.910681" />
      <trkpt lat="29.747282" lon="-99.911165" />
      <trkpt lat="29.747244" lon="-99.911356" />
      <trkpt lat="29.747222" lon="-99.911435" />
      <trkpt lat="29.747167" lon="-99.911511" />
      <trkpt lat="29.747116" lon="-99.91156" />
      <trkpt lat="29.747044" lon="-99.911593" />
      <trkpt lat="29.74695" lon="-99.911599" />
      <trkpt lat="29.746869" lon="-99.911574" />
      <trkpt lat="29.746771" lon="-99.911518" />
      <trkpt lat="29.746507" lon="-99.911343" />
      <trkpt lat="29.746379" lon="-99.91127" />
      <trkpt lat="29.74629" lon="-99.911259" />
      <trkpt lat="29.746195" lon="-99.911264" />
      <trkpt lat="29.746097" lon="-99.911328" />
      <trkpt lat="29.746032" lon="-99.91141" />
      <trkpt lat="29.745981" lon="-99.911535" />
      <trkpt lat="29.745898" lon="-99.911941" />
      <trkpt lat="29.745847" lon="-99.912208" />
      <trkpt lat="29.745842" lon="-99.912423" />
      <trkpt lat="29.745859" lon="-99.912616" />
      <trkpt lat="29.745952" lon="-99.912993" />
      <trkpt lat="29.745971" lon="-99.913144" />
      <trkpt lat="29.745964" lon="-99.913303" />
      <trkpt lat="29.74591" lon="-99.913459" />
      <trkpt lat="29.745824" lon="-99.91358" />
      <trkpt lat="29.745557" lon="-99.913843" />
      <trkpt lat="29.745302" lon="-99.914065" />
      <trkpt lat="29.74511" lon="-99.914191" />
      <trkpt lat="29.74492" lon="-99.914201" />
      <trkpt lat="29.744619" lon="-99.914083" />
      <trkpt lat="29.744261" lon="-99.913916" />
      <trkpt lat="29.743966" lon="-99.913817" />
      <trkpt lat="29.74364" lon="-99.913823" />
      <trkpt lat="29.743423" lon="-99.913894" />
      <trkpt lat="29.743185" lon="-99.913916" />
      <trkpt lat="29.742947" lon="-99.913853" />
      <trkpt lat="29.74271" lon="-99.913742" />
      <trkpt lat="29.742483" lon="-99.913691" />
      <trkpt lat="29.742245" lon="-99.913737" />
      <trkpt lat="29.742069" lon="-99.913899" />
      <trkpt lat="29.741805" lon="-99.914197" />
      <trkpt lat="29.741635" lon="-99.914335" />
      <trkpt lat="29.741327" lon="-99.914496" />
      <trkpt lat="29.741094" lon="-99.914639" />
      <trkpt lat="29.740902" lon="-99.914855" />
      <trkpt lat="29.740784" lon="-99.915109" />
      <trkpt lat="29.740659" lon="-99.915568" />
      <trkpt lat="29.740493" lon="-99.915876" />
      <trkpt lat="29.739814" lon="-99.916594" />
      <trkpt lat="29.739758" lon="-99.916649" />
      <trkpt lat="29.739287" lon="-99.91708" />
      <trkpt lat="29.738755" lon="-99.917517" />
      <trkpt lat="29.737955" lon="-99.918125" />
      <trkpt lat="29.737605" lon="-99.918328" />
      <trkpt lat="29.737254" lon="-99.918555" />
      <trkpt lat="29.7371" lon="-99.918723" />
      <trkpt lat="29.736959" lon="-99.918923" />
      <trkpt lat="29.736939" lon="-99.918952" />
      <trkpt lat="29.736826" lon="-99.91932" />
      <trkpt lat="29.736611" lon="-99.919809" />
      <trkpt lat="29.736355" lon="-99.92014" />
      <trkpt lat="29.73607" lon="-99.920425" />
      <trkpt lat="29.735767" lon="-99.92064" />
      <trkpt lat="29.735416" lon="-99.920855" />
      <trkpt lat="29.735273" lon="-99.920999" />
      <trkpt lat="29.735246" lon="-99.921026" />
      <trkpt lat="29.735081" lon="-99.921192" />
      <trkpt lat="29.734883" lon="-99.921469" />
      <trkpt lat="29.734743" lon="-99.921831" />
      <trkpt lat="29.734542" lon="-99.922995" />
      <trkpt lat="29.734417" lon="-99.923467" />
      <trkpt lat="29.734239" lon="-99.924004" />
      <trkpt lat="29.733968" lon="-99.924573" />
      <trkpt lat="29.733899" lon="-99.924696" />
      <trkpt lat="29.733685" lon="-99.925024" />
      <trkpt lat="29.73272" lon="-99.926144" />
      <trkpt lat="29.732287" lon="-99.926647" />
      <trkpt lat="29.732181" lon="-99.92677" />
      <trkpt lat="29.731781" lon="-99.927257" />
      <trkpt lat="29.731423" lon="-99.927859" />
      <trkpt lat="29.731156" lon="-99.928544" />
      <trkpt lat="29.730316" lon="-99.931115" />
      <trkpt lat="29.730132" lon="-99.931688" />
      <trkpt lat="29.729361" lon="-99.934081" />
      <trkpt lat="29.728689" lon="-99.936171" />
      <trkpt lat="29.728473" lon="-99.936817" />
      <trkpt lat="29.728374" lon="-99.937245" />
      <trkpt lat="29.728353" lon="-99.937337" />
      <trkpt lat="29.728325" lon="-99.937458" />
      <trkpt lat="29.72821" lon="-99.93802" />
      <trkpt lat="29.728178" lon="-99.938553" />
      <trkpt lat="29.728141" lon="-99.939155" />
      <trkpt lat="29.728145" lon="-99.939859" />
      <trkpt lat="29.728151" lon="-99.9407" />
      <trkpt lat="29.728152" lon="-99.940876" />
      <trkpt lat="29.728159" lon="-99.942194" />
      <trkpt lat="29.728158" lon="-99.944608" />
      <trkpt lat="29.728158" lon="-99.945183" />
      <trkpt lat="29.72817" lon="-99.947441" />
      <trkpt lat="29.728157" lon="-99.947644" />
      <trkpt lat="29.728133" lon="-99.948046" />
      <trkpt lat="29.72805" lon="-99.948585" />
      <trkpt lat="29.727958" lon="-99.948971" />
      <trkpt lat="29.72778" lon="-99.949424" />
      <trkpt lat="29.727549" lon="-99.949907" />
      <trkpt lat="29.727376" lon="-99.950199" />
      <trkpt lat="29.726188" lon="-99.951909" />
      <trkpt lat="29.724723" lon="-99.95398" />
      <trkpt lat="29.72441" lon="-99.95443" />
      <trkpt lat="29.724378" lon="-99.954494" />
      <trkpt lat="29.724242" lon="-99.954761" />
      <trkpt lat="29.723933" lon="-99.95537" />
      <trkpt lat="29.723332" lon="-99.956876" />
      <trkpt lat="29.721774" lon="-99.961259" />
      <trkpt lat="29.721371" lon="-99.962331" />
      <trkpt lat="29.72116" lon="-99.962892" />
      <trkpt lat="29.721054" lon="-99.963088" />
      <trkpt lat="29.720897" lon="-99.963375" />
      <trkpt lat="29.720694" lon="-99.96367" />
      <trkpt lat="29.72057" lon="-99.963832" />
      <trkpt lat="29.719571" lon="-99.965134" />
      <trkpt lat="29.718078" lon="-99.967128" />
      <trkpt lat="29.717643" lon="-99.967699" />
      <trkpt lat="29.717244" lon="-99.968222" />
      <trkpt lat="29.716604" lon="-99.969062" />
      <trkpt lat="29.714965" lon="-99.971235" />
      <trkpt lat="29.713681" lon="-99.972946" />
      <trkpt lat="29.713286" lon="-99.973451" />
      <trkpt lat="29.71303" lon="-99.973752" />
      <trkpt lat="29.712732" lon="-99.974046" />
      <trkpt lat="29.712396" lon="-99.974315" />
      <trkpt lat="29.712155" lon="-99.974485" />
      <trkpt lat="29.710361" lon="-99.975335" />
      <trkpt lat="29.708992" lon="-99.975987" />
      <trkpt lat="29.706813" lon="-99.977002" />
      <trkpt lat="29.705564" lon="-99.977584" />
      <trkpt lat="29.703933" lon="-99.978358" />
      <trkpt lat="29.702258" lon="-99.979138" />
      <trkpt lat="29.701968" lon="-99.979284" />
      <trkpt lat="29.701807" lon="-99.979364" />
      <trkpt lat="29.700567" lon="-99.980137" />
      <trkpt lat="29.70043" lon="-99.980229" />
      <trkpt lat="29.70035" lon="-99.980282" />
      <trkpt lat="29.70027" lon="-99.980336" />
      <trkpt lat="29.70012" lon="-99.980437" />
      <trkpt lat="29.699827" lon="-99.980634" />
      <trkpt lat="29.699007" lon="-99.981184" />
      <trkpt lat="29.698832" lon="-99.981289" />
      <trkpt lat="29.698777" lon="-99.981322" />
      <trkpt lat="29.698258" lon="-99.981631" />
      <trkpt lat="29.697496" lon="-99.982063" />
      <trkpt lat="29.697391" lon="-99.982124" />
      <trkpt lat="29.695811" lon="-99.983033" />
      <trkpt lat="29.69565" lon="-99.983123" />
      <trkpt lat="29.694458" lon="-99.983791" />
      <trkpt lat="29.694119" lon="-99.98398" />
      <trkpt lat="29.692441" lon="-99.984925" />
      <trkpt lat="29.692327" lon="-99.984989" />
      <trkpt lat="29.691682" lon="-99.985358" />
      <trkpt lat="29.691201" lon="-99.985633" />
      <trkpt lat="29.690964" lon="-99.985767" />
      <trkpt lat="29.690646" lon="-99.985939" />
      <trkpt lat="29.690301" lon="-99.986135" />
      <trkpt lat="29.689802" lon="-99.986355" />
      <trkpt lat="29.68974" lon="-99.986375" />
      <trkpt lat="29.689232" lon="-99.98654" />
      <trkpt lat="29.688368" lon="-99.986846" />
      <trkpt lat="29.687907" lon="-99.987025" />
      <trkpt lat="29.6877" lon="-99.987106" />
      <trkpt lat="29.687384" lon="-99.987306" />
      <trkpt lat="29.687358" lon="-99.987324" />
      <trkpt lat="29.687038" lon="-99.987545" />
      <trkpt lat="29.686719" lon="-99.987845" />
      <trkpt lat="29.685554" lon="-99.989169" />
      <trkpt lat="29.684573" lon="-99.990298" />
      <trkpt lat="29.683929" lon="-99.991057" />
      <trkpt lat="29.683349" lon="-99.99173" />
      <trkpt lat="29.682962" lon="-99.992202" />
      <trkpt lat="29.682369" lon="-99.992904" />
      <trkpt lat="29.680385" lon="-99.995198" />
      <trkpt lat="29.679679" lon="-99.996012" />
      <trkpt lat="29.679042" lon="-99.996747" />
      <trkpt lat="29.678521" lon="-99.997357" />
      <trkpt lat="29.677715" lon="-99.998299" />
      <trkpt lat="29.677453" lon="-99.998614" />
      <trkpt lat="29.67722" lon="-99.998892" />
      <trkpt lat="29.676978" lon="-99.999182" />
      <trkpt lat="29.675976" lon="-100.000329" />
      <trkpt lat="29.67509" lon="-100.001352" />
      <trkpt lat="29.674823" lon="-100.001661" />
      <trkpt lat="29.673998" lon="-100.002642" />
      <trkpt lat="29.673577" lon="-100.003143" />
      <trkpt lat="29.673533" lon="-100.003195" />
      <trkpt lat="29.673255" lon="-100.003513" />
      <trkpt lat="29.672698" lon="-100.00415" />
      <trkpt lat="29.672128" lon="-100.004803" />
      <trkpt lat="29.671862" lon="-100.005147" />
      <trkpt lat="29.671708" lon="-100.005345" />
      <trkpt lat="29.671471" lon="-100.005681" />
      <trkpt lat="29.671423" lon="-100.00576" />
      <trkpt lat="29.671233" lon="-100.006072" />
      <trkpt lat="29.671177" lon="-100.006224" />
      <trkpt lat="29.671017" lon="-100.006663" />
      <trkpt lat="29.670842" lon="-100.007277" />
      <trkpt lat="29.670483" lon="-100.008625" />
      <trkpt lat="29.670123" lon="-100.009978" />
      <trkpt lat="29.670102" lon="-100.010056" />
      <trkpt lat="29.669828" lon="-100.011086" />
      <trkpt lat="29.669778" lon="-100.011277" />
      <trkpt lat="29.669752" lon="-100.011375" />
      <trkpt lat="29.669695" lon="-100.011589" />
      <trkpt lat="29.669617" lon="-100.011877" />
      <trkpt lat="29.669613" lon="-100.011892" />
      <trkpt lat="29.669491" lon="-100.012339" />
      <trkpt lat="29.669488" lon="-100.012353" />
      <trkpt lat="29.669461" lon="-100.012457" />
      <trkpt lat="29.669541" lon="-100.012486" />
      <trkpt lat="29.66978" lon="-100.012572" />
      <trkpt lat="29.669969" lon="-100.01264" />
      <trkpt lat="29.670072" lon="-100.012677" />
      <trkpt lat="29.670162" lon="-100.012709" />
      <trkpt lat="29.670179" lon="-100.012715" />
      <trkpt lat="29.670445" lon="-100.012809" />
      <trkpt lat="29.670695" lon="-100.012895" />
      <trkpt lat="29.671399" lon="-100.013137" />
      <trkpt lat="29.671854" lon="-100.013297" />
      <trkpt lat="29.672332" lon="-100.013464" />
      <trkpt lat="29.673537" lon="-100.013892" />
      <trkpt lat="29.674617" lon="-100.014277" />
      <trkpt lat="29.674895" lon="-100.01437" />
      <trkpt lat="29.675052" lon="-100.014413" />
      <trkpt lat="29.675177" lon="-100.014447" />
      <trkpt lat="29.67525" lon="-100.014468" />
      <trkpt lat="29.675387" lon="-100.014506" />
      <trkpt lat="29.675523" lon="-100.014544" />
      <trkpt lat="29.676066" lon="-100.014647" />
      <trkpt lat="29.676469" lon="-100.014724" />
      <trkpt lat="29.676584" lon="-100.014746" />
      <trkpt lat="29.677021" lon="-100.014875" />
      <trkpt lat="29.677359" lon="-100.014985" />
      <trkpt lat="29.677525" lon="-100.015047" />
      <trkpt lat="29.677771" lon="-100.015138" />
      <trkpt lat="29.678178" lon="-100.015317" />
      <trkpt lat="29.678222" lon="-100.015341" />
      <trkpt lat="29.67873" lon="-100.015618" />
      <trkpt lat="29.67936" lon="-100.016076" />
      <trkpt lat="29.680186" lon="-100.016677" />
      <trkpt lat="29.680503" lon="-100.016903" />
      <trkpt lat="29.680842" lon="-100.017153" />
      <trkpt lat="29.681764" lon="-100.017641" />
      <trkpt lat="29.682199" lon="-100.017795" />
      <trkpt lat="29.682814" lon="-100.01805" />
      <trkpt lat="29.683097" lon="-100.018152" />
      <trkpt lat="29.68393" lon="-100.018449" />
      <trkpt lat="29.684064" lon="-100.01849" />
      <trkpt lat="29.685866" lon="-100.019093" />
      <trkpt lat="29.68741" lon="-100.019601" />
      <trkpt lat="29.688234" lon="-100.019908" />
      <trkpt lat="29.688986" lon="-100.020188" />
      <trkpt lat="29.689458" lon="-100.020373" />
      <trkpt lat="29.690151" lon="-100.020689" />
      <trkpt lat="29.690551" lon="-100.020871" />
      <trkpt lat="29.691365" lon="-100.021346" />
      <trkpt lat="29.692371" lon="-100.021935" />
      <trkpt lat="29.693568" lon="-100.022639" />
      <trkpt lat="29.694841" lon="-100.023364" />
      <trkpt lat="29.694989" lon="-100.023448" />
      <trkpt lat="29.69555" lon="-100.023736" />
      <trkpt lat="29.696613" lon="-100.024371" />
      <trkpt lat="29.69783" lon="-100.025118" />
      <trkpt lat="29.699759" lon="-100.0262" />
      <trkpt lat="29.700427" lon="-100.026594" />
      <trkpt lat="29.701197" lon="-100.027048" />
      <trkpt lat="29.701387" lon="-100.02716" />
      <trkpt lat="29.701812" lon="-100.027401" />
      <trkpt lat="29.702288" lon="-100.027672" />
      <trkpt lat="29.702896" lon="-100.028017" />
      <trkpt lat="29.703654" lon="-100.028408" />
      <trkpt lat="29.7046" lon="-100.028824" />
      <trkpt lat="29.704984" lon="-100.028977" />
      <trkpt lat="29.705257" lon="-100.029086" />
      <trkpt lat="29.706023" lon="-100.029304" />
      <trkpt lat="29.706458" lon="-100.029441" />
      <trkpt lat="29.707577" lon="-100.029652" />
      <trkpt lat="29.708843" lon="-100.029885" />
      <trkpt lat="29.709229" lon="-100.029953" />
      <trkpt lat="29.710464" lon="-100.03016" />
      <trkpt lat="29.711039" lon="-100.030265" />
      <trkpt lat="29.711645" lon="-100.030376" />
      <trkpt lat="29.711894" lon="-100.030422" />
      <trkpt lat="29.713356" lon="-100.030673" />
      <trkpt lat="29.713435" lon="-100.030687" />
      <trkpt lat="29.713845" lon="-100.030761" />
      <trkpt lat="29.714779" lon="-100.030929" />
      <trkpt lat="29.716141" lon="-100.031169" />
      <trkpt lat="29.716404" lon="-100.031221" />
      <trkpt lat="29.716426" lon="-100.031225" />
      <trkpt lat="29.716496" lon="-100.031239" />
      <trkpt lat="29.716706" lon="-100.031281" />
      <trkpt lat="29.717477" lon="-100.03151" />
      <trkpt lat="29.717825" lon="-100.031609" />
      <trkpt lat="29.718218" lon="-100.031757" />
      <trkpt lat="29.719141" lon="-100.03214" />
      <trkpt lat="29.719361" lon="-100.032242" />
      <trkpt lat="29.719689" lon="-100.032392" />
      <trkpt lat="29.720039" lon="-100.032553" />
      <trkpt lat="29.720573" lon="-100.032775" />
      <trkpt lat="29.721112" lon="-100.033012" />
      <trkpt lat="29.721718" lon="-100.033301" />
      <trkpt lat="29.72336" lon="-100.034062" />
      <trkpt lat="29.724217" lon="-100.034477" />
      <trkpt lat="29.724586" lon="-100.034642" />
      <trkpt lat="29.72495" lon="-100.03479" />
      <trkpt lat="29.725685" lon="-100.035081" />
      <trkpt lat="29.726884" lon="-100.035518" />
      <trkpt lat="29.727572" lon="-100.035768" />
      <trkpt lat="29.727947" lon="-100.035889" />
      <trkpt lat="29.72828" lon="-100.036031" />
      <trkpt lat="29.728319" lon="-100.036059" />
      <trkpt lat="29.728583" lon="-100.036314" />
      <trkpt lat="29.728729" lon="-100.036461" />
      <trkpt lat="29.728816" lon="-100.036564" />
      <trkpt lat="29.728969" lon="-100.0368" />
      <trkpt lat="29.729047" lon="-100.036934" />
      <trkpt lat="29.729124" lon="-100.037079" />
      <trkpt lat="29.731613" lon="-100.042709" />
      <trkpt lat="29.731872" lon="-100.043365" />
      <trkpt lat="29.732706" lon="-100.045094" />
      <trkpt lat="29.733473" lon="-100.04655" />
      <trkpt lat="29.733901" lon="-100.047364" />
      <trkpt lat="29.735078" lon="-100.049633" />
      <trkpt lat="29.736237" lon="-100.051855" />
      <trkpt lat="29.73734" lon="-100.054022" />
      <trkpt lat="29.738417" lon="-100.056094" />
      <trkpt lat="29.73865" lon="-100.056536" />
      <trkpt lat="29.739443" lon="-100.058038" />
      <trkpt lat="29.74072" lon="-100.060532" />
      <trkpt lat="29.741199" lon="-100.061354" />
      <trkpt lat="29.741324" lon="-100.06158" />
      <trkpt lat="29.741489" lon="-100.061866" />
      <trkpt lat="29.741789" lon="-100.062306" />
      <trkpt lat="29.742115" lon="-100.062809" />
      <trkpt lat="29.74215" lon="-100.062856" />
      <trkpt lat="29.743257" lon="-100.064244" />
      <trkpt lat="29.743592" lon="-100.064598" />
      <trkpt lat="29.743782" lon="-100.064784" />
      <trkpt lat="29.744838" lon="-100.065816" />
      <trkpt lat="29.746355" lon="-100.067323" />
      <trkpt lat="29.74669" lon="-100.067645" />
      <trkpt lat="29.747823" lon="-100.068735" />
      <trkpt lat="29.748872" lon="-100.069727" />
      <trkpt lat="29.749134" lon="-100.069975" />
      <trkpt lat="29.74939" lon="-100.070217" />
      <trkpt lat="29.7501" lon="-100.07092" />
      <trkpt lat="29.750179" lon="-100.070987" />
      <trkpt lat="29.750619" lon="-100.071442" />
      <trkpt lat="29.751628" lon="-100.072444" />
      <trkpt lat="29.752686" lon="-100.073455" />
      <trkpt lat="29.752903" lon="-100.073664" />
      <trkpt lat="29.753737" lon="-100.07447" />
      <trkpt lat="29.754801" lon="-100.07554" />
      <trkpt lat="29.755713" lon="-100.076425" />
      <trkpt lat="29.755967" lon="-100.076639" />
      <trkpt lat="29.756099" lon="-100.07675" />
      <trkpt lat="29.756448" lon="-100.076999" />
      <trkpt lat="29.75662" lon="-100.077122" />
      <trkpt lat="29.756944" lon="-100.077298" />
      <trkpt lat="29.757151" lon="-100.07742" />
      <trkpt lat="29.757312" lon="-100.077514" />
      <trkpt lat="29.757765" lon="-100.077745" />
      <trkpt lat="29.758158" lon="-100.077906" />
      <trkpt lat="29.758601" lon="-100.078061" />
      <trkpt lat="29.758943" lon="-100.078156" />
      <trkpt lat="29.759407" lon="-100.078261" />
      <trkpt lat="29.7597" lon="-100.078299" />
      <trkpt lat="29.760018" lon="-100.07833" />
      <trkpt lat="29.760825" lon="-100.078373" />
      <trkpt lat="29.761802" lon="-100.078402" />
      <trkpt lat="29.764106" lon="-100.078472" />
      <trkpt lat="29.764421" lon="-100.078481" />
      <trkpt lat="29.765672" lon="-100.078497" />
      <trkpt lat="29.767" lon="-100.078537" />
      <trkpt lat="29.767999" lon="-100.078546" />
      <trkpt lat="29.768612" lon="-100.078563" />
      <trkpt lat="29.769051" lon="-100.078575" />
      <trkpt lat="29.769761" lon="-100.078584" />
      <trkpt lat="29.770071" lon="-100.078588" />
      <trkpt lat="29.770886" lon="-100.078608" />
      <trkpt lat="29.771158" lon="-100.078614" />
      <trkpt lat="29.77192" lon="-100.078648" />
      <trkpt lat="29.772423" lon="-100.078705" />
      <trkpt lat="29.772824" lon="-100.078784" />
      <trkpt lat="29.772899" lon="-100.078804" />
      <trkpt lat="29.773347" lon="-100.078926" />
      <trkpt lat="29.773992" lon="-100.079167" />
      <trkpt lat="29.775635" lon="-100.07993" />
      <trkpt lat="29.77644" lon="-100.080269" />
      <trkpt lat="29.776948" lon="-100.080503" />
      <trkpt lat="29.777241" lon="-100.08062" />
      <trkpt lat="29.777628" lon="-100.080728" />
      <trkpt lat="29.778158" lon="-100.08082" />
      <trkpt lat="29.778588" lon="-100.080829" />
      <trkpt lat="29.77899" lon="-100.080827" />
      <trkpt lat="29.779308" lon="-100.08079" />
      <trkpt lat="29.780247" lon="-100.080582" />
      <trkpt lat="29.781266" lon="-100.080327" />
      <trkpt lat="29.7817" lon="-100.080279" />
      <trkpt lat="29.782284" lon="-100.080263" />
      <trkpt lat="29.78256" lon="-100.080266" />
      <trkpt lat="29.782884" lon="-100.080306" />
      <trkpt lat="29.783116" lon="-100.080352" />
      <trkpt lat="29.783341" lon="-100.080405" />
      <trkpt lat="29.784402" lon="-100.080726" />
      <trkpt lat="29.784489" lon="-100.080752" />
      <trkpt lat="29.786089" lon="-100.081212" />
      <trkpt lat="29.786801" lon="-100.081334" />
      <trkpt lat="29.787367" lon="-100.081376" />
      <trkpt lat="29.78785" lon="-100.081331" />
      <trkpt lat="29.788158" lon="-100.081286" />
      <trkpt lat="29.788441" lon="-100.081237" />
      <trkpt lat="29.788858" lon="-100.081103" />
      <trkpt lat="29.789949" lon="-100.080592" />
      <trkpt lat="29.790384" lon="-100.080381" />
      <trkpt lat="29.791069" lon="-100.080061" />
      <trkpt lat="29.791398" lon="-100.079937" />
      <trkpt lat="29.792203" lon="-100.079664" />
      <trkpt lat="29.792355" lon="-100.079612" />
      <trkpt lat="29.792489" lon="-100.079571" />
      <trkpt lat="29.793016" lon="-100.079408" />
      <trkpt lat="29.79355" lon="-100.079242" />
      <trkpt lat="29.794276" lon="-100.079006" />
      <trkpt lat="29.794331" lon="-100.078988" />
      <trkpt lat="29.794786" lon="-100.078893" />
      <trkpt lat="29.795238" lon="-100.078824" />
      <trkpt lat="29.795619" lon="-100.078788" />
      <trkpt lat="29.796098" lon="-100.078821" />
      <trkpt lat="29.796405" lon="-100.078848" />
      <trkpt lat="29.796935" lon="-100.078962" />
      <trkpt lat="29.797371" lon="-100.079077" />
      <trkpt lat="29.798833" lon="-100.079818" />
      <trkpt lat="29.800553" lon="-100.080706" />
      <trkpt lat="29.801528" lon="-100.081237" />
      <trkpt lat="29.802181" lon="-100.081593" />
      <trkpt lat="29.8039" lon="-100.082481" />
      <trkpt lat="29.805035" lon="-100.083047" />
      <trkpt lat="29.805584" lon="-100.083449" />
      <trkpt lat="29.805686" lon="-100.08353" />
      <trkpt lat="29.80607" lon="-100.083831" />
      <trkpt lat="29.806736" lon="-100.08444" />
      <trkpt lat="29.807097" lon="-100.084828" />
      <trkpt lat="29.808556" lon="-100.086676" />
      <trkpt lat="29.809939" lon="-100.08849" />
      <trkpt lat="29.810389" lon="-100.089056" />
      <trkpt lat="29.810888" lon="-100.089655" />
      <trkpt lat="29.811261" lon="-100.090091" />
      <trkpt lat="29.811706" lon="-100.090481" />
      <trkpt lat="29.812067" lon="-100.090705" />
      <trkpt lat="29.812335" lon="-100.090822" />
      <trkpt lat="29.81236" lon="-100.090829" />
      <trkpt lat="29.812862" lon="-100.09093" />
      <trkpt lat="29.813323" lon="-100.090984" />
      <trkpt lat="29.81375" lon="-100.090948" />
      <trkpt lat="29.814569" lon="-100.090777" />
      <trkpt lat="29.815471" lon="-100.090574" />
      <trkpt lat="29.815522" lon="-100.090563" />
      <trkpt lat="29.816102" lon="-100.090489" />
      <trkpt lat="29.816843" lon="-100.090525" />
      <trkpt lat="29.818722" lon="-100.090726" />
      <trkpt lat="29.819434" lon="-100.090821" />
      <trkpt lat="29.819936" lon="-100.091023" />
      <trkpt lat="29.820276" lon="-100.091219" />
      <trkpt lat="29.820693" lon="-100.091537" />
      <trkpt lat="29.821047" lon="-100.091853" />
      <trkpt lat="29.821629" lon="-100.092525" />
      <trkpt lat="29.822127" lon="-100.093191" />
      <trkpt lat="29.822228" lon="-100.093379" />
      <trkpt lat="29.822464" lon="-100.09382" />
      <trkpt lat="29.822702" lon="-100.09469" />
      <trkpt lat="29.822787" lon="-100.095259" />
      <trkpt lat="29.822791" lon="-100.095524" />
      <trkpt lat="29.822796" lon="-100.095908" />
      <trkpt lat="29.822816" lon="-100.096831" />
      <trkpt lat="29.822865" lon="-100.097733" />
      <trkpt lat="29.822993" lon="-100.098295" />
      <trkpt lat="29.823105" lon="-100.098593" />
      <trkpt lat="29.823253" lon="-100.098988" />
      <trkpt lat="29.823598" lon="-100.099529" />
      <trkpt lat="29.82391" lon="-100.099869" />
      <trkpt lat="29.824263" lon="-100.100177" />
      <trkpt lat="29.82473" lon="-100.100419" />
      <trkpt lat="29.825064" lon="-100.100599" />
      <trkpt lat="29.825545" lon="-100.100773" />
      <trkpt lat="29.827337" lon="-100.101319" />
      <trkpt lat="29.827727" lon="-100.101434" />
      <trkpt lat="29.828859" lon="-100.101787" />
      <trkpt lat="29.829603" lon="-100.10202" />
      <trkpt lat="29.829649" lon="-100.102033" />
      <trkpt lat="29.831311" lon="-100.102491" />
      <trkpt lat="29.834054" lon="-100.103031" />
      <trkpt lat="29.834723" lon="-100.103234" />
      <trkpt lat="29.835432" lon="-100.103521" />
      <trkpt lat="29.836381" lon="-100.103906" />
      <trkpt lat="29.83666" lon="-100.103965" />
      <trkpt lat="29.836996" lon="-100.103977" />
      <trkpt lat="29.837374" lon="-100.103933" />
      <trkpt lat="29.837731" lon="-100.103793" />
      <trkpt lat="29.837978" lon="-100.103619" />
      <trkpt lat="29.838456" lon="-100.103239" />
      <trkpt lat="29.838877" lon="-100.103039" />
      <trkpt lat="29.839318" lon="-100.102964" />
      <trkpt lat="29.839449" lon="-100.102996" />
      <trkpt lat="29.839737" lon="-100.103065" />
      <trkpt lat="29.840071" lon="-100.103237" />
      <trkpt lat="29.840341" lon="-100.103513" />
      <trkpt lat="29.840576" lon="-100.103876" />
      <trkpt lat="29.840871" lon="-100.104517" />
      <trkpt lat="29.840899" lon="-100.10458" />
      <trkpt lat="29.84201" lon="-100.107079" />
      <trkpt lat="29.8424" lon="-100.108114" />
      <trkpt lat="29.842596" lon="-100.108877" />
      <trkpt lat="29.842736" lon="-100.109633" />
      <trkpt lat="29.842764" lon="-100.110075" />
      <trkpt lat="29.842878" lon="-100.111883" />
      <trkpt lat="29.842891" lon="-100.112268" />
      <trkpt lat="29.8429" lon="-100.112557" />
      <trkpt lat="29.842876" lon="-100.112966" />
      <trkpt lat="29.842768" lon="-100.113349" />
      <trkpt lat="29.842547" lon="-100.113868" />
      <trkpt lat="29.842452" lon="-100.114308" />
      <trkpt lat="29.842441" lon="-100.114777" />
      <trkpt lat="29.842507" lon="-100.115259" />
      <trkpt lat="29.84272" lon="-100.115718" />
      <trkpt lat="29.842934" lon="-100.116041" />
      <trkpt lat="29.843315" lon="-100.116422" />
      <trkpt lat="29.843782" lon="-100.11662" />
      <trkpt lat="29.844305" lon="-100.116706" />
      <trkpt lat="29.844725" lon="-100.116695" />
      <trkpt lat="29.844977" lon="-100.116633" />
      <trkpt lat="29.8453" lon="-100.116481" />
      <trkpt lat="29.845645" lon="-100.116164" />
      <trkpt lat="29.84595" lon="-100.115694" />
      <trkpt lat="29.846192" lon="-100.115159" />
      <trkpt lat="29.846397" lon="-100.114849" />
      <trkpt lat="29.846664" lon="-100.11466" />
      <trkpt lat="29.847057" lon="-100.114472" />
      <trkpt lat="29.847527" lon="-100.114368" />
      <trkpt lat="29.847933" lon="-100.114285" />
      <trkpt lat="29.848852" lon="-100.11387" />
      <trkpt lat="29.84945" lon="-100.113458" />
      <trkpt lat="29.849471" lon="-100.113444" />
      <trkpt lat="29.849669" lon="-100.113193" />
      <trkpt lat="29.84991" lon="-100.112739" />
      <trkpt lat="29.850329" lon="-100.112014" />
      <trkpt lat="29.850591" lon="-100.111536" />
      <trkpt lat="29.850846" lon="-100.111186" />
      <trkpt lat="29.851127" lon="-100.110964" />
      <trkpt lat="29.851513" lon="-100.110812" />
      <trkpt lat="29.851905" lon="-100.110785" />
      <trkpt lat="29.852702" lon="-100.110721" />
      <trkpt lat="29.853144" lon="-100.110606" />
      <trkpt lat="29.853446" lon="-100.110401" />
      <trkpt lat="29.853982" lon="-100.109857" />
      <trkpt lat="29.854179" lon="-100.109611" />
      <trkpt lat="29.854454" lon="-100.109373" />
      <trkpt lat="29.854826" lon="-100.109217" />
      <trkpt lat="29.855288" lon="-100.10911" />
      <trkpt lat="29.855498" lon="-100.109125" />
      <trkpt lat="29.855686" lon="-100.109138" />
      <trkpt lat="29.856063" lon="-100.109215" />
      <trkpt lat="29.85662" lon="-100.109457" />
      <trkpt lat="29.85685" lon="-100.109548" />
      <trkpt lat="29.857164" lon="-100.1096" />
      <trkpt lat="29.857479" lon="-100.109563" />
      <trkpt lat="29.857858" lon="-100.109415" />
      <trkpt lat="29.859347" lon="-100.108545" />
      <trkpt lat="29.859852" lon="-100.108318" />
      <trkpt lat="29.860294" lon="-100.108219" />
      <trkpt lat="29.860817" lon="-100.108337" />
      <trkpt lat="29.861074" lon="-100.108564" />
      <trkpt lat="29.861302" lon="-100.108856" />
      <trkpt lat="29.861467" lon="-100.109186" />
      <trkpt lat="29.861554" lon="-100.109604" />
      <trkpt lat="29.86157" lon="-100.110186" />
      <trkpt lat="29.861602" lon="-100.110603" />
      <trkpt lat="29.861689" lon="-100.111053" />
      <trkpt lat="29.861907" lon="-100.111689" />
      <trkpt lat="29.862264" lon="-100.112463" />
      <trkpt lat="29.863262" lon="-100.114315" />
      <trkpt lat="29.863421" lon="-100.114541" />
      <trkpt lat="29.863761" lon="-100.114809" />
      <trkpt lat="29.864075" lon="-100.114933" />
      <trkpt lat="29.864452" lon="-100.114962" />
      <trkpt lat="29.865117" lon="-100.114841" />
      <trkpt lat="29.865867" lon="-100.114596" />
      <trkpt lat="29.866365" lon="-100.114385" />
      <trkpt lat="29.866511" lon="-100.114285" />
      <trkpt lat="29.86671" lon="-100.114149" />
      <trkpt lat="29.867069" lon="-100.1138" />
      <trkpt lat="29.868162" lon="-100.112677" />
      <trkpt lat="29.86867" lon="-100.112145" />
      <trkpt lat="29.869008" lon="-100.111764" />
      <trkpt lat="29.869884" lon="-100.110707" />
      <trkpt lat="29.870745" lon="-100.109766" />
      <trkpt lat="29.871104" lon="-100.109449" />
      <trkpt lat="29.871764" lon="-100.109144" />
      <trkpt lat="29.872352" lon="-100.109046" />
      <trkpt lat="29.872771" lon="-100.109059" />
      <trkpt lat="29.87349" lon="-100.109199" />
      <trkpt lat="29.873643" lon="-100.109236" />
      <trkpt lat="29.874215" lon="-100.109375" />
      <trkpt lat="29.875168" lon="-100.109714" />
      <trkpt lat="29.87554" lon="-100.109864" />
      <trkpt lat="29.875966" lon="-100.110141" />
      <trkpt lat="29.876397" lon="-100.11048" />
      <trkpt lat="29.877183" lon="-100.111071" />
      <trkpt lat="29.878782" lon="-100.112749" />
      <trkpt lat="29.880366" lon="-100.114351" />
      <trkpt lat="29.880788" lon="-100.114602" />
      <trkpt lat="29.881378" lon="-100.114837" />
      <trkpt lat="29.881949" lon="-100.114934" />
      <trkpt lat="29.883495" lon="-100.11496" />
      <trkpt lat="29.883913" lon="-100.115058" />
      <trkpt lat="29.884208" lon="-100.115158" />
      <trkpt lat="29.884538" lon="-100.115361" />
      <trkpt lat="29.884802" lon="-100.115569" />
      <trkpt lat="29.885181" lon="-100.115942" />
      <trkpt lat="29.885483" lon="-100.116493" />
      <trkpt lat="29.885744" lon="-100.117012" />
      <trkpt lat="29.886086" lon="-100.117607" />
      <trkpt lat="29.886303" lon="-100.117891" />
      <trkpt lat="29.886658" lon="-100.118176" />
      <trkpt lat="29.886932" lon="-100.118346" />
      <trkpt lat="29.887314" lon="-100.11852" />
      <trkpt lat="29.887695" lon="-100.118659" />
      <trkpt lat="29.888241" lon="-100.118659" />
      <trkpt lat="29.888843" lon="-100.118684" />
      <trkpt lat="29.889108" lon="-100.118736" />
      <trkpt lat="29.889439" lon="-100.118904" />
      <trkpt lat="29.889672" lon="-100.119112" />
      <trkpt lat="29.889874" lon="-100.119342" />
      <trkpt lat="29.890105" lon="-100.11974" />
      <trkpt lat="29.890215" lon="-100.120111" />
      <trkpt lat="29.890219" lon="-100.120743" />
      <trkpt lat="29.890042" lon="-100.122402" />
      <trkpt lat="29.890058" lon="-100.122906" />
      <trkpt lat="29.890172" lon="-100.12337" />
      <trkpt lat="29.890341" lon="-100.123811" />
      <trkpt lat="29.890477" lon="-100.1241" />
      <trkpt lat="29.890674" lon="-100.124396" />
      <trkpt lat="29.891396" lon="-100.125243" />
      <trkpt lat="29.892279" lon="-100.126234" />
      <trkpt lat="29.894375" lon="-100.128522" />
      <trkpt lat="29.894975" lon="-100.129127" />
      <trkpt lat="29.89511" lon="-100.129225" />
      <trkpt lat="29.895316" lon="-100.129374" />
      <trkpt lat="29.896433" lon="-100.129997" />
      <trkpt lat="29.896737" lon="-100.130182" />
      <trkpt lat="29.897297" lon="-100.130522" />
      <trkpt lat="29.897825" lon="-100.131001" />
      <trkpt lat="29.898078" lon="-100.13133" />
      <trkpt lat="29.898351" lon="-100.131844" />
      <trkpt lat="29.898802" lon="-100.132795" />
      <trkpt lat="29.899325" lon="-100.133881" />
      <trkpt lat="29.899563" lon="-100.134214" />
      <trkpt lat="29.899772" lon="-100.134459" />
      <trkpt lat="29.900156" lon="-100.134815" />
      <trkpt lat="29.902668" lon="-100.136741" />
      <trkpt lat="29.903222" lon="-100.137169" />
      <trkpt lat="29.904224" lon="-100.137942" />
      <trkpt lat="29.905627" lon="-100.139061" />
      <trkpt lat="29.907059" lon="-100.140329" />
      <trkpt lat="29.908626" lon="-100.141737" />
      <trkpt lat="29.910643" lon="-100.143491" />
      <trkpt lat="29.912673" lon="-100.145275" />
      <trkpt lat="29.914427" lon="-100.146791" />
      <trkpt lat="29.91472" lon="-100.147045" />
      <trkpt lat="29.916667" lon="-100.14874" />
      <trkpt lat="29.918727" lon="-100.150525" />
      <trkpt lat="29.920972" lon="-100.152486" />
      <trkpt lat="29.922279" lon="-100.153621" />
      <trkpt lat="29.924729" lon="-100.155748" />
      <trkpt lat="29.926436" lon="-100.157236" />
      <trkpt lat="29.927838" lon="-100.158457" />
      <trkpt lat="29.928042" lon="-100.158604" />
      <trkpt lat="29.929212" lon="-100.159459" />
      <trkpt lat="29.930046" lon="-100.160068" />
      <trkpt lat="29.930187" lon="-100.160171" />
      <trkpt lat="29.931468" lon="-100.161123" />
      <trkpt lat="29.932933" lon="-100.162217" />
      <trkpt lat="29.933828" lon="-100.162887" />
      <trkpt lat="29.935565" lon="-100.164166" />
      <trkpt lat="29.935678" lon="-100.164249" />
      <trkpt lat="29.937492" lon="-100.165624" />
      <trkpt lat="29.937561" lon="-100.165676" />
      <trkpt lat="29.939271" lon="-100.166965" />
      <trkpt lat="29.940786" lon="-100.168061" />
      <trkpt lat="29.941116" lon="-100.1683" />
      <trkpt lat="29.94283" lon="-100.169613" />
      <trkpt lat="29.944709" lon="-100.171002" />
      <trkpt lat="29.946213" lon="-100.172103" />
      <trkpt lat="29.947606" lon="-100.17291" />
      <trkpt lat="29.948542" lon="-100.173369" />
      <trkpt lat="29.950572" lon="-100.174482" />
      <trkpt lat="29.952619" lon="-100.175595" />
      <trkpt lat="29.952905" lon="-100.17575" />
      <trkpt lat="29.954613" lon="-100.176688" />
      <trkpt lat="29.954927" lon="-100.176852" />
      <trkpt lat="29.956654" lon="-100.177754" />
      <trkpt lat="29.958713" lon="-100.178888" />
      <trkpt lat="29.960825" lon="-100.18003" />
      <trkpt lat="29.961961" lon="-100.180603" />
      <trkpt lat="29.962833" lon="-100.180919" />
      <trkpt lat="29.963675" lon="-100.181239" />
      <trkpt lat="29.964741" lon="-100.181644" />
      <trkpt lat="29.966738" lon="-100.182391" />
      <trkpt lat="29.967386" lon="-100.182687" />
      <trkpt lat="29.968468" lon="-100.183257" />
      <trkpt lat="29.970545" lon="-100.184412" />
      <trkpt lat="29.971409" lon="-100.184873" />
      <trkpt lat="29.971951" lon="-100.18507" />
      <trkpt lat="29.973452" lon="-100.185581" />
      <trkpt lat="29.973761" lon="-100.185685" />
      <trkpt lat="29.975675" lon="-100.186363" />
      <trkpt lat="29.977544" lon="-100.187" />
      <trkpt lat="29.978481" lon="-100.187307" />
      <trkpt lat="29.978911" lon="-100.187427" />
      <trkpt lat="29.979684" lon="-100.187586" />
      <trkpt lat="29.983607" lon="-100.188461" />
      <trkpt lat="29.984397" lon="-100.18866" />
      <trkpt lat="29.985116" lon="-100.188866" />
      <trkpt lat="29.985476" lon="-100.189019" />
      <trkpt lat="29.985934" lon="-100.189283" />
      <trkpt lat="29.986704" lon="-100.189788" />
      <trkpt lat="29.987521" lon="-100.190344" />
      <trkpt lat="29.987844" lon="-100.190586" />
      <trkpt lat="29.988283" lon="-100.190956" />
      <trkpt lat="29.988325" lon="-100.190992" />
      <trkpt lat="29.989284" lon="-100.191926" />
      <trkpt lat="29.989825" lon="-100.192453" />
      <trkpt lat="29.990446" lon="-100.193027" />
      <trkpt lat="29.990648" lon="-100.193185" />
      <trkpt lat="29.990833" lon="-100.193331" />
      <trkpt lat="29.991303" lon="-100.193689" />
      <trkpt lat="29.992854" lon="-100.194676" />
      <trkpt lat="29.994265" lon="-100.195538" />
      <trkpt lat="29.994828" lon="-100.196037" />
      <trkpt lat="29.995162" lon="-100.196421" />
      <trkpt lat="29.995447" lon="-100.196846" />
      <trkpt lat="29.995749" lon="-100.197447" />
      <trkpt lat="29.996417" lon="-100.198906" />
      <trkpt lat="29.996926" lon="-100.200018" />
      <trkpt lat="29.997893" lon="-100.202206" />
      <trkpt lat="29.998363" lon="-100.203179" />
      <trkpt lat="29.998635" lon="-100.203635" />
      <trkpt lat="29.998677" lon="-100.203706" />
      <trkpt lat="29.998883" lon="-100.20395" />
      <trkpt lat="29.999081" lon="-100.204186" />
      <trkpt lat="29.999397" lon="-100.204489" />
      <trkpt lat="29.999685" lon="-100.204716" />
      <trkpt lat="29.999903" lon="-100.204867" />
      <trkpt lat="30.000032" lon="-100.204942" />
      <trkpt lat="30.000229" lon="-100.205044" />
      <trkpt lat="30.000422" lon="-100.205132" />
      <trkpt lat="30.000619" lon="-100.205205" />
      <trkpt lat="30.000833" lon="-100.205274" />
      <trkpt lat="30.001049" lon="-100.205326" />
      <trkpt lat="30.001296" lon="-100.205369" />
      <trkpt lat="30.001727" lon="-100.205394" />
      <trkpt lat="30.002068" lon="-100.205427" />
      <trkpt lat="30.003065" lon="-100.205409" />
      <trkpt lat="30.00443" lon="-100.205413" />
      <trkpt lat="30.005052" lon="-100.205417" />
      <trkpt lat="30.006676" lon="-100.205428" />
      <trkpt lat="30.007536" lon="-100.205428" />
      <trkpt lat="30.007658" lon="-100.205429" />
      <trkpt lat="30.008545" lon="-100.205437" />
      <trkpt lat="30.008821" lon="-100.205436" />
      <trkpt lat="30.009462" lon="-100.205436" />
      <trkpt lat="30.010384" lon="-100.205443" />
      <trkpt lat="30.011035" lon="-100.205447" />
      <trkpt lat="30.011317" lon="-100.205447" />
      <trkpt lat="30.011954" lon="-100.205453" />
      <trkpt lat="30.012368" lon="-100.205454" />
      <trkpt lat="30.012851" lon="-100.205456" />
      <trkpt lat="30.013796" lon="-100.20546" />
      <trkpt lat="30.014711" lon="-100.205466" />
      <trkpt lat="30.015719" lon="-100.20548" />
      <trkpt lat="30.016415" lon="-100.205474" />
      <trkpt lat="30.016632" lon="-100.205477" />
      <trkpt lat="30.017541" lon="-100.205479" />
      <trkpt lat="30.018461" lon="-100.205494" />
      <trkpt lat="30.019402" lon="-100.205498" />
      <trkpt lat="30.019535" lon="-100.205498" />
      <trkpt lat="30.019956" lon="-100.2055" />
      <trkpt lat="30.020292" lon="-100.205486" />
      <trkpt lat="30.02052" lon="-100.205435" />
      <trkpt lat="30.020763" lon="-100.20535" />
      <trkpt lat="30.020969" lon="-100.205255" />
      <trkpt lat="30.021198" lon="-100.205114" />
      <trkpt lat="30.021455" lon="-100.204883" />
      <trkpt lat="30.0218" lon="-100.204434" />
      <trkpt lat="30.022021" lon="-100.204133" />
      <trkpt lat="30.022427" lon="-100.203581" />
      <trkpt lat="30.023765" lon="-100.201764" />
      <trkpt lat="30.02379" lon="-100.20173" />
      <trkpt lat="30.024265" lon="-100.201086" />
      <trkpt lat="30.024857" lon="-100.200293" />
      <trkpt lat="30.025089" lon="-100.200021" />
      <trkpt lat="30.025262" lon="-100.199818" />
      <trkpt lat="30.025483" lon="-100.199586" />
      <trkpt lat="30.025729" lon="-100.19934" />
      <trkpt lat="30.026265" lon="-100.198848" />
      <trkpt lat="30.027989" lon="-100.197255" />
      <trkpt lat="30.028517" lon="-100.196741" />
      <trkpt lat="30.028873" lon="-100.196482" />
      <trkpt lat="30.02919" lon="-100.196305" />
      <trkpt lat="30.030233" lon="-100.195894" />
      <trkpt lat="30.030375" lon="-100.195841" />
      <trkpt lat="30.032456" lon="-100.195054" />
      <trkpt lat="30.034431" lon="-100.194286" />
      <trkpt lat="30.036584" lon="-100.19346" />
      <trkpt lat="30.038375" lon="-100.192795" />
      <trkpt lat="30.038889" lon="-100.192575" />
      <trkpt lat="30.039416" lon="-100.192257" />
      <trkpt lat="30.039833" lon="-100.1919" />
      <trkpt lat="30.040267" lon="-100.191459" />
      <trkpt lat="30.040553" lon="-100.191489" />
      <trkpt lat="30.041325" lon="-100.191633" />
      <trkpt lat="30.041663" lon="-100.191706" />
      <trkpt lat="30.042848" lon="-100.191954" />
      <trkpt lat="30.043354" lon="-100.192061" />
      <trkpt lat="30.044647" lon="-100.192303" />
      <trkpt lat="30.044816" lon="-100.192335" />
      <trkpt lat="30.045097" lon="-100.192338" />
      <trkpt lat="30.045378" lon="-100.192314" />
      <trkpt lat="30.046893" lon="-100.191989" />
      <trkpt lat="30.048871" lon="-100.191514" />
      <trkpt lat="30.050926" lon="-100.191054" />
      <trkpt lat="30.053725" lon="-100.190424" />
      <trkpt lat="30.053948" lon="-100.190384" />
      <trkpt lat="30.054309" lon="-100.190365" />
      <trkpt lat="30.055994" lon="-100.190389" />
      <trkpt lat="30.056335" lon="-100.19041" />
      <trkpt lat="30.056704" lon="-100.190455" />
      <trkpt lat="30.059893" lon="-100.191209" />
      <trkpt lat="30.062722" lon="-100.191889" />
      <trkpt lat="30.063062" lon="-100.191954" />
      <trkpt lat="30.063811" lon="-100.191983" />
      <trkpt lat="30.064491" lon="-100.191991" />
      <trkpt lat="30.064655" lon="-100.191993" />
      <trkpt lat="30.064852" lon="-100.191987" />
      <trkpt lat="30.065156" lon="-100.191971" />
      <trkpt lat="30.066866" lon="-100.19176" />
      <trkpt lat="30.067499" lon="-100.191684" />
      <trkpt lat="30.071563" lon="-100.191234" />
      <trkpt lat="30.071885" lon="-100.191191" />
      <trkpt lat="30.072202" lon="-100.191174" />
      <trkpt lat="30.072483" lon="-100.191205" />
      <trkpt lat="30.073705" lon="-100.191415" />
      <trkpt lat="30.075535" lon="-100.191787" />
      <trkpt lat="30.077524" lon="-100.192154" />
      <trkpt lat="30.078517" lon="-100.192342" />
      <trkpt lat="30.078766" lon="-100.192359" />
      <trkpt lat="30.078922" lon="-100.192353" />
      <trkpt lat="30.079072" lon="-100.192355" />
      <trkpt lat="30.07935" lon="-100.192283" />
      <trkpt lat="30.079648" lon="-100.192178" />
      <trkpt lat="30.079846" lon="-100.192063" />
      <trkpt lat="30.079963" lon="-100.191941" />
      <trkpt lat="30.080276" lon="-100.191635" />
      <trkpt lat="30.080992" lon="-100.190848" />
      <trkpt lat="30.082003" lon="-100.189796" />
      <trkpt lat="30.082949" lon="-100.188885" />
      <trkpt lat="30.083245" lon="-100.18862" />
      <trkpt lat="30.083954" lon="-100.187985" />
      <trkpt lat="30.085719" lon="-100.186405" />
      <trkpt lat="30.087142" lon="-100.185115" />
      <trkpt lat="30.087476" lon="-100.184832" />
      <trkpt lat="30.088329" lon="-100.18411" />
      <trkpt lat="30.090135" lon="-100.182606" />
      <trkpt lat="30.090457" lon="-100.182336" />
      <trkpt lat="30.091006" lon="-100.181875" />
      <trkpt lat="30.091765" lon="-100.181196" />
      <trkpt lat="30.091899" lon="-100.181081" />
      <trkpt lat="30.093134" lon="-100.18002" />
      <trkpt lat="30.093416" lon="-100.179798" />
      <trkpt lat="30.093529" lon="-100.179721" />
      <trkpt lat="30.093801" lon="-100.179522" />
      <trkpt lat="30.094968" lon="-100.178728" />
      <trkpt lat="30.095893" lon="-100.178072" />
      <trkpt lat="30.096229" lon="-100.177847" />
      <trkpt lat="30.09643" lon="-100.17764" />
      <trkpt lat="30.096697" lon="-100.177266" />
      <trkpt lat="30.097109" lon="-100.176402" />
      <trkpt lat="30.097628" lon="-100.175384" />
      <trkpt lat="30.097706" lon="-100.175228" />
      <trkpt lat="30.098392" lon="-100.173852" />
      <trkpt lat="30.099107" lon="-100.172395" />
      <trkpt lat="30.099545" lon="-100.171491" />
      <trkpt lat="30.099839" lon="-100.170932" />
      <trkpt lat="30.100133" lon="-100.170512" />
      <trkpt lat="30.100391" lon="-100.170142" />
      <trkpt lat="30.100707" lon="-100.169807" />
      <trkpt lat="30.100915" lon="-100.16962" />
      <trkpt lat="30.10115" lon="-100.169473" />
      <trkpt lat="30.102195" lon="-100.169118" />
      <trkpt lat="30.102954" lon="-100.168866" />
      <trkpt lat="30.103411" lon="-100.168715" />
      <trkpt lat="30.104064" lon="-100.168545" />
      <trkpt lat="30.104219" lon="-100.168502" />
      <trkpt lat="30.104446" lon="-100.168448" />
      <trkpt lat="30.10474" lon="-100.168359" />
      <trkpt lat="30.105222" lon="-100.168205" />
      <trkpt lat="30.105773" lon="-100.168051" />
      <trkpt lat="30.106111" lon="-100.167955" />
      <trkpt lat="30.106347" lon="-100.167896" />
      <trkpt lat="30.107174" lon="-100.167725" />
      <trkpt lat="30.107787" lon="-100.1676" />
      <trkpt lat="30.108395" lon="-100.167482" />
      <trkpt lat="30.109346" lon="-100.167298" />
      <trkpt lat="30.109693" lon="-100.167218" />
      <trkpt lat="30.110277" lon="-100.167067" />
      <trkpt lat="30.110427" lon="-100.167043" />
      <trkpt lat="30.110609" lon="-100.166967" />
      <trkpt lat="30.110764" lon="-100.166907" />
      <trkpt lat="30.110875" lon="-100.16686" />
      <trkpt lat="30.111068" lon="-100.166773" />
      <trkpt lat="30.111258" lon="-100.166663" />
      <trkpt lat="30.111504" lon="-100.166524" />
      <trkpt lat="30.111659" lon="-100.166405" />
      <trkpt lat="30.111802" lon="-100.166315" />
      <trkpt lat="30.111964" lon="-100.166195" />
      <trkpt lat="30.112108" lon="-100.166106" />
      <trkpt lat="30.112267" lon="-100.166022" />
      <trkpt lat="30.112526" lon="-100.165903" />
      <trkpt lat="30.112768" lon="-100.165807" />
      <trkpt lat="30.113057" lon="-100.16569" />
      <trkpt lat="30.113425" lon="-100.165534" />
      <trkpt lat="30.114028" lon="-100.165285" />
      <trkpt lat="30.114529" lon="-100.16508" />
      <trkpt lat="30.115065" lon="-100.164853" />
      <trkpt lat="30.115235" lon="-100.16477" />
      <trkpt lat="30.115407" lon="-100.164703" />
      <trkpt lat="30.115558" lon="-100.16463" />
      <trkpt lat="30.115717" lon="-100.164518" />
      <trkpt lat="30.115851" lon="-100.164415" />
      <trkpt lat="30.116024" lon="-100.16424" />
      <trkpt lat="30.116302" lon="-100.163944" />
      <trkpt lat="30.116657" lon="-100.163516" />
      <trkpt lat="30.116778" lon="-100.163362" />
      <trkpt lat="30.116879" lon="-100.163202" />
      <trkpt lat="30.116974" lon="-100.163049" />
      <trkpt lat="30.11709" lon="-100.162839" />
      <trkpt lat="30.117188" lon="-100.162631" />
      <trkpt lat="30.117288" lon="-100.1624" />
      <trkpt lat="30.117494" lon="-100.161922" />
      <trkpt lat="30.117831" lon="-100.161074" />
      <trkpt lat="30.117959" lon="-100.160735" />
      <trkpt lat="30.11808" lon="-100.160505" />
      <trkpt lat="30.118188" lon="-100.160293" />
      <trkpt lat="30.118295" lon="-100.160091" />
      <trkpt lat="30.118363" lon="-100.159966" />
      <trkpt lat="30.11844" lon="-100.159862" />
      <trkpt lat="30.118522" lon="-100.159762" />
      <trkpt lat="30.118619" lon="-100.159661" />
      <trkpt lat="30.118772" lon="-100.159517" />
      <trkpt lat="30.118891" lon="-100.159401" />
      <trkpt lat="30.11902" lon="-100.159303" />
      <trkpt lat="30.119096" lon="-100.159258" />
      <trkpt lat="30.119216" lon="-100.159212" />
      <trkpt lat="30.119362" lon="-100.159136" />
      <trkpt lat="30.119465" lon="-100.159089" />
      <trkpt lat="30.119599" lon="-100.159041" />
      <trkpt lat="30.119731" lon="-100.158999" />
      <trkpt lat="30.119859" lon="-100.158963" />
      <trkpt lat="30.120051" lon="-100.158939" />
      <trkpt lat="30.120367" lon="-100.158939" />
      <trkpt lat="30.121164" lon="-100.158893" />
      <trkpt lat="30.121602" lon="-100.158887" />
      <trkpt lat="30.121939" lon="-100.158873" />
      <trkpt lat="30.122411" lon="-100.158898" />
      <trkpt lat="30.122988" lon="-100.158909" />
      <trkpt lat="30.123781" lon="-100.158922" />
      <trkpt lat="30.124492" lon="-100.158934" />
      <trkpt lat="30.124786" lon="-100.158939" />
      <trkpt lat="30.125118" lon="-100.158908" />
      <trkpt lat="30.125341" lon="-100.158869" />
      <trkpt lat="30.125535" lon="-100.158827" />
      <trkpt lat="30.125788" lon="-100.158728" />
      <trkpt lat="30.126061" lon="-100.158609" />
      <trkpt lat="30.126279" lon="-100.158518" />
      <trkpt lat="30.126583" lon="-100.158406" />
      <trkpt lat="30.127296" lon="-100.1581" />
      <trkpt lat="30.127546" lon="-100.157994" />
      <trkpt lat="30.128002" lon="-100.157799" />
      <trkpt lat="30.128192" lon="-100.157713" />
      <trkpt lat="30.12837" lon="-100.157612" />
      <trkpt lat="30.128574" lon="-100.157494" />
      <trkpt lat="30.128777" lon="-100.157369" />
      <trkpt lat="30.128885" lon="-100.157583" />
      <trkpt lat="30.128955" lon="-100.157804" />
      <trkpt lat="30.129024" lon="-100.158013" />
      <trkpt lat="30.129073" lon="-100.158117" />
      <trkpt lat="30.129125" lon="-100.158211" />
      <trkpt lat="30.129151" lon="-100.158406" />
      <trkpt lat="30.129154" lon="-100.158551" />
      <trkpt lat="30.129137" lon="-100.158759" />
      <trkpt lat="30.129079" lon="-100.15912" />
      <trkpt lat="30.129005" lon="-100.159463" />
      <trkpt lat="30.128944" lon="-100.15972" />
      <trkpt lat="30.128897" lon="-100.159975" />
      <trkpt lat="30.128878" lon="-100.160219" />
      <trkpt lat="30.128883" lon="-100.160424" />
      <trkpt lat="30.128903" lon="-100.160625" />
      <trkpt lat="30.12893" lon="-100.160773" />
      <trkpt lat="30.129009" lon="-100.161023" />
      <trkpt lat="30.12915" lon="-100.161341" />
      <trkpt lat="30.129316" lon="-100.161617" />
      <trkpt lat="30.129554" lon="-100.161997" />
      <trkpt lat="30.129698" lon="-100.162199" />
      <trkpt lat="30.129845" lon="-100.162452" />
      <trkpt lat="30.130007" lon="-100.162728" />
      <trkpt lat="30.130115" lon="-100.162874" />
      <trkpt lat="30.130213" lon="-100.163003" />
      <trkpt lat="30.130325" lon="-100.163169" />
      <trkpt lat="30.130416" lon="-100.163272" />
      <trkpt lat="30.130498" lon="-100.163348" />
      <trkpt lat="30.130505" lon="-100.163354" />
      <trkpt lat="30.130694" lon="-100.163467" />
      <trkpt lat="30.130928" lon="-100.163626" />
      <trkpt lat="30.131241" lon="-100.163901" />
      <trkpt lat="30.131578" lon="-100.164191" />
      <trkpt lat="30.131906" lon="-100.164478" />
      <trkpt lat="30.132071" lon="-100.164649" />
      <trkpt lat="30.132218" lon="-100.164843" />
      <trkpt lat="30.132388" lon="-100.165068" />
      <trkpt lat="30.132575" lon="-100.165328" />
      <trkpt lat="30.132788" lon="-100.165636" />
      <trkpt lat="30.133156" lon="-100.166065" />
      <trkpt lat="30.133357" lon="-100.166284" />
      <trkpt lat="30.133541" lon="-100.166537" />
      <trkpt lat="30.133791" lon="-100.166928" />
      <trkpt lat="30.134282" lon="-100.167749" />
      <trkpt lat="30.134674" lon="-100.168419" />
      <trkpt lat="30.134872" lon="-100.168766" />
      <trkpt lat="30.135046" lon="-100.169119" />
      <trkpt lat="30.135189" lon="-100.169485" />
      <trkpt lat="30.135325" lon="-100.169789" />
      <trkpt lat="30.135519" lon="-100.170193" />
      <trkpt lat="30.135726" lon="-100.17059" />
      <trkpt lat="30.135846" lon="-100.170823" />
      <trkpt lat="30.135923" lon="-100.170932" />
      <trkpt lat="30.136091" lon="-100.171081" />
      <trkpt lat="30.136244" lon="-100.171201" />
      <trkpt lat="30.13671" lon="-100.171727" />
      <trkpt lat="30.136921" lon="-100.171965" />
      <trkpt lat="30.137243" lon="-100.172235" />
      <trkpt lat="30.137473" lon="-100.172403" />
      <trkpt lat="30.137608" lon="-100.172509" />
      <trkpt lat="30.137733" lon="-100.17257" />
      <trkpt lat="30.137864" lon="-100.172594" />
      <trkpt lat="30.138008" lon="-100.172586" />
      <trkpt lat="30.138145" lon="-100.172566" />
      <trkpt lat="30.138257" lon="-100.172562" />
      <trkpt lat="30.138401" lon="-100.172585" />
      <trkpt lat="30.138521" lon="-100.172658" />
      <trkpt lat="30.138622" lon="-100.172756" />
      <trkpt lat="30.138825" lon="-100.172512" />
      <trkpt lat="30.13905" lon="-100.172312" />
      <trkpt lat="30.139356" lon="-100.172119" />
      <trkpt lat="30.140152" lon="-100.172052" />
      <trkpt lat="30.14066" lon="-100.172124" />
      <trkpt lat="30.141015" lon="-100.172237" />
      <trkpt lat="30.141305" lon="-100.17223" />
      <trkpt lat="30.142197" lon="-100.171787" />
      <trkpt lat="30.142456" lon="-100.171516" />
      <trkpt lat="30.142829" lon="-100.171226" />
      <trkpt lat="30.143524" lon="-100.171081" />
      <trkpt lat="30.144069" lon="-100.170716" />
      <trkpt lat="30.144555" lon="-100.170503" />
      <trkpt lat="30.145045" lon="-100.170203" />
      <trkpt lat="30.145245" lon="-100.170063" />
      <trkpt lat="30.14539" lon="-100.16978" />
      <trkpt lat="30.145617" lon="-100.169635" />
      <trkpt lat="30.145789" lon="-100.169605" />
      <trkpt lat="30.145898" lon="-100.169535" />
      <trkpt lat="30.145947" lon="-100.169388" />
      <trkpt lat="30.145892" lon="-100.169207" />
      <trkpt lat="30.145651" lon="-100.169046" />
      <trkpt lat="30.145676" lon="-100.168942" />
      <trkpt lat="30.146055" lon="-100.168482" />
      <trkpt lat="30.146357" lon="-100.168201" />
      <trkpt lat="30.146589" lon="-100.167739" />
      <trkpt lat="30.146785" lon="-100.167583" />
      <trkpt lat="30.146946" lon="-100.167388" />
      <trkpt lat="30.147384" lon="-100.167312" />
      <trkpt lat="30.147546" lon="-100.167199" />
      <trkpt lat="30.147752" lon="-100.166786" />
      <trkpt lat="30.147792" lon="-100.166557" />
      <trkpt lat="30.147927" lon="-100.166312" />
      <trkpt lat="30.148051" lon="-100.166232" />
      <trkpt lat="30.148196" lon="-100.16596" />
      <trkpt lat="30.148289" lon="-100.165683" />
      <trkpt lat="30.148333" lon="-100.16494" />
      <trkpt lat="30.148427" lon="-100.164586" />
      <trkpt lat="30.148297" lon="-100.163956" />
      <trkpt lat="30.148171" lon="-100.163703" />
      <trkpt lat="30.148271" lon="-100.16313" />
      <trkpt lat="30.148289" lon="-100.162687" />
      <trkpt lat="30.148381" lon="-100.162481" />
      <trkpt lat="30.148399" lon="-100.162396" />
      <trkpt lat="30.148597" lon="-100.161434" />
      <trkpt lat="30.148604" lon="-100.161183" />
      <trkpt lat="30.149025" lon="-100.160269" />
      <trkpt lat="30.14947" lon="-100.159684" />
      <trkpt lat="30.149736" lon="-100.159206" />
      <trkpt lat="30.149945" lon="-100.158668" />
      <trkpt lat="30.149984" lon="-100.158247" />
      <trkpt lat="30.14995" lon="-100.157782" />
      <trkpt lat="30.149747" lon="-100.15713" />
      <trkpt lat="30.149806" lon="-100.156835" />
      <trkpt lat="30.149999" lon="-100.156542" />
      <trkpt lat="30.150301" lon="-100.15619" />
      <trkpt lat="30.150636" lon="-100.155965" />
      <trkpt lat="30.150676" lon="-100.155938" />
      <trkpt lat="30.150931" lon="-100.155613" />
      <trkpt lat="30.151023" lon="-100.15539" />
      <trkpt lat="30.151393" lon="-100.15487" />
      <trkpt lat="30.151873" lon="-100.1544" />
      <trkpt lat="30.151871" lon="-100.153727" />
      <trkpt lat="30.151976" lon="-100.153209" />
      <trkpt lat="30.152262" lon="-100.152535" />
      <trkpt lat="30.153092" lon="-100.151069" />
      <trkpt lat="30.153364" lon="-100.150643" />
      <trkpt lat="30.153133" lon="-100.149973" />
      <trkpt lat="30.152714" lon="-100.148342" />
      <trkpt lat="30.15255" lon="-100.146574" />
      <trkpt lat="30.1523" lon="-100.146116" />
      <trkpt lat="30.152002" lon="-100.145754" />
      <trkpt lat="30.151695" lon="-100.145274" />
      <trkpt lat="30.151294" lon="-100.144836" />
      <trkpt lat="30.150969" lon="-100.14461" />
      <trkpt lat="30.150882" lon="-100.144549" />
      <trkpt lat="30.150282" lon="-100.144261" />
      <trkpt lat="30.149096" lon="-100.144182" />
      <trkpt lat="30.148618" lon="-100.143938" />
      <trkpt lat="30.14831" lon="-100.143609" />
      <trkpt lat="30.147653" lon="-100.143287" />
      <trkpt lat="30.145301" lon="-100.143033" />
      <trkpt lat="30.144992" lon="-100.142834" />
      <trkpt lat="30.14475" lon="-100.142474" />
      <trkpt lat="30.144521" lon="-100.142048" />
      <trkpt lat="30.144287" lon="-100.141612" />
      <trkpt lat="30.14417" lon="-100.141435" />
      <trkpt lat="30.144021" lon="-100.141295" />
      <trkpt lat="30.143631" lon="-100.141069" />
      <trkpt lat="30.142532" lon="-100.141223" />
      <trkpt lat="30.141921" lon="-100.141334" />
      <trkpt lat="30.141623" lon="-100.141393" />
      <trkpt lat="30.141301" lon="-100.141443" />
      <trkpt lat="30.140548" lon="-100.141586" />
      <trkpt lat="30.139762" lon="-100.141734" />
      <trkpt lat="30.139821" lon="-100.141452" />
      <trkpt lat="30.139894" lon="-100.141165" />
      <trkpt lat="30.140171" lon="-100.140707" />
      <trkpt lat="30.140411" lon="-100.140504" />
      <trkpt lat="30.140532" lon="-100.140299" />
      <trkpt lat="30.14056" lon="-100.139995" />
      <trkpt lat="30.14048" lon="-100.139406" />
      <trkpt lat="30.140305" lon="-100.138943" />
      <trkpt lat="30.140103" lon="-100.138627" />
      <trkpt lat="30.139517" lon="-100.138424" />
      <trkpt lat="30.139212" lon="-100.138185" />
      <trkpt lat="30.138831" lon="-100.137827" />
      <trkpt lat="30.138551" lon="-100.137706" />
      <trkpt lat="30.13828" lon="-100.137536" />
      <trkpt lat="30.138053" lon="-100.137181" />
      <trkpt lat="30.137799" lon="-100.136874" />
      <trkpt lat="30.135924" lon="-100.135822" />
      <trkpt lat="30.135817" lon="-100.13535" />
      <trkpt lat="30.135804" lon="-100.134899" />
      <trkpt lat="30.135962" lon="-100.134449" />
      <trkpt lat="30.13588" lon="-100.134056" />
      <trkpt lat="30.135626" lon="-100.133847" />
      <trkpt lat="30.135278" lon="-100.133686" />
      <trkpt lat="30.134452" lon="-100.133579" />
      <trkpt lat="30.134044" lon="-100.133358" />
      <trkpt lat="30.133791" lon="-100.133081" />
      <trkpt lat="30.133553" lon="-100.132951" />
      <trkpt lat="30.133513" lon="-100.132685" />
      <trkpt lat="30.133583" lon="-100.132431" />
      <trkpt lat="30.133596" lon="-100.131911" />
      <trkpt lat="30.133726" lon="-100.131697" />
      <trkpt lat="30.133783" lon="-100.13089" />
      <trkpt lat="30.133741" lon="-100.130932" />
      <trkpt lat="30.133476" lon="-100.130998" />
      <trkpt lat="30.133025" lon="-100.130934" />
      <trkpt lat="30.132333" lon="-100.131083" />
      <trkpt lat="30.131872" lon="-100.131107" />
      <trkpt lat="30.130671" lon="-100.131015" />
      <trkpt lat="30.129551" lon="-100.131414" />
      <trkpt lat="30.128756" lon="-100.131601" />
      <trkpt lat="30.128225" lon="-100.13185" />
      <trkpt lat="30.127877" lon="-100.13164" />
      <trkpt lat="30.127622" lon="-100.131608" />
      <trkpt lat="30.127403" lon="-100.131805" />
      <trkpt lat="30.127364" lon="-100.13184" />
      <trkpt lat="30.127039" lon="-100.131964" />
      <trkpt lat="30.126913" lon="-100.131806" />
      <trkpt lat="30.126754" lon="-100.131402" />
      <trkpt lat="30.126425" lon="-100.131006" />
      <trkpt lat="30.126093" lon="-100.130972" />
      <trkpt lat="30.125453" lon="-100.131014" />
      <trkpt lat="30.12517" lon="-100.131183" />
      <trkpt lat="30.124532" lon="-100.131223" />
      <trkpt lat="30.124303" lon="-100.131389" />
      <trkpt lat="30.123944" lon="-100.131516" />
      <trkpt lat="30.123765" lon="-100.131501" />
      <trkpt lat="30.123555" lon="-100.131324" />
      <trkpt lat="30.123184" lon="-100.131254" />
      <trkpt lat="30.122951" lon="-100.130603" />
      <trkpt lat="30.122719" lon="-100.130431" />
      <trkpt lat="30.121763" lon="-100.130027" />
      <trkpt lat="30.120972" lon="-100.130196" />
      <trkpt lat="30.120408" lon="-100.130159" />
      <trkpt lat="30.119369" lon="-100.129563" />
      <trkpt lat="30.11802" lon="-100.129096" />
      <trkpt lat="30.117543" lon="-100.129065" />
      <trkpt lat="30.117142" lon="-100.128936" />
      <trkpt lat="30.116944" lon="-100.128697" />
      <trkpt lat="30.116567" lon="-100.128009" />
      <trkpt lat="30.116087" lon="-100.127654" />
      <trkpt lat="30.115466" lon="-100.127329" />
      <trkpt lat="30.115113" lon="-100.127369" />
      <trkpt lat="30.115023" lon="-100.127118" />
      <trkpt lat="30.114626" lon="-100.126646" />
      <trkpt lat="30.11401" lon="-100.125796" />
      <trkpt lat="30.113565" lon="-100.125321" />
      <trkpt lat="30.113438" lon="-100.124948" />
      <trkpt lat="30.113418" lon="-100.124707" />
      <trkpt lat="30.113334" lon="-100.124569" />
      <trkpt lat="30.113057" lon="-100.124495" />
      <trkpt lat="30.112825" lon="-100.124531" />
      <trkpt lat="30.112571" lon="-100.124385" />
      <trkpt lat="30.112112" lon="-100.123787" />
      <trkpt lat="30.111665" lon="-100.122912" />
      <trkpt lat="30.110247" lon="-100.120139" />
      <trkpt lat="30.109794" lon="-100.119102" />
      <trkpt lat="30.109115" lon="-100.117714" />
      <trkpt lat="30.108772" lon="-100.117166" />
      <trkpt lat="30.107185" lon="-100.115332" />
      <trkpt lat="30.105448" lon="-100.113557" />
      <trkpt lat="30.104957" lon="-100.112989" />
      <trkpt lat="30.10336" lon="-100.110741" />
      <trkpt lat="30.102681" lon="-100.109353" />
      <trkpt lat="30.102623" lon="-100.109102" />
      <trkpt lat="30.101577" lon="-100.109087" />
      <trkpt lat="30.099844" lon="-100.109044" />
      <trkpt lat="30.099227" lon="-100.109029" />
      <trkpt lat="30.098666" lon="-100.109046" />
      <trkpt lat="30.098189" lon="-100.109103" />
      <trkpt lat="30.097535" lon="-100.109268" />
      <trkpt lat="30.097056" lon="-100.109458" />
      <trkpt lat="30.096514" lon="-100.109734" />
      <trkpt lat="30.09598" lon="-100.110111" />
      <trkpt lat="30.09552" lon="-100.110552" />
      <trkpt lat="30.095129" lon="-100.110994" />
      <trkpt lat="30.093553" lon="-100.113115" />
      <trkpt lat="30.092812" lon="-100.114126" />
      <trkpt lat="30.092515" lon="-100.113828" />
      <trkpt lat="30.092366" lon="-100.113643" />
      <trkpt lat="30.092226" lon="-100.113296" />
      <trkpt lat="30.092012" lon="-100.112506" />
      <trkpt lat="30.091993" lon="-100.112156" />
      <trkpt lat="30.091715" lon="-100.109696" />
      <trkpt lat="30.091626" lon="-100.108865" />
      <trkpt lat="30.091483" lon="-100.107534" />
      <trkpt lat="30.091289" lon="-100.105733" />
      <trkpt lat="30.090834" lon="-100.101989" />
      <trkpt lat="30.090726" lon="-100.101518" />
      <trkpt lat="30.090332" lon="-100.100653" />
      <trkpt lat="30.089209" lon="-100.09831" />
      <trkpt lat="30.088476" lon="-100.096797" />
      <trkpt lat="30.08756" lon="-100.094905" />
      <trkpt lat="30.085905" lon="-100.09146" />
      <trkpt lat="30.084586" lon="-100.088751" />
      <trkpt lat="30.084243" lon="-100.088047" />
      <trkpt lat="30.0839" lon="-100.087222" />
      <trkpt lat="30.083832" lon="-100.086985" />
      <trkpt lat="30.083767" lon="-100.086759" />
      <trkpt lat="30.083498" lon="-100.085711" />
      <trkpt lat="30.082606" lon="-100.081975" />
      <trkpt lat="30.081135" lon="-100.075913" />
      <trkpt lat="30.080392" lon="-100.072799" />
      <trkpt lat="30.080239" lon="-100.072367" />
      <trkpt lat="30.080006" lon="-100.071849" />
      <trkpt lat="30.078925" lon="-100.069655" />
      <trkpt lat="30.078617" lon="-100.068979" />
      <trkpt lat="30.078491" lon="-100.068571" />
      <trkpt lat="30.078296" lon="-100.067896" />
      <trkpt lat="30.078218" lon="-100.067457" />
      <trkpt lat="30.078124" lon="-100.065626" />
      <trkpt lat="30.078074" lon="-100.063714" />
      <trkpt lat="30.078052" lon="-100.062855" />
      <trkpt lat="30.077895" lon="-100.056634" />
      <trkpt lat="30.077848" lon="-100.054782" />
      <trkpt lat="30.077737" lon="-100.051198" />
      <trkpt lat="30.077674" lon="-100.049002" />
      <trkpt lat="30.077644" lon="-100.047972" />
      <trkpt lat="30.077633" lon="-100.047592" />
      <trkpt lat="30.077611" lon="-100.046551" />
      <trkpt lat="30.0776" lon="-100.046488" />
      <trkpt lat="30.077422" lon="-100.04554" />
      <trkpt lat="30.077153" lon="-100.044411" />
      <trkpt lat="30.076345" lon="-100.040992" />
      <trkpt lat="30.075768" lon="-100.038583" />
      <trkpt lat="30.074587" lon="-100.033676" />
      <trkpt lat="30.074393" lon="-100.03283" />
      <trkpt lat="30.074334" lon="-100.032462" />
      <trkpt lat="30.074318" lon="-100.032" />
      <trkpt lat="30.074314" lon="-100.031678" />
      <trkpt lat="30.074314" lon="-100.031624" />
      <trkpt lat="30.074367" lon="-100.03096" />
      <trkpt lat="30.074749" lon="-100.02685" />
      <trkpt lat="30.075238" lon="-100.021735" />
      <trkpt lat="30.07549" lon="-100.019091" />
      <trkpt lat="30.075674" lon="-100.017033" />
      <trkpt lat="30.075722" lon="-100.016498" />
      <trkpt lat="30.076084" lon="-100.012477" />
      <trkpt lat="30.076182" lon="-100.011394" />
      <trkpt lat="30.076548" lon="-100.007534" />
      <trkpt lat="30.076901" lon="-100.003611" />
      <trkpt lat="30.077135" lon="-100.001118" />
      <trkpt lat="30.077138" lon="-100.000735" />
      <trkpt lat="30.077133" lon="-100.000336" />
      <trkpt lat="30.0771" lon="-99.999541" />
      <trkpt lat="30.076983" lon="-99.998911" />
      <trkpt lat="30.07687" lon="-99.998298" />
      <trkpt lat="30.076455" lon="-99.996435" />
      <trkpt lat="30.076209" lon="-99.99533" />
      <trkpt lat="30.075539" lon="-99.992259" />
      <trkpt lat="30.075276" lon="-99.991137" />
      <trkpt lat="30.074858" lon="-99.989245" />
      <trkpt lat="30.074558" lon="-99.98779" />
      <trkpt lat="30.074537" lon="-99.987309" />
      <trkpt lat="30.074591" lon="-99.986755" />
      <trkpt lat="30.074683" lon="-99.986122" />
      <trkpt lat="30.075223" lon="-99.984343" />
      <trkpt lat="30.076061" lon="-99.981682" />
      <trkpt lat="30.076876" lon="-99.979125" />
      <trkpt lat="30.077807" lon="-99.976153" />
      <trkpt lat="30.078671" lon="-99.973303" />
      <trkpt lat="30.078748" lon="-99.972704" />
      <trkpt lat="30.07874" lon="-99.972233" />
      <trkpt lat="30.078696" lon="-99.971628" />
      <trkpt lat="30.078514" lon="-99.9707" />
      <trkpt lat="30.077907" lon="-99.968043" />
      <trkpt lat="30.077807" lon="-99.967603" />
      <trkpt lat="30.077122" lon="-99.964604" />
      <trkpt lat="30.076865" lon="-99.963344" />
      <trkpt lat="30.076838" lon="-99.962949" />
      <trkpt lat="30.07685" lon="-99.96208" />
      <trkpt lat="30.076913" lon="-99.959176" />
      <trkpt lat="30.076957" lon="-99.956821" />
      <trkpt lat="30.077088" lon="-99.950283" />
      <trkpt lat="30.077189" lon="-99.944823" />
      <trkpt lat="30.077265" lon="-99.941776" />
      <trkpt lat="30.077266" lon="-99.941724" />
      <trkpt lat="30.077315" lon="-99.939044" />
      <trkpt lat="30.077488" lon="-99.930333" />
      <trkpt lat="30.077478" lon="-99.929281" />
      <trkpt lat="30.077448" lon="-99.928967" />
      <trkpt lat="30.077422" lon="-99.9288" />
      <trkpt lat="30.077385" lon="-99.928631" />
      <trkpt lat="30.077272" lon="-99.928216" />
      <trkpt lat="30.077126" lon="-99.927808" />
      <trkpt lat="30.076805" lon="-99.927176" />
      <trkpt lat="30.07646" lon="-99.926664" />
      <trkpt lat="30.076216" lon="-99.92642" />
      <trkpt lat="30.075976" lon="-99.92618" />
      <trkpt lat="30.074842" lon="-99.925197" />
      <trkpt lat="30.072301" lon="-99.923087" />
      <trkpt lat="30.07088" lon="-99.921902" />
      <trkpt lat="30.069297" lon="-99.920571" />
      <trkpt lat="30.067993" lon="-99.919491" />
      <trkpt lat="30.067323" lon="-99.918929" />
      <trkpt lat="30.065165" lon="-99.917121" />
      <trkpt lat="30.063764" lon="-99.915964" />
      <trkpt lat="30.062159" lon="-99.914641" />
      <trkpt lat="30.060659" lon="-99.913393" />
      <trkpt lat="30.060623" lon="-99.913357" />
      <trkpt lat="30.060301" lon="-99.913035" />
      <trkpt lat="30.057904" lon="-99.909869" />
      <trkpt lat="30.056584" lon="-99.908094" />
      <trkpt lat="30.056556" lon="-99.908056" />
      <trkpt lat="30.055125" lon="-99.906191" />
      <trkpt lat="30.054647" lon="-99.905555" />
      <trkpt lat="30.053728" lon="-99.904332" />
      <trkpt lat="30.053117" lon="-99.903524" />
      <trkpt lat="30.050909" lon="-99.900603" />
      <trkpt lat="30.049483" lon="-99.898727" />
      <trkpt lat="30.048783" lon="-99.897799" />
      <trkpt lat="30.048056" lon="-99.896833" />
      <trkpt lat="30.045415" lon="-99.893386" />
      <trkpt lat="30.045173" lon="-99.89307" />
      <trkpt lat="30.043914" lon="-99.891338" />
      <trkpt lat="30.04375" lon="-99.891039" />
      <trkpt lat="30.043524" lon="-99.890546" />
      <trkpt lat="30.043505" lon="-99.890498" />
      <trkpt lat="30.043392" lon="-99.890213" />
      <trkpt lat="30.043368" lon="-99.890131" />
      <trkpt lat="30.043222" lon="-99.889629" />
      <trkpt lat="30.042994" lon="-99.888606" />
      <trkpt lat="30.042452" lon="-99.886181" />
      <trkpt lat="30.041862" lon="-99.883461" />
      <trkpt lat="30.041265" lon="-99.880827" />
      <trkpt lat="30.040684" lon="-99.87817" />
      <trkpt lat="30.039363" lon="-99.872313" />
      <trkpt lat="30.039216" lon="-99.871599" />
      <trkpt lat="30.039177" lon="-99.871242" />
      <trkpt lat="30.03913" lon="-99.870533" />
      <trkpt lat="30.039133" lon="-99.870167" />
      <trkpt lat="30.039166" lon="-99.866822" />
      <trkpt lat="30.039183" lon="-99.864985" />
      <trkpt lat="30.039185" lon="-99.864812" />
      <trkpt lat="30.03919" lon="-99.861505" />
      <trkpt lat="30.039195" lon="-99.86116" />
      <trkpt lat="30.039197" lon="-99.861015" />
      <trkpt lat="30.039222" lon="-99.859229" />
      <trkpt lat="30.039316" lon="-99.858564" />
      <trkpt lat="30.039513" lon="-99.857925" />
      <trkpt lat="30.039542" lon="-99.857853" />
      <trkpt lat="30.039782" lon="-99.857264" />
      <trkpt lat="30.04042" lon="-99.855695" />
      <trkpt lat="30.041648" lon="-99.852811" />
      <trkpt lat="30.042939" lon="-99.849698" />
      <trkpt lat="30.044328" lon="-99.846427" />
      <trkpt lat="30.045425" lon="-99.8438" />
      <trkpt lat="30.045704" lon="-99.843972" />
      <trkpt lat="30.045972" lon="-99.844085" />
      <trkpt lat="30.050863" lon="-99.844138" />
      <trkpt lat="30.0524" lon="-99.844155" />
      <trkpt lat="30.058465" lon="-99.844176" />
      <trkpt lat="30.059432" lon="-99.844179" />
      <trkpt lat="30.061922" lon="-99.844228" />
      <trkpt lat="30.063588" lon="-99.84404" />
      <trkpt lat="30.06404" lon="-99.843998" />
      <trkpt lat="30.066384" lon="-99.843781" />
      <trkpt lat="30.06882" lon="-99.843554" />
      <trkpt lat="30.069296" lon="-99.84351" />
      <trkpt lat="30.069647" lon="-99.843561" />
      <trkpt lat="30.070867" lon="-99.84407" />
      <trkpt lat="30.070998" lon="-99.844186" />
      <trkpt lat="30.071072" lon="-99.844337" />
      <trkpt lat="30.071097" lon="-99.844566" />
      <trkpt lat="30.071092" lon="-99.844695" />
      <trkpt lat="30.071039" lon="-99.845089" />
      <trkpt lat="30.071187" lon="-99.845091" />
      <trkpt lat="30.071649" lon="-99.84493" />
      <trkpt lat="30.07176" lon="-99.844917" />
      <trkpt lat="30.071829" lon="-99.844912" />
      <trkpt lat="30.07191" lon="-99.844919" />
      <trkpt lat="30.072251" lon="-99.844977" />
      <trkpt lat="30.072341" lon="-99.845004" />
      <trkpt lat="30.072467" lon="-99.845064" />
      <trkpt lat="30.072579" lon="-99.845165" />
      <trkpt lat="30.072744" lon="-99.845345" />
      <trkpt lat="30.072815" lon="-99.845395" />
      <trkpt lat="30.072925" lon="-99.845437" />
      <trkpt lat="30.073043" lon="-99.845473" />
      <trkpt lat="30.073128" lon="-99.845479" />
      <trkpt lat="30.073229" lon="-99.845477" />
      <trkpt lat="30.073333" lon="-99.845468" />
      <trkpt lat="30.073517" lon="-99.845433" />
      <trkpt lat="30.073726" lon="-99.845376" />
      <trkpt lat="30.073868" lon="-99.845328" />
      <trkpt lat="30.074046" lon="-99.845214" />
      <trkpt lat="30.074404" lon="-99.844907" />
      <trkpt lat="30.074559" lon="-99.844775" />
      <trkpt lat="30.074605" lon="-99.844688" />
      <trkpt lat="30.074828" lon="-99.844266" />
      <trkpt lat="30.074895" lon="-99.844199" />
      <trkpt lat="30.075056" lon="-99.844039" />
      <trkpt lat="30.075492" lon="-99.843741" />
      <trkpt lat="30.076115" lon="-99.84339" />
      <trkpt lat="30.076551" lon="-99.843077" />
      <trkpt lat="30.077369" lon="-99.842355" />
      <trkpt lat="30.078074" lon="-99.841901" />
      <trkpt lat="30.078462" lon="-99.841572" />
      <trkpt lat="30.078905" lon="-99.841298" />
      <trkpt lat="30.079326" lon="-99.841175" />
      <trkpt lat="30.080158" lon="-99.840845" />
      <trkpt lat="30.080703" lon="-99.840803" />
      <trkpt lat="30.081291" lon="-99.840514" />
      <trkpt lat="30.081541" lon="-99.8405" />
      <trkpt lat="30.081956" lon="-99.840476" />
      <trkpt lat="30.082279" lon="-99.840582" />
      <trkpt lat="30.082802" lon="-99.840698" />
      <trkpt lat="30.083152" lon="-99.840843" />
      <trkpt lat="30.083441" lon="-99.841004" />
      <trkpt lat="30.083796" lon="-99.841129" />
      <trkpt lat="30.084291" lon="-99.841001" />
      <trkpt lat="30.084487" lon="-99.84104" />
      <trkpt lat="30.084703" lon="-99.841126" />
      <trkpt lat="30.084762" lon="-99.841133" />
      <trkpt lat="30.084861" lon="-99.841105" />
      <trkpt lat="30.085588" lon="-99.840836" />
      <trkpt lat="30.086412" lon="-99.84072" />
      <trkpt lat="30.087225" lon="-99.840727" />
      <trkpt lat="30.088535" lon="-99.84084" />
      <trkpt lat="30.088713" lon="-99.840851" />
      <trkpt lat="30.088902" lon="-99.840792" />
      <trkpt lat="30.089018" lon="-99.840695" />
      <trkpt lat="30.089074" lon="-99.840622" />
      <trkpt lat="30.089541" lon="-99.840006" />
      <trkpt lat="30.089763" lon="-99.839833" />
      <trkpt lat="30.08981" lon="-99.839616" />
      <trkpt lat="30.089841" lon="-99.839379" />
      <trkpt lat="30.089892" lon="-99.839177" />
      <trkpt lat="30.090024" lon="-99.838871" />
      <trkpt lat="30.090086" lon="-99.838941" />
      <trkpt lat="30.090303" lon="-99.839181" />
      <trkpt lat="30.090542" lon="-99.839492" />
      <trkpt lat="30.090735" lon="-99.839889" />
      <trkpt lat="30.090817" lon="-99.840109" />
      <trkpt lat="30.090821" lon="-99.840219" />
      <trkpt lat="30.090722" lon="-99.840676" />
      <trkpt lat="30.09079" lon="-99.841218" />
      <trkpt lat="30.090833" lon="-99.841485" />
      <trkpt lat="30.090974" lon="-99.842355" />
      <trkpt lat="30.091079" lon="-99.84307" />
      <trkpt lat="30.091154" lon="-99.843743" />
      <trkpt lat="30.091205" lon="-99.843983" />
      <trkpt lat="30.091297" lon="-99.844242" />
      <trkpt lat="30.091375" lon="-99.844557" />
      <trkpt lat="30.091426" lon="-99.844651" />
      <trkpt lat="30.091566" lon="-99.844773" />
      <trkpt lat="30.092062" lon="-99.844974" />
      <trkpt lat="30.092318" lon="-99.845217" />
      <trkpt lat="30.092556" lon="-99.845505" />
      <trkpt lat="30.092971" lon="-99.846169" />
      <trkpt lat="30.093124" lon="-99.846488" />
      <trkpt lat="30.093299" lon="-99.846782" />
      <trkpt lat="30.094763" lon="-99.848267" />
      <trkpt lat="30.094806" lon="-99.848298" />
      <trkpt lat="30.094998" lon="-99.848437" />
      <trkpt lat="30.095436" lon="-99.848366" />
      <trkpt lat="30.096154" lon="-99.848322" />
      <trkpt lat="30.096493" lon="-99.848111" />
      <trkpt lat="30.09688" lon="-99.847972" />
      <trkpt lat="30.09726" lon="-99.84788" />
      <trkpt lat="30.097728" lon="-99.847892" />
      <trkpt lat="30.098086" lon="-99.847966" />
      <trkpt lat="30.098306" lon="-99.848063" />
      <trkpt lat="30.0987" lon="-99.848316" />
      <trkpt lat="30.09923" lon="-99.84836" />
      <trkpt lat="30.099567" lon="-99.848522" />
      <trkpt lat="30.100137" lon="-99.84886" />
      <trkpt lat="30.10063" lon="-99.849339" />
      <trkpt lat="30.100821" lon="-99.84965" />
      <trkpt lat="30.100993" lon="-99.850131" />
      <trkpt lat="30.100983" lon="-99.850614" />
      <trkpt lat="30.101103" lon="-99.851297" />
      <trkpt lat="30.100894" lon="-99.851675" />
      <trkpt lat="30.100706" lon="-99.851872" />
      <trkpt lat="30.100609" lon="-99.852085" />
      <trkpt lat="30.100499" lon="-99.853035" />
      <trkpt lat="30.100539" lon="-99.853241" />
      <trkpt lat="30.10071" lon="-99.853433" />
      <trkpt lat="30.100925" lon="-99.853763" />
      <trkpt lat="30.101104" lon="-99.854256" />
      <trkpt lat="30.101121" lon="-99.854304" />
      <trkpt lat="30.101312" lon="-99.854567" />
      <trkpt lat="30.10156" lon="-99.854617" />
      <trkpt lat="30.10174" lon="-99.854555" />
      <trkpt lat="30.102267" lon="-99.853973" />
      <trkpt lat="30.102537" lon="-99.853777" />
      <trkpt lat="30.102924" lon="-99.85363" />
      <trkpt lat="30.103962" lon="-99.853524" />
      <trkpt lat="30.104211" lon="-99.85336" />
      <trkpt lat="30.104473" lon="-99.853291" />
      <trkpt lat="30.104845" lon="-99.853341" />
      <trkpt lat="30.105735" lon="-99.853552" />
      <trkpt lat="30.106011" lon="-99.853617" />
      <trkpt lat="30.106349" lon="-99.853572" />
      <trkpt lat="30.106715" lon="-99.853338" />
      <trkpt lat="30.108256" lon="-99.853268" />
      <trkpt lat="30.10867" lon="-99.85316" />
      <trkpt lat="30.108883" lon="-99.853186" />
      <trkpt lat="30.109233" lon="-99.853427" />
      <trkpt lat="30.109584" lon="-99.853485" />
      <trkpt lat="30.110628" lon="-99.853577" />
      <trkpt lat="30.11102" lon="-99.853652" />
      <trkpt lat="30.11124" lon="-99.853622" />
      <trkpt lat="30.111302" lon="-99.853483" />
      <trkpt lat="30.111324" lon="-99.853433" />
      <trkpt lat="30.111285" lon="-99.853155" />
      <trkpt lat="30.111293" lon="-99.852965" />
      <trkpt lat="30.111929" lon="-99.850569" />
      <trkpt lat="30.111972" lon="-99.850205" />
      <trkpt lat="30.112075" lon="-99.849814" />
      <trkpt lat="30.112276" lon="-99.849546" />
      <trkpt lat="30.112699" lon="-99.849248" />
      <trkpt lat="30.113655" lon="-99.849213" />
      <trkpt lat="30.113886" lon="-99.849073" />
      <trkpt lat="30.113954" lon="-99.848982" />
      <trkpt lat="30.114043" lon="-99.848865" />
      <trkpt lat="30.11421" lon="-99.848735" />
      <trkpt lat="30.114353" lon="-99.847944" />
      <trkpt lat="30.114228" lon="-99.847576" />
      <trkpt lat="30.113505" lon="-99.846996" />
      <trkpt lat="30.113488" lon="-99.846521" />
      <trkpt lat="30.113571" lon="-99.844822" />
      <trkpt lat="30.113684" lon="-99.844347" />
      <trkpt lat="30.113902" lon="-99.843802" />
      <trkpt lat="30.114153" lon="-99.843305" />
      <trkpt lat="30.113878" lon="-99.841499" />
      <trkpt lat="30.113659" lon="-99.840261" />
      <trkpt lat="30.113438" lon="-99.839261" />
      <trkpt lat="30.113572" lon="-99.83885" />
      <trkpt lat="30.113627" lon="-99.838736" />
      <trkpt lat="30.113764" lon="-99.838451" />
      <trkpt lat="30.11404" lon="-99.838271" />
      <trkpt lat="30.114438" lon="-99.837561" />
      <trkpt lat="30.115081" lon="-99.837075" />
      <trkpt lat="30.115348" lon="-99.83682" />
      <trkpt lat="30.115379" lon="-99.836266" />
      <trkpt lat="30.115671" lon="-99.835896" />
      <trkpt lat="30.116066" lon="-99.835518" />
      <trkpt lat="30.116234" lon="-99.835211" />
      <trkpt lat="30.116507" lon="-99.834539" />
      <trkpt lat="30.116694" lon="-99.834311" />
      <trkpt lat="30.117524" lon="-99.833906" />
      <trkpt lat="30.1181" lon="-99.83378" />
      <trkpt lat="30.118335" lon="-99.833655" />
      <trkpt lat="30.118625" lon="-99.833586" />
      <trkpt lat="30.118873" lon="-99.833469" />
      <trkpt lat="30.119006" lon="-99.833146" />
      <trkpt lat="30.119324" lon="-99.831912" />
      <trkpt lat="30.119575" lon="-99.831478" />
      <trkpt lat="30.119734" lon="-99.830849" />
      <trkpt lat="30.119681" lon="-99.830453" />
      <trkpt lat="30.119438" lon="-99.830009" />
      <trkpt lat="30.119171" lon="-99.829442" />
      <trkpt lat="30.119065" lon="-99.828838" />
      <trkpt lat="30.118778" lon="-99.828408" />
      <trkpt lat="30.118513" lon="-99.827819" />
      <trkpt lat="30.118111" lon="-99.827079" />
      <trkpt lat="30.117951" lon="-99.826245" />
      <trkpt lat="30.117951" lon="-99.826245" />
      <trkpt lat="30.117838" lon="-99.826058" />
      <trkpt lat="30.11764" lon="-99.825866" />
      <trkpt lat="30.117497" lon="-99.825501" />
      <trkpt lat="30.11723" lon="-99.825292" />
      <trkpt lat="30.116879" lon="-99.825171" />
      <trkpt lat="30.116586" lon="-99.824898" />
      <trkpt lat="30.116277" lon="-99.824611" />
      <trkpt lat="30.115741" lon="-99.824297" />
      <trkpt lat="30.115502" lon="-99.823891" />
      <trkpt lat="30.115232" lon="-99.823655" />
      <trkpt lat="30.115309" lon="-99.82337" />
      <trkpt lat="30.115922" lon="-99.822361" />
      <trkpt lat="30.116014" lon="-99.821973" />
      <trkpt lat="30.115873" lon="-99.821433" />
      <trkpt lat="30.115861" lon="-99.821101" />
      <trkpt lat="30.1156" lon="-99.821018" />
      <trkpt lat="30.114862" lon="-99.820302" />
      <trkpt lat="30.114671" lon="-99.820207" />
      <trkpt lat="30.114431" lon="-99.820237" />
      <trkpt lat="30.113257" lon="-99.820999" />
      <trkpt lat="30.112779" lon="-99.821439" />
      <trkpt lat="30.112487" lon="-99.821849" />
      <trkpt lat="30.112318" lon="-99.822387" />
      <trkpt lat="30.112103" lon="-99.822575" />
      <trkpt lat="30.111204" lon="-99.822548" />
      <trkpt lat="30.11075" lon="-99.822473" />
      <trkpt lat="30.10967" lon="-99.822155" />
      <trkpt lat="30.109465" lon="-99.82201" />
      <trkpt lat="30.109126" lon="-99.821655" />
      <trkpt lat="30.108665" lon="-99.82158" />
      <trkpt lat="30.107451" lon="-99.82176" />
      <trkpt lat="30.106944" lon="-99.821744" />
      <trkpt lat="30.106286" lon="-99.821318" />
      <trkpt lat="30.105935" lon="-99.821189" />
      <trkpt lat="30.105718" lon="-99.821133" />
      <trkpt lat="30.10546" lon="-99.821066" />
      <trkpt lat="30.105118" lon="-99.820786" />
      <trkpt lat="30.105009" lon="-99.820452" />
      <trkpt lat="30.104999" lon="-99.819897" />
      <trkpt lat="30.105106" lon="-99.819288" />
      <trkpt lat="30.105135" lon="-99.818571" />
      <trkpt lat="30.105069" lon="-99.818158" />
      <trkpt lat="30.104926" lon="-99.817808" />
      <trkpt lat="30.104714" lon="-99.817561" />
      <trkpt lat="30.104322" lon="-99.81747" />
      <trkpt lat="30.103023" lon="-99.817535" />
      <trkpt lat="30.102554" lon="-99.817587" />
      <trkpt lat="30.10214" lon="-99.817702" />
      <trkpt lat="30.101813" lon="-99.818119" />
      <trkpt lat="30.10129" lon="-99.819209" />
      <trkpt lat="30.10114" lon="-99.819394" />
      <trkpt lat="30.100479" lon="-99.819452" />
      <trkpt lat="30.099783" lon="-99.81943" />
      <trkpt lat="30.098978" lon="-99.819728" />
      <trkpt lat="30.098751" lon="-99.819727" />
      <trkpt lat="30.098378" lon="-99.819834" />
      <trkpt lat="30.097882" lon="-99.819814" />
      <trkpt lat="30.097373" lon="-99.819336" />
      <trkpt lat="30.097065" lon="-99.819624" />
      <trkpt lat="30.096317" lon="-99.819821" />
      <trkpt lat="30.09617" lon="-99.820325" />
      <trkpt lat="30.095963" lon="-99.820866" />
      <trkpt lat="30.095535" lon="-99.821202" />
      <trkpt lat="30.0948" lon="-99.821346" />
      <trkpt lat="30.094244" lon="-99.821642" />
      <trkpt lat="30.094345" lon="-99.821913" />
      <trkpt lat="30.0946" lon="-99.822977" />
      <trkpt lat="30.094433" lon="-99.823245" />
      <trkpt lat="30.094177" lon="-99.823433" />
      <trkpt lat="30.0935" lon="-99.823641" />
      <trkpt lat="30.093204" lon="-99.823607" />
      <trkpt lat="30.093045" lon="-99.823637" />
      <trkpt lat="30.092829" lon="-99.824095" />
      <trkpt lat="30.092832" lon="-99.824626" />
      <trkpt lat="30.092892" lon="-99.825078" />
      <trkpt lat="30.092537" lon="-99.826196" />
      <trkpt lat="30.092191" lon="-99.826352" />
      <trkpt lat="30.091672" lon="-99.826696" />
      <trkpt lat="30.091527" lon="-99.826838" />
      <trkpt lat="30.091495" lon="-99.827448" />
      <trkpt lat="30.091418" lon="-99.827645" />
      <trkpt lat="30.091499" lon="-99.827899" />
      <trkpt lat="30.091346" lon="-99.828167" />
      <trkpt lat="30.091268" lon="-99.828444" />
      <trkpt lat="30.091308" lon="-99.828666" />
      <trkpt lat="30.091507" lon="-99.828922" />
      <trkpt lat="30.091542" lon="-99.829259" />
      <trkpt lat="30.09147" lon="-99.829741" />
      <trkpt lat="30.091461" lon="-99.830114" />
      <trkpt lat="30.091563" lon="-99.830305" />
      <trkpt lat="30.09179" lon="-99.830481" />
      <trkpt lat="30.091933" lon="-99.830688" />
      <trkpt lat="30.091986" lon="-99.831069" />
      <trkpt lat="30.092392" lon="-99.832166" />
      <trkpt lat="30.092363" lon="-99.832474" />
      <trkpt lat="30.092541" lon="-99.833122" />
      <trkpt lat="30.09295" lon="-99.833878" />
      <trkpt lat="30.093175" lon="-99.834221" />
      <trkpt lat="30.093283" lon="-99.834578" />
      <trkpt lat="30.093246" lon="-99.834685" />
      <trkpt lat="30.093142" lon="-99.834989" />
      <trkpt lat="30.092769" lon="-99.835239" />
      <trkpt lat="30.092576" lon="-99.835182" />
      <trkpt lat="30.09246" lon="-99.834975" />
      <trkpt lat="30.09233" lon="-99.834911" />
      <trkpt lat="30.09215" lon="-99.835052" />
      <trkpt lat="30.091693" lon="-99.835716" />
      <trkpt lat="30.091609" lon="-99.836082" />
      <trkpt lat="30.091474" lon="-99.836533" />
      <trkpt lat="30.091344" lon="-99.836892" />
      <trkpt lat="30.09125" lon="-99.837102" />
      <trkpt lat="30.091008" lon="-99.837482" />
      <trkpt lat="30.090745" lon="-99.83788" />
      <trkpt lat="30.090697" lon="-99.837985" />
      <trkpt lat="30.090637" lon="-99.838248" />
      <trkpt lat="30.090562" lon="-99.838472" />
      <trkpt lat="30.090366" lon="-99.838894" />
      <trkpt lat="30.090303" lon="-99.839181" />
      <trkpt lat="30.090086" lon="-99.838941" />
      <trkpt lat="30.090024" lon="-99.838871" />
      <trkpt lat="30.089892" lon="-99.839177" />
      <trkpt lat="30.089841" lon="-99.839379" />
      <trkpt lat="30.08981" lon="-99.839616" />
      <trkpt lat="30.089763" lon="-99.839833" />
      <trkpt lat="30.089541" lon="-99.840006" />
      <trkpt lat="30.089074" lon="-99.840622" />
      <trkpt lat="30.089018" lon="-99.840695" />
      <trkpt lat="30.088902" lon="-99.840792" />
      <trkpt lat="30.088713" lon="-99.840851" />
      <trkpt lat="30.088535" lon="-99.84084" />
      <trkpt lat="30.087225" lon="-99.840727" />
      <trkpt lat="30.086412" lon="-99.84072" />
      <trkpt lat="30.085588" lon="-99.840836" />
      <trkpt lat="30.084861" lon="-99.841105" />
      <trkpt lat="30.084762" lon="-99.841133" />
      <trkpt lat="30.084703" lon="-99.841126" />
      <trkpt lat="30.084487" lon="-99.84104" />
      <trkpt lat="30.084291" lon="-99.841001" />
      <trkpt lat="30.083796" lon="-99.841129" />
      <trkpt lat="30.083441" lon="-99.841004" />
      <trkpt lat="30.083152" lon="-99.840843" />
      <trkpt lat="30.082802" lon="-99.840698" />
      <trkpt lat="30.082279" lon="-99.840582" />
      <trkpt lat="30.081956" lon="-99.840476" />
      <trkpt lat="30.081541" lon="-99.8405" />
      <trkpt lat="30.081291" lon="-99.840514" />
      <trkpt lat="30.080703" lon="-99.840803" />
      <trkpt lat="30.080158" lon="-99.840845" />
      <trkpt lat="30.079326" lon="-99.841175" />
      <trkpt lat="30.078905" lon="-99.841298" />
      <trkpt lat="30.078462" lon="-99.841572" />
      <trkpt lat="30.078074" lon="-99.841901" />
      <trkpt lat="30.077369" lon="-99.842355" />
      <trkpt lat="30.076551" lon="-99.843077" />
      <trkpt lat="30.076115" lon="-99.84339" />
      <trkpt lat="30.075492" lon="-99.843741" />
      <trkpt lat="30.075056" lon="-99.844039" />
      <trkpt lat="30.074895" lon="-99.844199" />
      <trkpt lat="30.074828" lon="-99.844266" />
      <trkpt lat="30.074605" lon="-99.844688" />
      <trkpt lat="30.074559" lon="-99.844775" />
      <trkpt lat="30.074404" lon="-99.844907" />
      <trkpt lat="30.074046" lon="-99.845214" />
      <trkpt lat="30.073868" lon="-99.845328" />
      <trkpt lat="30.073726" lon="-99.845376" />
      <trkpt lat="30.073517" lon="-99.845433" />
      <trkpt lat="30.073333" lon="-99.845468" />
      <trkpt lat="30.073229" lon="-99.845477" />
      <trkpt lat="30.073128" lon="-99.845479" />
      <trkpt lat="30.073043" lon="-99.845473" />
      <trkpt lat="30.072925" lon="-99.845437" />
      <trkpt lat="30.072815" lon="-99.845395" />
      <trkpt lat="30.072744" lon="-99.845345" />
      <trkpt lat="30.072579" lon="-99.845165" />
      <trkpt lat="30.072467" lon="-99.845064" />
      <trkpt lat="30.072341" lon="-99.845004" />
      <trkpt lat="30.072251" lon="-99.844977" />
      <trkpt lat="30.07191" lon="-99.844919" />
      <trkpt lat="30.071829" lon="-99.844912" />
      <trkpt lat="30.07176" lon="-99.844917" />
      <trkpt lat="30.071649" lon="-99.84493" />
      <trkpt lat="30.071187" lon="-99.845091" />
      <trkpt lat="30.071039" lon="-99.845089" />
      <trkpt lat="30.071092" lon="-99.844695" />
      <trkpt lat="30.071097" lon="-99.844566" />
      <trkpt lat="30.071072" lon="-99.844337" />
      <trkpt lat="30.070998" lon="-99.844186" />
      <trkpt lat="30.070867" lon="-99.84407" />
      <trkpt lat="30.069647" lon="-99.843561" />
      <trkpt lat="30.069296" lon="-99.84351" />
      <trkpt lat="30.06882" lon="-99.843554" />
      <trkpt lat="30.066384" lon="-99.843781" />
      <trkpt lat="30.06404" lon="-99.843998" />
      <trkpt lat="30.063588" lon="-99.84404" />
      <trkpt lat="30.061922" lon="-99.844228" />
      <trkpt lat="30.059432" lon="-99.844179" />
      <trkpt lat="30.058465" lon="-99.844176" />
      <trkpt lat="30.0524" lon="-99.844155" />
      <trkpt lat="30.050863" lon="-99.844138" />
      <trkpt lat="30.045972" lon="-99.844085" />
      <trkpt lat="30.045704" lon="-99.843972" />
      <trkpt lat="30.045425" lon="-99.8438" />
      <trkpt lat="30.045944" lon="-99.842561" />
      <trkpt lat="30.046584" lon="-99.841025" />
      <trkpt lat="30.048621" lon="-99.836163" />
      <trkpt lat="30.05017" lon="-99.832498" />
      <trkpt lat="30.050335" lon="-99.832097" />
      <trkpt lat="30.051" lon="-99.830483" />
      <trkpt lat="30.051657" lon="-99.828886" />
      <trkpt lat="30.052971" lon="-99.825789" />
      <trkpt lat="30.053199" lon="-99.825252" />
      <trkpt lat="30.054095" lon="-99.823117" />
      <trkpt lat="30.054727" lon="-99.821609" />
      <trkpt lat="30.055284" lon="-99.820137" />
      <trkpt lat="30.055363" lon="-99.819622" />
      <trkpt lat="30.05595" lon="-99.814451" />
      <trkpt lat="30.056303" lon="-99.811496" />
      <trkpt lat="30.056736" lon="-99.807638" />
      <trkpt lat="30.056765" lon="-99.807453" />
      <trkpt lat="30.056808" lon="-99.807179" />
      <trkpt lat="30.056907" lon="-99.806831" />
      <trkpt lat="30.05719" lon="-99.806101" />
      <trkpt lat="30.05795" lon="-99.804618" />
      <trkpt lat="30.058348" lon="-99.803861" />
      <trkpt lat="30.059265" lon="-99.801987" />
      <trkpt lat="30.059441" lon="-99.801505" />
      <trkpt lat="30.059568" lon="-99.800936" />
      <trkpt lat="30.059573" lon="-99.800842" />
      <trkpt lat="30.059592" lon="-99.800437" />
      <trkpt lat="30.059637" lon="-99.798406" />
      <trkpt lat="30.059663" lon="-99.797233" />
      <trkpt lat="30.059666" lon="-99.796761" />
      <trkpt lat="30.059768" lon="-99.79407" />
      <trkpt lat="30.059777" lon="-99.790818" />
      <trkpt lat="30.059773" lon="-99.787472" />
      <trkpt lat="30.059776" lon="-99.783797" />
      <trkpt lat="30.059775" lon="-99.782742" />
      <trkpt lat="30.059773" lon="-99.781087" />
      <trkpt lat="30.059772" lon="-99.780723" />
      <trkpt lat="30.059781" lon="-99.77054" />
      <trkpt lat="30.059809" lon="-99.769816" />
      <trkpt lat="30.059895" lon="-99.769333" />
      <trkpt lat="30.060003" lon="-99.768978" />
      <trkpt lat="30.060112" lon="-99.768622" />
      <trkpt lat="30.060651" lon="-99.767216" />
      <trkpt lat="30.0613" lon="-99.76555" />
      <trkpt lat="30.061977" lon="-99.763809" />
      <trkpt lat="30.062764" lon="-99.761672" />
      <trkpt lat="30.062855" lon="-99.76103" />
      <trkpt lat="30.062889" lon="-99.760374" />
      <trkpt lat="30.062854" lon="-99.759775" />
      <trkpt lat="30.062601" lon="-99.757088" />
      <trkpt lat="30.062502" lon="-99.75586" />
      <trkpt lat="30.062483" lon="-99.755607" />
      <trkpt lat="30.062445" lon="-99.755159" />
      <trkpt lat="30.062405" lon="-99.754667" />
      <trkpt lat="30.062395" lon="-99.754041" />
      <trkpt lat="30.062432" lon="-99.753598" />
      <trkpt lat="30.062531" lon="-99.75302" />
      <trkpt lat="30.06278" lon="-99.7524" />
      <trkpt lat="30.063533" lon="-99.750837" />
      <trkpt lat="30.063549" lon="-99.750805" />
      <trkpt lat="30.063788" lon="-99.750332" />
      <trkpt lat="30.065326" lon="-99.747179" />
      <trkpt lat="30.066043" lon="-99.745737" />
      <trkpt lat="30.066393" lon="-99.745031" />
      <trkpt lat="30.066539" lon="-99.744584" />
      <trkpt lat="30.066661" lon="-99.744018" />
      <trkpt lat="30.066728" lon="-99.743424" />
      <trkpt lat="30.066755" lon="-99.743135" />
      <trkpt lat="30.066919" lon="-99.741382" />
      <trkpt lat="30.066971" lon="-99.740642" />
      <trkpt lat="30.067079" lon="-99.73911" />
      <trkpt lat="30.067051" lon="-99.734008" />
      <trkpt lat="30.067038" lon="-99.733167" />
      <trkpt lat="30.067013" lon="-99.7316" />
      <trkpt lat="30.066999" lon="-99.729499" />
      <trkpt lat="30.066994" lon="-99.728823" />
      <trkpt lat="30.066982" lon="-99.727218" />
      <trkpt lat="30.066928" lon="-99.724689" />
      <trkpt lat="30.066928" lon="-99.723963" />
      <trkpt lat="30.066927" lon="-99.722682" />
      <trkpt lat="30.066886" lon="-99.719994" />
      <trkpt lat="30.066853" lon="-99.716854" />
      <trkpt lat="30.066847" lon="-99.716286" />
      <trkpt lat="30.066834" lon="-99.713587" />
      <trkpt lat="30.066803" lon="-99.71121" />
      <trkpt lat="30.066788" lon="-99.709623" />
      <trkpt lat="30.06678" lon="-99.708773" />
      <trkpt lat="30.06679" lon="-99.706318" />
      <trkpt lat="30.066751" lon="-99.7039" />
      <trkpt lat="30.066711" lon="-99.701746" />
      <trkpt lat="30.066687" lon="-99.699556" />
      <trkpt lat="30.066655" lon="-99.694947" />
      <trkpt lat="30.066676" lon="-99.69459" />
      <trkpt lat="30.066759" lon="-99.694084" />
      <trkpt lat="30.066787" lon="-99.693959" />
      <trkpt lat="30.066823" lon="-99.693797" />
      <trkpt lat="30.04542" lon="-99.693926" />
      <trkpt lat="30.044653" lon="-99.693931" />
      <trkpt lat="30.043568" lon="-99.693938" />
      <trkpt lat="30.041863" lon="-99.693911" />
      <trkpt lat="30.040187" lon="-99.693808" />
      <trkpt lat="30.039381" lon="-99.693739" />
      <trkpt lat="30.033208" lon="-99.693215" />
      <trkpt lat="30.027271" lon="-99.69271" />
      <trkpt lat="30.015142" lon="-99.691679" />
      <trkpt lat="30.005525" lon="-99.690861" />
      <trkpt lat="30.004264" lon="-99.690792" />
      <trkpt lat="30.003904" lon="-99.690786" />
      <trkpt lat="30.000629" lon="-99.690761" />
      <trkpt lat="30.000385" lon="-99.690759" />
      <trkpt lat="30.000181" lon="-99.69079" />
      <trkpt lat="29.999724" lon="-99.690794" />
      <trkpt lat="29.998999" lon="-99.690799" />
      <trkpt lat="29.997004" lon="-99.690794" />
      <trkpt lat="29.991458" lon="-99.690878" />
      <trkpt lat="29.989602" lon="-99.690897" />
      <trkpt lat="29.987162" lon="-99.690906" />
      <trkpt lat="29.984031" lon="-99.690918" />
      <trkpt lat="29.982151" lon="-99.690959" />
      <trkpt lat="29.98031" lon="-99.690944" />
      <trkpt lat="29.978514" lon="-99.690963" />
      <trkpt lat="29.978135" lon="-99.690986" />
      <trkpt lat="29.977622" lon="-99.691017" />
      <trkpt lat="29.976802" lon="-99.691125" />
      <trkpt lat="29.976074" lon="-99.691243" />
      <trkpt lat="29.975084" lon="-99.691481" />
      <trkpt lat="29.973206" lon="-99.691979" />
      <trkpt lat="29.972819" lon="-99.692077" />
      <trkpt lat="29.96951" lon="-99.692917" />
      <trkpt lat="29.967682" lon="-99.693387" />
      <trkpt lat="29.965844" lon="-99.693845" />
      <trkpt lat="29.964458" lon="-99.69418" />
      <trkpt lat="29.964017" lon="-99.694286" />
      <trkpt lat="29.963268" lon="-99.694414" />
      <trkpt lat="29.962642" lon="-99.69449" />
      <trkpt lat="29.962344" lon="-99.694511" />
      <trkpt lat="29.960622" lon="-99.694678" />
      <trkpt lat="29.959541" lon="-99.694752" />
      <trkpt lat="29.958989" lon="-99.69479" />
      <trkpt lat="29.957022" lon="-99.694973" />
      <trkpt lat="29.956315" lon="-99.695039" />
      <trkpt lat="29.955694" lon="-99.695046" />
      <trkpt lat="29.954798" lon="-99.695032" />
      <trkpt lat="29.952958" lon="-99.694965" />
      <trkpt lat="29.952247" lon="-99.694965" />
      <trkpt lat="29.950626" lon="-99.694906" />
      <trkpt lat="29.948969" lon="-99.694857" />
      <trkpt lat="29.947667" lon="-99.694827" />
      <trkpt lat="29.943759" lon="-99.694719" />
      <trkpt lat="29.943492" lon="-99.694712" />
      <trkpt lat="29.943119" lon="-99.694703" />
      <trkpt lat="29.940901" lon="-99.69465" />
      <trkpt lat="29.940163" lon="-99.694727" />
      <trkpt lat="29.939064" lon="-99.694822" />
      <trkpt lat="29.937297" lon="-99.694995" />
      <trkpt lat="29.935978" lon="-99.695106" />
      <trkpt lat="29.935575" lon="-99.69514" />
      <trkpt lat="29.933823" lon="-99.695308" />
      <trkpt lat="29.932081" lon="-99.695464" />
      <trkpt lat="29.931089" lon="-99.695559" />
      <trkpt lat="29.930449" lon="-99.695621" />
      <trkpt lat="29.930323" lon="-99.695629" />
      <trkpt lat="29.928737" lon="-99.695737" />
      <trkpt lat="29.927084" lon="-99.695928" />
      <trkpt lat="29.92607" lon="-99.696151" />
      <trkpt lat="29.925863" lon="-99.696196" />
      <trkpt lat="29.925341" lon="-99.696335" />
      <trkpt lat="29.924183" lon="-99.696849" />
      <trkpt lat="29.923685" lon="-99.697091" />
      <trkpt lat="29.922052" lon="-99.698177" />
      <trkpt lat="29.92044" lon="-99.699258" />
      <trkpt lat="29.918827" lon="-99.700327" />
      <trkpt lat="29.917229" lon="-99.701402" />
      <trkpt lat="29.916457" lon="-99.701913" />
      <trkpt lat="29.915612" lon="-99.702472" />
      <trkpt lat="29.91432" lon="-99.703292" />
      <trkpt lat="29.914089" lon="-99.703439" />
      <trkpt lat="29.912999" lon="-99.703968" />
      <trkpt lat="29.912592" lon="-99.704155" />
      <trkpt lat="29.91114" lon="-99.704844" />
      <trkpt lat="29.909609" lon="-99.705554" />
      <trkpt lat="29.908173" lon="-99.706208" />
      <trkpt lat="29.90719" lon="-99.706518" />
      <trkpt lat="29.906628" lon="-99.706634" />
      <trkpt lat="29.905999" lon="-99.706729" />
      <trkpt lat="29.905308" lon="-99.706741" />
      <trkpt lat="29.903171" lon="-99.706541" />
      <trkpt lat="29.901322" lon="-99.706337" />
      <trkpt lat="29.900361" lon="-99.706207" />
      <trkpt lat="29.899939" lon="-99.706107" />
      <trkpt lat="29.899493" lon="-99.705962" />
      <trkpt lat="29.898455" lon="-99.705364" />
      <trkpt lat="29.895875" lon="-99.70353" />
      <trkpt lat="29.894111" lon="-99.702244" />
      <trkpt lat="29.892381" lon="-99.701032" />
      <trkpt lat="29.890775" lon="-99.6999" />
      <trkpt lat="29.890252" lon="-99.69962" />
      <trkpt lat="29.889821" lon="-99.699486" />
      <trkpt lat="29.889473" lon="-99.699415" />
      <trkpt lat="29.889042" lon="-99.699366" />
      <trkpt lat="29.888612" lon="-99.699355" />
      <trkpt lat="29.888502" lon="-99.699361" />
      <trkpt lat="29.887981" lon="-99.69939" />
      <trkpt lat="29.886448" lon="-99.699502" />
      <trkpt lat="29.885824" lon="-99.699524" />
      <trkpt lat="29.885318" lon="-99.699486" />
      <trkpt lat="29.884841" lon="-99.699397" />
      <trkpt lat="29.884544" lon="-99.699326" />
      <trkpt lat="29.884278" lon="-99.699198" />
      <trkpt lat="29.884095" lon="-99.69911" />
      <trkpt lat="29.88362" lon="-99.69881" />
      <trkpt lat="29.88319" lon="-99.698459" />
      <trkpt lat="29.882918" lon="-99.698206" />
      <trkpt lat="29.882096" lon="-99.69716" />
      <trkpt lat="29.881637" lon="-99.696564" />
      <trkpt lat="29.880293" lon="-99.694774" />
      <trkpt lat="29.880096" lon="-99.694539" />
      <trkpt lat="29.878529" lon="-99.692427" />
      <trkpt lat="29.876914" lon="-99.690304" />
      <trkpt lat="29.876536" lon="-99.689883" />
      <trkpt lat="29.876249" lon="-99.689653" />
      <trkpt lat="29.875882" lon="-99.689439" />
      <trkpt lat="29.87554" lon="-99.689311" />
      <trkpt lat="29.875176" lon="-99.689225" />
      <trkpt lat="29.87485" lon="-99.689204" />
      <trkpt lat="29.874289" lon="-99.689249" />
      <trkpt lat="29.873696" lon="-99.689398" />
      <trkpt lat="29.872509" lon="-99.689718" />
      <trkpt lat="29.872144" lon="-99.689786" />
      <trkpt lat="29.871975" lon="-99.689818" />
      <trkpt lat="29.87159" lon="-99.689877" />
      <trkpt lat="29.871104" lon="-99.689895" />
      <trkpt lat="29.870662" lon="-99.689837" />
      <trkpt lat="29.870283" lon="-99.689724" />
      <trkpt lat="29.869868" lon="-99.689592" />
      <trkpt lat="29.868563" lon="-99.689035" />
      <trkpt lat="29.866847" lon="-99.688316" />
      <trkpt lat="29.865132" lon="-99.687542" />
      <trkpt lat="29.863593" lon="-99.686861" />
      <trkpt lat="29.862864" lon="-99.686448" />
      <trkpt lat="29.861901" lon="-99.685848" />
      <trkpt lat="29.859916" lon="-99.684551" />
      <trkpt lat="29.859088" lon="-99.684021" />
      <trkpt lat="29.858352" lon="-99.683551" />
      <trkpt lat="29.857554" lon="-99.683059" />
      <trkpt lat="29.857106" lon="-99.682872" />
      <trkpt lat="29.856691" lon="-99.682734" />
      <trkpt lat="29.855613" lon="-99.682528" />
      <trkpt lat="29.85516" lon="-99.682427" />
      <trkpt lat="29.854707" lon="-99.682308" />
      <trkpt lat="29.854505" lon="-99.682239" />
      <trkpt lat="29.854164" lon="-99.68208" />
      <trkpt lat="29.853812" lon="-99.68187" />
      <trkpt lat="29.85289" lon="-99.681185" />
      <trkpt lat="29.852286" lon="-99.680729" />
      <trkpt lat="29.851823" lon="-99.680432" />
      <trkpt lat="29.851719" lon="-99.680361" />
      <trkpt lat="29.851579" lon="-99.680265" />
      <trkpt lat="29.851025" lon="-99.679971" />
      <trkpt lat="29.850482" lon="-99.67974" />
      <trkpt lat="29.849874" lon="-99.67954" />
      <trkpt lat="29.84876" lon="-99.679242" />
      <trkpt lat="29.848312" lon="-99.67911" />
      <trkpt lat="29.847859" lon="-99.678948" />
      <trkpt lat="29.847636" lon="-99.678842" />
      <trkpt lat="29.847194" lon="-99.678591" />
      <trkpt lat="29.846864" lon="-99.678332" />
      <trkpt lat="29.846551" lon="-99.677975" />
      <trkpt lat="29.846222" lon="-99.677538" />
      <trkpt lat="29.845384" lon="-99.676519" />
      <trkpt lat="29.844853" lon="-99.675952" />
      <trkpt lat="29.844476" lon="-99.675563" />
      <trkpt lat="29.84301" lon="-99.674093" />
      <trkpt lat="29.842389" lon="-99.673483" />
      <trkpt lat="29.840833" lon="-99.671853" />
      <trkpt lat="29.839107" lon="-99.670136" />
      <trkpt lat="29.838995" lon="-99.670025" />
      <trkpt lat="29.83848" lon="-99.6694" />
      <trkpt lat="29.83821" lon="-99.668963" />
      <trkpt lat="29.838073" lon="-99.668701" />
      <trkpt lat="29.83783" lon="-99.668238" />
      <trkpt lat="29.837413" lon="-99.667262" />
      <trkpt lat="29.837053" lon="-99.666589" />
      <trkpt lat="29.836698" lon="-99.666072" />
      <trkpt lat="29.836395" lon="-99.665758" />
      <trkpt lat="29.836061" lon="-99.665486" />
      <trkpt lat="29.835464" lon="-99.665134" />
      <trkpt lat="29.835416" lon="-99.665106" />
      <trkpt lat="29.834857" lon="-99.664906" />
      <trkpt lat="29.834377" lon="-99.66486" />
      <trkpt lat="29.834019" lon="-99.664851" />
      <trkpt lat="29.833341" lon="-99.664966" />
      <trkpt lat="29.8328" lon="-99.665165" />
      <trkpt lat="29.832367" lon="-99.665425" />
      <trkpt lat="29.832077" lon="-99.665644" />
      <trkpt lat="29.831621" lon="-99.666085" />
      <trkpt lat="29.831369" lon="-99.666413" />
      <trkpt lat="29.831126" lon="-99.666859" />
      <trkpt lat="29.830872" lon="-99.667476" />
      <trkpt lat="29.830639" lon="-99.668233" />
      <trkpt lat="29.830192" lon="-99.670064" />
      <trkpt lat="29.830026" lon="-99.671248" />
      <trkpt lat="29.830018" lon="-99.671692" />
      <trkpt lat="29.830002" lon="-99.672395" />
      <trkpt lat="29.829981" lon="-99.673699" />
      <trkpt lat="29.829935" lon="-99.67433" />
      <trkpt lat="29.829869" lon="-99.674715" />
      <trkpt lat="29.829696" lon="-99.675234" />
      <trkpt lat="29.829534" lon="-99.675613" />
      <trkpt lat="29.829248" lon="-99.676159" />
      <trkpt lat="29.828974" lon="-99.676518" />
      <trkpt lat="29.828695" lon="-99.676816" />
      <trkpt lat="29.828153" lon="-99.677211" />
      <trkpt lat="29.828002" lon="-99.677288" />
      <trkpt lat="29.827822" lon="-99.67738" />
      <trkpt lat="29.827502" lon="-99.677532" />
      <trkpt lat="29.827447" lon="-99.677558" />
      <trkpt lat="29.826995" lon="-99.677675" />
      <trkpt lat="29.826848" lon="-99.677713" />
      <trkpt lat="29.82625" lon="-99.677795" />
      <trkpt lat="29.825944" lon="-99.677826" />
      <trkpt lat="29.825481" lon="-99.677872" />
      <trkpt lat="29.823387" lon="-99.678143" />
      <trkpt lat="29.821891" lon="-99.678319" />
      <trkpt lat="29.820668" lon="-99.678472" />
      <trkpt lat="29.820144" lon="-99.678537" />
      <trkpt lat="29.818558" lon="-99.678713" />
      <trkpt lat="29.818431" lon="-99.678733" />
      <trkpt lat="29.817591" lon="-99.678865" />
      <trkpt lat="29.816859" lon="-99.67898" />
      <trkpt lat="29.815118" lon="-99.679161" />
      <trkpt lat="29.813419" lon="-99.679361" />
      <trkpt lat="29.812691" lon="-99.679473" />
      <trkpt lat="29.812335" lon="-99.679528" />
      <trkpt lat="29.81187" lon="-99.679641" />
      <trkpt lat="29.811436" lon="-99.679847" />
      <trkpt lat="29.810927" lon="-99.680165" />
      <trkpt lat="29.810429" lon="-99.680571" />
      <trkpt lat="29.81009" lon="-99.680955" />
      <trkpt lat="29.809523" lon="-99.68154" />
      <trkpt lat="29.809052" lon="-99.682026" />
      <trkpt lat="29.808867" lon="-99.682217" />
      <trkpt lat="29.807728" lon="-99.683497" />
      <trkpt lat="29.805898" lon="-99.685508" />
      <trkpt lat="29.805428" lon="-99.686026" />
      <trkpt lat="29.805227" lon="-99.686247" />
      <trkpt lat="29.805009" lon="-99.686479" />
      <trkpt lat="29.803809" lon="-99.687752" />
      <trkpt lat="29.802424" lon="-99.689276" />
      <trkpt lat="29.802107" lon="-99.689721" />
      <trkpt lat="29.80167" lon="-99.69048" />
      <trkpt lat="29.801244" lon="-99.691469" />
      <trkpt lat="29.800599" lon="-99.693262" />
      <trkpt lat="29.80047" lon="-99.693619" />
      <trkpt lat="29.800344" lon="-99.693969" />
      <trkpt lat="29.800274" lon="-99.694148" />
      <trkpt lat="29.799462" lon="-99.696214" />
      <trkpt lat="29.799295" lon="-99.696639" />
      <trkpt lat="29.798228" lon="-99.69942" />
      <trkpt lat="29.797925" lon="-99.700178" />
      <trkpt lat="29.797844" lon="-99.700381" />
      <trkpt lat="29.797548" lon="-99.70082" />
      <trkpt lat="29.797463" lon="-99.700928" />
      <trkpt lat="29.797325" lon="-99.701103" />
      <trkpt lat="29.797231" lon="-99.701222" />
      <trkpt lat="29.796904" lon="-99.701575" />
      <trkpt lat="29.796576" lon="-99.7019" />
      <trkpt lat="29.795457" lon="-99.702547" />
      <trkpt lat="29.793684" lon="-99.70367" />
      <trkpt lat="29.792747" lon="-99.704239" />
      <trkpt lat="29.792045" lon="-99.704665" />
      <trkpt lat="29.791499" lon="-99.704897" />
      <trkpt lat="29.790858" lon="-99.705082" />
      <trkpt lat="29.790318" lon="-99.705189" />
      <trkpt lat="29.788561" lon="-99.705363" />
      <trkpt lat="29.788514" lon="-99.705369" />
      <trkpt lat="29.786574" lon="-99.705603" />
      <trkpt lat="29.786257" lon="-99.705644" />
      <trkpt lat="29.784757" lon="-99.705838" />
      <trkpt lat="29.783523" lon="-99.705967" />
      <trkpt lat="29.782957" lon="-99.706147" />
      <trkpt lat="29.782721" lon="-99.706243" />
      <trkpt lat="29.781977" lon="-99.706608" />
      <trkpt lat="29.781808" lon="-99.706718" />
      <trkpt lat="29.781634" lon="-99.706832" />
      <trkpt lat="29.781258" lon="-99.707137" />
      <trkpt lat="29.781125" lon="-99.707245" />
      <trkpt lat="29.780701" lon="-99.707649" />
      <trkpt lat="29.779933" lon="-99.708506" />
      <trkpt lat="29.778106" lon="-99.710669" />
      <trkpt lat="29.777749" lon="-99.711097" />
      <trkpt lat="29.776591" lon="-99.712485" />
      <trkpt lat="29.774958" lon="-99.714361" />
      <trkpt lat="29.774151" lon="-99.715343" />
      <trkpt lat="29.773411" lon="-99.716244" />
      <trkpt lat="29.771826" lon="-99.71809" />
      <trkpt lat="29.770236" lon="-99.719923" />
      <trkpt lat="29.769701" lon="-99.720554" />
      <trkpt lat="29.76713" lon="-99.723583" />
      <trkpt lat="29.765518" lon="-99.725479" />
      <trkpt lat="29.764288" lon="-99.726795" />
      <trkpt lat="29.763816" lon="-99.727256" />
      <trkpt lat="29.763685" lon="-99.727391" />
      <trkpt lat="29.762237" lon="-99.728889" />
      <trkpt lat="29.761716" lon="-99.729434" />
      <trkpt lat="29.760482" lon="-99.730726" />
      <trkpt lat="29.758785" lon="-99.732448" />
      <trkpt lat="29.758431" lon="-99.732816" />
      <trkpt lat="29.755424" lon="-99.735935" />
      <trkpt lat="29.753738" lon="-99.73767" />
      <trkpt lat="29.753384" lon="-99.738105" />
      <trkpt lat="29.752926" lon="-99.73875" />
      <trkpt lat="29.751946" lon="-99.740348" />
      <trkpt lat="29.750868" lon="-99.742118" />
      <trkpt lat="29.750168" lon="-99.743207" />
      <trkpt lat="29.748591" lon="-99.745821" />
      <trkpt lat="29.747358" lon="-99.7478" />
      <trkpt lat="29.747139" lon="-99.748151" />
      <trkpt lat="29.74647" lon="-99.749254" />
      <trkpt lat="29.74592" lon="-99.75016" />
      <trkpt lat="29.745293" lon="-99.751193" />
      <trkpt lat="29.744828" lon="-99.752004" />
      <trkpt lat="29.743614" lon="-99.753979" />
      <trkpt lat="29.743123" lon="-99.754762" />
      <trkpt lat="29.742374" lon="-99.755992" />
      <trkpt lat="29.741002" lon="-99.758219" />
      <trkpt lat="29.740489" lon="-99.75905" />
      <trkpt lat="29.740292" lon="-99.75937" />
      <trkpt lat="29.739736" lon="-99.760121" />
      <trkpt lat="29.739463" lon="-99.760393" />
      <trkpt lat="29.73897" lon="-99.760781" />
      <trkpt lat="29.738691" lon="-99.760951" />
      <trkpt lat="29.738162" lon="-99.761205" />
      <trkpt lat="29.737881" lon="-99.761293" />
      <trkpt lat="29.73771" lon="-99.761346" />
      <trkpt lat="29.737273" lon="-99.761392" />
      <trkpt lat="29.736647" lon="-99.7614" />
      <trkpt lat="29.736511" lon="-99.761407" />
      <trkpt lat="29.736231" lon="-99.761367" />
      <trkpt lat="29.736112" lon="-99.761356" />
      <trkpt lat="29.735958" lon="-99.761333" />
      <trkpt lat="29.735682" lon="-99.761291" />
      <trkpt lat="29.735553" lon="-99.761271" />
      <trkpt lat="29.735476" lon="-99.761261" />
      <trkpt lat="29.734918" lon="-99.761187" />
      <trkpt lat="29.734845" lon="-99.761177" />
      <trkpt lat="29.734591" lon="-99.761143" />
      <trkpt lat="29.733551" lon="-99.760993" />
      <trkpt lat="29.733332" lon="-99.760961" />
      <trkpt lat="29.732283" lon="-99.760808" />
      <trkpt lat="29.731857" lon="-99.760775" />
      <trkpt lat="29.731481" lon="-99.760766" />
      <trkpt lat="29.731442" lon="-99.760765" />
      <trkpt lat="29.731382" lon="-99.760771" />
      <trkpt lat="29.731078" lon="-99.760836" />
      <trkpt lat="29.730802" lon="-99.760889" />
      <trkpt lat="29.730104" lon="-99.761052" />
      <trkpt lat="29.729249" lon="-99.761243" />
      <trkpt lat="29.728969" lon="-99.761301" />
      <trkpt lat="29.728905" lon="-99.761325" />
      <trkpt lat="29.728864" lon="-99.761345" />
      <trkpt lat="29.72874" lon="-99.761416" />
      <trkpt lat="29.728694" lon="-99.761254" />
      <trkpt lat="29.728623" lon="-99.76127" />
      <trkpt lat="29.728527" lon="-99.76128" />
      <trkpt lat="29.728119" lon="-99.761354" />
      <trkpt lat="29.727369" lon="-99.761483" />
      <trkpt lat="29.726633" lon="-99.761637" />
      <trkpt lat="29.72656" lon="-99.761653" />
      <trkpt lat="29.726441" lon="-99.761702" />
      <trkpt lat="29.725969" lon="-99.7618" />
      <trkpt lat="29.725826" lon="-99.76183" />
      <trkpt lat="29.725753" lon="-99.761829" />
      <trkpt lat="29.725678" lon="-99.761826" />
      <trkpt lat="29.724991" lon="-99.761947" />
      <trkpt lat="29.724225" lon="-99.762086" />
      <trkpt lat="29.724129" lon="-99.761506" />
      <trkpt lat="29.724089" lon="-99.761223" />
      <trkpt lat="29.723978" lon="-99.760435" />
      <trkpt lat="29.723943" lon="-99.76019" />
      <trkpt lat="29.723852" lon="-99.759548" />
      <trkpt lat="29.723827" lon="-99.759375" />
      <trkpt lat="29.72366" lon="-99.758234" />
      <trkpt lat="29.72354" lon="-99.757789" />
      <trkpt lat="29.723438" lon="-99.757501" />
      <trkpt lat="29.723367" lon="-99.757374" />
      <trkpt lat="29.723036" lon="-99.756614" />
      <trkpt lat="29.723009" lon="-99.756557" />
      <trkpt lat="29.722932" lon="-99.756324" />
      <trkpt lat="29.722907" lon="-99.756071" />
      <trkpt lat="29.722908" lon="-99.756036" />
      <trkpt lat="29.722923" lon="-99.755625" />
      <trkpt lat="29.722989" lon="-99.755203" />
      <trkpt lat="29.723055" lon="-99.754781" />
      <trkpt lat="29.723116" lon="-99.754396" />
      <trkpt lat="29.723154" lon="-99.754152" />
      <trkpt lat="29.723173" lon="-99.753815" />
      <trkpt lat="29.72317" lon="-99.753262" />
      <trkpt lat="29.723143" lon="-99.752992" />
      <trkpt lat="29.723084" lon="-99.752389" />
      <trkpt lat="29.723022" lon="-99.751838" />
      <trkpt lat="29.722967" lon="-99.751341" />
      <trkpt lat="29.722853" lon="-99.750337" />
      <trkpt lat="29.722769" lon="-99.749559" />
      <trkpt lat="29.722673" lon="-99.748374" />
      <trkpt lat="29.722551" lon="-99.74726" />
      <trkpt lat="29.722526" lon="-99.747102" />
      <trkpt lat="29.722449" lon="-99.746605" />
      <trkpt lat="29.722352" lon="-99.746133" />
      <trkpt lat="29.72223" lon="-99.745776" />
      <trkpt lat="29.722117" lon="-99.745523" />
      <trkpt lat="29.721685" lon="-99.744806" />
      <trkpt lat="29.721293" lon="-99.744145" />
      <trkpt lat="29.720672" lon="-99.743097" />
      <trkpt lat="29.719619" lon="-99.741372" />
      <trkpt lat="29.718313" lon="-99.739219" />
      <trkpt lat="29.718082" lon="-99.73884" />
      <trkpt lat="29.717556" lon="-99.73798" />
      <trkpt lat="29.717011" lon="-99.73704" />
      <trkpt lat="29.716812" lon="-99.736631" />
      <trkpt lat="29.716623" lon="-99.736205" />
      <trkpt lat="29.716023" lon="-99.734765" />
      <trkpt lat="29.715585" lon="-99.733808" />
      <trkpt lat="29.715385" lon="-99.733488" />
      <trkpt lat="29.715137" lon="-99.733209" />
      <trkpt lat="29.71494" lon="-99.733031" />
      <trkpt lat="29.714739" lon="-99.732878" />
      <trkpt lat="29.71429" lon="-99.732606" />
      <trkpt lat="29.714009" lon="-99.73239" />
      <trkpt lat="29.713676" lon="-99.732173" />
      <trkpt lat="29.712931" lon="-99.731652" />
      <trkpt lat="29.71265" lon="-99.73144" />
      <trkpt lat="29.712464" lon="-99.731291" />
      <trkpt lat="29.7123" lon="-99.731122" />
      <trkpt lat="29.712203" lon="-99.731016" />
      <trkpt lat="29.712049" lon="-99.730847" />
      <trkpt lat="29.711842" lon="-99.73048" />
      <trkpt lat="29.711694" lon="-99.730093" />
      <trkpt lat="29.711604" lon="-99.729786" />
      <trkpt lat="29.711565" lon="-99.729496" />
      <trkpt lat="29.711565" lon="-99.729466" />
      <trkpt lat="29.711551" lon="-99.729115" />
      <trkpt lat="29.711553" lon="-99.729012" />
      <trkpt lat="29.711554" lon="-99.72887" />
      <trkpt lat="29.711582" lon="-99.728662" />
      <trkpt lat="29.71177" lon="-99.72694" />
      <trkpt lat="29.711986" lon="-99.724871" />
      <trkpt lat="29.712034" lon="-99.724426" />
      <trkpt lat="29.712304" lon="-99.721919" />
      <trkpt lat="29.712422" lon="-99.720822" />
      <trkpt lat="29.712509" lon="-99.720016" />
      <trkpt lat="29.713106" lon="-99.714469" />
      <trkpt lat="29.713308" lon="-99.712672" />
      <trkpt lat="29.713486" lon="-99.711077" />
      <trkpt lat="29.713576" lon="-99.710273" />
      <trkpt lat="29.713627" lon="-99.709781" />
      <trkpt lat="29.713796" lon="-99.708166" />
      <trkpt lat="29.714301" lon="-99.703517" />
      <trkpt lat="29.714376" lon="-99.703228" />
      <trkpt lat="29.714428" lon="-99.703039" />
      <trkpt lat="29.714641" lon="-99.702272" />
      <trkpt lat="29.715234" lon="-99.700302" />
      <trkpt lat="29.715616" lon="-99.69894" />
      <trkpt lat="29.715669" lon="-99.698621" />
      <trkpt lat="29.715692" lon="-99.698361" />
      <trkpt lat="29.71572" lon="-99.697874" />
      <trkpt lat="29.715739" lon="-99.697089" />
      <trkpt lat="29.715774" lon="-99.696147" />
      <trkpt lat="29.715792" lon="-99.695923" />
      <trkpt lat="29.715825" lon="-99.695794" />
      <trkpt lat="29.715857" lon="-99.695699" />
      <trkpt lat="29.715912" lon="-99.695549" />
      <trkpt lat="29.716016" lon="-99.695344" />
      <trkpt lat="29.716127" lon="-99.695156" />
      <trkpt lat="29.716492" lon="-99.694612" />
      <trkpt lat="29.716618" lon="-99.694382" />
      <trkpt lat="29.716759" lon="-99.694068" />
      <trkpt lat="29.716785" lon="-99.693978" />
      <trkpt lat="29.71686" lon="-99.693716" />
      <trkpt lat="29.717099" lon="-99.692807" />
      <trkpt lat="29.717259" lon="-99.692425" />
      <trkpt lat="29.717374" lon="-99.692254" />
      <trkpt lat="29.717521" lon="-99.6921" />
      <trkpt lat="29.717679" lon="-99.69195" />
      <trkpt lat="29.717889" lon="-99.6918" />
      <trkpt lat="29.71858" lon="-99.691469" />
      <trkpt lat="29.718757" lon="-99.691392" />
      <trkpt lat="29.718988" lon="-99.691291" />
      <trkpt lat="29.719348" lon="-99.69105" />
      <trkpt lat="29.719546" lon="-99.690902" />
      <trkpt lat="29.719662" lon="-99.690766" />
      <trkpt lat="29.719839" lon="-99.690511" />
      <trkpt lat="29.719957" lon="-99.690268" />
      <trkpt lat="29.720032" lon="-99.690042" />
      <trkpt lat="29.720092" lon="-99.689711" />
      <trkpt lat="29.720072" lon="-99.688954" />
      <trkpt lat="29.720037" lon="-99.687615" />
      <trkpt lat="29.720021" lon="-99.687" />
      <trkpt lat="29.71997" lon="-99.685032" />
      <trkpt lat="29.719968" lon="-99.684507" />
      <trkpt lat="29.719991" lon="-99.684168" />
      <trkpt lat="29.720031" lon="-99.683764" />
      <trkpt lat="29.720147" lon="-99.683315" />
      <trkpt lat="29.720261" lon="-99.682951" />
      <trkpt lat="29.720441" lon="-99.682507" />
      <trkpt lat="29.720623" lon="-99.682168" />
      <trkpt lat="29.720789" lon="-99.6819" />
      <trkpt lat="29.721176" lon="-99.681386" />
      <trkpt lat="29.721453" lon="-99.681028" />
      <trkpt lat="29.721959" lon="-99.680375" />
      <trkpt lat="29.722199" lon="-99.679973" />
      <trkpt lat="29.722373" lon="-99.679571" />
      <trkpt lat="29.722512" lon="-99.679052" />
      <trkpt lat="29.722587" lon="-99.678603" />
      <trkpt lat="29.722586" lon="-99.678361" />
      <trkpt lat="29.722586" lon="-99.678229" />
      <trkpt lat="29.722539" lon="-99.678002" />
      <trkpt lat="29.722467" lon="-99.677787" />
      <trkpt lat="29.722345" lon="-99.67755" />
      <trkpt lat="29.722242" lon="-99.677349" />
      <trkpt lat="29.72202" lon="-99.677016" />
      <trkpt lat="29.72182" lon="-99.676628" />
      <trkpt lat="29.721528" lon="-99.675689" />
      <trkpt lat="29.721443" lon="-99.675248" />
      <trkpt lat="29.72143" lon="-99.674927" />
      <trkpt lat="29.721442" lon="-99.674472" />
      <trkpt lat="29.721498" lon="-99.673508" />
      <trkpt lat="29.721601" lon="-99.672834" />
      <trkpt lat="29.721766" lon="-99.672226" />
      <trkpt lat="29.721886" lon="-99.671987" />
      <trkpt lat="29.721944" lon="-99.67187" />
      <trkpt lat="29.722095" lon="-99.671632" />
      <trkpt lat="29.722265" lon="-99.671461" />
      <trkpt lat="29.72246" lon="-99.671298" />
      <trkpt lat="29.723713" lon="-99.670715" />
      <trkpt lat="29.72412" lon="-99.670563" />
      <trkpt lat="29.724488" lon="-99.670426" />
      <trkpt lat="29.725016" lon="-99.67033" />
      <trkpt lat="29.725037" lon="-99.670326" />
      <trkpt lat="29.725669" lon="-99.670266" />
      <trkpt lat="29.725893" lon="-99.670196" />
      <trkpt lat="29.726025" lon="-99.670062" />
      <trkpt lat="29.726059" lon="-99.669952" />
      <trkpt lat="29.726067" lon="-99.669823" />
      <trkpt lat="29.72603" lon="-99.669717" />
      <trkpt lat="29.72594" lon="-99.669574" />
      <trkpt lat="29.725729" lon="-99.669269" />
      <trkpt lat="29.725269" lon="-99.668768" />
      <trkpt lat="29.725142" lon="-99.668592" />
      <trkpt lat="29.724909" lon="-99.668245" />
      <trkpt lat="29.724759" lon="-99.668003" />
      <trkpt lat="29.724649" lon="-99.667829" />
      <trkpt lat="29.724515" lon="-99.667603" />
      <trkpt lat="29.724425" lon="-99.667433" />
      <trkpt lat="29.72435" lon="-99.667259" />
      <trkpt lat="29.724305" lon="-99.667113" />
      <trkpt lat="29.724273" lon="-99.666894" />
      <trkpt lat="29.724231" lon="-99.66658" />
      <trkpt lat="29.724179" lon="-99.66638" />
      <trkpt lat="29.72406" lon="-99.666079" />
      <trkpt lat="29.723895" lon="-99.665735" />
      <trkpt lat="29.723725" lon="-99.665444" />
      <trkpt lat="29.723419" lon="-99.664988" />
      <trkpt lat="29.723267" lon="-99.664756" />
      <trkpt lat="29.723113" lon="-99.664562" />
      <trkpt lat="29.723006" lon="-99.664453" />
      <trkpt lat="29.722876" lon="-99.664358" />
      <trkpt lat="29.722758" lon="-99.664276" />
      <trkpt lat="29.722608" lon="-99.664199" />
      <trkpt lat="29.722487" lon="-99.664155" />
      <trkpt lat="29.722365" lon="-99.664106" />
      <trkpt lat="29.722246" lon="-99.664088" />
      <trkpt lat="29.722181" lon="-99.664078" />
      <trkpt lat="29.722071" lon="-99.664085" />
      <trkpt lat="29.721936" lon="-99.66411" />
      <trkpt lat="29.721839" lon="-99.664111" />
      <trkpt lat="29.721742" lon="-99.664097" />
      <trkpt lat="29.721647" lon="-99.66406" />
      <trkpt lat="29.721529" lon="-99.663999" />
      <trkpt lat="29.721414" lon="-99.663947" />
      <trkpt lat="29.721346" lon="-99.663929" />
      <trkpt lat="29.721285" lon="-99.663923" />
      <trkpt lat="29.72121" lon="-99.663928" />
      <trkpt lat="29.721129" lon="-99.663952" />
      <trkpt lat="29.720986" lon="-99.664027" />
      <trkpt lat="29.720835" lon="-99.664113" />
      <trkpt lat="29.720728" lon="-99.664141" />
      <trkpt lat="29.720639" lon="-99.664143" />
      <trkpt lat="29.720546" lon="-99.664118" />
      <trkpt lat="29.720445" lon="-99.664076" />
      <trkpt lat="29.720338" lon="-99.664" />
      <trkpt lat="29.720257" lon="-99.663909" />
      <trkpt lat="29.720182" lon="-99.663795" />
      <trkpt lat="29.720145" lon="-99.663686" />
      <trkpt lat="29.720073" lon="-99.663421" />
      <trkpt lat="29.720007" lon="-99.663271" />
      <trkpt lat="29.719944" lon="-99.663183" />
      <trkpt lat="29.719882" lon="-99.663119" />
      <trkpt lat="29.71978" lon="-99.663057" />
      <trkpt lat="29.719646" lon="-99.663017" />
      <trkpt lat="29.719456" lon="-99.662985" />
      <trkpt lat="29.719261" lon="-99.662928" />
      <trkpt lat="29.71915" lon="-99.662873" />
      <trkpt lat="29.719089" lon="-99.662805" />
      <trkpt lat="29.719024" lon="-99.662705" />
      <trkpt lat="29.718977" lon="-99.662588" />
      <trkpt lat="29.718941" lon="-99.66239" />
      <trkpt lat="29.718895" lon="-99.66212" />
      <trkpt lat="29.718838" lon="-99.661917" />
      <trkpt lat="29.718742" lon="-99.661669" />
      <trkpt lat="29.718693" lon="-99.661507" />
      <trkpt lat="29.718676" lon="-99.661384" />
      <trkpt lat="29.718674" lon="-99.661264" />
      <trkpt lat="29.718698" lon="-99.661097" />
      <trkpt lat="29.71888" lon="-99.660534" />
      <trkpt lat="29.718923" lon="-99.660341" />
      <trkpt lat="29.718934" lon="-99.660167" />
      <trkpt lat="29.718925" lon="-99.659983" />
      <trkpt lat="29.718882" lon="-99.659822" />
      <trkpt lat="29.71879" lon="-99.659588" />
      <trkpt lat="29.718661" lon="-99.659306" />
      <trkpt lat="29.718594" lon="-99.659143" />
      <trkpt lat="29.718512" lon="-99.658852" />
      <trkpt lat="29.718476" lon="-99.658644" />
      <trkpt lat="29.718459" lon="-99.658406" />
      <trkpt lat="29.718456" lon="-99.658126" />
      <trkpt lat="29.718466" lon="-99.65794" />
      <trkpt lat="29.718512" lon="-99.657781" />
      <trkpt lat="29.718583" lon="-99.657651" />
      <trkpt lat="29.718668" lon="-99.657559" />
      <trkpt lat="29.718776" lon="-99.657481" />
      <trkpt lat="29.718894" lon="-99.657422" />
      <trkpt lat="29.719015" lon="-99.657385" />
      <trkpt lat="29.719162" lon="-99.657375" />
      <trkpt lat="29.719353" lon="-99.657396" />
      <trkpt lat="29.719548" lon="-99.657434" />
      <trkpt lat="29.719791" lon="-99.657506" />
      <trkpt lat="29.719984" lon="-99.657587" />
      <trkpt lat="29.720328" lon="-99.657702" />
      <trkpt lat="29.720618" lon="-99.65779" />
      <trkpt lat="29.72073" lon="-99.657815" />
      <trkpt lat="29.72085" lon="-99.65781" />
      <trkpt lat="29.720974" lon="-99.65778" />
      <trkpt lat="29.721116" lon="-99.657712" />
      <trkpt lat="29.721237" lon="-99.657632" />
      <trkpt lat="29.721332" lon="-99.65755" />
      <trkpt lat="29.721396" lon="-99.65747" />
      <trkpt lat="29.721421" lon="-99.657426" />
      <trkpt lat="29.721493" lon="-99.657294" />
      <trkpt lat="29.721549" lon="-99.657051" />
      <trkpt lat="29.721605" lon="-99.656829" />
      <trkpt lat="29.721692" lon="-99.656622" />
      <trkpt lat="29.721859" lon="-99.656304" />
      <trkpt lat="29.72195" lon="-99.656004" />
      <trkpt lat="29.72201" lon="-99.655867" />
      <trkpt lat="29.722085" lon="-99.655753" />
      <trkpt lat="29.722205" lon="-99.65565" />
      <trkpt lat="29.722301" lon="-99.655593" />
      <trkpt lat="29.722381" lon="-99.655557" />
      <trkpt lat="29.722618" lon="-99.655523" />
      <trkpt lat="29.722934" lon="-99.655504" />
      <trkpt lat="29.723235" lon="-99.655521" />
      <trkpt lat="29.723489" lon="-99.655551" />
      <trkpt lat="29.723737" lon="-99.6556" />
      <trkpt lat="29.724079" lon="-99.655685" />
      <trkpt lat="29.72429" lon="-99.655762" />
      <trkpt lat="29.724451" lon="-99.655839" />
      <trkpt lat="29.724705" lon="-99.655962" />
      <trkpt lat="29.72491" lon="-99.656044" />
      <trkpt lat="29.725123" lon="-99.656084" />
      <trkpt lat="29.725267" lon="-99.656092" />
      <trkpt lat="29.72557" lon="-99.656102" />
      <trkpt lat="29.725722" lon="-99.656118" />
      <trkpt lat="29.726012" lon="-99.65618" />
      <trkpt lat="29.726154" lon="-99.656187" />
      <trkpt lat="29.726303" lon="-99.656183" />
      <trkpt lat="29.72641" lon="-99.656163" />
      <trkpt lat="29.726671" lon="-99.65611" />
      <trkpt lat="29.72679" lon="-99.656108" />
      <trkpt lat="29.726883" lon="-99.656132" />
      <trkpt lat="29.726979" lon="-99.65618" />
      <trkpt lat="29.727059" lon="-99.656219" />
      <trkpt lat="29.727152" lon="-99.656326" />
      <trkpt lat="29.727278" lon="-99.656471" />
      <trkpt lat="29.727346" lon="-99.656529" />
      <trkpt lat="29.727444" lon="-99.656573" />
      <trkpt lat="29.727527" lon="-99.656602" />
      <trkpt lat="29.727624" lon="-99.656584" />
      <trkpt lat="29.727664" lon="-99.656566" />
      <trkpt lat="29.727716" lon="-99.656542" />
      <trkpt lat="29.727807" lon="-99.656464" />
      <trkpt lat="29.72799" lon="-99.656266" />
      <trkpt lat="29.728127" lon="-99.656088" />
      <trkpt lat="29.728231" lon="-99.655926" />
      <trkpt lat="29.728319" lon="-99.655702" />
      <trkpt lat="29.728349" lon="-99.655529" />
      <trkpt lat="29.728388" lon="-99.655252" />
      <trkpt lat="29.728415" lon="-99.655052" />
      <trkpt lat="29.72845" lon="-99.654919" />
      <trkpt lat="29.728464" lon="-99.654887" />
      <trkpt lat="29.728509" lon="-99.654784" />
      <trkpt lat="29.7286" lon="-99.654673" />
      <trkpt lat="29.728713" lon="-99.654597" />
      <trkpt lat="29.728854" lon="-99.65455" />
      <trkpt lat="29.729066" lon="-99.654529" />
      <trkpt lat="29.729362" lon="-99.654527" />
      <trkpt lat="29.729837" lon="-99.654514" />
      <trkpt lat="29.729945" lon="-99.654522" />
      <trkpt lat="29.730094" lon="-99.654546" />
      <trkpt lat="29.730228" lon="-99.654581" />
      <trkpt lat="29.730462" lon="-99.654674" />
      <trkpt lat="29.730575" lon="-99.6547" />
      <trkpt lat="29.730659" lon="-99.6547" />
      <trkpt lat="29.730759" lon="-99.654681" />
      <trkpt lat="29.730867" lon="-99.654632" />
      <trkpt lat="29.730971" lon="-99.654546" />
      <trkpt lat="29.731187" lon="-99.654243" />
      <trkpt lat="29.731894" lon="-99.653179" />
      <trkpt lat="29.731948" lon="-99.65305" />
      <trkpt lat="29.731973" lon="-99.652952" />
      <trkpt lat="29.731996" lon="-99.652808" />
      <trkpt lat="29.732003" lon="-99.652699" />
      <trkpt lat="29.731983" lon="-99.652522" />
      <trkpt lat="29.731949" lon="-99.652268" />
      <trkpt lat="29.731942" lon="-99.652138" />
      <trkpt lat="29.73197" lon="-99.651973" />
      <trkpt lat="29.732015" lon="-99.651824" />
      <trkpt lat="29.732093" lon="-99.651634" />
      <trkpt lat="29.73215" lon="-99.651459" />
      <trkpt lat="29.732171" lon="-99.651335" />
      <trkpt lat="29.732172" lon="-99.651244" />
      <trkpt lat="29.732159" lon="-99.650985" />
      <trkpt lat="29.732147" lon="-99.650841" />
      <trkpt lat="29.73216" lon="-99.650725" />
      <trkpt lat="29.732198" lon="-99.650615" />
      <trkpt lat="29.732266" lon="-99.650506" />
      <trkpt lat="29.732488" lon="-99.65024" />
      <trkpt lat="29.732669" lon="-99.649966" />
      <trkpt lat="29.732734" lon="-99.649879" />
      <trkpt lat="29.732798" lon="-99.649819" />
      <trkpt lat="29.732847" lon="-99.649772" />
      <trkpt lat="29.732998" lon="-99.649675" />
      <trkpt lat="29.733253" lon="-99.649533" />
      <trkpt lat="29.733442" lon="-99.649396" />
      <trkpt lat="29.733604" lon="-99.649222" />
      <trkpt lat="29.733663" lon="-99.649141" />
      <trkpt lat="29.733711" lon="-99.649024" />
      <trkpt lat="29.73376" lon="-99.648861" />
      <trkpt lat="29.733768" lon="-99.64872" />
      <trkpt lat="29.733767" lon="-99.64857" />
      <trkpt lat="29.733714" lon="-99.648343" />
      <trkpt lat="29.733642" lon="-99.648076" />
      <trkpt lat="29.733622" lon="-99.647942" />
      <trkpt lat="29.733625" lon="-99.647803" />
      <trkpt lat="29.733647" lon="-99.647657" />
      <trkpt lat="29.733698" lon="-99.647493" />
      <trkpt lat="29.733737" lon="-99.647382" />
      <trkpt lat="29.73386" lon="-99.647042" />
      <trkpt lat="29.733897" lon="-99.646878" />
      <trkpt lat="29.733934" lon="-99.646618" />
      <trkpt lat="29.733963" lon="-99.646409" />
      <trkpt lat="29.734021" lon="-99.646195" />
      <trkpt lat="29.734126" lon="-99.645938" />
      <trkpt lat="29.7343" lon="-99.645638" />
      <trkpt lat="29.734546" lon="-99.64508" />
      <trkpt lat="29.73465" lon="-99.644773" />
      <trkpt lat="29.73469" lon="-99.644594" />
      <trkpt lat="29.734701" lon="-99.644467" />
      <trkpt lat="29.734689" lon="-99.644306" />
      <trkpt lat="29.734648" lon="-99.644175" />
      <trkpt lat="29.734554" lon="-99.644033" />
      <trkpt lat="29.734384" lon="-99.643825" />
      <trkpt lat="29.734326" lon="-99.643707" />
      <trkpt lat="29.73429" lon="-99.643544" />
      <trkpt lat="29.734288" lon="-99.643414" />
      <trkpt lat="29.734317" lon="-99.643288" />
      <trkpt lat="29.734361" lon="-99.643199" />
      <trkpt lat="29.734438" lon="-99.643084" />
      <trkpt lat="29.734599" lon="-99.642908" />
      <trkpt lat="29.734673" lon="-99.642804" />
      <trkpt lat="29.73471" lon="-99.642708" />
      <trkpt lat="29.734734" lon="-99.642571" />
      <trkpt lat="29.734742" lon="-99.642439" />
      <trkpt lat="29.734697" lon="-99.642308" />
      <trkpt lat="29.734564" lon="-99.642082" />
      <trkpt lat="29.734492" lon="-99.641931" />
      <trkpt lat="29.734468" lon="-99.641838" />
      <trkpt lat="29.734461" lon="-99.641691" />
      <trkpt lat="29.734476" lon="-99.641597" />
      <trkpt lat="29.734522" lon="-99.641468" />
      <trkpt lat="29.734629" lon="-99.641284" />
      <trkpt lat="29.734765" lon="-99.641071" />
      <trkpt lat="29.734928" lon="-99.640765" />
      <trkpt lat="29.735124" lon="-99.640331" />
      <trkpt lat="29.735355" lon="-99.639887" />
      <trkpt lat="29.735491" lon="-99.639548" />
      <trkpt lat="29.735614" lon="-99.639251" />
      <trkpt lat="29.735808" lon="-99.63893" />
      <trkpt lat="29.735938" lon="-99.638682" />
      <trkpt lat="29.736025" lon="-99.638418" />
      <trkpt lat="29.736085" lon="-99.638184" />
      <trkpt lat="29.736122" lon="-99.637963" />
      <trkpt lat="29.736141" lon="-99.63768" />
      <trkpt lat="29.73615" lon="-99.637343" />
      <trkpt lat="29.736175" lon="-99.636995" />
      <trkpt lat="29.736218" lon="-99.636672" />
      <trkpt lat="29.736331" lon="-99.636102" />
      <trkpt lat="29.736511" lon="-99.635474" />
      <trkpt lat="29.736862" lon="-99.634263" />
      <trkpt lat="29.736911" lon="-99.633973" />
      <trkpt lat="29.73692" lon="-99.633705" />
      <trkpt lat="29.736908" lon="-99.633479" />
      <trkpt lat="29.736865" lon="-99.633213" />
      <trkpt lat="29.736779" lon="-99.632866" />
      <trkpt lat="29.736663" lon="-99.632583" />
      <trkpt lat="29.736488" lon="-99.63227" />
      <trkpt lat="29.736162" lon="-99.631656" />
      <trkpt lat="29.736054" lon="-99.631433" />
      <trkpt lat="29.735975" lon="-99.631127" />
      <trkpt lat="29.735956" lon="-99.630954" />
      <trkpt lat="29.735958" lon="-99.630834" />
      <trkpt lat="29.73598" lon="-99.630411" />
      <trkpt lat="29.736081" lon="-99.62978" />
      <trkpt lat="29.736177" lon="-99.629196" />
      <trkpt lat="29.736202" lon="-99.628803" />
      <trkpt lat="29.736205" lon="-99.628338" />
      <trkpt lat="29.736206" lon="-99.627785" />
      <trkpt lat="29.736209" lon="-99.626083" />
      <trkpt lat="29.736199" lon="-99.625792" />
      <trkpt lat="29.73617" lon="-99.625593" />
      <trkpt lat="29.736137" lon="-99.625321" />
      <trkpt lat="29.736098" lon="-99.625" />
      <trkpt lat="29.736078" lon="-99.624325" />
      <trkpt lat="29.736096" lon="-99.623298" />
      <trkpt lat="29.736106" lon="-99.622523" />
      <trkpt lat="29.736111" lon="-99.621886" />
      <trkpt lat="29.736145" lon="-99.621348" />
      <trkpt lat="29.736214" lon="-99.620745" />
      <trkpt lat="29.736231" lon="-99.620642" />
      <trkpt lat="29.736298" lon="-99.620225" />
      <trkpt lat="29.736317" lon="-99.619924" />
      <trkpt lat="29.736305" lon="-99.619157" />
      <trkpt lat="29.736311" lon="-99.618372" />
      <trkpt lat="29.736309" lon="-99.617758" />
      <trkpt lat="29.736291" lon="-99.617029" />
      <trkpt lat="29.736295" lon="-99.616785" />
      <trkpt lat="29.736301" lon="-99.616568" />
      <trkpt lat="29.736329" lon="-99.616392" />
      <trkpt lat="29.736384" lon="-99.616187" />
      <trkpt lat="29.736464" lon="-99.615964" />
      <trkpt lat="29.736567" lon="-99.615774" />
      <trkpt lat="29.736662" lon="-99.61562" />
      <trkpt lat="29.736829" lon="-99.61543" />
      <trkpt lat="29.737026" lon="-99.615253" />
      <trkpt lat="29.737185" lon="-99.615147" />
      <trkpt lat="29.737311" lon="-99.615083" />
      <trkpt lat="29.737537" lon="-99.614949" />
      <trkpt lat="29.737674" lon="-99.614834" />
      <trkpt lat="29.737785" lon="-99.614717" />
      <trkpt lat="29.73813" lon="-99.614326" />
      <trkpt lat="29.738368" lon="-99.614043" />
      <trkpt lat="29.738515" lon="-99.613884" />
      <trkpt lat="29.738701" lon="-99.613719" />
      <trkpt lat="29.739024" lon="-99.613484" />
      <trkpt lat="29.739204" lon="-99.613348" />
      <trkpt lat="29.739354" lon="-99.61319" />
      <trkpt lat="29.739448" lon="-99.613043" />
      <trkpt lat="29.739505" lon="-99.612898" />
      <trkpt lat="29.739533" lon="-99.612744" />
      <trkpt lat="29.739529" lon="-99.612499" />
      <trkpt lat="29.7395" lon="-99.612047" />
      <trkpt lat="29.739517" lon="-99.611805" />
      <trkpt lat="29.739547" lon="-99.611656" />
      <trkpt lat="29.739617" lon="-99.611444" />
      <trkpt lat="29.739699" lon="-99.611288" />
      <trkpt lat="29.739785" lon="-99.61114" />
      <trkpt lat="29.739901" lon="-99.61104" />
      <trkpt lat="29.740003" lon="-99.611" />
      <trkpt lat="29.740112" lon="-99.610994" />
      <trkpt lat="29.740193" lon="-99.611013" />
      <trkpt lat="29.740413" lon="-99.611078" />
      <trkpt lat="29.740575" lon="-99.611103" />
      <trkpt lat="29.740697" lon="-99.61108" />
      <trkpt lat="29.740815" lon="-99.611036" />
      <trkpt lat="29.740938" lon="-99.610934" />
      <trkpt lat="29.741143" lon="-99.610657" />
      <trkpt lat="29.741315" lon="-99.610354" />
      <trkpt lat="29.741565" lon="-99.609905" />
      <trkpt lat="29.741633" lon="-99.609746" />
      <trkpt lat="29.741668" lon="-99.609609" />
      <trkpt lat="29.741686" lon="-99.609449" />
      <trkpt lat="29.741664" lon="-99.609314" />
      <trkpt lat="29.741603" lon="-99.609155" />
      <trkpt lat="29.741512" lon="-99.609053" />
      <trkpt lat="29.7413" lon="-99.608814" />
      <trkpt lat="29.740985" lon="-99.608466" />
      <trkpt lat="29.740839" lon="-99.608319" />
      <trkpt lat="29.74054" lon="-99.608073" />
      <trkpt lat="29.740447" lon="-99.608007" />
      <trkpt lat="29.740173" lon="-99.607786" />
      <trkpt lat="29.740003" lon="-99.607602" />
      <trkpt lat="29.739887" lon="-99.607445" />
      <trkpt lat="29.73975" lon="-99.607122" />
      <trkpt lat="29.739605" lon="-99.606631" />
      <trkpt lat="29.739401" lon="-99.605923" />
      <trkpt lat="29.739333" lon="-99.60562" />
      <trkpt lat="29.739305" lon="-99.605383" />
      <trkpt lat="29.739313" lon="-99.605165" />
      <trkpt lat="29.739341" lon="-99.604948" />
      <trkpt lat="29.73939" lon="-99.604749" />
      <trkpt lat="29.739476" lon="-99.604501" />
      <trkpt lat="29.739511" lon="-99.604428" />
      <trkpt lat="29.739691" lon="-99.604111" />
      <trkpt lat="29.740171" lon="-99.603407" />
      <trkpt lat="29.740267" lon="-99.603277" />
      <trkpt lat="29.740513" lon="-99.602929" />
      <trkpt lat="29.740725" lon="-99.602679" />
      <trkpt lat="29.740962" lon="-99.602461" />
      <trkpt lat="29.741146" lon="-99.602325" />
      <trkpt lat="29.741351" lon="-99.602201" />
      <trkpt lat="29.741601" lon="-99.602082" />
      <trkpt lat="29.74187" lon="-99.60199" />
      <trkpt lat="29.742188" lon="-99.601924" />
      <trkpt lat="29.743173" lon="-99.601789" />
      <trkpt lat="29.743429" lon="-99.601751" />
      <trkpt lat="29.743604" lon="-99.601726" />
      <trkpt lat="29.743827" lon="-99.601705" />
      <trkpt lat="29.744123" lon="-99.60163" />
      <trkpt lat="29.744441" lon="-99.601522" />
      <trkpt lat="29.744707" lon="-99.601398" />
      <trkpt lat="29.744977" lon="-99.601227" />
      <trkpt lat="29.745211" lon="-99.601056" />
      <trkpt lat="29.745452" lon="-99.600838" />
      <trkpt lat="29.745644" lon="-99.600625" />
      <trkpt lat="29.745815" lon="-99.600391" />
      <trkpt lat="29.74593" lon="-99.600206" />
      <trkpt lat="29.746077" lon="-99.599944" />
      <trkpt lat="29.746257" lon="-99.599541" />
      <trkpt lat="29.746415" lon="-99.599075" />
      <trkpt lat="29.747051" lon="-99.59746" />
      <trkpt lat="29.747186" lon="-99.597052" />
      <trkpt lat="29.747283" lon="-99.596664" />
      <trkpt lat="29.74735" lon="-99.596328" />
      <trkpt lat="29.747404" lon="-99.59591" />
      <trkpt lat="29.747437" lon="-99.59555" />
      <trkpt lat="29.747446" lon="-99.595045" />
      <trkpt lat="29.747432" lon="-99.59478" />
      <trkpt lat="29.747426" lon="-99.59405" />
      <trkpt lat="29.747433" lon="-99.593713" />
      <trkpt lat="29.747466" lon="-99.593403" />
      <trkpt lat="29.747537" lon="-99.593026" />
      <trkpt lat="29.747659" lon="-99.592602" />
      <trkpt lat="29.747779" lon="-99.592293" />
      <trkpt lat="29.747895" lon="-99.592042" />
      <trkpt lat="29.748064" lon="-99.591739" />
      <trkpt lat="29.748231" lon="-99.591493" />
      <trkpt lat="29.749222" lon="-99.59028" />
      <trkpt lat="29.749367" lon="-99.590062" />
      <trkpt lat="29.74952" lon="-99.589784" />
      <trkpt lat="29.749756" lon="-99.589257" />
      <trkpt lat="29.749885" lon="-99.588994" />
      <trkpt lat="29.750049" lon="-99.588716" />
      <trkpt lat="29.750243" lon="-99.588436" />
      <trkpt lat="29.7505" lon="-99.588116" />
      <trkpt lat="29.750744" lon="-99.58788" />
      <trkpt lat="29.750978" lon="-99.587656" />
      <trkpt lat="29.751323" lon="-99.587424" />
      <trkpt lat="29.751705" lon="-99.587221" />
      <trkpt lat="29.752431" lon="-99.586914" />
      <trkpt lat="29.754767" lon="-99.586001" />
      <trkpt lat="29.755161" lon="-99.585822" />
      <trkpt lat="29.755395" lon="-99.585662" />
      <trkpt lat="29.755595" lon="-99.585487" />
      <trkpt lat="29.75581" lon="-99.58524" />
      <trkpt lat="29.75599" lon="-99.584996" />
      <trkpt lat="29.756139" lon="-99.584754" />
      <trkpt lat="29.756389" lon="-99.584267" />
      <trkpt lat="29.7574" lon="-99.582372" />
      <trkpt lat="29.758673" lon="-99.579933" />
      <trkpt lat="29.758813" lon="-99.579687" />
      <trkpt lat="29.758998" lon="-99.579328" />
      <trkpt lat="29.759107" lon="-99.579115" />
      <trkpt lat="29.75931" lon="-99.578723" />
      <trkpt lat="29.759396" lon="-99.578534" />
      <trkpt lat="29.759515" lon="-99.578269" />
      <trkpt lat="29.759641" lon="-99.577924" />
      <trkpt lat="29.759755" lon="-99.577543" />
      <trkpt lat="29.759832" lon="-99.577223" />
      <trkpt lat="29.759906" lon="-99.576863" />
      <trkpt lat="29.759952" lon="-99.576531" />
      <trkpt lat="29.759956" lon="-99.576503" />
      <trkpt lat="29.759981" lon="-99.576056" />
      <trkpt lat="29.759986" lon="-99.575547" />
      <trkpt lat="29.759971" lon="-99.575192" />
      <trkpt lat="29.759937" lon="-99.574862" />
      <trkpt lat="29.7599" lon="-99.574586" />
      <trkpt lat="29.75985" lon="-99.574355" />
      <trkpt lat="29.75973" lon="-99.573883" />
      <trkpt lat="29.759688" lon="-99.57373" />
      <trkpt lat="29.759243" lon="-99.572122" />
      <trkpt lat="29.758819" lon="-99.570692" />
      <trkpt lat="29.758555" lon="-99.569529" />
      <trkpt lat="29.758361" lon="-99.568314" />
      <trkpt lat="29.75826" lon="-99.567408" />
      <trkpt lat="29.75822" lon="-99.566923" />
      <trkpt lat="29.758184" lon="-99.566202" />
      <trkpt lat="29.758165" lon="-99.563544" />
      <trkpt lat="29.758164" lon="-99.563466" />
      <trkpt lat="29.758164" lon="-99.563347" />
      <trkpt lat="29.758163" lon="-99.563046" />
      <trkpt lat="29.758162" lon="-99.562945" />
      <trkpt lat="29.75801" lon="-99.56292" />
      <trkpt lat="29.7578" lon="-99.562873" />
      <trkpt lat="29.757705" lon="-99.562852" />
      <trkpt lat="29.757394" lon="-99.562761" />
      <trkpt lat="29.757031" lon="-99.562632" />
      <trkpt lat="29.756535" lon="-99.562424" />
      <trkpt lat="29.756087" lon="-99.562176" />
      <trkpt lat="29.754782" lon="-99.561398" />
      <trkpt lat="29.753826" lon="-99.560809" />
      <trkpt lat="29.753262" lon="-99.56047" />
      <trkpt lat="29.752718" lon="-99.560192" />
      <trkpt lat="29.752169" lon="-99.559977" />
      <trkpt lat="29.751242" lon="-99.559711" />
      <trkpt lat="29.75118" lon="-99.559697" />
      <trkpt lat="29.75042" lon="-99.559523" />
      <trkpt lat="29.749955" lon="-99.559383" />
      <trkpt lat="29.749056" lon="-99.559081" />
      <trkpt lat="29.748478" lon="-99.558755" />
      <trkpt lat="29.747922" lon="-99.558321" />
      <trkpt lat="29.743907" lon="-99.554932" />
      <trkpt lat="29.743704" lon="-99.55476" />
      <trkpt lat="29.743746" lon="-99.554681" />
      <trkpt lat="29.743782" lon="-99.554615" />
      <trkpt lat="29.743942" lon="-99.554321" />
      <trkpt lat="29.744112" lon="-99.554005" />
      <trkpt lat="29.744477" lon="-99.553342" />
      <trkpt lat="29.74464" lon="-99.553037" />
      <trkpt lat="29.744966" lon="-99.552426" />
      <trkpt lat="29.745209" lon="-99.551956" />
      <trkpt lat="29.74534" lon="-99.551709" />
      <trkpt lat="29.745871" lon="-99.550708" />
      <trkpt lat="29.746837" lon="-99.548886" />
      <trkpt lat="29.747253" lon="-99.548103" />
      <trkpt lat="29.747887" lon="-99.546707" />
      <trkpt lat="29.748494" lon="-99.545142" />
      <trkpt lat="29.749514" lon="-99.542539" />
      <trkpt lat="29.749586" lon="-99.542329" />
      <trkpt lat="29.750727" lon="-99.539644" />
      <trkpt lat="29.750891" lon="-99.5393" />
      <trkpt lat="29.751581" lon="-99.537696" />
      <trkpt lat="29.75193" lon="-99.536958" />
      <trkpt lat="29.752112" lon="-99.536604" />
      <trkpt lat="29.752262" lon="-99.536329" />
      <trkpt lat="29.752497" lon="-99.536022" />
      <trkpt lat="29.752911" lon="-99.535424" />
      <trkpt lat="29.753671" lon="-99.534539" />
      <trkpt lat="29.755814" lon="-99.532002" />
      <trkpt lat="29.756364" lon="-99.531346" />
      <trkpt lat="29.756693" lon="-99.530872" />
      <trkpt lat="29.756874" lon="-99.530599" />
      <trkpt lat="29.757117" lon="-99.53013" />
      <trkpt lat="29.757277" lon="-99.529796" />
      <trkpt lat="29.757444" lon="-99.529426" />
      <trkpt lat="29.757479" lon="-99.529228" />
      <trkpt lat="29.757575" lon="-99.528923" />
      <trkpt lat="29.757712" lon="-99.528223" />
      <trkpt lat="29.757794" lon="-99.527606" />
      <trkpt lat="29.757803" lon="-99.527167" />
      <trkpt lat="29.757785" lon="-99.526708" />
      <trkpt lat="29.757491" lon="-99.524351" />
      <trkpt lat="29.757464" lon="-99.524035" />
      <trkpt lat="29.757456" lon="-99.523718" />
      <trkpt lat="29.757482" lon="-99.523085" />
      <trkpt lat="29.757535" lon="-99.522616" />
      <trkpt lat="29.757622" lon="-99.522159" />
      <trkpt lat="29.757773" lon="-99.521591" />
      <trkpt lat="29.757777" lon="-99.521576" />
      <trkpt lat="29.757898" lon="-99.521277" />
      <trkpt lat="29.758011" lon="-99.521" />
      <trkpt lat="29.758098" lon="-99.520784" />
      <trkpt lat="29.75843" lon="-99.520054" />
      <trkpt lat="29.759314" lon="-99.518388" />
      <trkpt lat="29.760297" lon="-99.516513" />
      <trkpt lat="29.760529" lon="-99.516127" />
      <trkpt lat="29.760793" lon="-99.515733" />
      <trkpt lat="29.761896" lon="-99.514243" />
      <trkpt lat="29.762123" lon="-99.513874" />
      <trkpt lat="29.762259" lon="-99.513622" />
      <trkpt lat="29.762434" lon="-99.513243" />
      <trkpt lat="29.762576" lon="-99.512876" />
      <trkpt lat="29.763093" lon="-99.511279" />
      <trkpt lat="29.763324" lon="-99.51068" />
      <trkpt lat="29.763548" lon="-99.510184" />
      <trkpt lat="29.764364" lon="-99.508513" />
      <trkpt lat="29.764619" lon="-99.508102" />
      <trkpt lat="29.765033" lon="-99.507255" />
      <trkpt lat="29.765337" lon="-99.506568" />
      <trkpt lat="29.765646" lon="-99.505773" />
      <trkpt lat="29.765976" lon="-99.504807" />
      <trkpt lat="29.766174" lon="-99.504117" />
      <trkpt lat="29.766256" lon="-99.50379" />
      <trkpt lat="29.766354" lon="-99.503406" />
      <trkpt lat="29.766459" lon="-99.502907" />
      <trkpt lat="29.766486" lon="-99.502662" />
      <trkpt lat="29.766496" lon="-99.502591" />
      <trkpt lat="29.766587" lon="-99.502212" />
      <trkpt lat="29.766708" lon="-99.501408" />
      <trkpt lat="29.76679" lon="-99.500686" />
      <trkpt lat="29.766862" lon="-99.49946" />
      <trkpt lat="29.766873" lon="-99.498935" />
      <trkpt lat="29.766861" lon="-99.498557" />
      <trkpt lat="29.766786" lon="-99.498034" />
      <trkpt lat="29.766597" lon="-99.497184" />
      <trkpt lat="29.766532" lon="-99.496814" />
      <trkpt lat="29.76649" lon="-99.496397" />
      <trkpt lat="29.766489" lon="-99.496041" />
      <trkpt lat="29.766509" lon="-99.495528" />
      <trkpt lat="29.766635" lon="-99.493937" />
      <trkpt lat="29.766711" lon="-99.4933" />
      <trkpt lat="29.766733" lon="-99.493034" />
      <trkpt lat="29.766769" lon="-99.492589" />
      <trkpt lat="29.766839" lon="-99.4922" />
      <trkpt lat="29.766957" lon="-99.491822" />
      <trkpt lat="29.767118" lon="-99.491458" />
      <trkpt lat="29.767284" lon="-99.491149" />
      <trkpt lat="29.767572" lon="-99.490812" />
      <trkpt lat="29.767847" lon="-99.490545" />
      <trkpt lat="29.768054" lon="-99.490385" />
      <trkpt lat="29.768283" lon="-99.490244" />
      <trkpt lat="29.768643" lon="-99.49006" />
      <trkpt lat="29.768994" lon="-99.489828" />
      <trkpt lat="29.769206" lon="-99.489638" />
      <trkpt lat="29.769494" lon="-99.489311" />
      <trkpt lat="29.76953" lon="-99.48924" />
      <trkpt lat="29.769738" lon="-99.48895" />
      <trkpt lat="29.769872" lon="-99.488691" />
      <trkpt lat="29.770027" lon="-99.488274" />
      <trkpt lat="29.770075" lon="-99.488029" />
      <trkpt lat="29.770129" lon="-99.487834" />
      <trkpt lat="29.770168" lon="-99.487526" />
      <trkpt lat="29.770176" lon="-99.487039" />
      <trkpt lat="29.770104" lon="-99.486062" />
      <trkpt lat="29.770003" lon="-99.484762" />
      <trkpt lat="29.769937" lon="-99.483823" />
      <trkpt lat="29.769912" lon="-99.483052" />
      <trkpt lat="29.769941" lon="-99.482336" />
      <trkpt lat="29.770112" lon="-99.480429" />
      <trkpt lat="29.770128" lon="-99.480068" />
      <trkpt lat="29.770114" lon="-99.479707" />
      <trkpt lat="29.770082" lon="-99.479347" />
      <trkpt lat="29.769982" lon="-99.478814" />
      <trkpt lat="29.769827" lon="-99.47831" />
      <trkpt lat="29.769591" lon="-99.477702" />
      <trkpt lat="29.769463" lon="-99.477427" />
      <trkpt lat="29.769322" lon="-99.477173" />
      <trkpt lat="29.769162" lon="-99.476935" />
      <trkpt lat="29.768986" lon="-99.476712" />
      <trkpt lat="29.768791" lon="-99.476507" />
      <trkpt lat="29.768585" lon="-99.47632" />
      <trkpt lat="29.768396" lon="-99.476179" />
      <trkpt lat="29.768136" lon="-99.476011" />
      <trkpt lat="29.767795" lon="-99.475837" />
      <trkpt lat="29.767321" lon="-99.475701" />
      <trkpt lat="29.764907" lon="-99.47539" />
      <trkpt lat="29.764555" lon="-99.475327" />
      <trkpt lat="29.764331" lon="-99.475258" />
      <trkpt lat="29.764109" lon="-99.475163" />
      <trkpt lat="29.763891" lon="-99.475045" />
      <trkpt lat="29.763578" lon="-99.474814" />
      <trkpt lat="29.763297" lon="-99.474535" />
      <trkpt lat="29.763131" lon="-99.474328" />
      <trkpt lat="29.762978" lon="-99.474109" />
      <trkpt lat="29.762786" lon="-99.473745" />
      <trkpt lat="29.762623" lon="-99.473305" />
      <trkpt lat="29.762524" lon="-99.473056" />
      <trkpt lat="29.761599" lon="-99.470462" />
      <trkpt lat="29.76053" lon="-99.467418" />
      <trkpt lat="29.759547" lon="-99.464559" />
      <trkpt lat="29.759457" lon="-99.464214" />
      <trkpt lat="29.759384" lon="-99.463858" />
      <trkpt lat="29.759313" lon="-99.463308" />
      <trkpt lat="29.75929" lon="-99.462748" />
      <trkpt lat="29.759283" lon="-99.46257" />
      <trkpt lat="29.759299" lon="-99.462212" />
      <trkpt lat="29.759333" lon="-99.461864" />
      <trkpt lat="29.759383" lon="-99.461523" />
      <trkpt lat="29.759493" lon="-99.461012" />
      <trkpt lat="29.759696" lon="-99.460374" />
      <trkpt lat="29.759942" lon="-99.459788" />
      <trkpt lat="29.760101" lon="-99.459502" />
      <trkpt lat="29.760266" lon="-99.459205" />
      <trkpt lat="29.760454" lon="-99.458919" />
      <trkpt lat="29.760771" lon="-99.458514" />
      <trkpt lat="29.762516" lon="-99.456647" />
      <trkpt lat="29.762979" lon="-99.456103" />
      <trkpt lat="29.763184" lon="-99.455796" />
      <trkpt lat="29.763358" lon="-99.455464" />
      <trkpt lat="29.763433" lon="-99.45529" />
      <trkpt lat="29.763556" lon="-99.454931" />
      <trkpt lat="29.763647" lon="-99.454569" />
      <trkpt lat="29.766092" lon="-99.441202" />
      <trkpt lat="29.766213" lon="-99.440551" />
      <trkpt lat="29.766273" lon="-99.440233" />
      <trkpt lat="29.766352" lon="-99.439751" />
      <trkpt lat="29.766407" lon="-99.439384" />
      <trkpt lat="29.766709" lon="-99.436455" />
      <trkpt lat="29.766806" lon="-99.435866" />
      <trkpt lat="29.766951" lon="-99.43524" />
      <trkpt lat="29.767138" lon="-99.434627" />
      <trkpt lat="29.767219" lon="-99.434386" />
      <trkpt lat="29.767378" lon="-99.433984" />
      <trkpt lat="29.767567" lon="-99.433564" />
      <trkpt lat="29.768182" lon="-99.432363" />
      <trkpt lat="29.768422" lon="-99.431788" />
      <trkpt lat="29.768573" lon="-99.431349" />
      <trkpt lat="29.768641" lon="-99.431175" />
      <trkpt lat="29.769031" lon="-99.42995" />
      <trkpt lat="29.77008" lon="-99.426767" />
      <trkpt lat="29.770952" lon="-99.424124" />
      <trkpt lat="29.771259" lon="-99.423198" />
      <trkpt lat="29.771265" lon="-99.423181" />
      <trkpt lat="29.773393" lon="-99.416721" />
      <trkpt lat="29.773563" lon="-99.416204" />
      <trkpt lat="29.773804" lon="-99.415419" />
      <trkpt lat="29.774055" lon="-99.414428" />
      <trkpt lat="29.774161" lon="-99.413887" />
      <trkpt lat="29.77427" lon="-99.413158" />
      <trkpt lat="29.774295" lon="-99.412955" />
      <trkpt lat="29.774367" lon="-99.412251" />
      <trkpt lat="29.774402" lon="-99.411567" />
      <trkpt lat="29.774408" lon="-99.410751" />
      <trkpt lat="29.7744" lon="-99.410528" />
      <trkpt lat="29.7743" lon="-99.407996" />
      <trkpt lat="29.774298" lon="-99.407946" />
      <trkpt lat="29.774281" lon="-99.407451" />
      <trkpt lat="29.774253" lon="-99.405938" />
      <trkpt lat="29.774267" lon="-99.405016" />
      <trkpt lat="29.774319" lon="-99.404656" />
      <trkpt lat="29.774376" lon="-99.404355" />
      <trkpt lat="29.774471" lon="-99.403997" />
      <trkpt lat="29.774608" lon="-99.403612" />
      <trkpt lat="29.774776" lon="-99.403238" />
      <trkpt lat="29.77505" lon="-99.402755" />
      <trkpt lat="29.775495" lon="-99.40208" />
      <trkpt lat="29.775548" lon="-99.402005" />
      <trkpt lat="29.775846" lon="-99.40158" />
      <trkpt lat="29.775982" lon="-99.401344" />
      <trkpt lat="29.776108" lon="-99.401079" />
      <trkpt lat="29.776217" lon="-99.400791" />
      <trkpt lat="29.776308" lon="-99.400486" />
      <trkpt lat="29.776375" lon="-99.400171" />
      <trkpt lat="29.776415" lon="-99.399845" />
      <trkpt lat="29.776428" lon="-99.399353" />
      <trkpt lat="29.776408" lon="-99.398891" />
      <trkpt lat="29.776408" lon="-99.398873" />
      <trkpt lat="29.776327" lon="-99.396996" />
      <trkpt lat="29.776088" lon="-99.391429" />
      <trkpt lat="29.775986" lon="-99.389057" />
      <trkpt lat="29.775988" lon="-99.388911" />
      <trkpt lat="29.775992" lon="-99.388682" />
      <trkpt lat="29.776022" lon="-99.388303" />
      <trkpt lat="29.776124" lon="-99.387737" />
      <trkpt lat="29.776228" lon="-99.387369" />
      <trkpt lat="29.776358" lon="-99.38701" />
      <trkpt lat="29.776515" lon="-99.386664" />
      <trkpt lat="29.776701" lon="-99.386334" />
      <trkpt lat="29.776908" lon="-99.386026" />
      <trkpt lat="29.777137" lon="-99.385742" />
      <trkpt lat="29.777383" lon="-99.385486" />
      <trkpt lat="29.777642" lon="-99.385253" />
      <trkpt lat="29.777914" lon="-99.385049" />
      <trkpt lat="29.778202" lon="-99.384874" />
      <trkpt lat="29.778652" lon="-99.384658" />
      <trkpt lat="29.782268" lon="-99.383117" />
      <trkpt lat="29.782722" lon="-99.38287" />
      <trkpt lat="29.782964" lon="-99.382689" />
      <trkpt lat="29.783117" lon="-99.382574" />
      <trkpt lat="29.783361" lon="-99.38235" />
      <trkpt lat="29.783597" lon="-99.382094" />
      <trkpt lat="29.783812" lon="-99.381821" />
      <trkpt lat="29.784012" lon="-99.381522" />
      <trkpt lat="29.784193" lon="-99.38119" />
      <trkpt lat="29.784353" lon="-99.380826" />
      <trkpt lat="29.784496" lon="-99.380431" />
      <trkpt lat="29.784574" lon="-99.380154" />
      <trkpt lat="29.784662" lon="-99.379677" />
      <trkpt lat="29.784685" lon="-99.379382" />
      <trkpt lat="29.784716" lon="-99.379028" />
      <trkpt lat="29.784711" lon="-99.373" />
      <trkpt lat="29.78473" lon="-99.372254" />
      <trkpt lat="29.78483" lon="-99.371619" />
      <trkpt lat="29.785335" lon="-99.368926" />
      <trkpt lat="29.785744" lon="-99.366651" />
      <trkpt lat="29.786173" lon="-99.364161" />
      <trkpt lat="29.786247" lon="-99.363701" />
      <trkpt lat="29.786271" lon="-99.363456" />
      <trkpt lat="29.786346" lon="-99.362878" />
      <trkpt lat="29.786442" lon="-99.361952" />
      <trkpt lat="29.786518" lon="-99.361321" />
      <trkpt lat="29.786545" lon="-99.361105" />
      <trkpt lat="29.786597" lon="-99.360737" />
      <trkpt lat="29.786829" lon="-99.359205" />
      <trkpt lat="29.787237" lon="-99.356158" />
      <trkpt lat="29.787451" lon="-99.354655" />
      <trkpt lat="29.788029" lon="-99.350635" />
      <trkpt lat="29.788201" lon="-99.349186" />
      <trkpt lat="29.78839" lon="-99.347195" />
      <trkpt lat="29.788453" lon="-99.346688" />
      <trkpt lat="29.789292" lon="-99.33872" />
      <trkpt lat="29.789587" lon="-99.335775" />
      <trkpt lat="29.78968" lon="-99.334966" />
      <trkpt lat="29.789866" lon="-99.333169" />
      <trkpt lat="29.78995" lon="-99.332523" />
      <trkpt lat="29.790102" lon="-99.331866" />
      <trkpt lat="29.790487" lon="-99.330571" />
      <trkpt lat="29.790636" lon="-99.330208" />
      <trkpt lat="29.790667" lon="-99.330133" />
      <trkpt lat="29.790811" lon="-99.329869" />
      <trkpt lat="29.79105" lon="-99.329512" />
      <trkpt lat="29.791225" lon="-99.329299" />
      <trkpt lat="29.791905" lon="-99.328538" />
      <trkpt lat="29.79234" lon="-99.328033" />
      <trkpt lat="29.792583" lon="-99.327797" />
      <trkpt lat="29.792912" lon="-99.327326" />
      <trkpt lat="29.793132" lon="-99.326918" />
      <trkpt lat="29.793355" lon="-99.326373" />
      <trkpt lat="29.79556" lon="-99.320333" />
      <trkpt lat="29.795709" lon="-99.319953" />
      <trkpt lat="29.795845" lon="-99.319657" />
      <trkpt lat="29.796196" lon="-99.319134" />
      <trkpt lat="29.796533" lon="-99.31873" />
      <trkpt lat="29.797952" lon="-99.317361" />
      <trkpt lat="29.798169" lon="-99.317129" />
      <trkpt lat="29.798372" lon="-99.31688" />
      <trkpt lat="29.798557" lon="-99.316613" />
      <trkpt lat="29.798724" lon="-99.316332" />
      <trkpt lat="29.798874" lon="-99.316037" />
      <trkpt lat="29.799004" lon="-99.315729" />
      <trkpt lat="29.799081" lon="-99.315512" />
      <trkpt lat="29.799223" lon="-99.315084" />
      <trkpt lat="29.799835" lon="-99.313237" />
      <trkpt lat="29.800157" lon="-99.312291" />
      <trkpt lat="29.800276" lon="-99.311902" />
      <trkpt lat="29.800368" lon="-99.311503" />
      <trkpt lat="29.800457" lon="-99.310932" />
      <trkpt lat="29.800493" lon="-99.310477" />
      <trkpt lat="29.800499" lon="-99.310175" />
      <trkpt lat="29.800466" lon="-99.309435" />
      <trkpt lat="29.800413" lon="-99.309037" />
      <trkpt lat="29.800358" lon="-99.308754" />
      <trkpt lat="29.800223" lon="-99.308199" />
      <trkpt lat="29.799606" lon="-99.30596" />
      <trkpt lat="29.799434" lon="-99.305338" />
      <trkpt lat="29.799145" lon="-99.304288" />
      <trkpt lat="29.799052" lon="-99.303951" />
      <trkpt lat="29.798172" lon="-99.300826" />
      <trkpt lat="29.797876" lon="-99.299774" />
      <trkpt lat="29.797806" lon="-99.299478" />
      <trkpt lat="29.797762" lon="-99.299173" />
      <trkpt lat="29.797743" lon="-99.298853" />
      <trkpt lat="29.797743" lon="-99.298687" />
      <trkpt lat="29.79775" lon="-99.298524" />
      <trkpt lat="29.797793" lon="-99.298191" />
      <trkpt lat="29.797875" lon="-99.29786" />
      <trkpt lat="29.798052" lon="-99.297369" />
      <trkpt lat="29.798325" lon="-99.296735" />
      <trkpt lat="29.7987" lon="-99.295835" />
      <trkpt lat="29.798808" lon="-99.29554" />
      <trkpt lat="29.798922" lon="-99.295199" />
      <trkpt lat="29.799006" lon="-99.294848" />
      <trkpt lat="29.799059" lon="-99.294487" />
      <trkpt lat="29.799074" lon="-99.294118" />
      <trkpt lat="29.799022" lon="-99.292662" />
      <trkpt lat="29.798981" lon="-99.292312" />
      <trkpt lat="29.798909" lon="-99.291978" />
      <trkpt lat="29.798799" lon="-99.291715" />
      <trkpt lat="29.798739" lon="-99.29151" />
      <trkpt lat="29.798508" lon="-99.291081" />
      <trkpt lat="29.797573" lon="-99.289785" />
      <trkpt lat="29.797427" lon="-99.289527" />
      <trkpt lat="29.797272" lon="-99.289202" />
      <trkpt lat="29.797206" lon="-99.289022" />
      <trkpt lat="29.797131" lon="-99.288754" />
      <trkpt lat="29.797064" lon="-99.288414" />
      <trkpt lat="29.797058" lon="-99.288302" />
      <trkpt lat="29.797032" lon="-99.288023" />
      <trkpt lat="29.796928" lon="-99.285205" />
      <trkpt lat="29.796909" lon="-99.284128" />
      <trkpt lat="29.796877" lon="-99.283791" />
      <trkpt lat="29.796827" lon="-99.283467" />
      <trkpt lat="29.796561" lon="-99.282166" />
      <trkpt lat="29.796498" lon="-99.281757" />
      <trkpt lat="29.796472" lon="-99.281434" />
      <trkpt lat="29.796453" lon="-99.280144" />
      <trkpt lat="29.796386" lon="-99.279432" />
      <trkpt lat="29.796006" lon="-99.277425" />
      <trkpt lat="29.795897" lon="-99.277021" />
      <trkpt lat="29.795752" lon="-99.276614" />
      <trkpt lat="29.795502" lon="-99.275914" />
      <trkpt lat="29.795364" lon="-99.275482" />
      <trkpt lat="29.795294" lon="-99.275173" />
      <trkpt lat="29.795234" lon="-99.274682" />
      <trkpt lat="29.795232" lon="-99.274183" />
      <trkpt lat="29.795296" lon="-99.273676" />
      <trkpt lat="29.795638" lon="-99.272104" />
      <trkpt lat="29.795806" lon="-99.271278" />
      <trkpt lat="29.795933" lon="-99.270711" />
      <trkpt lat="29.796026" lon="-99.270296" />
      <trkpt lat="29.796082" lon="-99.269691" />
      <trkpt lat="29.796074" lon="-99.26936" />
      <trkpt lat="29.796066" lon="-99.269061" />
      <trkpt lat="29.796002" lon="-99.268599" />
      <trkpt lat="29.795901" lon="-99.268149" />
      <trkpt lat="29.795074" lon="-99.265056" />
      <trkpt lat="29.795004" lon="-99.264792" />
      <trkpt lat="29.794922" lon="-99.264498" />
      <trkpt lat="29.794899" lon="-99.264304" />
      <trkpt lat="29.794897" lon="-99.264082" />
      <trkpt lat="29.794903" lon="-99.263822" />
      <trkpt lat="29.794961" lon="-99.263445" />
      <trkpt lat="29.79501" lon="-99.2632" />
      <trkpt lat="29.79508" lon="-99.262963" />
      <trkpt lat="29.795358" lon="-99.262337" />
      <trkpt lat="29.795598" lon="-99.261991" />
      <trkpt lat="29.796168" lon="-99.26143" />
      <trkpt lat="29.796415" lon="-99.261206" />
      <trkpt lat="29.796702" lon="-99.261009" />
      <trkpt lat="29.797384" lon="-99.260441" />
      <trkpt lat="29.798513" lon="-99.259511" />
      <trkpt lat="29.798724" lon="-99.259289" />
      <trkpt lat="29.799015" lon="-99.258859" />
      <trkpt lat="29.799111" lon="-99.258682" />
      <trkpt lat="29.799248" lon="-99.25834" />
      <trkpt lat="29.799327" lon="-99.258088" />
      <trkpt lat="29.799382" lon="-99.257696" />
      <trkpt lat="29.799401" lon="-99.257458" />
      <trkpt lat="29.799414" lon="-99.256986" />
      <trkpt lat="29.79942" lon="-99.256733" />
      <trkpt lat="29.799489" lon="-99.255614" />
      <trkpt lat="29.799536" lon="-99.255016" />
      <trkpt lat="29.799593" lon="-99.254579" />
      <trkpt lat="29.799668" lon="-99.254144" />
      <trkpt lat="29.799762" lon="-99.253714" />
      <trkpt lat="29.800047" lon="-99.252554" />
      <trkpt lat="29.800115" lon="-99.252322" />
      <trkpt lat="29.800131" lon="-99.252268" />
      <trkpt lat="29.799679" lon="-99.251941" />
      <trkpt lat="29.799482" lon="-99.251773" />
      <trkpt lat="29.799401" lon="-99.251683" />
      <trkpt lat="29.799299" lon="-99.251583" />
      <trkpt lat="29.798994" lon="-99.251225" />
      <trkpt lat="29.798335" lon="-99.250328" />
      <trkpt lat="29.798216" lon="-99.250157" />
      <trkpt lat="29.798053" lon="-99.249921" />
      <trkpt lat="29.797639" lon="-99.249322" />
      <trkpt lat="29.797552" lon="-99.249197" />
      <trkpt lat="29.797304" lon="-99.248604" />
      <trkpt lat="29.797261" lon="-99.248503" />
      <trkpt lat="29.797257" lon="-99.248494" />
      <trkpt lat="29.797077" lon="-99.247988" />
      <trkpt lat="29.79701" lon="-99.247834" />
      <trkpt lat="29.796888" lon="-99.247535" />
      <trkpt lat="29.796531" lon="-99.246673" />
      <trkpt lat="29.79631" lon="-99.246819" />
      <trkpt lat="29.796013" lon="-99.247025" />
    </trkseg>
  </trk>
</gpx>